0
SECTION
2
HEADER
9
$ACADVER
1
AC1009
0
ENDSEC
0
SECTION
2
ENTITIES
0
POLYLINE
8
0
62
0
70
1
10
0
20
0
30
0
0
VERTEX
8
0
10
0
20
0
30
0
0
VERTEX
8
0
10
0
20
116.187
30
0
0
VERTEX
8
0
10
179.2
20
116.187
30
0
0
VERTEX
8
0
10
179.2
20
0
30
0
0
SEQEND
8
0
0
TEXT
8
0
62
0
10
0
20
-12
30
0
40
8
1
0
50
0
0
LINE
8
0
62
0
10
10.4144570331002
20
0
30
0
11
10.4144570331002
21
3.2
31
0
0
LINE
8
0
62
0
10
10.4144570331002
20
116.187
30
0
11
10.4144570331002
21
112.987
31
0
0
LINE
8
0
62
0
10
20.8289140662004
20
0
30
0
11
20.8289140662004
21
3.2
31
0
0
LINE
8
0
62
0
10
20.8289140662004
20
116.187
30
0
11
20.8289140662004
21
112.987
31
0
0
LINE
8
0
62
0
10
31.2433710993006
20
0
30
0
11
31.2433710993006
21
3.2
31
0
0
LINE
8
0
62
0
10
31.2433710993006
20
116.187
30
0
11
31.2433710993006
21
112.987
31
0
0
LINE
8
0
62
0
10
41.6578281324008
20
0
30
0
11
41.6578281324008
21
3.2
31
0
0
LINE
8
0
62
0
10
41.6578281324008
20
116.187
30
0
11
41.6578281324008
21
112.987
31
0
0
LINE
8
0
62
0
10
52.0722851655009
20
0
30
0
11
52.0722851655009
21
6.4
31
0
0
LINE
8
0
62
0
10
52.0722851655009
20
116.187
30
0
11
52.0722851655009
21
109.787
31
0
0
TEXT
8
0
62
0
10
52.0722851655009
20
-12
30
0
40
8
1
2
50
0
0
LINE
8
0
62
0
10
62.4867421986011
20
0
30
0
11
62.4867421986011
21
3.2
31
0
0
LINE
8
0
62
0
10
62.4867421986011
20
116.187
30
0
11
62.4867421986011
21
112.987
31
0
0
LINE
8
0
62
0
10
72.9011992317013
20
0
30
0
11
72.9011992317013
21
3.2
31
0
0
LINE
8
0
62
0
10
72.9011992317013
20
116.187
30
0
11
72.9011992317013
21
112.987
31
0
0
LINE
8
0
62
0
10
83.3156562648015
20
0
30
0
11
83.3156562648015
21
3.2
31
0
0
LINE
8
0
62
0
10
83.3156562648015
20
116.187
30
0
11
83.3156562648015
21
112.987
31
0
0
LINE
8
0
62
0
10
93.7301132979017
20
0
30
0
11
93.7301132979017
21
3.2
31
0
0
LINE
8
0
62
0
10
93.7301132979017
20
116.187
30
0
11
93.7301132979017
21
112.987
31
0
0
LINE
8
0
62
0
10
104.144570331002
20
0
30
0
11
104.144570331002
21
6.4
31
0
0
LINE
8
0
62
0
10
104.144570331002
20
116.187
30
0
11
104.144570331002
21
109.787
31
0
0
TEXT
8
0
62
0
10
104.144570331002
20
-12
30
0
40
8
1
4
50
0
0
LINE
8
0
62
0
10
114.559027364102
20
0
30
0
11
114.559027364102
21
3.2
31
0
0
LINE
8
0
62
0
10
114.559027364102
20
116.187
30
0
11
114.559027364102
21
112.987
31
0
0
LINE
8
0
62
0
10
124.973484397202
20
0
30
0
11
124.973484397202
21
3.2
31
0
0
LINE
8
0
62
0
10
124.973484397202
20
116.187
30
0
11
124.973484397202
21
112.987
31
0
0
LINE
8
0
62
0
10
135.387941430302
20
0
30
0
11
135.387941430302
21
3.2
31
0
0
LINE
8
0
62
0
10
135.387941430302
20
116.187
30
0
11
135.387941430302
21
112.987
31
0
0
LINE
8
0
62
0
10
145.802398463403
20
0
30
0
11
145.802398463403
21
3.2
31
0
0
LINE
8
0
62
0
10
145.802398463403
20
116.187
30
0
11
145.802398463403
21
112.987
31
0
0
LINE
8
0
62
0
10
156.216855496503
20
0
30
0
11
156.216855496503
21
6.4
31
0
0
LINE
8
0
62
0
10
156.216855496503
20
116.187
30
0
11
156.216855496503
21
109.787
31
0
0
TEXT
8
0
62
0
10
156.216855496503
20
-12
30
0
40
8
1
6
50
0
0
LINE
8
0
62
0
10
166.631312529603
20
0
30
0
11
166.631312529603
21
3.2
31
0
0
LINE
8
0
62
0
10
166.631312529603
20
116.187
30
0
11
166.631312529603
21
112.987
31
0
0
LINE
8
0
62
0
10
177.045769562703
20
0
30
0
11
177.045769562703
21
3.2
31
0
0
LINE
8
0
62
0
10
177.045769562703
20
116.187
30
0
11
177.045769562703
21
112.987
31
0
0
TEXT
8
0
62
0
10
-4
20
-4
30
0
40
8
1
0
50
0
0
LINE
8
0
62
0
10
0
20
4.64748
30
0
11
3.2
21
4.64748
31
0
0
LINE
8
0
62
0
10
179.2
20
4.64748
30
0
11
176
21
4.64748
31
0
0
LINE
8
0
62
0
10
0
20
9.29496
30
0
11
3.2
21
9.29496
31
0
0
LINE
8
0
62
0
10
179.2
20
9.29496
30
0
11
176
21
9.29496
31
0
0
LINE
8
0
62
0
10
0
20
13.94244
30
0
11
3.2
21
13.94244
31
0
0
LINE
8
0
62
0
10
179.2
20
13.94244
30
0
11
176
21
13.94244
31
0
0
LINE
8
0
62
0
10
0
20
18.58992
30
0
11
3.2
21
18.58992
31
0
0
LINE
8
0
62
0
10
179.2
20
18.58992
30
0
11
176
21
18.58992
31
0
0
LINE
8
0
62
0
10
0
20
23.2374
30
0
11
6.4
21
23.2374
31
0
0
LINE
8
0
62
0
10
179.2
20
23.2374
30
0
11
172.8
21
23.2374
31
0
0
TEXT
8
0
62
0
10
-4
20
19.2374
30
0
40
8
1
10
50
0
0
LINE
8
0
62
0
10
0
20
27.88488
30
0
11
3.2
21
27.88488
31
0
0
LINE
8
0
62
0
10
179.2
20
27.88488
30
0
11
176
21
27.88488
31
0
0
LINE
8
0
62
0
10
0
20
32.53236
30
0
11
3.2
21
32.53236
31
0
0
LINE
8
0
62
0
10
179.2
20
32.53236
30
0
11
176
21
32.53236
31
0
0
LINE
8
0
62
0
10
0
20
37.17984
30
0
11
3.2
21
37.17984
31
0
0
LINE
8
0
62
0
10
179.2
20
37.17984
30
0
11
176
21
37.17984
31
0
0
LINE
8
0
62
0
10
0
20
41.82732
30
0
11
3.2
21
41.82732
31
0
0
LINE
8
0
62
0
10
179.2
20
41.82732
30
0
11
176
21
41.82732
31
0
0
LINE
8
0
62
0
10
0
20
46.4748
30
0
11
6.4
21
46.4748
31
0
0
LINE
8
0
62
0
10
179.2
20
46.4748
30
0
11
172.8
21
46.4748
31
0
0
TEXT
8
0
62
0
10
-4
20
42.4748
30
0
40
8
1
20
50
0
0
LINE
8
0
62
0
10
0
20
51.12228
30
0
11
3.2
21
51.12228
31
0
0
LINE
8
0
62
0
10
179.2
20
51.12228
30
0
11
176
21
51.12228
31
0
0
LINE
8
0
62
0
10
0
20
55.76976
30
0
11
3.2
21
55.76976
31
0
0
LINE
8
0
62
0
10
179.2
20
55.76976
30
0
11
176
21
55.76976
31
0
0
LINE
8
0
62
0
10
0
20
60.41724
30
0
11
3.2
21
60.41724
31
0
0
LINE
8
0
62
0
10
179.2
20
60.41724
30
0
11
176
21
60.41724
31
0
0
LINE
8
0
62
0
10
0
20
65.06472
30
0
11
3.2
21
65.06472
31
0
0
LINE
8
0
62
0
10
179.2
20
65.06472
30
0
11
176
21
65.06472
31
0
0
LINE
8
0
62
0
10
0
20
69.7122
30
0
11
6.4
21
69.7122
31
0
0
LINE
8
0
62
0
10
179.2
20
69.7122
30
0
11
172.8
21
69.7122
31
0
0
TEXT
8
0
62
0
10
-4
20
65.7122
30
0
40
8
1
30
50
0
0
LINE
8
0
62
0
10
0
20
74.35968
30
0
11
3.2
21
74.35968
31
0
0
LINE
8
0
62
0
10
179.2
20
74.35968
30
0
11
176
21
74.35968
31
0
0
LINE
8
0
62
0
10
0
20
79.00716
30
0
11
3.2
21
79.00716
31
0
0
LINE
8
0
62
0
10
179.2
20
79.00716
30
0
11
176
21
79.00716
31
0
0
LINE
8
0
62
0
10
0
20
83.65464
30
0
11
3.2
21
83.65464
31
0
0
LINE
8
0
62
0
10
179.2
20
83.65464
30
0
11
176
21
83.65464
31
0
0
LINE
8
0
62
0
10
0
20
88.30212
30
0
11
3.2
21
88.30212
31
0
0
LINE
8
0
62
0
10
179.2
20
88.30212
30
0
11
176
21
88.30212
31
0
0
LINE
8
0
62
0
10
0
20
92.9496
30
0
11
6.4
21
92.9496
31
0
0
LINE
8
0
62
0
10
179.2
20
92.9496
30
0
11
172.8
21
92.9496
31
0
0
TEXT
8
0
62
0
10
-4
20
88.9496
30
0
40
8
1
40
50
0
0
LINE
8
0
62
0
10
0
20
97.59708
30
0
11
3.2
21
97.59708
31
0
0
LINE
8
0
62
0
10
179.2
20
97.59708
30
0
11
176
21
97.59708
31
0
0
LINE
8
0
62
0
10
0
20
102.24456
30
0
11
3.2
21
102.24456
31
0
0
LINE
8
0
62
0
10
179.2
20
102.24456
30
0
11
176
21
102.24456
31
0
0
LINE
8
0
62
0
10
0
20
106.89204
30
0
11
3.2
21
106.89204
31
0
0
LINE
8
0
62
0
10
179.2
20
106.89204
30
0
11
176
21
106.89204
31
0
0
LINE
8
0
62
0
10
0
20
111.53952
30
0
11
3.2
21
111.53952
31
0
0
LINE
8
0
62
0
10
179.2
20
111.53952
30
0
11
176
21
111.53952
31
0
0
TEXT
8
0
62
0
10
-4
20
112.187
30
0
40
8
1
50
50
0
0
TEXT
8
0
62
0
10
89.6
20
-32
30
0
40
10
1
R (kpc)
50
0
0
TEXT
8
0
62
0
10
-24
20
58.0935
30
0
40
10
1
V (km/s)
50
90
0
TEXT
8
0
62
0
10
72.6
20
131.187
30
0
40
11
1
V vs. R
50
0
0
POLYLINE
8
0
62
5
70
0
10
0
20
0
30
0
0
VERTEX
8
0
10
13.7991555688578
20
19.1485501626647
30
0
0
VERTEX
8
0
10
14.0595169946853
20
19.2174835454006
30
0
0
VERTEX
8
0
10
14.3198784205128
20
19.2864169281365
30
0
0
VERTEX
8
0
10
14.5802398463403
20
19.3553503108724
30
0
0
VERTEX
8
0
10
14.8406012721678
20
19.4242836936083
30
0
0
VERTEX
8
0
10
15.1009626979953
20
19.4932170763442
30
0
0
VERTEX
8
0
10
15.3613241238228
20
19.5621504590801
30
0
0
VERTEX
8
0
10
15.6216855496503
20
19.631083841816
30
0
0
VERTEX
8
0
10
15.8820469754778
20
19.7000172245519
30
0
0
VERTEX
8
0
10
16.1424084013053
20
19.7689506072878
30
0
0
VERTEX
8
0
10
16.4027698271328
20
19.8378839900237
30
0
0
VERTEX
8
0
10
16.6631312529603
20
19.9068173727596
30
0
0
VERTEX
8
0
10
16.9234926787878
20
19.9746050070103
30
0
0
VERTEX
8
0
10
17.1838541046153
20
20.0424610091557
30
0
0
VERTEX
8
0
10
17.4442155304428
20
20.110317011301
30
0
0
VERTEX
8
0
10
17.7045769562703
20
20.1781730134463
30
0
0
VERTEX
8
0
10
17.9649383820978
20
20.2460290155917
30
0
0
VERTEX
8
0
10
18.2252998079253
20
20.313885017737
30
0
0
VERTEX
8
0
10
18.4856612337528
20
20.3817410198823
30
0
0
VERTEX
8
0
10
18.7460226595803
20
20.4495970220277
30
0
0
VERTEX
8
0
10
19.0063840854078
20
20.517453024173
30
0
0
VERTEX
8
0
10
19.2667455112354
20
20.5853090263183
30
0
0
VERTEX
8
0
10
19.5271069370629
20
20.6541651157216
30
0
0
VERTEX
8
0
10
19.7874683628904
20
20.7230984984575
30
0
0
VERTEX
8
0
10
20.0478297887179
20
20.7920318811934
30
0
0
VERTEX
8
0
10
20.3081912145454
20
20.8609652639293
30
0
0
VERTEX
8
0
10
20.5685526403729
20
20.9298986466652
30
0
0
VERTEX
8
0
10
20.8289140662004
20
20.9988320294011
30
0
0
VERTEX
8
0
10
21.0892754920279
20
21.067765412137
30
0
0
VERTEX
8
0
10
21.3496369178554
20
21.1366987948729
30
0
0
VERTEX
8
0
10
21.6099983436829
20
21.2056321776088
30
0
0
VERTEX
8
0
10
21.8703597695104
20
21.2745655603447
30
0
0
VERTEX
8
0
10
22.1307211953379
20
21.3426444693393
30
0
0
VERTEX
8
0
10
22.3910826211654
20
21.4105004714847
30
0
0
VERTEX
8
0
10
22.6514440469929
20
21.47835647363
30
0
0
VERTEX
8
0
10
22.9118054728204
20
21.5462124757753
30
0
0
VERTEX
8
0
10
23.1721668986479
20
21.6140684779206
30
0
0
VERTEX
8
0
10
23.4325283244754
20
21.681924480066
30
0
0
VERTEX
8
0
10
23.6928897503029
20
21.7497804822113
30
0
0
VERTEX
8
0
10
23.9532511761304
20
21.8176364843566
30
0
0
VERTEX
8
0
10
24.2136126019579
20
21.885492486502
30
0
0
VERTEX
8
0
10
24.4739740277855
20
21.9533484886473
30
0
0
VERTEX
8
0
10
24.734335453613
20
21.9857717607712
30
0
0
VERTEX
8
0
10
24.9946968794405
20
21.9997707346659
30
0
0
VERTEX
8
0
10
25.255058305268
20
22.0137697085606
30
0
0
VERTEX
8
0
10
25.5154197310955
20
22.0277686824553
30
0
0
VERTEX
8
0
10
25.775781156923
20
22.04176765635
30
0
0
VERTEX
8
0
10
26.0361425827505
20
22.0557666302447
30
0
0
VERTEX
8
0
10
26.296504008578
20
22.0697656041394
30
0
0
VERTEX
8
0
10
26.5568654344055
20
22.0837645780341
30
0
0
VERTEX
8
0
10
26.817226860233
20
22.0977635519288
30
0
0
VERTEX
8
0
10
27.0775882860605
20
22.1117625258235
30
0
0
VERTEX
8
0
10
27.337949711888
20
22.092699436826
30
0
0
VERTEX
8
0
10
27.5983111377155
20
22.0431773695968
30
0
0
VERTEX
8
0
10
27.858672563543
20
21.9936553023677
30
0
0
VERTEX
8
0
10
28.1190339893705
20
21.9441332351385
30
0
0
VERTEX
8
0
10
28.379395415198
20
21.8946111679093
30
0
0
VERTEX
8
0
10
28.6397568410255
20
21.8450891006802
30
0
0
VERTEX
8
0
10
28.900118266853
20
21.795567033451
30
0
0
VERTEX
8
0
10
29.1604796926805
20
21.7460449662218
30
0
0
VERTEX
8
0
10
29.420841118508
20
21.6965228989927
30
0
0
VERTEX
8
0
10
29.6812025443356
20
21.6470008317635
30
0
0
VERTEX
8
0
10
29.9415639701631
20
21.5974787645343
30
0
0
VERTEX
8
0
10
30.2019253959906
20
21.5518119518982
30
0
0
VERTEX
8
0
10
30.4622868218181
20
21.5050826092555
30
0
0
VERTEX
8
0
10
30.7226482476456
20
21.4583532666127
30
0
0
VERTEX
8
0
10
30.9830096734731
20
21.41162392397
30
0
0
VERTEX
8
0
10
31.2433710993006
20
21.3648945813273
30
0
0
VERTEX
8
0
10
31.5037325251281
20
21.3181652386846
30
0
0
VERTEX
8
0
10
31.7640939509556
20
21.2714358960418
30
0
0
VERTEX
8
0
10
32.0244553767831
20
21.2247065533991
30
0
0
VERTEX
8
0
10
32.2848168026106
20
21.1779772107564
30
0
0
VERTEX
8
0
10
32.5451782284381
20
21.1312478681137
30
0
0
VERTEX
8
0
10
32.8055396542656
20
21.0780455860906
30
0
0
VERTEX
8
0
10
33.0659010800931
20
21.0256796166637
30
0
0
VERTEX
8
0
10
33.3262625059206
20
20.9733136472368
30
0
0
VERTEX
8
0
10
33.5866239317481
20
20.9209476778099
30
0
0
VERTEX
8
0
10
33.8469853575756
20
20.8685817083829
30
0
0
VERTEX
8
0
10
34.1073467834031
20
20.816215738956
30
0
0
VERTEX
8
0
10
34.3677082092306
20
20.7638497695291
30
0
0
VERTEX
8
0
10
34.6280696350581
20
20.7114838001022
30
0
0
VERTEX
8
0
10
34.8884310608857
20
20.6591178306752
30
0
0
VERTEX
8
0
10
35.1487924867132
20
20.6067518612483
30
0
0
VERTEX
8
0
10
35.4091539125407
20
20.5563309302061
30
0
0
VERTEX
8
0
10
35.6695153383682
20
20.505732517273
30
0
0
VERTEX
8
0
10
35.9298767641957
20
20.4551341043399
30
0
0
VERTEX
8
0
10
36.1902381900232
20
20.4045356914069
30
0
0
VERTEX
8
0
10
36.4505996158507
20
20.3539372784738
30
0
0
VERTEX
8
0
10
36.7109610416782
20
20.3033388655407
30
0
0
VERTEX
8
0
10
36.9713224675057
20
20.2527404526077
30
0
0
VERTEX
8
0
10
37.2316838933332
20
20.2021420396746
30
0
0
VERTEX
8
0
10
37.4920453191607
20
20.1515436267415
30
0
0
VERTEX
8
0
10
37.7524067449882
20
20.1009452138085
30
0
0
VERTEX
8
0
10
38.0127681708157
20
20.0555151815849
30
0
0
VERTEX
8
0
10
38.2731295966432
20
20.010298591186
30
0
0
VERTEX
8
0
10
38.5334910224707
20
19.9650820007871
30
0
0
VERTEX
8
0
10
38.7938524482982
20
19.9198654103882
30
0
0
VERTEX
8
0
10
39.0542138741257
20
19.8746488199893
30
0
0
VERTEX
8
0
10
39.3145752999532
20
19.8294322295904
30
0
0
VERTEX
8
0
10
39.5749367257807
20
19.7842156391915
30
0
0
VERTEX
8
0
10
39.8352981516082
20
19.7389990487926
30
0
0
VERTEX
8
0
10
40.0956595774358
20
19.6937824583937
30
0
0
VERTEX
8
0
10
40.3560210032633
20
19.6485658679948
30
0
0
VERTEX
8
0
10
40.6163824290908
20
19.6042324481427
30
0
0
VERTEX
8
0
10
40.8767438549183
20
19.5600922504556
30
0
0
VERTEX
8
0
10
41.1371052807458
20
19.5159520527686
30
0
0
VERTEX
8
0
10
41.3974667065733
20
19.4718118550815
30
0
0
VERTEX
8
0
10
41.6578281324008
20
19.4276716573944
30
0
0
VERTEX
8
0
10
41.9181895582283
20
19.3835314597074
30
0
0
VERTEX
8
0
10
42.1785509840558
20
19.3393912620203
30
0
0
VERTEX
8
0
10
42.4389124098833
20
19.2952510643332
30
0
0
VERTEX
8
0
10
42.6992738357108
20
19.2511108666462
30
0
0
VERTEX
8
0
10
42.9596352615383
20
19.2069706689591
30
0
0
VERTEX
8
0
10
43.2199966873658
20
19.162830471272
30
0
0
VERTEX
8
0
10
43.4803581131933
20
19.118690273585
30
0
0
VERTEX
8
0
10
43.7407195390208
20
19.0745500758979
30
0
0
VERTEX
8
0
10
44.0010809648483
20
19.0304098782109
30
0
0
VERTEX
8
0
10
44.2614423906758
20
18.9862696805238
30
0
0
VERTEX
8
0
10
44.5218038165033
20
18.9421294828367
30
0
0
VERTEX
8
0
10
44.7821652423308
20
18.8979892851497
30
0
0
VERTEX
8
0
10
45.0425266681583
20
18.8538490874626
30
0
0
VERTEX
8
0
10
45.3028880939859
20
18.8097088897755
30
0
0
VERTEX
8
0
10
45.5632495198134
20
18.7655686920885
30
0
0
VERTEX
8
0
10
45.8236109456409
20
18.7220107000042
30
0
0
VERTEX
8
0
10
46.0839723714684
20
18.678946904431
30
0
0
VERTEX
8
0
10
46.3443337972959
20
18.6358831088577
30
0
0
VERTEX
8
0
10
46.6046952231234
20
18.5928193132845
30
0
0
VERTEX
8
0
10
46.8650566489509
20
18.5497555177112
30
0
0
VERTEX
8
0
10
47.1254180747784
20
18.506691722138
30
0
0
VERTEX
8
0
10
47.3857795006059
20
18.4636279265647
30
0
0
VERTEX
8
0
10
47.6461409264334
20
18.4205641309914
30
0
0
VERTEX
8
0
10
47.9065023522609
20
18.3775003354182
30
0
0
VERTEX
8
0
10
48.1668637780884
20
18.3344365398449
30
0
0
VERTEX
8
0
10
48.4272252039159
20
18.2913727442717
30
0
0
VERTEX
8
0
10
48.6875866297434
20
18.2483089486984
30
0
0
VERTEX
8
0
10
48.9479480555709
20
18.2052451531251
30
0
0
VERTEX
8
0
10
49.2083094813984
20
18.1621813575519
30
0
0
VERTEX
8
0
10
49.4686709072259
20
18.1191175619786
30
0
0
VERTEX
8
0
10
49.7290323330534
20
18.0760537664054
30
0
0
VERTEX
8
0
10
49.9893937588809
20
18.0329899708321
30
0
0
VERTEX
8
0
10
50.2497551847084
20
17.9899261752589
30
0
0
VERTEX
8
0
10
50.5101166105359
20
17.9468623796856
30
0
0
VERTEX
8
0
10
50.7704780363635
20
17.9037985841123
30
0
0
VERTEX
8
0
10
51.030839462191
20
17.8607347885391
30
0
0
VERTEX
8
0
10
51.2912008880185
20
17.8176709929658
30
0
0
VERTEX
8
0
10
51.551562313846
20
17.7746071973926
30
0
0
VERTEX
8
0
10
51.8119237396735
20
17.7315434018193
30
0
0
VERTEX
8
0
10
52.072285165501
20
17.6884796062461
30
0
0
VERTEX
8
0
10
52.3326465913285
20
17.6454158106728
30
0
0
VERTEX
8
0
10
52.593008017156
20
17.6023520150995
30
0
0
VERTEX
8
0
10
52.8533694429835
20
17.5592882195263
30
0
0
VERTEX
8
0
10
53.113730868811
20
17.516224423953
30
0
0
VERTEX
8
0
10
53.3740922946385
20
17.4731606283798
30
0
0
VERTEX
8
0
10
53.634453720466
20
17.4300968328065
30
0
0
VERTEX
8
0
10
53.8948151462935
20
17.3894476523314
30
0
0
VERTEX
8
0
10
54.155176572121
20
17.3485366891921
30
0
0
VERTEX
8
0
10
54.4155379979485
20
17.3076257260529
30
0
0
VERTEX
8
0
10
54.675899423776
20
17.2667147629136
30
0
0
VERTEX
8
0
10
54.9362608496035
20
17.2258037997743
30
0
0
VERTEX
8
0
10
55.196622275431
20
17.184892836635
30
0
0
VERTEX
8
0
10
55.4569837012585
20
17.1439818734958
30
0
0
VERTEX
8
0
10
55.717345127086
20
17.1030709103565
30
0
0
VERTEX
8
0
10
55.9777065529135
20
17.0621599472172
30
0
0
VERTEX
8
0
10
56.238067978741
20
17.0212489840779
30
0
0
VERTEX
8
0
10
56.4984294045685
20
16.978224096435
30
0
0
VERTEX
8
0
10
56.758790830396
20
16.9351603008618
30
0
0
VERTEX
8
0
10
57.0191522562235
20
16.8920965052885
30
0
0
VERTEX
8
0
10
57.279513682051
20
16.8490327097153
30
0
0
VERTEX
8
0
10
57.5398751078785
20
16.805968914142
30
0
0
VERTEX
8
0
10
57.800236533706
20
16.7629051185687
30
0
0
VERTEX
8
0
10
58.0605979595335
20
16.7198413229955
30
0
0
VERTEX
8
0
10
58.320959385361
20
16.6767775274222
30
0
0
VERTEX
8
0
10
58.5813208111885
20
16.633713731849
30
0
0
VERTEX
8
0
10
58.841682237016
20
16.5906499362757
30
0
0
VERTEX
8
0
10
59.1020436628435
20
16.5484926583622
30
0
0
VERTEX
8
0
10
59.362405088671
20
16.5065052743048
30
0
0
VERTEX
8
0
10
59.6227665144985
20
16.4645178902475
30
0
0
VERTEX
8
0
10
59.883127940326
20
16.4225305061901
30
0
0
VERTEX
8
0
10
60.1434893661535
20
16.3805431221327
30
0
0
VERTEX
8
0
10
60.403850791981
20
16.3385557380754
30
0
0
VERTEX
8
0
10
60.6642122178084
20
16.296568354018
30
0
0
VERTEX
8
0
10
60.924573643636
20
16.2545809699606
30
0
0
VERTEX
8
0
10
61.1849350694635
20
16.2125935859033
30
0
0
VERTEX
8
0
10
61.4452964952909
20
16.1706062018459
30
0
0
VERTEX
8
0
10
61.7056579211184
20
16.1308872334707
30
0
0
VERTEX
8
0
10
61.9660193469459
20
16.0921291403747
30
0
0
VERTEX
8
0
10
62.2263807727734
20
16.0533710472787
30
0
0
VERTEX
8
0
10
62.4867421986009
20
16.0146129541828
30
0
0
VERTEX
8
0
10
62.7471036244284
20
15.9758548610868
30
0
0
VERTEX
8
0
10
63.0074650502559
20
15.9370967679908
30
0
0
VERTEX
8
0
10
63.2678264760834
20
15.8983386748948
30
0
0
VERTEX
8
0
10
63.5281879019109
20
15.8595805817989
30
0
0
VERTEX
8
0
10
63.7885493277384
20
15.8208224887029
30
0
0
VERTEX
8
0
10
64.0489107535659
20
15.7820643956069
30
0
0
VERTEX
8
0
10
64.3092721793934
20
15.7445181022339
30
0
0
VERTEX
8
0
10
64.5696336052209
20
15.7079129167915
30
0
0
VERTEX
8
0
10
64.8299950310484
20
15.6713077313491
30
0
0
VERTEX
8
0
10
65.0903564568759
20
15.6347025459067
30
0
0
VERTEX
8
0
10
65.3507178827034
20
15.5980973604644
30
0
0
VERTEX
8
0
10
65.6110793085309
20
15.561492175022
30
0
0
VERTEX
8
0
10
65.8714407343584
20
15.5248869895796
30
0
0
VERTEX
8
0
10
66.1318021601859
20
15.4882818041372
30
0
0
VERTEX
8
0
10
66.3921635860134
20
15.4516766186948
30
0
0
VERTEX
8
0
10
66.6525250118409
20
15.4150714332525
30
0
0
VERTEX
8
0
10
66.9128864376684
20
15.3784662478101
30
0
0
VERTEX
8
0
10
67.1732478634959
20
15.3510545464785
30
0
0
VERTEX
8
0
10
67.4336092893234
20
15.3209083096686
30
0
0
VERTEX
8
0
10
67.6939707151509
20
15.2907620728587
30
0
0
VERTEX
8
0
10
67.9543321409784
20
15.2606158360488
30
0
0
VERTEX
8
0
10
68.2146935668059
20
15.2304695992388
30
0
0
VERTEX
8
0
10
68.4750549926334
20
15.2003233624289
30
0
0
VERTEX
8
0
10
68.7354164184609
20
15.170177125619
30
0
0
VERTEX
8
0
10
68.9957778442884
20
15.1400308888091
30
0
0
VERTEX
8
0
10
69.2561392701159
20
15.1098846519992
30
0
0
VERTEX
8
0
10
69.5165006959434
20
15.0797384151892
30
0
0
VERTEX
8
0
10
69.7768621217709
20
15.0454450192617
30
0
0
VERTEX
8
0
10
70.0372235475984
20
15.0120692658212
30
0
0
VERTEX
8
0
10
70.2975849734259
20
14.9786935123807
30
0
0
VERTEX
8
0
10
70.5579463992534
20
14.9453177589402
30
0
0
VERTEX
8
0
10
70.8183078250809
20
14.9119420054997
30
0
0
VERTEX
8
0
10
71.0786692509084
20
14.8785662520592
30
0
0
VERTEX
8
0
10
71.3390306767359
20
14.8451904986187
30
0
0
VERTEX
8
0
10
71.5993921025634
20
14.8118147451782
30
0
0
VERTEX
8
0
10
71.8597535283909
20
14.7784389917376
30
0
0
VERTEX
8
0
10
72.1201149542184
20
14.7450632382971
30
0
0
VERTEX
8
0
10
72.3804763800459
20
14.7129198363933
30
0
0
VERTEX
8
0
10
72.6408378058734
20
14.680620579093
30
0
0
VERTEX
8
0
10
72.9011992317009
20
14.6483213217926
30
0
0
VERTEX
8
0
10
73.1615606575284
20
14.6160220644923
30
0
0
VERTEX
8
0
10
73.4219220833559
20
14.583722807192
30
0
0
VERTEX
8
0
10
73.6822835091834
20
14.5514235498916
30
0
0
VERTEX
8
0
10
73.9426449350109
20
14.5191242925913
30
0
0
VERTEX
8
0
10
74.2030063608384
20
14.486825035291
30
0
0
VERTEX
8
0
10
74.4633677866659
20
14.4545257779906
30
0
0
VERTEX
8
0
10
74.7237292124934
20
14.4222265206903
30
0
0
VERTEX
8
0
10
74.9840906383209
20
14.393174449461
30
0
0
VERTEX
8
0
10
75.2444520641484
20
14.3641047370016
30
0
0
VERTEX
8
0
10
75.5048134899759
20
14.3350350245422
30
0
0
VERTEX
8
0
10
75.7651749158034
20
14.3059653120827
30
0
0
VERTEX
8
0
10
76.0255363416309
20
14.2768955996233
30
0
0
VERTEX
8
0
10
76.2858977674584
20
14.2478258871638
30
0
0
VERTEX
8
0
10
76.5462591932859
20
14.2187561747044
30
0
0
VERTEX
8
0
10
76.8066206191134
20
14.189686462245
30
0
0
VERTEX
8
0
10
77.0669820449409
20
14.1606167497855
30
0
0
VERTEX
8
0
10
77.3273434707684
20
14.1315470373261
30
0
0
VERTEX
8
0
10
77.5877048965959
20
14.1043424869262
30
0
0
VERTEX
8
0
10
77.8480663224234
20
14.077425851379
30
0
0
VERTEX
8
0
10
78.1084277482509
20
14.0505092158317
30
0
0
VERTEX
8
0
10
78.3687891740784
20
14.0235925802844
30
0
0
VERTEX
8
0
10
78.6291505999059
20
13.9966759447371
30
0
0
VERTEX
8
0
10
78.8895120257334
20
13.9697593091898
30
0
0
VERTEX
8
0
10
79.1498734515609
20
13.9428426736425
30
0
0
VERTEX
8
0
10
79.4102348773884
20
13.9159260380952
30
0
0
VERTEX
8
0
10
79.6705963032159
20
13.889009402548
30
0
0
VERTEX
8
0
10
79.9309577290434
20
13.8620927670007
30
0
0
VERTEX
8
0
10
80.1913191548709
20
13.8367418356299
30
0
0
VERTEX
8
0
10
80.4516805806984
20
13.8119783146105
30
0
0
VERTEX
8
0
10
80.7120420065259
20
13.7872147935911
30
0
0
VERTEX
8
0
10
80.9724034323534
20
13.7624512725717
30
0
0
VERTEX
8
0
10
81.2327648581809
20
13.7376877515523
30
0
0
VERTEX
8
0
10
81.4931262840084
20
13.7129242305329
30
0
0
VERTEX
8
0
10
81.7534877098359
20
13.6881607095134
30
0
0
VERTEX
8
0
10
82.0138491356634
20
13.663397188494
30
0
0
VERTEX
8
0
10
82.2742105614909
20
13.6386336674746
30
0
0
VERTEX
8
0
10
82.5345719873184
20
13.6138701464552
30
0
0
VERTEX
8
0
10
82.7949334131459
20
13.5897398359348
30
0
0
VERTEX
8
0
10
83.0552948389734
20
13.5660528862855
30
0
0
VERTEX
8
0
10
83.3156562648009
20
13.5423659366363
30
0
0
VERTEX
8
0
10
83.5760176906284
20
13.518678986987
30
0
0
VERTEX
8
0
10
83.8363791164559
20
13.4949920373377
30
0
0
VERTEX
8
0
10
84.0967405422834
20
13.4713050876884
30
0
0
VERTEX
8
0
10
84.3571019681109
20
13.4476181380392
30
0
0
VERTEX
8
0
10
84.6174633939384
20
13.4239311883899
30
0
0
VERTEX
8
0
10
84.8778248197659
20
13.4002442387406
30
0
0
VERTEX
8
0
10
85.1381862455934
20
13.3765572890913
30
0
0
VERTEX
8
0
10
85.3985476714209
20
13.3528703394421
30
0
0
VERTEX
8
0
10
85.6589090972484
20
13.3291833897928
30
0
0
VERTEX
8
0
10
85.9192705230759
20
13.3054964401435
30
0
0
VERTEX
8
0
10
86.1796319489034
20
13.2818094904942
30
0
0
VERTEX
8
0
10
86.4399933747309
20
13.258122540845
30
0
0
VERTEX
8
0
10
86.7003548005584
20
13.2344355911957
30
0
0
VERTEX
8
0
10
86.9607162263859
20
13.2107486415464
30
0
0
VERTEX
8
0
10
87.2210776522134
20
13.1870616918972
30
0
0
VERTEX
8
0
10
87.4814390780409
20
13.1633747422479
30
0
0
VERTEX
8
0
10
87.7418005038684
20
13.1396877925986
30
0
0
VERTEX
8
0
10
88.0021619296959
20
13.1160008429493
30
0
0
VERTEX
8
0
10
88.2625233555234
20
13.0923138933001
30
0
0
VERTEX
8
0
10
88.5228847813509
20
13.0686269436508
30
0
0
VERTEX
8
0
10
88.7832462071784
20
13.0449399940015
30
0
0
VERTEX
8
0
10
89.0436076330059
20
13.0212530443522
30
0
0
VERTEX
8
0
10
89.3039690588334
20
12.997566094703
30
0
0
VERTEX
8
0
10
89.5643304846609
20
12.9738791450537
30
0
0
VERTEX
8
0
10
89.8246919104884
20
12.9501921954044
30
0
0
VERTEX
8
0
10
90.0850533363159
20
12.9265052457551
30
0
0
VERTEX
8
0
10
90.3454147621433
20
12.9028182961059
30
0
0
VERTEX
8
0
10
90.6057761879709
20
12.8791313464566
30
0
0
VERTEX
8
0
10
90.8661376137984
20
12.8579663685572
30
0
0
VERTEX
8
0
10
91.1264990396259
20
12.8364325898612
30
0
0
VERTEX
8
0
10
91.3868604654534
20
12.8148988111653
30
0
0
VERTEX
8
0
10
91.6472218912809
20
12.7933650324693
30
0
0
VERTEX
8
0
10
91.9075833171083
20
12.7718312537733
30
0
0
VERTEX
8
0
10
92.1679447429358
20
12.7502974750774
30
0
0
VERTEX
8
0
10
92.4283061687634
20
12.7287636963814
30
0
0
VERTEX
8
0
10
92.6886675945909
20
12.7072299176854
30
0
0
VERTEX
8
0
10
92.9490290204184
20
12.6856961389894
30
0
0
VERTEX
8
0
10
93.2093904462458
20
12.6641623602935
30
0
0
VERTEX
8
0
10
93.4697518720733
20
12.6470745984826
30
0
0
VERTEX
8
0
10
93.7301132979008
20
12.6298472745488
30
0
0
VERTEX
8
0
10
93.9904747237283
20
12.612619950615
30
0
0
VERTEX
8
0
10
94.2508361495558
20
12.5953926266811
30
0
0
VERTEX
8
0
10
94.5111975753833
20
12.5781653027473
30
0
0
VERTEX
8
0
10
94.7715590012108
20
12.5609379788135
30
0
0
VERTEX
8
0
10
95.0319204270383
20
12.5437106548797
30
0
0
VERTEX
8
0
10
95.2922818528658
20
12.5264833309459
30
0
0
VERTEX
8
0
10
95.5526432786933
20
12.509256007012
30
0
0
VERTEX
8
0
10
95.8130047045208
20
12.4920286830782
30
0
0
VERTEX
8
0
10
96.0733661303483
20
12.4748013591444
30
0
0
VERTEX
8
0
10
96.3337275561758
20
12.4575740352106
30
0
0
VERTEX
8
0
10
96.5940889820033
20
12.4403467112768
30
0
0
VERTEX
8
0
10
96.8544504078308
20
12.4231193873429
30
0
0
VERTEX
8
0
10
97.1148118336583
20
12.4058920634091
30
0
0
VERTEX
8
0
10
97.3751732594858
20
12.3886647394753
30
0
0
VERTEX
8
0
10
97.6355346853133
20
12.3714374155415
30
0
0
VERTEX
8
0
10
97.8958961111408
20
12.3542100916077
30
0
0
VERTEX
8
0
10
98.1562575369683
20
12.3369827676739
30
0
0
VERTEX
8
0
10
98.4166189627958
20
12.31975544374
30
0
0
VERTEX
8
0
10
98.6769803886233
20
12.3000895404537
30
0
0
VERTEX
8
0
10
98.9373418144508
20
12.2796323613412
30
0
0
VERTEX
8
0
10
99.1977032402783
20
12.2591751822286
30
0
0
VERTEX
8
0
10
99.4580646661058
20
12.2387180031161
30
0
0
VERTEX
8
0
10
99.7184260919333
20
12.2182608240035
30
0
0
VERTEX
8
0
10
99.9787875177608
20
12.1978036448909
30
0
0
VERTEX
8
0
10
100.239148943588
20
12.1773464657784
30
0
0
VERTEX
8
0
10
100.499510369416
20
12.1568892866658
30
0
0
VERTEX
8
0
10
100.759871795243
20
12.1364321075533
30
0
0
VERTEX
8
0
10
101.020233221071
20
12.1159749284407
30
0
0
VERTEX
8
0
10
101.280594646898
20
12.0955177493281
30
0
0
VERTEX
8
0
10
101.540956072726
20
12.0750605702156
30
0
0
VERTEX
8
0
10
101.801317498553
20
12.054603391103
30
0
0
VERTEX
8
0
10
102.061678924381
20
12.0341462119904
30
0
0
VERTEX
8
0
10
102.322040350208
20
12.0136890328779
30
0
0
VERTEX
8
0
10
102.582401776036
20
11.9932318537653
30
0
0
VERTEX
8
0
10
102.842763201863
20
11.9727746746528
30
0
0
VERTEX
8
0
10
103.103124627691
20
11.9523174955402
30
0
0
VERTEX
8
0
10
103.363486053518
20
11.9318603164276
30
0
0
VERTEX
8
0
10
103.623847479346
20
11.9114031373151
30
0
0
VERTEX
8
0
10
103.884208905173
20
11.8909459582025
30
0
0
VERTEX
8
0
10
104.144570331001
20
11.8848040396669
30
0
0
VERTEX
8
0
10
104.404931756828
20
11.8740366800299
30
0
0
VERTEX
8
0
10
104.665293182656
20
11.863269320393
30
0
0
VERTEX
8
0
10
104.925654608483
20
11.852501960756
30
0
0
VERTEX
8
0
10
105.186016034311
20
11.8417346011191
30
0
0
VERTEX
8
0
10
105.446377460138
20
11.8309672414822
30
0
0
VERTEX
8
0
10
105.706738885966
20
11.8201998818452
30
0
0
VERTEX
8
0
10
105.967100311793
20
11.8094325222083
30
0
0
VERTEX
8
0
10
106.227461737621
20
11.7986651625713
30
0
0
VERTEX
8
0
10
106.487823163448
20
11.7878978029344
30
0
0
VERTEX
8
0
10
106.748184589276
20
11.769922607282
30
0
0
VERTEX
8
0
10
107.008546015103
20
11.753771920551
30
0
0
VERTEX
8
0
10
107.268907440931
20
11.73762123382
30
0
0
VERTEX
8
0
10
107.529268866758
20
11.7214705470891
30
0
0
VERTEX
8
0
10
107.789630292586
20
11.7053198603581
30
0
0
VERTEX
8
0
10
108.049991718413
20
11.6891691736271
30
0
0
VERTEX
8
0
10
108.310353144241
20
11.6730184868961
30
0
0
VERTEX
8
0
10
108.570714570068
20
11.6568678001651
30
0
0
VERTEX
8
0
10
108.831075995896
20
11.6407171134341
30
0
0
VERTEX
8
0
10
109.091437421723
20
11.6245664267031
30
0
0
VERTEX
8
0
10
109.351798847551
20
11.6058312515667
30
0
0
VERTEX
8
0
10
109.612160273378
20
11.5875272998351
30
0
0
VERTEX
8
0
10
109.872521699206
20
11.5692233481035
30
0
0
VERTEX
8
0
10
110.132883125033
20
11.5509193963719
30
0
0
VERTEX
8
0
10
110.393244550861
20
11.5326154446403
30
0
0
VERTEX
8
0
10
110.653605976688
20
11.5143114929087
30
0
0
VERTEX
8
0
10
110.913967402516
20
11.496007541177
30
0
0
VERTEX
8
0
10
111.174328828343
20
11.4777035894454
30
0
0
VERTEX
8
0
10
111.434690254171
20
11.4593996377138
30
0
0
VERTEX
8
0
10
111.695051679998
20
11.4410956859822
30
0
0
VERTEX
8
0
10
111.955413105826
20
11.4330778780512
30
0
0
VERTEX
8
0
10
112.215774531653
20
11.4244639150915
30
0
0
VERTEX
8
0
10
112.476135957481
20
11.4158499521317
30
0
0
VERTEX
8
0
10
112.736497383308
20
11.407235989172
30
0
0
VERTEX
8
0
10
112.996858809136
20
11.3986220262123
30
0
0
VERTEX
8
0
10
113.257220234963
20
11.3900080632526
30
0
0
VERTEX
8
0
10
113.517581660791
20
11.3813941002928
30
0
0
VERTEX
8
0
10
113.777943086618
20
11.3727801373331
30
0
0
VERTEX
8
0
10
114.038304512446
20
11.3641661743734
30
0
0
VERTEX
8
0
10
114.298665938273
20
11.3555522114137
30
0
0
VERTEX
8
0
10
114.559027364101
20
11.3360048375397
30
0
0
VERTEX
8
0
10
114.819388789928
20
11.3155476584271
30
0
0
VERTEX
8
0
10
115.079750215756
20
11.2950904793146
30
0
0
VERTEX
8
0
10
115.340111641583
20
11.274633300202
30
0
0
VERTEX
8
0
10
115.600473067411
20
11.2541761210894
30
0
0
VERTEX
8
0
10
115.860834493238
20
11.2337189419769
30
0
0
VERTEX
8
0
10
116.121195919066
20
11.2132617628643
30
0
0
VERTEX
8
0
10
116.381557344893
20
11.1928045837517
30
0
0
VERTEX
8
0
10
116.641918770721
20
11.1723474046392
30
0
0
VERTEX
8
0
10
116.902280196548
20
11.1518902255266
30
0
0
VERTEX
8
0
10
117.162641622376
20
11.1398777450025
30
0
0
VERTEX
8
0
10
117.423003048203
20
11.1301870790012
30
0
0
VERTEX
8
0
10
117.683364474031
20
11.120496413
30
0
0
VERTEX
8
0
10
117.943725899858
20
11.1108057469987
30
0
0
VERTEX
8
0
10
118.204087325686
20
11.1011150809974
30
0
0
VERTEX
8
0
10
118.464448751513
20
11.0914244149961
30
0
0
VERTEX
8
0
10
118.724810177341
20
11.0817337489948
30
0
0
VERTEX
8
0
10
118.985171603168
20
11.0720430829935
30
0
0
VERTEX
8
0
10
119.245533028996
20
11.0623524169922
30
0
0
VERTEX
8
0
10
119.505894454823
20
11.052661750991
30
0
0
VERTEX
8
0
10
119.766255880651
20
11.0401891145039
30
0
0
VERTEX
8
0
10
120.026617306478
20
11.0261917303941
30
0
0
VERTEX
8
0
10
120.286978732306
20
11.0121943462844
30
0
0
VERTEX
8
0
10
120.547340158133
20
10.9981969621747
30
0
0
VERTEX
8
0
10
120.807701583961
20
10.984199578065
30
0
0
VERTEX
8
0
10
121.068063009788
20
10.9702021939553
30
0
0
VERTEX
8
0
10
121.328424435616
20
10.9562048098455
30
0
0
VERTEX
8
0
10
121.588785861443
20
10.9422074257358
30
0
0
VERTEX
8
0
10
121.849147287271
20
10.9282100416261
30
0
0
VERTEX
8
0
10
122.109508713098
20
10.9142126575164
30
0
0
VERTEX
8
0
10
122.369870138926
20
10.9024004835461
30
0
0
VERTEX
8
0
10
122.630231564753
20
10.8927098175448
30
0
0
VERTEX
8
0
10
122.890592990581
20
10.8830191515435
30
0
0
VERTEX
8
0
10
123.150954416408
20
10.8733284855423
30
0
0
VERTEX
8
0
10
123.411315842236
20
10.863637819541
30
0
0
VERTEX
8
0
10
123.671677268063
20
10.8539471535397
30
0
0
VERTEX
8
0
10
123.932038693891
20
10.8442564875384
30
0
0
VERTEX
8
0
10
124.192400119718
20
10.8345658215371
30
0
0
VERTEX
8
0
10
124.452761545546
20
10.8248751555358
30
0
0
VERTEX
8
0
10
124.713122971373
20
10.8151844895345
30
0
0
VERTEX
8
0
10
124.973484397201
20
10.8054938235333
30
0
0
VERTEX
8
0
10
125.233845823028
20
10.7899072267583
30
0
0
VERTEX
8
0
10
125.494207248856
20
10.7759098426486
30
0
0
VERTEX
8
0
10
125.754568674683
20
10.7619124585389
30
0
0
VERTEX
8
0
10
126.014930100511
20
10.7479150744291
30
0
0
VERTEX
8
0
10
126.275291526338
20
10.7339176903194
30
0
0
VERTEX
8
0
10
126.535652952166
20
10.7199203062097
30
0
0
VERTEX
8
0
10
126.796014377993
20
10.7059229221
30
0
0
VERTEX
8
0
10
127.056375803821
20
10.6919255379903
30
0
0
VERTEX
8
0
10
127.316737229648
20
10.6779281538805
30
0
0
VERTEX
8
0
10
127.577098655476
20
10.6639307697708
30
0
0
VERTEX
8
0
10
127.837460081303
20
10.6525829477285
30
0
0
VERTEX
8
0
10
128.097821507131
20
10.6407389038617
30
0
0
VERTEX
8
0
10
128.358182932958
20
10.6288948599949
30
0
0
VERTEX
8
0
10
128.618544358786
20
10.6170508161281
30
0
0
VERTEX
8
0
10
128.878905784613
20
10.6052067722612
30
0
0
VERTEX
8
0
10
129.139267210441
20
10.5933627283944
30
0
0
VERTEX
8
0
10
129.399628636268
20
10.5815186845276
30
0
0
VERTEX
8
0
10
129.659990062096
20
10.5696746406608
30
0
0
VERTEX
8
0
10
129.920351487923
20
10.557830596794
30
0
0
VERTEX
8
0
10
130.180712913751
20
10.5459865529272
30
0
0
VERTEX
8
0
10
130.441074339578
20
10.5341425090604
30
0
0
VERTEX
8
0
10
130.701435765406
20
10.5222984651935
30
0
0
VERTEX
8
0
10
130.961797191233
20
10.5104544213267
30
0
0
VERTEX
8
0
10
131.222158617061
20
10.4986103774599
30
0
0
VERTEX
8
0
10
131.482520042888
20
10.4867663335931
30
0
0
VERTEX
8
0
10
131.742881468716
20
10.4749222897263
30
0
0
VERTEX
8
0
10
132.003242894543
20
10.4630782458595
30
0
0
VERTEX
8
0
10
132.263604320371
20
10.4512342019927
30
0
0
VERTEX
8
0
10
132.523965746198
20
10.4393901581258
30
0
0
VERTEX
8
0
10
132.784327172026
20
10.427546114259
30
0
0
VERTEX
8
0
10
133.044688597853
20
10.4218618507336
30
0
0
VERTEX
8
0
10
133.305050023681
20
10.4164780533352
30
0
0
VERTEX
8
0
10
133.565411449508
20
10.4110942559368
30
0
0
VERTEX
8
0
10
133.825772875336
20
10.4057104585384
30
0
0
VERTEX
8
0
10
134.086134301163
20
10.40032666114
30
0
0
VERTEX
8
0
10
134.346495726991
20
10.3949428637416
30
0
0
VERTEX
8
0
10
134.606857152818
20
10.3895590663431
30
0
0
VERTEX
8
0
10
134.867218578646
20
10.3841752689447
30
0
0
VERTEX
8
0
10
135.127580004473
20
10.3787914715463
30
0
0
VERTEX
8
0
10
135.387941430301
20
10.3734076741479
30
0
0
VERTEX
8
0
10
135.648302856128
20
10.3574903427291
30
0
0
VERTEX
8
0
10
135.908664281956
20
10.3391863909975
30
0
0
VERTEX
8
0
10
136.169025707783
20
10.3208824392659
30
0
0
VERTEX
8
0
10
136.429387133611
20
10.3025784875343
30
0
0
VERTEX
8
0
10
136.689748559438
20
10.2842745358027
30
0
0
VERTEX
8
0
10
136.950109985266
20
10.2659705840711
30
0
0
VERTEX
8
0
10
137.210471411093
20
10.2476666323395
30
0
0
VERTEX
8
0
10
137.470832836921
20
10.2293626806079
30
0
0
VERTEX
8
0
10
137.731194262748
20
10.2110587288763
30
0
0
VERTEX
8
0
10
137.991555688576
20
10.1927547771447
30
0
0
VERTEX
8
0
10
138.251917114403
20
10.1868341287138
30
0
0
VERTEX
8
0
10
138.512278540231
20
10.1868341287138
30
0
0
VERTEX
8
0
10
138.772639966058
20
10.1868341287138
30
0
0
VERTEX
8
0
10
139.033001391886
20
10.1868341287138
30
0
0
VERTEX
8
0
10
139.293362817713
20
10.1868341287138
30
0
0
VERTEX
8
0
10
139.553724243541
20
10.1868341287138
30
0
0
VERTEX
8
0
10
139.814085669368
20
10.1868341287138
30
0
0
VERTEX
8
0
10
140.074447095196
20
10.1868341287138
30
0
0
VERTEX
8
0
10
140.334808521023
20
10.1868341287138
30
0
0
VERTEX
8
0
10
140.595169946851
20
10.1868341287138
30
0
0
VERTEX
8
0
10
140.855531372678
20
10.1746573631875
30
0
0
VERTEX
8
0
10
141.115892798506
20
10.1520469943127
30
0
0
VERTEX
8
0
10
141.376254224333
20
10.1294366254378
30
0
0
VERTEX
8
0
10
141.636615650161
20
10.106826256563
30
0
0
VERTEX
8
0
10
141.896977075988
20
10.0842158876882
30
0
0
VERTEX
8
0
10
142.157338501816
20
10.0616055188133
30
0
0
VERTEX
8
0
10
142.417699927643
20
10.0389951499385
30
0
0
VERTEX
8
0
10
142.678061353471
20
10.0163847810637
30
0
0
VERTEX
8
0
10
142.938422779298
20
9.99377441218883
30
0
0
VERTEX
8
0
10
143.198784205126
20
9.97116404331399
30
0
0
VERTEX
8
0
10
143.459145630953
20
9.94855367443916
30
0
0
VERTEX
8
0
10
143.719507056781
20
9.95608233457953
30
0
0
VERTEX
8
0
10
143.979868482608
20
9.95500555628632
30
0
0
VERTEX
8
0
10
144.240229908436
20
9.95392877799311
30
0
0
VERTEX
8
0
10
144.500591334263
20
9.9528519996999
30
0
0
VERTEX
8
0
10
144.760952760091
20
9.95177522140669
30
0
0
VERTEX
8
0
10
145.021314185918
20
9.95069844311347
30
0
0
VERTEX
8
0
10
145.281675611746
20
9.94962166482026
30
0
0
VERTEX
8
0
10
145.542037037573
20
9.94854488652705
30
0
0
VERTEX
8
0
10
145.802398463401
20
9.94746810823384
30
0
0
VERTEX
8
0
10
146.062759889228
20
9.94639132994063
30
0
0
VERTEX
8
0
10
146.323121315056
20
9.93444731392418
30
0
0
VERTEX
8
0
10
146.583482740883
20
9.92475664792289
30
0
0
VERTEX
8
0
10
146.843844166711
20
9.91506598192161
30
0
0
VERTEX
8
0
10
147.104205592538
20
9.90537531592032
30
0
0
VERTEX
8
0
10
147.364567018366
20
9.89568464991904
30
0
0
VERTEX
8
0
10
147.624928444193
20
9.88599398391775
30
0
0
VERTEX
8
0
10
147.885289870021
20
9.87630331791646
30
0
0
VERTEX
8
0
10
148.145651295848
20
9.86661265191518
30
0
0
VERTEX
8
0
10
148.406012721676
20
9.8569219859139
30
0
0
VERTEX
8
0
10
148.666374147503
20
9.84723131991261
30
0
0
VERTEX
8
0
10
148.926735573331
20
9.83270331732345
30
0
0
VERTEX
8
0
10
149.187096999158
20
9.81870593321373
30
0
0
VERTEX
8
0
10
149.447458424986
20
9.80470854910401
30
0
0
VERTEX
8
0
10
149.707819850813
20
9.79071116499429
30
0
0
VERTEX
8
0
10
149.968181276641
20
9.77671378088457
30
0
0
VERTEX
8
0
10
150.228542702468
20
9.76271639677485
30
0
0
VERTEX
8
0
10
150.488904128296
20
9.74871901266513
30
0
0
VERTEX
8
0
10
150.749265554123
20
9.73472162855542
30
0
0
VERTEX
8
0
10
151.009626979951
20
9.7207242444457
30
0
0
VERTEX
8
0
10
151.269988405778
20
9.70672686033598
30
0
0
VERTEX
8
0
10
151.530349831606
20
9.7065118908177
30
0
0
VERTEX
8
0
10
151.790711257433
20
9.7065118908177
30
0
0
VERTEX
8
0
10
152.051072683261
20
9.7065118908177
30
0
0
VERTEX
8
0
10
152.311434109088
20
9.7065118908177
30
0
0
VERTEX
8
0
10
152.571795534916
20
9.7065118908177
30
0
0
VERTEX
8
0
10
152.832156960743
20
9.7065118908177
30
0
0
VERTEX
8
0
10
153.092518386571
20
9.7065118908177
30
0
0
VERTEX
8
0
10
153.352879812398
20
9.7065118908177
30
0
0
VERTEX
8
0
10
153.613241238226
20
9.7065118908177
30
0
0
VERTEX
8
0
10
153.873602664053
20
9.7065118908177
30
0
0
VERTEX
8
0
10
154.133964089881
20
9.7065118908177
30
0
0
VERTEX
8
0
10
154.394325515708
20
9.7065118908177
30
0
0
VERTEX
8
0
10
154.654686941536
20
9.7065118908177
30
0
0
VERTEX
8
0
10
154.915048367363
20
9.7065118908177
30
0
0
VERTEX
8
0
10
155.175409793191
20
9.7065118908177
30
0
0
VERTEX
8
0
10
155.435771219018
20
9.7065118908177
30
0
0
SEQEND
8
0
0
POLYLINE
8
0
62
6
70
0
10
0
20
0
30
0
0
VERTEX
8
0
10
13.7991555688578
20
9.38160900217632
30
0
0
VERTEX
8
0
10
14.0595169946853
20
9.54970169223122
30
0
0
VERTEX
8
0
10
14.3198784205128
20
9.71779438228612
30
0
0
VERTEX
8
0
10
14.5802398463403
20
9.88588707234102
30
0
0
VERTEX
8
0
10
14.8406012721678
20
10.0539797623959
30
0
0
VERTEX
8
0
10
15.1009626979953
20
10.2220724524508
30
0
0
VERTEX
8
0
10
15.3613241238228
20
10.3901651425057
30
0
0
VERTEX
8
0
10
15.6216855496503
20
10.5582578325606
30
0
0
VERTEX
8
0
10
15.8820469754778
20
10.7263505226155
30
0
0
VERTEX
8
0
10
16.1424084013053
20
10.8944432126704
30
0
0
VERTEX
8
0
10
16.4027698271328
20
11.0625359027253
30
0
0
VERTEX
8
0
10
16.6631312529603
20
11.2336992810357
30
0
0
VERTEX
8
0
10
16.9234926787878
20
11.405026769485
30
0
0
VERTEX
8
0
10
17.1838541046153
20
11.5763542579342
30
0
0
VERTEX
8
0
10
17.4442155304428
20
11.7476817463835
30
0
0
VERTEX
8
0
10
17.7045769562703
20
11.9190092348327
30
0
0
VERTEX
8
0
10
17.9649383820978
20
12.090336723282
30
0
0
VERTEX
8
0
10
18.2252998079253
20
12.2616642117312
30
0
0
VERTEX
8
0
10
18.4856612337528
20
12.4329917001805
30
0
0
VERTEX
8
0
10
18.7460226595803
20
12.6043191886297
30
0
0
VERTEX
8
0
10
19.0063840854078
20
12.775646677079
30
0
0
VERTEX
8
0
10
19.2667455112354
20
12.9460917920364
30
0
0
VERTEX
8
0
10
19.5271069370629
20
13.1163410049277
30
0
0
VERTEX
8
0
10
19.7874683628904
20
13.286590217819
30
0
0
VERTEX
8
0
10
20.0478297887179
20
13.4568394307103
30
0
0
VERTEX
8
0
10
20.3081912145454
20
13.6270886436017
30
0
0
VERTEX
8
0
10
20.5685526403729
20
13.797337856493
30
0
0
VERTEX
8
0
10
20.8289140662004
20
13.9675870693843
30
0
0
VERTEX
8
0
10
21.0892754920279
20
14.1378362822756
30
0
0
VERTEX
8
0
10
21.3496369178554
20
14.308085495167
30
0
0
VERTEX
8
0
10
21.6099983436829
20
14.4783347080583
30
0
0
VERTEX
8
0
10
21.8703597695104
20
14.649325048483
30
0
0
VERTEX
8
0
10
22.1307211953379
20
14.8206525369323
30
0
0
VERTEX
8
0
10
22.3910826211654
20
14.9919800253815
30
0
0
VERTEX
8
0
10
22.6514440469929
20
15.1633075138308
30
0
0
VERTEX
8
0
10
22.9118054728204
20
15.33463500228
30
0
0
VERTEX
8
0
10
23.1721668986479
20
15.5059624907293
30
0
0
VERTEX
8
0
10
23.4325283244754
20
15.6772899791785
30
0
0
VERTEX
8
0
10
23.6928897503029
20
15.8486174676278
30
0
0
VERTEX
8
0
10
23.9532511761304
20
16.019944956077
30
0
0
VERTEX
8
0
10
24.2136126019579
20
16.1912724445263
30
0
0
VERTEX
8
0
10
24.4739740277855
20
16.3620000036503
30
0
0
VERTEX
8
0
10
24.734335453613
20
16.5322492165417
30
0
0
VERTEX
8
0
10
24.9946968794405
20
16.702498429433
30
0
0
VERTEX
8
0
10
25.255058305268
20
16.8727476423243
30
0
0
VERTEX
8
0
10
25.5154197310955
20
17.0429968552156
30
0
0
VERTEX
8
0
10
25.775781156923
20
17.213246068107
30
0
0
VERTEX
8
0
10
26.0361425827505
20
17.3834952809983
30
0
0
VERTEX
8
0
10
26.296504008578
20
17.5537444938896
30
0
0
VERTEX
8
0
10
26.5568654344055
20
17.7239937067809
30
0
0
VERTEX
8
0
10
26.817226860233
20
17.8942429196723
30
0
0
VERTEX
8
0
10
27.0775882860605
20
18.0644921325636
30
0
0
VERTEX
8
0
10
27.337949711888
20
18.2209093197505
30
0
0
VERTEX
8
0
10
27.5983111377155
20
18.3814544767989
30
0
0
VERTEX
8
0
10
27.858672563543
20
18.5419996338473
30
0
0
VERTEX
8
0
10
28.1190339893705
20
18.7025447908956
30
0
0
VERTEX
8
0
10
28.379395415198
20
18.863089947944
30
0
0
VERTEX
8
0
10
28.6397568410255
20
19.0236351049924
30
0
0
VERTEX
8
0
10
28.900118266853
20
19.1841802620408
30
0
0
VERTEX
8
0
10
29.1604796926805
20
19.3447254190892
30
0
0
VERTEX
8
0
10
29.420841118508
20
19.5052705761375
30
0
0
VERTEX
8
0
10
29.6812025443356
20
19.6658157331859
30
0
0
VERTEX
8
0
10
29.9415639701631
20
19.82915124931
30
0
0
VERTEX
8
0
10
30.2019253959906
20
19.9918527972314
30
0
0
VERTEX
8
0
10
30.4622868218181
20
20.1545543451528
30
0
0
VERTEX
8
0
10
30.7226482476456
20
20.3172558930742
30
0
0
VERTEX
8
0
10
30.9830096734731
20
20.4799574409955
30
0
0
VERTEX
8
0
10
31.2433710993006
20
20.6426589889169
30
0
0
VERTEX
8
0
10
31.5037325251281
20
20.8053605368383
30
0
0
VERTEX
8
0
10
31.7640939509556
20
20.9680620847597
30
0
0
VERTEX
8
0
10
32.0244553767831
20
21.130763632681
30
0
0
VERTEX
8
0
10
32.2848168026106
20
21.2934651806024
30
0
0
VERTEX
8
0
10
32.5451782284381
20
21.4524059154173
30
0
0
VERTEX
8
0
10
32.8055396542656
20
21.6118728911674
30
0
0
VERTEX
8
0
10
33.0659010800931
20
21.7713398669174
30
0
0
VERTEX
8
0
10
33.3262625059206
20
21.9308068426675
30
0
0
VERTEX
8
0
10
33.5866239317481
20
22.0902738184175
30
0
0
VERTEX
8
0
10
33.8469853575756
20
22.2497407941676
30
0
0
VERTEX
8
0
10
34.1073467834031
20
22.4092077699176
30
0
0
VERTEX
8
0
10
34.3677082092306
20
22.5686747456677
30
0
0
VERTEX
8
0
10
34.6280696350581
20
22.7281417214177
30
0
0
VERTEX
8
0
10
34.8884310608857
20
22.8876086971678
30
0
0
VERTEX
8
0
10
35.1487924867132
20
23.0481875552565
30
0
0
VERTEX
8
0
10
35.4091539125407
20
23.2087327123049
30
0
0
VERTEX
8
0
10
35.6695153383682
20
23.3692778693533
30
0
0
VERTEX
8
0
10
35.9298767641957
20
23.5298230264016
30
0
0
VERTEX
8
0
10
36.1902381900232
20
23.69036818345
30
0
0
VERTEX
8
0
10
36.4505996158507
20
23.8509133404984
30
0
0
VERTEX
8
0
10
36.7109610416782
20
24.0114584975468
30
0
0
VERTEX
8
0
10
36.9713224675057
20
24.1720036545952
30
0
0
VERTEX
8
0
10
37.2316838933332
20
24.3325488116436
30
0
0
VERTEX
8
0
10
37.4920453191607
20
24.4930939686919
30
0
0
VERTEX
8
0
10
37.7524067449882
20
24.6352064147125
30
0
0
VERTEX
8
0
10
38.0127681708157
20
24.7752677386957
30
0
0
VERTEX
8
0
10
38.2731295966432
20
24.9153290626789
30
0
0
VERTEX
8
0
10
38.5334910224707
20
25.0553903866621
30
0
0
VERTEX
8
0
10
38.7938524482982
20
25.1954517106453
30
0
0
VERTEX
8
0
10
39.0542138741257
20
25.3355130346284
30
0
0
VERTEX
8
0
10
39.3145752999532
20
25.4755743586116
30
0
0
VERTEX
8
0
10
39.5749367257807
20
25.6156356825948
30
0
0
VERTEX
8
0
10
39.8352981516082
20
25.755697006578
30
0
0
VERTEX
8
0
10
40.0956595774358
20
25.8957583305612
30
0
0
VERTEX
8
0
10
40.3560210032633
20
26.0176160819405
30
0
0
VERTEX
8
0
10
40.6163824290908
20
26.1339635331694
30
0
0
VERTEX
8
0
10
40.8767438549183
20
26.2503109843983
30
0
0
VERTEX
8
0
10
41.1371052807458
20
26.3666584356272
30
0
0
VERTEX
8
0
10
41.3974667065733
20
26.4830058868561
30
0
0
VERTEX
8
0
10
41.6578281324008
20
26.599353338085
30
0
0
VERTEX
8
0
10
41.9181895582283
20
26.7157007893139
30
0
0
VERTEX
8
0
10
42.1785509840558
20
26.8320482405428
30
0
0
VERTEX
8
0
10
42.4389124098833
20
26.9483956917717
30
0
0
VERTEX
8
0
10
42.6992738357108
20
27.0647431430006
30
0
0
VERTEX
8
0
10
42.9596352615383
20
27.1804068117289
30
0
0
VERTEX
8
0
10
43.2199966873658
20
27.2956764679946
30
0
0
VERTEX
8
0
10
43.4803581131933
20
27.4109461242603
30
0
0
VERTEX
8
0
10
43.7407195390208
20
27.526215780526
30
0
0
VERTEX
8
0
10
44.0010809648483
20
27.6414854367917
30
0
0
VERTEX
8
0
10
44.2614423906758
20
27.7567550930574
30
0
0
VERTEX
8
0
10
44.5218038165033
20
27.8720247493231
30
0
0
VERTEX
8
0
10
44.7821652423308
20
27.9872944055889
30
0
0
VERTEX
8
0
10
45.0425266681583
20
28.1025640618546
30
0
0
VERTEX
8
0
10
45.3028880939859
20
28.2178337181203
30
0
0
VERTEX
8
0
10
45.5632495198134
20
28.333103374386
30
0
0
VERTEX
8
0
10
45.8236109456409
20
28.4483730306517
30
0
0
VERTEX
8
0
10
46.0839723714684
20
28.5636426869174
30
0
0
VERTEX
8
0
10
46.3443337972959
20
28.6789123431831
30
0
0
VERTEX
8
0
10
46.6046952231234
20
28.7941819994488
30
0
0
VERTEX
8
0
10
46.8650566489509
20
28.9094516557145
30
0
0
VERTEX
8
0
10
47.1254180747784
20
29.0247213119802
30
0
0
VERTEX
8
0
10
47.3857795006059
20
29.1399909682459
30
0
0
VERTEX
8
0
10
47.6461409264334
20
29.2552606245116
30
0
0
VERTEX
8
0
10
47.9065023522609
20
29.3705302807773
30
0
0
VERTEX
8
0
10
48.1668637780884
20
29.485799937043
30
0
0
VERTEX
8
0
10
48.4272252039159
20
29.5995952630878
30
0
0
VERTEX
8
0
10
48.6875866297434
20
29.7137871338105
30
0
0
VERTEX
8
0
10
48.9479480555709
20
29.8279790045332
30
0
0
VERTEX
8
0
10
49.2083094813984
20
29.942170875256
30
0
0
VERTEX
8
0
10
49.4686709072259
20
30.0563627459787
30
0
0
VERTEX
8
0
10
49.7290323330534
20
30.1705546167014
30
0
0
VERTEX
8
0
10
49.9893937588809
20
30.2847464874242
30
0
0
VERTEX
8
0
10
50.2497551847084
20
30.3989383581469
30
0
0
VERTEX
8
0
10
50.5101166105359
20
30.5131302288696
30
0
0
VERTEX
8
0
10
50.7704780363635
20
30.6273220995924
30
0
0
VERTEX
8
0
10
51.030839462191
20
30.7109118488808
30
0
0
VERTEX
8
0
10
51.2912008880185
20
30.8003172518103
30
0
0
VERTEX
8
0
10
51.551562313846
20
30.8897226547397
30
0
0
VERTEX
8
0
10
51.8119237396735
20
30.9791280576692
30
0
0
VERTEX
8
0
10
52.072285165501
20
31.0685334605986
30
0
0
VERTEX
8
0
10
52.3326465913285
20
31.157938863528
30
0
0
VERTEX
8
0
10
52.593008017156
20
31.2473442664575
30
0
0
VERTEX
8
0
10
52.8533694429835
20
31.3367496693869
30
0
0
VERTEX
8
0
10
53.113730868811
20
31.4261550723164
30
0
0
VERTEX
8
0
10
53.3740922946385
20
31.5155604752458
30
0
0
VERTEX
8
0
10
53.634453720466
20
31.5788838299065
30
0
0
VERTEX
8
0
10
53.8948151462935
20
31.6445850991149
30
0
0
VERTEX
8
0
10
54.155176572121
20
31.7102863683233
30
0
0
VERTEX
8
0
10
54.4155379979485
20
31.7759876375317
30
0
0
VERTEX
8
0
10
54.675899423776
20
31.8416889067402
30
0
0
VERTEX
8
0
10
54.9362608496035
20
31.9073901759486
30
0
0
VERTEX
8
0
10
55.196622275431
20
31.973091445157
30
0
0
VERTEX
8
0
10
55.4569837012585
20
32.0387927143654
30
0
0
VERTEX
8
0
10
55.717345127086
20
32.1044939835738
30
0
0
VERTEX
8
0
10
55.9777065529135
20
32.1701952527822
30
0
0
VERTEX
8
0
10
56.238067978741
20
32.2379759006112
30
0
0
VERTEX
8
0
10
56.4984294045685
20
32.3058319027565
30
0
0
VERTEX
8
0
10
56.758790830396
20
32.3736879049018
30
0
0
VERTEX
8
0
10
57.0191522562235
20
32.4415439070472
30
0
0
VERTEX
8
0
10
57.279513682051
20
32.5093999091925
30
0
0
VERTEX
8
0
10
57.5398751078785
20
32.5772559113378
30
0
0
VERTEX
8
0
10
57.800236533706
20
32.6451119134831
30
0
0
VERTEX
8
0
10
58.0605979595335
20
32.7129679156285
30
0
0
VERTEX
8
0
10
58.320959385361
20
32.7808239177738
30
0
0
VERTEX
8
0
10
58.5813208111885
20
32.8486799199191
30
0
0
VERTEX
8
0
10
58.841682237016
20
32.9156418881659
30
0
0
VERTEX
8
0
10
59.1020436628435
20
32.9824205191354
30
0
0
VERTEX
8
0
10
59.362405088671
20
33.049199150105
30
0
0
VERTEX
8
0
10
59.6227665144985
20
33.1159777810745
30
0
0
VERTEX
8
0
10
59.883127940326
20
33.182756412044
30
0
0
VERTEX
8
0
10
60.1434893661535
20
33.2495350430136
30
0
0
VERTEX
8
0
10
60.403850791981
20
33.3163136739831
30
0
0
VERTEX
8
0
10
60.6642122178084
20
33.3830923049527
30
0
0
VERTEX
8
0
10
60.924573643636
20
33.4498709359222
30
0
0
VERTEX
8
0
10
61.1849350694635
20
33.5166495668918
30
0
0
VERTEX
8
0
10
61.4452964952909
20
33.5834281978613
30
0
0
VERTEX
8
0
10
61.7056579211184
20
33.6502068288309
30
0
0
VERTEX
8
0
10
61.9660193469459
20
33.7169854598004
30
0
0
VERTEX
8
0
10
62.2263807727734
20
33.7837640907699
30
0
0
VERTEX
8
0
10
62.4867421986009
20
33.8505427217395
30
0
0
VERTEX
8
0
10
62.7471036244284
20
33.917321352709
30
0
0
VERTEX
8
0
10
63.0074650502559
20
33.9840999836786
30
0
0
VERTEX
8
0
10
63.2678264760834
20
34.0508786146481
30
0
0
VERTEX
8
0
10
63.5281879019109
20
34.1176572456177
30
0
0
VERTEX
8
0
10
63.7885493277384
20
34.1844358765872
30
0
0
VERTEX
8
0
10
64.0489107535659
20
34.2512145075568
30
0
0
VERTEX
8
0
10
64.3092721793934
20
34.3179931385263
30
0
0
VERTEX
8
0
10
64.5696336052209
20
34.3847717694958
30
0
0
VERTEX
8
0
10
64.8299950310484
20
34.4515504004654
30
0
0
VERTEX
8
0
10
65.0903564568759
20
34.5183290314349
30
0
0
VERTEX
8
0
10
65.3507178827034
20
34.5851076624045
30
0
0
VERTEX
8
0
10
65.6110793085309
20
34.651886293374
30
0
0
VERTEX
8
0
10
65.8714407343584
20
34.7186649243436
30
0
0
VERTEX
8
0
10
66.1318021601859
20
34.7854435553131
30
0
0
VERTEX
8
0
10
66.3921635860134
20
34.8522221862827
30
0
0
VERTEX
8
0
10
66.6525250118409
20
34.9190008172522
30
0
0
VERTEX
8
0
10
66.9128864376684
20
34.9888480257912
30
0
0
VERTEX
8
0
10
67.1732478634959
20
35.0577814085271
30
0
0
VERTEX
8
0
10
67.4336092893234
20
35.126714791263
30
0
0
VERTEX
8
0
10
67.6939707151509
20
35.1956481739989
30
0
0
VERTEX
8
0
10
67.9543321409784
20
35.2645815567348
30
0
0
VERTEX
8
0
10
68.2146935668059
20
35.3335149394707
30
0
0
VERTEX
8
0
10
68.4750549926334
20
35.4024483222066
30
0
0
VERTEX
8
0
10
68.7354164184609
20
35.4713817049425
30
0
0
VERTEX
8
0
10
68.9957778442884
20
35.5403150876784
30
0
0
VERTEX
8
0
10
69.2561392701159
20
35.6092484704143
30
0
0
VERTEX
8
0
10
69.5165006959434
20
35.6760988347431
30
0
0
VERTEX
8
0
10
69.7768621217709
20
35.7434161501237
30
0
0
VERTEX
8
0
10
70.0372235475984
20
35.8107334655043
30
0
0
VERTEX
8
0
10
70.2975849734259
20
35.8780507808849
30
0
0
VERTEX
8
0
10
70.5579463992534
20
35.9453680962655
30
0
0
VERTEX
8
0
10
70.8183078250809
20
36.0126854116461
30
0
0
VERTEX
8
0
10
71.0786692509084
20
36.0800027270267
30
0
0
VERTEX
8
0
10
71.3390306767359
20
36.1473200424073
30
0
0
VERTEX
8
0
10
71.5993921025634
20
36.2146373577879
30
0
0
VERTEX
8
0
10
71.8597535283909
20
36.2819546731685
30
0
0
VERTEX
8
0
10
72.1201149542184
20
36.3492719885491
30
0
0
VERTEX
8
0
10
72.3804763800459
20
36.4165893039297
30
0
0
VERTEX
8
0
10
72.6408378058734
20
36.4839066193103
30
0
0
VERTEX
8
0
10
72.9011992317009
20
36.5512239346909
30
0
0
VERTEX
8
0
10
73.1615606575284
20
36.6185412500715
30
0
0
VERTEX
8
0
10
73.4219220833559
20
36.6858585654521
30
0
0
VERTEX
8
0
10
73.6822835091834
20
36.7531758808327
30
0
0
VERTEX
8
0
10
73.9426449350109
20
36.8204931962132
30
0
0
VERTEX
8
0
10
74.2030063608384
20
36.8878105115938
30
0
0
VERTEX
8
0
10
74.4633677866659
20
36.9551278269744
30
0
0
VERTEX
8
0
10
74.7237292124934
20
37.0207991998157
30
0
0
VERTEX
8
0
10
74.9840906383209
20
37.0865004690241
30
0
0
VERTEX
8
0
10
75.2444520641484
20
37.1522017382325
30
0
0
VERTEX
8
0
10
75.5048134899759
20
37.2179030074409
30
0
0
VERTEX
8
0
10
75.7651749158034
20
37.2836042766493
30
0
0
VERTEX
8
0
10
76.0255363416309
20
37.3493055458578
30
0
0
VERTEX
8
0
10
76.2858977674584
20
37.4150068150662
30
0
0
VERTEX
8
0
10
76.5462591932859
20
37.4807080842746
30
0
0
VERTEX
8
0
10
76.8066206191134
20
37.546409353483
30
0
0
VERTEX
8
0
10
77.0669820449409
20
37.6121106226914
30
0
0
VERTEX
8
0
10
77.3273434707684
20
37.6778118918998
30
0
0
VERTEX
8
0
10
77.5877048965959
20
37.7435131611083
30
0
0
VERTEX
8
0
10
77.8480663224234
20
37.8092144303167
30
0
0
VERTEX
8
0
10
78.1084277482509
20
37.8749156995251
30
0
0
VERTEX
8
0
10
78.3687891740784
20
37.9406169687335
30
0
0
VERTEX
8
0
10
78.6291505999059
20
38.0063182379419
30
0
0
VERTEX
8
0
10
78.8895120257334
20
38.0720195071503
30
0
0
VERTEX
8
0
10
79.1498734515609
20
38.1377207763588
30
0
0
VERTEX
8
0
10
79.4102348773884
20
38.2034220455672
30
0
0
VERTEX
8
0
10
79.6705963032159
20
38.2691233147756
30
0
0
VERTEX
8
0
10
79.9309577290434
20
38.334824583984
30
0
0
VERTEX
8
0
10
80.1913191548709
20
38.4005258531924
30
0
0
VERTEX
8
0
10
80.4516805806984
20
38.4662271224008
30
0
0
VERTEX
8
0
10
80.7120420065259
20
38.5319283916093
30
0
0
VERTEX
8
0
10
80.9724034323534
20
38.5976296608177
30
0
0
VERTEX
8
0
10
81.2327648581809
20
38.6633309300261
30
0
0
VERTEX
8
0
10
81.4931262840084
20
38.7290321992345
30
0
0
VERTEX
8
0
10
81.7534877098359
20
38.7947334684429
30
0
0
VERTEX
8
0
10
82.0138491356634
20
38.8604347376513
30
0
0
VERTEX
8
0
10
82.2742105614909
20
38.9261360068598
30
0
0
VERTEX
8
0
10
82.5345719873184
20
38.9911772515096
30
0
0
VERTEX
8
0
10
82.7949334131459
20
39.0558011683715
30
0
0
VERTEX
8
0
10
83.0552948389734
20
39.1204250852333
30
0
0
VERTEX
8
0
10
83.3156562648009
20
39.1850490020951
30
0
0
VERTEX
8
0
10
83.5760176906284
20
39.2496729189569
30
0
0
VERTEX
8
0
10
83.8363791164559
20
39.3142968358188
30
0
0
VERTEX
8
0
10
84.0967405422834
20
39.3789207526806
30
0
0
VERTEX
8
0
10
84.3571019681109
20
39.4435446695424
30
0
0
VERTEX
8
0
10
84.6174633939384
20
39.5081685864042
30
0
0
VERTEX
8
0
10
84.8778248197659
20
39.5727925032661
30
0
0
VERTEX
8
0
10
85.1381862455934
20
39.6374164201279
30
0
0
VERTEX
8
0
10
85.3985476714209
20
39.7020403369897
30
0
0
VERTEX
8
0
10
85.6589090972484
20
39.7666642538515
30
0
0
VERTEX
8
0
10
85.9192705230759
20
39.8312881707134
30
0
0
VERTEX
8
0
10
86.1796319489034
20
39.8959120875752
30
0
0
VERTEX
8
0
10
86.4399933747309
20
39.960536004437
30
0
0
VERTEX
8
0
10
86.7003548005584
20
40.0251599212988
30
0
0
VERTEX
8
0
10
86.9607162263859
20
40.0897838381607
30
0
0
VERTEX
8
0
10
87.2210776522134
20
40.1544077550225
30
0
0
VERTEX
8
0
10
87.4814390780409
20
40.2190316718843
30
0
0
VERTEX
8
0
10
87.7418005038684
20
40.2836555887461
30
0
0
VERTEX
8
0
10
88.0021619296959
20
40.34972528144
30
0
0
VERTEX
8
0
10
88.2625233555234
20
40.4154265506484
30
0
0
VERTEX
8
0
10
88.5228847813509
20
40.4811278198568
30
0
0
VERTEX
8
0
10
88.7832462071784
20
40.5468290890652
30
0
0
VERTEX
8
0
10
89.0436076330059
20
40.6125303582736
30
0
0
VERTEX
8
0
10
89.3039690588334
20
40.6782316274821
30
0
0
VERTEX
8
0
10
89.5643304846609
20
40.7439328966905
30
0
0
VERTEX
8
0
10
89.8246919104884
20
40.8096341658989
30
0
0
VERTEX
8
0
10
90.0850533363159
20
40.8753354351073
30
0
0
VERTEX
8
0
10
90.3454147621433
20
40.9410367043157
30
0
0
VERTEX
8
0
10
90.6057761879709
20
40.9560454928961
30
0
0
VERTEX
8
0
10
90.8661376137984
20
40.9797369955391
30
0
0
VERTEX
8
0
10
91.1264990396259
20
41.003428498182
30
0
0
VERTEX
8
0
10
91.3868604654534
20
41.027120000825
30
0
0
VERTEX
8
0
10
91.6472218912809
20
41.050811503468
30
0
0
VERTEX
8
0
10
91.9075833171083
20
41.0745030061109
30
0
0
VERTEX
8
0
10
92.1679447429358
20
41.0981945087539
30
0
0
VERTEX
8
0
10
92.4283061687634
20
41.1218860113968
30
0
0
VERTEX
8
0
10
92.6886675945909
20
41.1455775140398
30
0
0
VERTEX
8
0
10
92.9490290204184
20
41.1692690166828
30
0
0
VERTEX
8
0
10
93.2093904462458
20
41.1918085024549
30
0
0
VERTEX
8
0
10
93.4697518720733
20
41.2144230198219
30
0
0
VERTEX
8
0
10
93.7301132979008
20
41.2370375371889
30
0
0
VERTEX
8
0
10
93.9904747237283
20
41.2596520545559
30
0
0
VERTEX
8
0
10
94.2508361495558
20
41.2822665719229
30
0
0
VERTEX
8
0
10
94.5111975753833
20
41.30488108929
30
0
0
VERTEX
8
0
10
94.7715590012108
20
41.327495606657
30
0
0
VERTEX
8
0
10
95.0319204270383
20
41.350110124024
30
0
0
VERTEX
8
0
10
95.2922818528658
20
41.372724641391
30
0
0
VERTEX
8
0
10
95.5526432786933
20
41.395339158758
30
0
0
VERTEX
8
0
10
95.8130047045208
20
41.4048971968879
30
0
0
VERTEX
8
0
10
96.0733661303483
20
41.4135117618964
30
0
0
VERTEX
8
0
10
96.3337275561758
20
41.4221263269049
30
0
0
VERTEX
8
0
10
96.5940889820033
20
41.4307408919133
30
0
0
VERTEX
8
0
10
96.8544504078308
20
41.4393554569218
30
0
0
VERTEX
8
0
10
97.1148118336583
20
41.4479700219303
30
0
0
VERTEX
8
0
10
97.3751732594858
20
41.4565845869388
30
0
0
VERTEX
8
0
10
97.6355346853133
20
41.4651991519472
30
0
0
VERTEX
8
0
10
97.8958961111408
20
41.4738137169557
30
0
0
VERTEX
8
0
10
98.1562575369683
20
41.4824282819642
30
0
0
VERTEX
8
0
10
98.4166189627958
20
41.4970355489601
30
0
0
VERTEX
8
0
10
98.6769803886233
20
41.5131883522687
30
0
0
VERTEX
8
0
10
98.9373418144508
20
41.5293411555774
30
0
0
VERTEX
8
0
10
99.1977032402783
20
41.545493958886
30
0
0
VERTEX
8
0
10
99.4580646661058
20
41.5616467621946
30
0
0
VERTEX
8
0
10
99.7184260919333
20
41.5777995655032
30
0
0
VERTEX
8
0
10
99.9787875177608
20
41.5939523688119
30
0
0
VERTEX
8
0
10
100.239148943588
20
41.6101051721205
30
0
0
VERTEX
8
0
10
100.499510369416
20
41.6262579754291
30
0
0
VERTEX
8
0
10
100.759871795243
20
41.6424107787377
30
0
0
VERTEX
8
0
10
101.020233221071
20
41.6571471187938
30
0
0
VERTEX
8
0
10
101.280594646898
20
41.6711460926885
30
0
0
VERTEX
8
0
10
101.540956072726
20
41.6851450665832
30
0
0
VERTEX
8
0
10
101.801317498553
20
41.6991440404779
30
0
0
VERTEX
8
0
10
102.061678924381
20
41.7131430143726
30
0
0
VERTEX
8
0
10
102.322040350208
20
41.7271419882673
30
0
0
VERTEX
8
0
10
102.582401776036
20
41.741140962162
30
0
0
VERTEX
8
0
10
102.842763201863
20
41.7551399360567
30
0
0
VERTEX
8
0
10
103.103124627691
20
41.7691389099514
30
0
0
VERTEX
8
0
10
103.363486053518
20
41.7831378838461
30
0
0
VERTEX
8
0
10
103.623847479346
20
41.7820120537726
30
0
0
VERTEX
8
0
10
103.884208905173
20
41.7669380136496
30
0
0
VERTEX
8
0
10
104.144570331001
20
41.7518639735266
30
0
0
VERTEX
8
0
10
104.404931756828
20
41.7367899334036
30
0
0
VERTEX
8
0
10
104.665293182656
20
41.7217158932807
30
0
0
VERTEX
8
0
10
104.925654608483
20
41.7066418531576
30
0
0
VERTEX
8
0
10
105.186016034311
20
41.6915678130347
30
0
0
VERTEX
8
0
10
105.446377460138
20
41.6764937729117
30
0
0
VERTEX
8
0
10
105.706738885966
20
41.6614197327887
30
0
0
VERTEX
8
0
10
105.967100311793
20
41.6463456926657
30
0
0
VERTEX
8
0
10
106.227461737621
20
41.6312716525427
30
0
0
VERTEX
8
0
10
106.487823163448
20
41.6072726704107
30
0
0
VERTEX
8
0
10
106.748184589276
20
41.5857388917147
30
0
0
VERTEX
8
0
10
107.008546015103
20
41.5642051130188
30
0
0
VERTEX
8
0
10
107.268907440931
20
41.5426713343228
30
0
0
VERTEX
8
0
10
107.529268866758
20
41.5211375556268
30
0
0
VERTEX
8
0
10
107.789630292586
20
41.4996037769308
30
0
0
VERTEX
8
0
10
108.049991718413
20
41.4780699982349
30
0
0
VERTEX
8
0
10
108.310353144241
20
41.4565362195389
30
0
0
VERTEX
8
0
10
108.570714570068
20
41.4350024408429
30
0
0
VERTEX
8
0
10
108.831075995896
20
41.413468662147
30
0
0
VERTEX
8
0
10
109.091437421723
20
41.3946107853565
30
0
0
VERTEX
8
0
10
109.351798847551
20
41.3752302152321
30
0
0
VERTEX
8
0
10
109.612160273378
20
41.3558496451076
30
0
0
VERTEX
8
0
10
109.872521699206
20
41.3364690749831
30
0
0
VERTEX
8
0
10
110.132883125033
20
41.3170885048586
30
0
0
VERTEX
8
0
10
110.393244550861
20
41.2977079347341
30
0
0
VERTEX
8
0
10
110.653605976688
20
41.2783273646097
30
0
0
VERTEX
8
0
10
110.913967402516
20
41.2589467944852
30
0
0
VERTEX
8
0
10
111.174328828343
20
41.2395662243607
30
0
0
VERTEX
8
0
10
111.434690254171
20
41.2201856542362
30
0
0
VERTEX
8
0
10
111.695051679998
20
41.2008050841117
30
0
0
VERTEX
8
0
10
111.955413105826
20
41.1814245139872
30
0
0
VERTEX
8
0
10
112.215774531653
20
41.1620439438628
30
0
0
VERTEX
8
0
10
112.476135957481
20
41.1426633737383
30
0
0
VERTEX
8
0
10
112.736497383308
20
41.1232828036138
30
0
0
VERTEX
8
0
10
112.996858809136
20
41.1039022334893
30
0
0
VERTEX
8
0
10
113.257220234963
20
41.0845216633649
30
0
0
VERTEX
8
0
10
113.517581660791
20
41.0651410932404
30
0
0
VERTEX
8
0
10
113.777943086618
20
41.0457605231159
30
0
0
VERTEX
8
0
10
114.038304512446
20
41.0263799529914
30
0
0
VERTEX
8
0
10
114.298665938273
20
41.0069993828669
30
0
0
VERTEX
8
0
10
114.559027364101
20
40.9876188127424
30
0
0
VERTEX
8
0
10
114.819388789928
20
40.968238242618
30
0
0
VERTEX
8
0
10
115.079750215756
20
40.9488576724935
30
0
0
VERTEX
8
0
10
115.340111641583
20
40.929477102369
30
0
0
VERTEX
8
0
10
115.600473067411
20
40.9100965322445
30
0
0
VERTEX
8
0
10
115.860834493238
20
40.89071596212
30
0
0
VERTEX
8
0
10
116.121195919066
20
40.8713353919955
30
0
0
VERTEX
8
0
10
116.381557344893
20
40.8519548218711
30
0
0
VERTEX
8
0
10
116.641918770721
20
40.8325742517466
30
0
0
VERTEX
8
0
10
116.902280196548
20
40.8078555939167
30
0
0
VERTEX
8
0
10
117.162641622376
20
40.7820155109313
30
0
0
VERTEX
8
0
10
117.423003048203
20
40.7561754279459
30
0
0
VERTEX
8
0
10
117.683364474031
20
40.7303353449605
30
0
0
VERTEX
8
0
10
117.943725899858
20
40.7044952619752
30
0
0
VERTEX
8
0
10
118.204087325686
20
40.6786551789898
30
0
0
VERTEX
8
0
10
118.464448751513
20
40.6528150960044
30
0
0
VERTEX
8
0
10
118.724810177341
20
40.626975013019
30
0
0
VERTEX
8
0
10
118.985171603168
20
40.6011349300337
30
0
0
VERTEX
8
0
10
119.245533028996
20
40.5752948470483
30
0
0
VERTEX
8
0
10
119.505894454823
20
40.5494547640629
30
0
0
VERTEX
8
0
10
119.766255880651
20
40.5236146810775
30
0
0
VERTEX
8
0
10
120.026617306478
20
40.4977745980921
30
0
0
VERTEX
8
0
10
120.286978732306
20
40.4719345151068
30
0
0
VERTEX
8
0
10
120.547340158133
20
40.4460944321214
30
0
0
VERTEX
8
0
10
120.807701583961
20
40.420254349136
30
0
0
VERTEX
8
0
10
121.068063009788
20
40.3944142661506
30
0
0
VERTEX
8
0
10
121.328424435616
20
40.3685741831653
30
0
0
VERTEX
8
0
10
121.588785861443
20
40.3427341001799
30
0
0
VERTEX
8
0
10
121.849147287271
20
40.3168940171945
30
0
0
VERTEX
8
0
10
122.109508713098
20
40.2916441996361
30
0
0
VERTEX
8
0
10
122.369870138926
20
40.2668806786166
30
0
0
VERTEX
8
0
10
122.630231564753
20
40.2421171575972
30
0
0
VERTEX
8
0
10
122.890592990581
20
40.2173536365778
30
0
0
VERTEX
8
0
10
123.150954416408
20
40.1925901155584
30
0
0
VERTEX
8
0
10
123.411315842236
20
40.167826594539
30
0
0
VERTEX
8
0
10
123.671677268063
20
40.1430630735196
30
0
0
VERTEX
8
0
10
123.932038693891
20
40.1182995525002
30
0
0
VERTEX
8
0
10
124.192400119718
20
40.0935360314808
30
0
0
VERTEX
8
0
10
124.452761545546
20
40.0687725104613
30
0
0
VERTEX
8
0
10
124.713122971373
20
40.0440089894419
30
0
0
VERTEX
8
0
10
124.973484397201
20
40.0192454684225
30
0
0
VERTEX
8
0
10
125.233845823028
20
39.9944819474031
30
0
0
VERTEX
8
0
10
125.494207248856
20
39.9697184263837
30
0
0
VERTEX
8
0
10
125.754568674683
20
39.9449549053643
30
0
0
VERTEX
8
0
10
126.014930100511
20
39.9201913843448
30
0
0
VERTEX
8
0
10
126.275291526338
20
39.8954278633254
30
0
0
VERTEX
8
0
10
126.535652952166
20
39.870664342306
30
0
0
VERTEX
8
0
10
126.796014377993
20
39.8459008212866
30
0
0
VERTEX
8
0
10
127.056375803821
20
39.8211373002672
30
0
0
VERTEX
8
0
10
127.316737229648
20
39.7963737792478
30
0
0
VERTEX
8
0
10
127.577098655476
20
39.770242731915
30
0
0
VERTEX
8
0
10
127.837460081303
20
39.7444026489296
30
0
0
VERTEX
8
0
10
128.097821507131
20
39.7185625659443
30
0
0
VERTEX
8
0
10
128.358182932958
20
39.6927224829589
30
0
0
VERTEX
8
0
10
128.618544358786
20
39.6668823999735
30
0
0
VERTEX
8
0
10
128.878905784613
20
39.6410423169881
30
0
0
VERTEX
8
0
10
129.139267210441
20
39.6152022340028
30
0
0
VERTEX
8
0
10
129.399628636268
20
39.5893621510174
30
0
0
VERTEX
8
0
10
129.659990062096
20
39.563522068032
30
0
0
VERTEX
8
0
10
129.920351487923
20
39.5376819850466
30
0
0
VERTEX
8
0
10
130.180712913751
20
39.5045351568599
30
0
0
VERTEX
8
0
10
130.441074339578
20
39.4722358995595
30
0
0
VERTEX
8
0
10
130.701435765406
20
39.4399366422592
30
0
0
VERTEX
8
0
10
130.961797191233
20
39.4076373849589
30
0
0
VERTEX
8
0
10
131.222158617061
20
39.3753381276585
30
0
0
VERTEX
8
0
10
131.482520042888
20
39.3430388703582
30
0
0
VERTEX
8
0
10
131.742881468716
20
39.3107396130578
30
0
0
VERTEX
8
0
10
132.003242894543
20
39.2784403557575
30
0
0
VERTEX
8
0
10
132.263604320371
20
39.2461410984572
30
0
0
VERTEX
8
0
10
132.523965746198
20
39.2138418411568
30
0
0
VERTEX
8
0
10
132.784327172026
20
39.1836781689314
30
0
0
VERTEX
8
0
10
133.044688597853
20
39.1535319321215
30
0
0
VERTEX
8
0
10
133.305050023681
20
39.1233856953115
30
0
0
VERTEX
8
0
10
133.565411449508
20
39.0932394585016
30
0
0
VERTEX
8
0
10
133.825772875336
20
39.0630932216917
30
0
0
VERTEX
8
0
10
134.086134301163
20
39.0329469848818
30
0
0
VERTEX
8
0
10
134.346495726991
20
39.0028007480719
30
0
0
VERTEX
8
0
10
134.606857152818
20
38.9726545112619
30
0
0
VERTEX
8
0
10
134.867218578646
20
38.942508274452
30
0
0
VERTEX
8
0
10
135.127580004473
20
38.9123620376421
30
0
0
VERTEX
8
0
10
135.387941430301
20
38.8831337236865
30
0
0
VERTEX
8
0
10
135.648302856128
20
38.8540640112271
30
0
0
VERTEX
8
0
10
135.908664281956
20
38.8249942987677
30
0
0
VERTEX
8
0
10
136.169025707783
20
38.7959245863082
30
0
0
VERTEX
8
0
10
136.429387133611
20
38.7668548738488
30
0
0
VERTEX
8
0
10
136.689748559438
20
38.7377851613894
30
0
0
VERTEX
8
0
10
136.950109985266
20
38.7087154489299
30
0
0
VERTEX
8
0
10
137.210471411093
20
38.6796457364705
30
0
0
VERTEX
8
0
10
137.470832836921
20
38.6505760240111
30
0
0
VERTEX
8
0
10
137.731194262748
20
38.6215063115516
30
0
0
VERTEX
8
0
10
137.991555688576
20
38.5909004320957
30
0
0
VERTEX
8
0
10
138.251917114403
20
38.5596776803389
30
0
0
VERTEX
8
0
10
138.512278540231
20
38.528454928582
30
0
0
VERTEX
8
0
10
138.772639966058
20
38.4972321768252
30
0
0
VERTEX
8
0
10
139.033001391886
20
38.4660094250683
30
0
0
VERTEX
8
0
10
139.293362817713
20
38.4347866733115
30
0
0
VERTEX
8
0
10
139.553724243541
20
38.4035639215546
30
0
0
VERTEX
8
0
10
139.814085669368
20
38.3723411697978
30
0
0
VERTEX
8
0
10
140.074447095196
20
38.3411184180409
30
0
0
VERTEX
8
0
10
140.334808521023
20
38.3098956662841
30
0
0
VERTEX
8
0
10
140.595169946851
20
38.2780547698203
30
0
0
VERTEX
8
0
10
140.855531372678
20
38.24575551252
30
0
0
VERTEX
8
0
10
141.115892798506
20
38.2134562552196
30
0
0
VERTEX
8
0
10
141.376254224333
20
38.1811569979193
30
0
0
VERTEX
8
0
10
141.636615650161
20
38.148857740619
30
0
0
VERTEX
8
0
10
141.896977075988
20
38.1165584833186
30
0
0
VERTEX
8
0
10
142.157338501816
20
38.0842592260183
30
0
0
VERTEX
8
0
10
142.417699927643
20
38.0519599687179
30
0
0
VERTEX
8
0
10
142.678061353471
20
38.0196607114176
30
0
0
VERTEX
8
0
10
142.938422779298
20
37.9873614541173
30
0
0
VERTEX
8
0
10
143.198784205126
20
37.9550621968169
30
0
0
VERTEX
8
0
10
143.459145630953
20
37.9289417158797
30
0
0
VERTEX
8
0
10
143.719507056781
20
37.9009485371744
30
0
0
VERTEX
8
0
10
143.979868482608
20
37.8729553584692
30
0
0
VERTEX
8
0
10
144.240229908436
20
37.8449621797639
30
0
0
VERTEX
8
0
10
144.500591334263
20
37.8169690010586
30
0
0
VERTEX
8
0
10
144.760952760091
20
37.7889758223534
30
0
0
VERTEX
8
0
10
145.021314185918
20
37.7609826436481
30
0
0
VERTEX
8
0
10
145.281675611746
20
37.7329894649429
30
0
0
VERTEX
8
0
10
145.542037037573
20
37.7049962862376
30
0
0
VERTEX
8
0
10
145.802398463401
20
37.6770031075323
30
0
0
VERTEX
8
0
10
146.062759889228
20
37.6462200916254
30
0
0
VERTEX
8
0
10
146.323121315056
20
37.6160738548154
30
0
0
VERTEX
8
0
10
146.583482740883
20
37.5859276180055
30
0
0
VERTEX
8
0
10
146.843844166711
20
37.5557813811956
30
0
0
VERTEX
8
0
10
147.104205592538
20
37.5256351443857
30
0
0
VERTEX
8
0
10
147.364567018366
20
37.4954889075757
30
0
0
VERTEX
8
0
10
147.624928444193
20
37.4653426707658
30
0
0
VERTEX
8
0
10
147.885289870021
20
37.4351964339559
30
0
0
VERTEX
8
0
10
148.145651295848
20
37.405050197146
30
0
0
VERTEX
8
0
10
148.406012721676
20
37.374903960336
30
0
0
VERTEX
8
0
10
148.666374147503
20
37.3422676984838
30
0
0
VERTEX
8
0
10
148.926735573331
20
37.3099684411834
30
0
0
VERTEX
8
0
10
149.187096999158
20
37.2776691838831
30
0
0
VERTEX
8
0
10
149.447458424986
20
37.2453699265828
30
0
0
VERTEX
8
0
10
149.707819850813
20
37.2130706692824
30
0
0
VERTEX
8
0
10
149.968181276641
20
37.1807714119821
30
0
0
VERTEX
8
0
10
150.228542702468
20
37.1484721546818
30
0
0
VERTEX
8
0
10
150.488904128296
20
37.1161728973814
30
0
0
VERTEX
8
0
10
150.749265554123
20
37.0838736400811
30
0
0
VERTEX
8
0
10
151.009626979951
20
37.0515743827807
30
0
0
VERTEX
8
0
10
151.269988405778
20
37.0214651964142
30
0
0
VERTEX
8
0
10
151.530349831606
20
36.9913189596043
30
0
0
VERTEX
8
0
10
151.790711257433
20
36.9611727227944
30
0
0
VERTEX
8
0
10
152.051072683261
20
36.9310264859844
30
0
0
VERTEX
8
0
10
152.311434109088
20
36.9008802491745
30
0
0
VERTEX
8
0
10
152.571795534916
20
36.8707340123646
30
0
0
VERTEX
8
0
10
152.832156960743
20
36.8405877755547
30
0
0
VERTEX
8
0
10
153.092518386571
20
36.8104415387447
30
0
0
VERTEX
8
0
10
153.352879812398
20
36.7802953019348
30
0
0
VERTEX
8
0
10
153.613241238226
20
36.7501490651249
30
0
0
VERTEX
8
0
10
153.873602664053
20
36.7284466050794
30
0
0
VERTEX
8
0
10
154.133964089881
20
36.7079176523687
30
0
0
VERTEX
8
0
10
154.394325515708
20
36.687388699658
30
0
0
VERTEX
8
0
10
154.654686941536
20
36.6668597469473
30
0
0
VERTEX
8
0
10
154.915048367363
20
36.6463307942365
30
0
0
VERTEX
8
0
10
155.175409793191
20
36.6258018415258
30
0
0
VERTEX
8
0
10
155.435771219018
20
36.6052728888151
30
0
0
SEQEND
8
0
0
POLYLINE
8
0
62
6
70
0
10
0
20
0
30
0
0
VERTEX
8
0
10
13.7991555688578
20
32.9314438581167
30
0
0
VERTEX
8
0
10
14.0595169946853
20
33.3297834840737
30
0
0
VERTEX
8
0
10
14.3198784205128
20
33.7281231100307
30
0
0
VERTEX
8
0
10
14.5802398463403
20
34.1264627359877
30
0
0
VERTEX
8
0
10
14.8406012721678
20
34.5248023619447
30
0
0
VERTEX
8
0
10
15.1009626979953
20
34.9231419879017
30
0
0
VERTEX
8
0
10
15.3613241238228
20
35.3257318771483
30
0
0
VERTEX
8
0
10
15.6216855496503
20
35.7305628218737
30
0
0
VERTEX
8
0
10
15.8820469754778
20
36.135393766599
30
0
0
VERTEX
8
0
10
16.1424084013053
20
36.5402247113244
30
0
0
VERTEX
8
0
10
16.4027698271328
20
36.9450556560497
30
0
0
VERTEX
8
0
10
16.6631312529603
20
37.3498866007751
30
0
0
VERTEX
8
0
10
16.9234926787878
20
37.7547175455004
30
0
0
VERTEX
8
0
10
17.1838541046153
20
38.1627868649681
30
0
0
VERTEX
8
0
10
17.4442155304428
20
38.5702855738979
30
0
0
VERTEX
8
0
10
17.7045769562703
20
38.9777842828277
30
0
0
VERTEX
8
0
10
17.9649383820978
20
39.3852829917575
30
0
0
VERTEX
8
0
10
18.2252998079253
20
39.7927817006874
30
0
0
VERTEX
8
0
10
18.4856612337528
20
40.2002804096172
30
0
0
VERTEX
8
0
10
18.7460226595803
20
40.607779118547
30
0
0
VERTEX
8
0
10
19.0063840854078
20
41.0152778274768
30
0
0
VERTEX
8
0
10
19.2667455112354
20
41.4227765364067
30
0
0
VERTEX
8
0
10
19.5271069370629
20
41.8302752453365
30
0
0
VERTEX
8
0
10
19.7874683628904
20
42.2377739542663
30
0
0
VERTEX
8
0
10
20.0478297887179
20
42.6452726631961
30
0
0
VERTEX
8
0
10
20.3081912145454
20
43.052771372126
30
0
0
VERTEX
8
0
10
20.5685526403729
20
43.4602700810558
30
0
0
VERTEX
8
0
10
20.8289140662004
20
43.8677687899856
30
0
0
VERTEX
8
0
10
21.0892754920279
20
44.2752674989155
30
0
0
VERTEX
8
0
10
21.3496369178554
20
44.6827662078453
30
0
0
VERTEX
8
0
10
21.6099983436829
20
45.0902649167751
30
0
0
VERTEX
8
0
10
21.8703597695104
20
45.4977636257049
30
0
0
VERTEX
8
0
10
22.1307211953379
20
45.8981276413368
30
0
0
VERTEX
8
0
10
22.3910826211654
20
46.2976232305889
30
0
0
VERTEX
8
0
10
22.6514440469929
20
46.697118819841
30
0
0
VERTEX
8
0
10
22.9118054728204
20
47.0966144090932
30
0
0
VERTEX
8
0
10
23.1721668986479
20
47.4961099983453
30
0
0
VERTEX
8
0
10
23.4325283244754
20
47.8956055875975
30
0
0
VERTEX
8
0
10
23.6928897503029
20
48.2951011768496
30
0
0
VERTEX
8
0
10
23.9532511761304
20
48.7139444541211
30
0
0
VERTEX
8
0
10
24.2136126019579
20
49.1267788644049
30
0
0
VERTEX
8
0
10
24.4739740277855
20
49.5396132746887
30
0
0
VERTEX
8
0
10
24.734335453613
20
49.9524476849726
30
0
0
VERTEX
8
0
10
24.9946968794405
20
50.3652820952564
30
0
0
VERTEX
8
0
10
25.255058305268
20
50.7781165055403
30
0
0
VERTEX
8
0
10
25.5154197310955
20
51.1254116580944
30
0
0
VERTEX
8
0
10
25.775781156923
20
51.4733440293012
30
0
0
VERTEX
8
0
10
26.0361425827505
20
51.821276400508
30
0
0
VERTEX
8
0
10
26.296504008578
20
52.1692087717147
30
0
0
VERTEX
8
0
10
26.5568654344055
20
52.5171411429215
30
0
0
VERTEX
8
0
10
26.817226860233
20
52.8650735141283
30
0
0
VERTEX
8
0
10
27.0775882860605
20
53.213005885335
30
0
0
VERTEX
8
0
10
27.337949711888
20
53.5369330357005
30
0
0
VERTEX
8
0
10
27.5983111377155
20
53.8477703363819
30
0
0
VERTEX
8
0
10
27.858672563543
20
54.1586076370634
30
0
0
VERTEX
8
0
10
28.1190339893705
20
54.4694449377448
30
0
0
VERTEX
8
0
10
28.379395415198
20
54.7802822384262
30
0
0
VERTEX
8
0
10
28.6397568410255
20
55.0911195391077
30
0
0
VERTEX
8
0
10
28.900118266853
20
55.4019568397891
30
0
0
VERTEX
8
0
10
29.1604796926805
20
55.7127941404705
30
0
0
VERTEX
8
0
10
29.420841118508
20
56.023631441152
30
0
0
VERTEX
8
0
10
29.6812025443356
20
56.3388642416959
30
0
0
VERTEX
8
0
10
29.9415639701631
20
56.6529267581114
30
0
0
VERTEX
8
0
10
30.2019253959906
20
56.9669892745268
30
0
0
VERTEX
8
0
10
30.4622868218181
20
57.2810517909423
30
0
0
VERTEX
8
0
10
30.7226482476456
20
57.5951143073578
30
0
0
VERTEX
8
0
10
30.9830096734731
20
57.9091768237732
30
0
0
VERTEX
8
0
10
31.2433710993006
20
58.2232393401886
30
0
0
VERTEX
8
0
10
31.5037325251281
20
58.5373018566041
30
0
0
VERTEX
8
0
10
31.7640939509556
20
58.8513643730196
30
0
0
VERTEX
8
0
10
32.0244553767831
20
59.165426889435
30
0
0
VERTEX
8
0
10
32.2848168026106
20
59.4794894058505
30
0
0
VERTEX
8
0
10
32.5451782284381
20
59.7935519222659
30
0
0
VERTEX
8
0
10
32.8055396542656
20
60.1076144386814
30
0
0
VERTEX
8
0
10
33.0659010800931
20
60.4216769550968
30
0
0
VERTEX
8
0
10
33.3262625059206
20
60.7357394715123
30
0
0
VERTEX
8
0
10
33.5866239317481
20
61.0498019879277
30
0
0
VERTEX
8
0
10
33.8469853575756
20
61.3640668112607
30
0
0
VERTEX
8
0
10
34.1073467834031
20
61.6783839535608
30
0
0
VERTEX
8
0
10
34.3677082092306
20
61.9927010958608
30
0
0
VERTEX
8
0
10
34.6280696350581
20
62.3070182381609
30
0
0
VERTEX
8
0
10
34.8884310608857
20
62.621335380461
30
0
0
VERTEX
8
0
10
35.1487924867132
20
62.9356525227611
30
0
0
VERTEX
8
0
10
35.4091539125407
20
63.2499696650611
30
0
0
VERTEX
8
0
10
35.6695153383682
20
63.5642868073612
30
0
0
VERTEX
8
0
10
35.9298767641957
20
63.8786039496613
30
0
0
VERTEX
8
0
10
36.1902381900232
20
64.1913167438876
30
0
0
VERTEX
8
0
10
36.4505996158507
20
64.5041061387601
30
0
0
VERTEX
8
0
10
36.7109610416782
20
64.8168955336326
30
0
0
VERTEX
8
0
10
36.9713224675057
20
65.1296849285052
30
0
0
VERTEX
8
0
10
37.2316838933332
20
65.4424743233777
30
0
0
VERTEX
8
0
10
37.4920453191607
20
65.7552637182502
30
0
0
VERTEX
8
0
10
37.7524067449882
20
66.0680531131227
30
0
0
VERTEX
8
0
10
38.0127681708157
20
66.3808425079953
30
0
0
VERTEX
8
0
10
38.2731295966432
20
66.6936319028678
30
0
0
VERTEX
8
0
10
38.5334910224707
20
66.9532514266597
30
0
0
VERTEX
8
0
10
38.7938524482982
20
67.2253194354811
30
0
0
VERTEX
8
0
10
39.0542138741257
20
67.4973874443025
30
0
0
VERTEX
8
0
10
39.3145752999532
20
67.7694554531239
30
0
0
VERTEX
8
0
10
39.5749367257807
20
68.0415234619453
30
0
0
VERTEX
8
0
10
39.8352981516082
20
68.3135914707668
30
0
0
VERTEX
8
0
10
40.0956595774358
20
68.5856594795882
30
0
0
VERTEX
8
0
10
40.3560210032633
20
68.8577274884096
30
0
0
VERTEX
8
0
10
40.6163824290908
20
69.129795497231
30
0
0
VERTEX
8
0
10
40.8767438549183
20
69.3812323953661
30
0
0
VERTEX
8
0
10
41.1371052807458
20
69.6345364176095
30
0
0
VERTEX
8
0
10
41.3974667065733
20
69.8878404398529
30
0
0
VERTEX
8
0
10
41.6578281324008
20
70.1411444620963
30
0
0
VERTEX
8
0
10
41.9181895582283
20
70.3944484843397
30
0
0
VERTEX
8
0
10
42.1785509840558
20
70.6477525065831
30
0
0
VERTEX
8
0
10
42.4389124098833
20
70.9010565288265
30
0
0
VERTEX
8
0
10
42.6992738357108
20
71.1543605510699
30
0
0
VERTEX
8
0
10
42.9596352615383
20
71.4076645733133
30
0
0
VERTEX
8
0
10
43.2199966873658
20
71.6609685955567
30
0
0
VERTEX
8
0
10
43.4803581131933
20
71.9195162434115
30
0
0
VERTEX
8
0
10
43.7407195390208
20
72.1782153688728
30
0
0
VERTEX
8
0
10
44.0010809648483
20
72.4369144943341
30
0
0
VERTEX
8
0
10
44.2614423906758
20
72.6956136197954
30
0
0
VERTEX
8
0
10
44.5218038165033
20
72.9543127452567
30
0
0
VERTEX
8
0
10
44.7821652423308
20
73.2130118707181
30
0
0
VERTEX
8
0
10
45.0425266681583
20
73.4717109961794
30
0
0
VERTEX
8
0
10
45.3028880939859
20
73.7304101216407
30
0
0
VERTEX
8
0
10
45.5632495198134
20
73.989109247102
30
0
0
VERTEX
8
0
10
45.8236109456409
20
74.2478083725633
30
0
0
VERTEX
8
0
10
46.0839723714684
20
74.4937498031029
30
0
0
VERTEX
8
0
10
46.3443337972959
20
74.7373432340142
30
0
0
VERTEX
8
0
10
46.6046952231234
20
74.9809366649256
30
0
0
VERTEX
8
0
10
46.8650566489509
20
75.2245300958369
30
0
0
VERTEX
8
0
10
47.1254180747784
20
75.4681235267481
30
0
0
VERTEX
8
0
10
47.3857795006059
20
75.7117169576594
30
0
0
VERTEX
8
0
10
47.6461409264334
20
75.9553103885708
30
0
0
VERTEX
8
0
10
47.9065023522609
20
76.1989038194821
30
0
0
VERTEX
8
0
10
48.1668637780884
20
76.4424972503933
30
0
0
VERTEX
8
0
10
48.4272252039159
20
76.6860906813046
30
0
0
VERTEX
8
0
10
48.6875866297434
20
76.9381889262508
30
0
0
VERTEX
8
0
10
48.9479480555709
20
77.1936509614724
30
0
0
VERTEX
8
0
10
49.2083094813984
20
77.449112996694
30
0
0
VERTEX
8
0
10
49.4686709072259
20
77.7045750319156
30
0
0
VERTEX
8
0
10
49.7290323330534
20
77.9600370671372
30
0
0
VERTEX
8
0
10
49.9893937588809
20
78.2154991023588
30
0
0
VERTEX
8
0
10
50.2497551847084
20
78.4709611375803
30
0
0
VERTEX
8
0
10
50.5101166105359
20
78.7264231728019
30
0
0
VERTEX
8
0
10
50.7704780363635
20
78.9818852080235
30
0
0
VERTEX
8
0
10
51.030839462191
20
79.2373472432451
30
0
0
VERTEX
8
0
10
51.2912008880185
20
79.4654821539701
30
0
0
VERTEX
8
0
10
51.551562313846
20
79.6745552266122
30
0
0
VERTEX
8
0
10
51.8119237396735
20
79.8836282992542
30
0
0
VERTEX
8
0
10
52.072285165501
20
80.0927013718963
30
0
0
VERTEX
8
0
10
52.3326465913285
20
80.3017744445383
30
0
0
VERTEX
8
0
10
52.593008017156
20
80.5108475171804
30
0
0
VERTEX
8
0
10
52.8533694429835
20
80.7199205898225
30
0
0
VERTEX
8
0
10
53.113730868811
20
80.9289936624645
30
0
0
VERTEX
8
0
10
53.3740922946385
20
81.1380667351066
30
0
0
VERTEX
8
0
10
53.634453720466
20
81.3471398077486
30
0
0
VERTEX
8
0
10
53.8948151462935
20
81.5562128803907
30
0
0
VERTEX
8
0
10
54.155176572121
20
81.7338000046591
30
0
0
VERTEX
8
0
10
54.4155379979485
20
81.9213027577431
30
0
0
VERTEX
8
0
10
54.675899423776
20
82.1088055108271
30
0
0
VERTEX
8
0
10
54.9362608496035
20
82.2963082639112
30
0
0
VERTEX
8
0
10
55.196622275431
20
82.4838110169952
30
0
0
VERTEX
8
0
10
55.4569837012585
20
82.6713137700793
30
0
0
VERTEX
8
0
10
55.717345127086
20
82.8588165231633
30
0
0
VERTEX
8
0
10
55.9777065529135
20
83.0463192762473
30
0
0
VERTEX
8
0
10
56.238067978741
20
83.2338220293314
30
0
0
VERTEX
8
0
10
56.4984294045685
20
83.4213247824154
30
0
0
VERTEX
8
0
10
56.758790830396
20
83.6102612005533
30
0
0
VERTEX
8
0
10
57.0191522562235
20
83.7988423800363
30
0
0
VERTEX
8
0
10
57.279513682051
20
83.9874235595193
30
0
0
VERTEX
8
0
10
57.5398751078785
20
84.1760047390023
30
0
0
VERTEX
8
0
10
57.800236533706
20
84.3645859184854
30
0
0
VERTEX
8
0
10
58.0605979595335
20
84.5531670979684
30
0
0
VERTEX
8
0
10
58.320959385361
20
84.7417482774514
30
0
0
VERTEX
8
0
10
58.5813208111885
20
84.9303294569344
30
0
0
VERTEX
8
0
10
58.841682237016
20
85.1189106364175
30
0
0
VERTEX
8
0
10
59.1020436628435
20
85.3074918159005
30
0
0
VERTEX
8
0
10
59.362405088671
20
85.4947797841804
30
0
0
VERTEX
8
0
10
59.6227665144985
20
85.6822825372645
30
0
0
VERTEX
8
0
10
59.883127940326
20
85.8697852903485
30
0
0
VERTEX
8
0
10
60.1434893661535
20
86.0572880434326
30
0
0
VERTEX
8
0
10
60.403850791981
20
86.2447907965166
30
0
0
VERTEX
8
0
10
60.6642122178084
20
86.4322935496006
30
0
0
VERTEX
8
0
10
60.924573643636
20
86.6197963026847
30
0
0
VERTEX
8
0
10
61.1849350694635
20
86.8072990557687
30
0
0
VERTEX
8
0
10
61.4452964952909
20
86.9948018088528
30
0
0
VERTEX
8
0
10
61.7056579211184
20
87.1823045619368
30
0
0
VERTEX
8
0
10
61.9660193469459
20
87.3732654740418
30
0
0
VERTEX
8
0
10
62.2263807727734
20
87.5640035346088
30
0
0
VERTEX
8
0
10
62.4867421986009
20
87.7547415951757
30
0
0
VERTEX
8
0
10
62.7471036244284
20
87.9454796557427
30
0
0
VERTEX
8
0
10
63.0074650502559
20
88.1362177163097
30
0
0
VERTEX
8
0
10
63.2678264760834
20
88.3269557768767
30
0
0
VERTEX
8
0
10
63.5281879019109
20
88.5176938374437
30
0
0
VERTEX
8
0
10
63.7885493277384
20
88.7084318980106
30
0
0
VERTEX
8
0
10
64.0489107535659
20
88.8991699585776
30
0
0
VERTEX
8
0
10
64.3092721793934
20
89.0899080191446
30
0
0
VERTEX
8
0
10
64.5696336052209
20
89.2553395107441
30
0
0
VERTEX
8
0
10
64.8299950310484
20
89.4191192682404
30
0
0
VERTEX
8
0
10
65.0903564568759
20
89.5828990257366
30
0
0
VERTEX
8
0
10
65.3507178827034
20
89.7466787832329
30
0
0
VERTEX
8
0
10
65.6110793085309
20
89.9104585407292
30
0
0
VERTEX
8
0
10
65.8714407343584
20
90.0742382982255
30
0
0
VERTEX
8
0
10
66.1318021601859
20
90.2380180557217
30
0
0
VERTEX
8
0
10
66.3921635860134
20
90.401797813218
30
0
0
VERTEX
8
0
10
66.6525250118409
20
90.5655775707143
30
0
0
VERTEX
8
0
10
66.9128864376684
20
90.7293573282106
30
0
0
VERTEX
8
0
10
67.1732478634959
20
90.8826901009608
30
0
0
VERTEX
8
0
10
67.4336092893234
20
91.0335319656239
30
0
0
VERTEX
8
0
10
67.6939707151509
20
91.184373830287
30
0
0
VERTEX
8
0
10
67.9543321409784
20
91.3352156949501
30
0
0
VERTEX
8
0
10
68.2146935668059
20
91.4860575596132
30
0
0
VERTEX
8
0
10
68.4750549926334
20
91.6368994242763
30
0
0
VERTEX
8
0
10
68.7354164184609
20
91.7877412889394
30
0
0
VERTEX
8
0
10
68.9957778442884
20
91.9385831536025
30
0
0
VERTEX
8
0
10
69.2561392701159
20
92.0894250182656
30
0
0
VERTEX
8
0
10
69.5165006959434
20
92.2402668829287
30
0
0
VERTEX
8
0
10
69.7768621217709
20
92.3925656681657
30
0
0
VERTEX
8
0
10
70.0372235475984
20
92.5455637540524
30
0
0
VERTEX
8
0
10
70.2975849734259
20
92.698561839939
30
0
0
VERTEX
8
0
10
70.5579463992534
20
92.8515599258256
30
0
0
VERTEX
8
0
10
70.8183078250809
20
93.0045580117122
30
0
0
VERTEX
8
0
10
71.0786692509084
20
93.1575560975988
30
0
0
VERTEX
8
0
10
71.3390306767359
20
93.3105541834855
30
0
0
VERTEX
8
0
10
71.5993921025634
20
93.4635522693721
30
0
0
VERTEX
8
0
10
71.8597535283909
20
93.6165503552587
30
0
0
VERTEX
8
0
10
72.1201149542184
20
93.7695484411453
30
0
0
VERTEX
8
0
10
72.3804763800459
20
93.9219600524195
30
0
0
VERTEX
8
0
10
72.6408378058734
20
94.0738800229821
30
0
0
VERTEX
8
0
10
72.9011992317009
20
94.2257999935448
30
0
0
VERTEX
8
0
10
73.1615606575284
20
94.3777199641074
30
0
0
VERTEX
8
0
10
73.4219220833559
20
94.5296399346701
30
0
0
VERTEX
8
0
10
73.6822835091834
20
94.6815599052327
30
0
0
VERTEX
8
0
10
73.9426449350109
20
94.8334798757954
30
0
0
VERTEX
8
0
10
74.2030063608384
20
94.985399846358
30
0
0
VERTEX
8
0
10
74.4633677866659
20
95.1373198169207
30
0
0
VERTEX
8
0
10
74.7237292124934
20
95.2892397874833
30
0
0
VERTEX
8
0
10
74.9840906383209
20
95.441159758046
30
0
0
VERTEX
8
0
10
75.2444520641484
20
95.5915571885832
30
0
0
VERTEX
8
0
10
75.5048134899759
20
95.7423990532463
30
0
0
VERTEX
8
0
10
75.7651749158034
20
95.8932409179094
30
0
0
VERTEX
8
0
10
76.0255363416309
20
96.0440827825725
30
0
0
VERTEX
8
0
10
76.2858977674584
20
96.1949246472356
30
0
0
VERTEX
8
0
10
76.5462591932859
20
96.3457665118987
30
0
0
VERTEX
8
0
10
76.8066206191134
20
96.4966083765618
30
0
0
VERTEX
8
0
10
77.0669820449409
20
96.6474502412249
30
0
0
VERTEX
8
0
10
77.3273434707684
20
96.798292105888
30
0
0
VERTEX
8
0
10
77.5877048965959
20
96.9491339705511
30
0
0
VERTEX
8
0
10
77.8480663224234
20
97.0682286562446
30
0
0
VERTEX
8
0
10
78.1084277482509
20
97.1942766860722
30
0
0
VERTEX
8
0
10
78.3687891740784
20
97.3203247158998
30
0
0
VERTEX
8
0
10
78.6291505999059
20
97.4463727457274
30
0
0
VERTEX
8
0
10
78.8895120257334
20
97.5724207755549
30
0
0
VERTEX
8
0
10
79.1498734515609
20
97.6984688053825
30
0
0
VERTEX
8
0
10
79.4102348773884
20
97.8245168352101
30
0
0
VERTEX
8
0
10
79.6705963032159
20
97.9505648650377
30
0
0
VERTEX
8
0
10
79.9309577290434
20
98.0766128948653
30
0
0
VERTEX
8
0
10
80.1913191548709
20
98.2026609246929
30
0
0
VERTEX
8
0
10
80.4516805806984
20
98.3262349329297
30
0
0
VERTEX
8
0
10
80.7120420065259
20
98.4501272126773
30
0
0
VERTEX
8
0
10
80.9724034323534
20
98.5740194924248
30
0
0
VERTEX
8
0
10
81.2327648581809
20
98.6979117721724
30
0
0
VERTEX
8
0
10
81.4931262840084
20
98.82180405192
30
0
0
VERTEX
8
0
10
81.7534877098359
20
98.9456963316675
30
0
0
VERTEX
8
0
10
82.0138491356634
20
99.0695886114151
30
0
0
VERTEX
8
0
10
82.2742105614909
20
99.1934808911627
30
0
0
VERTEX
8
0
10
82.5345719873184
20
99.3173731709103
30
0
0
VERTEX
8
0
10
82.7949334131459
20
99.4412654506578
30
0
0
VERTEX
8
0
10
83.0552948389734
20
99.5618765076866
30
0
0
VERTEX
8
0
10
83.3156562648009
20
99.6825352329729
30
0
0
VERTEX
8
0
10
83.5760176906284
20
99.8031939582591
30
0
0
VERTEX
8
0
10
83.8363791164559
20
99.9238526835453
30
0
0
VERTEX
8
0
10
84.0967405422834
20
100.044511408832
30
0
0
VERTEX
8
0
10
84.3571019681109
20
100.165170134118
30
0
0
VERTEX
8
0
10
84.6174633939384
20
100.285828859404
30
0
0
VERTEX
8
0
10
84.8778248197659
20
100.40648758469
30
0
0
VERTEX
8
0
10
85.1381862455934
20
100.527146309977
30
0
0
VERTEX
8
0
10
85.3985476714209
20
100.647805035263
30
0
0
VERTEX
8
0
10
85.6589090972484
20
100.768463760549
30
0
0
VERTEX
8
0
10
85.9192705230759
20
100.889122485835
30
0
0
VERTEX
8
0
10
86.1796319489034
20
101.009781211122
30
0
0
VERTEX
8
0
10
86.4399933747309
20
101.130439936408
30
0
0
VERTEX
8
0
10
86.7003548005584
20
101.251098661694
30
0
0
VERTEX
8
0
10
86.9607162263859
20
101.37175738698
30
0
0
VERTEX
8
0
10
87.2210776522134
20
101.492416112267
30
0
0
VERTEX
8
0
10
87.4814390780409
20
101.613074837553
30
0
0
VERTEX
8
0
10
87.7418005038684
20
101.733733562839
30
0
0
VERTEX
8
0
10
88.0021619296959
20
101.854392288125
30
0
0
VERTEX
8
0
10
88.2625233555234
20
101.975051013412
30
0
0
VERTEX
8
0
10
88.5228847813509
20
102.095709738698
30
0
0
VERTEX
8
0
10
88.7832462071784
20
102.216368463984
30
0
0
VERTEX
8
0
10
89.0436076330059
20
102.33702718927
30
0
0
VERTEX
8
0
10
89.3039690588334
20
102.457685914557
30
0
0
VERTEX
8
0
10
89.5643304846609
20
102.578344639843
30
0
0
VERTEX
8
0
10
89.8246919104884
20
102.699003365129
30
0
0
VERTEX
8
0
10
90.0850533363159
20
102.819662090415
30
0
0
VERTEX
8
0
10
90.3454147621433
20
102.940320815702
30
0
0
VERTEX
8
0
10
90.6057761879709
20
103.060979540988
30
0
0
VERTEX
8
0
10
90.8661376137984
20
103.159080100565
30
0
0
VERTEX
8
0
10
91.1264990396259
20
103.24309780019
30
0
0
VERTEX
8
0
10
91.3868604654534
20
103.327115499815
30
0
0
VERTEX
8
0
10
91.6472218912809
20
103.411133199441
30
0
0
VERTEX
8
0
10
91.9075833171083
20
103.495150899066
30
0
0
VERTEX
8
0
10
92.1679447429358
20
103.579168598691
30
0
0
VERTEX
8
0
10
92.4283061687634
20
103.663186298316
30
0
0
VERTEX
8
0
10
92.6886675945909
20
103.747203997941
30
0
0
VERTEX
8
0
10
92.9490290204184
20
103.831221697566
30
0
0
VERTEX
8
0
10
93.2093904462458
20
103.915239397191
30
0
0
VERTEX
8
0
10
93.4697518720733
20
103.999257096816
30
0
0
VERTEX
8
0
10
93.7301132979008
20
104.078487068981
30
0
0
VERTEX
8
0
10
93.9904747237283
20
104.159272259624
30
0
0
VERTEX
8
0
10
94.2508361495558
20
104.240057450267
30
0
0
VERTEX
8
0
10
94.5111975753833
20
104.32084264091
30
0
0
VERTEX
8
0
10
94.7715590012108
20
104.401627831553
30
0
0
VERTEX
8
0
10
95.0319204270383
20
104.482413022196
30
0
0
VERTEX
8
0
10
95.2922818528658
20
104.563198212839
30
0
0
VERTEX
8
0
10
95.5526432786933
20
104.643983403482
30
0
0
VERTEX
8
0
10
95.8130047045208
20
104.724768594125
30
0
0
VERTEX
8
0
10
96.0733661303483
20
104.805553784768
30
0
0
VERTEX
8
0
10
96.3337275561758
20
104.881986677611
30
0
0
VERTEX
8
0
10
96.5940889820033
20
104.959539444018
30
0
0
VERTEX
8
0
10
96.8544504078308
20
105.037092210426
30
0
0
VERTEX
8
0
10
97.1148118336583
20
105.114644976833
30
0
0
VERTEX
8
0
10
97.3751732594858
20
105.19219774324
30
0
0
VERTEX
8
0
10
97.6355346853133
20
105.269750509648
30
0
0
VERTEX
8
0
10
97.8958961111408
20
105.347303276055
30
0
0
VERTEX
8
0
10
98.1562575369683
20
105.424856042463
30
0
0
VERTEX
8
0
10
98.4166189627958
20
105.50240880887
30
0
0
VERTEX
8
0
10
98.6769803886233
20
105.579961575278
30
0
0
VERTEX
8
0
10
98.9373418144508
20
105.660125373094
30
0
0
VERTEX
8
0
10
99.1977032402783
20
105.739833079576
30
0
0
VERTEX
8
0
10
99.4580646661058
20
105.819540786058
30
0
0
VERTEX
8
0
10
99.7184260919333
20
105.899248492539
30
0
0
VERTEX
8
0
10
99.9787875177608
20
105.978956199021
30
0
0
VERTEX
8
0
10
100.239148943588
20
106.058663905503
30
0
0
VERTEX
8
0
10
100.499510369416
20
106.138371611985
30
0
0
VERTEX
8
0
10
100.759871795243
20
106.218079318466
30
0
0
VERTEX
8
0
10
101.020233221071
20
106.297787024948
30
0
0
VERTEX
8
0
10
101.280594646898
20
106.37749473143
30
0
0
VERTEX
8
0
10
101.540956072726
20
106.450240356131
30
0
0
VERTEX
8
0
10
101.801317498553
20
106.523483355379
30
0
0
VERTEX
8
0
10
102.061678924381
20
106.596726354627
30
0
0
VERTEX
8
0
10
102.322040350208
20
106.669969353876
30
0
0
VERTEX
8
0
10
102.582401776036
20
106.743212353124
30
0
0
VERTEX
8
0
10
102.842763201863
20
106.816455352373
30
0
0
VERTEX
8
0
10
103.103124627691
20
106.889698351621
30
0
0
VERTEX
8
0
10
103.363486053518
20
106.96294135087
30
0
0
VERTEX
8
0
10
103.623847479346
20
107.036184350118
30
0
0
VERTEX
8
0
10
103.884208905173
20
107.109427349367
30
0
0
VERTEX
8
0
10
104.144570331001
20
107.162374359241
30
0
0
VERTEX
8
0
10
104.404931756828
20
107.214070782232
30
0
0
VERTEX
8
0
10
104.665293182656
20
107.265767205224
30
0
0
VERTEX
8
0
10
104.925654608483
20
107.317463628215
30
0
0
VERTEX
8
0
10
105.186016034311
20
107.369160051207
30
0
0
VERTEX
8
0
10
105.446377460138
20
107.420856474198
30
0
0
VERTEX
8
0
10
105.706738885966
20
107.47255289719
30
0
0
VERTEX
8
0
10
105.967100311793
20
107.524249320181
30
0
0
VERTEX
8
0
10
106.227461737621
20
107.575945743173
30
0
0
VERTEX
8
0
10
106.487823163448
20
107.627642166165
30
0
0
VERTEX
8
0
10
106.748184589276
20
107.676733562098
30
0
0
VERTEX
8
0
10
107.008546015103
20
107.725198323422
30
0
0
VERTEX
8
0
10
107.268907440931
20
107.773663084745
30
0
0
VERTEX
8
0
10
107.529268866758
20
107.822127846068
30
0
0
VERTEX
8
0
10
107.789630292586
20
107.870592607391
30
0
0
VERTEX
8
0
10
108.049991718413
20
107.919057368715
30
0
0
VERTEX
8
0
10
108.310353144241
20
107.967522130038
30
0
0
VERTEX
8
0
10
108.570714570068
20
108.015986891361
30
0
0
VERTEX
8
0
10
108.831075995896
20
108.064451652684
30
0
0
VERTEX
8
0
10
109.091437421723
20
108.112916414008
30
0
0
VERTEX
8
0
10
109.351798847551
20
108.160659343846
30
0
0
VERTEX
8
0
10
109.612160273378
20
108.208046903439
30
0
0
VERTEX
8
0
10
109.872521699206
20
108.255434463031
30
0
0
VERTEX
8
0
10
110.132883125033
20
108.302822022624
30
0
0
VERTEX
8
0
10
110.393244550861
20
108.350209582216
30
0
0
VERTEX
8
0
10
110.653605976688
20
108.397597141809
30
0
0
VERTEX
8
0
10
110.913967402516
20
108.444984701401
30
0
0
VERTEX
8
0
10
111.174328828343
20
108.492372260994
30
0
0
VERTEX
8
0
10
111.434690254171
20
108.539759820586
30
0
0
VERTEX
8
0
10
111.695051679998
20
108.587147380178
30
0
0
VERTEX
8
0
10
111.955413105826
20
108.63511022786
30
0
0
VERTEX
8
0
10
112.215774531653
20
108.683574989183
30
0
0
VERTEX
8
0
10
112.476135957481
20
108.732039750507
30
0
0
VERTEX
8
0
10
112.736497383308
20
108.78050451183
30
0
0
VERTEX
8
0
10
112.996858809136
20
108.828969273153
30
0
0
VERTEX
8
0
10
113.257220234963
20
108.877434034476
30
0
0
VERTEX
8
0
10
113.517581660791
20
108.9258987958
30
0
0
VERTEX
8
0
10
113.777943086618
20
108.974363557123
30
0
0
VERTEX
8
0
10
114.038304512446
20
109.022828318446
30
0
0
VERTEX
8
0
10
114.298665938273
20
109.07129307977
30
0
0
VERTEX
8
0
10
114.559027364101
20
109.119757841093
30
0
0
VERTEX
8
0
10
114.819388789928
20
109.163704659512
30
0
0
VERTEX
8
0
10
115.079750215756
20
109.20893784388
30
0
0
VERTEX
8
0
10
115.340111641583
20
109.254171028248
30
0
0
VERTEX
8
0
10
115.600473067411
20
109.299404212616
30
0
0
VERTEX
8
0
10
115.860834493238
20
109.344637396984
30
0
0
VERTEX
8
0
10
116.121195919066
20
109.389870581352
30
0
0
VERTEX
8
0
10
116.381557344893
20
109.43510376572
30
0
0
VERTEX
8
0
10
116.641918770721
20
109.480336950088
30
0
0
VERTEX
8
0
10
116.902280196548
20
109.525570134456
30
0
0
VERTEX
8
0
10
117.162641622376
20
109.570803318825
30
0
0
VERTEX
8
0
10
117.423003048203
20
109.599725450748
30
0
0
VERTEX
8
0
10
117.683364474031
20
109.632033174359
30
0
0
VERTEX
8
0
10
117.943725899858
20
109.66434089797
30
0
0
VERTEX
8
0
10
118.204087325686
20
109.696648621581
30
0
0
VERTEX
8
0
10
118.464448751513
20
109.728956345192
30
0
0
VERTEX
8
0
10
118.724810177341
20
109.761264068803
30
0
0
VERTEX
8
0
10
118.985171603168
20
109.793571792414
30
0
0
VERTEX
8
0
10
119.245533028996
20
109.825879516025
30
0
0
VERTEX
8
0
10
119.505894454823
20
109.858187239636
30
0
0
VERTEX
8
0
10
119.766255880651
20
109.890494963247
30
0
0
VERTEX
8
0
10
120.026617306478
20
109.922802686858
30
0
0
VERTEX
8
0
10
120.286978732306
20
109.955110410469
30
0
0
VERTEX
8
0
10
120.547340158133
20
109.98741813408
30
0
0
VERTEX
8
0
10
120.807701583961
20
110.019725857691
30
0
0
VERTEX
8
0
10
121.068063009788
20
110.052033581302
30
0
0
VERTEX
8
0
10
121.328424435616
20
110.084341304913
30
0
0
VERTEX
8
0
10
121.588785861443
20
110.116649028524
30
0
0
VERTEX
8
0
10
121.849147287271
20
110.148956752135
30
0
0
VERTEX
8
0
10
122.109508713098
20
110.181264475746
30
0
0
VERTEX
8
0
10
122.369870138926
20
110.213572199357
30
0
0
VERTEX
8
0
10
122.630231564753
20
110.244815129672
30
0
0
VERTEX
8
0
10
122.890592990581
20
110.276045792726
30
0
0
VERTEX
8
0
10
123.150954416408
20
110.30727645578
30
0
0
VERTEX
8
0
10
123.411315842236
20
110.338507118833
30
0
0
VERTEX
8
0
10
123.671677268063
20
110.369737781887
30
0
0
VERTEX
8
0
10
123.932038693891
20
110.400968444941
30
0
0
VERTEX
8
0
10
124.192400119718
20
110.432199107995
30
0
0
VERTEX
8
0
10
124.452761545546
20
110.463429771048
30
0
0
VERTEX
8
0
10
124.713122971373
20
110.494660434102
30
0
0
VERTEX
8
0
10
124.973484397201
20
110.525891097156
30
0
0
VERTEX
8
0
10
125.233845823028
20
110.56170960868
30
0
0
VERTEX
8
0
10
125.494207248856
20
110.598325668628
30
0
0
VERTEX
8
0
10
125.754568674683
20
110.634941728576
30
0
0
VERTEX
8
0
10
126.014930100511
20
110.671557788524
30
0
0
VERTEX
8
0
10
126.275291526338
20
110.708173848472
30
0
0
VERTEX
8
0
10
126.535652952166
20
110.74478990842
30
0
0
VERTEX
8
0
10
126.796014377993
20
110.781405968369
30
0
0
VERTEX
8
0
10
127.056375803821
20
110.818022028317
30
0
0
VERTEX
8
0
10
127.316737229648
20
110.854638088265
30
0
0
VERTEX
8
0
10
127.577098655476
20
110.891254148213
30
0
0
VERTEX
8
0
10
127.837460081303
20
110.922476293491
30
0
0
VERTEX
8
0
10
128.097821507131
20
110.951552863662
30
0
0
VERTEX
8
0
10
128.358182932958
20
110.980629433833
30
0
0
VERTEX
8
0
10
128.618544358786
20
111.009706004004
30
0
0
VERTEX
8
0
10
128.878905784613
20
111.038782574175
30
0
0
VERTEX
8
0
10
129.139267210441
20
111.067859144346
30
0
0
VERTEX
8
0
10
129.399628636268
20
111.096935714517
30
0
0
VERTEX
8
0
10
129.659990062096
20
111.126012284688
30
0
0
VERTEX
8
0
10
129.920351487923
20
111.155088854859
30
0
0
VERTEX
8
0
10
130.180712913751
20
111.18416542503
30
0
0
VERTEX
8
0
10
130.441074339578
20
111.208879701553
30
0
0
VERTEX
8
0
10
130.701435765406
20
111.230417243054
30
0
0
VERTEX
8
0
10
130.961797191233
20
111.251954784555
30
0
0
VERTEX
8
0
10
131.222158617061
20
111.273492326055
30
0
0
VERTEX
8
0
10
131.482520042888
20
111.295029867556
30
0
0
VERTEX
8
0
10
131.742881468716
20
111.316567409057
30
0
0
VERTEX
8
0
10
132.003242894543
20
111.338104950557
30
0
0
VERTEX
8
0
10
132.263604320371
20
111.359642492058
30
0
0
VERTEX
8
0
10
132.523965746198
20
111.381180033559
30
0
0
VERTEX
8
0
10
132.784327172026
20
111.402717575059
30
0
0
VERTEX
8
0
10
133.044688597853
20
111.42425511656
30
0
0
VERTEX
8
0
10
133.305050023681
20
111.442687724659
30
0
0
VERTEX
8
0
10
133.565411449508
20
111.462071342655
30
0
0
VERTEX
8
0
10
133.825772875336
20
111.481454960651
30
0
0
VERTEX
8
0
10
134.086134301163
20
111.500838578647
30
0
0
VERTEX
8
0
10
134.346495726991
20
111.520222196644
30
0
0
VERTEX
8
0
10
134.606857152818
20
111.53960581464
30
0
0
VERTEX
8
0
10
134.867218578646
20
111.558989432636
30
0
0
VERTEX
8
0
10
135.127580004473
20
111.578373050633
30
0
0
VERTEX
8
0
10
135.387941430301
20
111.597756668629
30
0
0
VERTEX
8
0
10
135.648302856128
20
111.617140286625
30
0
0
VERTEX
8
0
10
135.908664281956
20
111.639333336542
30
0
0
VERTEX
8
0
10
136.169025707783
20
111.660870878042
30
0
0
VERTEX
8
0
10
136.429387133611
20
111.682408419543
30
0
0
VERTEX
8
0
10
136.689748559438
20
111.703945961044
30
0
0
VERTEX
8
0
10
136.950109985266
20
111.725483502544
30
0
0
VERTEX
8
0
10
137.210471411093
20
111.747021044045
30
0
0
VERTEX
8
0
10
137.470832836921
20
111.768558585546
30
0
0
VERTEX
8
0
10
137.731194262748
20
111.790096127046
30
0
0
VERTEX
8
0
10
137.991555688576
20
111.811633668547
30
0
0
VERTEX
8
0
10
138.251917114403
20
111.833171210048
30
0
0
VERTEX
8
0
10
138.512278540231
20
111.857222916687
30
0
0
VERTEX
8
0
10
138.772639966058
20
111.88091441933
30
0
0
VERTEX
8
0
10
139.033001391886
20
111.904605921973
30
0
0
VERTEX
8
0
10
139.293362817713
20
111.928297424616
30
0
0
VERTEX
8
0
10
139.553724243541
20
111.951988927259
30
0
0
VERTEX
8
0
10
139.814085669368
20
111.975680429902
30
0
0
VERTEX
8
0
10
140.074447095196
20
111.999371932545
30
0
0
VERTEX
8
0
10
140.334808521023
20
112.023063435188
30
0
0
VERTEX
8
0
10
140.595169946851
20
112.046754937831
30
0
0
VERTEX
8
0
10
140.855531372678
20
112.070446440474
30
0
0
VERTEX
8
0
10
141.115892798506
20
112.08859041573
30
0
0
VERTEX
8
0
10
141.376254224333
20
112.106897086088
30
0
0
VERTEX
8
0
10
141.636615650161
20
112.125203756446
30
0
0
VERTEX
8
0
10
141.896977075988
20
112.143510426804
30
0
0
VERTEX
8
0
10
142.157338501816
20
112.161817097161
30
0
0
VERTEX
8
0
10
142.417699927643
20
112.180123767519
30
0
0
VERTEX
8
0
10
142.678061353471
20
112.198430437877
30
0
0
VERTEX
8
0
10
142.938422779298
20
112.216737108235
30
0
0
VERTEX
8
0
10
143.198784205126
20
112.235043778593
30
0
0
VERTEX
8
0
10
143.459145630953
20
112.253350448951
30
0
0
VERTEX
8
0
10
143.719507056781
20
112.263963905023
30
0
0
VERTEX
8
0
10
143.979868482608
20
112.273655332992
30
0
0
VERTEX
8
0
10
144.240229908436
20
112.283346760961
30
0
0
VERTEX
8
0
10
144.500591334263
20
112.293038188931
30
0
0
VERTEX
8
0
10
144.760952760091
20
112.3027296169
30
0
0
VERTEX
8
0
10
145.021314185918
20
112.312421044869
30
0
0
VERTEX
8
0
10
145.281675611746
20
112.322112472838
30
0
0
VERTEX
8
0
10
145.542037037573
20
112.331803900807
30
0
0
VERTEX
8
0
10
145.802398463401
20
112.341495328777
30
0
0
VERTEX
8
0
10
146.062759889228
20
112.351186756746
30
0
0
VERTEX
8
0
10
146.323121315056
20
112.364132046196
30
0
0
VERTEX
8
0
10
146.583482740883
20
112.37813102009
30
0
0
VERTEX
8
0
10
146.843844166711
20
112.392129993985
30
0
0
VERTEX
8
0
10
147.104205592538
20
112.40612896788
30
0
0
VERTEX
8
0
10
147.364567018366
20
112.420127941774
30
0
0
VERTEX
8
0
10
147.624928444193
20
112.434126915669
30
0
0
VERTEX
8
0
10
147.885289870021
20
112.448125889564
30
0
0
VERTEX
8
0
10
148.145651295848
20
112.462124863458
30
0
0
VERTEX
8
0
10
148.406012721676
20
112.476123837353
30
0
0
VERTEX
8
0
10
148.666374147503
20
112.490122811248
30
0
0
VERTEX
8
0
10
148.926735573331
20
112.504121785143
30
0
0
VERTEX
8
0
10
149.187096999158
20
112.518120759037
30
0
0
VERTEX
8
0
10
149.447458424986
20
112.532119732932
30
0
0
VERTEX
8
0
10
149.707819850813
20
112.546118706827
30
0
0
VERTEX
8
0
10
149.968181276641
20
112.560117680721
30
0
0
VERTEX
8
0
10
150.228542702468
20
112.574116654616
30
0
0
VERTEX
8
0
10
150.488904128296
20
112.588115628511
30
0
0
VERTEX
8
0
10
150.749265554123
20
112.602114602405
30
0
0
VERTEX
8
0
10
151.009626979951
20
112.6161135763
30
0
0
VERTEX
8
0
10
151.269988405778
20
112.630112550195
30
0
0
VERTEX
8
0
10
151.530349831606
20
112.644111524089
30
0
0
VERTEX
8
0
10
151.790711257433
20
112.65173292144
30
0
0
VERTEX
8
0
10
152.051072683261
20
112.661424349409
30
0
0
VERTEX
8
0
10
152.311434109088
20
112.671115777378
30
0
0
VERTEX
8
0
10
152.571795534916
20
112.680807205347
30
0
0
VERTEX
8
0
10
152.832156960743
20
112.690498633317
30
0
0
VERTEX
8
0
10
153.092518386571
20
112.700190061286
30
0
0
VERTEX
8
0
10
153.352879812398
20
112.709881489255
30
0
0
VERTEX
8
0
10
153.613241238226
20
112.719572917224
30
0
0
VERTEX
8
0
10
153.873602664053
20
112.729264345194
30
0
0
VERTEX
8
0
10
154.133964089881
20
112.738955773163
30
0
0
VERTEX
8
0
10
154.394325515708
20
112.735631919538
30
0
0
VERTEX
8
0
10
154.654686941536
20
112.735631919538
30
0
0
VERTEX
8
0
10
154.915048367363
20
112.735631919538
30
0
0
VERTEX
8
0
10
155.175409793191
20
112.735631919538
30
0
0
VERTEX
8
0
10
155.435771219018
20
112.735631919538
30
0
0
SEQEND
8
0
0
POLYLINE
8
0
62
1
70
0
10
0
20
0
30
0
0
VERTEX
8
0
10
13.7991555688578
20
21.3232633712995
30
0
0
VERTEX
8
0
10
14.0595169946853
20
21.4594612287529
30
0
0
VERTEX
8
0
10
14.3198784205128
20
21.5963285208922
30
0
0
VERTEX
8
0
10
14.5802398463403
20
21.7338526005784
30
0
0
VERTEX
8
0
10
14.8406012721678
20
21.8720210788223
30
0
0
VERTEX
8
0
10
15.1009626979953
20
22.0108218203826
30
0
0
VERTEX
8
0
10
15.3613241238228
20
22.1502429393501
30
0
0
VERTEX
8
0
10
15.6216855496503
20
22.2902727947246
30
0
0
VERTEX
8
0
10
15.8820469754778
20
22.4308999859938
30
0
0
VERTEX
8
0
10
16.1424084013053
20
22.5721133487205
30
0
0
VERTEX
8
0
10
16.4027698271328
20
22.7139019501434
30
0
0
VERTEX
8
0
10
16.6631312529603
20
22.8577640518303
30
0
0
VERTEX
8
0
10
16.9234926787878
20
23.0012930244965
30
0
0
VERTEX
8
0
10
17.1838541046153
20
23.1454578958533
30
0
0
VERTEX
8
0
10
17.4442155304428
20
23.2901884215077
30
0
0
VERTEX
8
0
10
17.7045769562703
20
23.4354741215236
30
0
0
VERTEX
8
0
10
17.9649383820978
20
23.5813047345248
30
0
0
VERTEX
8
0
10
18.2252998079253
20
23.7276702133836
30
0
0
VERTEX
8
0
10
18.4856612337528
20
23.8745607209496
30
0
0
VERTEX
8
0
10
18.7460226595803
20
24.0219666258236
30
0
0
VERTEX
8
0
10
19.0063840854078
20
24.1698784981783
30
0
0
VERTEX
8
0
10
19.2667455112354
20
24.3178173444257
30
0
0
VERTEX
8
0
10
19.5271069370629
20
24.4669764782051
30
0
0
VERTEX
8
0
10
19.7874683628904
20
24.6166669350872
30
0
0
VERTEX
8
0
10
20.0478297887179
20
24.7668148378528
30
0
0
VERTEX
8
0
10
20.3081912145454
20
24.9174119170399
30
0
0
VERTEX
8
0
10
20.5685526403729
20
25.0684500774558
30
0
0
VERTEX
8
0
10
20.8289140662004
20
25.2199213944024
30
0
0
VERTEX
8
0
10
21.0892754920279
20
25.3718181099673
30
0
0
VERTEX
8
0
10
21.3496369178554
20
25.5241326293802
30
0
0
VERTEX
8
0
10
21.6099983436829
20
25.676857517434
30
0
0
VERTEX
8
0
10
21.8703597695104
20
25.8304058070623
30
0
0
VERTEX
8
0
10
22.1307211953379
20
25.9838452613369
30
0
0
VERTEX
8
0
10
22.3910826211654
20
26.1375017077165
30
0
0
VERTEX
8
0
10
22.6514440469929
20
26.2915517147109
30
0
0
VERTEX
8
0
10
22.9118054728204
20
26.4459884047545
30
0
0
VERTEX
8
0
10
23.1721668986479
20
26.6008050429333
30
0
0
VERTEX
8
0
10
23.4325283244754
20
26.7559950338337
30
0
0
VERTEX
8
0
10
23.6928897503029
20
26.9115519184527
30
0
0
VERTEX
8
0
10
23.9532511761304
20
27.0674693711708
30
0
0
VERTEX
8
0
10
24.2136126019579
20
27.2237411967865
30
0
0
VERTEX
8
0
10
24.4739740277855
20
27.3800028119693
30
0
0
VERTEX
8
0
10
24.734335453613
20
27.5079883683734
30
0
0
VERTEX
8
0
10
24.9946968794405
20
27.621791508935
30
0
0
VERTEX
8
0
10
25.255058305268
20
27.73617979793
30
0
0
VERTEX
8
0
10
25.5154197310955
20
27.8511460255166
30
0
0
VERTEX
8
0
10
25.775781156923
20
27.966683064277
30
0
0
VERTEX
8
0
10
26.0361425827505
20
28.0827838689882
30
0
0
VERTEX
8
0
10
26.296504008578
20
28.1994414763558
30
0
0
VERTEX
8
0
10
26.5568654344055
20
28.3166490047118
30
0
0
VERTEX
8
0
10
26.817226860233
20
28.4343996536799
30
0
0
VERTEX
8
0
10
27.0775882860605
20
28.5526867038089
30
0
0
VERTEX
8
0
10
27.337949711888
20
28.6371944303995
30
0
0
VERTEX
8
0
10
27.5983111377155
20
28.7015598396696
30
0
0
VERTEX
8
0
10
27.858672563543
20
28.7667624869563
30
0
0
VERTEX
8
0
10
28.1190339893705
20
28.832796692256
30
0
0
VERTEX
8
0
10
28.379395415198
20
28.8996567553694
30
0
0
VERTEX
8
0
10
28.6397568410255
20
28.9673369577625
30
0
0
VERTEX
8
0
10
28.900118266853
20
29.0358315643987
30
0
0
VERTEX
8
0
10
29.1604796926805
20
29.1051348255406
30
0
0
VERTEX
8
0
10
29.420841118508
20
29.1752409785224
30
0
0
VERTEX
8
0
10
29.6812025443356
20
29.2461442494903
30
0
0
VERTEX
8
0
10
29.9415639701631
20
29.3197259238985
30
0
0
VERTEX
8
0
10
30.2019253959906
20
29.3965096002255
30
0
0
VERTEX
8
0
10
30.4622868218181
20
29.4732868693436
30
0
0
VERTEX
8
0
10
30.7226482476456
20
29.5508343695979
30
0
0
VERTEX
8
0
10
30.9830096734731
20
29.6291460532786
30
0
0
VERTEX
8
0
10
31.2433710993006
20
29.70821587716
30
0
0
VERTEX
8
0
10
31.5037325251281
20
29.7880378039858
30
0
0
VERTEX
8
0
10
31.7640939509556
20
29.8686058039165
30
0
0
VERTEX
8
0
10
32.0244553767831
20
29.9499138559385
30
0
0
VERTEX
8
0
10
32.2848168026106
20
30.0319559492359
30
0
0
VERTEX
8
0
10
32.5451782284381
20
30.1120466927024
30
0
0
VERTEX
8
0
10
32.8055396542656
20
30.1886908559031
30
0
0
VERTEX
8
0
10
33.0659010800931
20
30.2666556286521
30
0
0
VERTEX
8
0
10
33.3262625059206
20
30.3453484757674
30
0
0
VERTEX
8
0
10
33.5866239317481
20
30.4247637478144
30
0
0
VERTEX
8
0
10
33.8469853575756
20
30.5048958025937
30
0
0
VERTEX
8
0
10
34.1073467834031
20
30.5857390063751
30
0
0
VERTEX
8
0
10
34.3677082092306
20
30.6672877350983
30
0
0
VERTEX
8
0
10
34.6280696350581
20
30.7495363755414
30
0
0
VERTEX
8
0
10
34.8884310608857
20
30.8324793264569
30
0
0
VERTEX
8
0
10
35.1487924867132
20
30.9169398850103
30
0
0
VERTEX
8
0
10
35.4091539125407
20
31.0033549059349
30
0
0
VERTEX
8
0
10
35.6695153383682
20
31.0903234818326
30
0
0
VERTEX
8
0
10
35.9298767641957
20
31.177958285948
30
0
0
VERTEX
8
0
10
36.1902381900232
20
31.2662537162564
30
0
0
VERTEX
8
0
10
36.4505996158507
20
31.3552041918405
30
0
0
VERTEX
8
0
10
36.7109610416782
20
31.4448041537611
30
0
0
VERTEX
8
0
10
36.9713224675057
20
31.5350480658973
30
0
0
VERTEX
8
0
10
37.2316838933332
20
31.6259304157554
30
0
0
VERTEX
8
0
10
37.4920453191607
20
31.717445715247
30
0
0
VERTEX
8
0
10
37.7524067449882
20
31.7953045839165
30
0
0
VERTEX
8
0
10
38.0127681708157
20
31.875344401635
30
0
0
VERTEX
8
0
10
38.2731295966432
20
31.9559958694764
30
0
0
VERTEX
8
0
10
38.5334910224707
20
32.0371204499748
30
0
0
VERTEX
8
0
10
38.7938524482982
20
32.1187145582048
30
0
0
VERTEX
8
0
10
39.0542138741257
20
32.200774624933
30
0
0
VERTEX
8
0
10
39.3145752999532
20
32.2832970969365
30
0
0
VERTEX
8
0
10
39.5749367257807
20
32.3662784373096
30
0
0
VERTEX
8
0
10
39.8352981516082
20
32.4497151257586
30
0
0
VERTEX
8
0
10
40.0956595774358
20
32.5336036588842
30
0
0
VERTEX
8
0
10
40.3560210032633
20
32.6034122026542
30
0
0
VERTEX
8
0
10
40.6163824290908
20
32.6697104338842
30
0
0
VERTEX
8
0
10
40.8767438549183
20
32.73646339518
30
0
0
VERTEX
8
0
10
41.1371052807458
20
32.8035525757043
30
0
0
VERTEX
8
0
10
41.3974667065733
20
32.8709759168016
30
0
0
VERTEX
8
0
10
41.6578281324008
20
32.9387313664601
30
0
0
VERTEX
8
0
10
41.9181895582283
20
33.006816879451
30
0
0
VERTEX
8
0
10
42.1785509840558
20
33.0752304174638
30
0
0
VERTEX
8
0
10
42.4389124098833
20
33.1439699492374
30
0
0
VERTEX
8
0
10
42.6992738357108
20
33.2130334506877
30
0
0
VERTEX
8
0
10
42.9596352615383
20
33.2818604757807
30
0
0
VERTEX
8
0
10
43.2199966873658
20
33.3506825344872
30
0
0
VERTEX
8
0
10
43.4803581131933
20
33.4198187488259
30
0
0
VERTEX
8
0
10
43.7407195390208
20
33.489267173141
30
0
0
VERTEX
8
0
10
44.0010809648483
20
33.5590258691321
30
0
0
VERTEX
8
0
10
44.2614423906758
20
33.6290929059579
30
0
0
VERTEX
8
0
10
44.5218038165033
20
33.6994663603363
30
0
0
VERTEX
8
0
10
44.7821652423308
20
33.7701443166407
30
0
0
VERTEX
8
0
10
45.0425266681583
20
33.8411248669936
30
0
0
VERTEX
8
0
10
45.3028880939859
20
33.9124061113567
30
0
0
VERTEX
8
0
10
45.5632495198134
20
33.9839861576174
30
0
0
VERTEX
8
0
10
45.8236109456409
20
34.0561831793022
30
0
0
VERTEX
8
0
10
46.0839723714684
20
34.1289428638574
30
0
0
VERTEX
8
0
10
46.3443337972959
20
34.2019904747514
30
0
0
VERTEX
8
0
10
46.6046952231234
20
34.2753241710976
30
0
0
VERTEX
8
0
10
46.8650566489509
20
34.3489421205508
30
0
0
VERTEX
8
0
10
47.1254180747784
20
34.422842499369
30
0
0
VERTEX
8
0
10
47.3857795006059
20
34.4970234924707
30
0
0
VERTEX
8
0
10
47.6461409264334
20
34.5714832934901
30
0
0
VERTEX
8
0
10
47.9065023522609
20
34.6462201048304
30
0
0
VERTEX
8
0
10
48.1668637780884
20
34.7212321377126
30
0
0
VERTEX
8
0
10
48.4272252039159
20
34.7952634220305
30
0
0
VERTEX
8
0
10
48.6875866297434
20
34.869899990114
30
0
0
VERTEX
8
0
10
48.9479480555709
20
34.944803370176
30
0
0
VERTEX
8
0
10
49.2083094813984
20
35.0199718501833
30
0
0
VERTEX
8
0
10
49.4686709072259
20
35.0954037267369
30
0
0
VERTEX
8
0
10
49.7290323330534
20
35.1710973051075
30
0
0
VERTEX
8
0
10
49.9893937588809
20
35.2470508992693
30
0
0
VERTEX
8
0
10
50.2497551847084
20
35.323262831931
30
0
0
VERTEX
8
0
10
50.5101166105359
20
35.399731434565
30
0
0
VERTEX
8
0
10
50.7704780363635
20
35.4764550474345
30
0
0
VERTEX
8
0
10
51.030839462191
20
35.526975015842
30
0
0
VERTEX
8
0
10
51.2912008880185
20
35.5827056647712
30
0
0
VERTEX
8
0
10
51.551562313846
20
35.6386254884828
30
0
0
VERTEX
8
0
10
51.8119237396735
20
35.6947335978862
30
0
0
VERTEX
8
0
10
52.072285165501
20
35.7510291064875
30
0
0
VERTEX
8
0
10
52.3326465913285
20
35.8075111304164
30
0
0
VERTEX
8
0
10
52.593008017156
20
35.8641787884512
30
0
0
VERTEX
8
0
10
52.8533694429835
20
35.921031202044
30
0
0
VERTEX
8
0
10
53.113730868811
20
35.9780674953445
30
0
0
VERTEX
8
0
10
53.3740922946385
20
36.0352867952239
30
0
0
VERTEX
8
0
10
53.634453720466
20
36.0698513934247
30
0
0
VERTEX
8
0
10
53.8948151462935
20
36.107792174935
30
0
0
VERTEX
8
0
10
54.155176572121
20
36.1457326225008
30
0
0
VERTEX
8
0
10
54.4155379979485
20
36.1837988416597
30
0
0
VERTEX
8
0
10
54.675899423776
20
36.2219904358863
30
0
0
VERTEX
8
0
10
54.9362608496035
20
36.2603070090221
30
0
0
VERTEX
8
0
10
55.196622275431
20
36.298748165288
30
0
0
VERTEX
8
0
10
55.4569837012585
20
36.3373135092954
30
0
0
VERTEX
8
0
10
55.717345127086
20
36.3760026460579
30
0
0
VERTEX
8
0
10
55.9777065529135
20
36.4148151810023
30
0
0
VERTEX
8
0
10
56.238067978741
20
36.4555895185685
30
0
0
VERTEX
8
0
10
56.4984294045685
20
36.4955732712603
30
0
0
VERTEX
8
0
10
56.758790830396
20
36.5356719245708
30
0
0
VERTEX
8
0
10
57.0191522562235
20
36.5759032071233
30
0
0
VERTEX
8
0
10
57.279513682051
20
36.6162666817476
30
0
0
VERTEX
8
0
10
57.5398751078785
20
36.6567619117661
30
0
0
VERTEX
8
0
10
57.800236533706
20
36.697388461006
30
0
0
VERTEX
8
0
10
58.0605979595335
20
36.738145893813
30
0
0
VERTEX
8
0
10
58.320959385361
20
36.779033775063
30
0
0
VERTEX
8
0
10
58.5813208111885
20
36.8200516701756
30
0
0
VERTEX
8
0
10
58.841682237016
20
36.8604007875393
30
0
0
VERTEX
8
0
10
59.1020436628435
20
36.9011202074538
30
0
0
VERTEX
8
0
10
59.362405088671
20
36.9420394785392
30
0
0
VERTEX
8
0
10
59.6227665144985
20
36.9830817233353
30
0
0
VERTEX
8
0
10
59.883127940326
20
37.0242465328843
30
0
0
VERTEX
8
0
10
60.1434893661535
20
37.0655334988266
30
0
0
VERTEX
8
0
10
60.403850791981
20
37.1069422134111
30
0
0
VERTEX
8
0
10
60.6642122178084
20
37.1484722695049
30
0
0
VERTEX
8
0
10
60.924573643636
20
37.1901232606032
30
0
0
VERTEX
8
0
10
61.1849350694635
20
37.2318947808394
30
0
0
VERTEX
8
0
10
61.4452964952909
20
37.2737864249942
30
0
0
VERTEX
8
0
10
61.7056579211184
20
37.3167782982674
30
0
0
VERTEX
8
0
10
61.9660193469459
20
37.3602961547
30
0
0
VERTEX
8
0
10
62.2263807727734
20
37.4039227638279
30
0
0
VERTEX
8
0
10
62.4867421986009
20
37.4476577455599
30
0
0
VERTEX
8
0
10
62.7471036244284
20
37.4915007206359
30
0
0
VERTEX
8
0
10
63.0074650502559
20
37.5354513106339
30
0
0
VERTEX
8
0
10
63.2678264760834
20
37.5795091379751
30
0
0
VERTEX
8
0
10
63.5281879019109
20
37.6236738259306
30
0
0
VERTEX
8
0
10
63.7885493277384
20
37.6679449986265
30
0
0
VERTEX
8
0
10
64.0489107535659
20
37.7123222810496
30
0
0
VERTEX
8
0
10
64.3092721793934
20
37.7573105944731
30
0
0
VERTEX
8
0
10
64.5696336052209
20
37.8027916673071
30
0
0
VERTEX
8
0
10
64.8299950310484
20
37.848371312468
30
0
0
VERTEX
8
0
10
65.0903564568759
20
37.894049174262
30
0
0
VERTEX
8
0
10
65.3507178827034
20
37.9398248979438
30
0
0
VERTEX
8
0
10
65.6110793085309
20
37.9856981297197
30
0
0
VERTEX
8
0
10
65.8714407343584
20
38.0316685167514
30
0
0
VERTEX
8
0
10
66.1318021601859
20
38.0777357071589
30
0
0
VERTEX
8
0
10
66.3921635860134
20
38.1238993500237
30
0
0
VERTEX
8
0
10
66.6525250118409
20
38.170159095392
30
0
0
VERTEX
8
0
10
66.9128864376684
20
38.2193237813929
30
0
0
VERTEX
8
0
10
67.1732478634959
20
38.2714372995975
30
0
0
VERTEX
8
0
10
67.4336092893234
20
38.3225302330105
30
0
0
VERTEX
8
0
10
67.6939707151509
20
38.3737026511214
30
0
0
VERTEX
8
0
10
67.9543321409784
20
38.4249542363691
30
0
0
VERTEX
8
0
10
68.2146935668059
20
38.4762846723944
30
0
0
VERTEX
8
0
10
68.4750549926334
20
38.5276936440388
30
0
0
VERTEX
8
0
10
68.7354164184609
20
38.5791808373426
30
0
0
VERTEX
8
0
10
68.9957778442884
20
38.6307459395434
30
0
0
VERTEX
8
0
10
69.2561392701159
20
38.6823886390748
30
0
0
VERTEX
8
0
10
69.5165006959434
20
38.7321899553445
30
0
0
VERTEX
8
0
10
69.7768621217709
20
38.7808872243603
30
0
0
VERTEX
8
0
10
70.0372235475984
20
38.8300251735587
30
0
0
VERTEX
8
0
10
70.2975849734259
20
38.8792462269215
30
0
0
VERTEX
8
0
10
70.5579463992534
20
38.9285500692193
30
0
0
VERTEX
8
0
10
70.8183078250809
20
38.9779363862888
30
0
0
VERTEX
8
0
10
71.0786692509084
20
39.0274048650326
30
0
0
VERTEX
8
0
10
71.3390306767359
20
39.0769551934193
30
0
0
VERTEX
8
0
10
71.5993921025634
20
39.1265870604831
30
0
0
VERTEX
8
0
10
71.8597535283909
20
39.1763001563236
30
0
0
VERTEX
8
0
10
72.1201149542184
20
39.2260941721056
30
0
0
VERTEX
8
0
10
72.3804763800459
20
39.2764304213509
30
0
0
VERTEX
8
0
10
72.6408378058734
20
39.3267855639619
30
0
0
VERTEX
8
0
10
72.9011992317009
20
39.3772178889063
30
0
0
VERTEX
8
0
10
73.1615606575284
20
39.4277271000106
30
0
0
VERTEX
8
0
10
73.4219220833559
20
39.4783129021665
30
0
0
VERTEX
8
0
10
73.6822835091834
20
39.5289750013298
30
0
0
VERTEX
8
0
10
73.9426449350109
20
39.5797131045199
30
0
0
VERTEX
8
0
10
74.2030063608384
20
39.6305269198176
30
0
0
VERTEX
8
0
10
74.4633677866659
20
39.6814161563649
30
0
0
VERTEX
8
0
10
74.7237292124934
20
39.7308468473449
30
0
0
VERTEX
8
0
10
74.9840906383209
20
39.7815533604652
30
0
0
VERTEX
8
0
10
75.2444520641484
20
39.8323185227006
30
0
0
VERTEX
8
0
10
75.5048134899759
20
39.8831484893824
30
0
0
VERTEX
8
0
10
75.7651749158034
20
39.9340430130521
30
0
0
VERTEX
8
0
10
76.0255363416309
20
39.9850018471974
30
0
0
VERTEX
8
0
10
76.2858977674584
20
40.0360247462505
30
0
0
VERTEX
8
0
10
76.5462591932859
20
40.0871114655858
30
0
0
VERTEX
8
0
10
76.8066206191134
20
40.138261761518
30
0
0
VERTEX
8
0
10
77.0669820449409
20
40.1894753912997
30
0
0
VERTEX
8
0
10
77.3273434707684
20
40.2407521131197
30
0
0
VERTEX
8
0
10
77.5877048965959
20
40.2927445420545
30
0
0
VERTEX
8
0
10
77.8480663224234
20
40.3448957668593
30
0
0
VERTEX
8
0
10
78.1084277482509
20
40.3971044565115
30
0
0
VERTEX
8
0
10
78.3687891740784
20
40.4493703884987
30
0
0
VERTEX
8
0
10
78.6291505999059
20
40.5016933412135
30
0
0
VERTEX
8
0
10
78.8895120257334
20
40.5540730939511
30
0
0
VERTEX
8
0
10
79.1498734515609
20
40.6065094269066
30
0
0
VERTEX
8
0
10
79.4102348773884
20
40.6590021211719
30
0
0
VERTEX
8
0
10
79.6705963032159
20
40.7115509587336
30
0
0
VERTEX
8
0
10
79.9309577290434
20
40.7641557224697
30
0
0
VERTEX
8
0
10
80.1913191548709
20
40.817346930289
30
0
0
VERTEX
8
0
10
80.4516805806984
20
40.8707887616008
30
0
0
VERTEX
8
0
10
80.7120420065259
20
40.9242812684685
30
0
0
VERTEX
8
0
10
80.9724034323534
20
40.9778242524361
30
0
0
VERTEX
8
0
10
81.2327648581809
20
41.031417515897
30
0
0
VERTEX
8
0
10
81.4931262840084
20
41.0850608620905
30
0
0
VERTEX
8
0
10
81.7534877098359
20
41.1387540950986
30
0
0
VERTEX
8
0
10
82.0138491356634
20
41.1924970198434
30
0
0
VERTEX
8
0
10
82.2742105614909
20
41.2462894420834
30
0
0
VERTEX
8
0
10
82.5345719873184
20
41.2995080336702
30
0
0
VERTEX
8
0
10
82.7949334131459
20
41.3525892020289
30
0
0
VERTEX
8
0
10
83.0552948389734
20
41.405862504757
30
0
0
VERTEX
8
0
10
83.3156562648009
20
41.4591816182901
30
0
0
VERTEX
8
0
10
83.5760176906284
20
41.5125463661084
30
0
0
VERTEX
8
0
10
83.8363791164559
20
41.5659565724485
30
0
0
VERTEX
8
0
10
84.0967405422834
20
41.6194120622995
30
0
0
VERTEX
8
0
10
84.3571019681109
20
41.6729126614004
30
0
0
VERTEX
8
0
10
84.6174633939384
20
41.7264581962376
30
0
0
VERTEX
8
0
10
84.8778248197659
20
41.7800484940414
30
0
0
VERTEX
8
0
10
85.1381862455934
20
41.8336833827834
30
0
0
VERTEX
8
0
10
85.3985476714209
20
41.8873626911734
30
0
0
VERTEX
8
0
10
85.6589090972484
20
41.941086248657
30
0
0
VERTEX
8
0
10
85.9192705230759
20
41.9948538854118
30
0
0
VERTEX
8
0
10
86.1796319489034
20
42.0486654323453
30
0
0
VERTEX
8
0
10
86.4399933747309
20
42.1025207210919
30
0
0
VERTEX
8
0
10
86.7003548005584
20
42.1564195840094
30
0
0
VERTEX
8
0
10
86.9607162263859
20
42.2103618541771
30
0
0
VERTEX
8
0
10
87.2210776522134
20
42.2643473653919
30
0
0
VERTEX
8
0
10
87.4814390780409
20
42.3183759521662
30
0
0
VERTEX
8
0
10
87.7418005038684
20
42.3724474497247
30
0
0
VERTEX
8
0
10
88.0021619296959
20
42.4279366502771
30
0
0
VERTEX
8
0
10
88.2625233555234
20
42.483118839741
30
0
0
VERTEX
8
0
10
88.5228847813509
20
42.5383441116353
30
0
0
VERTEX
8
0
10
88.7832462071784
20
42.593612298383
30
0
0
VERTEX
8
0
10
89.0436076330059
20
42.6489232331456
30
0
0
VERTEX
8
0
10
89.3039690588334
20
42.7042767498204
30
0
0
VERTEX
8
0
10
89.5643304846609
20
42.7596726830372
30
0
0
VERTEX
8
0
10
89.8246919104884
20
42.8151108681551
30
0
0
VERTEX
8
0
10
90.0850533363159
20
42.8705911412599
30
0
0
VERTEX
8
0
10
90.3454147621433
20
42.9261133391605
30
0
0
VERTEX
8
0
10
90.6057761879709
20
42.9333167441727
30
0
0
VERTEX
8
0
10
90.8661376137984
20
42.9495767541253
30
0
0
VERTEX
8
0
10
91.1264990396259
20
42.9657439158172
30
0
0
VERTEX
8
0
10
91.3868604654534
20
42.9819288434395
30
0
0
VERTEX
8
0
10
91.6472218912809
20
42.9981315169307
30
0
0
VERTEX
8
0
10
91.9075833171083
20
43.0143519162369
30
0
0
VERTEX
8
0
10
92.1679447429358
20
43.0305900213131
30
0
0
VERTEX
8
0
10
92.4283061687634
20
43.0468458121223
30
0
0
VERTEX
8
0
10
92.6886675945909
20
43.0631192686361
30
0
0
VERTEX
8
0
10
92.9490290204184
20
43.0794103708345
30
0
0
VERTEX
8
0
10
93.2093904462458
20
43.0946179469176
30
0
0
VERTEX
8
0
10
93.4697518720733
20
43.1112185023389
30
0
0
VERTEX
8
0
10
93.7301132979008
20
43.1277904259186
30
0
0
VERTEX
8
0
10
93.9904747237283
20
43.1443747165453
30
0
0
VERTEX
8
0
10
94.2508361495558
20
43.1609713599632
30
0
0
VERTEX
8
0
10
94.5111975753833
20
43.1775803419277
30
0
0
VERTEX
8
0
10
94.7715590012108
20
43.1942016482056
30
0
0
VERTEX
8
0
10
95.0319204270383
20
43.2108352645752
30
0
0
VERTEX
8
0
10
95.2922818528658
20
43.2274811768258
30
0
0
VERTEX
8
0
10
95.5526432786933
20
43.2441393707583
30
0
0
VERTEX
8
0
10
95.8130047045208
20
43.2483097068973
30
0
0
VERTEX
8
0
10
96.0733661303483
20
43.251585235721
30
0
0
VERTEX
8
0
10
96.3337275561758
20
43.2548690933728
30
0
0
VERTEX
8
0
10
96.5940889820033
20
43.2581612779558
30
0
0
VERTEX
8
0
10
96.8544504078308
20
43.261461787569
30
0
0
VERTEX
8
0
10
97.1148118336583
20
43.2647706203071
30
0
0
VERTEX
8
0
10
97.3751732594858
20
43.2680877742607
30
0
0
VERTEX
8
0
10
97.6355346853133
20
43.271413247516
30
0
0
VERTEX
8
0
10
97.8958961111408
20
43.2747470381552
30
0
0
VERTEX
8
0
10
98.1562575369683
20
43.2780891442562
30
0
0
VERTEX
8
0
10
98.4166189627958
20
43.2871844030681
30
0
0
VERTEX
8
0
10
98.6769803886233
20
43.2970785374039
30
0
0
VERTEX
8
0
10
98.9373418144508
20
43.3067609934757
30
0
0
VERTEX
8
0
10
99.1977032402783
20
43.3164569700293
30
0
0
VERTEX
8
0
10
99.4580646661058
20
43.3261664579875
30
0
0
VERTEX
8
0
10
99.7184260919333
20
43.3358894482684
30
0
0
VERTEX
8
0
10
99.9787875177608
20
43.3456259317858
30
0
0
VERTEX
8
0
10
100.239148943588
20
43.3553758994491
30
0
0
VERTEX
8
0
10
100.499510369416
20
43.3651393421631
30
0
0
VERTEX
8
0
10
100.759871795243
20
43.3749162508285
30
0
0
VERTEX
8
0
10
101.020233221071
20
43.3833465115755
30
0
0
VERTEX
8
0
10
101.280594646898
20
43.3910816447631
30
0
0
VERTEX
8
0
10
101.540956072726
20
43.3988295579093
30
0
0
VERTEX
8
0
10
101.801317498553
20
43.4065902441705
30
0
0
VERTEX
8
0
10
102.061678924381
20
43.4143636966968
30
0
0
VERTEX
8
0
10
102.322040350208
20
43.422149908632
30
0
0
VERTEX
8
0
10
102.582401776036
20
43.4299488731134
30
0
0
VERTEX
8
0
10
102.842763201863
20
43.4377605832723
30
0
0
VERTEX
8
0
10
103.103124627691
20
43.4455850322332
30
0
0
VERTEX
8
0
10
103.363486053518
20
43.453422213115
30
0
0
VERTEX
8
0
10
103.623847479346
20
43.446726642651
30
0
0
VERTEX
8
0
10
103.884208905173
20
43.4266244004406
30
0
0
VERTEX
8
0
10
104.144570331001
20
43.4104447377029
30
0
0
VERTEX
8
0
10
104.404931756828
20
43.3929992167373
30
0
0
VERTEX
8
0
10
104.665293182656
20
43.3755545906655
30
0
0
VERTEX
8
0
10
104.925654608483
20
43.3581108605678
30
0
0
VERTEX
8
0
10
105.186016034311
20
43.3406680275259
30
0
0
VERTEX
8
0
10
105.446377460138
20
43.3232260926234
30
0
0
VERTEX
8
0
10
105.706738885966
20
43.3057850569455
30
0
0
VERTEX
8
0
10
105.967100311793
20
43.2883449215791
30
0
0
VERTEX
8
0
10
106.227461737621
20
43.2709056876127
30
0
0
VERTEX
8
0
10
106.487823163448
20
43.2448803175859
30
0
0
VERTEX
8
0
10
106.748184589276
20
43.2192637298611
30
0
0
VERTEX
8
0
10
107.008546015103
20
43.1941466061946
30
0
0
VERTEX
8
0
10
107.268907440931
20
43.1690316525653
30
0
0
VERTEX
8
0
10
107.529268866758
20
43.1439188727631
30
0
0
VERTEX
8
0
10
107.789630292586
20
43.1188082705859
30
0
0
VERTEX
8
0
10
108.049991718413
20
43.0936998498405
30
0
0
VERTEX
8
0
10
108.310353144241
20
43.0685936143422
30
0
0
VERTEX
8
0
10
108.570714570068
20
43.0434895679147
30
0
0
VERTEX
8
0
10
108.831075995896
20
43.0183877143905
30
0
0
VERTEX
8
0
10
109.091437421723
20
42.9958642973948
30
0
0
VERTEX
8
0
10
109.351798847551
20
42.9721420737121
30
0
0
VERTEX
8
0
10
109.612160273378
20
42.9485400077019
30
0
0
VERTEX
8
0
10
109.872521699206
20
42.9249415196496
30
0
0
VERTEX
8
0
10
110.132883125033
20
42.9013466154595
30
0
0
VERTEX
8
0
10
110.393244550861
20
42.8777553010481
30
0
0
VERTEX
8
0
10
110.653605976688
20
42.8541675823438
30
0
0
VERTEX
8
0
10
110.913967402516
20
42.8305834652875
30
0
0
VERTEX
8
0
10
111.174328828343
20
42.8070029558319
30
0
0
VERTEX
8
0
10
111.434690254171
20
42.7834260599421
30
0
0
VERTEX
8
0
10
111.695051679998
20
42.7598527835956
30
0
0
VERTEX
8
0
10
111.955413105826
20
42.7390336199453
30
0
0
VERTEX
8
0
10
112.215774531653
20
42.7180551685551
30
0
0
VERTEX
8
0
10
112.476135957481
20
42.6970769446145
30
0
0
VERTEX
8
0
10
112.736497383308
20
42.676098948459
30
0
0
VERTEX
8
0
10
112.996858809136
20
42.6551211804245
30
0
0
VERTEX
8
0
10
113.257220234963
20
42.6341436408479
30
0
0
VERTEX
8
0
10
113.517581660791
20
42.6131663300666
30
0
0
VERTEX
8
0
10
113.777943086618
20
42.5921892484185
30
0
0
VERTEX
8
0
10
114.038304512446
20
42.5712123962425
30
0
0
VERTEX
8
0
10
114.298665938273
20
42.5502357738778
30
0
0
VERTEX
8
0
10
114.559027364101
20
42.5263436191662
30
0
0
VERTEX
8
0
10
114.819388789928
20
42.5022136307515
30
0
0
VERTEX
8
0
10
115.079750215756
20
42.4780886295279
30
0
0
VERTEX
8
0
10
115.340111641583
20
42.4539686239976
30
0
0
VERTEX
8
0
10
115.600473067411
20
42.4298536226801
30
0
0
VERTEX
8
0
10
115.860834493238
20
42.4057436341129
30
0
0
VERTEX
8
0
10
116.121195919066
20
42.3816386668508
30
0
0
VERTEX
8
0
10
116.381557344893
20
42.3575387294664
30
0
0
VERTEX
8
0
10
116.641918770721
20
42.3334438305502
30
0
0
VERTEX
8
0
10
116.902280196548
20
42.3042046819953
30
0
0
VERTEX
8
0
10
117.162641622376
20
42.2761122302825
30
0
0
VERTEX
8
0
10
117.423003048203
20
42.2486319296503
30
0
0
VERTEX
8
0
10
117.683364474031
20
42.2211517818319
30
0
0
VERTEX
8
0
10
117.943725899858
20
42.1936717871258
30
0
0
VERTEX
8
0
10
118.204087325686
20
42.1661919458314
30
0
0
VERTEX
8
0
10
118.464448751513
20
42.1387122582489
30
0
0
VERTEX
8
0
10
118.724810177341
20
42.1112327246791
30
0
0
VERTEX
8
0
10
118.985171603168
20
42.0837533454237
30
0
0
VERTEX
8
0
10
119.245533028996
20
42.0562741207853
30
0
0
VERTEX
8
0
10
119.505894454823
20
42.0287950510671
30
0
0
VERTEX
8
0
10
119.766255880651
20
42.0005847876485
30
0
0
VERTEX
8
0
10
120.026617306478
20
41.9719745958335
30
0
0
VERTEX
8
0
10
120.286978732306
20
41.9433654791247
30
0
0
VERTEX
8
0
10
120.547340158133
20
41.9147574397237
30
0
0
VERTEX
8
0
10
120.807701583961
20
41.8861504798377
30
0
0
VERTEX
8
0
10
121.068063009788
20
41.8575446016803
30
0
0
VERTEX
8
0
10
121.328424435616
20
41.8289398074706
30
0
0
VERTEX
8
0
10
121.588785861443
20
41.800336099434
30
0
0
VERTEX
8
0
10
121.849147287271
20
41.7717334798018
30
0
0
VERTEX
8
0
10
122.109508713098
20
41.7437016835301
30
0
0
VERTEX
8
0
10
122.369870138926
20
41.7167114702199
30
0
0
VERTEX
8
0
10
122.630231564753
20
41.6902760904149
30
0
0
VERTEX
8
0
10
122.890592990581
20
41.6638409101036
30
0
0
VERTEX
8
0
10
123.150954416408
20
41.637405929666
30
0
0
VERTEX
8
0
10
123.411315842236
20
41.6109711494831
30
0
0
VERTEX
8
0
10
123.671677268063
20
41.5845365699367
30
0
0
VERTEX
8
0
10
123.932038693891
20
41.5581021914097
30
0
0
VERTEX
8
0
10
124.192400119718
20
41.531668014286
30
0
0
VERTEX
8
0
10
124.452761545546
20
41.5052340389503
30
0
0
VERTEX
8
0
10
124.713122971373
20
41.4788002657885
30
0
0
VERTEX
8
0
10
124.973484397201
20
41.4523666951873
30
0
0
VERTEX
8
0
10
125.233845823028
20
41.4243972098956
30
0
0
VERTEX
8
0
10
125.494207248856
20
41.3968431649236
30
0
0
VERTEX
8
0
10
125.754568674683
20
41.3692903269664
30
0
0
VERTEX
8
0
10
126.014930100511
20
41.3417386984372
30
0
0
VERTEX
8
0
10
126.275291526338
20
41.3141882817556
30
0
0
VERTEX
8
0
10
126.535652952166
20
41.2866390793477
30
0
0
VERTEX
8
0
10
126.796014377993
20
41.2590910936457
30
0
0
VERTEX
8
0
10
127.056375803821
20
41.2315443270884
30
0
0
VERTEX
8
0
10
127.316737229648
20
41.2039987821211
30
0
0
VERTEX
8
0
10
127.577098655476
20
41.1751335932004
30
0
0
VERTEX
8
0
10
127.837460081303
20
41.1472364245581
30
0
0
VERTEX
8
0
10
128.097821507131
20
41.1192112852981
30
0
0
VERTEX
8
0
10
128.358182932958
20
41.0911866956166
30
0
0
VERTEX
8
0
10
128.618544358786
20
41.0631626566388
30
0
0
VERTEX
8
0
10
128.878905784613
20
41.035139169493
30
0
0
VERTEX
8
0
10
129.139267210441
20
41.0071162353106
30
0
0
VERTEX
8
0
10
129.399628636268
20
40.9790938552259
30
0
0
VERTEX
8
0
10
129.659990062096
20
40.9510720303765
30
0
0
VERTEX
8
0
10
129.920351487923
20
40.9230507619029
30
0
0
VERTEX
8
0
10
130.180712913751
20
40.8879704844114
30
0
0
VERTEX
8
0
10
130.441074339578
20
40.8537093213293
30
0
0
VERTEX
8
0
10
130.701435765406
20
40.8194483957835
30
0
0
VERTEX
8
0
10
130.961797191233
20
40.7851877083727
30
0
0
VERTEX
8
0
10
131.222158617061
20
40.7509272596974
30
0
0
VERTEX
8
0
10
131.482520042888
20
40.7166670503603
30
0
0
VERTEX
8
0
10
131.742881468716
20
40.6824070809661
30
0
0
VERTEX
8
0
10
132.003242894543
20
40.6481473521214
30
0
0
VERTEX
8
0
10
132.263604320371
20
40.6138878644351
30
0
0
VERTEX
8
0
10
132.523965746198
20
40.5796286185179
30
0
0
VERTEX
8
0
10
132.784327172026
20
40.547433368974
30
0
0
VERTEX
8
0
10
133.044688597853
20
40.5168393041144
30
0
0
VERTEX
8
0
10
133.305050023681
20
40.4863226695105
30
0
0
VERTEX
8
0
10
133.565411449508
20
40.4558061959683
30
0
0
VERTEX
8
0
10
133.825772875336
20
40.4252898838526
30
0
0
VERTEX
8
0
10
134.086134301163
20
40.3947737335291
30
0
0
VERTEX
8
0
10
134.346495726991
20
40.3642577453649
30
0
0
VERTEX
8
0
10
134.606857152818
20
40.3337419197279
30
0
0
VERTEX
8
0
10
134.867218578646
20
40.3032262569875
30
0
0
VERTEX
8
0
10
135.127580004473
20
40.2727107575138
30
0
0
VERTEX
8
0
10
135.387941430301
20
40.2430823241481
30
0
0
VERTEX
8
0
10
135.648302856128
20
40.2108927579115
30
0
0
VERTEX
8
0
10
135.908664281956
20
40.1780905161897
30
0
0
VERTEX
8
0
10
136.169025707783
20
40.1452908674438
30
0
0
VERTEX
8
0
10
136.429387133611
20
40.1124938180346
30
0
0
VERTEX
8
0
10
136.689748559438
20
40.0796993743431
30
0
0
VERTEX
8
0
10
136.950109985266
20
40.0469075427709
30
0
0
VERTEX
8
0
10
137.210471411093
20
40.0141183297399
30
0
0
VERTEX
8
0
10
137.470832836921
20
39.9813317416926
30
0
0
VERTEX
8
0
10
137.731194262748
20
39.9485477850921
30
0
0
VERTEX
8
0
10
137.991555688576
20
39.9142812299925
30
0
0
VERTEX
8
0
10
138.251917114403
20
39.8825818168477
30
0
0
VERTEX
8
0
10
138.512278540231
20
39.852395520843
30
0
0
VERTEX
8
0
10
138.772639966058
20
39.8222108231363
30
0
0
VERTEX
8
0
10
139.033001391886
20
39.7920277273649
30
0
0
VERTEX
8
0
10
139.293362817713
20
39.7618462371768
30
0
0
VERTEX
8
0
10
139.553724243541
20
39.731666356231
30
0
0
VERTEX
8
0
10
139.814085669368
20
39.7014880881975
30
0
0
VERTEX
8
0
10
140.074447095196
20
39.671311436757
30
0
0
VERTEX
8
0
10
140.334808521023
20
39.6411364056014
30
0
0
VERTEX
8
0
10
140.595169946851
20
39.6103656449583
30
0
0
VERTEX
8
0
10
140.855531372678
20
39.576021366248
30
0
0
VERTEX
8
0
10
141.115892798506
20
39.5389971691787
30
0
0
VERTEX
8
0
10
141.376254224333
20
39.5019776219941
30
0
0
VERTEX
8
0
10
141.636615650161
20
39.4649627377796
30
0
0
VERTEX
8
0
10
141.896977075988
20
39.427952529668
30
0
0
VERTEX
8
0
10
142.157338501816
20
39.3909470108396
30
0
0
VERTEX
8
0
10
142.417699927643
20
39.3539461945229
30
0
0
VERTEX
8
0
10
142.678061353471
20
39.3169500939943
30
0
0
VERTEX
8
0
10
142.938422779298
20
39.2799587225785
30
0
0
VERTEX
8
0
10
143.198784205126
20
39.2429720936491
30
0
0
VERTEX
8
0
10
143.459145630953
20
39.211966794587
30
0
0
VERTEX
8
0
10
143.719507056781
20
39.1868023123917
30
0
0
VERTEX
8
0
10
143.979868482608
20
39.1594545826457
30
0
0
VERTEX
8
0
10
144.240229908436
20
39.1321077953274
30
0
0
VERTEX
8
0
10
144.500591334263
20
39.1047619524139
30
0
0
VERTEX
8
0
10
144.760952760091
20
39.0774170558881
30
0
0
VERTEX
8
0
10
145.021314185918
20
39.0500731077379
30
0
0
VERTEX
8
0
10
145.281675611746
20
39.022730109957
30
0
0
VERTEX
8
0
10
145.542037037573
20
38.9953880645447
30
0
0
VERTEX
8
0
10
145.802398463401
20
38.9680469735055
30
0
0
VERTEX
8
0
10
146.062759889228
20
38.9380095494802
30
0
0
VERTEX
8
0
10
146.323121315056
20
38.9058126207905
30
0
0
VERTEX
8
0
10
146.583482740883
20
38.8741913025395
30
0
0
VERTEX
8
0
10
146.843844166711
20
38.8425700562928
30
0
0
VERTEX
8
0
10
147.104205592538
20
38.8109488822265
30
0
0
VERTEX
8
0
10
147.364567018366
20
38.779327780517
30
0
0
VERTEX
8
0
10
147.624928444193
20
38.7477067513416
30
0
0
VERTEX
8
0
10
147.885289870021
20
38.716085794878
30
0
0
VERTEX
8
0
10
148.145651295848
20
38.6844649113044
30
0
0
VERTEX
8
0
10
148.406012721676
20
38.6528441007998
30
0
0
VERTEX
8
0
10
148.666374147503
20
38.6188156412531
30
0
0
VERTEX
8
0
10
148.926735573331
20
38.58388004865
30
0
0
VERTEX
8
0
10
149.187096999158
20
38.5490804817178
30
0
0
VERTEX
8
0
10
149.447458424986
20
38.5142816459151
30
0
0
VERTEX
8
0
10
149.707819850813
20
38.4794835432254
30
0
0
VERTEX
8
0
10
149.968181276641
20
38.4446861756395
30
0
0
VERTEX
8
0
10
150.228542702468
20
38.4098895451552
30
0
0
VERTEX
8
0
10
150.488904128296
20
38.3750936537777
30
0
0
VERTEX
8
0
10
150.749265554123
20
38.3402985035193
30
0
0
VERTEX
8
0
10
151.009626979951
20
38.3055040963996
30
0
0
VERTEX
8
0
10
151.269988405778
20
38.2728288950592
30
0
0
VERTEX
8
0
10
151.530349831606
20
38.2436145187372
30
0
0
VERTEX
8
0
10
151.790711257433
20
38.2144561930537
30
0
0
VERTEX
8
0
10
152.051072683261
20
38.1852994016686
30
0
0
VERTEX
8
0
10
152.311434109088
20
38.1561441480989
30
0
0
VERTEX
8
0
10
152.571795534916
20
38.1269904358726
30
0
0
VERTEX
8
0
10
152.832156960743
20
38.0978382685282
30
0
0
VERTEX
8
0
10
153.092518386571
20
38.0686876496147
30
0
0
VERTEX
8
0
10
153.352879812398
20
38.039538582692
30
0
0
VERTEX
8
0
10
153.613241238226
20
38.0103910713306
30
0
0
VERTEX
8
0
10
153.873602664053
20
37.9894085648718
30
0
0
VERTEX
8
0
10
154.133964089881
20
37.9695613809228
30
0
0
VERTEX
8
0
10
154.394325515708
20
37.9497149223334
30
0
0
VERTEX
8
0
10
154.654686941536
20
37.9298691902422
30
0
0
VERTEX
8
0
10
154.915048367363
20
37.9100241857902
30
0
0
VERTEX
8
0
10
155.175409793191
20
37.8901799101206
30
0
0
VERTEX
8
0
10
155.435771219018
20
37.870336364379
30
0
0
SEQEND
8
0
0
POLYLINE
8
0
62
2
70
0
10
0
20
0
30
0
0
VERTEX
8
0
10
13.7991555688578
20
21.3232633712995
30
0
0
VERTEX
8
0
10
14.0595169946853
20
21.4594612287529
30
0
0
VERTEX
8
0
10
14.3198784205128
20
21.5963285208922
30
0
0
VERTEX
8
0
10
14.5802398463403
20
21.7338526005784
30
0
0
VERTEX
8
0
10
14.8406012721678
20
21.8720210788223
30
0
0
VERTEX
8
0
10
15.1009626979953
20
22.0108218203826
30
0
0
VERTEX
8
0
10
15.3613241238228
20
22.1502429393501
30
0
0
VERTEX
8
0
10
15.6216855496503
20
22.2902727947246
30
0
0
VERTEX
8
0
10
15.8820469754778
20
22.4308999859938
30
0
0
VERTEX
8
0
10
16.1424084013053
20
22.5721133487205
30
0
0
VERTEX
8
0
10
16.4027698271328
20
22.7139019501434
30
0
0
VERTEX
8
0
10
16.6631312529603
20
22.8577640518303
30
0
0
VERTEX
8
0
10
16.9234926787878
20
23.0012930244965
30
0
0
VERTEX
8
0
10
17.1838541046153
20
23.1454578958533
30
0
0
VERTEX
8
0
10
17.4442155304428
20
23.2901884215077
30
0
0
VERTEX
8
0
10
17.7045769562703
20
23.4354741215236
30
0
0
VERTEX
8
0
10
17.9649383820978
20
23.5813047345248
30
0
0
VERTEX
8
0
10
18.2252998079253
20
23.7276702133836
30
0
0
VERTEX
8
0
10
18.4856612337528
20
23.8745607209496
30
0
0
VERTEX
8
0
10
18.7460226595803
20
24.0219666258236
30
0
0
VERTEX
8
0
10
19.0063840854078
20
24.1698784981783
30
0
0
VERTEX
8
0
10
19.2667455112354
20
24.3178173444257
30
0
0
VERTEX
8
0
10
19.5271069370629
20
24.4669764782051
30
0
0
VERTEX
8
0
10
19.7874683628904
20
24.6166669350872
30
0
0
VERTEX
8
0
10
20.0478297887179
20
24.7668148378528
30
0
0
VERTEX
8
0
10
20.3081912145454
20
24.9174119170399
30
0
0
VERTEX
8
0
10
20.5685526403729
20
25.0684500774558
30
0
0
VERTEX
8
0
10
20.8289140662004
20
25.2199213944024
30
0
0
VERTEX
8
0
10
21.0892754920279
20
25.3718181099673
30
0
0
VERTEX
8
0
10
21.3496369178554
20
25.5241326293802
30
0
0
VERTEX
8
0
10
21.6099983436829
20
25.6768575174339
30
0
0
VERTEX
8
0
10
21.8703597695104
20
25.8304058070623
30
0
0
VERTEX
8
0
10
22.1307211953379
20
25.9838452613368
30
0
0
VERTEX
8
0
10
22.3910826211654
20
26.1375017077165
30
0
0
VERTEX
8
0
10
22.6514440469929
20
26.2915517147109
30
0
0
VERTEX
8
0
10
22.9118054728204
20
26.4459884047545
30
0
0
VERTEX
8
0
10
23.1721668986479
20
26.6008050429333
30
0
0
VERTEX
8
0
10
23.4325283244754
20
26.7559950338337
30
0
0
VERTEX
8
0
10
23.6928897503029
20
26.9115519184527
30
0
0
VERTEX
8
0
10
23.9532511761304
20
27.0674693711708
30
0
0
VERTEX
8
0
10
24.2136126019579
20
27.2237411967865
30
0
0
VERTEX
8
0
10
24.4739740277855
20
27.3800028119693
30
0
0
VERTEX
8
0
10
24.734335453613
20
27.5079883683734
30
0
0
VERTEX
8
0
10
24.9946968794405
20
27.621791508935
30
0
0
VERTEX
8
0
10
25.255058305268
20
27.73617979793
30
0
0
VERTEX
8
0
10
25.5154197310955
20
27.8511460255166
30
0
0
VERTEX
8
0
10
25.775781156923
20
27.966683064277
30
0
0
VERTEX
8
0
10
26.0361425827505
20
28.0827838689882
30
0
0
VERTEX
8
0
10
26.296504008578
20
28.1994414763558
30
0
0
VERTEX
8
0
10
26.5568654344055
20
28.3166490047118
30
0
0
VERTEX
8
0
10
26.817226860233
20
28.4343996536799
30
0
0
VERTEX
8
0
10
27.0775882860605
20
28.5526867038089
30
0
0
VERTEX
8
0
10
27.337949711888
20
28.6371944303995
30
0
0
VERTEX
8
0
10
27.5983111377155
20
28.7015598396696
30
0
0
VERTEX
8
0
10
27.858672563543
20
28.7667624869563
30
0
0
VERTEX
8
0
10
28.1190339893705
20
28.832796692256
30
0
0
VERTEX
8
0
10
28.379395415198
20
28.8996567553694
30
0
0
VERTEX
8
0
10
28.6397568410255
20
28.9673369577625
30
0
0
VERTEX
8
0
10
28.900118266853
20
29.0358315643987
30
0
0
VERTEX
8
0
10
29.1604796926805
20
29.1051348255406
30
0
0
VERTEX
8
0
10
29.420841118508
20
29.1752409785224
30
0
0
VERTEX
8
0
10
29.6812025443356
20
29.2461442494903
30
0
0
VERTEX
8
0
10
29.9415639701631
20
29.3197259238985
30
0
0
VERTEX
8
0
10
30.2019253959906
20
29.3965096002255
30
0
0
VERTEX
8
0
10
30.4622868218181
20
29.4732868693435
30
0
0
VERTEX
8
0
10
30.7226482476456
20
29.5508343695979
30
0
0
VERTEX
8
0
10
30.9830096734731
20
29.6291460532786
30
0
0
VERTEX
8
0
10
31.2433710993006
20
29.70821587716
30
0
0
VERTEX
8
0
10
31.5037325251281
20
29.7880378039858
30
0
0
VERTEX
8
0
10
31.7640939509556
20
29.8686058039165
30
0
0
VERTEX
8
0
10
32.0244553767831
20
29.9499138559385
30
0
0
VERTEX
8
0
10
32.2848168026106
20
30.0319559492359
30
0
0
VERTEX
8
0
10
32.5451782284381
20
30.1120466927024
30
0
0
VERTEX
8
0
10
32.8055396542656
20
30.1886908559031
30
0
0
VERTEX
8
0
10
33.0659010800931
20
30.2666556286521
30
0
0
VERTEX
8
0
10
33.3262625059206
20
30.3453484757674
30
0
0
VERTEX
8
0
10
33.5866239317481
20
30.4247637478144
30
0
0
VERTEX
8
0
10
33.8469853575756
20
30.5048958025937
30
0
0
VERTEX
8
0
10
34.1073467834031
20
30.5857390063751
30
0
0
VERTEX
8
0
10
34.3677082092306
20
30.6672877350983
30
0
0
VERTEX
8
0
10
34.6280696350581
20
30.7495363755414
30
0
0
VERTEX
8
0
10
34.8884310608857
20
30.8324793264569
30
0
0
VERTEX
8
0
10
35.1487924867132
20
30.9169398850103
30
0
0
VERTEX
8
0
10
35.4091539125407
20
31.0033549059349
30
0
0
VERTEX
8
0
10
35.6695153383682
20
31.0903234818326
30
0
0
VERTEX
8
0
10
35.9298767641957
20
31.177958285948
30
0
0
VERTEX
8
0
10
36.1902381900232
20
31.2662537162564
30
0
0
VERTEX
8
0
10
36.4505996158507
20
31.3552041918405
30
0
0
VERTEX
8
0
10
36.7109610416782
20
31.4448041537611
30
0
0
VERTEX
8
0
10
36.9713224675057
20
31.5350480658973
30
0
0
VERTEX
8
0
10
37.2316838933332
20
31.6259304157554
30
0
0
VERTEX
8
0
10
37.4920453191607
20
31.717445715247
30
0
0
VERTEX
8
0
10
37.7524067449882
20
31.7953045839165
30
0
0
VERTEX
8
0
10
38.0127681708157
20
31.875344401635
30
0
0
VERTEX
8
0
10
38.2731295966432
20
31.9559958694764
30
0
0
VERTEX
8
0
10
38.5334910224707
20
32.0371204499748
30
0
0
VERTEX
8
0
10
38.7938524482982
20
32.1187145582048
30
0
0
VERTEX
8
0
10
39.0542138741257
20
32.200774624933
30
0
0
VERTEX
8
0
10
39.3145752999532
20
32.2832970969365
30
0
0
VERTEX
8
0
10
39.5749367257807
20
32.3662784373096
30
0
0
VERTEX
8
0
10
39.8352981516082
20
32.4497151257586
30
0
0
VERTEX
8
0
10
40.0956595774358
20
32.5336036588842
30
0
0
VERTEX
8
0
10
40.3560210032633
20
32.6034122026542
30
0
0
VERTEX
8
0
10
40.6163824290908
20
32.6697104338842
30
0
0
VERTEX
8
0
10
40.8767438549183
20
32.73646339518
30
0
0
VERTEX
8
0
10
41.1371052807458
20
32.8035525757043
30
0
0
VERTEX
8
0
10
41.3974667065733
20
32.8709759168016
30
0
0
VERTEX
8
0
10
41.6578281324008
20
32.9387313664601
30
0
0
VERTEX
8
0
10
41.9181895582283
20
33.006816879451
30
0
0
VERTEX
8
0
10
42.1785509840558
20
33.0752304174638
30
0
0
VERTEX
8
0
10
42.4389124098833
20
33.1439699492374
30
0
0
VERTEX
8
0
10
42.6992738357108
20
33.2130334506877
30
0
0
VERTEX
8
0
10
42.9596352615383
20
33.2818604757807
30
0
0
VERTEX
8
0
10
43.2199966873658
20
33.3506825344872
30
0
0
VERTEX
8
0
10
43.4803581131933
20
33.4198187488259
30
0
0
VERTEX
8
0
10
43.7407195390208
20
33.489267173141
30
0
0
VERTEX
8
0
10
44.0010809648483
20
33.5590258691321
30
0
0
VERTEX
8
0
10
44.2614423906758
20
33.6290929059579
30
0
0
VERTEX
8
0
10
44.5218038165033
20
33.6994663603363
30
0
0
VERTEX
8
0
10
44.7821652423308
20
33.7701443166407
30
0
0
VERTEX
8
0
10
45.0425266681583
20
33.8411248669936
30
0
0
VERTEX
8
0
10
45.3028880939859
20
33.9124061113567
30
0
0
VERTEX
8
0
10
45.5632495198134
20
33.9839861576174
30
0
0
VERTEX
8
0
10
45.8236109456409
20
34.0561831793022
30
0
0
VERTEX
8
0
10
46.0839723714684
20
34.1289428638574
30
0
0
VERTEX
8
0
10
46.3443337972959
20
34.2019904747514
30
0
0
VERTEX
8
0
10
46.6046952231234
20
34.2753241710976
30
0
0
VERTEX
8
0
10
46.8650566489509
20
34.3489421205508
30
0
0
VERTEX
8
0
10
47.1254180747784
20
34.422842499369
30
0
0
VERTEX
8
0
10
47.3857795006059
20
34.4970234924707
30
0
0
VERTEX
8
0
10
47.6461409264334
20
34.5714832934901
30
0
0
VERTEX
8
0
10
47.9065023522609
20
34.6462201048304
30
0
0
VERTEX
8
0
10
48.1668637780884
20
34.7212321377126
30
0
0
VERTEX
8
0
10
48.4272252039159
20
34.7952634220305
30
0
0
VERTEX
8
0
10
48.6875866297434
20
34.869899990114
30
0
0
VERTEX
8
0
10
48.9479480555709
20
34.944803370176
30
0
0
VERTEX
8
0
10
49.2083094813984
20
35.0199718501833
30
0
0
VERTEX
8
0
10
49.4686709072259
20
35.0954037267369
30
0
0
VERTEX
8
0
10
49.7290323330534
20
35.1710973051075
30
0
0
VERTEX
8
0
10
49.9893937588809
20
35.2470508992693
30
0
0
VERTEX
8
0
10
50.2497551847084
20
35.323262831931
30
0
0
VERTEX
8
0
10
50.5101166105359
20
35.399731434565
30
0
0
VERTEX
8
0
10
50.7704780363635
20
35.4764550474345
30
0
0
VERTEX
8
0
10
51.030839462191
20
35.526975015842
30
0
0
VERTEX
8
0
10
51.2912008880185
20
35.5827056647712
30
0
0
VERTEX
8
0
10
51.551562313846
20
35.6386254884829
30
0
0
VERTEX
8
0
10
51.8119237396735
20
35.6947335978862
30
0
0
VERTEX
8
0
10
52.072285165501
20
35.7510291064875
30
0
0
VERTEX
8
0
10
52.3326465913285
20
35.8075111304164
30
0
0
VERTEX
8
0
10
52.593008017156
20
35.8641787884512
30
0
0
VERTEX
8
0
10
52.8533694429835
20
35.921031202044
30
0
0
VERTEX
8
0
10
53.113730868811
20
35.9780674953445
30
0
0
VERTEX
8
0
10
53.3740922946385
20
36.0352867952239
30
0
0
VERTEX
8
0
10
53.634453720466
20
36.0698513934247
30
0
0
VERTEX
8
0
10
53.8948151462935
20
36.107792174935
30
0
0
VERTEX
8
0
10
54.155176572121
20
36.1457326225008
30
0
0
VERTEX
8
0
10
54.4155379979485
20
36.1837988416597
30
0
0
VERTEX
8
0
10
54.675899423776
20
36.2219904358863
30
0
0
VERTEX
8
0
10
54.9362608496035
20
36.2603070090221
30
0
0
VERTEX
8
0
10
55.196622275431
20
36.298748165288
30
0
0
VERTEX
8
0
10
55.4569837012585
20
36.3373135092954
30
0
0
VERTEX
8
0
10
55.717345127086
20
36.3760026460579
30
0
0
VERTEX
8
0
10
55.9777065529135
20
36.4148151810023
30
0
0
VERTEX
8
0
10
56.238067978741
20
36.4555895185685
30
0
0
VERTEX
8
0
10
56.4984294045685
20
36.4955732712603
30
0
0
VERTEX
8
0
10
56.758790830396
20
36.5356719245708
30
0
0
VERTEX
8
0
10
57.0191522562235
20
36.5759032071233
30
0
0
VERTEX
8
0
10
57.279513682051
20
36.6162666817476
30
0
0
VERTEX
8
0
10
57.5398751078785
20
36.6567619117661
30
0
0
VERTEX
8
0
10
57.800236533706
20
36.697388461006
30
0
0
VERTEX
8
0
10
58.0605979595335
20
36.738145893813
30
0
0
VERTEX
8
0
10
58.320959385361
20
36.779033775063
30
0
0
VERTEX
8
0
10
58.5813208111885
20
36.8200516701756
30
0
0
VERTEX
8
0
10
58.841682237016
20
36.8604007875393
30
0
0
VERTEX
8
0
10
59.1020436628435
20
36.9011202074538
30
0
0
VERTEX
8
0
10
59.362405088671
20
36.9420394785392
30
0
0
VERTEX
8
0
10
59.6227665144985
20
36.9830817233353
30
0
0
VERTEX
8
0
10
59.883127940326
20
37.0242465328843
30
0
0
VERTEX
8
0
10
60.1434893661535
20
37.0655334988266
30
0
0
VERTEX
8
0
10
60.403850791981
20
37.1069422134111
30
0
0
VERTEX
8
0
10
60.6642122178084
20
37.1484722695049
30
0
0
VERTEX
8
0
10
60.924573643636
20
37.1901232606032
30
0
0
VERTEX
8
0
10
61.1849350694635
20
37.2318947808394
30
0
0
VERTEX
8
0
10
61.4452964952909
20
37.2737864249942
30
0
0
VERTEX
8
0
10
61.7056579211184
20
37.3167782982674
30
0
0
VERTEX
8
0
10
61.9660193469459
20
37.3602961547
30
0
0
VERTEX
8
0
10
62.2263807727734
20
37.4039227638279
30
0
0
VERTEX
8
0
10
62.4867421986009
20
37.4476577455599
30
0
0
VERTEX
8
0
10
62.7471036244284
20
37.4915007206359
30
0
0
VERTEX
8
0
10
63.0074650502559
20
37.5354513106339
30
0
0
VERTEX
8
0
10
63.2678264760834
20
37.5795091379752
30
0
0
VERTEX
8
0
10
63.5281879019109
20
37.6236738259306
30
0
0
VERTEX
8
0
10
63.7885493277384
20
37.6679449986265
30
0
0
VERTEX
8
0
10
64.0489107535659
20
37.7123222810496
30
0
0
VERTEX
8
0
10
64.3092721793934
20
37.7573105944731
30
0
0
VERTEX
8
0
10
64.5696336052209
20
37.8027916673071
30
0
0
VERTEX
8
0
10
64.8299950310484
20
37.848371312468
30
0
0
VERTEX
8
0
10
65.0903564568759
20
37.894049174262
30
0
0
VERTEX
8
0
10
65.3507178827034
20
37.9398248979438
30
0
0
VERTEX
8
0
10
65.6110793085309
20
37.9856981297197
30
0
0
VERTEX
8
0
10
65.8714407343584
20
38.0316685167514
30
0
0
VERTEX
8
0
10
66.1318021601859
20
38.0777357071589
30
0
0
VERTEX
8
0
10
66.3921635860134
20
38.1238993500237
30
0
0
VERTEX
8
0
10
66.6525250118409
20
38.170159095392
30
0
0
VERTEX
8
0
10
66.9128864376684
20
38.2193237813929
30
0
0
VERTEX
8
0
10
67.1732478634959
20
38.2714372995975
30
0
0
VERTEX
8
0
10
67.4336092893234
20
38.3225302330105
30
0
0
VERTEX
8
0
10
67.6939707151509
20
38.3737026511214
30
0
0
VERTEX
8
0
10
67.9543321409784
20
38.4249542363691
30
0
0
VERTEX
8
0
10
68.2146935668059
20
38.4762846723944
30
0
0
VERTEX
8
0
10
68.4750549926334
20
38.5276936440388
30
0
0
VERTEX
8
0
10
68.7354164184609
20
38.5791808373426
30
0
0
VERTEX
8
0
10
68.9957778442884
20
38.6307459395434
30
0
0
VERTEX
8
0
10
69.2561392701159
20
38.6823886390748
30
0
0
VERTEX
8
0
10
69.5165006959434
20
38.7321899553445
30
0
0
VERTEX
8
0
10
69.7768621217709
20
38.7808872243603
30
0
0
VERTEX
8
0
10
70.0372235475984
20
38.8300251735587
30
0
0
VERTEX
8
0
10
70.2975849734259
20
38.8792462269215
30
0
0
VERTEX
8
0
10
70.5579463992534
20
38.9285500692193
30
0
0
VERTEX
8
0
10
70.8183078250809
20
38.9779363862888
30
0
0
VERTEX
8
0
10
71.0786692509084
20
39.0274048650326
30
0
0
VERTEX
8
0
10
71.3390306767359
20
39.0769551934193
30
0
0
VERTEX
8
0
10
71.5993921025634
20
39.1265870604831
30
0
0
VERTEX
8
0
10
71.8597535283909
20
39.1763001563236
30
0
0
VERTEX
8
0
10
72.1201149542184
20
39.2260941721056
30
0
0
VERTEX
8
0
10
72.3804763800459
20
39.2764304213509
30
0
0
VERTEX
8
0
10
72.6408378058734
20
39.3267855639619
30
0
0
VERTEX
8
0
10
72.9011992317009
20
39.3772178889063
30
0
0
VERTEX
8
0
10
73.1615606575284
20
39.4277271000106
30
0
0
VERTEX
8
0
10
73.4219220833559
20
39.4783129021665
30
0
0
VERTEX
8
0
10
73.6822835091834
20
39.5289750013298
30
0
0
VERTEX
8
0
10
73.9426449350109
20
39.5797131045199
30
0
0
VERTEX
8
0
10
74.2030063608384
20
39.6305269198176
30
0
0
VERTEX
8
0
10
74.4633677866659
20
39.6814161563649
30
0
0
VERTEX
8
0
10
74.7237292124934
20
39.7308468473449
30
0
0
VERTEX
8
0
10
74.9840906383209
20
39.7815533604652
30
0
0
VERTEX
8
0
10
75.2444520641484
20
39.8323185227006
30
0
0
VERTEX
8
0
10
75.5048134899759
20
39.8831484893825
30
0
0
VERTEX
8
0
10
75.7651749158034
20
39.9340430130521
30
0
0
VERTEX
8
0
10
76.0255363416309
20
39.9850018471974
30
0
0
VERTEX
8
0
10
76.2858977674584
20
40.0360247462505
30
0
0
VERTEX
8
0
10
76.5462591932859
20
40.0871114655858
30
0
0
VERTEX
8
0
10
76.8066206191134
20
40.138261761518
30
0
0
VERTEX
8
0
10
77.0669820449409
20
40.1894753912997
30
0
0
VERTEX
8
0
10
77.3273434707684
20
40.2407521131197
30
0
0
VERTEX
8
0
10
77.5877048965959
20
40.2927445420545
30
0
0
VERTEX
8
0
10
77.8480663224234
20
40.3448957668593
30
0
0
VERTEX
8
0
10
78.1084277482509
20
40.3971044565115
30
0
0
VERTEX
8
0
10
78.3687891740784
20
40.4493703884987
30
0
0
VERTEX
8
0
10
78.6291505999059
20
40.5016933412135
30
0
0
VERTEX
8
0
10
78.8895120257334
20
40.5540730939511
30
0
0
VERTEX
8
0
10
79.1498734515609
20
40.6065094269066
30
0
0
VERTEX
8
0
10
79.4102348773884
20
40.6590021211719
30
0
0
VERTEX
8
0
10
79.6705963032159
20
40.7115509587336
30
0
0
VERTEX
8
0
10
79.9309577290434
20
40.7641557224697
30
0
0
VERTEX
8
0
10
80.1913191548709
20
40.817346930289
30
0
0
VERTEX
8
0
10
80.4516805806984
20
40.8707887616008
30
0
0
VERTEX
8
0
10
80.7120420065259
20
40.9242812684685
30
0
0
VERTEX
8
0
10
80.9724034323534
20
40.9778242524361
30
0
0
VERTEX
8
0
10
81.2327648581809
20
41.031417515897
30
0
0
VERTEX
8
0
10
81.4931262840084
20
41.0850608620905
30
0
0
VERTEX
8
0
10
81.7534877098359
20
41.1387540950986
30
0
0
VERTEX
8
0
10
82.0138491356634
20
41.1924970198434
30
0
0
VERTEX
8
0
10
82.2742105614909
20
41.2462894420833
30
0
0
VERTEX
8
0
10
82.5345719873184
20
41.2995080336702
30
0
0
VERTEX
8
0
10
82.7949334131459
20
41.3525892020289
30
0
0
VERTEX
8
0
10
83.0552948389734
20
41.405862504757
30
0
0
VERTEX
8
0
10
83.3156562648009
20
41.4591816182901
30
0
0
VERTEX
8
0
10
83.5760176906284
20
41.5125463661084
30
0
0
VERTEX
8
0
10
83.8363791164559
20
41.5659565724485
30
0
0
VERTEX
8
0
10
84.0967405422834
20
41.6194120622995
30
0
0
VERTEX
8
0
10
84.3571019681109
20
41.6729126614004
30
0
0
VERTEX
8
0
10
84.6174633939384
20
41.7264581962376
30
0
0
VERTEX
8
0
10
84.8778248197659
20
41.7800484940414
30
0
0
VERTEX
8
0
10
85.1381862455934
20
41.8336833827834
30
0
0
VERTEX
8
0
10
85.3985476714209
20
41.8873626911734
30
0
0
VERTEX
8
0
10
85.6589090972484
20
41.9410862486569
30
0
0
VERTEX
8
0
10
85.9192705230759
20
41.9948538854118
30
0
0
VERTEX
8
0
10
86.1796319489034
20
42.0486654323453
30
0
0
VERTEX
8
0
10
86.4399933747309
20
42.1025207210919
30
0
0
VERTEX
8
0
10
86.7003548005584
20
42.1564195840094
30
0
0
VERTEX
8
0
10
86.9607162263859
20
42.2103618541771
30
0
0
VERTEX
8
0
10
87.2210776522134
20
42.2643473653919
30
0
0
VERTEX
8
0
10
87.4814390780409
20
42.3183759521662
30
0
0
VERTEX
8
0
10
87.7418005038684
20
42.3724474497247
30
0
0
VERTEX
8
0
10
88.0021619296959
20
42.4279366502771
30
0
0
VERTEX
8
0
10
88.2625233555234
20
42.4831188397409
30
0
0
VERTEX
8
0
10
88.5228847813509
20
42.5383441116353
30
0
0
VERTEX
8
0
10
88.7832462071784
20
42.593612298383
30
0
0
VERTEX
8
0
10
89.0436076330059
20
42.6489232331456
30
0
0
VERTEX
8
0
10
89.3039690588334
20
42.7042767498204
30
0
0
VERTEX
8
0
10
89.5643304846609
20
42.7596726830372
30
0
0
VERTEX
8
0
10
89.8246919104884
20
42.8151108681551
30
0
0
VERTEX
8
0
10
90.0850533363159
20
42.8705911412599
30
0
0
VERTEX
8
0
10
90.3454147621433
20
42.9261133391605
30
0
0
VERTEX
8
0
10
90.6057761879709
20
42.9333167441727
30
0
0
VERTEX
8
0
10
90.8661376137984
20
42.9495767541253
30
0
0
VERTEX
8
0
10
91.1264990396259
20
42.9657439158172
30
0
0
VERTEX
8
0
10
91.3868604654534
20
42.9819288434395
30
0
0
VERTEX
8
0
10
91.6472218912809
20
42.9981315169307
30
0
0
VERTEX
8
0
10
91.9075833171083
20
43.0143519162369
30
0
0
VERTEX
8
0
10
92.1679447429358
20
43.0305900213131
30
0
0
VERTEX
8
0
10
92.4283061687634
20
43.0468458121223
30
0
0
VERTEX
8
0
10
92.6886675945909
20
43.0631192686361
30
0
0
VERTEX
8
0
10
92.9490290204184
20
43.0794103708345
30
0
0
VERTEX
8
0
10
93.2093904462458
20
43.0946179469176
30
0
0
VERTEX
8
0
10
93.4697518720733
20
43.1112185023389
30
0
0
VERTEX
8
0
10
93.7301132979008
20
43.1277904259186
30
0
0
VERTEX
8
0
10
93.9904747237283
20
43.1443747165453
30
0
0
VERTEX
8
0
10
94.2508361495558
20
43.1609713599632
30
0
0
VERTEX
8
0
10
94.5111975753833
20
43.1775803419277
30
0
0
VERTEX
8
0
10
94.7715590012108
20
43.1942016482056
30
0
0
VERTEX
8
0
10
95.0319204270383
20
43.2108352645752
30
0
0
VERTEX
8
0
10
95.2922818528658
20
43.2274811768258
30
0
0
VERTEX
8
0
10
95.5526432786933
20
43.2441393707583
30
0
0
VERTEX
8
0
10
95.8130047045208
20
43.2483097068973
30
0
0
VERTEX
8
0
10
96.0733661303483
20
43.251585235721
30
0
0
VERTEX
8
0
10
96.3337275561758
20
43.2548690933728
30
0
0
VERTEX
8
0
10
96.5940889820033
20
43.2581612779558
30
0
0
VERTEX
8
0
10
96.8544504078308
20
43.261461787569
30
0
0
VERTEX
8
0
10
97.1148118336583
20
43.2647706203071
30
0
0
VERTEX
8
0
10
97.3751732594858
20
43.2680877742607
30
0
0
VERTEX
8
0
10
97.6355346853133
20
43.271413247516
30
0
0
VERTEX
8
0
10
97.8958961111408
20
43.2747470381552
30
0
0
VERTEX
8
0
10
98.1562575369683
20
43.2780891442562
30
0
0
VERTEX
8
0
10
98.4166189627958
20
43.2871844030681
30
0
0
VERTEX
8
0
10
98.6769803886233
20
43.2970785374039
30
0
0
VERTEX
8
0
10
98.9373418144508
20
43.3067609934757
30
0
0
VERTEX
8
0
10
99.1977032402783
20
43.3164569700293
30
0
0
VERTEX
8
0
10
99.4580646661058
20
43.3261664579875
30
0
0
VERTEX
8
0
10
99.7184260919333
20
43.3358894482684
30
0
0
VERTEX
8
0
10
99.9787875177608
20
43.3456259317858
30
0
0
VERTEX
8
0
10
100.239148943588
20
43.3553758994491
30
0
0
VERTEX
8
0
10
100.499510369416
20
43.3651393421631
30
0
0
VERTEX
8
0
10
100.759871795243
20
43.3749162508285
30
0
0
VERTEX
8
0
10
101.020233221071
20
43.3833465115755
30
0
0
VERTEX
8
0
10
101.280594646898
20
43.3910816447631
30
0
0
VERTEX
8
0
10
101.540956072726
20
43.3988295579093
30
0
0
VERTEX
8
0
10
101.801317498553
20
43.4065902441705
30
0
0
VERTEX
8
0
10
102.061678924381
20
43.4143636966968
30
0
0
VERTEX
8
0
10
102.322040350208
20
43.422149908632
30
0
0
VERTEX
8
0
10
102.582401776036
20
43.4299488731134
30
0
0
VERTEX
8
0
10
102.842763201863
20
43.4377605832722
30
0
0
VERTEX
8
0
10
103.103124627691
20
43.4455850322332
30
0
0
VERTEX
8
0
10
103.363486053518
20
43.4534222131149
30
0
0
VERTEX
8
0
10
103.623847479346
20
43.446726642651
30
0
0
VERTEX
8
0
10
103.884208905173
20
43.4266244004406
30
0
0
VERTEX
8
0
10
104.144570331001
20
43.4104447377029
30
0
0
VERTEX
8
0
10
104.404931756828
20
43.3929992167373
30
0
0
VERTEX
8
0
10
104.665293182656
20
43.3755545906655
30
0
0
VERTEX
8
0
10
104.925654608483
20
43.3581108605678
30
0
0
VERTEX
8
0
10
105.186016034311
20
43.3406680275259
30
0
0
VERTEX
8
0
10
105.446377460138
20
43.3232260926234
30
0
0
VERTEX
8
0
10
105.706738885966
20
43.3057850569455
30
0
0
VERTEX
8
0
10
105.967100311793
20
43.2883449215791
30
0
0
VERTEX
8
0
10
106.227461737621
20
43.2709056876127
30
0
0
VERTEX
8
0
10
106.487823163448
20
43.2448803175859
30
0
0
VERTEX
8
0
10
106.748184589276
20
43.2192637298611
30
0
0
VERTEX
8
0
10
107.008546015103
20
43.1941466061946
30
0
0
VERTEX
8
0
10
107.268907440931
20
43.1690316525653
30
0
0
VERTEX
8
0
10
107.529268866758
20
43.143918872763
30
0
0
VERTEX
8
0
10
107.789630292586
20
43.1188082705859
30
0
0
VERTEX
8
0
10
108.049991718413
20
43.0936998498405
30
0
0
VERTEX
8
0
10
108.310353144241
20
43.0685936143422
30
0
0
VERTEX
8
0
10
108.570714570068
20
43.0434895679147
30
0
0
VERTEX
8
0
10
108.831075995896
20
43.0183877143905
30
0
0
VERTEX
8
0
10
109.091437421723
20
42.9958642973948
30
0
0
VERTEX
8
0
10
109.351798847551
20
42.9721420737121
30
0
0
VERTEX
8
0
10
109.612160273378
20
42.9485400077019
30
0
0
VERTEX
8
0
10
109.872521699206
20
42.9249415196496
30
0
0
VERTEX
8
0
10
110.132883125033
20
42.9013466154595
30
0
0
VERTEX
8
0
10
110.393244550861
20
42.8777553010481
30
0
0
VERTEX
8
0
10
110.653605976688
20
42.8541675823438
30
0
0
VERTEX
8
0
10
110.913967402516
20
42.8305834652875
30
0
0
VERTEX
8
0
10
111.174328828343
20
42.8070029558319
30
0
0
VERTEX
8
0
10
111.434690254171
20
42.7834260599421
30
0
0
VERTEX
8
0
10
111.695051679998
20
42.7598527835956
30
0
0
VERTEX
8
0
10
111.955413105826
20
42.7390336199453
30
0
0
VERTEX
8
0
10
112.215774531653
20
42.7180551685551
30
0
0
VERTEX
8
0
10
112.476135957481
20
42.6970769446145
30
0
0
VERTEX
8
0
10
112.736497383308
20
42.676098948459
30
0
0
VERTEX
8
0
10
112.996858809136
20
42.6551211804245
30
0
0
VERTEX
8
0
10
113.257220234963
20
42.6341436408479
30
0
0
VERTEX
8
0
10
113.517581660791
20
42.6131663300666
30
0
0
VERTEX
8
0
10
113.777943086618
20
42.5921892484185
30
0
0
VERTEX
8
0
10
114.038304512446
20
42.5712123962425
30
0
0
VERTEX
8
0
10
114.298665938273
20
42.5502357738778
30
0
0
VERTEX
8
0
10
114.559027364101
20
42.5263436191662
30
0
0
VERTEX
8
0
10
114.819388789928
20
42.5022136307515
30
0
0
VERTEX
8
0
10
115.079750215756
20
42.4780886295279
30
0
0
VERTEX
8
0
10
115.340111641583
20
42.4539686239976
30
0
0
VERTEX
8
0
10
115.600473067411
20
42.4298536226801
30
0
0
VERTEX
8
0
10
115.860834493238
20
42.4057436341129
30
0
0
VERTEX
8
0
10
116.121195919066
20
42.3816386668508
30
0
0
VERTEX
8
0
10
116.381557344893
20
42.3575387294664
30
0
0
VERTEX
8
0
10
116.641918770721
20
42.3334438305502
30
0
0
VERTEX
8
0
10
116.902280196548
20
42.3042046819953
30
0
0
VERTEX
8
0
10
117.162641622376
20
42.2761122302825
30
0
0
VERTEX
8
0
10
117.423003048203
20
42.2486319296503
30
0
0
VERTEX
8
0
10
117.683364474031
20
42.2211517818319
30
0
0
VERTEX
8
0
10
117.943725899858
20
42.1936717871258
30
0
0
VERTEX
8
0
10
118.204087325686
20
42.1661919458314
30
0
0
VERTEX
8
0
10
118.464448751513
20
42.1387122582489
30
0
0
VERTEX
8
0
10
118.724810177341
20
42.1112327246791
30
0
0
VERTEX
8
0
10
118.985171603168
20
42.0837533454237
30
0
0
VERTEX
8
0
10
119.245533028996
20
42.0562741207853
30
0
0
VERTEX
8
0
10
119.505894454823
20
42.0287950510671
30
0
0
VERTEX
8
0
10
119.766255880651
20
42.0005847876485
30
0
0
VERTEX
8
0
10
120.026617306478
20
41.9719745958335
30
0
0
VERTEX
8
0
10
120.286978732306
20
41.9433654791247
30
0
0
VERTEX
8
0
10
120.547340158133
20
41.9147574397237
30
0
0
VERTEX
8
0
10
120.807701583961
20
41.8861504798377
30
0
0
VERTEX
8
0
10
121.068063009788
20
41.8575446016803
30
0
0
VERTEX
8
0
10
121.328424435616
20
41.8289398074706
30
0
0
VERTEX
8
0
10
121.588785861443
20
41.800336099434
30
0
0
VERTEX
8
0
10
121.849147287271
20
41.7717334798018
30
0
0
VERTEX
8
0
10
122.109508713098
20
41.7437016835301
30
0
0
VERTEX
8
0
10
122.369870138926
20
41.7167114702199
30
0
0
VERTEX
8
0
10
122.630231564753
20
41.6902760904149
30
0
0
VERTEX
8
0
10
122.890592990581
20
41.6638409101036
30
0
0
VERTEX
8
0
10
123.150954416408
20
41.637405929666
30
0
0
VERTEX
8
0
10
123.411315842236
20
41.6109711494831
30
0
0
VERTEX
8
0
10
123.671677268063
20
41.5845365699367
30
0
0
VERTEX
8
0
10
123.932038693891
20
41.5581021914097
30
0
0
VERTEX
8
0
10
124.192400119718
20
41.531668014286
30
0
0
VERTEX
8
0
10
124.452761545546
20
41.5052340389503
30
0
0
VERTEX
8
0
10
124.713122971373
20
41.4788002657885
30
0
0
VERTEX
8
0
10
124.973484397201
20
41.4523666951873
30
0
0
VERTEX
8
0
10
125.233845823028
20
41.4243972098956
30
0
0
VERTEX
8
0
10
125.494207248856
20
41.3968431649236
30
0
0
VERTEX
8
0
10
125.754568674683
20
41.3692903269664
30
0
0
VERTEX
8
0
10
126.014930100511
20
41.3417386984372
30
0
0
VERTEX
8
0
10
126.275291526338
20
41.3141882817556
30
0
0
VERTEX
8
0
10
126.535652952166
20
41.2866390793477
30
0
0
VERTEX
8
0
10
126.796014377993
20
41.2590910936457
30
0
0
VERTEX
8
0
10
127.056375803821
20
41.2315443270884
30
0
0
VERTEX
8
0
10
127.316737229648
20
41.2039987821211
30
0
0
VERTEX
8
0
10
127.577098655476
20
41.1751335932004
30
0
0
VERTEX
8
0
10
127.837460081303
20
41.1472364245581
30
0
0
VERTEX
8
0
10
128.097821507131
20
41.1192112852981
30
0
0
VERTEX
8
0
10
128.358182932958
20
41.0911866956166
30
0
0
VERTEX
8
0
10
128.618544358786
20
41.0631626566388
30
0
0
VERTEX
8
0
10
128.878905784613
20
41.035139169493
30
0
0
VERTEX
8
0
10
129.139267210441
20
41.0071162353106
30
0
0
VERTEX
8
0
10
129.399628636268
20
40.9790938552259
30
0
0
VERTEX
8
0
10
129.659990062096
20
40.9510720303765
30
0
0
VERTEX
8
0
10
129.920351487923
20
40.9230507619029
30
0
0
VERTEX
8
0
10
130.180712913751
20
40.8879704844114
30
0
0
VERTEX
8
0
10
130.441074339578
20
40.8537093213293
30
0
0
VERTEX
8
0
10
130.701435765406
20
40.8194483957835
30
0
0
VERTEX
8
0
10
130.961797191233
20
40.7851877083727
30
0
0
VERTEX
8
0
10
131.222158617061
20
40.7509272596974
30
0
0
VERTEX
8
0
10
131.482520042888
20
40.7166670503603
30
0
0
VERTEX
8
0
10
131.742881468716
20
40.6824070809661
30
0
0
VERTEX
8
0
10
132.003242894543
20
40.6481473521214
30
0
0
VERTEX
8
0
10
132.263604320371
20
40.6138878644351
30
0
0
VERTEX
8
0
10
132.523965746198
20
40.5796286185179
30
0
0
VERTEX
8
0
10
132.784327172026
20
40.547433368974
30
0
0
VERTEX
8
0
10
133.044688597853
20
40.5168393041144
30
0
0
VERTEX
8
0
10
133.305050023681
20
40.4863226695105
30
0
0
VERTEX
8
0
10
133.565411449508
20
40.4558061959683
30
0
0
VERTEX
8
0
10
133.825772875336
20
40.4252898838526
30
0
0
VERTEX
8
0
10
134.086134301163
20
40.3947737335291
30
0
0
VERTEX
8
0
10
134.346495726991
20
40.3642577453649
30
0
0
VERTEX
8
0
10
134.606857152818
20
40.3337419197279
30
0
0
VERTEX
8
0
10
134.867218578646
20
40.3032262569875
30
0
0
VERTEX
8
0
10
135.127580004473
20
40.2727107575138
30
0
0
VERTEX
8
0
10
135.387941430301
20
40.2430823241481
30
0
0
VERTEX
8
0
10
135.648302856128
20
40.2108927579115
30
0
0
VERTEX
8
0
10
135.908664281956
20
40.1780905161897
30
0
0
VERTEX
8
0
10
136.169025707783
20
40.1452908674438
30
0
0
VERTEX
8
0
10
136.429387133611
20
40.1124938180346
30
0
0
VERTEX
8
0
10
136.689748559438
20
40.0796993743431
30
0
0
VERTEX
8
0
10
136.950109985266
20
40.0469075427709
30
0
0
VERTEX
8
0
10
137.210471411093
20
40.0141183297399
30
0
0
VERTEX
8
0
10
137.470832836921
20
39.9813317416926
30
0
0
VERTEX
8
0
10
137.731194262748
20
39.9485477850921
30
0
0
VERTEX
8
0
10
137.991555688576
20
39.9142812299925
30
0
0
VERTEX
8
0
10
138.251917114403
20
39.8825818168477
30
0
0
VERTEX
8
0
10
138.512278540231
20
39.852395520843
30
0
0
VERTEX
8
0
10
138.772639966058
20
39.8222108231363
30
0
0
VERTEX
8
0
10
139.033001391886
20
39.7920277273648
30
0
0
VERTEX
8
0
10
139.293362817713
20
39.7618462371768
30
0
0
VERTEX
8
0
10
139.553724243541
20
39.731666356231
30
0
0
VERTEX
8
0
10
139.814085669368
20
39.7014880881975
30
0
0
VERTEX
8
0
10
140.074447095196
20
39.671311436757
30
0
0
VERTEX
8
0
10
140.334808521023
20
39.6411364056014
30
0
0
VERTEX
8
0
10
140.595169946851
20
39.6103656449583
30
0
0
VERTEX
8
0
10
140.855531372678
20
39.576021366248
30
0
0
VERTEX
8
0
10
141.115892798506
20
39.5389971691787
30
0
0
VERTEX
8
0
10
141.376254224333
20
39.5019776219941
30
0
0
VERTEX
8
0
10
141.636615650161
20
39.4649627377796
30
0
0
VERTEX
8
0
10
141.896977075988
20
39.427952529668
30
0
0
VERTEX
8
0
10
142.157338501816
20
39.3909470108396
30
0
0
VERTEX
8
0
10
142.417699927643
20
39.3539461945229
30
0
0
VERTEX
8
0
10
142.678061353471
20
39.3169500939943
30
0
0
VERTEX
8
0
10
142.938422779298
20
39.2799587225785
30
0
0
VERTEX
8
0
10
143.198784205126
20
39.2429720936491
30
0
0
VERTEX
8
0
10
143.459145630953
20
39.211966794587
30
0
0
VERTEX
8
0
10
143.719507056781
20
39.1868023123917
30
0
0
VERTEX
8
0
10
143.979868482608
20
39.1594545826457
30
0
0
VERTEX
8
0
10
144.240229908436
20
39.1321077953274
30
0
0
VERTEX
8
0
10
144.500591334263
20
39.1047619524139
30
0
0
VERTEX
8
0
10
144.760952760091
20
39.0774170558881
30
0
0
VERTEX
8
0
10
145.021314185918
20
39.0500731077379
30
0
0
VERTEX
8
0
10
145.281675611746
20
39.0227301099571
30
0
0
VERTEX
8
0
10
145.542037037573
20
38.9953880645447
30
0
0
VERTEX
8
0
10
145.802398463401
20
38.9680469735055
30
0
0
VERTEX
8
0
10
146.062759889228
20
38.9380095494802
30
0
0
VERTEX
8
0
10
146.323121315056
20
38.9058126207905
30
0
0
VERTEX
8
0
10
146.583482740883
20
38.8741913025395
30
0
0
VERTEX
8
0
10
146.843844166711
20
38.8425700562928
30
0
0
VERTEX
8
0
10
147.104205592538
20
38.8109488822265
30
0
0
VERTEX
8
0
10
147.364567018366
20
38.779327780517
30
0
0
VERTEX
8
0
10
147.624928444193
20
38.7477067513416
30
0
0
VERTEX
8
0
10
147.885289870021
20
38.716085794878
30
0
0
VERTEX
8
0
10
148.145651295848
20
38.6844649113044
30
0
0
VERTEX
8
0
10
148.406012721676
20
38.6528441007998
30
0
0
VERTEX
8
0
10
148.666374147503
20
38.6188156412531
30
0
0
VERTEX
8
0
10
148.926735573331
20
38.58388004865
30
0
0
VERTEX
8
0
10
149.187096999158
20
38.5490804817178
30
0
0
VERTEX
8
0
10
149.447458424986
20
38.5142816459151
30
0
0
VERTEX
8
0
10
149.707819850813
20
38.4794835432254
30
0
0
VERTEX
8
0
10
149.968181276641
20
38.4446861756395
30
0
0
VERTEX
8
0
10
150.228542702468
20
38.4098895451552
30
0
0
VERTEX
8
0
10
150.488904128296
20
38.3750936537777
30
0
0
VERTEX
8
0
10
150.749265554123
20
38.3402985035193
30
0
0
VERTEX
8
0
10
151.009626979951
20
38.3055040963996
30
0
0
VERTEX
8
0
10
151.269988405778
20
38.2728288950592
30
0
0
VERTEX
8
0
10
151.530349831606
20
38.2436145187372
30
0
0
VERTEX
8
0
10
151.790711257433
20
38.2144561930537
30
0
0
VERTEX
8
0
10
152.051072683261
20
38.1852994016686
30
0
0
VERTEX
8
0
10
152.311434109088
20
38.1561441480989
30
0
0
VERTEX
8
0
10
152.571795534916
20
38.1269904358726
30
0
0
VERTEX
8
0
10
152.832156960743
20
38.0978382685282
30
0
0
VERTEX
8
0
10
153.092518386571
20
38.0686876496147
30
0
0
VERTEX
8
0
10
153.352879812398
20
38.039538582692
30
0
0
VERTEX
8
0
10
153.613241238226
20
38.0103910713306
30
0
0
VERTEX
8
0
10
153.873602664053
20
37.9894085648718
30
0
0
VERTEX
8
0
10
154.133964089881
20
37.9695613809228
30
0
0
VERTEX
8
0
10
154.394325515708
20
37.9497149223334
30
0
0
VERTEX
8
0
10
154.654686941536
20
37.9298691902422
30
0
0
VERTEX
8
0
10
154.915048367363
20
37.9100241857902
30
0
0
VERTEX
8
0
10
155.175409793191
20
37.8901799101205
30
0
0
VERTEX
8
0
10
155.435771219018
20
37.870336364379
30
0
0
SEQEND
8
0
0
POLYLINE
8
0
62
3
70
0
10
0
20
0
30
0
0
VERTEX
8
0
10
13.7991555688578
20
33.8315429487957
30
0
0
VERTEX
8
0
10
14.0595169946853
20
34.610824255269
30
0
0
VERTEX
8
0
10
14.3198784205128
20
34.7565579129401
30
0
0
VERTEX
8
0
10
14.5802398463403
20
35.2683443070367
30
0
0
VERTEX
8
0
10
14.8406012721678
20
35.6910594812081
30
0
0
VERTEX
8
0
10
15.1009626979953
20
36.078799187916
30
0
0
VERTEX
8
0
10
15.3613241238228
20
36.7241315204859
30
0
0
VERTEX
8
0
10
15.6216855496503
20
37.0215524975699
30
0
0
VERTEX
8
0
10
15.8820469754778
20
37.4435978291244
30
0
0
VERTEX
8
0
10
16.1424084013053
20
38.1818499427998
30
0
0
VERTEX
8
0
10
16.4027698271328
20
38.2923053095938
30
0
0
VERTEX
8
0
10
16.6631312529603
20
38.829079806237
30
0
0
VERTEX
8
0
10
16.9234926787878
20
39.1955924742578
30
0
0
VERTEX
8
0
10
17.1838541046153
20
39.5901491903752
30
0
0
VERTEX
8
0
10
17.4442155304428
20
40.2199123290882
30
0
0
VERTEX
8
0
10
17.7045769562703
20
40.4597231575583
30
0
0
VERTEX
8
0
10
17.9649383820978
20
40.9087537158393
30
0
0
VERTEX
8
0
10
18.2252998079253
20
41.3120442520857
30
0
0
VERTEX
8
0
10
18.4856612337528
20
41.6957380506848
30
0
0
VERTEX
8
0
10
18.7460226595803
20
42.2346832171007
30
0
0
VERTEX
8
0
10
19.0063840854078
20
42.5532581296737
30
0
0
VERTEX
8
0
10
19.2667455112354
20
42.9515557590263
30
0
0
VERTEX
8
0
10
19.5271069370629
20
43.5582635715253
30
0
0
VERTEX
8
0
10
19.7874683628904
20
43.7525328524272
30
0
0
VERTEX
8
0
10
20.0478297887179
20
44.2155784286316
30
0
0
VERTEX
8
0
10
20.3081912145454
20
44.5732890076215
30
0
0
VERTEX
8
0
10
20.5685526403729
20
44.9496669939431
30
0
0
VERTEX
8
0
10
20.8289140662004
20
45.4790819058294
30
0
0
VERTEX
8
0
10
21.0892754920279
20
45.7556471705163
30
0
0
VERTEX
8
0
10
21.3496369178554
20
46.1551257150345
30
0
0
VERTEX
8
0
10
21.6099983436829
20
46.5320604504664
30
0
0
VERTEX
8
0
10
21.8703597695104
20
46.8979353721228
30
0
0
VERTEX
8
0
10
22.1307211953379
20
47.3611682039173
30
0
0
VERTEX
8
0
10
22.3910826211654
20
47.6779102317049
30
0
0
VERTEX
8
0
10
22.6514440469929
20
48.0481749378873
30
0
0
VERTEX
8
0
10
22.9118054728204
20
48.5618703966799
30
0
0
VERTEX
8
0
10
23.1721668986479
20
48.793092378512
30
0
0
VERTEX
8
0
10
23.4325283244754
20
49.1995653254859
30
0
0
VERTEX
8
0
10
23.6928897503029
20
49.538903603112
30
0
0
VERTEX
8
0
10
23.9532511761304
20
49.8912970590494
30
0
0
VERTEX
8
0
10
24.2136126019579
20
50.346749372777
30
0
0
VERTEX
8
0
10
24.4739740277855
20
50.6332082002647
30
0
0
VERTEX
8
0
10
24.734335453613
20
50.9908448665769
30
0
0
VERTEX
8
0
10
24.9946968794405
20
51.3395403890709
30
0
0
VERTEX
8
0
10
25.255058305268
20
51.6823389244326
30
0
0
VERTEX
8
0
10
25.5154197310955
20
52.0869426031894
30
0
0
VERTEX
8
0
10
25.775781156923
20
52.3913183732775
30
0
0
VERTEX
8
0
10
26.0361425827505
20
52.7327567959389
30
0
0
VERTEX
8
0
10
26.296504008578
20
53.1757769378462
30
0
0
VERTEX
8
0
10
26.5568654344055
20
53.4200985415274
30
0
0
VERTEX
8
0
10
26.817226860233
20
53.7802040117986
30
0
0
VERTEX
8
0
10
27.0775882860605
20
54.0973469808314
30
0
0
VERTEX
8
0
10
27.337949711888
20
54.4239605121596
30
0
0
VERTEX
8
0
10
27.5983111377155
20
54.8212252287097
30
0
0
VERTEX
8
0
10
27.858672563543
20
55.1040902916507
30
0
0
VERTEX
8
0
10
28.1190339893705
20
55.4251372584991
30
0
0
VERTEX
8
0
10
28.379395415198
20
55.7457598596504
30
0
0
VERTEX
8
0
10
28.6397568410255
20
56.0638218086951
30
0
0
VERTEX
8
0
10
28.900118266853
20
56.4205230949929
30
0
0
VERTEX
8
0
10
29.1604796926805
20
56.7077046593174
30
0
0
VERTEX
8
0
10
29.420841118508
20
57.0210252542618
30
0
0
VERTEX
8
0
10
29.6812025443356
20
57.407587919668
30
0
0
VERTEX
8
0
10
29.9415639701631
20
57.6522613083576
30
0
0
VERTEX
8
0
10
30.2019253959906
20
57.97292675342
30
0
0
VERTEX
8
0
10
30.4622868218181
20
58.2667747764617
30
0
0
VERTEX
8
0
10
30.7226482476456
20
58.5676984096004
30
0
0
VERTEX
8
0
10
30.9830096734731
20
58.9172357399822
30
0
0
VERTEX
8
0
10
31.2433710993006
20
59.1896423190535
30
0
0
VERTEX
8
0
10
31.5037325251281
20
59.4782227585745
30
0
0
VERTEX
8
0
10
31.7640939509556
20
59.7719723907469
30
0
0
VERTEX
8
0
10
32.0244553767831
20
60.0654342009333
30
0
0
VERTEX
8
0
10
32.2848168026106
20
60.3817763931388
30
0
0
VERTEX
8
0
10
32.5451782284381
20
60.6499133101074
30
0
0
VERTEX
8
0
10
32.8055396542656
20
60.9366403559819
30
0
0
VERTEX
8
0
10
33.0659010800931
20
61.2766641297063
30
0
0
VERTEX
8
0
10
33.3262625059206
20
61.5148816242673
30
0
0
VERTEX
8
0
10
33.5866239317481
20
61.8014246929047
30
0
0
VERTEX
8
0
10
33.8469853575756
20
62.0723895226685
30
0
0
VERTEX
8
0
10
34.1073467834031
20
62.3487840431692
30
0
0
VERTEX
8
0
10
34.3677082092306
20
62.6582626423175
30
0
0
VERTEX
8
0
10
34.6280696350581
20
62.9170052943829
30
0
0
VERTEX
8
0
10
34.8884310608857
20
63.1767691368078
30
0
0
VERTEX
8
0
10
35.1487924867132
20
63.4455096462006
30
0
0
VERTEX
8
0
10
35.4091539125407
20
63.7155827521186
30
0
0
VERTEX
8
0
10
35.6695153383682
20
63.9974785621177
30
0
0
VERTEX
8
0
10
35.9298767641957
20
64.2464934344173
30
0
0
VERTEX
8
0
10
36.1902381900232
20
64.5087269660774
30
0
0
VERTEX
8
0
10
36.4505996158507
20
64.8097976734133
30
0
0
VERTEX
8
0
10
36.7109610416782
20
65.0382527028438
30
0
0
VERTEX
8
0
10
36.9713224675057
20
65.2952399648437
30
0
0
VERTEX
8
0
10
37.2316838933332
20
65.5447325487162
30
0
0
VERTEX
8
0
10
37.4920453191607
20
65.7985111107202
30
0
0
VERTEX
8
0
10
37.7524067449882
20
66.0741378520672
30
0
0
VERTEX
8
0
10
38.0127681708157
20
66.3182716447417
30
0
0
VERTEX
8
0
10
38.2731295966432
20
66.5527763781218
30
0
0
VERTEX
8
0
10
38.5334910224707
20
66.7989221513327
30
0
0
VERTEX
8
0
10
38.7938524482982
20
67.0476074573376
30
0
0
VERTEX
8
0
10
39.0542138741257
20
67.3001937068277
30
0
0
VERTEX
8
0
10
39.3145752999532
20
67.5312353041363
30
0
0
VERTEX
8
0
10
39.5749367257807
20
67.7715997305745
30
0
0
VERTEX
8
0
10
39.8352981516082
20
68.0400832717561
30
0
0
VERTEX
8
0
10
40.0956595774358
20
68.2577613896555
30
0
0
VERTEX
8
0
10
40.3560210032633
20
68.489520927423
30
0
0
VERTEX
8
0
10
40.6163824290908
20
68.7197569385428
30
0
0
VERTEX
8
0
10
40.8767438549183
20
68.9534941899337
30
0
0
VERTEX
8
0
10
41.1371052807458
20
69.2008016141703
30
0
0
VERTEX
8
0
10
41.3974667065733
20
69.430973161511
30
0
0
VERTEX
8
0
10
41.6578281324008
20
69.6439596753048
30
0
0
VERTEX
8
0
10
41.9181895582283
20
69.8704957705349
30
0
0
VERTEX
8
0
10
42.1785509840558
20
70.1005150138573
30
0
0
VERTEX
8
0
10
42.4389124098833
20
70.3287007992263
30
0
0
VERTEX
8
0
10
42.6992738357108
20
70.5439315678842
30
0
0
VERTEX
8
0
10
42.9596352615383
20
70.7656378782642
30
0
0
VERTEX
8
0
10
43.2199966873658
20
71.0073977954724
30
0
0
VERTEX
8
0
10
43.4803581131933
20
71.2149974754202
30
0
0
VERTEX
8
0
10
43.7407195390208
20
71.4260004903299
30
0
0
VERTEX
8
0
10
44.0010809648483
20
71.6399957663551
30
0
0
VERTEX
8
0
10
44.2614423906758
20
71.856985971232
30
0
0
VERTEX
8
0
10
44.5218038165033
20
72.0813918112298
30
0
0
VERTEX
8
0
10
44.7821652423308
20
72.2995785030959
30
0
0
VERTEX
8
0
10
45.0425266681583
20
72.4952486237331
30
0
0
VERTEX
8
0
10
45.3028880939859
20
72.7058725481373
30
0
0
VERTEX
8
0
10
45.5632495198134
20
72.9207673122942
30
0
0
VERTEX
8
0
10
45.8236109456409
20
73.1296935570884
30
0
0
VERTEX
8
0
10
46.0839723714684
20
73.3323195528044
30
0
0
VERTEX
8
0
10
46.3443337972959
20
73.5393640533446
30
0
0
VERTEX
8
0
10
46.6046952231234
20
73.7603570886553
30
0
0
VERTEX
8
0
10
46.8650566489509
20
73.9601331687877
30
0
0
VERTEX
8
0
10
47.1254180747784
20
74.1554138573371
30
0
0
VERTEX
8
0
10
47.3857795006059
20
74.3571937673192
30
0
0
VERTEX
8
0
10
47.6461409264334
20
74.5617137178543
30
0
0
VERTEX
8
0
10
47.9065023522609
20
74.7691005396664
30
0
0
VERTEX
8
0
10
48.1668637780884
20
74.9787222429115
30
0
0
VERTEX
8
0
10
48.4272252039159
20
75.1621942002984
30
0
0
VERTEX
8
0
10
48.6875866297434
20
75.3617186338082
30
0
0
VERTEX
8
0
10
48.9479480555709
20
75.5662588575737
30
0
0
VERTEX
8
0
10
49.2083094813984
20
75.7619597601795
30
0
0
VERTEX
8
0
10
49.4686709072259
20
75.9566741720657
30
0
0
VERTEX
8
0
10
49.7290323330534
20
76.1544333610787
30
0
0
VERTEX
8
0
10
49.9893937588809
20
76.3616060333438
30
0
0
VERTEX
8
0
10
50.2497551847084
20
76.5578722304768
30
0
0
VERTEX
8
0
10
50.5101166105359
20
76.7439676390264
30
0
0
VERTEX
8
0
10
50.7704780363635
20
76.9394795259646
30
0
0
VERTEX
8
0
10
51.030839462191
20
77.1378607559167
30
0
0
VERTEX
8
0
10
51.2912008880185
20
77.3360072056432
30
0
0
VERTEX
8
0
10
51.551562313846
20
77.5432785603431
30
0
0
VERTEX
8
0
10
51.8119237396735
20
77.7224446336262
30
0
0
VERTEX
8
0
10
52.072285165501
20
77.9190000235164
30
0
0
VERTEX
8
0
10
52.3326465913285
20
78.1217850540826
30
0
0
VERTEX
8
0
10
52.593008017156
20
78.3142016567743
30
0
0
VERTEX
8
0
10
52.8533694429835
20
78.5100965123432
30
0
0
VERTEX
8
0
10
53.113730868811
20
78.7081660508964
30
0
0
VERTEX
8
0
10
53.3740922946385
20
78.9121285386768
30
0
0
VERTEX
8
0
10
53.634453720466
20
79.113136950972
30
0
0
VERTEX
8
0
10
53.8948151462935
20
79.2995185034949
30
0
0
VERTEX
8
0
10
54.155176572121
20
79.4971018634266
30
0
0
VERTEX
8
0
10
54.4155379979485
20
79.6971243084311
30
0
0
VERTEX
8
0
10
54.675899423776
20
79.8938672910551
30
0
0
VERTEX
8
0
10
54.9362608496035
20
80.1040745220315
30
0
0
VERTEX
8
0
10
55.196622275431
20
80.2838972983396
30
0
0
VERTEX
8
0
10
55.4569837012585
20
80.4805777978193
30
0
0
VERTEX
8
0
10
55.717345127086
20
80.6828425415436
30
0
0
VERTEX
8
0
10
55.9777065529135
20
80.8723017985711
30
0
0
VERTEX
8
0
10
56.238067978741
20
81.0675063390237
30
0
0
VERTEX
8
0
10
56.4984294045685
20
81.2632712035553
30
0
0
VERTEX
8
0
10
56.758790830396
20
81.4613949291413
30
0
0
VERTEX
8
0
10
57.0191522562235
20
81.66212993391
30
0
0
VERTEX
8
0
10
57.279513682051
20
81.8444823166364
30
0
0
VERTEX
8
0
10
57.5398751078785
20
82.0389201412614
30
0
0
VERTEX
8
0
10
57.800236533706
20
82.2351838419039
30
0
0
VERTEX
8
0
10
58.0605979595335
20
82.4257138639178
30
0
0
VERTEX
8
0
10
58.320959385361
20
82.6328990093528
30
0
0
VERTEX
8
0
10
58.5813208111885
20
82.8084037937244
30
0
0
VERTEX
8
0
10
58.841682237016
20
83.0004475571162
30
0
0
VERTEX
8
0
10
59.1020436628435
20
83.1978916509939
30
0
0
VERTEX
8
0
10
59.362405088671
20
83.3811371897686
30
0
0
VERTEX
8
0
10
59.6227665144985
20
83.5720942024875
30
0
0
VERTEX
8
0
10
59.883127940326
20
83.7625661549544
30
0
0
VERTEX
8
0
10
60.1434893661535
20
83.9527974953809
30
0
0
VERTEX
8
0
10
60.403850791981
20
84.1500631386873
30
0
0
VERTEX
8
0
10
60.6642122178084
20
84.326346016541
30
0
0
VERTEX
8
0
10
60.924573643636
20
84.5153619020742
30
0
0
VERTEX
8
0
10
61.1849350694635
20
84.7057884150234
30
0
0
VERTEX
8
0
10
61.4452964952909
20
84.8887069125629
30
0
0
VERTEX
8
0
10
61.7056579211184
20
85.0906381696638
30
0
0
VERTEX
8
0
10
61.9660193469459
20
85.2602775862645
30
0
0
VERTEX
8
0
10
62.2263807727734
20
85.4460749155345
30
0
0
VERTEX
8
0
10
62.4867421986009
20
85.637111329857
30
0
0
VERTEX
8
0
10
62.7471036244284
20
85.813055001287
30
0
0
VERTEX
8
0
10
63.0074650502559
20
85.9981874873466
30
0
0
VERTEX
8
0
10
63.2678264760834
20
86.182054797106
30
0
0
VERTEX
8
0
10
63.5281879019109
20
86.363684132941
30
0
0
VERTEX
8
0
10
63.7885493277384
20
86.5557395393751
30
0
0
VERTEX
8
0
10
64.0489107535659
20
86.7250327880411
30
0
0
VERTEX
8
0
10
64.3092721793934
20
86.9074436023001
30
0
0
VERTEX
8
0
10
64.5696336052209
20
87.0909419143395
30
0
0
VERTEX
8
0
10
64.8299950310484
20
87.2656434192379
30
0
0
VERTEX
8
0
10
65.0903564568759
20
87.4610041218842
30
0
0
VERTEX
8
0
10
65.3507178827034
20
87.62395506395
30
0
0
VERTEX
8
0
10
65.6110793085309
20
87.8026022622126
30
0
0
VERTEX
8
0
10
65.8714407343584
20
87.9863147226393
30
0
0
VERTEX
8
0
10
66.1318021601859
20
88.1544068099659
30
0
0
VERTEX
8
0
10
66.3921635860134
20
88.3327489846772
30
0
0
VERTEX
8
0
10
66.6525250118409
20
88.5092361211772
30
0
0
VERTEX
8
0
10
66.9128864376684
20
88.6819527285324
30
0
0
VERTEX
8
0
10
67.1732478634959
20
88.8676393387748
30
0
0
VERTEX
8
0
10
67.4336092893234
20
89.0294221374215
30
0
0
VERTEX
8
0
10
67.6939707151509
20
89.2044843791014
30
0
0
VERTEX
8
0
10
67.9543321409784
20
89.3803720628244
30
0
0
VERTEX
8
0
10
68.2146935668059
20
89.5465515152592
30
0
0
VERTEX
8
0
10
68.4750549926334
20
89.7344565600472
30
0
0
VERTEX
8
0
10
68.7354164184609
20
89.8902119239482
30
0
0
VERTEX
8
0
10
68.9957778442884
20
90.0611325843673
30
0
0
VERTEX
8
0
10
69.2561392701159
20
90.2369274522306
30
0
0
VERTEX
8
0
10
69.5165006959434
20
90.3968584041126
30
0
0
VERTEX
8
0
10
69.7768621217709
20
90.5677590698866
30
0
0
VERTEX
8
0
10
70.0372235475984
20
90.7363618668051
30
0
0
VERTEX
8
0
10
70.2975849734259
20
90.9000321875337
30
0
0
VERTEX
8
0
10
70.5579463992534
20
91.0785249572269
30
0
0
VERTEX
8
0
10
70.8183078250809
20
91.2324780483175
30
0
0
VERTEX
8
0
10
71.0786692509084
20
91.3996905557337
30
0
0
VERTEX
8
0
10
71.3390306767359
20
91.5675117652325
30
0
0
VERTEX
8
0
10
71.5993921025634
20
91.7250136244307
30
0
0
VERTEX
8
0
10
71.8597535283909
20
91.9048371379248
30
0
0
VERTEX
8
0
10
72.1201149542184
20
92.0530657238641
30
0
0
VERTEX
8
0
10
72.3804763800459
20
92.2158733228745
30
0
0
VERTEX
8
0
10
72.6408378058734
20
92.3833482309629
30
0
0
VERTEX
8
0
10
72.9011992317009
20
92.5349399908291
30
0
0
VERTEX
8
0
10
73.1615606575284
20
92.6979423085524
30
0
0
VERTEX
8
0
10
73.4219220833559
20
92.8583208137998
30
0
0
VERTEX
8
0
10
73.6822835091834
20
93.0129045597709
30
0
0
VERTEX
8
0
10
73.9426449350109
20
93.1835987374421
30
0
0
VERTEX
8
0
10
74.2030063608384
20
93.3295223674212
30
0
0
VERTEX
8
0
10
74.4633677866659
20
93.4885382167822
30
0
0
VERTEX
8
0
10
74.7237292124934
20
93.6479814351071
30
0
0
VERTEX
8
0
10
74.9840906383209
20
93.7967359312411
30
0
0
VERTEX
8
0
10
75.2444520641484
20
93.9680266972083
30
0
0
VERTEX
8
0
10
75.5048134899759
20
94.1085086701675
30
0
0
VERTEX
8
0
10
75.7651749158034
20
94.2629406481531
30
0
0
VERTEX
8
0
10
76.0255363416309
20
94.4218199556656
30
0
0
VERTEX
8
0
10
76.2858977674584
20
94.5649756171802
30
0
0
VERTEX
8
0
10
76.5462591932859
20
94.7197552949317
30
0
0
VERTEX
8
0
10
76.8066206191134
20
94.8716795486204
30
0
0
VERTEX
8
0
10
77.0669820449409
20
95.0171911474602
30
0
0
VERTEX
8
0
10
77.3273434707684
20
95.179639217239
30
0
0
VERTEX
8
0
10
77.5877048965959
20
95.3174119835717
30
0
0
VERTEX
8
0
10
77.8480663224234
20
95.4679911785146
30
0
0
VERTEX
8
0
10
78.1084277482509
20
95.6188449062973
30
0
0
VERTEX
8
0
10
78.3687891740784
20
95.7588365210383
30
0
0
VERTEX
8
0
10
78.6291505999059
20
95.9212693268525
30
0
0
VERTEX
8
0
10
78.8895120257334
20
96.0538615413898
30
0
0
VERTEX
8
0
10
79.1498734515609
20
96.1997426543812
30
0
0
VERTEX
8
0
10
79.4102348773884
20
96.3498409272967
30
0
0
VERTEX
8
0
10
79.6705963032159
20
96.4845181459607
30
0
0
VERTEX
8
0
10
79.9309577290434
20
96.6308472489536
30
0
0
VERTEX
8
0
10
80.1913191548709
20
96.7741661823978
30
0
0
VERTEX
8
0
10
80.4516805806984
20
96.9106550819403
30
0
0
VERTEX
8
0
10
80.7120420065259
20
97.0645275200839
30
0
0
VERTEX
8
0
10
80.9724034323534
20
97.1940833153882
30
0
0
VERTEX
8
0
10
81.2327648581809
20
97.3360645052158
30
0
0
VERTEX
8
0
10
81.4931262840084
20
97.4781907911025
30
0
0
VERTEX
8
0
10
81.7534877098359
20
97.609441168478
30
0
0
VERTEX
8
0
10
82.0138491356634
20
97.7627861082833
30
0
0
VERTEX
8
0
10
82.2742105614909
20
97.8874016410985
30
0
0
VERTEX
8
0
10
82.5345719873184
20
98.0246216758349
30
0
0
VERTEX
8
0
10
82.7949334131459
20
98.1658211724543
30
0
0
VERTEX
8
0
10
83.0552948389734
20
98.2920169429676
30
0
0
VERTEX
8
0
10
83.3156562648009
20
98.4297409534628
30
0
0
VERTEX
8
0
10
83.5760176906284
20
98.5643631052019
30
0
0
VERTEX
8
0
10
83.8363791164559
20
98.6919030865616
30
0
0
VERTEX
8
0
10
84.0967405422834
20
98.8369622469157
30
0
0
VERTEX
8
0
10
84.3571019681109
20
98.958276400337
30
0
0
VERTEX
8
0
10
84.6174633939384
20
99.0915587945761
30
0
0
VERTEX
8
0
10
84.8778248197659
20
99.2248763571945
30
0
0
VERTEX
8
0
10
85.1381862455934
20
99.3474345083982
30
0
0
VERTEX
8
0
10
85.3985476714209
20
99.4915364731863
30
0
0
VERTEX
8
0
10
85.6589090972484
20
99.6081317860418
30
0
0
VERTEX
8
0
10
85.9192705230759
20
99.7366312107072
30
0
0
VERTEX
8
0
10
86.1796319489034
20
99.8688672216708
30
0
0
VERTEX
8
0
10
86.4399933747309
20
99.986608712674
30
0
0
VERTEX
8
0
10
86.7003548005584
20
100.115631234417
30
0
0
VERTEX
8
0
10
86.9607162263859
20
100.241512181819
30
0
0
VERTEX
8
0
10
87.2210776522134
20
100.360195399661
30
0
0
VERTEX
8
0
10
87.4814390780409
20
100.496277388023
30
0
0
VERTEX
8
0
10
87.7418005038684
20
100.609357956302
30
0
0
VERTEX
8
0
10
88.0021619296959
20
100.733889250912
30
0
0
VERTEX
8
0
10
88.2625233555234
20
100.85836226076
30
0
0
VERTEX
8
0
10
88.5228847813509
20
100.972298788457
30
0
0
VERTEX
8
0
10
88.7832462071784
20
101.107063257848
30
0
0
VERTEX
8
0
10
89.0436076330059
20
101.215629831749
30
0
0
VERTEX
8
0
10
89.3039690588334
20
101.335390218709
30
0
0
VERTEX
8
0
10
89.5643304846609
20
101.458641190293
30
0
0
VERTEX
8
0
10
89.8246919104884
20
101.567980075517
30
0
0
VERTEX
8
0
10
90.0850533363159
20
101.688252307033
30
0
0
VERTEX
8
0
10
90.3454147621433
20
101.805386221584
30
0
0
VERTEX
8
0
10
90.6057761879709
20
101.915319906589
30
0
0
VERTEX
8
0
10
90.8661376137984
20
102.042321664973
30
0
0
VERTEX
8
0
10
91.1264990396259
20
102.147203826854
30
0
0
VERTEX
8
0
10
91.3868604654534
20
102.262971934052
30
0
0
VERTEX
8
0
10
91.6472218912809
20
102.378602375163
30
0
0
VERTEX
8
0
10
91.9075833171083
20
102.484006067744
30
0
0
VERTEX
8
0
10
92.1679447429358
20
102.60938905323
30
0
0
VERTEX
8
0
10
92.4283061687634
20
102.70994782522
30
0
0
VERTEX
8
0
10
92.6886675945909
20
102.820985334722
30
0
0
VERTEX
8
0
10
92.9490290204184
20
102.935266093439
30
0
0
VERTEX
8
0
10
93.2093904462458
20
103.036275034531
30
0
0
VERTEX
8
0
10
93.4697518720733
20
103.147788398708
30
0
0
VERTEX
8
0
10
93.7301132979008
20
103.2562022905
30
0
0
VERTEX
8
0
10
93.9904747237283
20
103.357507041987
30
0
0
VERTEX
8
0
10
94.2508361495558
20
103.475377009917
30
0
0
VERTEX
8
0
10
94.5111975753833
20
103.57211944629
30
0
0
VERTEX
8
0
10
94.7715590012108
20
103.679146767731
30
0
0
VERTEX
8
0
10
95.0319204270383
20
103.785969191415
30
0
0
VERTEX
8
0
10
95.2922818528658
20
103.882945097887
30
0
0
VERTEX
8
0
10
95.5526432786933
20
103.998945956919
30
0
0
VERTEX
8
0
10
95.8130047045208
20
104.091543613737
30
0
0
VERTEX
8
0
10
96.0733661303483
20
104.193904546573
30
0
0
VERTEX
8
0
10
96.3337275561758
20
104.299261639012
30
0
0
VERTEX
8
0
10
96.5940889820033
20
104.392032168279
30
0
0
VERTEX
8
0
10
96.8544504078308
20
104.494813132644
30
0
0
VERTEX
8
0
10
97.1148118336583
20
104.594562938027
30
0
0
VERTEX
8
0
10
97.3751732594858
20
104.687372020013
30
0
0
VERTEX
8
0
10
97.6355346853133
20
104.796103353646
30
0
0
VERTEX
8
0
10
97.8958961111408
20
104.884785966752
30
0
0
VERTEX
8
0
10
98.1562575369683
20
104.98312544754
30
0
0
VERTEX
8
0
10
98.4166189627958
20
105.081203400218
30
0
0
VERTEX
8
0
10
98.6769803886233
20
105.1698718819
30
0
0
VERTEX
8
0
10
98.9373418144508
20
105.276528197865
30
0
0
VERTEX
8
0
10
99.1977032402783
20
105.361234761426
30
0
0
VERTEX
8
0
10
99.4580646661058
20
105.454992574635
30
0
0
VERTEX
8
0
10
99.7184260919333
20
105.551501114437
30
0
0
VERTEX
8
0
10
99.9787875177608
20
105.636142477312
30
0
0
VERTEX
8
0
10
100.239148943588
20
105.73024895793
30
0
0
VERTEX
8
0
10
100.499510369416
20
105.821416947294
30
0
0
VERTEX
8
0
10
100.759871795243
20
105.905876254715
30
0
0
VERTEX
8
0
10
101.020233221071
20
106.005501938949
30
0
0
VERTEX
8
0
10
101.280594646898
20
106.086224520154
30
0
0
VERTEX
8
0
10
101.540956072726
20
106.175957001863
30
0
0
VERTEX
8
0
10
101.801317498553
20
106.265380674405
30
0
0
VERTEX
8
0
10
102.061678924381
20
106.345877137797
30
0
0
VERTEX
8
0
10
102.322040350208
20
106.443261139581
30
0
0
VERTEX
8
0
10
102.582401776036
20
106.520168493224
30
0
0
VERTEX
8
0
10
102.842763201863
20
106.605421894492
30
0
0
VERTEX
8
0
10
103.103124627691
20
106.693183527135
30
0
0
VERTEX
8
0
10
103.363486053518
20
106.769822218092
30
0
0
VERTEX
8
0
10
103.623847479346
20
106.85534117171
30
0
0
VERTEX
8
0
10
103.884208905173
20
106.938034342469
30
0
0
VERTEX
8
0
10
104.144570331001
20
107.014302844417
30
0
0
VERTEX
8
0
10
104.404931756828
20
107.104892250299
30
0
0
VERTEX
8
0
10
104.665293182656
20
107.177773853439
30
0
0
VERTEX
8
0
10
104.925654608483
20
107.25900641221
30
0
0
VERTEX
8
0
10
105.186016034311
20
107.339891216785
30
0
0
VERTEX
8
0
10
105.446377460138
20
107.412366350683
30
0
0
VERTEX
8
0
10
105.706738885966
20
107.500582518046
30
0
0
VERTEX
8
0
10
105.967100311793
20
107.569803649523
30
0
0
VERTEX
8
0
10
106.227461737621
20
107.646675519991
30
0
0
VERTEX
8
0
10
106.487823163448
20
107.725817249889
30
0
0
VERTEX
8
0
10
106.748184589276
20
107.794597077717
30
0
0
VERTEX
8
0
10
107.008546015103
20
107.87164301825
30
0
0
VERTEX
8
0
10
107.268907440931
20
107.945992254079
30
0
0
VERTEX
8
0
10
107.529268866758
20
108.014242801813
30
0
0
VERTEX
8
0
10
107.789630292586
20
108.095899381207
30
0
0
VERTEX
8
0
10
108.049991718413
20
108.161078248001
30
0
0
VERTEX
8
0
10
108.310353144241
20
108.233943309192
30
0
0
VERTEX
8
0
10
108.570714570068
20
108.306429189245
30
0
0
VERTEX
8
0
10
108.831075995896
20
108.371049600006
30
0
0
VERTEX
8
0
10
109.091437421723
20
108.450233212716
30
0
0
VERTEX
8
0
10
109.351798847551
20
108.511902029386
30
0
0
VERTEX
8
0
10
109.612160273378
20
108.580539009617
30
0
0
VERTEX
8
0
10
109.872521699206
20
108.651212719604
30
0
0
VERTEX
8
0
10
110.132883125033
20
108.712295300997
30
0
0
VERTEX
8
0
10
110.393244550861
20
108.781009562185
30
0
0
VERTEX
8
0
10
110.653605976688
20
108.847169413793
30
0
0
VERTEX
8
0
10
110.913967402516
20
108.907589850449
30
0
0
VERTEX
8
0
10
111.174328828343
20
108.980449753636
30
0
0
VERTEX
8
0
10
111.434690254171
20
109.038083694391
30
0
0
VERTEX
8
0
10
111.695051679998
20
109.102738784396
30
0
0
VERTEX
8
0
10
111.955413105826
20
109.16699012883
30
0
0
VERTEX
8
0
10
112.215774531653
20
109.223939312197
30
0
0
VERTEX
8
0
10
112.476135957481
20
109.294255776353
30
0
0
VERTEX
8
0
10
112.736497383308
20
109.348527399661
30
0
0
VERTEX
8
0
10
112.996858809136
20
109.409100030067
30
0
0
VERTEX
8
0
10
113.257220234963
20
109.471482580564
30
0
0
VERTEX
8
0
10
113.517581660791
20
109.525048201729
30
0
0
VERTEX
8
0
10
113.777943086618
20
109.585598825748
30
0
0
VERTEX
8
0
10
114.038304512446
20
109.643747818645
30
0
0
VERTEX
8
0
10
114.298665938273
20
109.696542358869
30
0
0
VERTEX
8
0
10
114.559027364101
20
109.760773825835
30
0
0
VERTEX
8
0
10
114.819388789928
20
109.811040996547
30
0
0
VERTEX
8
0
10
115.079750215756
20
109.867669039959
30
0
0
VERTEX
8
0
10
115.340111641583
20
109.923875117344
30
0
0
VERTEX
8
0
10
115.600473067411
20
109.973354734527
30
0
0
VERTEX
8
0
10
115.860834493238
20
110.034999572477
30
0
0
VERTEX
8
0
10
116.121195919066
20
110.082051054408
30
0
0
VERTEX
8
0
10
116.381557344893
20
110.13475440062
30
0
0
VERTEX
8
0
10
116.641918770721
20
110.189048235796
30
0
0
VERTEX
8
0
10
116.902280196548
20
110.235297049633
30
0
0
VERTEX
8
0
10
117.162641622376
20
110.287879222649
30
0
0
VERTEX
8
0
10
117.423003048203
20
110.338220632565
30
0
0
VERTEX
8
0
10
117.683364474031
20
110.383611501551
30
0
0
VERTEX
8
0
10
117.943725899858
20
110.439414924956
30
0
0
VERTEX
8
0
10
118.204087325686
20
110.48251496859
30
0
0
VERTEX
8
0
10
118.464448751513
20
110.531325072888
30
0
0
VERTEX
8
0
10
118.724810177341
20
110.579700933944
30
0
0
VERTEX
8
0
10
118.985171603168
20
110.621932380382
30
0
0
VERTEX
8
0
10
119.245533028996
20
110.675131809408
30
0
0
VERTEX
8
0
10
119.505894454823
20
110.715163239424
30
0
0
VERTEX
8
0
10
119.766255880651
20
110.760217961814
30
0
0
VERTEX
8
0
10
120.026617306478
20
110.80665217951
30
0
0
VERTEX
8
0
10
120.286978732306
20
110.845805726302
30
0
0
VERTEX
8
0
10
120.547340158133
20
110.890642712586
30
0
0
VERTEX
8
0
10
120.807701583961
20
110.933405775602
30
0
0
VERTEX
8
0
10
121.068063009788
20
110.971635112776
30
0
0
VERTEX
8
0
10
121.328424435616
20
111.019243706208
30
0
0
VERTEX
8
0
10
121.588785861443
20
111.055399246262
30
0
0
VERTEX
8
0
10
121.849147287271
20
111.096627942252
30
0
0
VERTEX
8
0
10
122.109508713098
20
111.137415763547
30
0
0
VERTEX
8
0
10
122.369870138926
20
111.172642034888
30
0
0
VERTEX
8
0
10
122.630231564753
20
111.217654089738
30
0
0
VERTEX
8
0
10
122.890592990581
20
111.25089008099
30
0
0
VERTEX
8
0
10
123.150954416408
20
111.288543930102
30
0
0
VERTEX
8
0
10
123.411315842236
20
111.327375795484
30
0
0
VERTEX
8
0
10
123.671677268063
20
111.359678851574
30
0
0
VERTEX
8
0
10
123.932038693891
20
111.397023402208
30
0
0
VERTEX
8
0
10
124.192400119718
20
111.432464947822
30
0
0
VERTEX
8
0
10
124.452761545546
20
111.46379699373
30
0
0
VERTEX
8
0
10
124.713122971373
20
111.503478027435
30
0
0
VERTEX
8
0
10
124.973484397201
20
111.53293651882
30
0
0
VERTEX
8
0
10
125.233845823028
20
111.566849446537
30
0
0
VERTEX
8
0
10
125.494207248856
20
111.600320308981
30
0
0
VERTEX
8
0
10
125.754568674683
20
111.628808182897
30
0
0
VERTEX
8
0
10
126.014930100511
20
111.665924362063
30
0
0
VERTEX
8
0
10
126.275291526338
20
111.692615923306
30
0
0
VERTEX
8
0
10
126.535652952166
20
111.723145662408
30
0
0
VERTEX
8
0
10
126.796014377993
20
111.754662565392
30
0
0
VERTEX
8
0
10
127.056375803821
20
111.780385339368
30
0
0
VERTEX
8
0
10
127.316737229648
20
111.810521572824
30
0
0
VERTEX
8
0
10
127.577098655476
20
111.838928087192
30
0
0
VERTEX
8
0
10
127.837460081303
20
111.863651685081
30
0
0
VERTEX
8
0
10
128.097821507131
20
111.895708276226
30
0
0
VERTEX
8
0
10
128.358182932958
20
111.918744234795
30
0
0
VERTEX
8
0
10
128.618544358786
20
111.945638284248
30
0
0
VERTEX
8
0
10
128.878905784613
20
111.97209439922
30
0
0
VERTEX
8
0
10
129.139267210441
20
111.994136966105
30
0
0
VERTEX
8
0
10
129.399628636268
20
112.023684404406
30
0
0
VERTEX
8
0
10
129.659990062096
20
112.044111221558
30
0
0
VERTEX
8
0
10
129.920351487923
20
112.067824996525
30
0
0
VERTEX
8
0
10
130.180712913751
20
112.092346872618
30
0
0
VERTEX
8
0
10
130.441074339578
20
112.111787584572
30
0
0
VERTEX
8
0
10
130.701435765406
20
112.135033357389
30
0
0
VERTEX
8
0
10
130.961797191233
20
112.156723503308
30
0
0
VERTEX
8
0
10
131.222158617061
20
112.175154961889
30
0
0
VERTEX
8
0
10
131.482520042888
20
112.199928430619
30
0
0
VERTEX
8
0
10
131.742881468716
20
112.2168460805
30
0
0
VERTEX
8
0
10
132.003242894543
20
112.237052017449
30
0
0
VERTEX
8
0
10
132.263604320371
20
112.256829433946
30
0
0
VERTEX
8
0
10
132.523965746198
20
112.272749026707
30
0
0
VERTEX
8
0
10
132.784327172026
20
112.295093220383
30
0
0
VERTEX
8
0
10
133.044688597853
20
112.309566391774
30
0
0
VERTEX
8
0
10
133.305050023681
20
112.326806589888
30
0
0
VERTEX
8
0
10
133.565411449508
20
112.344688846205
30
0
0
VERTEX
8
0
10
133.825772875336
20
112.358176745385
30
0
0
VERTEX
8
0
10
134.086134301163
20
112.374886554874
30
0
0
VERTEX
8
0
10
134.346495726991
20
112.390214197869
30
0
0
VERTEX
8
0
10
134.606857152818
20
112.402700581555
30
0
0
VERTEX
8
0
10
134.867218578646
20
112.420573411334
30
0
0
VERTEX
8
0
10
135.127580004473
20
112.431709812075
30
0
0
VERTEX
8
0
10
135.387941430301
20
112.445595444251
30
0
0
VERTEX
8
0
10
135.648302856128
20
112.459067295963
30
0
0
VERTEX
8
0
10
135.908664281956
20
112.46921889248
30
0
0
VERTEX
8
0
10
136.169025707783
20
112.484767031579
30
0
0
VERTEX
8
0
10
136.429387133611
20
112.493632327428
30
0
0
VERTEX
8
0
10
136.689748559438
20
112.504778994542
30
0
0
VERTEX
8
0
10
136.950109985266
20
112.516416011582
30
0
0
VERTEX
8
0
10
137.210471411093
20
112.524314915377
30
0
0
VERTEX
8
0
10
137.470832836921
20
112.534883407361
30
0
0
VERTEX
8
0
10
137.731194262748
20
112.544241228278
30
0
0
VERTEX
8
0
10
137.991555688576
20
112.55116417042
30
0
0
VERTEX
8
0
10
138.251917114403
20
112.562563646375
30
0
0
VERTEX
8
0
10
138.512278540231
20
112.568292394752
30
0
0
VERTEX
8
0
10
138.772639966058
20
112.576266369185
30
0
0
VERTEX
8
0
10
139.033001391886
20
112.583846756522
30
0
0
VERTEX
8
0
10
139.293362817713
20
112.588621963594
30
0
0
VERTEX
8
0
10
139.553724243541
20
112.597826966156
30
0
0
VERTEX
8
0
10
139.814085669368
20
112.601468722132
30
0
0
VERTEX
8
0
10
140.074447095196
20
112.606943648638
30
0
0
VERTEX
8
0
10
140.334808521023
20
112.612772970924
30
0
0
VERTEX
8
0
10
140.595169946851
20
112.615485450865
30
0
0
VERTEX
8
0
10
140.855531372678
20
112.620351651661
30
0
0
VERTEX
8
0
10
141.115892798506
20
112.624175473205
30
0
0
VERTEX
8
0
10
141.376254224333
20
112.6259556549
30
0
0
VERTEX
8
0
10
141.636615650161
20
112.631358306382
30
0
0
VERTEX
8
0
10
141.896977075988
20
112.632093959827
30
0
0
VERTEX
8
0
10
142.157338501816
20
112.634610336925
30
0
0
VERTEX
8
0
10
142.417699927643
20
112.636758995891
30
0
0
VERTEX
8
0
10
142.678061353471
20
112.636590781409
30
0
0
VERTEX
8
0
10
142.938422779298
20
112.639956186276
30
0
0
VERTEX
8
0
10
143.198784205126
20
112.638802004978
30
0
0
VERTEX
8
0
10
143.459145630953
20
112.639073657681
30
0
0
VERTEX
8
0
10
143.719507056781
20
112.639581055879
30
0
0
VERTEX
8
0
10
143.979868482608
20
112.637553468056
30
0
0
VERTEX
8
0
10
144.240229908436
20
112.637205935875
30
0
0
VERTEX
8
0
10
144.500591334263
20
112.63597996936
30
0
0
VERTEX
8
0
10
144.760952760091
20
112.633082487355
30
0
0
VERTEX
8
0
10
145.021314185918
20
112.633019547858
30
0
0
VERTEX
8
0
10
145.281675611746
20
112.629223006024
30
0
0
VERTEX
8
0
10
145.542037037573
20
112.626786850036
30
0
0
VERTEX
8
0
10
145.802398463401
20
112.624014858036
30
0
0
VERTEX
8
0
10
146.062759889228
20
112.619383300023
30
0
0
VERTEX
8
0
10
146.323121315056
20
112.617469282854
30
0
0
VERTEX
8
0
10
146.583482740883
20
112.611995829922
30
0
0
VERTEX
8
0
10
146.843844166711
20
112.607585424904
30
0
0
VERTEX
8
0
10
147.104205592538
20
112.603311135571
30
0
0
VERTEX
8
0
10
147.364567018366
20
112.597039822318
30
0
0
VERTEX
8
0
10
147.624928444193
20
112.592023049604
30
0
0
VERTEX
8
0
10
147.885289870021
20
112.586286411036
30
0
0
VERTEX
8
0
10
148.145651295848
20
112.579227407591
30
0
0
VERTEX
8
0
10
148.406012721676
20
112.574291663234
30
0
0
VERTEX
8
0
10
148.666374147503
20
112.566476910179
30
0
0
VERTEX
8
0
10
148.926735573331
20
112.559651310095
30
0
0
VERTEX
8
0
10
149.187096999158
20
112.552528262125
30
0
0
VERTEX
8
0
10
149.447458424986
20
112.543967776202
30
0
0
VERTEX
8
0
10
149.707819850813
20
112.537398756493
30
0
0
VERTEX
8
0
10
149.968181276641
20
112.528139153043
30
0
0
VERTEX
8
0
10
150.228542702468
20
112.519628390702
30
0
0
VERTEX
8
0
10
150.488904128296
20
112.511175078165
30
0
0
VERTEX
8
0
10
150.749265554123
20
112.501214319783
30
0
0
VERTEX
8
0
10
151.009626979951
20
112.492136984043
30
0
0
VERTEX
8
0
10
151.269988405778
20
112.482492109577
30
0
0
VERTEX
8
0
10
151.530349831606
20
112.471847334011
30
0
0
VERTEX
8
0
10
151.790711257433
20
112.46270204577
30
0
0
VERTEX
8
0
10
152.051072683261
20
112.451444988365
30
0
0
VERTEX
8
0
10
152.311434109088
20
112.440860275499
30
0
0
VERTEX
8
0
10
152.571795534916
20
112.430023737265
30
0
0
VERTEX
8
0
10
152.832156960743
20
112.418132640052
30
0
0
VERTEX
8
0
10
153.092518386571
20
112.407607365914
30
0
0
VERTEX
8
0
10
153.352879812398
20
112.395161125642
30
0
0
VERTEX
8
0
10
153.613241238226
20
112.383202582524
30
0
0
VERTEX
8
0
10
153.873602664053
20
112.371246070214
30
0
0
VERTEX
8
0
10
154.133964089881
20
112.358218901413
30
0
0
VERTEX
8
0
10
154.394325515708
20
112.345765131639
30
0
0
VERTEX
8
0
10
154.654686941536
20
112.332889329272
30
0
0
VERTEX
8
0
10
154.915048367363
20
112.319305948004
30
0
0
VERTEX
8
0
10
155.175409793191
20
112.306697221848
30
0
0
VERTEX
8
0
10
155.435771219018
20
112.292648097381
30
0
0
SEQEND
8
0
0
POLYLINE
8
0
62
4
70
0
10
0
20
0
30
0
0
VERTEX
8
0
10
13.7991555688578
20
33.6281759865382
30
0
0
VERTEX
8
0
10
14.0595169946853
20
34.0135978760679
30
0
0
VERTEX
8
0
10
14.3198784205128
20
34.4332712599737
30
0
0
VERTEX
8
0
10
14.5802398463403
20
34.8155622562063
30
0
0
VERTEX
8
0
10
14.8406012721678
20
35.2140094880169
30
0
0
VERTEX
8
0
10
15.1009626979953
20
35.6181167636127
30
0
0
VERTEX
8
0
10
15.3613241238228
20
36.0008210566649
30
0
0
VERTEX
8
0
10
15.6216855496503
20
36.4031144805099
30
0
0
VERTEX
8
0
10
15.8820469754778
20
36.7999602345605
30
0
0
VERTEX
8
0
10
16.1424084013053
20
37.182422529712
30
0
0
VERTEX
8
0
10
16.4027698271328
20
37.598540696201
30
0
0
VERTEX
8
0
10
16.6631312529603
20
37.9783192631177
30
0
0
VERTEX
8
0
10
16.9234926787878
20
38.3757724773737
30
0
0
VERTEX
8
0
10
17.1838541046153
20
38.7729505345376
30
0
0
VERTEX
8
0
10
17.4442155304428
20
39.1514344005668
30
0
0
VERTEX
8
0
10
17.7045769562703
20
39.5662256152079
30
0
0
VERTEX
8
0
10
17.9649383820978
20
39.9409153993883
30
0
0
VERTEX
8
0
10
18.2252998079253
20
40.3320255376366
30
0
0
VERTEX
8
0
10
18.4856612337528
20
40.7285558571679
30
0
0
VERTEX
8
0
10
18.7460226595803
20
41.1020116017128
30
0
0
VERTEX
8
0
10
19.0063840854078
20
41.4959550520157
30
0
0
VERTEX
8
0
10
19.2667455112354
20
41.8833426180216
30
0
0
VERTEX
8
0
10
19.5271069370629
20
42.2553564390479
30
0
0
VERTEX
8
0
10
19.7874683628904
20
42.6628463312951
30
0
0
VERTEX
8
0
10
20.0478297887179
20
43.0309474462922
30
0
0
VERTEX
8
0
10
20.3081912145454
20
43.4177186311715
30
0
0
VERTEX
8
0
10
20.5685526403729
20
43.8037769221058
30
0
0
VERTEX
8
0
10
20.8289140662004
20
44.169972338703
30
0
0
VERTEX
8
0
10
21.0892754920279
20
44.5736769701713
30
0
0
VERTEX
8
0
10
21.3496369178554
20
44.935859006345
30
0
0
VERTEX
8
0
10
21.6099983436829
20
45.3145833582781
30
0
0
VERTEX
8
0
10
21.8703597695104
20
45.698838877247
30
0
0
VERTEX
8
0
10
22.1307211953379
20
46.058850543862
30
0
0
VERTEX
8
0
10
22.3910826211654
20
46.4397908277011
30
0
0
VERTEX
8
0
10
22.6514440469929
20
46.8139971512094
30
0
0
VERTEX
8
0
10
22.9118054728204
20
47.1716046076799
30
0
0
VERTEX
8
0
10
23.1721668986479
20
47.5657334898998
30
0
0
VERTEX
8
0
10
23.4325283244754
20
47.919360406288
30
0
0
VERTEX
8
0
10
23.6928897503029
20
48.2919150202721
30
0
0
VERTEX
8
0
10
23.9532511761304
20
48.6635711089802
30
0
0
VERTEX
8
0
10
24.2136126019579
20
49.0147724480105
30
0
0
VERTEX
8
0
10
24.4739740277855
20
49.4039495764609
30
0
0
VERTEX
8
0
10
24.734335453613
20
49.7351579829335
30
0
0
VERTEX
8
0
10
24.9946968794405
20
50.0750020973446
30
0
0
VERTEX
8
0
10
25.255058305268
20
50.4203359326306
30
0
0
VERTEX
8
0
10
25.5154197310955
20
50.7415289343094
30
0
0
VERTEX
8
0
10
25.775781156923
20
51.0843182761161
30
0
0
VERTEX
8
0
10
26.0361425827505
20
51.4203672925398
30
0
0
VERTEX
8
0
10
26.296504008578
20
51.7395761597171
30
0
0
VERTEX
8
0
10
26.5568654344055
20
52.0962228189218
30
0
0
VERTEX
8
0
10
26.817226860233
20
52.411963503431
30
0
0
VERTEX
8
0
10
27.0775882860605
20
52.7470027701142
30
0
0
VERTEX
8
0
10
27.337949711888
20
53.0627341027585
30
0
0
VERTEX
8
0
10
27.5983111377155
20
53.346816569575
30
0
0
VERTEX
8
0
10
27.858672563543
20
53.6700953277585
30
0
0
VERTEX
8
0
10
28.1190339893705
20
53.9513549749385
30
0
0
VERTEX
8
0
10
28.379395415198
20
54.2497626668243
30
0
0
VERTEX
8
0
10
28.6397568410255
20
54.553919554256
30
0
0
VERTEX
8
0
10
28.900118266853
20
54.8339044708201
30
0
0
VERTEX
8
0
10
29.1604796926805
20
55.1360318876991
30
0
0
VERTEX
8
0
10
29.420841118508
20
55.4315263963933
30
0
0
VERTEX
8
0
10
29.6812025443356
20
55.7101004309436
30
0
0
VERTEX
8
0
10
29.9415639701631
20
56.0279306650888
30
0
0
VERTEX
8
0
10
30.2019253959906
20
56.3058955384971
30
0
0
VERTEX
8
0
10
30.4622868218181
20
56.6031399561782
30
0
0
VERTEX
8
0
10
30.7226482476456
20
56.899786261787
30
0
0
VERTEX
8
0
10
30.9830096734731
20
57.1757939350983
30
0
0
VERTEX
8
0
10
31.2433710993006
20
57.4912524765299
30
0
0
VERTEX
8
0
10
31.5037325251281
20
57.7643885286586
30
0
0
VERTEX
8
0
10
31.7640939509556
20
58.0546105792756
30
0
0
VERTEX
8
0
10
32.0244553767831
20
58.3504926541728
30
0
0
VERTEX
8
0
10
32.2848168026106
20
58.6220130743099
30
0
0
VERTEX
8
0
10
32.5451782284381
20
58.9143860252409
30
0
0
VERTEX
8
0
10
32.8055396542656
20
59.1978668234129
30
0
0
VERTEX
8
0
10
33.0659010800931
20
59.4645337694949
30
0
0
VERTEX
8
0
10
33.3262625059206
20
59.7696852240056
30
0
0
VERTEX
8
0
10
33.5866239317481
20
60.0335775591974
30
0
0
VERTEX
8
0
10
33.8469853575756
20
60.3171556217086
30
0
0
VERTEX
8
0
10
34.1073467834031
20
60.6000983992038
30
0
0
VERTEX
8
0
10
34.3677082092306
20
60.862347075112
30
0
0
VERTEX
8
0
10
34.6280696350581
20
61.1640660655267
30
0
0
VERTEX
8
0
10
34.8884310608857
20
61.4235856576426
30
0
0
VERTEX
8
0
10
35.1487924867132
20
61.7005238412703
30
0
0
VERTEX
8
0
10
35.4091539125407
20
61.9837288401963
30
0
0
VERTEX
8
0
10
35.6695153383682
20
62.2425897093947
30
0
0
VERTEX
8
0
10
35.9298767641957
20
62.5236660186534
30
0
0
VERTEX
8
0
10
36.1902381900232
20
62.7979728349849
30
0
0
VERTEX
8
0
10
36.4505996158507
20
63.05514964789
30
0
0
VERTEX
8
0
10
36.7109610416782
20
63.3507684633437
30
0
0
VERTEX
8
0
10
36.9713224675057
20
63.6053121217668
30
0
0
VERTEX
8
0
10
37.2316838933332
20
63.8794322512026
30
0
0
VERTEX
8
0
10
37.4920453191607
20
64.1529116076265
30
0
0
VERTEX
8
0
10
37.7524067449882
20
64.3987567595164
30
0
0
VERTEX
8
0
10
38.0127681708157
20
64.6846392183843
30
0
0
VERTEX
8
0
10
38.2731295966432
20
64.9287314312874
30
0
0
VERTEX
8
0
10
38.5334910224707
20
65.1896193217254
30
0
0
VERTEX
8
0
10
38.7938524482982
20
65.4560516559029
30
0
0
VERTEX
8
0
10
39.0542138741257
20
65.698396660223
30
0
0
VERTEX
8
0
10
39.3145752999532
20
65.9627939001907
30
0
0
VERTEX
8
0
10
39.5749367257807
20
66.2204490793591
30
0
0
VERTEX
8
0
10
39.8352981516082
20
66.4610650164786
30
0
0
VERTEX
8
0
10
40.0956595774358
20
66.7398615127508
30
0
0
VERTEX
8
0
10
40.3560210032633
20
66.9709012450265
30
0
0
VERTEX
8
0
10
40.6163824290908
20
67.2194141617046
30
0
0
VERTEX
8
0
10
40.8767438549183
20
67.4673201250571
30
0
0
VERTEX
8
0
10
41.1371052807458
20
67.6948181475567
30
0
0
VERTEX
8
0
10
41.3974667065733
20
67.9611606423051
30
0
0
VERTEX
8
0
10
41.6578281324008
20
68.1862100047338
30
0
0
VERTEX
8
0
10
41.9181895582283
20
68.4278718963373
30
0
0
VERTEX
8
0
10
42.1785509840558
20
68.6750499028494
30
0
0
VERTEX
8
0
10
42.4389124098833
20
68.898485620439
30
0
0
VERTEX
8
0
10
42.6992738357108
20
69.1437965234735
30
0
0
VERTEX
8
0
10
42.9596352615383
20
69.3822173260655
30
0
0
VERTEX
8
0
10
43.2199966873658
20
69.6036637728618
30
0
0
VERTEX
8
0
10
43.4803581131933
20
69.862957482182
30
0
0
VERTEX
8
0
10
43.7407195390208
20
70.0821455198433
30
0
0
VERTEX
8
0
10
44.0010809648483
20
70.3205153237603
30
0
0
VERTEX
8
0
10
44.2614423906758
20
70.5583132173669
30
0
0
VERTEX
8
0
10
44.5218038165033
20
70.7760639252436
30
0
0
VERTEX
8
0
10
44.7821652423308
20
71.03222331332
30
0
0
VERTEX
8
0
10
45.0425266681583
20
71.2478448687209
30
0
0
VERTEX
8
0
10
45.3028880939859
20
71.4799010219464
30
0
0
VERTEX
8
0
10
45.5632495198134
20
71.7174815582825
30
0
0
VERTEX
8
0
10
45.8236109456409
20
71.9319615317135
30
0
0
VERTEX
8
0
10
46.0839723714684
20
72.1682306046645
30
0
0
VERTEX
8
0
10
46.3443337972959
20
72.3980776427476
30
0
0
VERTEX
8
0
10
46.6046952231234
20
72.6114564189397
30
0
0
VERTEX
8
0
10
46.8650566489509
20
72.8622249815951
30
0
0
VERTEX
8
0
10
47.1254180747784
20
73.0736905502933
30
0
0
VERTEX
8
0
10
47.3857795006059
20
73.3041135219829
30
0
0
VERTEX
8
0
10
47.6461409264334
20
73.5340858097142
30
0
0
VERTEX
8
0
10
47.9065023522609
20
73.7444861156417
30
0
0
VERTEX
8
0
10
48.1668637780884
20
73.9927176138171
30
0
0
VERTEX
8
0
10
48.4272252039159
20
74.2007643483414
30
0
0
VERTEX
8
0
10
48.6875866297434
20
74.4251870511242
30
0
0
VERTEX
8
0
10
48.9479480555709
20
74.6551448604351
30
0
0
VERTEX
8
0
10
49.2083094813984
20
74.8624582774478
30
0
0
VERTEX
8
0
10
49.4686709072259
20
75.0911518601169
30
0
0
VERTEX
8
0
10
49.7290323330534
20
75.3136813808229
30
0
0
VERTEX
8
0
10
49.9893937588809
20
75.5201962426912
30
0
0
VERTEX
8
0
10
50.2497551847084
20
75.7635089132042
30
0
0
VERTEX
8
0
10
50.5101166105359
20
75.9685055909866
30
0
0
VERTEX
8
0
10
50.7704780363635
20
76.1921890789531
30
0
0
VERTEX
8
0
10
51.030839462191
20
76.4032673805028
30
0
0
VERTEX
8
0
10
51.2912008880185
20
76.5976770756779
30
0
0
VERTEX
8
0
10
51.551562313846
20
76.8292210870425
30
0
0
VERTEX
8
0
10
51.8119237396735
20
77.0222524202854
30
0
0
VERTEX
8
0
10
52.072285165501
20
77.2312515899928
30
0
0
VERTEX
8
0
10
52.3326465913285
20
77.445791635359
30
0
0
VERTEX
8
0
10
52.593008017156
20
77.6383564176312
30
0
0
VERTEX
8
0
10
52.8533694429835
20
77.85193412911
30
0
0
VERTEX
8
0
10
53.113730868811
20
78.0595846836816
30
0
0
VERTEX
8
0
10
53.3740922946385
20
78.2516606829007
30
0
0
VERTEX
8
0
10
53.634453720466
20
78.4692670463476
30
0
0
VERTEX
8
0
10
53.8948151462935
20
78.651026957294
30
0
0
VERTEX
8
0
10
54.155176572121
20
78.8509911518582
30
0
0
VERTEX
8
0
10
54.4155379979485
20
79.0506755046614
30
0
0
VERTEX
8
0
10
54.675899423776
20
79.2318211173635
30
0
0
VERTEX
8
0
10
54.9362608496035
20
79.4491849656401
30
0
0
VERTEX
8
0
10
55.196622275431
20
79.6290092707576
30
0
0
VERTEX
8
0
10
55.4569837012585
20
79.8243411621826
30
0
0
VERTEX
8
0
10
55.717345127086
20
80.0250167406037
30
0
0
VERTEX
8
0
10
55.9777065529135
20
80.2042339694685
30
0
0
VERTEX
8
0
10
56.238067978741
20
80.4047163767498
30
0
0
VERTEX
8
0
10
56.4984294045685
20
80.5989459993679
30
0
0
VERTEX
8
0
10
56.758790830396
20
80.7779270334114
30
0
0
VERTEX
8
0
10
57.0191522562235
20
80.9919792995484
30
0
0
VERTEX
8
0
10
57.279513682051
20
81.1696362125559
30
0
0
VERTEX
8
0
10
57.5398751078785
20
81.3650132642879
30
0
0
VERTEX
8
0
10
57.800236533706
20
81.5600657874939
30
0
0
VERTEX
8
0
10
58.0605979595335
20
81.7370391818955
30
0
0
VERTEX
8
0
10
58.320959385361
20
81.9491804859922
30
0
0
VERTEX
8
0
10
58.5813208111885
20
82.1248257989832
30
0
0
VERTEX
8
0
10
58.841682237016
20
82.3151181922123
30
0
0
VERTEX
8
0
10
59.1020436628435
20
82.5106574625425
30
0
0
VERTEX
8
0
10
59.362405088671
20
82.6853604492862
30
0
0
VERTEX
8
0
10
59.6227665144985
20
82.8798625487165
30
0
0
VERTEX
8
0
10
59.883127940326
20
83.0686474636501
30
0
0
VERTEX
8
0
10
60.1434893661535
20
83.2425822505131
30
0
0
VERTEX
8
0
10
60.403850791981
20
83.4505142438014
30
0
0
VERTEX
8
0
10
60.6642122178084
20
83.6231120645325
30
0
0
VERTEX
8
0
10
60.924573643636
20
83.8128352310132
30
0
0
VERTEX
8
0
10
61.1849350694635
20
84.0021920183697
30
0
0
VERTEX
8
0
10
61.4452964952909
20
84.1739845595227
30
0
0
VERTEX
8
0
10
61.7056579211184
20
84.3802259402177
30
0
0
VERTEX
8
0
10
61.9660193469459
20
84.551293523125
30
0
0
VERTEX
8
0
10
62.2263807727734
20
84.7368182248022
30
0
0
VERTEX
8
0
10
62.4867421986009
20
84.927257205292
30
0
0
VERTEX
8
0
10
62.7471036244284
20
85.0974681967007
30
0
0
VERTEX
8
0
10
63.0074650502559
20
85.286788354208
30
0
0
VERTEX
8
0
10
63.2678264760834
20
85.4705264450963
30
0
0
VERTEX
8
0
10
63.5281879019109
20
85.6398500782323
30
0
0
VERTEX
8
0
10
63.7885493277384
20
85.8420030152967
30
0
0
VERTEX
8
0
10
64.0489107535659
20
86.0099779930979
30
0
0
VERTEX
8
0
10
64.3092721793934
20
86.1946631269858
30
0
0
VERTEX
8
0
10
64.5696336052209
20
86.3791129059772
30
0
0
VERTEX
8
0
10
64.8299950310484
20
86.5465579191575
30
0
0
VERTEX
8
0
10
65.0903564568759
20
86.7467767014738
30
0
0
VERTEX
8
0
10
65.3507178827034
20
86.912868756817
30
0
0
VERTEX
8
0
10
65.6110793085309
20
87.0928472956617
30
0
0
VERTEX
8
0
10
65.8714407343584
20
87.277515133272
30
0
0
VERTEX
8
0
10
66.1318021601859
20
87.4426524754271
30
0
0
VERTEX
8
0
10
66.3921635860134
20
87.6261698028999
30
0
0
VERTEX
8
0
10
66.6525250118409
20
87.804261966507
30
0
0
VERTEX
8
0
10
66.9128864376684
20
87.9696391104726
30
0
0
VERTEX
8
0
10
67.1732478634959
20
88.1678421804118
30
0
0
VERTEX
8
0
10
67.4336092893234
20
88.3326205292093
30
0
0
VERTEX
8
0
10
67.6939707151509
20
88.513212625146
30
0
0
VERTEX
8
0
10
67.9543321409784
20
88.6933614679068
30
0
0
VERTEX
8
0
10
68.2146935668059
20
88.857108441221
30
0
0
VERTEX
8
0
10
68.4750549926334
20
89.0523199303097
30
0
0
VERTEX
8
0
10
68.7354164184609
20
89.2147053874865
30
0
0
VERTEX
8
0
10
68.9957778442884
20
89.390378126103
30
0
0
VERTEX
8
0
10
69.2561392701159
20
89.5705047958416
30
0
0
VERTEX
8
0
10
69.5165006959434
20
89.7310098652904
30
0
0
VERTEX
8
0
10
69.7768621217709
20
89.9086158199164
30
0
0
VERTEX
8
0
10
70.0372235475984
20
90.0811232767005
30
0
0
VERTEX
8
0
10
70.2975849734259
20
90.2402087329675
30
0
0
VERTEX
8
0
10
70.5579463992534
20
90.4295786352757
30
0
0
VERTEX
8
0
10
70.8183078250809
20
90.5873193322228
30
0
0
VERTEX
8
0
10
71.0786692509084
20
90.7601911753825
30
0
0
VERTEX
8
0
10
71.3390306767359
20
90.9326043549362
30
0
0
VERTEX
8
0
10
71.5993921025634
20
91.0892655359032
30
0
0
VERTEX
8
0
10
71.8597535283909
20
91.2760466546133
30
0
0
VERTEX
8
0
10
72.1201149542184
20
91.4313698688094
30
0
0
VERTEX
8
0
10
72.3804763800459
20
91.5995775690771
30
0
0
VERTEX
8
0
10
72.6408378058734
20
91.7719889777302
30
0
0
VERTEX
8
0
10
72.9011992317009
20
91.9263857316294
30
0
0
VERTEX
8
0
10
73.1615606575284
20
92.0976106359174
30
0
0
VERTEX
8
0
10
73.4219220833559
20
92.2637702041232
30
0
0
VERTEX
8
0
10
73.6822835091834
20
92.4170480758834
30
0
0
VERTEX
8
0
10
73.9426449350109
20
92.5992682069908
30
0
0
VERTEX
8
0
10
74.2030063608384
20
92.7512155331997
30
0
0
VERTEX
8
0
10
74.4633677866659
20
92.9175891393243
30
0
0
VERTEX
8
0
10
74.7237292124934
20
93.0828321854982
30
0
0
VERTEX
8
0
10
74.9840906383209
20
93.233504572242
30
0
0
VERTEX
8
0
10
75.2444520641484
20
93.4129032476025
30
0
0
VERTEX
8
0
10
75.5048134899759
20
93.5622426656241
30
0
0
VERTEX
8
0
10
75.7651749158034
20
93.7236469905363
30
0
0
VERTEX
8
0
10
76.0255363416309
20
93.8890464749236
30
0
0
VERTEX
8
0
10
76.2858977674584
20
94.0372279725663
30
0
0
VERTEX
8
0
10
76.5462591932859
20
94.2014307574654
30
0
0
VERTEX
8
0
10
76.8066206191134
20
94.3607630056968
30
0
0
VERTEX
8
0
10
77.0669820449409
20
94.507771444514
30
0
0
VERTEX
8
0
10
77.3273434707684
20
94.6823436960731
30
0
0
VERTEX
8
0
10
77.5877048965959
20
94.8283116819522
30
0
0
VERTEX
8
0
10
77.8480663224234
20
94.9880265861022
30
0
0
VERTEX
8
0
10
78.1084277482509
20
95.1472474173599
30
0
0
VERTEX
8
0
10
78.3687891740784
20
95.2920679478267
30
0
0
VERTEX
8
0
10
78.6291505999059
20
95.4642015649512
30
0
0
VERTEX
8
0
10
78.8895120257334
20
95.6077091502443
30
0
0
VERTEX
8
0
10
79.1498734515609
20
95.7626551343117
30
0
0
VERTEX
8
0
10
79.4102348773884
20
95.9213635819695
30
0
0
VERTEX
8
0
10
79.6705963032159
20
96.0636715167833
30
0
0
VERTEX
8
0
10
79.9309577290434
20
96.221181598914
30
0
0
VERTEX
8
0
10
80.1913191548709
20
96.3742504191987
30
0
0
VERTEX
8
0
10
80.4516805806984
20
96.5156536035045
30
0
0
VERTEX
8
0
10
80.7120420065259
20
96.6832155122949
30
0
0
VERTEX
8
0
10
80.9724034323534
20
96.8233157886725
30
0
0
VERTEX
8
0
10
81.2327648581809
20
96.9763924196024
30
0
0
VERTEX
8
0
10
81.4931262840084
20
97.1289644591288
30
0
0
VERTEX
8
0
10
81.7534877098359
20
97.2678392704854
30
0
0
VERTEX
8
0
10
82.0138491356634
20
97.4325905973239
30
0
0
VERTEX
8
0
10
82.2742105614909
20
97.5701730534722
30
0
0
VERTEX
8
0
10
82.5345719873184
20
97.7182989990731
30
0
0
VERTEX
8
0
10
82.7949334131459
20
97.869876351897
30
0
0
VERTEX
8
0
10
83.0552948389734
20
98.0059457275252
30
0
0
VERTEX
8
0
10
83.3156562648009
20
98.1563876004327
30
0
0
VERTEX
8
0
10
83.5760176906284
20
98.3023734046889
30
0
0
VERTEX
8
0
10
83.8363791164559
20
98.4371976976535
30
0
0
VERTEX
8
0
10
84.0967405422834
20
98.5967616861662
30
0
0
VERTEX
8
0
10
84.3571019681109
20
98.730307064025
30
0
0
VERTEX
8
0
10
84.6174633939384
20
98.8760969903946
30
0
0
VERTEX
8
0
10
84.8778248197659
20
99.0213758101684
30
0
0
VERTEX
8
0
10
85.1381862455934
20
99.1536717407433
30
0
0
VERTEX
8
0
10
85.3985476714209
20
99.3103969280984
30
0
0
VERTEX
8
0
10
85.6589090972484
20
99.4414252249074
30
0
0
VERTEX
8
0
10
85.9192705230759
20
99.5826280626334
30
0
0
VERTEX
8
0
10
86.1796319489034
20
99.7271307258371
30
0
0
VERTEX
8
0
10
86.4399933747309
20
99.856906092046
30
0
0
VERTEX
8
0
10
86.7003548005584
20
100.000222856279
30
0
0
VERTEX
8
0
10
86.9607162263859
20
100.139301224508
30
0
0
VERTEX
8
0
10
87.2210776522134
20
100.267815682696
30
0
0
VERTEX
8
0
10
87.4814390780409
20
100.419642548788
30
0
0
VERTEX
8
0
10
87.7418005038684
20
100.546906277961
30
0
0
VERTEX
8
0
10
88.0021619296959
20
100.686261451931
30
0
0
VERTEX
8
0
10
88.2625233555234
20
100.824955269865
30
0
0
VERTEX
8
0
10
88.5228847813509
20
100.951388538405
30
0
0
VERTEX
8
0
10
88.7832462071784
20
101.100799362944
30
0
0
VERTEX
8
0
10
89.0436076330059
20
101.225994385406
30
0
0
VERTEX
8
0
10
89.3039690588334
20
101.360733292572
30
0
0
VERTEX
8
0
10
89.5643304846609
20
101.498544648678
30
0
0
VERTEX
8
0
10
89.8246919104884
20
101.622476645821
30
0
0
VERTEX
8
0
10
90.0850533363159
20
101.759117271442
30
0
0
VERTEX
8
0
10
90.3454147621433
20
101.891740842544
30
0
0
VERTEX
8
0
10
90.6057761879709
20
101.994037454519
30
0
0
VERTEX
8
0
10
90.8661376137984
20
102.122029804155
30
0
0
VERTEX
8
0
10
91.1264990396259
20
102.226869082019
30
0
0
VERTEX
8
0
10
91.3868604654534
20
102.342494995295
30
0
0
VERTEX
8
0
10
91.6472218912809
20
102.45760883522
30
0
0
VERTEX
8
0
10
91.9075833171083
20
102.561178761607
30
0
0
VERTEX
8
0
10
92.1679447429358
20
102.686297786138
30
0
0
VERTEX
8
0
10
92.4283061687634
20
102.788659307198
30
0
0
VERTEX
8
0
10
92.6886675945909
20
102.899947867683
30
0
0
VERTEX
8
0
10
92.9490290204184
20
103.014089450171
30
0
0
VERTEX
8
0
10
93.2093904462458
20
103.114719118309
30
0
0
VERTEX
8
0
10
93.4697518720733
20
103.227822392971
30
0
0
VERTEX
8
0
10
93.7301132979008
20
103.337106106488
30
0
0
VERTEX
8
0
10
93.9904747237283
20
103.437011164569
30
0
0
VERTEX
8
0
10
94.2508361495558
20
103.55741270099
30
0
0
VERTEX
8
0
10
94.5111975753833
20
103.656119837858
30
0
0
VERTEX
8
0
10
94.7715590012108
20
103.764901340344
30
0
0
VERTEX
8
0
10
95.0319204270383
20
103.873166927576
30
0
0
VERTEX
8
0
10
95.2922818528658
20
103.970588590454
30
0
0
VERTEX
8
0
10
95.5526432786933
20
104.088148706329
30
0
0
VERTEX
8
0
10
95.8130047045208
20
104.179193402443
30
0
0
VERTEX
8
0
10
96.0733661303483
20
104.278185110977
30
0
0
VERTEX
8
0
10
96.3337275561758
20
104.379815391323
30
0
0
VERTEX
8
0
10
96.5940889820033
20
104.469217555268
30
0
0
VERTEX
8
0
10
96.8544504078308
20
104.569717309451
30
0
0
VERTEX
8
0
10
97.1148118336583
20
104.666635921066
30
0
0
VERTEX
8
0
10
97.3751732594858
20
104.754765507412
30
0
0
VERTEX
8
0
10
97.6355346853133
20
104.862016780399
30
0
0
VERTEX
8
0
10
97.8958961111408
20
104.94898696108
30
0
0
VERTEX
8
0
10
98.1562575369683
20
105.045334698291
30
0
0
VERTEX
8
0
10
98.4166189627958
20
105.143538224645
30
0
0
VERTEX
8
0
10
98.6769803886233
20
105.231923006971
30
0
0
VERTEX
8
0
10
98.9373418144508
20
105.338965046758
30
0
0
VERTEX
8
0
10
99.1977032402783
20
105.426105207631
30
0
0
VERTEX
8
0
10
99.4580646661058
20
105.520964893773
30
0
0
VERTEX
8
0
10
99.7184260919333
20
105.618245563818
30
0
0
VERTEX
8
0
10
99.9787875177608
20
105.704110128627
30
0
0
VERTEX
8
0
10
100.239148943588
20
105.80027220674
30
0
0
VERTEX
8
0
10
100.499510369416
20
105.893066079843
30
0
0
VERTEX
8
0
10
100.759871795243
20
105.977651783487
30
0
0
VERTEX
8
0
10
101.020233221071
20
106.079426303938
30
0
0
VERTEX
8
0
10
101.280594646898
20
106.16203173681
30
0
0
VERTEX
8
0
10
101.540956072726
20
106.253315154139
30
0
0
VERTEX
8
0
10
101.801317498553
20
106.344090535341
30
0
0
VERTEX
8
0
10
102.061678924381
20
106.42542220224
30
0
0
VERTEX
8
0
10
102.322040350208
20
106.524116803843
30
0
0
VERTEX
8
0
10
102.582401776036
20
106.604326645706
30
0
0
VERTEX
8
0
10
102.842763201863
20
106.691660469907
30
0
0
VERTEX
8
0
10
103.103124627691
20
106.781203783105
30
0
0
VERTEX
8
0
10
103.363486053518
20
106.86014330725
30
0
0
VERTEX
8
0
10
103.623847479346
20
106.94267870488
30
0
0
VERTEX
8
0
10
103.884208905173
20
107.016625257889
30
0
0
VERTEX
8
0
10
104.144570331001
20
107.084548267846
30
0
0
VERTEX
8
0
10
104.404931756828
20
107.16835697854
30
0
0
VERTEX
8
0
10
104.665293182656
20
107.234685820212
30
0
0
VERTEX
8
0
10
104.925654608483
20
107.309017487271
30
0
0
VERTEX
8
0
10
105.186016034311
20
107.382857536884
30
0
0
VERTEX
8
0
10
105.446377460138
20
107.447952822092
30
0
0
VERTEX
8
0
10
105.706738885966
20
107.529062463709
30
0
0
VERTEX
8
0
10
105.967100311793
20
107.593088357931
30
0
0
VERTEX
8
0
10
106.227461737621
20
107.663667507391
30
0
0
VERTEX
8
0
10
106.487823163448
20
107.73281486629
30
0
0
VERTEX
8
0
10
106.748184589276
20
107.792334143274
30
0
0
VERTEX
8
0
10
107.008546015103
20
107.860806025225
30
0
0
VERTEX
8
0
10
107.268907440931
20
107.926356844791
30
0
0
VERTEX
8
0
10
107.529268866758
20
107.984865135878
30
0
0
VERTEX
8
0
10
107.789630292586
20
108.058452412784
30
0
0
VERTEX
8
0
10
108.049991718413
20
108.115922058929
30
0
0
VERTEX
8
0
10
108.310353144241
20
108.180729891588
30
0
0
VERTEX
8
0
10
108.570714570068
20
108.245057288633
30
0
0
VERTEX
8
0
10
108.831075995896
20
108.30132021014
30
0
0
VERTEX
8
0
10
109.091437421723
20
108.373293080148
30
0
0
VERTEX
8
0
10
109.351798847551
20
108.42907239321
30
0
0
VERTEX
8
0
10
109.612160273378
20
108.490886873188
30
0
0
VERTEX
8
0
10
109.872521699206
20
108.55452107384
30
0
0
VERTEX
8
0
10
110.132883125033
20
108.609142391477
30
0
0
VERTEX
8
0
10
110.393244550861
20
108.671755719207
30
0
0
VERTEX
8
0
10
110.653605976688
20
108.731655960802
30
0
0
VERTEX
8
0
10
110.913967402516
20
108.78507269791
30
0
0
VERTEX
8
0
10
111.174328828343
20
108.852258957524
30
0
0
VERTEX
8
0
10
111.434690254171
20
108.904664218903
30
0
0
VERTEX
8
0
10
111.695051679998
20
108.963746219319
30
0
0
VERTEX
8
0
10
111.955413105826
20
109.023430850806
30
0
0
VERTEX
8
0
10
112.215774531653
20
109.075650037263
30
0
0
VERTEX
8
0
10
112.476135957481
20
109.141238805325
30
0
0
VERTEX
8
0
10
112.736497383308
20
109.192451947296
30
0
0
VERTEX
8
0
10
112.996858809136
20
109.249090008146
30
0
0
VERTEX
8
0
10
113.257220234963
20
109.307347119339
30
0
0
VERTEX
8
0
10
113.517581660791
20
109.357359001904
30
0
0
VERTEX
8
0
10
113.777943086618
20
109.41461199749
30
0
0
VERTEX
8
0
10
114.038304512446
20
109.469356748799
30
0
0
VERTEX
8
0
10
114.298665938273
20
109.518168761467
30
0
0
VERTEX
8
0
10
114.559027364101
20
109.578327928565
30
0
0
VERTEX
8
0
10
114.819388789928
20
109.624931660786
30
0
0
VERTEX
8
0
10
115.079750215756
20
109.677565216911
30
0
0
VERTEX
8
0
10
115.340111641583
20
109.729732143628
30
0
0
VERTEX
8
0
10
115.600473067411
20
109.775157329403
30
0
0
VERTEX
8
0
10
115.860834493238
20
109.832667905403
30
0
0
VERTEX
8
0
10
116.121195919066
20
109.87712828245
30
0
0
VERTEX
8
0
10
116.381557344893
20
109.926470242351
30
0
0
VERTEX
8
0
10
116.641918770721
20
109.977244596517
30
0
0
VERTEX
8
0
10
116.902280196548
20
110.018555541654
30
0
0
VERTEX
8
0
10
117.162641622376
20
110.066824198612
30
0
0
VERTEX
8
0
10
117.423003048203
20
110.113031299265
30
0
0
VERTEX
8
0
10
117.683364474031
20
110.153855033871
30
0
0
VERTEX
8
0
10
117.943725899858
20
110.205905775528
30
0
0
VERTEX
8
0
10
118.204087325686
20
110.245786959941
30
0
0
VERTEX
8
0
10
118.464448751513
20
110.291068051406
30
0
0
VERTEX
8
0
10
118.724810177341
20
110.335893322779
30
0
0
VERTEX
8
0
10
118.985171603168
20
110.374620543713
30
0
0
VERTEX
8
0
10
119.245533028996
20
110.424178904882
30
0
0
VERTEX
8
0
10
119.505894454823
20
110.461977612972
30
0
0
VERTEX
8
0
10
119.766255880651
20
110.503849052179
30
0
0
VERTEX
8
0
10
120.026617306478
20
110.546818444012
30
0
0
VERTEX
8
0
10
120.286978732306
20
110.583046314697
30
0
0
VERTEX
8
0
10
120.547340158133
20
110.625081626108
30
0
0
VERTEX
8
0
10
120.807701583961
20
110.665024347364
30
0
0
VERTEX
8
0
10
121.068063009788
20
110.70011730666
30
0
0
VERTEX
8
0
10
121.328424435616
20
110.745216291953
30
0
0
VERTEX
8
0
10
121.588785861443
20
110.779405452053
30
0
0
VERTEX
8
0
10
121.849147287271
20
110.818384207201
30
0
0
VERTEX
8
0
10
122.109508713098
20
110.857134970111
30
0
0
VERTEX
8
0
10
122.369870138926
20
110.890807331835
30
0
0
VERTEX
8
0
10
122.630231564753
20
110.934300989461
30
0
0
VERTEX
8
0
10
122.890592990581
20
110.967289612935
30
0
0
VERTEX
8
0
10
123.150954416408
20
111.004114112319
30
0
0
VERTEX
8
0
10
123.411315842236
20
111.042010972523
30
0
0
VERTEX
8
0
10
123.671677268063
20
111.073885023029
30
0
0
VERTEX
8
0
10
123.932038693891
20
111.110877689666
30
0
0
VERTEX
8
0
10
124.192400119718
20
111.145975510404
30
0
0
VERTEX
8
0
10
124.452761545546
20
111.176740814136
30
0
0
VERTEX
8
0
10
124.713122971373
20
111.216326740528
30
0
0
VERTEX
8
0
10
124.973484397201
20
111.246223689046
30
0
0
VERTEX
8
0
10
125.233845823028
20
111.279746231222
30
0
0
VERTEX
8
0
10
125.494207248856
20
111.31299422257
30
0
0
VERTEX
8
0
10
125.754568674683
20
111.341382256748
30
0
0
VERTEX
8
0
10
126.014930100511
20
111.378207574356
30
0
0
VERTEX
8
0
10
126.275291526338
20
111.40574584
30
0
0
VERTEX
8
0
10
126.535652952166
20
111.436626717226
30
0
0
VERTEX
8
0
10
126.796014377993
20
111.468413689058
30
0
0
VERTEX
8
0
10
127.056375803821
20
111.49487752715
30
0
0
VERTEX
8
0
10
127.316737229648
20
111.52580041543
30
0
0
VERTEX
8
0
10
127.577098655476
20
111.554537636317
30
0
0
VERTEX
8
0
10
127.837460081303
20
111.579804293951
30
0
0
VERTEX
8
0
10
128.097821507131
20
111.612707177694
30
0
0
VERTEX
8
0
10
128.358182932958
20
111.637102829057
30
0
0
VERTEX
8
0
10
128.618544358786
20
111.665131571508
30
0
0
VERTEX
8
0
10
128.878905784613
20
111.692748199549
30
0
0
VERTEX
8
0
10
129.139267210441
20
111.716094341449
30
0
0
VERTEX
8
0
10
129.399628636268
20
111.746749994291
30
0
0
VERTEX
8
0
10
129.659990062096
20
111.769290005238
30
0
0
VERTEX
8
0
10
129.920351487923
20
111.794700761238
30
0
0
VERTEX
8
0
10
130.180712913751
20
111.818278329596
30
0
0
VERTEX
8
0
10
130.441074339578
20
111.837509349593
30
0
0
VERTEX
8
0
10
130.701435765406
20
111.860573028683
30
0
0
VERTEX
8
0
10
130.961797191233
20
111.882133289843
30
0
0
VERTEX
8
0
10
131.222158617061
20
111.900354594103
30
0
0
VERTEX
8
0
10
131.482520042888
20
111.925177483858
30
0
0
VERTEX
8
0
10
131.742881468716
20
111.94262899582
30
0
0
VERTEX
8
0
10
132.003242894543
20
111.963180181723
30
0
0
VERTEX
8
0
10
132.263604320371
20
111.98334250828
30
0
0
VERTEX
8
0
10
132.523965746198
20
111.999803707758
30
0
0
VERTEX
8
0
10
132.784327172026
20
112.023253172899
30
0
0
VERTEX
8
0
10
133.044688597853
20
112.040287508544
30
0
0
VERTEX
8
0
10
133.305050023681
20
112.059775573613
30
0
0
VERTEX
8
0
10
133.565411449508
20
112.079866653347
30
0
0
VERTEX
8
0
10
133.825772875336
20
112.095951229601
30
0
0
VERTEX
8
0
10
134.086134301163
20
112.115268636523
30
0
0
VERTEX
8
0
10
134.346495726991
20
112.133264041316
30
0
0
VERTEX
8
0
10
134.606857152818
20
112.148381505188
30
0
0
VERTEX
8
0
10
134.867218578646
20
112.169068793809
30
0
0
VERTEX
8
0
10
135.127580004473
20
112.183459684591
30
0
0
VERTEX
8
0
10
135.387941430301
20
112.200758535884
30
0
0
VERTEX
8
0
10
135.648302856128
20
112.216768900176
30
0
0
VERTEX
8
0
10
135.908664281956
20
112.229396255723
30
0
0
VERTEX
8
0
10
136.169025707783
20
112.247251707974
30
0
0
VERTEX
8
0
10
136.429387133611
20
112.259177175974
30
0
0
VERTEX
8
0
10
136.689748559438
20
112.273111517878
30
0
0
VERTEX
8
0
10
136.950109985266
20
112.287515908056
30
0
0
VERTEX
8
0
10
137.210471411093
20
112.298526604904
30
0
0
VERTEX
8
0
10
137.470832836921
20
112.312212000978
30
0
0
VERTEX
8
0
10
137.731194262748
20
112.324755263699
30
0
0
VERTEX
8
0
10
137.991555688576
20
112.334335743386
30
0
0
VERTEX
8
0
10
138.251917114403
20
112.349434184049
30
0
0
VERTEX
8
0
10
138.512278540231
20
112.359791341167
30
0
0
VERTEX
8
0
10
138.772639966058
20
112.372265430275
30
0
0
VERTEX
8
0
10
139.033001391886
20
112.384393795716
30
0
0
VERTEX
8
0
10
139.293362817713
20
112.393867233386
30
0
0
VERTEX
8
0
10
139.553724243541
20
112.407620818498
30
0
0
VERTEX
8
0
10
139.814085669368
20
112.416441934129
30
0
0
VERTEX
8
0
10
140.074447095196
20
112.426881097351
30
0
0
VERTEX
8
0
10
140.334808521023
20
112.437665758405
30
0
0
VERTEX
8
0
10
140.595169946851
20
112.445418607755
30
0
0
VERTEX
8
0
10
140.855531372678
20
112.454066470561
30
0
0
VERTEX
8
0
10
141.115892798506
20
112.460799882359
30
0
0
VERTEX
8
0
10
141.376254224333
20
112.465516353848
30
0
0
VERTEX
8
0
10
141.636615650161
20
112.473947539233
30
0
0
VERTEX
8
0
10
141.896977075988
20
112.478057255425
30
0
0
VERTEX
8
0
10
142.157338501816
20
112.48385338801
30
0
0
VERTEX
8
0
10
142.417699927643
20
112.489336031176
30
0
0
VERTEX
8
0
10
142.678061353471
20
112.492645766665
30
0
0
VERTEX
8
0
10
142.938422779298
20
112.499369169276
30
0
0
VERTEX
8
0
10
143.198784205126
20
112.502094890139
30
0
0
VERTEX
8
0
10
143.459145630953
20
112.508171652608
30
0
0
VERTEX
8
0
10
143.719507056781
20
112.516519476214
30
0
0
VERTEX
8
0
10
143.979868482608
20
112.521816842736
30
0
0
VERTEX
8
0
10
144.240229908436
20
112.528790710089
30
0
0
VERTEX
8
0
10
144.500591334263
20
112.534949731651
30
0
0
VERTEX
8
0
10
144.760952760091
20
112.539470325526
30
0
0
VERTEX
8
0
10
145.021314185918
20
112.546880540205
30
0
0
VERTEX
8
0
10
145.281675611746
20
112.550840149188
30
0
0
VERTEX
8
0
10
145.542037037573
20
112.556083880499
30
0
0
VERTEX
8
0
10
145.802398463401
20
112.561036579787
30
0
0
VERTEX
8
0
10
146.062759889228
20
112.563316961618
30
0
0
VERTEX
8
0
10
146.323121315056
20
112.567466881489
30
0
0
VERTEX
8
0
10
146.583482740883
20
112.568666688455
30
0
0
VERTEX
8
0
10
146.843844166711
20
112.570810573871
30
0
0
VERTEX
8
0
10
147.104205592538
20
112.573098530842
30
0
0
VERTEX
8
0
10
147.364567018366
20
112.573589858542
30
0
0
VERTEX
8
0
10
147.624928444193
20
112.575333885006
30
0
0
VERTEX
8
0
10
147.885289870021
20
112.576416907556
30
0
0
VERTEX
8
0
10
148.145651295848
20
112.576217712152
30
0
0
VERTEX
8
0
10
148.406012721676
20
112.578176956488
30
0
0
VERTEX
8
0
10
148.666374147503
20
112.576659367054
30
0
0
VERTEX
8
0
10
148.926735573331
20
112.57576796699
30
0
0
VERTEX
8
0
10
149.187096999158
20
112.574668678009
30
0
0
VERTEX
8
0
10
149.447458424986
20
112.572235054079
30
0
0
VERTEX
8
0
10
149.707819850813
20
112.57171755231
30
0
0
VERTEX
8
0
10
149.968181276641
20
112.568821856342
30
0
0
VERTEX
8
0
10
150.228542702468
20
112.566593229372
30
0
0
VERTEX
8
0
10
150.488904128296
20
112.564433997488
30
0
0
VERTEX
8
0
10
150.749265554123
20
112.560922046228
30
0
0
VERTEX
8
0
10
151.009626979951
20
112.558292832067
30
0
0
VERTEX
8
0
10
151.269988405778
20
112.555866011007
30
0
0
VERTEX
8
0
10
151.530349831606
20
112.553652459299
30
0
0
VERTEX
8
0
10
151.790711257433
20
112.552974764496
30
0
0
VERTEX
8
0
10
152.051072683261
20
112.550354703101
30
0
0
VERTEX
8
0
10
152.311434109088
20
112.548367889437
30
0
0
VERTEX
8
0
10
152.571795534916
20
112.54615955857
30
0
0
VERTEX
8
0
10
152.832156960743
20
112.542971318472
30
0
0
VERTEX
8
0
10
153.092518386571
20
112.541089811887
30
0
0
VERTEX
8
0
10
153.352879812398
20
112.537504593901
30
0
0
VERTEX
8
0
10
153.613241238226
20
112.53434768479
30
0
0
VERTEX
8
0
10
153.873602664053
20
112.533953986153
30
0
0
VERTEX
8
0
10
154.133964089881
20
112.53297311429
30
0
0
VERTEX
8
0
10
154.394325515708
20
112.53255407128
30
0
0
VERTEX
8
0
10
154.654686941536
20
112.531739472184
30
0
0
VERTEX
8
0
10
154.915048367363
20
112.530237929102
30
0
0
VERTEX
8
0
10
155.175409793191
20
112.529709572155
30
0
0
VERTEX
8
0
10
155.435771219018
20
112.527848605887
30
0
0
SEQEND
8
0
0
POLYLINE
8
0
62
2
70
0
10
0
20
0
30
0
0
VERTEX
8
0
10
13.7991555688578
20
17.5006049319464
30
0
0
VERTEX
8
0
10
14.0595169946853
20
17.6396354204409
30
0
0
VERTEX
8
0
10
14.3198784205128
20
17.7777187969624
30
0
0
VERTEX
8
0
10
14.5802398463403
20
17.9147464039303
30
0
0
VERTEX
8
0
10
14.8406012721678
20
18.0506200488441
30
0
0
VERTEX
8
0
10
15.1009626979953
20
18.1852508975251
30
0
0
VERTEX
8
0
10
15.3613241238228
20
18.318558501412
30
0
0
VERTEX
8
0
10
15.6216855496503
20
18.4504699401179
30
0
0
VERTEX
8
0
10
15.8820469754778
20
18.5809190636511
30
0
0
VERTEX
8
0
10
16.1424084013053
20
18.70984582102
30
0
0
VERTEX
8
0
10
16.4027698271328
20
18.8371956640176
30
0
0
VERTEX
8
0
10
16.6631312529603
20
18.9629190165849
30
0
0
VERTEX
8
0
10
16.9234926787878
20
19.0869708016239
30
0
0
VERTEX
8
0
10
17.1838541046153
20
19.2093100181458
30
0
0
VERTEX
8
0
10
17.4442155304428
20
19.3298993627686
30
0
0
VERTEX
8
0
10
17.7045769562703
20
19.448704890273
30
0
0
VERTEX
8
0
10
17.9649383820978
20
19.5656957088089
30
0
0
VERTEX
8
0
10
18.2252998079253
20
19.6808437055301
30
0
0
VERTEX
8
0
10
18.4856612337528
20
19.7941232995863
30
0
0
VERTEX
8
0
10
18.7460226595803
20
19.9055112190947
30
0
0
VERTEX
8
0
10
19.0063840854078
20
20.0149862997985
30
0
0
VERTEX
8
0
10
19.2667455112354
20
20.1225293028279
30
0
0
VERTEX
8
0
10
19.5271069370629
20
20.2281227496667
30
0
0
VERTEX
8
0
10
19.7874683628904
20
20.331750772532
30
0
0
VERTEX
8
0
10
20.0478297887179
20
20.4333989785194
30
0
0
VERTEX
8
0
10
20.3081912145454
20
20.5330543261555
30
0
0
VERTEX
8
0
10
20.5685526403729
20
20.6307050131184
30
0
0
VERTEX
8
0
10
20.8289140662004
20
20.7263403739813
30
0
0
VERTEX
8
0
10
21.0892754920279
20
20.8199507870257
30
0
0
VERTEX
8
0
10
21.3496369178554
20
20.9115275892969
30
0
0
VERTEX
8
0
10
21.6099983436829
20
21.001062998976
30
0
0
VERTEX
8
0
10
21.8703597695104
20
21.088550044562
30
0
0
VERTEX
8
0
10
22.1307211953379
20
21.1739825000498
30
0
0
VERTEX
8
0
10
22.3910826211654
20
21.2573548257287
30
0
0
VERTEX
8
0
10
22.6514440469929
20
21.3386621139066
30
0
0
VERTEX
8
0
10
22.9118054728204
20
21.4179000393233
30
0
0
VERTEX
8
0
10
23.1721668986479
20
21.4950648136207
30
0
0
VERTEX
8
0
10
23.4325283244754
20
21.5701531437111
30
0
0
VERTEX
8
0
10
23.6928897503029
20
21.6431621935453
30
0
0
VERTEX
8
0
10
23.9532511761304
20
21.7140895491219
30
0
0
VERTEX
8
0
10
24.2136126019579
20
21.7829331863835
30
0
0
VERTEX
8
0
10
24.4739740277855
20
21.8496914417703
30
0
0
VERTEX
8
0
10
24.734335453613
20
21.9143629852545
30
0
0
VERTEX
8
0
10
24.9946968794405
20
21.9769467956077
30
0
0
VERTEX
8
0
10
25.255058305268
20
22.0374421377563
30
0
0
VERTEX
8
0
10
25.5154197310955
20
22.0958485420387
30
0
0
VERTEX
8
0
10
25.775781156923
20
22.1521657852378
30
0
0
VERTEX
8
0
10
26.0361425827505
20
22.2063938732591
30
0
0
VERTEX
8
0
10
26.296504008578
20
22.2585330252825
30
0
0
VERTEX
8
0
10
26.5568654344055
20
22.3085836593611
30
0
0
VERTEX
8
0
10
26.817226860233
20
22.3565463792963
30
0
0
VERTEX
8
0
10
27.0775882860605
20
22.4024219627532
30
0
0
VERTEX
8
0
10
27.337949711888
20
22.4462113504664
30
0
0
VERTEX
8
0
10
27.5983111377155
20
22.4879156365648
30
0
0
VERTEX
8
0
10
27.858672563543
20
22.5275360598294
30
0
0
VERTEX
8
0
10
28.1190339893705
20
22.5650739959305
30
0
0
VERTEX
8
0
10
28.379395415198
20
22.6005309505237
30
0
0
VERTEX
8
0
10
28.6397568410255
20
22.6339085531728
30
0
0
VERTEX
8
0
10
28.900118266853
20
22.6652085520766
30
0
0
VERTEX
8
0
10
29.1604796926805
20
22.6944328095311
30
0
0
VERTEX
8
0
10
29.420841118508
20
22.7215832981098
30
0
0
VERTEX
8
0
10
29.6812025443356
20
22.746662097531
30
0
0
VERTEX
8
0
10
29.9415639701631
20
22.7696713921823
30
0
0
VERTEX
8
0
10
30.2019253959906
20
22.7906134692767
30
0
0
VERTEX
8
0
10
30.4622868218181
20
22.8094907176245
30
0
0
VERTEX
8
0
10
30.7226482476456
20
22.8263056270168
30
0
0
VERTEX
8
0
10
30.9830096734731
20
22.8410607881735
30
0
0
VERTEX
8
0
10
31.2433710993006
20
22.8537588932861
30
0
0
VERTEX
8
0
10
31.5037325251281
20
22.8644027371196
30
0
0
VERTEX
8
0
10
31.7640939509556
20
22.8729952186924
30
0
0
VERTEX
8
0
10
32.0244553767831
20
22.8795393434818
30
0
0
VERTEX
8
0
10
32.2848168026106
20
22.8840382262579
30
0
0
VERTEX
8
0
10
32.5451782284381
20
22.8864950944096
30
0
0
VERTEX
8
0
10
32.8055396542656
20
22.8869132918989
30
0
0
VERTEX
8
0
10
33.0659010800931
20
22.8852962837744
30
0
0
VERTEX
8
0
10
33.3262625059206
20
22.8816476612815
30
0
0
VERTEX
8
0
10
33.5866239317481
20
22.8759711475747
30
0
0
VERTEX
8
0
10
33.8469853575756
20
22.8682706040702
30
0
0
VERTEX
8
0
10
34.1073467834031
20
22.858550037417
30
0
0
VERTEX
8
0
10
34.3677082092306
20
22.8468136071716
30
0
0
VERTEX
8
0
10
34.6280696350581
20
22.8330656341267
30
0
0
VERTEX
8
0
10
34.8884310608857
20
22.8173106093925
30
0
0
VERTEX
8
0
10
35.1487924867132
20
22.7995532042129
30
0
0
VERTEX
8
0
10
35.4091539125407
20
22.7797982806006
30
0
0
VERTEX
8
0
10
35.6695153383682
20
22.7580509027703
30
0
0
VERTEX
8
0
10
35.9298767641957
20
22.7343163494772
30
0
0
VERTEX
8
0
10
36.1902381900232
20
22.7086001272662
30
0
0
VERTEX
8
0
10
36.4505996158507
20
22.6809079847075
30
0
0
VERTEX
8
0
10
36.7109610416782
20
22.6512459276728
30
0
0
VERTEX
8
0
10
36.9713224675057
20
22.6196202357028
30
0
0
VERTEX
8
0
10
37.2316838933332
20
22.5860374795647
30
0
0
VERTEX
8
0
10
37.4920453191607
20
22.5505045400512
30
0
0
VERTEX
8
0
10
37.7524067449882
20
22.5130286281113
30
0
0
VERTEX
8
0
10
38.0127681708157
20
22.4736173064181
30
0
0
VERTEX
8
0
10
38.2731295966432
20
22.4322785124566
30
0
0
VERTEX
8
0
10
38.5334910224707
20
22.3890205832465
30
0
0
VERTEX
8
0
10
38.7938524482982
20
22.3438522818308
30
0
0
VERTEX
8
0
10
39.0542138741257
20
22.2967828256447
30
0
0
VERTEX
8
0
10
39.3145752999532
20
22.2478219169153
30
0
0
VERTEX
8
0
10
39.5749367257807
20
22.196979775259
30
0
0
VERTEX
8
0
10
39.8352981516082
20
22.1442671726305
30
0
0
VERTEX
8
0
10
40.0956595774358
20
22.0896954708264
30
0
0
VERTEX
8
0
10
40.3560210032633
20
22.033276661752
30
0
0
VERTEX
8
0
10
40.6163824290908
20
21.9750234106662
30
0
0
VERTEX
8
0
10
40.8767438549183
20
21.9149491026752
30
0
0
VERTEX
8
0
10
41.1371052807458
20
21.853067892743
30
0
0
VERTEX
8
0
10
41.3974667065733
20
21.7893947595251
30
0
0
VERTEX
8
0
10
41.6578281324008
20
21.7239455633766
30
0
0
VERTEX
8
0
10
41.9181895582283
20
21.6567371089015
30
0
0
VERTEX
8
0
10
42.1785509840558
20
21.5877872124808
30
0
0
VERTEX
8
0
10
42.4389124098833
20
21.5171147752301
30
0
0
VERTEX
8
0
10
42.6992738357108
20
21.4447398619258
30
0
0
VERTEX
8
0
10
42.9596352615383
20
21.3706837864894
30
0
0
VERTEX
8
0
10
43.2199966873658
20
21.2949692046847
30
0
0
VERTEX
8
0
10
43.4803581131933
20
21.2176202147831
30
0
0
VERTEX
8
0
10
43.7407195390208
20
21.13866246703
30
0
0
VERTEX
8
0
10
44.0010809648483
20
21.0581232828952
30
0
0
VERTEX
8
0
10
44.2614423906758
20
20.9760317851731
30
0
0
VERTEX
8
0
10
44.5218038165033
20
20.8924190402169
30
0
0
VERTEX
8
0
10
44.7821652423308
20
20.807318213719
30
0
0
VERTEX
8
0
10
45.0425266681583
20
20.7207647417282
30
0
0
VERTEX
8
0
10
45.3028880939859
20
20.6327965188355
30
0
0
VERTEX
8
0
10
45.5632495198134
20
20.5434541057853
30
0
0
VERTEX
8
0
10
45.8236109456409
20
20.4527809591959
30
0
0
VERTEX
8
0
10
46.0839723714684
20
20.3608236865268
30
0
0
VERTEX
8
0
10
46.3443337972959
20
20.2676323300942
30
0
0
VERTEX
8
0
10
46.6046952231234
20
20.1732606846429
30
0
0
VERTEX
8
0
10
46.8650566489509
20
20.0777666540118
30
0
0
VERTEX
8
0
10
47.1254180747784
20
19.9812126536402
30
0
0
VERTEX
8
0
10
47.3857795006059
20
19.8836660673004
30
0
0
VERTEX
8
0
10
47.6461409264334
20
19.785199768563
30
0
0
VERTEX
8
0
10
47.9065023522609
20
19.685892720343
30
0
0
VERTEX
8
0
10
48.1668637780884
20
19.5858306697274
30
0
0
VERTEX
8
0
10
48.4272252039159
20
19.4851069606049
30
0
0
VERTEX
8
0
10
48.6875866297434
20
19.3838234940981
30
0
0
VERTEX
8
0
10
48.9479480555709
20
19.2820918775875
30
0
0
VERTEX
8
0
10
49.2083094813984
20
19.1800348190182
30
0
0
VERTEX
8
0
10
49.4686709072259
20
19.077787847364
30
0
0
VERTEX
8
0
10
49.7290323330534
20
18.9755014780918
30
0
0
VERTEX
8
0
10
49.9893937588809
20
18.8733440044602
30
0
0
VERTEX
8
0
10
50.2497551847084
20
18.771505201385
30
0
0
VERTEX
8
0
10
50.5101166105359
20
18.6702014192728
30
0
0
VERTEX
8
0
10
50.7704780363635
20
18.5696829085692
30
0
0
VERTEX
8
0
10
51.030839462191
20
18.4702449414903
30
0
0
VERTEX
8
0
10
51.2912008880185
20
18.3722457231984
30
0
0
VERTEX
8
0
10
51.551562313846
20
18.2761360137947
30
0
0
VERTEX
8
0
10
51.8119237396735
20
18.1824990588998
30
0
0
VERTEX
8
0
10
52.072285165501
20
18.0920213305963
30
0
0
VERTEX
8
0
10
52.3326465913285
20
18.0051304011548
30
0
0
VERTEX
8
0
10
52.593008017156
20
17.9216164510338
30
0
0
VERTEX
8
0
10
52.8533694429835
20
17.8409963561828
30
0
0
VERTEX
8
0
10
53.113730868811
20
17.7628647317499
30
0
0
VERTEX
8
0
10
53.3740922946385
20
17.6869250916539
30
0
0
VERTEX
8
0
10
53.634453720466
20
17.6129548527103
30
0
0
VERTEX
8
0
10
53.8948151462935
20
17.5407794472078
30
0
0
VERTEX
8
0
10
54.155176572121
20
17.4702569936779
30
0
0
VERTEX
8
0
10
54.4155379979485
20
17.4012690375968
30
0
0
VERTEX
8
0
10
54.675899423776
20
17.3337146405544
30
0
0
VERTEX
8
0
10
54.9362608496035
20
17.2675064031726
30
0
0
VERTEX
8
0
10
55.196622275431
20
17.202567669972
30
0
0
VERTEX
8
0
10
55.4569837012585
20
17.1388304943842
30
0
0
VERTEX
8
0
10
55.717345127086
20
17.0762341138933
30
0
0
VERTEX
8
0
10
55.9777065529135
20
17.0147237798144
30
0
0
VERTEX
8
0
10
56.238067978741
20
16.9542498409892
30
0
0
VERTEX
8
0
10
56.4984294045685
20
16.8947670138757
30
0
0
VERTEX
8
0
10
56.758790830396
20
16.8362337924242
30
0
0
VERTEX
8
0
10
57.0191522562235
20
16.7786119647479
30
0
0
VERTEX
8
0
10
57.279513682051
20
16.7218662127174
30
0
0
VERTEX
8
0
10
57.5398751078785
20
16.6659637768732
30
0
0
VERTEX
8
0
10
57.800236533706
20
16.6108741734501
30
0
0
VERTEX
8
0
10
58.0605979595335
20
16.556568953452
30
0
0
VERTEX
8
0
10
58.320959385361
20
16.5030214960131
30
0
0
VERTEX
8
0
10
58.5813208111885
20
16.4502068299732
30
0
0
VERTEX
8
0
10
58.841682237016
20
16.3981014788701
30
0
0
VERTEX
8
0
10
59.1020436628435
20
16.3466833255187
30
0
0
VERTEX
8
0
10
59.362405088671
20
16.2959314930887
30
0
0
VERTEX
8
0
10
59.6227665144985
20
16.2458262401734
30
0
0
VERTEX
8
0
10
59.883127940326
20
16.1963488677934
30
0
0
VERTEX
8
0
10
60.1434893661535
20
16.1474816366382
30
0
0
VERTEX
8
0
10
60.403850791981
20
16.0992076931388
30
0
0
VERTEX
8
0
10
60.6642122178084
20
16.0515110031913
30
0
0
VERTEX
8
0
10
60.924573643636
20
16.0043762925416
30
0
0
VERTEX
8
0
10
61.1849350694635
20
15.9577889929938
30
0
0
VERTEX
8
0
10
61.4452964952909
20
15.9117351937301
30
0
0
VERTEX
8
0
10
61.7056579211184
20
15.866201597134
30
0
0
VERTEX
8
0
10
61.9660193469459
20
15.821175478596
30
0
0
VERTEX
8
0
10
62.2263807727734
20
15.776644649851
30
0
0
VERTEX
8
0
10
62.4867421986009
20
15.7325974254608
30
0
0
VERTEX
8
0
10
62.7471036244284
20
15.6890225921008
30
0
0
VERTEX
8
0
10
63.0074650502559
20
15.645909380361
30
0
0
VERTEX
8
0
10
63.2678264760834
20
15.6032474387995
30
0
0
VERTEX
8
0
10
63.5281879019109
20
15.5610268100263
30
0
0
VERTEX
8
0
10
63.7885493277384
20
15.5192379086164
30
0
0
VERTEX
8
0
10
64.0489107535659
20
15.4778715006781
30
0
0
VERTEX
8
0
10
64.3092721793934
20
15.4369186849208
30
0
0
VERTEX
8
0
10
64.5696336052209
20
15.3963708750839
30
0
0
VERTEX
8
0
10
64.8299950310484
20
15.3562197836052
30
0
0
VERTEX
8
0
10
65.0903564568759
20
15.3164574064192
30
0
0
VERTEX
8
0
10
65.3507178827034
20
15.2770760087863
30
0
0
VERTEX
8
0
10
65.6110793085309
20
15.2380681120667
30
0
0
VERTEX
8
0
10
65.8714407343584
20
15.1994264813597
30
0
0
VERTEX
8
0
10
66.1318021601859
20
15.161144113937
30
0
0
VERTEX
8
0
10
66.3921635860134
20
15.1232142284072
30
0
0
VERTEX
8
0
10
66.6525250118409
20
15.0856302545525
30
0
0
VERTEX
8
0
10
66.9128864376684
20
15.0483858237862
30
0
0
VERTEX
8
0
10
67.1732478634959
20
15.0114747601838
30
0
0
VERTEX
8
0
10
67.4336092893234
20
14.9748910720431
30
0
0
VERTEX
8
0
10
67.6939707151509
20
14.9386289439362
30
0
0
VERTEX
8
0
10
67.9543321409784
20
14.902682729216
30
0
0
VERTEX
8
0
10
68.2146935668059
20
14.8670469429458
30
0
0
VERTEX
8
0
10
68.4750549926334
20
14.8317162552212
30
0
0
VERTEX
8
0
10
68.7354164184609
20
14.796685484858
30
0
0
VERTEX
8
0
10
68.9957778442884
20
14.7619495934198
30
0
0
VERTEX
8
0
10
69.2561392701159
20
14.7275036795643
30
0
0
VERTEX
8
0
10
69.5165006959434
20
14.6933429736849
30
0
0
VERTEX
8
0
10
69.7768621217709
20
14.6594628328304
30
0
0
VERTEX
8
0
10
70.0372235475984
20
14.6258587358825
30
0
0
VERTEX
8
0
10
70.2975849734259
20
14.5925262789774
30
0
0
VERTEX
8
0
10
70.5579463992534
20
14.5594611711539
30
0
0
VERTEX
8
0
10
70.8183078250809
20
14.5266592302148
30
0
0
VERTEX
8
0
10
71.0786692509084
20
14.494116378789
30
0
0
VERTEX
8
0
10
71.3390306767359
20
14.4618286405813
30
0
0
VERTEX
8
0
10
71.5993921025634
20
14.4297921367993
30
0
0
VERTEX
8
0
10
71.8597535283909
20
14.398003082747
30
0
0
VERTEX
8
0
10
72.1201149542184
20
14.3664577845749
30
0
0
VERTEX
8
0
10
72.3804763800459
20
14.3351526361783
30
0
0
VERTEX
8
0
10
72.6408378058734
20
14.3040841162344
30
0
0
VERTEX
8
0
10
72.9011992317009
20
14.2732487853722
30
0
0
VERTEX
8
0
10
73.1615606575284
20
14.2426432834653
30
0
0
VERTEX
8
0
10
73.4219220833559
20
14.2122643270434
30
0
0
VERTEX
8
0
10
73.6822835091834
20
14.1821087068144
30
0
0
VERTEX
8
0
10
73.9426449350109
20
14.152173285292
30
0
0
VERTEX
8
0
10
74.2030063608384
20
14.1224549945226
30
0
0
VERTEX
8
0
10
74.4633677866659
20
14.0929508339068
30
0
0
VERTEX
8
0
10
74.7237292124934
20
14.0636578681112
30
0
0
VERTEX
8
0
10
74.9840906383209
20
14.0345732250635
30
0
0
VERTEX
8
0
10
75.2444520641484
20
14.0056940940304
30
0
0
VERTEX
8
0
10
75.5048134899759
20
13.9770177237701
30
0
0
VERTEX
8
0
10
75.7651749158034
20
13.9485414207591
30
0
0
VERTEX
8
0
10
76.0255363416309
20
13.9202625474875
30
0
0
VERTEX
8
0
10
76.2858977674584
20
13.8921785208207
30
0
0
VERTEX
8
0
10
76.5462591932859
20
13.8642868104232
30
0
0
VERTEX
8
0
10
76.8066206191134
20
13.8365849372428
30
0
0
VERTEX
8
0
10
77.0669820449409
20
13.8090704720514
30
0
0
VERTEX
8
0
10
77.3273434707684
20
13.7817410340398
30
0
0
VERTEX
8
0
10
77.5877048965959
20
13.754594289465
30
0
0
VERTEX
8
0
10
77.8480663224234
20
13.7276279503464
30
0
0
VERTEX
8
0
10
78.1084277482509
20
13.700839773209
30
0
0
VERTEX
8
0
10
78.3687891740784
20
13.674227557872
30
0
0
VERTEX
8
0
10
78.6291505999059
20
13.6477891462804
30
0
0
VERTEX
8
0
10
78.8895120257334
20
13.6215224213773
30
0
0
VERTEX
8
0
10
79.1498734515609
20
13.5954253060166
30
0
0
VERTEX
8
0
10
79.4102348773884
20
13.5694957619118
30
0
0
VERTEX
8
0
10
79.6705963032159
20
13.5437317886221
30
0
0
VERTEX
8
0
10
79.9309577290434
20
13.5181314225724
30
0
0
VERTEX
8
0
10
80.1913191548709
20
13.4926927361065
30
0
0
VERTEX
8
0
10
80.4516805806984
20
13.467413836572
30
0
0
VERTEX
8
0
10
80.7120420065259
20
13.4422928654352
30
0
0
VERTEX
8
0
10
80.9724034323534
20
13.4173279974257
30
0
0
VERTEX
8
0
10
81.2327648581809
20
13.3925174397084
30
0
0
VERTEX
8
0
10
81.4931262840084
20
13.3678594310822
30
0
0
VERTEX
8
0
10
81.7534877098359
20
13.3433522412052
30
0
0
VERTEX
8
0
10
82.0138491356634
20
13.3189941698435
30
0
0
VERTEX
8
0
10
82.2742105614909
20
13.2947835461446
30
0
0
VERTEX
8
0
10
82.5345719873184
20
13.2707187279332
30
0
0
VERTEX
8
0
10
82.7949334131459
20
13.2467981010288
30
0
0
VERTEX
8
0
10
83.0552948389734
20
13.2230200785847
30
0
0
VERTEX
8
0
10
83.3156562648009
20
13.1993831004467
30
0
0
VERTEX
8
0
10
83.5760176906284
20
13.1758856325322
30
0
0
VERTEX
8
0
10
83.8363791164559
20
13.1525261662269
30
0
0
VERTEX
8
0
10
84.0967405422834
20
13.1293032178008
30
0
0
VERTEX
8
0
10
84.3571019681109
20
13.1062153278401
30
0
0
VERTEX
8
0
10
84.6174633939384
20
13.0832610606976
30
0
0
VERTEX
8
0
10
84.8778248197659
20
13.0604390039576
30
0
0
VERTEX
8
0
10
85.1381862455934
20
13.0377477679176
30
0
0
VERTEX
8
0
10
85.3985476714209
20
13.015185985084
30
0
0
VERTEX
8
0
10
85.6589090972484
20
12.9927523096829
30
0
0
VERTEX
8
0
10
85.9192705230759
20
12.9704454171849
30
0
0
VERTEX
8
0
10
86.1796319489034
20
12.9482640038429
30
0
0
VERTEX
8
0
10
86.4399933747309
20
12.9262067862428
30
0
0
VERTEX
8
0
10
86.7003548005584
20
12.9042725008677
30
0
0
VERTEX
8
0
10
86.9607162263859
20
12.8824599036728
30
0
0
VERTEX
8
0
10
87.2210776522134
20
12.8607677696735
30
0
0
VERTEX
8
0
10
87.4814390780409
20
12.8391948925432
30
0
0
VERTEX
8
0
10
87.7418005038684
20
12.8177400842236
30
0
0
VERTEX
8
0
10
88.0021619296959
20
12.7964021745439
30
0
0
VERTEX
8
0
10
88.2625233555234
20
12.7751800108518
30
0
0
VERTEX
8
0
10
88.5228847813509
20
12.7540724576535
30
0
0
VERTEX
8
0
10
88.7832462071784
20
12.7330783962627
30
0
0
VERTEX
8
0
10
89.0436076330059
20
12.7121967244602
30
0
0
VERTEX
8
0
10
89.3039690588334
20
12.6914263561614
30
0
0
VERTEX
8
0
10
89.5643304846609
20
12.6707662210927
30
0
0
VERTEX
8
0
10
89.8246919104884
20
12.6502152644762
30
0
0
VERTEX
8
0
10
90.0850533363159
20
12.6297724467225
30
0
0
VERTEX
8
0
10
90.3454147621433
20
12.6094367431318
30
0
0
VERTEX
8
0
10
90.6057761879709
20
12.5892071436018
30
0
0
VERTEX
8
0
10
90.8661376137984
20
12.5690826523433
30
0
0
VERTEX
8
0
10
91.1264990396259
20
12.5490622876033
30
0
0
VERTEX
8
0
10
91.3868604654534
20
12.5291450813943
30
0
0
VERTEX
8
0
10
91.6472218912809
20
12.5093300792309
30
0
0
VERTEX
8
0
10
91.9075833171083
20
12.4896163398724
30
0
0
VERTEX
8
0
10
92.1679447429358
20
12.4700029350724
30
0
0
VERTEX
8
0
10
92.4283061687634
20
12.4504889493335
30
0
0
VERTEX
8
0
10
92.6886675945909
20
12.4310734796686
30
0
0
VERTEX
8
0
10
92.9490290204184
20
12.4117556353681
30
0
0
VERTEX
8
0
10
93.2093904462458
20
12.3925345377722
30
0
0
VERTEX
8
0
10
93.4697518720733
20
12.3734093200485
30
0
0
VERTEX
8
0
10
93.7301132979008
20
12.3543791269756
30
0
0
VERTEX
8
0
10
93.9904747237283
20
12.3354431147311
30
0
0
VERTEX
8
0
10
94.2508361495558
20
12.3166004506847
30
0
0
VERTEX
8
0
10
94.5111975753833
20
12.2978503131966
30
0
0
VERTEX
8
0
10
94.7715590012108
20
12.2791918914196
30
0
0
VERTEX
8
0
10
95.0319204270383
20
12.2606243851069
30
0
0
VERTEX
8
0
10
95.2922818528658
20
12.2421470044231
30
0
0
VERTEX
8
0
10
95.5526432786933
20
12.2237589697609
30
0
0
VERTEX
8
0
10
95.8130047045208
20
12.2054595115603
30
0
0
VERTEX
8
0
10
96.0733661303483
20
12.1872478701334
30
0
0
VERTEX
8
0
10
96.3337275561758
20
12.1691232954923
30
0
0
VERTEX
8
0
10
96.5940889820033
20
12.1510850471808
30
0
0
VERTEX
8
0
10
96.8544504078308
20
12.1331323941101
30
0
0
VERTEX
8
0
10
97.1148118336583
20
12.1152646143984
30
0
0
VERTEX
8
0
10
97.3751732594858
20
12.0974809952132
30
0
0
VERTEX
8
0
10
97.6355346853133
20
12.0797808326178
30
0
0
VERTEX
8
0
10
97.8958961111408
20
12.0621634314208
30
0
0
VERTEX
8
0
10
98.1562575369683
20
12.0446281050289
30
0
0
VERTEX
8
0
10
98.4166189627958
20
12.0271741753029
30
0
0
VERTEX
8
0
10
98.6769803886233
20
12.0098009724166
30
0
0
VERTEX
8
0
10
98.9373418144508
20
11.992507834719
30
0
0
VERTEX
8
0
10
99.1977032402783
20
11.9752941085994
30
0
0
VERTEX
8
0
10
99.4580646661058
20
11.958159148355
30
0
0
VERTEX
8
0
10
99.7184260919333
20
11.9411023160615
30
0
0
VERTEX
8
0
10
99.9787875177608
20
11.9241229814467
30
0
0
VERTEX
8
0
10
100.239148943588
20
11.907220521766
30
0
0
VERTEX
8
0
10
100.499510369416
20
11.8903943216811
30
0
0
VERTEX
8
0
10
100.759871795243
20
11.8736437731414
30
0
0
VERTEX
8
0
10
101.020233221071
20
11.8569682752665
30
0
0
VERTEX
8
0
10
101.280594646898
20
11.840367234233
30
0
0
VERTEX
8
0
10
101.540956072726
20
11.8238400631621
30
0
0
VERTEX
8
0
10
101.801317498553
20
11.8073861820099
30
0
0
VERTEX
8
0
10
102.061678924381
20
11.7910050174606
30
0
0
VERTEX
8
0
10
102.322040350208
20
11.7746960028205
30
0
0
VERTEX
8
0
10
102.582401776036
20
11.7584585779153
30
0
0
VERTEX
8
0
10
102.842763201863
20
11.742292188989
30
0
0
VERTEX
8
0
10
103.103124627691
20
11.7261962886044
30
0
0
VERTEX
8
0
10
103.363486053518
20
11.7101703355465
30
0
0
VERTEX
8
0
10
103.623847479346
20
11.6942137947268
30
0
0
VERTEX
8
0
10
103.884208905173
20
11.67832613709
30
0
0
VERTEX
8
0
10
104.144570331001
20
11.6625068395225
30
0
0
VERTEX
8
0
10
104.404931756828
20
11.6467553847625
30
0
0
VERTEX
8
0
10
104.665293182656
20
11.6310712613119
30
0
0
VERTEX
8
0
10
104.925654608483
20
11.6154539633499
30
0
0
VERTEX
8
0
10
105.186016034311
20
11.5999029906483
30
0
0
VERTEX
8
0
10
105.446377460138
20
11.5844178484881
30
0
0
VERTEX
8
0
10
105.706738885966
20
11.5689980475783
30
0
0
VERTEX
8
0
10
105.967100311793
20
11.5536431039755
30
0
0
VERTEX
8
0
10
106.227461737621
20
11.5383525390055
30
0
0
VERTEX
8
0
10
106.487823163448
20
11.5231258791863
30
0
0
VERTEX
8
0
10
106.748184589276
20
11.5079626561522
30
0
0
VERTEX
8
0
10
107.008546015103
20
11.4928624065798
30
0
0
VERTEX
8
0
10
107.268907440931
20
11.4778246721149
30
0
0
VERTEX
8
0
10
107.529268866758
20
11.4628489993011
30
0
0
VERTEX
8
0
10
107.789630292586
20
11.4479349395098
30
0
0
VERTEX
8
0
10
108.049991718413
20
11.4330820488704
30
0
0
VERTEX
8
0
10
108.310353144241
20
11.4182898882036
30
0
0
VERTEX
8
0
10
108.570714570068
20
11.4035580229542
30
0
0
VERTEX
8
0
10
108.831075995896
20
11.3888860231262
30
0
0
VERTEX
8
0
10
109.091437421723
20
11.3742734632184
30
0
0
VERTEX
8
0
10
109.351798847551
20
11.3597199221617
30
0
0
VERTEX
8
0
10
109.612160273378
20
11.3452249832569
30
0
0
VERTEX
8
0
10
109.872521699206
20
11.3307882341142
30
0
0
VERTEX
8
0
10
110.132883125033
20
11.3164092665935
30
0
0
VERTEX
8
0
10
110.393244550861
20
11.3020876767456
30
0
0
VERTEX
8
0
10
110.653605976688
20
11.2878230647545
30
0
0
VERTEX
8
0
10
110.913967402516
20
11.273615034881
30
0
0
VERTEX
8
0
10
111.174328828343
20
11.2594631954071
30
0
0
VERTEX
8
0
10
111.434690254171
20
11.2453671585811
30
0
0
VERTEX
8
0
10
111.695051679998
20
11.2313265405638
30
0
0
VERTEX
8
0
10
111.955413105826
20
11.2173409613761
30
0
0
VERTEX
8
0
10
112.215774531653
20
11.2034100448466
30
0
0
VERTEX
8
0
10
112.476135957481
20
11.1895334185612
30
0
0
VERTEX
8
0
10
112.736497383308
20
11.175710713812
30
0
0
VERTEX
8
0
10
112.996858809136
20
11.1619415655488
30
0
0
VERTEX
8
0
10
113.257220234963
20
11.1482256123304
30
0
0
VERTEX
8
0
10
113.517581660791
20
11.1345624962768
30
0
0
VERTEX
8
0
10
113.777943086618
20
11.1209518630223
30
0
0
VERTEX
8
0
10
114.038304512446
20
11.1073933616695
30
0
0
VERTEX
8
0
10
114.298665938273
20
11.093886644744
30
0
0
VERTEX
8
0
10
114.559027364101
20
11.0804313681499
30
0
0
VERTEX
8
0
10
114.819388789928
20
11.0670271911255
30
0
0
VERTEX
8
0
10
115.079750215756
20
11.0536737762008
30
0
0
VERTEX
8
0
10
115.340111641583
20
11.0403707891546
30
0
0
VERTEX
8
0
10
115.600473067411
20
11.0271178989729
30
0
0
VERTEX
8
0
10
115.860834493238
20
11.0139147778079
30
0
0
VERTEX
8
0
10
116.121195919066
20
11.0007611009378
30
0
0
VERTEX
8
0
10
116.381557344893
20
10.9876565467265
30
0
0
VERTEX
8
0
10
116.641918770721
20
10.9746007965849
30
0
0
VERTEX
8
0
10
116.902280196548
20
10.9615935349325
30
0
0
VERTEX
8
0
10
117.162641622376
20
10.9486344491593
30
0
0
VERTEX
8
0
10
117.423003048203
20
10.9357232295885
30
0
0
VERTEX
8
0
10
117.683364474031
20
10.9228595694402
30
0
0
VERTEX
8
0
10
117.943725899858
20
10.9100431647948
30
0
0
VERTEX
8
0
10
118.204087325686
20
10.8972737145578
30
0
0
VERTEX
8
0
10
118.464448751513
20
10.8845509204247
30
0
0
VERTEX
8
0
10
118.724810177341
20
10.8718744868468
30
0
0
VERTEX
8
0
10
118.985171603168
20
10.859244120997
30
0
0
VERTEX
8
0
10
119.245533028996
20
10.8466595327364
30
0
0
VERTEX
8
0
10
119.505894454823
20
10.8341204345818
30
0
0
VERTEX
8
0
10
119.766255880651
20
10.8216265416733
30
0
0
VERTEX
8
0
10
120.026617306478
20
10.809177571742
30
0
0
VERTEX
8
0
10
120.286978732306
20
10.7967732450791
30
0
0
VERTEX
8
0
10
120.547340158133
20
10.7844132845051
30
0
0
VERTEX
8
0
10
120.807701583961
20
10.7720974153388
30
0
0
VERTEX
8
0
10
121.068063009788
20
10.759825365368
30
0
0
VERTEX
8
0
10
121.328424435616
20
10.7475968648195
30
0
0
VERTEX
8
0
10
121.588785861443
20
10.7354116463305
30
0
0
VERTEX
8
0
10
121.849147287271
20
10.7232694449195
30
0
0
VERTEX
8
0
10
122.109508713098
20
10.7111699979587
30
0
0
VERTEX
8
0
10
122.369870138926
20
10.6991130451454
30
0
0
VERTEX
8
0
10
122.630231564753
20
10.6870983284755
30
0
0
VERTEX
8
0
10
122.890592990581
20
10.6751255922161
30
0
0
VERTEX
8
0
10
123.150954416408
20
10.663194582879
30
0
0
VERTEX
8
0
10
123.411315842236
20
10.6513050491944
30
0
0
VERTEX
8
0
10
123.671677268063
20
10.6394567420855
30
0
0
VERTEX
8
0
10
123.932038693891
20
10.6276494146427
30
0
0
VERTEX
8
0
10
124.192400119718
20
10.6158828220989
30
0
0
VERTEX
8
0
10
124.452761545546
20
10.6041567218045
30
0
0
VERTEX
8
0
10
124.713122971373
20
10.5924708732033
30
0
0
VERTEX
8
0
10
124.973484397201
20
10.5808250378085
30
0
0
VERTEX
8
0
10
125.233845823028
20
10.5692189791791
30
0
0
VERTEX
8
0
10
125.494207248856
20
10.5576524628966
30
0
0
VERTEX
8
0
10
125.754568674683
20
10.5461252565419
30
0
0
VERTEX
8
0
10
126.014930100511
20
10.534637129673
30
0
0
VERTEX
8
0
10
126.275291526338
20
10.5231878538024
30
0
0
VERTEX
8
0
10
126.535652952166
20
10.5117772023755
30
0
0
VERTEX
8
0
10
126.796014377993
20
10.5004049507484
30
0
0
VERTEX
8
0
10
127.056375803821
20
10.489070876167
30
0
0
VERTEX
8
0
10
127.316737229648
20
10.4777747577455
30
0
0
VERTEX
8
0
10
127.577098655476
20
10.4665163764463
30
0
0
VERTEX
8
0
10
127.837460081303
20
10.4552955150589
30
0
0
VERTEX
8
0
10
128.097821507131
20
10.4441119581797
30
0
0
VERTEX
8
0
10
128.358182932958
20
10.4329654921925
30
0
0
VERTEX
8
0
10
128.618544358786
20
10.4218559052488
30
0
0
VERTEX
8
0
10
128.878905784613
20
10.4107829872481
30
0
0
VERTEX
8
0
10
129.139267210441
20
10.399746529819
30
0
0
VERTEX
8
0
10
129.399628636268
20
10.3887463263005
30
0
0
VERTEX
8
0
10
129.659990062096
20
10.377782171723
30
0
0
VERTEX
8
0
10
129.920351487923
20
10.3668538627904
30
0
0
VERTEX
8
0
10
130.180712913751
20
10.355961197862
30
0
0
VERTEX
8
0
10
130.441074339578
20
10.3451039769344
30
0
0
VERTEX
8
0
10
130.701435765406
20
10.3342820016239
30
0
0
VERTEX
8
0
10
130.961797191233
20
10.3234950751496
30
0
0
VERTEX
8
0
10
131.222158617061
20
10.3127430023156
30
0
0
VERTEX
8
0
10
131.482520042888
20
10.3020255894947
30
0
0
VERTEX
8
0
10
131.742881468716
20
10.2913426446114
30
0
0
VERTEX
8
0
10
132.003242894543
20
10.2806939771258
30
0
0
VERTEX
8
0
10
132.263604320371
20
10.2700793980166
30
0
0
VERTEX
8
0
10
132.523965746198
20
10.2594987197662
30
0
0
VERTEX
8
0
10
132.784327172026
20
10.248951756344
30
0
0
VERTEX
8
0
10
133.044688597853
20
10.2384383231911
30
0
0
VERTEX
8
0
10
133.305050023681
20
10.2279582372051
30
0
0
VERTEX
8
0
10
133.565411449508
20
10.2175113167247
30
0
0
VERTEX
8
0
10
133.825772875336
20
10.2070973815145
30
0
0
VERTEX
8
0
10
134.086134301163
20
10.196716252751
30
0
0
VERTEX
8
0
10
134.346495726991
20
10.1863677530071
30
0
0
VERTEX
8
0
10
134.606857152818
20
10.176051706238
30
0
0
VERTEX
8
0
10
134.867218578646
20
10.1657679377674
30
0
0
VERTEX
8
0
10
135.127580004473
20
10.1555162742728
30
0
0
VERTEX
8
0
10
135.387941430301
20
10.1452965437719
30
0
0
VERTEX
8
0
10
135.648302856128
20
10.1351085756093
30
0
0
VERTEX
8
0
10
135.908664281956
20
10.1249522004423
30
0
0
VERTEX
8
0
10
136.169025707783
20
10.1148272502281
30
0
0
VERTEX
8
0
10
136.429387133611
20
10.1047335582104
30
0
0
VERTEX
8
0
10
136.689748559438
20
10.0946709589064
30
0
0
VERTEX
8
0
10
136.950109985266
20
10.0846392880941
30
0
0
VERTEX
8
0
10
137.210471411093
20
10.0746383827995
30
0
0
VERTEX
8
0
10
137.470832836921
20
10.0646680812841
30
0
0
VERTEX
8
0
10
137.731194262748
20
10.0547282230327
30
0
0
VERTEX
8
0
10
137.991555688576
20
10.0448186487409
30
0
0
VERTEX
8
0
10
138.251917114403
20
10.0349392003034
30
0
0
VERTEX
8
0
10
138.512278540231
20
10.0250897208017
30
0
0
VERTEX
8
0
10
138.772639966058
20
10.0152700544928
30
0
0
VERTEX
8
0
10
139.033001391886
20
10.0054800467972
30
0
0
VERTEX
8
0
10
139.293362817713
20
9.99571954428774
30
0
0
VERTEX
8
0
10
139.553724243541
20
9.98598839467806
30
0
0
VERTEX
8
0
10
139.814085669368
20
9.97628644681151
30
0
0
VERTEX
8
0
10
140.074447095196
20
9.96661355065013
30
0
0
VERTEX
8
0
10
140.334808521023
20
9.95696955726368
30
0
0
VERTEX
8
0
10
140.595169946851
20
9.94735431881884
30
0
0
VERTEX
8
0
10
140.855531372678
20
9.93776768856872
30
0
0
VERTEX
8
0
10
141.115892798506
20
9.92820952084216
30
0
0
VERTEX
8
0
10
141.376254224333
20
9.91867967103344
30
0
0
VERTEX
8
0
10
141.636615650161
20
9.90917799559199
30
0
0
VERTEX
8
0
10
141.896977075988
20
9.89970435201229
30
0
0
VERTEX
8
0
10
142.157338501816
20
9.89025859882372
30
0
0
VERTEX
8
0
10
142.417699927643
20
9.88084059558082
30
0
0
VERTEX
8
0
10
142.678061353471
20
9.87145020285346
30
0
0
VERTEX
8
0
10
142.938422779298
20
9.86208728221715
30
0
0
VERTEX
8
0
10
143.198784205126
20
9.85275169624345
30
0
0
VERTEX
8
0
10
143.459145630953
20
9.84344330849065
30
0
0
VERTEX
8
0
10
143.719507056781
20
9.83416198349437
30
0
0
VERTEX
8
0
10
143.979868482608
20
9.82490758675829
30
0
0
VERTEX
8
0
10
144.240229908436
20
9.81567998474523
30
0
0
VERTEX
8
0
10
144.500591334263
20
9.80647904486795
30
0
0
VERTEX
8
0
10
144.760952760091
20
9.79730463548036
30
0
0
VERTEX
8
0
10
145.021314185918
20
9.78815662586874
30
0
0
VERTEX
8
0
10
145.281675611746
20
9.77903488624295
30
0
0
VERTEX
8
0
10
145.542037037573
20
9.76993928772803
30
0
0
VERTEX
8
0
10
145.802398463401
20
9.7608697023555
30
0
0
VERTEX
8
0
10
146.062759889228
20
9.75182600305517
30
0
0
VERTEX
8
0
10
146.323121315056
20
9.74280806364668
30
0
0
VERTEX
8
0
10
146.583482740883
20
9.7338157588314
30
0
0
VERTEX
8
0
10
146.843844166711
20
9.72484896418432
30
0
0
VERTEX
8
0
10
147.104205592538
20
9.71590755614606
30
0
0
VERTEX
8
0
10
147.364567018366
20
9.70699141201484
30
0
0
VERTEX
8
0
10
147.624928444193
20
9.69810040993886
30
0
0
VERTEX
8
0
10
147.885289870021
20
9.6892344289083
30
0
0
VERTEX
8
0
10
148.145651295848
20
9.68039334874791
30
0
0
VERTEX
8
0
10
148.406012721676
20
9.67157705010933
30
0
0
VERTEX
8
0
10
148.666374147503
20
9.66278541446362
30
0
0
VERTEX
8
0
10
148.926735573331
20
9.65401832409386
30
0
0
VERTEX
8
0
10
149.187096999158
20
9.64527566208792
30
0
0
VERTEX
8
0
10
149.447458424986
20
9.63655731233105
30
0
0
VERTEX
8
0
10
149.707819850813
20
9.62786315949902
30
0
0
VERTEX
8
0
10
149.968181276641
20
9.61919308905076
30
0
0
VERTEX
8
0
10
150.228542702468
20
9.61054698722154
30
0
0
VERTEX
8
0
10
150.488904128296
20
9.60192474101607
30
0
0
VERTEX
8
0
10
150.749265554123
20
9.59332623820151
30
0
0
VERTEX
8
0
10
151.009626979951
20
9.58475136730091
30
0
0
VERTEX
8
0
10
151.269988405778
20
9.57620001758636
30
0
0
VERTEX
8
0
10
151.530349831606
20
9.56767207907254
30
0
0
VERTEX
8
0
10
151.790711257433
20
9.55916744251005
30
0
0
VERTEX
8
0
10
152.051072683261
20
9.55068599937899
30
0
0
VERTEX
8
0
10
152.311434109088
20
9.54222764188255
30
0
0
VERTEX
8
0
10
152.571795534916
20
9.53379226294079
30
0
0
VERTEX
8
0
10
152.832156960743
20
9.52537975618418
30
0
0
VERTEX
8
0
10
153.092518386571
20
9.51699001594762
30
0
0
VERTEX
8
0
10
153.352879812398
20
9.50862293726419
30
0
0
VERTEX
8
0
10
153.613241238226
20
9.50027841585917
30
0
0
VERTEX
8
0
10
153.873602664053
20
9.49195634814393
30
0
0
VERTEX
8
0
10
154.133964089881
20
9.48365663121024
30
0
0
VERTEX
8
0
10
154.394325515708
20
9.47537916282413
30
0
0
VERTEX
8
0
10
154.654686941536
20
9.46712384142028
30
0
0
VERTEX
8
0
10
154.915048367363
20
9.45889056609622
30
0
0
VERTEX
8
0
10
155.175409793191
20
9.4506792366067
30
0
0
VERTEX
8
0
10
155.435771219018
20
9.44248975335798
30
0
0
SEQEND
8
0
0
POLYLINE
8
0
62
3
70
0
10
0
20
0
30
0
0
VERTEX
8
0
10
13.7991555688578
20
24.8012880826917
30
0
0
VERTEX
8
0
10
14.0595169946853
20
25.0581247179466
30
0
0
VERTEX
8
0
10
14.3198784205128
20
25.3132097096316
30
0
0
VERTEX
8
0
10
14.5802398463403
20
25.566440193568
30
0
0
VERTEX
8
0
10
14.8406012721678
20
25.8177228887382
30
0
0
VERTEX
8
0
10
15.1009626979953
20
26.0669731083112
30
0
0
VERTEX
8
0
10
15.3613241238228
20
26.3141138901478
30
0
0
VERTEX
8
0
10
15.6216855496503
20
26.5590752300426
30
0
0
VERTEX
8
0
10
15.8820469754778
20
26.8017934037695
30
0
0
VERTEX
8
0
10
16.1424084013053
20
27.0422103660992
30
0
0
VERTEX
8
0
10
16.4027698271328
20
27.2802732167901
30
0
0
VERTEX
8
0
10
16.6631312529603
20
27.5159337250095
30
0
0
VERTEX
8
0
10
16.9234926787878
20
27.7491479049291
30
0
0
VERTEX
8
0
10
17.1838541046153
20
27.9798756361822
30
0
0
VERTEX
8
0
10
17.4442155304428
20
28.20808032384
30
0
0
VERTEX
8
0
10
17.7045769562703
20
28.433728593216
30
0
0
VERTEX
8
0
10
17.9649383820978
20
28.6567900155512
30
0
0
VERTEX
8
0
10
18.2252998079253
20
28.877236860885
30
0
0
VERTEX
8
0
10
18.4856612337528
20
29.0950438753118
30
0
0
VERTEX
8
0
10
18.7460226595803
20
29.310188079693
30
0
0
VERTEX
8
0
10
19.0063840854078
20
29.522648587728
30
0
0
VERTEX
8
0
10
19.2667455112354
20
29.7324064411377
30
0
0
VERTEX
8
0
10
19.5271069370629
20
29.9394444602546
30
0
0
VERTEX
8
0
10
19.7874683628904
20
30.1437471084246
30
0
0
VERTEX
8
0
10
20.0478297887179
20
30.3453003687743
30
0
0
VERTEX
8
0
10
20.3081912145454
20
30.5440916321255
30
0
0
VERTEX
8
0
10
20.5685526403729
20
30.7401095949601
30
0
0
VERTEX
8
0
10
20.8289140662004
20
30.9333441664235
30
0
0
VERTEX
8
0
10
21.0892754920279
20
31.1237863835169
30
0
0
VERTEX
8
0
10
21.3496369178554
20
31.3114283337309
30
0
0
VERTEX
8
0
10
21.6099983436829
20
31.4962630843293
30
0
0
VERTEX
8
0
10
21.8703597695104
20
31.678284617794
30
0
0
VERTEX
8
0
10
22.1307211953379
20
31.8574877727438
30
0
0
VERTEX
8
0
10
22.3910826211654
20
32.0338681899552
30
0
0
VERTEX
8
0
10
22.6514440469929
20
32.2074222629111
30
0
0
VERTEX
8
0
10
22.9118054728204
20
32.3781470926136
30
0
0
VERTEX
8
0
10
23.1721668986479
20
32.5460404461538
30
0
0
VERTEX
8
0
10
23.4325283244754
20
32.711100718846
30
0
0
VERTEX
8
0
10
23.6928897503029
20
32.8733268995227
30
0
0
VERTEX
8
0
10
23.9532511761304
20
33.0327185388163
30
0
0
VERTEX
8
0
10
24.2136126019579
20
33.1892757201292
30
0
0
VERTEX
8
0
10
24.4739740277855
20
33.342999033086
30
0
0
VERTEX
8
0
10
24.734335453613
20
33.4938895492994
30
0
0
VERTEX
8
0
10
24.9946968794405
20
33.6419488002365
30
0
0
VERTEX
8
0
10
25.255058305268
20
33.7871787570511
30
0
0
VERTEX
8
0
10
25.5154197310955
20
33.9295818122178
30
0
0
VERTEX
8
0
10
25.775781156923
20
34.0691607628487
30
0
0
VERTEX
8
0
10
26.0361425827505
20
34.2059187955765
30
0
0
VERTEX
8
0
10
26.296504008578
20
34.3398594728598
30
0
0
VERTEX
8
0
10
26.5568654344055
20
34.4709867206654
30
0
0
VERTEX
8
0
10
26.817226860233
20
34.599304817393
30
0
0
VERTEX
8
0
10
27.0775882860605
20
34.724818383992
30
0
0
VERTEX
8
0
10
27.337949711888
20
34.8475323751545
30
0
0
VERTEX
8
0
10
27.5983111377155
20
34.9674520715819
30
0
0
VERTEX
8
0
10
27.858672563543
20
35.0845830731866
30
0
0
VERTEX
8
0
10
28.1190339893705
20
35.1989312932421
30
0
0
VERTEX
8
0
10
28.379395415198
20
35.3105029533879
30
0
0
VERTEX
8
0
10
28.6397568410255
20
35.4193045794545
30
0
0
VERTEX
8
0
10
28.900118266853
20
35.5253429980813
30
0
0
VERTEX
8
0
10
29.1604796926805
20
35.6286253340691
30
0
0
VERTEX
8
0
10
29.420841118508
20
35.7291590084469
30
0
0
VERTEX
8
0
10
29.6812025443356
20
35.8269517372216
30
0
0
VERTEX
8
0
10
29.9415639701631
20
35.922011530781
30
0
0
VERTEX
8
0
10
30.2019253959906
20
36.0143466939269
30
0
0
VERTEX
8
0
10
30.4622868218181
20
36.1039658265159
30
0
0
VERTEX
8
0
10
30.7226482476456
20
36.1908778247023
30
0
0
VERTEX
8
0
10
30.9830096734731
20
36.2750918827397
30
0
0
VERTEX
8
0
10
31.2433710993006
20
36.3566174953596
30
0
0
VERTEX
8
0
10
31.5037325251281
20
36.4354644606913
30
0
0
VERTEX
8
0
10
31.7640939509556
20
36.5116428837337
30
0
0
VERTEX
8
0
10
32.0244553767831
20
36.585163180337
30
0
0
VERTEX
8
0
10
32.2848168026106
20
36.6560360817534
30
0
0
VERTEX
8
0
10
32.5451782284381
20
36.7242726396652
30
0
0
VERTEX
8
0
10
32.8055396542656
20
36.7898842317704
30
0
0
VERTEX
8
0
10
33.0659010800931
20
36.8528825678757
30
0
0
VERTEX
8
0
10
33.3262625059206
20
36.913279696516
30
0
0
VERTEX
8
0
10
33.5866239317481
20
36.9710880120957
30
0
0
VERTEX
8
0
10
33.8469853575756
20
37.026320262572
30
0
0
VERTEX
8
0
10
34.1073467834031
20
37.0789895576588
30
0
0
VERTEX
8
0
10
34.3677082092306
20
37.1291093775975
30
0
0
VERTEX
8
0
10
34.6280696350581
20
37.1766935824585
30
0
0
VERTEX
8
0
10
34.8884310608857
20
37.2217564220258
30
0
0
VERTEX
8
0
10
35.1487924867132
20
37.2643125462471
30
0
0
VERTEX
8
0
10
35.4091539125407
20
37.3043770162934
30
0
0
VERTEX
8
0
10
35.6695153383682
20
37.3419653162045
30
0
0
VERTEX
8
0
10
35.9298767641957
20
37.37709336518
30
0
0
VERTEX
8
0
10
36.1902381900232
20
37.4097775305068
30
0
0
VERTEX
8
0
10
36.4505996158507
20
37.4400346411578
30
0
0
VERTEX
8
0
10
36.7109610416782
20
37.4678820020866
30
0
0
VERTEX
8
0
10
36.9713224675057
20
37.493337409231
30
0
0
VERTEX
8
0
10
37.2316838933332
20
37.5164191652748
30
0
0
VERTEX
8
0
10
37.4920453191607
20
37.5371460961822
30
0
0
VERTEX
8
0
10
37.7524067449882
20
37.5555375685424
30
0
0
VERTEX
8
0
10
38.0127681708157
20
37.5716135077689
30
0
0
VERTEX
8
0
10
38.2731295966432
20
37.585394417184
30
0
0
VERTEX
8
0
10
38.5334910224707
20
37.5969013980337
30
0
0
VERTEX
8
0
10
38.7938524482982
20
37.6061561704886
30
0
0
VERTEX
8
0
10
39.0542138741257
20
37.6131810956697
30
0
0
VERTEX
8
0
10
39.3145752999532
20
37.6179991987613
30
0
0
VERTEX
8
0
10
39.5749367257807
20
37.6206341932767
30
0
0
VERTEX
8
0
10
39.8352981516082
20
37.6211105065316
30
0
0
VERTEX
8
0
10
40.0956595774358
20
37.6194533064068
30
0
0
VERTEX
8
0
10
40.3560210032633
20
37.6156885294799
30
0
0
VERTEX
8
0
10
40.6163824290908
20
37.6098429106039
30
0
0
VERTEX
8
0
10
40.8767438549183
20
37.6019440140404
30
0
0
VERTEX
8
0
10
41.1371052807458
20
37.5920202662462
30
0
0
VERTEX
8
0
10
41.3974667065733
20
37.5801009904292
30
0
0
VERTEX
8
0
10
41.6578281324008
20
37.566216443008
30
0
0
VERTEX
8
0
10
41.9181895582283
20
37.5503978521128
30
0
0
VERTEX
8
0
10
42.1785509840558
20
37.5326774582952
30
0
0
VERTEX
8
0
10
42.4389124098833
20
37.5130885576151
30
0
0
VERTEX
8
0
10
42.6992738357108
20
37.491665547315
30
0
0
VERTEX
8
0
10
42.9596352615383
20
37.4684439743026
30
0
0
VERTEX
8
0
10
43.2199966873658
20
37.4434605866989
30
0
0
VERTEX
8
0
10
43.4803581131933
20
37.4167533887405
30
0
0
VERTEX
8
0
10
43.7407195390208
20
37.3883616993621
30
0
0
VERTEX
8
0
10
44.0010809648483
20
37.3583262148485
30
0
0
VERTEX
8
0
10
44.2614423906758
20
37.326689075976
30
0
0
VERTEX
8
0
10
44.5218038165033
20
37.2934939401582
30
0
0
VERTEX
8
0
10
44.7821652423308
20
37.2587860591681
30
0
0
VERTEX
8
0
10
45.0425266681583
20
37.2226123631274
30
0
0
VERTEX
8
0
10
45.3028880939859
20
37.1850215515624
30
0
0
VERTEX
8
0
10
45.5632495198134
20
37.146064192467
30
0
0
VERTEX
8
0
10
45.8236109456409
20
37.1057928305138
30
0
0
VERTEX
8
0
10
46.0839723714684
20
37.0642621057484
30
0
0
VERTEX
8
0
10
46.3443337972959
20
37.0215288844223
30
0
0
VERTEX
8
0
10
46.6046952231234
20
36.9776524039336
30
0
0
VERTEX
8
0
10
46.8650566489509
20
36.9326944343337
30
0
0
VERTEX
8
0
10
47.1254180747784
20
36.8867194594261
30
0
0
VERTEX
8
0
10
47.3857795006059
20
36.8397948812589
30
0
0
VERTEX
8
0
10
47.6461409264334
20
36.7919912528235
30
0
0
VERTEX
8
0
10
47.9065023522609
20
36.7433825451377
30
0
0
VERTEX
8
0
10
48.1668637780884
20
36.6940464567442
30
0
0
VERTEX
8
0
10
48.4272252039159
20
36.6440647762299
30
0
0
VERTEX
8
0
10
48.6875866297434
20
36.5935238120063
30
0
0
VERTEX
8
0
10
48.9479480555709
20
36.5425149088484
30
0
0
VERTEX
8
0
10
49.2083094813984
20
36.4911350784561
30
0
0
VERTEX
8
0
10
49.4686709072259
20
36.4394877831637
30
0
0
VERTEX
8
0
10
49.7290323330534
20
36.3876839305589
30
0
0
VERTEX
8
0
10
49.9893937588809
20
36.3358431672965
30
0
0
VERTEX
8
0
10
50.2497551847084
20
36.284095612616
30
0
0
VERTEX
8
0
10
50.5101166105359
20
36.2325842662479
30
0
0
VERTEX
8
0
10
50.7704780363635
20
36.1814685049901
30
0
0
VERTEX
8
0
10
51.030839462191
20
36.1309294403133
30
0
0
VERTEX
8
0
10
51.2912008880185
20
36.0811786065207
30
0
0
VERTEX
8
0
10
51.551562313846
20
36.0324723437102
30
0
0
VERTEX
8
0
10
51.8119237396735
20
35.985130735412
30
0
0
VERTEX
8
0
10
52.072285165501
20
35.9395196122788
30
0
0
VERTEX
8
0
10
52.3326465913285
20
35.895861813302
30
0
0
VERTEX
8
0
10
52.593008017156
20
35.8540454212735
30
0
0
VERTEX
8
0
10
52.8533694429835
20
35.8138157483615
30
0
0
VERTEX
8
0
10
53.113730868811
20
35.7749579000883
30
0
0
VERTEX
8
0
10
53.3740922946385
20
35.7373133962063
30
0
0
VERTEX
8
0
10
53.634453720466
20
35.700762292661
30
0
0
VERTEX
8
0
10
53.8948151462935
20
35.6652098445833
30
0
0
VERTEX
8
0
10
54.155176572121
20
35.6305785677038
30
0
0
VERTEX
8
0
10
54.4155379979485
20
35.596803420578
30
0
0
VERTEX
8
0
10
54.675899423776
20
35.5638287152082
30
0
0
VERTEX
8
0
10
54.9362608496035
20
35.5316060293947
30
0
0
VERTEX
8
0
10
55.196622275431
20
35.5000927334629
30
0
0
VERTEX
8
0
10
55.4569837012585
20
35.4692509134284
30
0
0
VERTEX
8
0
10
55.717345127086
20
35.4390465610603
30
0
0
VERTEX
8
0
10
55.9777065529135
20
35.4094489500739
30
0
0
VERTEX
8
0
10
56.238067978741
20
35.3804301459888
30
0
0
VERTEX
8
0
10
56.4984294045685
20
35.351964614398
30
0
0
VERTEX
8
0
10
56.758790830396
20
35.3240289032504
30
0
0
VERTEX
8
0
10
57.0191522562235
20
35.296601381834
30
0
0
VERTEX
8
0
10
57.279513682051
20
35.2696620239055
30
0
0
VERTEX
8
0
10
57.5398751078785
20
35.2431922256846
30
0
0
VERTEX
8
0
10
57.800236533706
20
35.2171746517335
30
0
0
VERTEX
8
0
10
58.0605979595335
20
35.191593103395
30
0
0
VERTEX
8
0
10
58.320959385361
20
35.1664324056674
30
0
0
VERTEX
8
0
10
58.5813208111885
20
35.1416783092869
30
0
0
VERTEX
8
0
10
58.841682237016
20
35.1173174054601
30
0
0
VERTEX
8
0
10
59.1020436628435
20
35.0933370512024
30
0
0
VERTEX
8
0
10
59.362405088671
20
35.0697253036283
30
0
0
VERTEX
8
0
10
59.6227665144985
20
35.0464708618488
30
0
0
VERTEX
8
0
10
59.883127940326
20
35.0235630153726
30
0
0
VERTEX
8
0
10
60.1434893661535
20
35.0009915980972
30
0
0
VERTEX
8
0
10
60.403850791981
20
34.9787469471296
30
0
0
VERTEX
8
0
10
60.6642122178084
20
34.9568198658012
30
0
0
VERTEX
8
0
10
60.924573643636
20
34.9352015903411
30
0
0
VERTEX
8
0
10
61.1849350694635
20
34.9138837597512
30
0
0
VERTEX
8
0
10
61.4452964952909
20
34.8928583884997
30
0
0
VERTEX
8
0
10
61.7056579211184
20
34.8721178416999
30
0
0
VERTEX
8
0
10
61.9660193469459
20
34.8516548124911
30
0
0
VERTEX
8
0
10
62.2263807727734
20
34.831462301376
30
0
0
VERTEX
8
0
10
62.4867421986009
20
34.8115335973025
30
0
0
VERTEX
8
0
10
62.7471036244284
20
34.7918622603038
30
0
0
VERTEX
8
0
10
63.0074650502559
20
34.7724421055378
30
0
0
VERTEX
8
0
10
63.2678264760834
20
34.7532671885811
30
0
0
VERTEX
8
0
10
63.5281879019109
20
34.7343317918578
30
0
0
VERTEX
8
0
10
63.7885493277384
20
34.7156304120888
30
0
0
VERTEX
8
0
10
64.0489107535659
20
34.6971577486689
30
0
0
VERTEX
8
0
10
64.3092721793934
20
34.6789086928837
30
0
0
VERTEX
8
0
10
64.5696336052209
20
34.6608783178909
30
0
0
VERTEX
8
0
10
64.8299950310484
20
34.6430618693974
30
0
0
VERTEX
8
0
10
65.0903564568759
20
34.6254547569727
30
0
0
VERTEX
8
0
10
65.3507178827034
20
34.6080525459429
30
0
0
VERTEX
8
0
10
65.6110793085309
20
34.5908509498175
30
0
0
VERTEX
8
0
10
65.8714407343584
20
34.5738458232052
30
0
0
VERTEX
8
0
10
66.1318021601859
20
34.557033155178
30
0
0
VERTEX
8
0
10
66.3921635860134
20
34.5404090630497
30
0
0
VERTEX
8
0
10
66.6525250118409
20
34.5239697865349
30
0
0
VERTEX
8
0
10
66.9128864376684
20
34.5077116822608
30
0
0
VERTEX
8
0
10
67.1732478634959
20
34.4916312186035
30
0
0
VERTEX
8
0
10
67.4336092893234
20
34.4757249708264
30
0
0
VERTEX
8
0
10
67.6939707151509
20
34.4599896164975
30
0
0
VERTEX
8
0
10
67.9543321409784
20
34.4444219311658
30
0
0
VERTEX
8
0
10
68.2146935668059
20
34.4290187842794
30
0
0
VERTEX
8
0
10
68.4750549926334
20
34.4137771353262
30
0
0
VERTEX
8
0
10
68.7354164184609
20
34.3986940301854
30
0
0
VERTEX
8
0
10
68.9957778442884
20
34.3837665976719
30
0
0
VERTEX
8
0
10
69.2561392701159
20
34.3689920462629
30
0
0
VERTEX
8
0
10
69.5165006959434
20
34.3543676609954
30
0
0
VERTEX
8
0
10
69.7768621217709
20
34.3398908005201
30
0
0
VERTEX
8
0
10
70.0372235475984
20
34.3255588943064
30
0
0
VERTEX
8
0
10
70.2975849734259
20
34.3113694399853
30
0
0
VERTEX
8
0
10
70.5579463992534
20
34.2973200008228
30
0
0
VERTEX
8
0
10
70.8183078250809
20
34.2834082033175
30
0
0
VERTEX
8
0
10
71.0786692509084
20
34.2696317349105
30
0
0
VERTEX
8
0
10
71.3390306767359
20
34.2559883418074
30
0
0
VERTEX
8
0
10
71.5993921025634
20
34.2424758268986
30
0
0
VERTEX
8
0
10
71.8597535283909
20
34.2290920477786
30
0
0
VERTEX
8
0
10
72.1201149542184
20
34.2158349148531
30
0
0
VERTEX
8
0
10
72.3804763800459
20
34.202702389534
30
0
0
VERTEX
8
0
10
72.6408378058734
20
34.1896924825131
30
0
0
VERTEX
8
0
10
72.9011992317009
20
34.1768032521128
30
0
0
VERTEX
8
0
10
73.1615606575284
20
34.1640328027085
30
0
0
VERTEX
8
0
10
73.4219220833559
20
34.1513792832186
30
0
0
VERTEX
8
0
10
73.6822835091834
20
34.13884088566
30
0
0
VERTEX
8
0
10
73.9426449350109
20
34.126415843763
30
0
0
VERTEX
8
0
10
74.2030063608384
20
34.1141024316458
30
0
0
VERTEX
8
0
10
74.4633677866659
20
34.101898962542
30
0
0
VERTEX
8
0
10
74.7237292124934
20
34.0898037875813
30
0
0
VERTEX
8
0
10
74.9840906383209
20
34.0778152946191
30
0
0
VERTEX
8
0
10
75.2444520641484
20
34.065931907113
30
0
0
VERTEX
8
0
10
75.5048134899759
20
34.054152083044
30
0
0
VERTEX
8
0
10
75.7651749158034
20
34.0424743138794
30
0
0
VERTEX
8
0
10
76.0255363416309
20
34.0308971235771
30
0
0
VERTEX
8
0
10
76.2858977674584
20
34.0194190676276
30
0
0
VERTEX
8
0
10
76.5462591932859
20
34.0080387321319
30
0
0
VERTEX
8
0
10
76.8066206191134
20
33.9967547329159
30
0
0
VERTEX
8
0
10
77.0669820449409
20
33.9855657146763
30
0
0
VERTEX
8
0
10
77.3273434707684
20
33.9744703501592
30
0
0
VERTEX
8
0
10
77.5877048965959
20
33.9634673393676
30
0
0
VERTEX
8
0
10
77.8480663224234
20
33.9525554088001
30
0
0
VERTEX
8
0
10
78.1084277482509
20
33.9417333107143
30
0
0
VERTEX
8
0
10
78.3687891740784
20
33.9309998224187
30
0
0
VERTEX
8
0
10
78.6291505999059
20
33.920353745588
30
0
0
VERTEX
8
0
10
78.8895120257334
20
33.9097939056048
30
0
0
VERTEX
8
0
10
79.1498734515609
20
33.8993191509208
30
0
0
VERTEX
8
0
10
79.4102348773884
20
33.8889283524435
30
0
0
VERTEX
8
0
10
79.6705963032159
20
33.878620402942
30
0
0
VERTEX
8
0
10
79.9309577290434
20
33.8683942164734
30
0
0
VERTEX
8
0
10
80.1913191548709
20
33.8582487278283
30
0
0
VERTEX
8
0
10
80.4516805806984
20
33.8481828919958
30
0
0
VERTEX
8
0
10
80.7120420065259
20
33.8381956836448
30
0
0
VERTEX
8
0
10
80.9724034323534
20
33.8282860966235
30
0
0
VERTEX
8
0
10
81.2327648581809
20
33.8184531434747
30
0
0
VERTEX
8
0
10
81.4931262840084
20
33.8086958549673
30
0
0
VERTEX
8
0
10
81.7534877098359
20
33.7990132796415
30
0
0
VERTEX
8
0
10
82.0138491356634
20
33.7894044833707
30
0
0
VERTEX
8
0
10
82.2742105614909
20
33.7798685489352
30
0
0
VERTEX
8
0
10
82.5345719873184
20
33.7704045756106
30
0
0
VERTEX
8
0
10
82.7949334131459
20
33.7610116787682
30
0
0
VERTEX
8
0
10
83.0552948389734
20
33.7516889894885
30
0
0
VERTEX
8
0
10
83.3156562648009
20
33.7424356541857
30
0
0
VERTEX
8
0
10
83.5760176906284
20
33.7332508342447
30
0
0
VERTEX
8
0
10
83.8363791164559
20
33.7241337056683
30
0
0
VERTEX
8
0
10
84.0967405422834
20
33.7150834587348
30
0
0
VERTEX
8
0
10
84.3571019681109
20
33.7060992976674
30
0
0
VERTEX
8
0
10
84.6174633939384
20
33.6971804403109
30
0
0
VERTEX
8
0
10
84.8778248197659
20
33.6883261178202
30
0
0
VERTEX
8
0
10
85.1381862455934
20
33.6795355743565
30
0
0
VERTEX
8
0
10
85.3985476714209
20
33.6708080667933
30
0
0
VERTEX
8
0
10
85.6589090972484
20
33.6621428644297
30
0
0
VERTEX
8
0
10
85.9192705230759
20
33.6535392487133
30
0
0
VERTEX
8
0
10
86.1796319489034
20
33.6449965129693
30
0
0
VERTEX
8
0
10
86.4399933747309
20
33.6365139621396
30
0
0
VERTEX
8
0
10
86.7003548005584
20
33.6280909125267
30
0
0
VERTEX
8
0
10
86.9607162263859
20
33.6197266915459
30
0
0
VERTEX
8
0
10
87.2210776522134
20
33.6114206374854
30
0
0
VERTEX
8
0
10
87.4814390780409
20
33.6031720992708
30
0
0
VERTEX
8
0
10
87.7418005038684
20
33.5949804362381
30
0
0
VERTEX
8
0
10
88.0021619296959
20
33.5868450179111
30
0
0
VERTEX
8
0
10
88.2625233555234
20
33.5787652237865
30
0
0
VERTEX
8
0
10
88.5228847813509
20
33.5707404431237
30
0
0
VERTEX
8
0
10
88.7832462071784
20
33.5627700747402
30
0
0
VERTEX
8
0
10
89.0436076330059
20
33.5548535268131
30
0
0
VERTEX
8
0
10
89.3039690588334
20
33.5469902166853
30
0
0
VERTEX
8
0
10
89.5643304846609
20
33.5391795706766
30
0
0
VERTEX
8
0
10
89.8246919104884
20
33.5314210239007
30
0
0
VERTEX
8
0
10
90.0850533363159
20
33.5237140200859
30
0
0
VERTEX
8
0
10
90.3454147621433
20
33.5160580114003
30
0
0
VERTEX
8
0
10
90.6057761879709
20
33.5084524582832
30
0
0
VERTEX
8
0
10
90.8661376137984
20
33.5008968292783
30
0
0
VERTEX
8
0
10
91.1264990396259
20
33.4933906008731
30
0
0
VERTEX
8
0
10
91.3868604654534
20
33.4859332573415
30
0
0
VERTEX
8
0
10
91.6472218912809
20
33.4785242905905
30
0
0
VERTEX
8
0
10
91.9075833171083
20
33.4711632000102
30
0
0
VERTEX
8
0
10
92.1679447429358
20
33.4638494923286
30
0
0
VERTEX
8
0
10
92.4283061687634
20
33.4565826814692
30
0
0
VERTEX
8
0
10
92.6886675945909
20
33.4493622884118
30
0
0
VERTEX
8
0
10
92.9490290204184
20
33.4421878410579
30
0
0
VERTEX
8
0
10
93.2093904462458
20
33.4350588740978
30
0
0
VERTEX
8
0
10
93.4697518720733
20
33.4279749288821
30
0
0
VERTEX
8
0
10
93.7301132979008
20
33.4209355532958
30
0
0
VERTEX
8
0
10
93.9904747237283
20
33.4139403016357
30
0
0
VERTEX
8
0
10
94.2508361495558
20
33.4069887344895
30
0
0
VERTEX
8
0
10
94.5111975753833
20
33.4000804186202
30
0
0
VERTEX
8
0
10
94.7715590012108
20
33.3932149268502
30
0
0
VERTEX
8
0
10
95.0319204270383
20
33.3863918379508
30
0
0
VERTEX
8
0
10
95.2922818528658
20
33.3796107365322
30
0
0
VERTEX
8
0
10
95.5526432786933
20
33.3728712129376
30
0
0
VERTEX
8
0
10
95.8130047045208
20
33.3661728631385
30
0
0
VERTEX
8
0
10
96.0733661303483
20
33.3595152886336
30
0
0
VERTEX
8
0
10
96.3337275561758
20
33.3528980963484
30
0
0
VERTEX
8
0
10
96.5940889820033
20
33.3463208985388
30
0
0
VERTEX
8
0
10
96.8544504078308
20
33.3397833126959
30
0
0
VERTEX
8
0
10
97.1148118336583
20
33.3332849614525
30
0
0
VERTEX
8
0
10
97.3751732594858
20
33.3268254724937
30
0
0
VERTEX
8
0
10
97.6355346853133
20
33.3204044784661
30
0
0
VERTEX
8
0
10
97.8958961111408
20
33.314021616893
30
0
0
VERTEX
8
0
10
98.1562575369683
20
33.3076765300877
30
0
0
VERTEX
8
0
10
98.4166189627958
20
33.3013688650719
30
0
0
VERTEX
8
0
10
98.6769803886233
20
33.2950982734931
30
0
0
VERTEX
8
0
10
98.9373418144508
20
33.2888644115461
30
0
0
VERTEX
8
0
10
99.1977032402783
20
33.2826669398947
30
0
0
VERTEX
8
0
10
99.4580646661058
20
33.2765055235957
30
0
0
VERTEX
8
0
10
99.7184260919333
20
33.2703798320241
30
0
0
VERTEX
8
0
10
99.9787875177608
20
33.2642895388008
30
0
0
VERTEX
8
0
10
100.239148943588
20
33.2582343217206
30
0
0
VERTEX
8
0
10
100.499510369416
20
33.2522138626825
30
0
0
VERTEX
8
0
10
100.759871795243
20
33.2462278476216
30
0
0
VERTEX
8
0
10
101.020233221071
20
33.2402759664414
30
0
0
VERTEX
8
0
10
101.280594646898
20
33.2343579129491
30
0
0
VERTEX
8
0
10
101.540956072726
20
33.2284733847907
30
0
0
VERTEX
8
0
10
101.801317498553
20
33.2226220833881
30
0
0
VERTEX
8
0
10
102.061678924381
20
33.2168037138778
30
0
0
VERTEX
8
0
10
102.322040350208
20
33.2110179850505
30
0
0
VERTEX
8
0
10
102.582401776036
20
33.2052646092913
30
0
0
VERTEX
8
0
10
102.842763201863
20
33.199543302523
30
0
0
VERTEX
8
0
10
103.103124627691
20
33.1938537841478
30
0
0
VERTEX
8
0
10
103.363486053518
20
33.1881957769931
30
0
0
VERTEX
8
0
10
103.623847479346
20
33.1825690072557
30
0
0
VERTEX
8
0
10
103.884208905173
20
33.1769732044493
30
0
0
VERTEX
8
0
10
104.144570331001
20
33.1714081013516
30
0
0
VERTEX
8
0
10
104.404931756828
20
33.1658734339532
30
0
0
VERTEX
8
0
10
104.665293182656
20
33.1603689414069
30
0
0
VERTEX
8
0
10
104.925654608483
20
33.1548943659787
30
0
0
VERTEX
8
0
10
105.186016034311
20
33.1494494529993
30
0
0
VERTEX
8
0
10
105.446377460138
20
33.1440339508165
30
0
0
VERTEX
8
0
10
105.706738885966
20
33.1386476107487
30
0
0
VERTEX
8
0
10
105.967100311793
20
33.1332901870392
30
0
0
VERTEX
8
0
10
106.227461737621
20
33.1279614368117
30
0
0
VERTEX
8
0
10
106.487823163448
20
33.1226611200259
30
0
0
VERTEX
8
0
10
106.748184589276
20
33.117388999435
30
0
0
VERTEX
8
0
10
107.008546015103
20
33.1121448405427
30
0
0
VERTEX
8
0
10
107.268907440931
20
33.1069284115623
30
0
0
VERTEX
8
0
10
107.529268866758
20
33.1017394833759
30
0
0
VERTEX
8
0
10
107.789630292586
20
33.096577829494
30
0
0
VERTEX
8
0
10
108.049991718413
20
33.091443226017
30
0
0
VERTEX
8
0
10
108.310353144241
20
33.0863354515963
30
0
0
VERTEX
8
0
10
108.570714570068
20
33.0812542873966
30
0
0
VERTEX
8
0
10
108.831075995896
20
33.0761995170585
30
0
0
VERTEX
8
0
10
109.091437421723
20
33.0711709266632
30
0
0
VERTEX
8
0
10
109.351798847551
20
33.0661683046957
30
0
0
VERTEX
8
0
10
109.612160273378
20
33.0611914420098
30
0
0
VERTEX
8
0
10
109.872521699206
20
33.0562401317943
30
0
0
VERTEX
8
0
10
110.132883125033
20
33.0513141695387
30
0
0
VERTEX
8
0
10
110.393244550861
20
33.0464133530002
30
0
0
VERTEX
8
0
10
110.653605976688
20
33.041537482171
30
0
0
VERTEX
8
0
10
110.913967402516
20
33.0366863592462
30
0
0
VERTEX
8
0
10
111.174328828343
20
33.0318597885925
30
0
0
VERTEX
8
0
10
111.434690254171
20
33.0270575767173
30
0
0
VERTEX
8
0
10
111.695051679998
20
33.0222795322382
30
0
0
VERTEX
8
0
10
111.955413105826
20
33.0175254658533
30
0
0
VERTEX
8
0
10
112.215774531653
20
33.0127951903119
30
0
0
VERTEX
8
0
10
112.476135957481
20
33.0080885203855
30
0
0
VERTEX
8
0
10
112.736497383308
20
33.0034052728399
30
0
0
VERTEX
8
0
10
112.996858809136
20
32.9987452664072
30
0
0
VERTEX
8
0
10
113.257220234963
20
32.9941083217584
30
0
0
VERTEX
8
0
10
113.517581660791
20
32.9894942614767
30
0
0
VERTEX
8
0
10
113.777943086618
20
32.9849029100309
30
0
0
VERTEX
8
0
10
114.038304512446
20
32.9803340937499
30
0
0
VERTEX
8
0
10
114.298665938273
20
32.9757876407969
30
0
0
VERTEX
8
0
10
114.559027364101
20
32.9712633811443
30
0
0
VERTEX
8
0
10
114.819388789928
20
32.966761146549
30
0
0
VERTEX
8
0
10
115.079750215756
20
32.9622807705288
30
0
0
VERTEX
8
0
10
115.340111641583
20
32.9578220883378
30
0
0
VERTEX
8
0
10
115.600473067411
20
32.9533849369432
30
0
0
VERTEX
8
0
10
115.860834493238
20
32.9489691550028
30
0
0
VERTEX
8
0
10
116.121195919066
20
32.9445745828416
30
0
0
VERTEX
8
0
10
116.381557344893
20
32.9402010624303
30
0
0
VERTEX
8
0
10
116.641918770721
20
32.9358484373625
30
0
0
VERTEX
8
0
10
116.902280196548
20
32.931516552834
30
0
0
VERTEX
8
0
10
117.162641622376
20
32.9272052556215
30
0
0
VERTEX
8
0
10
117.423003048203
20
32.922914394061
30
0
0
VERTEX
8
0
10
117.683364474031
20
32.9186438180284
30
0
0
VERTEX
8
0
10
117.943725899858
20
32.9143933789184
30
0
0
VERTEX
8
0
10
118.204087325686
20
32.9101629296255
30
0
0
VERTEX
8
0
10
118.464448751513
20
32.9059523245237
30
0
0
VERTEX
8
0
10
118.724810177341
20
32.9017614194477
30
0
0
VERTEX
8
0
10
118.985171603168
20
32.8975900716741
30
0
0
VERTEX
8
0
10
119.245533028996
20
32.8934381399027
30
0
0
VERTEX
8
0
10
119.505894454823
20
32.8893054842381
30
0
0
VERTEX
8
0
10
119.766255880651
20
32.8851919661716
30
0
0
VERTEX
8
0
10
120.026617306478
20
32.8810974485639
30
0
0
VERTEX
8
0
10
120.286978732306
20
32.8770217956274
30
0
0
VERTEX
8
0
10
120.547340158133
20
32.8729648729091
30
0
0
VERTEX
8
0
10
120.807701583961
20
32.8689265472734
30
0
0
VERTEX
8
0
10
121.068063009788
20
32.864906686886
30
0
0
VERTEX
8
0
10
121.328424435616
20
32.860905161197
30
0
0
VERTEX
8
0
10
121.588785861443
20
32.8569218409253
30
0
0
VERTEX
8
0
10
121.849147287271
20
32.8529565980423
30
0
0
VERTEX
8
0
10
122.109508713098
20
32.8490093057565
30
0
0
VERTEX
8
0
10
122.369870138926
20
32.845079838498
30
0
0
VERTEX
8
0
10
122.630231564753
20
32.8411680719035
30
0
0
VERTEX
8
0
10
122.890592990581
20
32.8372738828012
30
0
0
VERTEX
8
0
10
123.150954416408
20
32.8333971491962
30
0
0
VERTEX
8
0
10
123.411315842236
20
32.8295377502563
30
0
0
VERTEX
8
0
10
123.671677268063
20
32.8256955662971
30
0
0
VERTEX
8
0
10
123.932038693891
20
32.8218704787686
30
0
0
VERTEX
8
0
10
124.192400119718
20
32.8180623702412
30
0
0
VERTEX
8
0
10
124.452761545546
20
32.8142711243918
30
0
0
VERTEX
8
0
10
124.713122971373
20
32.810496625991
30
0
0
VERTEX
8
0
10
124.973484397201
20
32.8067387608891
30
0
0
VERTEX
8
0
10
125.233845823028
20
32.8029974160037
30
0
0
VERTEX
8
0
10
125.494207248856
20
32.7992724793068
30
0
0
VERTEX
8
0
10
125.754568674683
20
32.7955638398118
30
0
0
VERTEX
8
0
10
126.014930100511
20
32.7918713875617
30
0
0
VERTEX
8
0
10
126.275291526338
20
32.7881950136161
30
0
0
VERTEX
8
0
10
126.535652952166
20
32.7845346100396
30
0
0
VERTEX
8
0
10
126.796014377993
20
32.7808900698899
30
0
0
VERTEX
8
0
10
127.056375803821
20
32.7772612872058
30
0
0
VERTEX
8
0
10
127.316737229648
20
32.7736481569959
30
0
0
VERTEX
8
0
10
127.577098655476
20
32.7700505752268
30
0
0
VERTEX
8
0
10
127.837460081303
20
32.7664684388128
30
0
0
VERTEX
8
0
10
128.097821507131
20
32.7629016456036
30
0
0
VERTEX
8
0
10
128.358182932958
20
32.7593500943744
30
0
0
VERTEX
8
0
10
128.618544358786
20
32.7558136848145
30
0
0
VERTEX
8
0
10
128.878905784613
20
32.752292317517
30
0
0
VERTEX
8
0
10
129.139267210441
20
32.7487858939685
30
0
0
VERTEX
8
0
10
129.399628636268
20
32.7452943165385
30
0
0
VERTEX
8
0
10
129.659990062096
20
32.7418174884693
30
0
0
VERTEX
8
0
10
129.920351487923
20
32.7383553138663
30
0
0
VERTEX
8
0
10
130.180712913751
20
32.7349076976877
30
0
0
VERTEX
8
0
10
130.441074339578
20
32.7314745457349
30
0
0
VERTEX
8
0
10
130.701435765406
20
32.7280557646432
30
0
0
VERTEX
8
0
10
130.961797191233
20
32.724651261872
30
0
0
VERTEX
8
0
10
131.222158617061
20
32.7212609456958
30
0
0
VERTEX
8
0
10
131.482520042888
20
32.7178847251944
30
0
0
VERTEX
8
0
10
131.742881468716
20
32.7145225102447
30
0
0
VERTEX
8
0
10
132.003242894543
20
32.7111742115109
30
0
0
VERTEX
8
0
10
132.263604320371
20
32.7078397404364
30
0
0
VERTEX
8
0
10
132.523965746198
20
32.7045190092347
30
0
0
VERTEX
8
0
10
132.784327172026
20
32.7012119308807
30
0
0
VERTEX
8
0
10
133.044688597853
20
32.6979184191027
30
0
0
VERTEX
8
0
10
133.305050023681
20
32.6946383883737
30
0
0
VERTEX
8
0
10
133.565411449508
20
32.6913717539033
30
0
0
VERTEX
8
0
10
133.825772875336
20
32.6881184316294
30
0
0
VERTEX
8
0
10
134.086134301163
20
32.6848783382105
30
0
0
VERTEX
8
0
10
134.346495726991
20
32.6816513910177
30
0
0
VERTEX
8
0
10
134.606857152818
20
32.6784375081266
30
0
0
VERTEX
8
0
10
134.867218578646
20
32.6752366083101
30
0
0
VERTEX
8
0
10
135.127580004473
20
32.6720486110303
30
0
0
VERTEX
8
0
10
135.387941430301
20
32.6688734364314
30
0
0
VERTEX
8
0
10
135.648302856128
20
32.6657110053325
30
0
0
VERTEX
8
0
10
135.908664281956
20
32.6625612392192
30
0
0
VERTEX
8
0
10
136.169025707783
20
32.6594240602381
30
0
0
VERTEX
8
0
10
136.429387133611
20
32.6562993911884
30
0
0
VERTEX
8
0
10
136.689748559438
20
32.6531871555151
30
0
0
VERTEX
8
0
10
136.950109985266
20
32.6500872773026
30
0
0
VERTEX
8
0
10
137.210471411093
20
32.6469996812676
30
0
0
VERTEX
8
0
10
137.470832836921
20
32.643924292752
30
0
0
VERTEX
8
0
10
137.731194262748
20
32.640861037717
30
0
0
VERTEX
8
0
10
137.991555688576
20
32.637809842736
30
0
0
VERTEX
8
0
10
138.251917114403
20
32.6347706349883
30
0
0
VERTEX
8
0
10
138.512278540231
20
32.6317433422523
30
0
0
VERTEX
8
0
10
138.772639966058
20
32.6287278929002
30
0
0
VERTEX
8
0
10
139.033001391886
20
32.6257242158908
30
0
0
VERTEX
8
0
10
139.293362817713
20
32.6227322407637
30
0
0
VERTEX
8
0
10
139.553724243541
20
32.6197518976333
30
0
0
VERTEX
8
0
10
139.814085669368
20
32.6167831171829
30
0
0
VERTEX
8
0
10
140.074447095196
20
32.6138258306582
30
0
0
VERTEX
8
0
10
140.334808521023
20
32.6108799698625
30
0
0
VERTEX
8
0
10
140.595169946851
20
32.60794546715
30
0
0
VERTEX
8
0
10
140.855531372678
20
32.6050222554205
30
0
0
VERTEX
8
0
10
141.115892798506
20
32.6021102681137
30
0
0
VERTEX
8
0
10
141.376254224333
20
32.5992094392039
30
0
0
VERTEX
8
0
10
141.636615650161
20
32.5963197031939
30
0
0
VERTEX
8
0
10
141.896977075988
20
32.5934409951106
30
0
0
VERTEX
8
0
10
142.157338501816
20
32.5905732504985
30
0
0
VERTEX
8
0
10
142.417699927643
20
32.5877164054155
30
0
0
VERTEX
8
0
10
142.678061353471
20
32.5848703964267
30
0
0
VERTEX
8
0
10
142.938422779298
20
32.5820351606001
30
0
0
VERTEX
8
0
10
143.198784205126
20
32.5792106355008
30
0
0
VERTEX
8
0
10
143.459145630953
20
32.5763967591871
30
0
0
VERTEX
8
0
10
143.719507056781
20
32.5735934702039
30
0
0
VERTEX
8
0
10
143.979868482608
20
32.5708007075793
30
0
0
VERTEX
8
0
10
144.240229908436
20
32.5680184108188
30
0
0
VERTEX
8
0
10
144.500591334263
20
32.5652465199012
30
0
0
VERTEX
8
0
10
144.760952760091
20
32.5624849752734
30
0
0
VERTEX
8
0
10
145.021314185918
20
32.5597337178461
30
0
0
VERTEX
8
0
10
145.281675611746
20
32.5569926889887
30
0
0
VERTEX
8
0
10
145.542037037573
20
32.5542618305253
30
0
0
VERTEX
8
0
10
145.802398463401
20
32.5515410847301
30
0
0
VERTEX
8
0
10
146.062759889228
20
32.5488303943224
30
0
0
VERTEX
8
0
10
146.323121315056
20
32.5461297024634
30
0
0
VERTEX
8
0
10
146.583482740883
20
32.5434389527502
30
0
0
VERTEX
8
0
10
146.843844166711
20
32.5407580892134
30
0
0
VERTEX
8
0
10
147.104205592538
20
32.5380870563111
30
0
0
VERTEX
8
0
10
147.364567018366
20
32.5354257989262
30
0
0
VERTEX
8
0
10
147.624928444193
20
32.5327742623614
30
0
0
VERTEX
8
0
10
147.885289870021
20
32.5301323923351
30
0
0
VERTEX
8
0
10
148.145651295848
20
32.5275001349779
30
0
0
VERTEX
8
0
10
148.406012721676
20
32.5248774368284
30
0
0
VERTEX
8
0
10
148.666374147503
20
32.5222642448289
30
0
0
VERTEX
8
0
10
148.926735573331
20
32.5196605063221
30
0
0
VERTEX
8
0
10
149.187096999158
20
32.5170661690469
30
0
0
VERTEX
8
0
10
149.447458424986
20
32.5144811811344
30
0
0
VERTEX
8
0
10
149.707819850813
20
32.511905491105
30
0
0
VERTEX
8
0
10
149.968181276641
20
32.5093390478635
30
0
0
VERTEX
8
0
10
150.228542702468
20
32.5067818006966
30
0
0
VERTEX
8
0
10
150.488904128296
20
32.5042336992681
30
0
0
VERTEX
8
0
10
150.749265554123
20
32.5016946936167
30
0
0
VERTEX
8
0
10
151.009626979951
20
32.499164734151
30
0
0
VERTEX
8
0
10
151.269988405778
20
32.4966437716471
30
0
0
VERTEX
8
0
10
151.530349831606
20
32.4941317572446
30
0
0
VERTEX
8
0
10
151.790711257433
20
32.4916286424434
30
0
0
VERTEX
8
0
10
152.051072683261
20
32.4891343791003
30
0
0
VERTEX
8
0
10
152.311434109088
20
32.4866489194255
30
0
0
VERTEX
8
0
10
152.571795534916
20
32.4841722159795
30
0
0
VERTEX
8
0
10
152.832156960743
20
32.4817042216696
30
0
0
VERTEX
8
0
10
153.092518386571
20
32.479244889747
30
0
0
VERTEX
8
0
10
153.352879812398
20
32.4767941738031
30
0
0
VERTEX
8
0
10
153.613241238226
20
32.4743520277671
30
0
0
VERTEX
8
0
10
153.873602664053
20
32.4719184059023
30
0
0
VERTEX
8
0
10
154.133964089881
20
32.4694932628029
30
0
0
VERTEX
8
0
10
154.394325515708
20
32.4670765533915
30
0
0
VERTEX
8
0
10
154.654686941536
20
32.4646682329158
30
0
0
VERTEX
8
0
10
154.915048367363
20
32.4622682569454
30
0
0
VERTEX
8
0
10
155.175409793191
20
32.4598765813695
30
0
0
VERTEX
8
0
10
155.435771219018
20
32.4574931623928
30
0
0
SEQEND
8
0
0
POLYLINE
8
0
62
4
70
0
10
0
20
0
30
0
0
VERTEX
8
0
10
13.7991555688578
20
25.9903768904701
30
0
0
VERTEX
8
0
10
14.0595169946853
20
26.1928339519006
30
0
0
VERTEX
8
0
10
14.3198784205128
20
26.3946429812155
30
0
0
VERTEX
8
0
10
14.5802398463403
20
26.5957573893045
30
0
0
VERTEX
8
0
10
14.8406012721678
20
26.7961327064508
30
0
0
VERTEX
8
0
10
15.1009626979953
20
26.9957264915942
30
0
0
VERTEX
8
0
10
15.3613241238228
20
27.1944982457428
30
0
0
VERTEX
8
0
10
15.6216855496503
20
27.3924093293795
30
0
0
VERTEX
8
0
10
15.8820469754778
20
27.5894228837074
30
0
0
VERTEX
8
0
10
16.1424084013053
20
27.785503755581
30
0
0
VERTEX
8
0
10
16.4027698271328
20
27.9806184259725
30
0
0
VERTEX
8
0
10
16.6631312529603
20
28.1747349418226
30
0
0
VERTEX
8
0
10
16.9234926787878
20
28.3670160618573
30
0
0
VERTEX
8
0
10
17.1838541046153
20
28.5582928857191
30
0
0
VERTEX
8
0
10
17.4442155304428
20
28.7484892903344
30
0
0
VERTEX
8
0
10
17.7045769562703
20
28.9375787854532
30
0
0
VERTEX
8
0
10
17.9649383820978
20
29.1255361551658
30
0
0
VERTEX
8
0
10
18.2252998079253
20
29.3123374071737
30
0
0
VERTEX
8
0
10
18.4856612337528
20
29.4979597245072
30
0
0
VERTEX
8
0
10
18.7460226595803
20
29.6823814195694
30
0
0
VERTEX
8
0
10
19.0063840854078
20
29.8655818904052
30
0
0
VERTEX
8
0
10
19.2667455112354
20
30.0475415790853
30
0
0
VERTEX
8
0
10
19.5271069370629
20
30.2289252412416
30
0
0
VERTEX
8
0
10
19.7874683628904
20
30.4090810718948
30
0
0
VERTEX
8
0
10
20.0478297887179
20
30.587939623393
30
0
0
VERTEX
8
0
10
20.3081912145454
20
30.7654852946234
30
0
0
VERTEX
8
0
10
20.5685526403729
20
30.9417033456713
30
0
0
VERTEX
8
0
10
20.8289140662004
20
31.1165798669982
30
0
0
VERTEX
8
0
10
21.0892754920279
20
31.2901017501295
30
0
0
VERTEX
8
0
10
21.3496369178554
20
31.462256659776
30
0
0
VERTEX
8
0
10
21.6099983436829
20
31.6330330073227
30
0
0
VERTEX
8
0
10
21.8703597695104
20
31.8024199256185
30
0
0
VERTEX
8
0
10
22.1307211953379
20
31.969836803192
30
0
0
VERTEX
8
0
10
22.3910826211654
20
32.1356983347793
30
0
0
VERTEX
8
0
10
22.6514440469929
20
32.3001446563062
30
0
0
VERTEX
8
0
10
22.9118054728204
20
32.4631674225996
30
0
0
VERTEX
8
0
10
23.1721668986479
20
32.6247589040772
30
0
0
VERTEX
8
0
10
23.4325283244754
20
32.784911968078
30
0
0
VERTEX
8
0
10
23.6928897503029
20
32.9436200611158
30
0
0
VERTEX
8
0
10
23.9532511761304
20
33.1008771920157
30
0
0
VERTEX
8
0
10
24.2136126019579
20
33.2566779158869
30
0
0
VERTEX
8
0
10
24.4739740277855
20
33.4110173188995
30
0
0
VERTEX
8
0
10
24.734335453613
20
33.5406543169316
30
0
0
VERTEX
8
0
10
24.9946968794405
20
33.6568632079496
30
0
0
VERTEX
8
0
10
25.255058305268
20
33.7717433539862
30
0
0
VERTEX
8
0
10
25.5154197310955
20
33.8852857784471
30
0
0
VERTEX
8
0
10
25.775781156923
20
33.9974820762463
30
0
0
VERTEX
8
0
10
26.0361425827505
20
34.1083244009886
30
0
0
VERTEX
8
0
10
26.296504008578
20
34.2178054527146
30
0
0
VERTEX
8
0
10
26.5568654344055
20
34.3259184661913
30
0
0
VERTEX
8
0
10
26.817226860233
20
34.4326571997312
30
0
0
VERTEX
8
0
10
27.0775882860605
20
34.53801592452
30
0
0
VERTEX
8
0
10
27.337949711888
20
34.6208820952553
30
0
0
VERTEX
8
0
10
27.5983111377155
20
34.6831086157027
30
0
0
VERTEX
8
0
10
27.858672563543
20
34.7441932134247
30
0
0
VERTEX
8
0
10
28.1190339893705
20
34.8041259506122
30
0
0
VERTEX
8
0
10
28.379395415198
20
34.8628974379579
30
0
0
VERTEX
8
0
10
28.6397568410255
20
34.9204988268414
30
0
0
VERTEX
8
0
10
28.900118266853
20
34.9769218018374
30
0
0
VERTEX
8
0
10
29.1604796926805
20
35.0321585735463
30
0
0
VERTEX
8
0
10
29.420841118508
20
35.0862018717394
30
0
0
VERTEX
8
0
10
29.6812025443356
20
35.1390449388187
30
0
0
VERTEX
8
0
10
29.9415639701631
20
35.1906815235811
30
0
0
VERTEX
8
0
10
30.2019253959906
20
35.2434632789453
30
0
0
VERTEX
8
0
10
30.4622868218181
20
35.2943630008495
30
0
0
VERTEX
8
0
10
30.7226482476456
20
35.3440282658796
30
0
0
VERTEX
8
0
10
30.9830096734731
20
35.3924550184597
30
0
0
VERTEX
8
0
10
31.2433710993006
20
35.4396396796393
30
0
0
VERTEX
8
0
10
31.5037325251281
20
35.485579142589
30
0
0
VERTEX
8
0
10
31.7640939509556
20
35.5302707683799
30
0
0
VERTEX
8
0
10
32.0244553767831
20
35.5737123820365
30
0
0
VERTEX
8
0
10
32.2848168026106
20
35.6159022688643
30
0
0
VERTEX
8
0
10
32.5451782284381
20
35.6568391710439
30
0
0
VERTEX
8
0
10
32.8055396542656
20
35.692699358349
30
0
0
VERTEX
8
0
10
33.0659010800931
20
35.7278234840591
30
0
0
VERTEX
8
0
10
33.3262625059206
20
35.7617156132582
30
0
0
VERTEX
8
0
10
33.5866239317481
20
35.7943758793349
30
0
0
VERTEX
8
0
10
33.8469853575756
20
35.8258048658369
30
0
0
VERTEX
8
0
10
34.1073467834031
20
35.8560036046215
30
0
0
VERTEX
8
0
10
34.3677082092306
20
35.884973574246
30
0
0
VERTEX
8
0
10
34.6280696350581
20
35.9127166985953
30
0
0
VERTEX
8
0
10
34.8884310608857
20
35.939235345745
30
0
0
VERTEX
8
0
10
35.1487924867132
20
35.964532327054
30
0
0
VERTEX
8
0
10
35.4091539125407
20
35.9897218130545
30
0
0
VERTEX
8
0
10
35.6695153383682
20
36.0135885306295
30
0
0
VERTEX
8
0
10
35.9298767641957
20
36.0362384243668
30
0
0
VERTEX
8
0
10
36.1902381900232
20
36.057676185853
30
0
0
VERTEX
8
0
10
36.4505996158507
20
36.0779069467226
30
0
0
VERTEX
8
0
10
36.7109610416782
20
36.0969362790715
30
0
0
VERTEX
8
0
10
36.9713224675057
20
36.1147701960807
30
0
0
VERTEX
8
0
10
37.2316838933332
20
36.1314151528484
30
0
0
VERTEX
8
0
10
37.4920453191607
20
36.1468780474293
30
0
0
VERTEX
8
0
10
37.7524067449882
20
36.1611662220755
30
0
0
VERTEX
8
0
10
38.0127681708157
20
36.1771524023189
30
0
0
VERTEX
8
0
10
38.2731295966432
20
36.1920820614576
30
0
0
VERTEX
8
0
10
38.5334910224707
20
36.2058455412187
30
0
0
VERTEX
8
0
10
38.7938524482982
20
36.2184522735978
30
0
0
VERTEX
8
0
10
39.0542138741257
20
36.2299121373428
30
0
0
VERTEX
8
0
10
39.3145752999532
20
36.240235460316
30
0
0
VERTEX
8
0
10
39.5749367257807
20
36.2494330220366
30
0
0
VERTEX
8
0
10
39.8352981516082
20
36.2575160563994
30
0
0
VERTEX
8
0
10
40.0956595774358
20
36.2644962545684
30
0
0
VERTEX
8
0
10
40.3560210032633
20
36.2703857680405
30
0
0
VERTEX
8
0
10
40.6163824290908
20
36.2756744905149
30
0
0
VERTEX
8
0
10
40.8767438549183
20
36.2800001145055
30
0
0
VERTEX
8
0
10
41.1371052807458
20
36.2832715710559
30
0
0
VERTEX
8
0
10
41.3974667065733
20
36.2855029369048
30
0
0
VERTEX
8
0
10
41.6578281324008
20
36.2867087654682
30
0
0
VERTEX
8
0
10
41.9181895582283
20
36.2869040908335
30
0
0
VERTEX
8
0
10
42.1785509840558
20
36.2861044318975
30
0
0
VERTEX
8
0
10
42.4389124098833
20
36.2843257966398
30
0
0
VERTEX
8
0
10
42.6992738357108
20
36.2815846865315
30
0
0
VERTEX
8
0
10
42.9596352615383
20
36.2778981010696
30
0
0
VERTEX
8
0
10
43.2199966873658
20
36.2732835424354
30
0
0
VERTEX
8
0
10
43.4803581131933
20
36.2677590202693
30
0
0
VERTEX
8
0
10
43.7407195390208
20
36.2613430565559
30
0
0
VERTEX
8
0
10
44.0010809648483
20
36.2540546906154
30
0
0
VERTEX
8
0
10
44.2614423906758
20
36.2459134841926
30
0
0
VERTEX
8
0
10
44.5218038165033
20
36.2369395266371
30
0
0
VERTEX
8
0
10
44.7821652423308
20
36.2271534401687
30
0
0
VERTEX
8
0
10
45.0425266681583
20
36.2165763852192
30
0
0
VERTEX
8
0
10
45.3028880939859
20
36.2052300658425
30
0
0
VERTEX
8
0
10
45.5632495198134
20
36.193136735186
30
0
0
VERTEX
8
0
10
45.8236109456409
20
36.1806204654818
30
0
0
VERTEX
8
0
10
46.0839723714684
20
36.1676573986806
30
0
0
VERTEX
8
0
10
46.3443337972959
20
36.1540152669001
30
0
0
VERTEX
8
0
10
46.6046952231234
20
36.1397186025572
30
0
0
VERTEX
8
0
10
46.8650566489509
20
36.1247925133664
30
0
0
VERTEX
8
0
10
47.1254180747784
20
36.1092626879401
30
0
0
VERTEX
8
0
10
47.3857795006059
20
36.0931554013768
30
0
0
VERTEX
8
0
10
47.6461409264334
20
36.0764975208218
30
0
0
VERTEX
8
0
10
47.9065023522609
20
36.0593165109902
30
0
0
VERTEX
8
0
10
48.1668637780884
20
36.0416404396368
30
0
0
VERTEX
8
0
10
48.4272252039159
20
36.0234979829583
30
0
0
VERTEX
8
0
10
48.6875866297434
20
36.0049184309126
30
0
0
VERTEX
8
0
10
48.9479480555709
20
35.9859316924415
30
0
0
VERTEX
8
0
10
49.2083094813984
20
35.9665683005758
30
0
0
VERTEX
8
0
10
49.4686709072259
20
35.946859417411
30
0
0
VERTEX
8
0
10
49.7290323330534
20
35.9268368389309
30
0
0
VERTEX
8
0
10
49.9893937588809
20
35.9065329996619
30
0
0
VERTEX
8
0
10
50.2497551847084
20
35.8859809771323
30
0
0
VERTEX
8
0
10
50.5101166105359
20
35.8652144960812
30
0
0
VERTEX
8
0
10
50.7704780363635
20
35.8442679321708
30
0
0
VERTEX
8
0
10
51.030839462191
20
35.8231763137886
30
0
0
VERTEX
8
0
10
51.2912008880185
20
35.8019753133209
30
0
0
VERTEX
8
0
10
51.551562313846
20
35.7807011757332
30
0
0
VERTEX
8
0
10
51.8119237396735
20
35.7593902832305
30
0
0
VERTEX
8
0
10
52.072285165501
20
35.7380769616274
30
0
0
VERTEX
8
0
10
52.3326465913285
20
35.7167870011935
30
0
0
VERTEX
8
0
10
52.593008017156
20
35.6955323999553
30
0
0
VERTEX
8
0
10
52.8533694429835
20
35.6743163950292
30
0
0
VERTEX
8
0
10
53.113730868811
20
35.6531396562061
30
0
0
VERTEX
8
0
10
53.3740922946385
20
35.6320023563938
30
0
0
VERTEX
8
0
10
53.634453720466
20
35.61090458321
30
0
0
VERTEX
8
0
10
53.8948151462935
20
35.5910261062497
30
0
0
VERTEX
8
0
10
54.155176572121
20
35.5710552964121
30
0
0
VERTEX
8
0
10
54.4155379979485
20
35.5511203468691
30
0
0
VERTEX
8
0
10
54.675899423776
20
35.5312213179946
30
0
0
VERTEX
8
0
10
54.9362608496035
20
35.5113582701764
30
0
0
VERTEX
8
0
10
55.196622275431
20
35.4915312638259
30
0
0
VERTEX
8
0
10
55.4569837012585
20
35.4717403593799
30
0
0
VERTEX
8
0
10
55.717345127086
20
35.4519856172992
30
0
0
VERTEX
8
0
10
55.9777065529135
20
35.4322670980694
30
0
0
VERTEX
8
0
10
56.238067978741
20
35.4125848621995
30
0
0
VERTEX
8
0
10
56.4984294045685
20
35.391924829165
30
0
0
VERTEX
8
0
10
56.758790830396
20
35.3712864349092
30
0
0
VERTEX
8
0
10
57.0191522562235
20
35.3506884514077
30
0
0
VERTEX
8
0
10
57.279513682051
20
35.3301309493407
30
0
0
VERTEX
8
0
10
57.5398751078785
20
35.3096139994139
30
0
0
VERTEX
8
0
10
57.800236533706
20
35.2891376723581
30
0
0
VERTEX
8
0
10
58.0605979595335
20
35.2687020389276
30
0
0
VERTEX
8
0
10
58.320959385361
20
35.2483071699003
30
0
0
VERTEX
8
0
10
58.5813208111885
20
35.2279531360766
30
0
0
VERTEX
8
0
10
58.841682237016
20
35.2076400082788
30
0
0
VERTEX
8
0
10
59.1020436628435
20
35.1877941750882
30
0
0
VERTEX
8
0
10
59.362405088671
20
35.1680674193957
30
0
0
VERTEX
8
0
10
59.6227665144985
20
35.1483797493254
30
0
0
VERTEX
8
0
10
59.883127940326
20
35.1287312305931
30
0
0
VERTEX
8
0
10
60.1434893661535
20
35.1091219289312
30
0
0
VERTEX
8
0
10
60.403850791981
20
35.0895519100872
30
0
0
VERTEX
8
0
10
60.6642122178084
20
35.0700212398237
30
0
0
VERTEX
8
0
10
60.924573643636
20
35.0505299839177
30
0
0
VERTEX
8
0
10
61.1849350694635
20
35.0310782081593
30
0
0
VERTEX
8
0
10
61.4452964952909
20
35.0116659783519
30
0
0
VERTEX
8
0
10
61.7056579211184
20
34.9933389744885
30
0
0
VERTEX
8
0
10
61.9660193469459
20
34.9754895593329
30
0
0
VERTEX
8
0
10
62.2263807727734
20
34.9576740019429
30
0
0
VERTEX
8
0
10
62.4867421986009
20
34.9398923541099
30
0
0
VERTEX
8
0
10
62.7471036244284
20
34.922144667632
30
0
0
VERTEX
8
0
10
63.0074650502559
20
34.9044309943137
30
0
0
VERTEX
8
0
10
63.2678264760834
20
34.8867513859655
30
0
0
VERTEX
8
0
10
63.5281879019109
20
34.8691058944028
30
0
0
VERTEX
8
0
10
63.7885493277384
20
34.8514945714464
30
0
0
VERTEX
8
0
10
64.0489107535659
20
34.8339174689209
30
0
0
VERTEX
8
0
10
64.3092721793934
20
34.8169226083535
30
0
0
VERTEX
8
0
10
64.5696336052209
20
34.8003847370401
30
0
0
VERTEX
8
0
10
64.8299950310484
20
34.7838775247262
30
0
0
VERTEX
8
0
10
65.0903564568759
20
34.7674010150815
30
0
0
VERTEX
8
0
10
65.3507178827034
20
34.7509552517774
30
0
0
VERTEX
8
0
10
65.6110793085309
20
34.7345402784862
30
0
0
VERTEX
8
0
10
65.8714407343584
20
34.718156138881
30
0
0
VERTEX
8
0
10
66.1318021601859
20
34.7018028766356
30
0
0
VERTEX
8
0
10
66.3921635860134
20
34.6854805354233
30
0
0
VERTEX
8
0
10
66.6525250118409
20
34.6691891589172
30
0
0
VERTEX
8
0
10
66.9128864376684
20
34.6529287907897
30
0
0
VERTEX
8
0
10
67.1732478634959
20
34.6407725856896
30
0
0
VERTEX
8
0
10
67.4336092893234
20
34.6274238296438
30
0
0
VERTEX
8
0
10
67.6939707151509
20
34.6140961807943
30
0
0
VERTEX
8
0
10
67.9543321409784
20
34.6007896635318
30
0
0
VERTEX
8
0
10
68.2146935668059
20
34.5875043022454
30
0
0
VERTEX
8
0
10
68.4750549926334
20
34.5742401213232
30
0
0
VERTEX
8
0
10
68.7354164184609
20
34.5609971451514
30
0
0
VERTEX
8
0
10
68.9957778442884
20
34.5477753981151
30
0
0
VERTEX
8
0
10
69.2561392701159
20
34.5345749045971
30
0
0
VERTEX
8
0
10
69.5165006959434
20
34.5213956889788
30
0
0
VERTEX
8
0
10
69.7768621217709
20
34.5064293353012
30
0
0
VERTEX
8
0
10
70.0372235475984
20
34.4918899639657
30
0
0
VERTEX
8
0
10
70.2975849734259
20
34.4773767706063
30
0
0
VERTEX
8
0
10
70.5579463992534
20
34.4628897882954
30
0
0
VERTEX
8
0
10
70.8183078250809
20
34.4484290501018
30
0
0
VERTEX
8
0
10
71.0786692509084
20
34.4339945890891
30
0
0
VERTEX
8
0
10
71.3390306767359
20
34.4195864383171
30
0
0
VERTEX
8
0
10
71.5993921025634
20
34.4052046308401
30
0
0
VERTEX
8
0
10
71.8597535283909
20
34.3908491997075
30
0
0
VERTEX
8
0
10
72.1201149542184
20
34.3765201779629
30
0
0
VERTEX
8
0
10
72.3804763800459
20
34.3627452302147
30
0
0
VERTEX
8
0
10
72.6408378058734
20
34.3489282253725
30
0
0
VERTEX
8
0
10
72.9011992317009
20
34.3351360444514
30
0
0
VERTEX
8
0
10
73.1615606575284
20
34.3213687173782
30
0
0
VERTEX
8
0
10
73.4219220833559
20
34.3076262740738
30
0
0
VERTEX
8
0
10
73.6822835091834
20
34.2939087444527
30
0
0
VERTEX
8
0
10
73.9426449350109
20
34.2802161584232
30
0
0
VERTEX
8
0
10
74.2030063608384
20
34.2665485458871
30
0
0
VERTEX
8
0
10
74.4633677866659
20
34.2529059367392
30
0
0
VERTEX
8
0
10
74.7237292124934
20
34.2392883608671
30
0
0
VERTEX
8
0
10
74.9840906383209
20
34.2270612290498
30
0
0
VERTEX
8
0
10
75.2444520641484
20
34.2148469898677
30
0
0
VERTEX
8
0
10
75.5048134899759
20
34.2026530959129
30
0
0
VERTEX
8
0
10
75.7651749158034
20
34.1904795689534
30
0
0
VERTEX
8
0
10
76.0255363416309
20
34.1783264307521
30
0
0
VERTEX
8
0
10
76.2858977674584
20
34.1661937030663
30
0
0
VERTEX
8
0
10
76.5462591932859
20
34.1540814076473
30
0
0
VERTEX
8
0
10
76.8066206191134
20
34.1419895662412
30
0
0
VERTEX
8
0
10
77.0669820449409
20
34.1299182005877
30
0
0
VERTEX
8
0
10
77.3273434707684
20
34.1178673324208
30
0
0
VERTEX
8
0
10
77.5877048965959
20
34.106608254604
30
0
0
VERTEX
8
0
10
77.8480663224234
20
34.0954860391457
30
0
0
VERTEX
8
0
10
78.1084277482509
20
34.0843814505805
30
0
0
VERTEX
8
0
10
78.3687891740784
20
34.0732945061425
30
0
0
VERTEX
8
0
10
78.6291505999059
20
34.0622252230603
30
0
0
VERTEX
8
0
10
78.8895120257334
20
34.0511736185583
30
0
0
VERTEX
8
0
10
79.1498734515609
20
34.0401397098552
30
0
0
VERTEX
8
0
10
79.4102348773884
20
34.0291235141642
30
0
0
VERTEX
8
0
10
79.6705963032159
20
34.0181250486938
30
0
0
VERTEX
8
0
10
79.9309577290434
20
34.0071443306468
30
0
0
VERTEX
8
0
10
80.1913191548709
20
33.9968185904266
30
0
0
VERTEX
8
0
10
80.4516805806984
20
33.9867473378636
30
0
0
VERTEX
8
0
10
80.7120420065259
20
33.9766911486261
30
0
0
VERTEX
8
0
10
80.9724034323534
20
33.966650036093
30
0
0
VERTEX
8
0
10
81.2327648581809
20
33.9566240136391
30
0
0
VERTEX
8
0
10
81.4931262840084
20
33.946613094635
30
0
0
VERTEX
8
0
10
81.7534877098359
20
33.9366172924464
30
0
0
VERTEX
8
0
10
82.0138491356634
20
33.9266366204352
30
0
0
VERTEX
8
0
10
82.2742105614909
20
33.9166710919583
30
0
0
VERTEX
8
0
10
82.5345719873184
20
33.9067207203683
30
0
0
VERTEX
8
0
10
82.7949334131459
20
33.8970393759233
30
0
0
VERTEX
8
0
10
83.0552948389734
20
33.8875499344228
30
0
0
VERTEX
8
0
10
83.3156562648009
20
33.8780743963743
30
0
0
VERTEX
8
0
10
83.5760176906284
20
33.8686127734472
30
0
0
VERTEX
8
0
10
83.8363791164559
20
33.8591650773068
30
0
0
VERTEX
8
0
10
84.0967405422834
20
33.8497313196144
30
0
0
VERTEX
8
0
10
84.3571019681109
20
33.840311512027
30
0
0
VERTEX
8
0
10
84.6174633939384
20
33.8309056661971
30
0
0
VERTEX
8
0
10
84.8778248197659
20
33.8215137937734
30
0
0
VERTEX
8
0
10
85.1381862455934
20
33.8121359063997
30
0
0
VERTEX
8
0
10
85.3985476714209
20
33.8027720157158
30
0
0
VERTEX
8
0
10
85.6589090972484
20
33.7934221333565
30
0
0
VERTEX
8
0
10
85.9192705230759
20
33.7840862709528
30
0
0
VERTEX
8
0
10
86.1796319489034
20
33.7747644401303
30
0
0
VERTEX
8
0
10
86.4399933747309
20
33.7654566525105
30
0
0
VERTEX
8
0
10
86.7003548005584
20
33.7561629197102
30
0
0
VERTEX
8
0
10
86.9607162263859
20
33.746883253341
30
0
0
VERTEX
8
0
10
87.2210776522134
20
33.7376176650101
30
0
0
VERTEX
8
0
10
87.4814390780409
20
33.7283661663199
30
0
0
VERTEX
8
0
10
87.7418005038684
20
33.7191287688676
30
0
0
VERTEX
8
0
10
88.0021619296959
20
33.7099054842453
30
0
0
VERTEX
8
0
10
88.2625233555234
20
33.7006963240406
30
0
0
VERTEX
8
0
10
88.5228847813509
20
33.6915012998356
30
0
0
VERTEX
8
0
10
88.7832462071784
20
33.6823204232073
30
0
0
VERTEX
8
0
10
89.0436076330059
20
33.6731537057276
30
0
0
VERTEX
8
0
10
89.3039690588334
20
33.6640011589633
30
0
0
VERTEX
8
0
10
89.5643304846609
20
33.6548627944754
30
0
0
VERTEX
8
0
10
89.8246919104884
20
33.6457386238201
30
0
0
VERTEX
8
0
10
90.0850533363159
20
33.6366286585479
30
0
0
VERTEX
8
0
10
90.3454147621433
20
33.6275329102036
30
0
0
VERTEX
8
0
10
90.6057761879709
20
33.6184513903272
30
0
0
VERTEX
8
0
10
90.8661376137984
20
33.6103488345399
30
0
0
VERTEX
8
0
10
91.1264990396259
20
33.6021167678252
30
0
0
VERTEX
8
0
10
91.3868604654534
20
33.5938964870839
30
0
0
VERTEX
8
0
10
91.6472218912809
20
33.5856880009702
30
0
0
VERTEX
8
0
10
91.9075833171083
20
33.577491318134
30
0
0
VERTEX
8
0
10
92.1679447429358
20
33.5693064472215
30
0
0
VERTEX
8
0
10
92.4283061687634
20
33.5611333968748
30
0
0
VERTEX
8
0
10
92.6886675945909
20
33.5529721757317
30
0
0
VERTEX
8
0
10
92.9490290204184
20
33.5448227924262
30
0
0
VERTEX
8
0
10
93.2093904462458
20
33.5366852555882
30
0
0
VERTEX
8
0
10
93.4697518720733
20
33.5302362882233
30
0
0
VERTEX
8
0
10
93.7301132979008
20
33.5237422109008
30
0
0
VERTEX
8
0
10
93.9904747237283
20
33.5172557298947
30
0
0
VERTEX
8
0
10
94.2508361495558
20
33.510776849616
30
0
0
VERTEX
8
0
10
94.5111975753833
20
33.5043055744742
30
0
0
VERTEX
8
0
10
94.7715590012108
20
33.4978419088769
30
0
0
VERTEX
8
0
10
95.0319204270383
20
33.4913858572298
30
0
0
VERTEX
8
0
10
95.2922818528658
20
33.4849374239369
30
0
0
VERTEX
8
0
10
95.5526432786933
20
33.4784966134006
30
0
0
VERTEX
8
0
10
95.8130047045208
20
33.4720634300211
30
0
0
VERTEX
8
0
10
96.0733661303483
20
33.4656378781971
30
0
0
VERTEX
8
0
10
96.3337275561758
20
33.4592199623252
30
0
0
VERTEX
8
0
10
96.5940889820033
20
33.4528096868003
30
0
0
VERTEX
8
0
10
96.8544504078308
20
33.4464070560155
30
0
0
VERTEX
8
0
10
97.1148118336583
20
33.4400120743618
30
0
0
VERTEX
8
0
10
97.3751732594858
20
33.4336247462286
30
0
0
VERTEX
8
0
10
97.6355346853133
20
33.427245076003
30
0
0
VERTEX
8
0
10
97.8958961111408
20
33.4208730680706
30
0
0
VERTEX
8
0
10
98.1562575369683
20
33.4145087268149
30
0
0
VERTEX
8
0
10
98.4166189627958
20
33.4081520566174
30
0
0
VERTEX
8
0
10
98.6769803886233
20
33.4009049630049
30
0
0
VERTEX
8
0
10
98.9373418144508
20
33.393376896837
30
0
0
VERTEX
8
0
10
99.1977032402783
20
33.3858596683248
30
0
0
VERTEX
8
0
10
99.4580646661058
20
33.3783532847908
30
0
0
VERTEX
8
0
10
99.7184260919333
20
33.3708577535532
30
0
0
VERTEX
8
0
10
99.9787875177608
20
33.3633730819265
30
0
0
VERTEX
8
0
10
100.239148943588
20
33.355899277221
30
0
0
VERTEX
8
0
10
100.499510369416
20
33.3484363467428
30
0
0
VERTEX
8
0
10
100.759871795243
20
33.3409842977942
30
0
0
VERTEX
8
0
10
101.020233221071
20
33.333543137673
30
0
0
VERTEX
8
0
10
101.280594646898
20
33.3261128736733
30
0
0
VERTEX
8
0
10
101.540956072726
20
33.3186935130848
30
0
0
VERTEX
8
0
10
101.801317498553
20
33.3112850631929
30
0
0
VERTEX
8
0
10
102.061678924381
20
33.3038875312788
30
0
0
VERTEX
8
0
10
102.322040350208
20
33.2965009246197
30
0
0
VERTEX
8
0
10
102.582401776036
20
33.289125250488
30
0
0
VERTEX
8
0
10
102.842763201863
20
33.2817605161523
30
0
0
VERTEX
8
0
10
103.103124627691
20
33.2744067288765
30
0
0
VERTEX
8
0
10
103.363486053518
20
33.2670638959204
30
0
0
VERTEX
8
0
10
103.623847479346
20
33.259732024539
30
0
0
VERTEX
8
0
10
103.884208905173
20
33.2524111219833
30
0
0
VERTEX
8
0
10
104.144570331001
20
33.2502152881118
30
0
0
VERTEX
8
0
10
104.404931756828
20
33.2463681734292
30
0
0
VERTEX
8
0
10
104.665293182656
20
33.2425241011071
30
0
0
VERTEX
8
0
10
104.925654608483
20
33.2386830722011
30
0
0
VERTEX
8
0
10
105.186016034311
20
33.2348450877666
30
0
0
VERTEX
8
0
10
105.446377460138
20
33.2310101488584
30
0
0
VERTEX
8
0
10
105.706738885966
20
33.2271782565309
30
0
0
VERTEX
8
0
10
105.967100311793
20
33.2233494118383
30
0
0
VERTEX
8
0
10
106.227461737621
20
33.2195236158344
30
0
0
VERTEX
8
0
10
106.487823163448
20
33.2157008695727
30
0
0
VERTEX
8
0
10
106.748184589276
20
33.2093259164638
30
0
0
VERTEX
8
0
10
107.008546015103
20
33.2036052862463
30
0
0
VERTEX
8
0
10
107.268907440931
20
33.1978915275222
30
0
0
VERTEX
8
0
10
107.529268866758
20
33.1921846438402
30
0
0
VERTEX
8
0
10
107.789630292586
20
33.1864846387471
30
0
0
VERTEX
8
0
10
108.049991718413
20
33.1807915157879
30
0
0
VERTEX
8
0
10
108.310353144241
20
33.1751052785055
30
0
0
VERTEX
8
0
10
108.570714570068
20
33.1694259304414
30
0
0
VERTEX
8
0
10
108.831075995896
20
33.1637534751346
30
0
0
VERTEX
8
0
10
109.091437421723
20
33.1580879161229
30
0
0
VERTEX
8
0
10
109.351798847551
20
33.1515243794965
30
0
0
VERTEX
8
0
10
109.612160273378
20
33.1451208863224
30
0
0
VERTEX
8
0
10
109.872521699206
20
33.1387262658481
30
0
0
VERTEX
8
0
10
110.132883125033
20
33.1323405232106
30
0
0
VERTEX
8
0
10
110.393244550861
20
33.1259636635444
30
0
0
VERTEX
8
0
10
110.653605976688
20
33.1195956919802
30
0
0
VERTEX
8
0
10
110.913967402516
20
33.113236613646
30
0
0
VERTEX
8
0
10
111.174328828343
20
33.1068864336663
30
0
0
VERTEX
8
0
10
111.434690254171
20
33.1005451571624
30
0
0
VERTEX
8
0
10
111.695051679998
20
33.0942127892522
30
0
0
VERTEX
8
0
10
111.955413105826
20
33.0914417850007
30
0
0
VERTEX
8
0
10
112.215774531653
20
33.0884666521695
30
0
0
VERTEX
8
0
10
112.476135957481
20
33.0854934944923
30
0
0
VERTEX
8
0
10
112.736497383308
20
33.0825223125016
30
0
0
VERTEX
8
0
10
112.996858809136
20
33.0795531067299
30
0
0
VERTEX
8
0
10
113.257220234963
20
33.0765858777091
30
0
0
VERTEX
8
0
10
113.517581660791
20
33.0736206259715
30
0
0
VERTEX
8
0
10
113.777943086618
20
33.0706573520489
30
0
0
VERTEX
8
0
10
114.038304512446
20
33.0676960564729
30
0
0
VERTEX
8
0
10
114.298665938273
20
33.0647367397753
30
0
0
VERTEX
8
0
10
114.559027364101
20
33.0580286060925
30
0
0
VERTEX
8
0
10
114.819388789928
20
33.0510191742197
30
0
0
VERTEX
8
0
10
115.079750215756
20
33.0440209202877
30
0
0
VERTEX
8
0
10
115.340111641583
20
33.0370338513997
30
0
0
VERTEX
8
0
10
115.600473067411
20
33.030057974654
30
0
0
VERTEX
8
0
10
115.860834493238
20
33.0230932971434
30
0
0
VERTEX
8
0
10
116.121195919066
20
33.0161398259551
30
0
0
VERTEX
8
0
10
116.381557344893
20
33.0091975681713
30
0
0
VERTEX
8
0
10
116.641918770721
20
33.0022665308681
30
0
0
VERTEX
8
0
10
116.902280196548
20
32.9953467211166
30
0
0
VERTEX
8
0
10
117.162641622376
20
32.9912886353066
30
0
0
VERTEX
8
0
10
117.423003048203
20
32.9880177345968
30
0
0
VERTEX
8
0
10
117.683364474031
20
32.9847493565747
30
0
0
VERTEX
8
0
10
117.943725899858
20
32.9814835019901
30
0
0
VERTEX
8
0
10
118.204087325686
20
32.9782201715928
30
0
0
VERTEX
8
0
10
118.464448751513
20
32.9749593661324
30
0
0
VERTEX
8
0
10
118.724810177341
20
32.9717010863576
30
0
0
VERTEX
8
0
10
118.985171603168
20
32.9684453330176
30
0
0
VERTEX
8
0
10
119.245533028996
20
32.9651921068608
30
0
0
VERTEX
8
0
10
119.505894454823
20
32.9619414086356
30
0
0
VERTEX
8
0
10
119.766255880651
20
32.9577612305284
30
0
0
VERTEX
8
0
10
120.026617306478
20
32.9530750267697
30
0
0
VERTEX
8
0
10
120.286978732306
20
32.9483941029732
30
0
0
VERTEX
8
0
10
120.547340158133
20
32.9437184613895
30
0
0
VERTEX
8
0
10
120.807701583961
20
32.9390481042678
30
0
0
VERTEX
8
0
10
121.068063009788
20
32.9343830338564
30
0
0
VERTEX
8
0
10
121.328424435616
20
32.929723252402
30
0
0
VERTEX
8
0
10
121.588785861443
20
32.9250687621504
30
0
0
VERTEX
8
0
10
121.849147287271
20
32.9204195653458
30
0
0
VERTEX
8
0
10
122.109508713098
20
32.9157756642312
30
0
0
VERTEX
8
0
10
122.369870138926
20
32.9118608703327
30
0
0
VERTEX
8
0
10
122.630231564753
20
32.9086520054187
30
0
0
VERTEX
8
0
10
122.890592990581
20
32.9054456814882
30
0
0
VERTEX
8
0
10
123.150954416408
20
32.9022418992841
30
0
0
VERTEX
8
0
10
123.411315842236
20
32.8990406595492
30
0
0
VERTEX
8
0
10
123.671677268063
20
32.8958419630254
30
0
0
VERTEX
8
0
10
123.932038693891
20
32.8926458104547
30
0
0
VERTEX
8
0
10
124.192400119718
20
32.8894522025789
30
0
0
VERTEX
8
0
10
124.452761545546
20
32.8862611401394
30
0
0
VERTEX
8
0
10
124.713122971373
20
32.883072623877
30
0
0
VERTEX
8
0
10
124.973484397201
20
32.8798866545328
30
0
0
VERTEX
8
0
10
125.233845823028
20
32.874767643385
30
0
0
VERTEX
8
0
10
125.494207248856
20
32.8701761872582
30
0
0
VERTEX
8
0
10
125.754568674683
20
32.8655900511425
30
0
0
VERTEX
8
0
10
126.014930100511
20
32.8610092372655
30
0
0
VERTEX
8
0
10
126.275291526338
20
32.8564337478531
30
0
0
VERTEX
8
0
10
126.535652952166
20
32.85186358513
30
0
0
VERTEX
8
0
10
126.796014377993
20
32.8472987513197
30
0
0
VERTEX
8
0
10
127.056375803821
20
32.8427392486442
30
0
0
VERTEX
8
0
10
127.316737229648
20
32.8381850793241
30
0
0
VERTEX
8
0
10
127.577098655476
20
32.8336362455786
30
0
0
VERTEX
8
0
10
127.837460081303
20
32.8299523774059
30
0
0
VERTEX
8
0
10
128.097821507131
20
32.8261111626806
30
0
0
VERTEX
8
0
10
128.358182932958
20
32.8222737723841
30
0
0
VERTEX
8
0
10
128.618544358786
20
32.8184402078581
30
0
0
VERTEX
8
0
10
128.878905784613
20
32.8146104704432
30
0
0
VERTEX
8
0
10
129.139267210441
20
32.8107845614798
30
0
0
VERTEX
8
0
10
129.399628636268
20
32.8069624823072
30
0
0
VERTEX
8
0
10
129.659990062096
20
32.8031442342641
30
0
0
VERTEX
8
0
10
129.920351487923
20
32.7993298186884
30
0
0
VERTEX
8
0
10
130.180712913751
20
32.7955192369176
30
0
0
VERTEX
8
0
10
130.441074339578
20
32.7917124902878
30
0
0
VERTEX
8
0
10
130.701435765406
20
32.7879095801352
30
0
0
VERTEX
8
0
10
130.961797191233
20
32.7841105077946
30
0
0
VERTEX
8
0
10
131.222158617061
20
32.7803152746007
30
0
0
VERTEX
8
0
10
131.482520042888
20
32.7765238818867
30
0
0
VERTEX
8
0
10
131.742881468716
20
32.7727363309857
30
0
0
VERTEX
8
0
10
132.003242894543
20
32.7689526232298
30
0
0
VERTEX
8
0
10
132.263604320371
20
32.7651727599506
30
0
0
VERTEX
8
0
10
132.523965746198
20
32.7613967424785
30
0
0
VERTEX
8
0
10
132.784327172026
20
32.7576245721435
30
0
0
VERTEX
8
0
10
133.044688597853
20
32.7558155764787
30
0
0
VERTEX
8
0
10
133.305050023681
20
32.7541030205396
30
0
0
VERTEX
8
0
10
133.565411449508
20
32.7523912600364
30
0
0
VERTEX
8
0
10
133.825772875336
20
32.7506802950937
30
0
0
VERTEX
8
0
10
134.086134301163
20
32.7489701258364
30
0
0
VERTEX
8
0
10
134.346495726991
20
32.747260752389
30
0
0
VERTEX
8
0
10
134.606857152818
20
32.7455521748762
30
0
0
VERTEX
8
0
10
134.867218578646
20
32.7438443934226
30
0
0
VERTEX
8
0
10
135.127580004473
20
32.7421374081527
30
0
0
VERTEX
8
0
10
135.387941430301
20
32.740431219191
30
0
0
VERTEX
8
0
10
135.648302856128
20
32.7353914875664
30
0
0
VERTEX
8
0
10
135.908664281956
20
32.7296047161021
30
0
0
VERTEX
8
0
10
136.169025707783
20
32.7238271595737
30
0
0
VERTEX
8
0
10
136.429387133611
20
32.7180588228628
30
0
0
VERTEX
8
0
10
136.689748559438
20
32.7122997108468
30
0
0
VERTEX
8
0
10
136.950109985266
20
32.7065498283985
30
0
0
VERTEX
8
0
10
137.210471411093
20
32.7008091803868
30
0
0
VERTEX
8
0
10
137.470832836921
20
32.6950777716757
30
0
0
VERTEX
8
0
10
137.731194262748
20
32.6893556071249
30
0
0
VERTEX
8
0
10
137.991555688576
20
32.6836426915897
30
0
0
VERTEX
8
0
10
138.251917114403
20
32.6817967561522
30
0
0
VERTEX
8
0
10
138.512278540231
20
32.6817967561521
30
0
0
VERTEX
8
0
10
138.772639966058
20
32.6817967561521
30
0
0
VERTEX
8
0
10
139.033001391886
20
32.6817967561522
30
0
0
VERTEX
8
0
10
139.293362817713
20
32.6817967561521
30
0
0
VERTEX
8
0
10
139.553724243541
20
32.6817967561521
30
0
0
VERTEX
8
0
10
139.814085669368
20
32.6817967561522
30
0
0
VERTEX
8
0
10
140.074447095196
20
32.6817967561521
30
0
0
VERTEX
8
0
10
140.334808521023
20
32.6817967561521
30
0
0
VERTEX
8
0
10
140.595169946851
20
32.6817967561521
30
0
0
VERTEX
8
0
10
140.855531372678
20
32.6780033371498
30
0
0
VERTEX
8
0
10
141.115892798506
20
32.6709704144098
30
0
0
VERTEX
8
0
10
141.376254224333
20
32.6639516285655
30
0
0
VERTEX
8
0
10
141.636615650161
20
32.656946988732
30
0
0
VERTEX
8
0
10
141.896977075988
20
32.649956504014
30
0
0
VERTEX
8
0
10
142.157338501816
20
32.6429801835053
30
0
0
VERTEX
8
0
10
142.417699927643
20
32.6360180362893
30
0
0
VERTEX
8
0
10
142.678061353471
20
32.6290700714383
30
0
0
VERTEX
8
0
10
142.938422779298
20
32.6221362980144
30
0
0
VERTEX
8
0
10
143.198784205126
20
32.6152167250684
30
0
0
VERTEX
8
0
10
143.459145630953
20
32.6083113616406
30
0
0
VERTEX
8
0
10
143.719507056781
20
32.6106090881086
30
0
0
VERTEX
8
0
10
143.979868482608
20
32.6102803617233
30
0
0
VERTEX
8
0
10
144.240229908436
20
32.6099516675794
30
0
0
VERTEX
8
0
10
144.500591334263
20
32.6096230056779
30
0
0
VERTEX
8
0
10
144.760952760091
20
32.6092943760196
30
0
0
VERTEX
8
0
10
145.021314185918
20
32.6089657786058
30
0
0
VERTEX
8
0
10
145.281675611746
20
32.6086372134373
30
0
0
VERTEX
8
0
10
145.542037037573
20
32.608308680515
30
0
0
VERTEX
8
0
10
145.802398463401
20
32.60798017984
30
0
0
VERTEX
8
0
10
146.062759889228
20
32.6076517114131
30
0
0
VERTEX
8
0
10
146.323121315056
20
32.6040103833508
30
0
0
VERTEX
8
0
10
146.583482740883
20
32.601058942387
30
0
0
VERTEX
8
0
10
146.843844166711
20
32.5981101150108
30
0
0
VERTEX
8
0
10
147.104205592538
20
32.5951639019311
30
0
0
VERTEX
8
0
10
147.364567018366
20
32.592220303857
30
0
0
VERTEX
8
0
10
147.624928444193
20
32.5892793214972
30
0
0
VERTEX
8
0
10
147.885289870021
20
32.5863409555598
30
0
0
VERTEX
8
0
10
148.145651295848
20
32.5834052067527
30
0
0
VERTEX
8
0
10
148.406012721676
20
32.5804720757834
30
0
0
VERTEX
8
0
10
148.666374147503
20
32.5775415633588
30
0
0
VERTEX
8
0
10
148.926735573331
20
32.5731531198779
30
0
0
VERTEX
8
0
10
149.187096999158
20
32.5689305296848
30
0
0
VERTEX
8
0
10
149.447458424986
20
32.5647134084944
30
0
0
VERTEX
8
0
10
149.707819850813
20
32.5605017584319
30
0
0
VERTEX
8
0
10
149.968181276641
20
32.5562955816205
30
0
0
VERTEX
8
0
10
150.228542702468
20
32.5520948801818
30
0
0
VERTEX
8
0
10
150.488904128296
20
32.5478996562359
30
0
0
VERTEX
8
0
10
150.749265554123
20
32.5437099119011
30
0
0
VERTEX
8
0
10
151.009626979951
20
32.539525649294
30
0
0
VERTEX
8
0
10
151.269988405778
20
32.5353468705295
30
0
0
VERTEX
8
0
10
151.530349831606
20
32.5352827363017
30
0
0
VERTEX
8
0
10
151.790711257433
20
32.5352827363017
30
0
0
VERTEX
8
0
10
152.051072683261
20
32.5352827363017
30
0
0
VERTEX
8
0
10
152.311434109088
20
32.5352827363017
30
0
0
VERTEX
8
0
10
152.571795534916
20
32.5352827363017
30
0
0
VERTEX
8
0
10
152.832156960743
20
32.5352827363017
30
0
0
VERTEX
8
0
10
153.092518386571
20
32.5352827363017
30
0
0
VERTEX
8
0
10
153.352879812398
20
32.5352827363017
30
0
0
VERTEX
8
0
10
153.613241238226
20
32.5352827363017
30
0
0
VERTEX
8
0
10
153.873602664053
20
32.5352827363017
30
0
0
VERTEX
8
0
10
154.133964089881
20
32.5352827363017
30
0
0
VERTEX
8
0
10
154.394325515708
20
32.5352827363017
30
0
0
VERTEX
8
0
10
154.654686941536
20
32.5352827363017
30
0
0
VERTEX
8
0
10
154.915048367363
20
32.5352827363017
30
0
0
VERTEX
8
0
10
155.175409793191
20
32.5352827363017
30
0
0
VERTEX
8
0
10
155.435771219018
20
32.5352827363017
30
0
0
SEQEND
8
0
0
POLYLINE
8
0
62
2
70
0
10
0
20
0
30
0
0
VERTEX
8
0
10
13.7991555688578
20
12.7330069477858
30
0
0
VERTEX
8
0
10
14.0595169946853
20
13.7962333126306
30
0
0
VERTEX
8
0
10
14.3198784205128
20
13.1423844203044
30
0
0
VERTEX
8
0
10
14.5802398463403
20
13.5334749820748
30
0
0
VERTEX
8
0
10
14.8406012721678
20
13.652314257799
30
0
0
VERTEX
8
0
10
15.1009626979953
20
13.6675687691088
30
0
0
VERTEX
8
0
10
15.3613241238228
20
14.4106348188594
30
0
0
VERTEX
8
0
10
15.6216855496503
20
14.2072173806574
30
0
0
VERTEX
8
0
10
15.8820469754778
20
14.3415712547713
30
0
0
VERTEX
8
0
10
16.1424084013053
20
15.3219806245014
30
0
0
VERTEX
8
0
10
16.4027698271328
20
14.6195685557238
30
0
0
VERTEX
8
0
10
16.6631312529603
20
15.1072758751342
30
0
0
VERTEX
8
0
10
16.9234926787878
20
15.1109755671051
30
0
0
VERTEX
8
0
10
17.1838541046153
20
15.1905513263325
30
0
0
VERTEX
8
0
10
17.4442155304428
20
15.924647546248
30
0
0
VERTEX
8
0
10
17.7045769562703
20
15.5715225313517
30
0
0
VERTEX
8
0
10
17.9649383820978
20
15.8590949317711
30
0
0
VERTEX
8
0
10
18.2252998079253
20
15.989979396838
30
0
0
VERTEX
8
0
10
18.4856612337528
20
16.0594720274348
30
0
0
VERTEX
8
0
10
18.7460226595803
20
16.5897140548049
30
0
0
VERTEX
8
0
10
19.0063840854078
20
16.5060244095094
30
0
0
VERTEX
8
0
10
19.2667455112354
20
16.6451737184039
30
0
0
VERTEX
8
0
10
19.5271069370629
20
17.3569342219453
30
0
0
VERTEX
8
0
10
19.7874683628904
20
16.9341629681446
30
0
0
VERTEX
8
0
10
20.0478297887179
20
17.2981577357255
30
0
0
VERTEX
8
0
10
20.3081912145454
20
17.3479364335925
30
0
0
VERTEX
8
0
10
20.5685526403729
20
17.4500111797199
30
0
0
VERTEX
8
0
10
20.8289140662004
20
17.9951016789863
30
0
0
VERTEX
8
0
10
21.0892754920279
20
17.805206339234
30
0
0
VERTEX
8
0
10
21.3496369178554
20
18.0347876476765
30
0
0
VERTEX
8
0
10
21.6099983436829
20
18.1680364848592
30
0
0
VERTEX
8
0
10
21.8703597695104
20
18.2624036921415
30
0
0
VERTEX
8
0
10
22.1307211953379
20
18.6677588336311
30
0
0
VERTEX
8
0
10
22.3910826211654
20
18.650008398814
30
0
0
VERTEX
8
0
10
22.6514440469929
20
18.7878677966453
30
0
0
VERTEX
8
0
10
22.9118054728204
20
19.3328434476312
30
0
0
VERTEX
8
0
10
23.1721668986479
20
19.0743775525236
30
0
0
VERTEX
8
0
10
23.4325283244754
20
19.3634679248428
30
0
0
VERTEX
8
0
10
23.6928897503029
20
19.4370540668257
30
0
0
VERTEX
8
0
10
23.9532511761304
20
19.5485186745062
30
0
0
VERTEX
8
0
10
24.2136126019579
20
19.9745628443312
30
0
0
VERTEX
8
0
10
24.4739740277855
20
19.8803188299568
30
0
0
VERTEX
8
0
10
24.734335453613
20
20.0731273010718
30
0
0
VERTEX
8
0
10
24.9946968794405
20
20.2044487184896
30
0
0
VERTEX
8
0
10
25.255058305268
20
20.310113120038
30
0
0
VERTEX
8
0
10
25.5154197310955
20
20.6350828275178
30
0
0
VERTEX
8
0
10
25.775781156923
20
20.6557396332267
30
0
0
VERTEX
8
0
10
26.0361425827505
20
20.7896197122008
30
0
0
VERTEX
8
0
10
26.296504008578
20
21.2237065306046
30
0
0
VERTEX
8
0
10
26.5568654344055
20
21.0677526603355
30
0
0
VERTEX
8
0
10
26.817226860233
20
21.3071899348849
30
0
0
VERTEX
8
0
10
27.0775882860605
20
21.3930843344913
30
0
0
VERTEX
8
0
10
27.337949711888
20
21.507445878666
30
0
0
VERTEX
8
0
10
27.5983111377155
20
21.8530795317713
30
0
0
VERTEX
8
0
10
27.858672563543
20
21.8178453893538
30
0
0
VERTEX
8
0
10
28.1190339893705
20
21.9851026185185
30
0
0
VERTEX
8
0
10
28.379395415198
20
22.1124208140047
30
0
0
VERTEX
8
0
10
28.6397568410255
20
22.2223934601126
30
0
0
VERTEX
8
0
10
28.900118266853
20
22.4919137185923
30
0
0
VERTEX
8
0
10
29.1604796926805
20
22.5356017908013
30
0
0
VERTEX
8
0
10
29.420841118508
20
22.6642348424786
30
0
0
VERTEX
8
0
10
29.6812025443356
20
23.0204730101562
30
0
0
VERTEX
8
0
10
29.9415639701631
20
22.9312584107309
30
0
0
VERTEX
8
0
10
30.2019253959906
20
23.135450683646
30
0
0
VERTEX
8
0
10
30.4622868218181
20
23.2272116716028
30
0
0
VERTEX
8
0
10
30.7226482476456
20
23.3409769230487
30
0
0
VERTEX
8
0
10
30.9830096734731
20
23.6292507932285
30
0
0
VERTEX
8
0
10
31.2433710993006
20
23.6316195295384
30
0
0
VERTEX
8
0
10
31.5037325251281
20
23.7798377646963
30
0
0
VERTEX
8
0
10
31.7640939509556
20
23.902104015427
30
0
0
VERTEX
8
0
10
32.0244553767831
20
24.0125053288944
30
0
0
VERTEX
8
0
10
32.2848168026106
20
24.2416516785154
30
0
0
VERTEX
8
0
10
32.5451782284381
20
24.2991934456578
30
0
0
VERTEX
8
0
10
32.8055396542656
20
24.4219769264107
30
0
0
VERTEX
8
0
10
33.0659010800931
20
24.7210931673484
30
0
0
VERTEX
8
0
10
33.3262625059206
20
24.6766238349501
30
0
0
VERTEX
8
0
10
33.5866239317481
20
24.8544131429864
30
0
0
VERTEX
8
0
10
33.8469853575756
20
24.9482092797578
30
0
0
VERTEX
8
0
10
34.1073467834031
20
25.0593907831289
30
0
0
VERTEX
8
0
10
34.3677082092306
20
25.3049052732611
30
0
0
VERTEX
8
0
10
34.6280696350581
20
25.3316339505309
30
0
0
VERTEX
8
0
10
34.8884310608857
20
25.4648660215336
30
0
0
VERTEX
8
0
10
35.1487924867132
20
25.5815479891382
30
0
0
VERTEX
8
0
10
35.4091539125407
20
25.6901080228479
30
0
0
VERTEX
8
0
10
35.6695153383682
20
25.8885422897579
30
0
0
VERTEX
8
0
10
35.9298767641957
20
25.9541720963839
30
0
0
VERTEX
8
0
10
36.1902381900232
20
26.070837430157
30
0
0
VERTEX
8
0
10
36.4505996158507
20
26.3264737527113
30
0
0
VERTEX
8
0
10
36.7109610416782
20
26.3125676423883
30
0
0
VERTEX
8
0
10
36.9713224675057
20
26.4696934034038
30
0
0
VERTEX
8
0
10
37.2316838933332
20
26.5631414893015
30
0
0
VERTEX
8
0
10
37.4920453191607
20
26.6705662545886
30
0
0
VERTEX
8
0
10
37.7524067449882
20
26.8830198507623
30
0
0
VERTEX
8
0
10
38.0127681708157
20
26.9255400878183
30
0
0
VERTEX
8
0
10
38.2731295966432
20
27.0464495102334
30
0
0
VERTEX
8
0
10
38.5334910224707
20
27.1572895797333
30
0
0
VERTEX
8
0
10
38.7938524482982
20
27.2626311542406
30
0
0
VERTEX
8
0
10
39.0542138741257
20
27.4368385810809
30
0
0
VERTEX
8
0
10
39.3145752999532
20
27.506785598937
30
0
0
VERTEX
8
0
10
39.5749367257807
20
27.6172395888403
30
0
0
VERTEX
8
0
10
39.8352981516082
20
27.8387358124062
30
0
0
VERTEX
8
0
10
40.0956595774358
20
27.8458901137223
30
0
0
VERTEX
8
0
10
40.3560210032633
20
27.9862478746204
30
0
0
VERTEX
8
0
10
40.6163824290908
20
28.0778147188159
30
0
0
VERTEX
8
0
10
40.8767438549183
20
28.1807756741257
30
0
0
VERTEX
8
0
10
41.1371052807458
20
28.3668649179838
30
0
0
VERTEX
8
0
10
41.3974667065733
20
28.4194301850299
30
0
0
VERTEX
8
0
10
41.6578281324008
20
28.5298457345476
30
0
0
VERTEX
8
0
10
41.9181895582283
20
28.6347380862534
30
0
0
VERTEX
8
0
10
42.1785509840558
20
28.7360059243826
30
0
0
VERTEX
8
0
10
42.4389124098833
20
28.8905062444877
30
0
0
VERTEX
8
0
10
42.6992738357108
20
28.962223785919
30
0
0
VERTEX
8
0
10
42.9596352615383
20
29.0664675264031
30
0
0
VERTEX
8
0
10
43.2199966873658
20
29.2604313564674
30
0
0
VERTEX
8
0
10
43.4803581131933
20
29.2820749758711
30
0
0
VERTEX
8
0
10
43.7407195390208
20
29.4084067960017
30
0
0
VERTEX
8
0
10
44.0010809648483
20
29.4970808571228
30
0
0
VERTEX
8
0
10
44.2614423906758
20
29.59514907911
30
0
0
VERTEX
8
0
10
44.5218038165033
20
29.759648524693
30
0
0
VERTEX
8
0
10
44.7821652423308
20
29.8182906755525
30
0
0
VERTEX
8
0
10
45.0425266681583
20
29.9195139559613
30
0
0
VERTEX
8
0
10
45.3028880939859
20
30.0184384829164
30
0
0
VERTEX
8
0
10
45.5632495198134
20
30.1150951005601
30
0
0
VERTEX
8
0
10
45.8236109456409
20
30.2531379154473
30
0
0
VERTEX
8
0
10
46.0839723714684
20
30.3248607943581
30
0
0
VERTEX
8
0
10
46.3443337972959
20
30.4229461290676
30
0
0
VERTEX
8
0
10
46.6046952231234
20
30.5941836784319
30
0
0
VERTEX
8
0
10
46.8650566489509
20
30.6256523206321
30
0
0
VERTEX
8
0
10
47.1254180747784
20
30.7399476307182
30
0
0
VERTEX
8
0
10
47.3857795006059
20
30.8250492176585
30
0
0
VERTEX
8
0
10
47.6461409264334
20
30.9179673313588
30
0
0
VERTEX
8
0
10
47.9065023522609
20
31.0643744248322
30
0
0
VERTEX
8
0
10
48.1668637780884
20
31.126286759575
30
0
0
VERTEX
8
0
10
48.4272252039159
20
31.2192724205347
30
0
0
VERTEX
8
0
10
48.6875866297434
20
31.3122576624021
30
0
0
VERTEX
8
0
10
48.9479480555709
20
31.4039653388202
30
0
0
VERTEX
8
0
10
49.2083094813984
20
31.5279491893991
30
0
0
VERTEX
8
0
10
49.4686709072259
20
31.598427764619
30
0
0
VERTEX
8
0
10
49.7290323330534
20
31.6904330471382
30
0
0
VERTEX
8
0
10
49.9893937588809
20
31.842523748001
30
0
0
VERTEX
8
0
10
50.2497551847084
20
31.880432983021
30
0
0
VERTEX
8
0
10
50.5101166105359
20
31.9841725210344
30
0
0
VERTEX
8
0
10
50.7704780363635
20
32.0652393175417
30
0
0
VERTEX
8
0
10
51.030839462191
20
32.152858366873
30
0
0
VERTEX
8
0
10
51.2912008880185
20
32.2837947991501
30
0
0
VERTEX
8
0
10
51.551562313846
20
32.3469521927325
30
0
0
VERTEX
8
0
10
51.8119237396735
20
32.4324184502188
30
0
0
VERTEX
8
0
10
52.072285165501
20
32.519520120293
30
0
0
VERTEX
8
0
10
52.3326465913285
20
32.6060698429163
30
0
0
VERTEX
8
0
10
52.593008017156
20
32.7178052115174
30
0
0
VERTEX
8
0
10
52.8533694429835
20
32.7861394246265
30
0
0
VERTEX
8
0
10
53.113730868811
20
32.8721556842221
30
0
0
VERTEX
8
0
10
53.3740922946385
20
33.007820377739
30
0
0
VERTEX
8
0
10
53.634453720466
20
33.0496682030602
30
0
0
VERTEX
8
0
10
53.8948151462935
20
33.143978421153
30
0
0
VERTEX
8
0
10
54.155176572121
20
33.2206939488892
30
0
0
VERTEX
8
0
10
54.4155379979485
20
33.302934702292
30
0
0
VERTEX
8
0
10
54.675899423776
20
33.4204051597837
30
0
0
VERTEX
8
0
10
54.9362608496035
20
33.4833219727615
30
0
0
VERTEX
8
0
10
55.196622275431
20
33.5618210455716
30
0
0
VERTEX
8
0
10
55.4569837012585
20
33.6431092952465
30
0
0
VERTEX
8
0
10
55.717345127086
20
33.7243765434312
30
0
0
VERTEX
8
0
10
55.9777065529135
20
33.8252567016585
30
0
0
VERTEX
8
0
10
56.238067978741
20
33.8907891303483
30
0
0
VERTEX
8
0
10
56.4984294045685
20
33.970912063681
30
0
0
VERTEX
8
0
10
56.758790830396
20
34.0922560510901
30
0
0
VERTEX
8
0
10
57.0191522562235
20
34.136163088982
30
0
0
VERTEX
8
0
10
57.279513682051
20
34.2219172296409
30
0
0
VERTEX
8
0
10
57.5398751078785
20
34.2940647880996
30
0
0
VERTEX
8
0
10
57.800236533706
20
34.370893344561
30
0
0
VERTEX
8
0
10
58.0605979595335
20
34.4764574740271
30
0
0
VERTEX
8
0
10
58.320959385361
20
34.538028653841
30
0
0
VERTEX
8
0
10
58.5813208111885
20
34.6099931608875
30
0
0
VERTEX
8
0
10
58.841682237016
20
34.6855449112512
30
0
0
VERTEX
8
0
10
59.1020436628435
20
34.7614613773596
30
0
0
VERTEX
8
0
10
59.362405088671
20
34.852576720196
30
0
0
VERTEX
8
0
10
59.6227665144985
20
34.9148217355365
30
0
0
VERTEX
8
0
10
59.883127940326
20
34.9891470616741
30
0
0
VERTEX
8
0
10
60.1434893661535
20
35.0978249741216
30
0
0
VERTEX
8
0
10
60.403850791981
20
35.1423600626477
30
0
0
VERTEX
8
0
10
60.6642122178084
20
35.220246274219
30
0
0
VERTEX
8
0
10
60.924573643636
20
35.2876785238587
30
0
0
VERTEX
8
0
10
61.1849350694635
20
35.3590905786086
30
0
0
VERTEX
8
0
10
61.4452964952909
20
35.4539803441155
30
0
0
VERTEX
8
0
10
61.7056579211184
20
35.5133744361135
30
0
0
VERTEX
8
0
10
61.9660193469459
20
35.5791488500722
30
0
0
VERTEX
8
0
10
62.2263807727734
20
35.6490431473651
30
0
0
VERTEX
8
0
10
62.4867421986009
20
35.7195782363885
30
0
0
VERTEX
8
0
10
62.7471036244284
20
35.8017948091352
30
0
0
VERTEX
8
0
10
63.0074650502559
20
35.8603905177823
30
0
0
VERTEX
8
0
10
63.2678264760834
20
35.9290113232222
30
0
0
VERTEX
8
0
10
63.5281879019109
20
36.0263416456622
30
0
0
VERTEX
8
0
10
63.7885493277384
20
36.0704020033774
30
0
0
VERTEX
8
0
10
64.0489107535659
20
36.1409704262608
30
0
0
VERTEX
8
0
10
64.3092721793934
20
36.2035888656782
30
0
0
VERTEX
8
0
10
64.5696336052209
20
36.2695993749861
30
0
0
VERTEX
8
0
10
64.8299950310484
20
36.3548010403517
30
0
0
VERTEX
8
0
10
65.0903564568759
20
36.4113865329464
30
0
0
VERTEX
8
0
10
65.3507178827034
20
36.4712490520662
30
0
0
VERTEX
8
0
10
65.6110793085309
20
36.5355642705169
30
0
0
VERTEX
8
0
10
65.8714407343584
20
36.6007127722756
30
0
0
VERTEX
8
0
10
66.1318021601859
20
36.6747274539201
30
0
0
VERTEX
8
0
10
66.3921635860134
20
36.7294024170796
30
0
0
VERTEX
8
0
10
66.6525250118409
20
36.792407701342
30
0
0
VERTEX
8
0
10
66.9128864376684
20
36.8794540215046
30
0
0
VERTEX
8
0
10
67.1732478634959
20
36.9221812112712
30
0
0
VERTEX
8
0
10
67.4336092893234
20
36.9858772696601
30
0
0
VERTEX
8
0
10
67.6939707151509
20
37.043618135235
30
0
0
VERTEX
8
0
10
67.9543321409784
20
37.1042544346541
30
0
0
VERTEX
8
0
10
68.2146935668059
20
37.1805670361203
30
0
0
VERTEX
8
0
10
68.4750549926334
20
37.2338606594896
30
0
0
VERTEX
8
0
10
68.7354164184609
20
37.2880387671284
30
0
0
VERTEX
8
0
10
68.9957778442884
20
37.3468509636113
30
0
0
VERTEX
8
0
10
69.2561392701159
20
37.4066247184917
30
0
0
VERTEX
8
0
10
69.5165006959434
20
37.4730048018955
30
0
0
VERTEX
8
0
10
69.7768621217709
20
37.5235545710842
30
0
0
VERTEX
8
0
10
70.0372235475984
20
37.5810285283532
30
0
0
VERTEX
8
0
10
70.2975849734259
20
37.6586582806139
30
0
0
VERTEX
8
0
10
70.5579463992534
20
37.6993782061197
30
0
0
VERTEX
8
0
10
70.8183078250809
20
37.75656662862
30
0
0
VERTEX
8
0
10
71.0786692509084
20
37.8093910608089
30
0
0
VERTEX
8
0
10
71.3390306767359
20
37.8646882419967
30
0
0
VERTEX
8
0
10
71.5993921025634
20
37.9327660792362
30
0
0
VERTEX
8
0
10
71.8597535283909
20
37.9823958910034
30
0
0
VERTEX
8
0
10
72.1201149542184
20
38.031077657594
30
0
0
VERTEX
8
0
10
72.3804763800459
20
38.0844596575527
30
0
0
VERTEX
8
0
10
72.6408378058734
20
38.138881863844
30
0
0
VERTEX
8
0
10
72.9011992317009
20
38.1980939734865
30
0
0
VERTEX
8
0
10
73.1615606575284
20
38.2443642902785
30
0
0
VERTEX
8
0
10
73.4219220833559
20
38.2963860485416
30
0
0
VERTEX
8
0
10
73.6822835091834
20
38.3653137204529
30
0
0
VERTEX
8
0
10
73.9426449350109
20
38.4034930954148
30
0
0
VERTEX
8
0
10
74.2030063608384
20
38.4544755693662
30
0
0
VERTEX
8
0
10
74.4633677866659
20
38.5023626731422
30
0
0
VERTEX
8
0
10
74.7237292124934
20
38.5523604695282
30
0
0
VERTEX
8
0
10
74.9840906383209
20
38.6127445112953
30
0
0
VERTEX
8
0
10
75.2444520641484
20
38.6584231450227
30
0
0
VERTEX
8
0
10
75.5048134899759
20
38.7017655989673
30
0
0
VERTEX
8
0
10
75.7651749158034
20
38.7497865546667
30
0
0
VERTEX
8
0
10
76.0255363416309
20
38.7988878590504
30
0
0
VERTEX
8
0
10
76.2858977674584
20
38.851319438875
30
0
0
VERTEX
8
0
10
76.5462591932859
20
38.8931940481985
30
0
0
VERTEX
8
0
10
76.8066206191134
20
38.9398376970093
30
0
0
VERTEX
8
0
10
77.0669820449409
20
39.00065711075
30
0
0
VERTEX
8
0
10
77.3273434707684
20
39.0358714318339
30
0
0
VERTEX
8
0
10
77.5877048965959
20
39.0808998036117
30
0
0
VERTEX
8
0
10
77.8480663224234
20
39.1238417110908
30
0
0
VERTEX
8
0
10
78.1084277482509
20
39.1685824110779
30
0
0
VERTEX
8
0
10
78.3687891740784
20
39.2217238735271
30
0
0
VERTEX
8
0
10
78.6291505999059
20
39.2632289014201
30
0
0
VERTEX
8
0
10
78.8895120257334
20
39.3013643463966
30
0
0
VERTEX
8
0
10
79.1498734515609
20
39.3440896067253
30
0
0
VERTEX
8
0
10
79.4102348773884
20
39.3879054221969
30
0
0
VERTEX
8
0
10
79.6705963032159
20
39.4338809563199
30
0
0
VERTEX
8
0
10
79.9309577290434
20
39.4712726722517
30
0
0
VERTEX
8
0
10
80.1913191548709
20
39.5126074765067
30
0
0
VERTEX
8
0
10
80.4516805806984
20
39.5658162616295
30
0
0
VERTEX
8
0
10
80.7120420065259
20
39.5977259544136
30
0
0
VERTEX
8
0
10
80.9724034323534
20
39.6370122622616
30
0
0
VERTEX
8
0
10
81.2327648581809
20
39.6750106065995
30
0
0
VERTEX
8
0
10
81.4931262840084
20
39.7145376817656
30
0
0
VERTEX
8
0
10
81.7534877098359
20
39.7608159918494
30
0
0
VERTEX
8
0
10
82.0138491356634
20
39.7979753527952
30
0
0
VERTEX
8
0
10
82.2742105614909
20
39.8310162255812
30
0
0
VERTEX
8
0
10
82.5345719873184
20
39.8685074173285
30
0
0
VERTEX
8
0
10
82.7949334131459
20
39.9070761032301
30
0
0
VERTEX
8
0
10
83.0552948389734
20
39.9468695461136
30
0
0
VERTEX
8
0
10
83.3156562648009
20
39.9797136511183
30
0
0
VERTEX
8
0
10
83.5760176906284
20
40.0158043894651
30
0
0
VERTEX
8
0
10
83.8363791164559
20
40.06182279315
30
0
0
VERTEX
8
0
10
84.0967405422834
20
40.0901552581941
30
0
0
VERTEX
8
0
10
84.3571019681109
20
40.1238794813491
30
0
0
VERTEX
8
0
10
84.6174633939384
20
40.1569428854463
30
0
0
VERTEX
8
0
10
84.8778248197659
20
40.1913001276431
30
0
0
VERTEX
8
0
10
85.1381862455934
20
40.2310368029525
30
0
0
VERTEX
8
0
10
85.3985476714209
20
40.2637178955755
30
0
0
VERTEX
8
0
10
85.6589090972484
20
40.2917605755957
30
0
0
VERTEX
8
0
10
85.9192705230759
20
40.324075834875
30
0
0
VERTEX
8
0
10
86.1796319489034
20
40.3574374961989
30
0
0
VERTEX
8
0
10
86.4399933747309
20
40.3912819402275
30
0
0
VERTEX
8
0
10
86.7003548005584
20
40.4195312878142
30
0
0
VERTEX
8
0
10
86.9607162263859
20
40.4504386806361
30
0
0
VERTEX
8
0
10
87.2210776522134
20
40.489624219991
30
0
0
VERTEX
8
0
10
87.4814390780409
20
40.5141602031217
30
0
0
VERTEX
8
0
10
87.7418005038684
20
40.5424763467042
30
0
0
VERTEX
8
0
10
88.0021619296959
20
40.5706186572959
30
0
0
VERTEX
8
0
10
88.2625233555234
20
40.5998496893064
30
0
0
VERTEX
8
0
10
88.5228847813509
20
40.6333192134026
30
0
0
VERTEX
8
0
10
88.7832462071784
20
40.6614206832453
30
0
0
VERTEX
8
0
10
89.0436076330059
20
40.6845485449809
30
0
0
VERTEX
8
0
10
89.3039690588334
20
40.7117428629808
30
0
0
VERTEX
8
0
10
89.5643304846609
20
40.7399386071177
30
0
0
VERTEX
8
0
10
89.8246919104884
20
40.768033916354
30
0
0
VERTEX
8
0
10
90.0850533363159
20
40.791655300328
30
0
0
VERTEX
8
0
10
90.3454147621433
20
40.8174365097708
30
0
0
VERTEX
8
0
10
90.6057761879709
20
40.8500955389272
30
0
0
VERTEX
8
0
10
90.8661376137984
20
40.8706587186221
30
0
0
VERTEX
8
0
10
91.1264990396259
20
40.8936996770179
30
0
0
VERTEX
8
0
10
91.3868604654534
20
40.9169387607951
30
0
0
VERTEX
8
0
10
91.6472218912809
20
40.9410868318963
30
0
0
VERTEX
8
0
10
91.9075833171083
20
40.9685252990591
30
0
0
VERTEX
8
0
10
92.1679447429358
20
40.9919708386321
30
0
0
VERTEX
8
0
10
92.4283061687634
20
41.010256758321
30
0
0
VERTEX
8
0
10
92.6886675945909
20
41.0323824231451
30
0
0
VERTEX
8
0
10
92.9490290204184
20
41.0554539668737
30
0
0
VERTEX
8
0
10
93.2093904462458
20
41.0779729035492
30
0
0
VERTEX
8
0
10
93.4697518720733
20
41.0969443889064
30
0
0
VERTEX
8
0
10
93.7301132979008
20
41.1176535858019
30
0
0
VERTEX
8
0
10
93.9904747237283
20
41.1440505555806
30
0
0
VERTEX
8
0
10
94.2508361495558
20
41.1604995608063
30
0
0
VERTEX
8
0
10
94.5111975753833
20
41.1783810829648
30
0
0
VERTEX
8
0
10
94.7715590012108
20
41.1967380605927
30
0
0
VERTEX
8
0
10
95.0319204270383
20
41.2158460714683
30
0
0
VERTEX
8
0
10
95.2922818528658
20
41.2374581658486
30
0
0
VERTEX
8
0
10
95.5526432786933
20
41.256191845662
30
0
0
VERTEX
8
0
10
95.8130047045208
20
41.2697003202371
30
0
0
VERTEX
8
0
10
96.0733661303483
20
41.2868074495479
30
0
0
VERTEX
8
0
10
96.3337275561758
20
41.3047970073737
30
0
0
VERTEX
8
0
10
96.5940889820033
20
41.3218902391803
30
0
0
VERTEX
8
0
10
96.8544504078308
20
41.3361992417302
30
0
0
VERTEX
8
0
10
97.1148118336583
20
41.3518882436438
30
0
0
VERTEX
8
0
10
97.3751732594858
20
41.3722532279203
30
0
0
VERTEX
8
0
10
97.6355346853133
20
41.3844755231778
30
0
0
VERTEX
8
0
10
97.8958961111408
20
41.3972995218819
30
0
0
VERTEX
8
0
10
98.1562575369683
20
41.4107983580102
30
0
0
VERTEX
8
0
10
98.4166189627958
20
41.424909083096
30
0
0
VERTEX
8
0
10
98.6769803886233
20
41.4408738130262
30
0
0
VERTEX
8
0
10
98.9373418144508
20
41.4548566015363
30
0
0
VERTEX
8
0
10
99.1977032402783
20
41.4636456025135
30
0
0
VERTEX
8
0
10
99.4580646661058
20
41.4757827717725
30
0
0
VERTEX
8
0
10
99.7184260919333
20
41.488733184828
30
0
0
VERTEX
8
0
10
99.9787875177608
20
41.5005334657729
30
0
0
VERTEX
8
0
10
100.239148943588
20
41.5101754334294
30
0
0
VERTEX
8
0
10
100.499510369416
20
41.5208944265808
30
0
0
VERTEX
8
0
10
100.759871795243
20
41.5354293471485
30
0
0
VERTEX
8
0
10
101.020233221071
20
41.5433365802346
30
0
0
VERTEX
8
0
10
101.280594646898
20
41.551193972186
30
0
0
VERTEX
8
0
10
101.540956072726
20
41.5598613709667
30
0
0
VERTEX
8
0
10
101.801317498553
20
41.5690178650121
30
0
0
VERTEX
8
0
10
102.061678924381
20
41.5794933729295
30
0
0
VERTEX
8
0
10
102.322040350208
20
41.5887006038786
30
0
0
VERTEX
8
0
10
102.582401776036
20
41.5928232659573
30
0
0
VERTEX
8
0
10
102.842763201863
20
41.600038246553
30
0
0
VERTEX
8
0
10
103.103124627691
20
41.6079933327733
30
0
0
VERTEX
8
0
10
103.363486053518
20
41.614619084891
30
0
0
VERTEX
8
0
10
103.623847479346
20
41.6195966827145
30
0
0
VERTEX
8
0
10
103.884208905173
20
41.6253950479298
30
0
0
VERTEX
8
0
10
104.144570331001
20
41.6342789308426
30
0
0
VERTEX
8
0
10
104.404931756828
20
41.6378034543077
30
0
0
VERTEX
8
0
10
104.665293182656
20
41.640776680812
30
0
0
VERTEX
8
0
10
104.925654608483
20
41.6446422613238
30
0
0
VERTEX
8
0
10
105.186016034311
20
41.6488884524472
30
0
0
VERTEX
8
0
10
105.446377460138
20
41.6540161518574
30
0
0
VERTEX
8
0
10
105.706738885966
20
41.6584357719837
30
0
0
VERTEX
8
0
10
105.967100311793
20
41.6579420023945
30
0
0
VERTEX
8
0
10
106.227461737621
20
41.6602826331756
30
0
0
VERTEX
8
0
10
106.487823163448
20
41.6632877578925
30
0
0
VERTEX
8
0
10
106.748184589276
20
41.6648462369425
30
0
0
VERTEX
8
0
10
107.008546015103
20
41.6651689758544
30
0
0
VERTEX
8
0
10
107.268907440931
20
41.6660962479655
30
0
0
VERTEX
8
0
10
107.529268866758
20
41.6694897755426
30
0
0
VERTEX
8
0
10
107.789630292586
20
41.6685821390949
30
0
0
VERTEX
8
0
10
108.049991718413
20
41.6667474940099
30
0
0
VERTEX
8
0
10
108.310353144241
20
41.6658442411397
30
0
0
VERTEX
8
0
10
108.570714570068
20
41.6652257272858
30
0
0
VERTEX
8
0
10
108.831075995896
20
41.6651339712894
30
0
0
VERTEX
8
0
10
109.091437421723
20
41.6647654586069
30
0
0
VERTEX
8
0
10
109.351798847551
20
41.6597035476295
30
0
0
VERTEX
8
0
10
109.612160273378
20
41.657218773707
30
0
0
VERTEX
8
0
10
109.872521699206
20
41.6553216567691
30
0
0
VERTEX
8
0
10
110.132883125033
20
41.6519118568383
30
0
0
VERTEX
8
0
10
110.393244550861
20
41.6475961380348
30
0
0
VERTEX
8
0
10
110.653605976688
20
41.6437031380631
30
0
0
VERTEX
8
0
10
110.913967402516
20
41.6417527148701
30
0
0
VERTEX
8
0
10
111.174328828343
20
41.6363799934733
30
0
0
VERTEX
8
0
10
111.434690254171
20
41.6298098723516
30
0
0
VERTEX
8
0
10
111.695051679998
20
41.6241748785734
30
0
0
VERTEX
8
0
10
111.955413105826
20
41.6187399596689
30
0
0
VERTEX
8
0
10
112.215774531653
20
41.6135474163603
30
0
0
VERTEX
8
0
10
112.476135957481
20
41.6084013059272
30
0
0
VERTEX
8
0
10
112.736497383308
20
41.5988196192132
30
0
0
VERTEX
8
0
10
112.996858809136
20
41.5915607447615
30
0
0
VERTEX
8
0
10
113.257220234963
20
41.5848125378016
30
0
0
VERTEX
8
0
10
113.517581660791
20
41.5765279744496
30
0
0
VERTEX
8
0
10
113.777943086618
20
41.5675975498957
30
0
0
VERTEX
8
0
10
114.038304512446
20
41.5589377428969
30
0
0
VERTEX
8
0
10
114.298665938273
20
41.5517792657808
30
0
0
VERTEX
8
0
10
114.559027364101
20
41.541924143413
30
0
0
VERTEX
8
0
10
114.819388789928
20
41.5306893246207
30
0
0
VERTEX
8
0
10
115.079750215756
20
41.5203648590856
30
0
0
VERTEX
8
0
10
115.340111641583
20
41.5101658544793
30
0
0
VERTEX
8
0
10
115.600473067411
20
41.4999847488529
30
0
0
VERTEX
8
0
10
115.860834493238
20
41.4900827442644
30
0
0
VERTEX
8
0
10
116.121195919066
20
41.4760315849396
30
0
0
VERTEX
8
0
10
116.381557344893
20
41.4640538029239
30
0
0
VERTEX
8
0
10
116.641918770721
20
41.4525104906615
30
0
0
VERTEX
8
0
10
116.902280196548
20
41.4394419979315
30
0
0
VERTEX
8
0
10
117.162641622376
20
41.42592887634
30
0
0
VERTEX
8
0
10
117.423003048203
20
41.4125600249557
30
0
0
VERTEX
8
0
10
117.683364474031
20
41.4003225339246
30
0
0
VERTEX
8
0
10
117.943725899858
20
41.3859831124507
30
0
0
VERTEX
8
0
10
118.204087325686
20
41.3701551866895
30
0
0
VERTEX
8
0
10
118.464448751513
20
41.3551901518136
30
0
0
VERTEX
8
0
10
118.724810177341
20
41.3402850744794
30
0
0
VERTEX
8
0
10
118.985171603168
20
41.3252244538398
30
0
0
VERTEX
8
0
10
119.245533028996
20
41.3106001422887
30
0
0
VERTEX
8
0
10
119.505894454823
20
41.2921338854896
30
0
0
VERTEX
8
0
10
119.766255880651
20
41.2754981689966
30
0
0
VERTEX
8
0
10
120.026617306478
20
41.2592223731053
30
0
0
VERTEX
8
0
10
120.286978732306
20
41.2414610566182
30
0
0
VERTEX
8
0
10
120.547340158133
20
41.2234069160638
30
0
0
VERTEX
8
0
10
120.807701583961
20
41.2053931235438
30
0
0
VERTEX
8
0
10
121.068063009788
20
41.1882025109515
30
0
0
VERTEX
8
0
10
121.328424435616
20
41.1693928616292
30
0
0
VERTEX
8
0
10
121.588785861443
20
41.149046942131
30
0
0
VERTEX
8
0
10
121.849147287271
20
41.1294988075911
30
0
0
VERTEX
8
0
10
122.109508713098
20
41.1099534946996
30
0
0
VERTEX
8
0
10
122.369870138926
20
41.090122684751
30
0
0
VERTEX
8
0
10
122.630231564753
20
41.070822916236
30
0
0
VERTEX
8
0
10
122.890592990581
20
41.0480025426862
30
0
0
VERTEX
8
0
10
123.150954416408
20
41.0267780121824
30
0
0
VERTEX
8
0
10
123.411315842236
20
41.0058413087593
30
0
0
VERTEX
8
0
10
123.671677268063
20
40.9834818162929
30
0
0
VERTEX
8
0
10
123.932038693891
20
40.9609400230901
30
0
0
VERTEX
8
0
10
124.192400119718
20
40.9383542920887
30
0
0
VERTEX
8
0
10
124.452761545546
20
40.9163372634105
30
0
0
VERTEX
8
0
10
124.713122971373
20
40.8930887907539
30
0
0
VERTEX
8
0
10
124.973484397201
20
40.8683066640832
30
0
0
VERTEX
8
0
10
125.233845823028
20
40.8442440071356
30
0
0
VERTEX
8
0
10
125.494207248856
20
40.8201348450392
30
0
0
VERTEX
8
0
10
125.754568674683
20
40.7956472889052
30
0
0
VERTEX
8
0
10
126.014930100511
20
40.7717343304623
30
0
0
VERTEX
8
0
10
126.275291526338
20
40.7446305222951
30
0
0
VERTEX
8
0
10
126.535652952166
20
40.7188974446156
30
0
0
VERTEX
8
0
10
126.796014377993
20
40.6933833502893
30
0
0
VERTEX
8
0
10
127.056375803821
20
40.6665276557368
30
0
0
VERTEX
8
0
10
127.316737229648
20
40.639566039113
30
0
0
VERTEX
8
0
10
127.577098655476
20
40.6124935186104
30
0
0
VERTEX
8
0
10
127.837460081303
20
40.5857820315933
30
0
0
VERTEX
8
0
10
128.097821507131
20
40.5581457815146
30
0
0
VERTEX
8
0
10
128.358182932958
20
40.5290197034266
30
0
0
VERTEX
8
0
10
128.618544358786
20
40.5005255378402
30
0
0
VERTEX
8
0
10
128.878905784613
20
40.4719429732759
30
0
0
VERTEX
8
0
10
129.139267210441
20
40.4429206898684
30
0
0
VERTEX
8
0
10
129.399628636268
20
40.4144753301911
30
0
0
VERTEX
8
0
10
129.659990062096
20
40.3831723467492
30
0
0
VERTEX
8
0
10
129.920351487923
20
40.353025980784
30
0
0
VERTEX
8
0
10
130.180712913751
20
40.3230338245869
30
0
0
VERTEX
8
0
10
130.441074339578
20
40.2917957766318
30
0
0
VERTEX
8
0
10
130.701435765406
20
40.2605003769733
30
0
0
VERTEX
8
0
10
130.961797191233
20
40.2290425358581
30
0
0
VERTEX
8
0
10
131.222158617061
20
40.1977790024681
30
0
0
VERTEX
8
0
10
131.482520042888
20
40.1658291273345
30
0
0
VERTEX
8
0
10
131.742881468716
20
40.1324665356044
30
0
0
VERTEX
8
0
10
132.003242894543
20
40.099642687574
30
0
0
VERTEX
8
0
10
132.263604320371
20
40.0666957941189
30
0
0
VERTEX
8
0
10
132.523965746198
20
40.0332747632973
30
0
0
VERTEX
8
0
10
132.784327172026
20
40.0004006310256
30
0
0
VERTEX
8
0
10
133.044688597853
20
39.9650012637152
30
0
0
VERTEX
8
0
10
133.305050023681
20
39.9305568540092
30
0
0
VERTEX
8
0
10
133.565411449508
20
39.8962068419657
30
0
0
VERTEX
8
0
10
133.825772875336
20
39.8607178148592
30
0
0
VERTEX
8
0
10
134.086134301163
20
39.8251979207269
30
0
0
VERTEX
8
0
10
134.346495726991
20
39.7894779837342
30
0
0
VERTEX
8
0
10
134.606857152818
20
39.7538216114225
30
0
0
VERTEX
8
0
10
134.867218578646
20
39.717660316543
30
0
0
VERTEX
8
0
10
135.127580004473
20
39.6801898360344
30
0
0
VERTEX
8
0
10
135.387941430301
20
39.6431627367395
30
0
0
VERTEX
8
0
10
135.648302856128
20
39.6059852198014
30
0
0
VERTEX
8
0
10
135.908664281956
20
39.5683221128526
30
0
0
VERTEX
8
0
10
136.169025707783
20
39.5311515982659
30
0
0
VERTEX
8
0
10
136.429387133611
20
39.4917836266154
30
0
0
VERTEX
8
0
10
136.689748559438
20
39.4531829751918
30
0
0
VERTEX
8
0
10
136.950109985266
20
39.4146228886918
30
0
0
VERTEX
8
0
10
137.210471411093
20
39.3750390057553
30
0
0
VERTEX
8
0
10
137.470832836921
20
39.3354339394973
30
0
0
VERTEX
8
0
10
137.731194262748
20
39.2956040683646
30
0
0
VERTEX
8
0
10
137.991555688576
20
39.2557388623595
30
0
0
VERTEX
8
0
10
138.251917114403
20
39.2155033219262
30
0
0
VERTEX
8
0
10
138.512278540231
20
39.1740825965258
30
0
0
VERTEX
8
0
10
138.772639966058
20
39.1330110299658
30
0
0
VERTEX
8
0
10
139.033001391886
20
39.0917692277267
30
0
0
VERTEX
8
0
10
139.293362817713
20
39.0500500763558
30
0
0
VERTEX
8
0
10
139.553724243541
20
39.0087524364666
30
0
0
VERTEX
8
0
10
139.814085669368
20
38.9655771983476
30
0
0
VERTEX
8
0
10
140.074447095196
20
38.9229974443643
30
0
0
VERTEX
8
0
10
140.334808521023
20
38.8804116203155
30
0
0
VERTEX
8
0
10
140.595169946851
20
38.8369232309125
30
0
0
VERTEX
8
0
10
140.855531372678
20
38.7934115659914
30
0
0
VERTEX
8
0
10
141.115892798506
20
38.7496624978052
30
0
0
VERTEX
8
0
10
141.376254224333
20
38.7058076788713
30
0
0
VERTEX
8
0
10
141.636615650161
20
38.6616796612426
30
0
0
VERTEX
8
0
10
141.896977075988
20
38.6165058005667
30
0
0
VERTEX
8
0
10
142.157338501816
20
38.57159141123
30
0
0
VERTEX
8
0
10
142.417699927643
20
38.5264951243902
30
0
0
VERTEX
8
0
10
142.678061353471
20
38.4809468030671
30
0
0
VERTEX
8
0
10
142.938422779298
20
38.4357393300379
30
0
0
VERTEX
8
0
10
143.198784205126
20
38.3889633254411
30
0
0
VERTEX
8
0
10
143.459145630953
20
38.3426288819661
30
0
0
VERTEX
8
0
10
143.719507056781
20
38.2962504555678
30
0
0
VERTEX
8
0
10
143.979868482608
20
38.2490948886506
30
0
0
VERTEX
8
0
10
144.240229908436
20
38.2019071422859
30
0
0
VERTEX
8
0
10
144.500591334263
20
38.1544813704806
30
0
0
VERTEX
8
0
10
144.760952760091
20
38.1069053465739
30
0
0
VERTEX
8
0
10
145.021314185918
20
38.0591246972935
30
0
0
VERTEX
8
0
10
145.281675611746
20
38.010448544852
30
0
0
VERTEX
8
0
10
145.542037037573
20
37.9619503485809
30
0
0
VERTEX
8
0
10
145.802398463401
20
37.9132677885989
30
0
0
VERTEX
8
0
10
146.062759889228
20
37.8641736573958
30
0
0
VERTEX
8
0
10
146.323121315056
20
37.8153372889693
30
0
0
VERTEX
8
0
10
146.583482740883
20
37.7652282527372
30
0
0
VERTEX
8
0
10
146.843844166711
20
37.7154273894717
30
0
0
VERTEX
8
0
10
147.104205592538
20
37.6655553438272
30
0
0
VERTEX
8
0
10
147.364567018366
20
37.6150345466477
30
0
0
VERTEX
8
0
10
147.624928444193
20
37.564471006641
30
0
0
VERTEX
8
0
10
147.885289870021
20
37.5136812315434
30
0
0
VERTEX
8
0
10
148.145651295848
20
37.4627209289958
30
0
0
VERTEX
8
0
10
148.406012721676
20
37.4116047647947
30
0
0
VERTEX
8
0
10
148.666374147503
20
37.3597509265141
30
0
0
VERTEX
8
0
10
148.926735573331
20
37.3080058365398
30
0
0
VERTEX
8
0
10
149.187096999158
20
37.2560847865295
30
0
0
VERTEX
8
0
10
149.447458424986
20
37.2038066816707
30
0
0
VERTEX
8
0
10
149.707819850813
20
37.1517083178724
30
0
0
VERTEX
8
0
10
149.968181276641
20
37.0986181222528
30
0
0
VERTEX
8
0
10
150.228542702468
20
37.0457266549344
30
0
0
VERTEX
8
0
10
150.488904128296
20
36.9927502424282
30
0
0
VERTEX
8
0
10
150.749265554123
20
36.9392559826957
30
0
0
VERTEX
8
0
10
151.009626979951
20
36.885712454467
30
0
0
VERTEX
8
0
10
151.269988405778
20
36.8319682144052
30
0
0
VERTEX
8
0
10
151.530349831606
20
36.778056817094
30
0
0
VERTEX
8
0
10
151.790711257433
20
36.7240275982245
30
0
0
VERTEX
8
0
10
152.051072683261
20
36.6694235503346
30
0
0
VERTEX
8
0
10
152.311434109088
20
36.6148763865093
30
0
0
VERTEX
8
0
10
152.571795534916
20
36.5601752042193
30
0
0
VERTEX
8
0
10
152.832156960743
20
36.505185581246
30
0
0
VERTEX
8
0
10
153.092518386571
20
36.4503110834829
30
0
0
VERTEX
8
0
10
153.352879812398
20
36.3947096383235
30
0
0
VERTEX
8
0
10
153.613241238226
20
36.3392260963289
30
0
0
VERTEX
8
0
10
153.873602664053
20
36.2836612183621
30
0
0
VERTEX
8
0
10
154.133964089881
20
36.227712667476
30
0
0
VERTEX
8
0
10
154.394325515708
20
36.1717191962852
30
0
0
VERTEX
8
0
10
154.654686941536
20
36.1155669952328
30
0
0
VERTEX
8
0
10
154.915048367363
20
36.0592756899904
30
0
0
VERTEX
8
0
10
155.175409793191
20
36.0029040505668
30
0
0
VERTEX
8
0
10
155.435771219018
20
35.9461245263204
30
0
0
SEQEND
8
0
0
POLYLINE
8
0
62
3
70
0
10
0
20
0
30
0
0
VERTEX
8
0
10
13.7991555688578
20
23.0102022532516
30
0
0
VERTEX
8
0
10
14.0595169946853
20
23.8746631651412
30
0
0
VERTEX
8
0
10
14.3198784205128
20
23.8172150376943
30
0
0
VERTEX
8
0
10
14.5802398463403
20
24.2943048056206
30
0
0
VERTEX
8
0
10
14.8406012721678
20
24.6433948905474
30
0
0
VERTEX
8
0
10
15.1009626979953
20
24.9437900851605
30
0
0
VERTEX
8
0
10
15.3613241238228
20
25.6169718372464
30
0
0
VERTEX
8
0
10
15.6216855496503
20
25.791682230038
30
0
0
VERTEX
8
0
10
15.8820469754778
20
26.1474069217364
30
0
0
VERTEX
8
0
10
16.1424084013053
20
26.9550092481921
30
0
0
VERTEX
8
0
10
16.4027698271328
20
26.8716828490594
30
0
0
VERTEX
8
0
10
16.6631312529603
20
27.3965477723017
30
0
0
VERTEX
8
0
10
16.9234926787878
20
27.6817495826847
30
0
0
VERTEX
8
0
10
17.1838541046153
20
28.009042688031
30
0
0
VERTEX
8
0
10
17.4442155304428
20
28.6695928154435
30
0
0
VERTEX
8
0
10
17.7045769562703
20
28.7838891790805
30
0
0
VERTEX
8
0
10
17.9649383820978
20
29.1944261219125
30
0
0
VERTEX
8
0
10
18.2252998079253
20
29.5430227222373
30
0
0
VERTEX
8
0
10
18.4856612337528
20
29.8665865723722
30
0
0
VERTEX
8
0
10
18.7460226595803
20
30.4085734815343
30
0
0
VERTEX
8
0
10
19.0063840854078
20
30.6462558531408
30
0
0
VERTEX
8
0
10
19.2667455112354
20
30.9970990471647
30
0
0
VERTEX
8
0
10
19.5271069370629
20
31.6378253168229
30
0
0
VERTEX
8
0
10
19.7874683628904
20
31.711806023405
30
0
0
VERTEX
8
0
10
20.0478297887179
20
32.1586710127664
30
0
0
VERTEX
8
0
10
20.3081912145454
20
32.4628489095655
30
0
0
VERTEX
8
0
10
20.5685526403729
20
32.7950945258009
30
0
0
VERTEX
8
0
10
20.8289140662004
20
33.3387928647504
30
0
0
VERTEX
8
0
10
21.0892754920279
20
33.5393674529796
30
0
0
VERTEX
8
0
10
21.3496369178554
20
33.9100292756033
30
0
0
VERTEX
8
0
10
21.6099983436829
20
34.252270895352
30
0
0
VERTEX
8
0
10
21.8703597695104
20
34.5818250796837
30
0
0
VERTEX
8
0
10
22.1307211953379
20
35.0454094918182
30
0
0
VERTEX
8
0
10
22.3910826211654
20
35.3130912389596
30
0
0
VERTEX
8
0
10
22.6514440469929
20
35.655421271391
30
0
0
VERTEX
8
0
10
22.9118054728204
20
36.1926905227149
30
0
0
VERTEX
8
0
10
23.1721668986479
20
36.3527318799471
30
0
0
VERTEX
8
0
10
23.4325283244754
20
36.7502533049537
30
0
0
VERTEX
8
0
10
23.6928897503029
20
37.0600505768077
30
0
0
VERTEX
8
0
10
23.9532511761304
20
37.3895844877908
30
0
0
VERTEX
8
0
10
24.2136126019579
20
37.8585148887072
30
0
0
VERTEX
8
0
10
24.4739740277855
20
38.1046740982123
30
0
0
VERTEX
8
0
10
24.734335453613
20
38.4476998410392
30
0
0
VERTEX
8
0
10
24.9946968794405
20
38.7810222697043
30
0
0
VERTEX
8
0
10
25.255058305268
20
39.1087037414817
30
0
0
VERTEX
8
0
10
25.5154197310955
20
39.5200337524649
30
0
0
VERTEX
8
0
10
25.775781156923
20
39.8012879917885
30
0
0
VERTEX
8
0
10
26.0361425827505
20
40.1335116660636
30
0
0
VERTEX
8
0
10
26.296504008578
20
40.6009520125799
30
0
0
VERTEX
8
0
10
26.5568654344055
20
40.8100233115616
30
0
0
VERTEX
8
0
10
26.817226860233
20
41.1727877329652
30
0
0
VERTEX
8
0
10
27.0775882860605
20
41.4814408930457
30
0
0
VERTEX
8
0
10
27.337949711888
20
41.8045089098253
30
0
0
VERTEX
8
0
10
27.5983111377155
20
42.2213693666909
30
0
0
VERTEX
8
0
10
27.858672563543
20
42.4915614852062
30
0
0
VERTEX
8
0
10
28.1190339893705
20
42.8133282511075
30
0
0
VERTEX
8
0
10
28.379395415198
20
43.1365056942329
30
0
0
VERTEX
8
0
10
28.6397568410255
20
43.4583131161916
30
0
0
VERTEX
8
0
10
28.900118266853
20
43.8317856262017
30
0
0
VERTEX
8
0
10
29.1604796926805
20
44.1176248741123
30
0
0
VERTEX
8
0
10
29.420841118508
20
44.4389977114277
30
0
0
VERTEX
8
0
10
29.6812025443356
20
44.8559993754816
30
0
0
VERTEX
8
0
10
29.9415639701631
20
45.093151603648
30
0
0
VERTEX
8
0
10
30.2019253959906
20
45.4293635060743
30
0
0
VERTEX
8
0
10
30.4622868218181
20
45.7331465618613
30
0
0
VERTEX
8
0
10
30.7226482476456
20
46.0477541176047
30
0
0
VERTEX
8
0
10
30.9830096734731
20
46.4258373768253
30
0
0
VERTEX
8
0
10
31.2433710993006
20
46.7077094509418
30
0
0
VERTEX
8
0
10
31.5037325251281
20
47.0118699059325
30
0
0
VERTEX
8
0
10
31.7640939509556
20
47.32429204342
30
0
0
VERTEX
8
0
10
32.0244553767831
20
47.6380333432727
30
0
0
VERTEX
8
0
10
32.2848168026106
20
47.9822252418977
30
0
0
VERTEX
8
0
10
32.5451782284381
20
48.267378047819
30
0
0
VERTEX
8
0
10
32.8055396542656
20
48.5775519770934
30
0
0
VERTEX
8
0
10
33.0659010800931
20
48.9560477704563
30
0
0
VERTEX
8
0
10
33.3262625059206
20
49.2086419574286
30
0
0
VERTEX
8
0
10
33.5866239317481
20
49.5232747834253
30
0
0
VERTEX
8
0
10
33.8469853575756
20
49.8200075157294
30
0
0
VERTEX
8
0
10
34.1073467834031
20
50.1250377061681
30
0
0
VERTEX
8
0
10
34.3677082092306
20
50.472637281799
30
0
0
VERTEX
8
0
10
34.6280696350581
20
50.7586742290359
30
0
0
VERTEX
8
0
10
34.8884310608857
20
51.0474779732054
30
0
0
VERTEX
8
0
10
35.1487924867132
20
51.3488432656641
30
0
0
VERTEX
8
0
10
35.4091539125407
20
51.6532568273126
30
0
0
VERTEX
8
0
10
35.6695153383682
20
51.9735979958295
30
0
0
VERTEX
8
0
10
35.9298767641957
20
52.2548065749864
30
0
0
VERTEX
8
0
10
36.1902381900232
20
52.5536335556536
30
0
0
VERTEX
8
0
10
36.4505996158507
20
52.9013580216772
30
0
0
VERTEX
8
0
10
36.7109610416782
20
53.1613782074608
30
0
0
VERTEX
8
0
10
36.9713224675057
20
53.4576281926544
30
0
0
VERTEX
8
0
10
37.2316838933332
20
53.7459789928338
30
0
0
VERTEX
8
0
10
37.4920453191607
20
54.040787626953
30
0
0
VERTEX
8
0
10
37.7524067449882
20
54.3633451034038
30
0
0
VERTEX
8
0
10
38.0127681708157
20
54.6487603918752
30
0
0
VERTEX
8
0
10
38.2731295966432
20
54.9236758615171
30
0
0
VERTEX
8
0
10
38.5334910224707
20
55.2138479536279
30
0
0
VERTEX
8
0
10
38.7938524482982
20
55.5081857371871
30
0
0
VERTEX
8
0
10
39.0542138741257
20
55.8082850555442
30
0
0
VERTEX
8
0
10
39.3145752999532
20
56.083454583189
30
0
0
VERTEX
8
0
10
39.5749367257807
20
56.3708933132771
30
0
0
VERTEX
8
0
10
39.8352981516082
20
56.6930769660885
30
0
0
VERTEX
8
0
10
40.0956595774358
20
56.9552343762557
30
0
0
VERTEX
8
0
10
40.3560210032633
20
57.2352553355103
30
0
0
VERTEX
8
0
10
40.6163824290908
20
57.5143869821465
30
0
0
VERTEX
8
0
10
40.8767438549183
20
57.7986000467674
30
0
0
VERTEX
8
0
10
41.1371052807458
20
58.0998361129004
30
0
0
VERTEX
8
0
10
41.3974667065733
20
58.3814700371925
30
0
0
VERTEX
8
0
10
41.6578281324008
20
58.6435034885583
30
0
0
VERTEX
8
0
10
41.9181895582283
20
58.9224388528545
30
0
0
VERTEX
8
0
10
42.1785509840558
20
59.2062524402585
30
0
0
VERTEX
8
0
10
42.4389124098833
20
59.4886068333729
30
0
0
VERTEX
8
0
10
42.6992738357108
20
59.7563494161298
30
0
0
VERTEX
8
0
10
42.9596352615383
20
60.0324179961308
30
0
0
VERTEX
8
0
10
43.2199966873658
20
60.3327257877247
30
0
0
VERTEX
8
0
10
43.4803581131933
20
60.5934190425848
30
0
0
VERTEX
8
0
10
43.7407195390208
20
60.858721277088
30
0
0
VERTEX
8
0
10
44.0010809648483
20
61.1280987421361
30
0
0
VERTEX
8
0
10
44.2614423906758
20
61.4015041794193
30
0
0
VERTEX
8
0
10
44.5218038165033
20
61.684052681219
30
0
0
VERTEX
8
0
10
44.7821652423308
20
61.9597604346762
30
0
0
VERTEX
8
0
10
45.0425266681583
20
62.2096311022757
30
0
0
VERTEX
8
0
10
45.3028880939859
20
62.4773404939409
30
0
0
VERTEX
8
0
10
45.5632495198134
20
62.7503643051008
30
0
0
VERTEX
8
0
10
45.8236109456409
20
63.0167614065706
30
0
0
VERTEX
8
0
10
46.0839723714684
20
63.2761374101723
30
0
0
VERTEX
8
0
10
46.3443337972959
20
63.5408881306379
30
0
0
VERTEX
8
0
10
46.6046952231234
20
63.8219672255549
30
0
0
VERTEX
8
0
10
46.8650566489509
20
64.0786811674909
30
0
0
VERTEX
8
0
10
47.1254180747784
20
64.3303608871778
30
0
0
VERTEX
8
0
10
47.3857795006059
20
64.5896414145289
30
0
0
VERTEX
8
0
10
47.6461409264334
20
64.8521282009728
30
0
0
VERTEX
8
0
10
47.9065023522609
20
65.1179102448198
30
0
0
VERTEX
8
0
10
48.1668637780884
20
65.386204537425
30
0
0
VERTEX
8
0
10
48.4272252039159
20
65.6244463114078
30
0
0
VERTEX
8
0
10
48.6875866297434
20
65.8809733569671
30
0
0
VERTEX
8
0
10
48.9479480555709
20
66.1430576997044
30
0
0
VERTEX
8
0
10
49.2083094813984
20
66.3948161183457
30
0
0
VERTEX
8
0
10
49.4686709072259
20
66.6451804812772
30
0
0
VERTEX
8
0
10
49.7290323330534
20
66.8986859266812
30
0
0
VERTEX
8
0
10
49.9893937588809
20
67.1624997845766
30
0
0
VERTEX
8
0
10
50.2497551847084
20
67.4134423244545
30
0
0
VERTEX
8
0
10
50.5101166105359
20
67.6523200368559
30
0
0
VERTEX
8
0
10
50.7704780363635
20
67.9012875176071
30
0
0
VERTEX
8
0
10
51.030839462191
20
68.1528099184347
30
0
0
VERTEX
8
0
10
51.2912008880185
20
68.4032642559963
30
0
0
VERTEX
8
0
10
51.551562313846
20
68.6630977067502
30
0
0
VERTEX
8
0
10
51.8119237396735
20
68.8901209592667
30
0
0
VERTEX
8
0
10
52.072285165501
20
69.1355299010818
30
0
0
VERTEX
8
0
10
52.3326465913285
20
69.3866010459988
30
0
0
VERTEX
8
0
10
52.593008017156
20
69.6247198060227
30
0
0
VERTEX
8
0
10
52.8533694429835
20
69.8656271418204
30
0
0
VERTEX
8
0
10
53.113730868811
20
70.1079723736351
30
0
0
VERTEX
8
0
10
53.3740922946385
20
70.3560122642406
30
0
0
VERTEX
8
0
10
53.634453720466
20
70.5998867559018
30
0
0
VERTEX
8
0
10
53.8948151462935
20
70.826594169337
30
0
0
VERTEX
8
0
10
54.155176572121
20
71.0651185576631
30
0
0
VERTEX
8
0
10
54.4155379979485
20
71.3056744535121
30
0
0
VERTEX
8
0
10
54.675899423776
20
71.5419046282391
30
0
0
VERTEX
8
0
10
54.9362608496035
20
71.7925325364906
30
0
0
VERTEX
8
0
10
55.196622275431
20
72.0086632380151
30
0
0
VERTEX
8
0
10
55.4569837012585
20
72.2430317906931
30
0
0
VERTEX
8
0
10
55.717345127086
20
72.4830673980242
30
0
0
VERTEX
8
0
10
55.9777065529135
20
72.7083222420328
30
0
0
VERTEX
8
0
10
56.238067978741
20
72.9394663177107
30
0
0
VERTEX
8
0
10
56.4984294045685
20
73.1707444584578
30
0
0
VERTEX
8
0
10
56.758790830396
20
73.4041677688934
30
0
0
VERTEX
8
0
10
57.0191522562235
20
73.6400257756249
30
0
0
VERTEX
8
0
10
57.279513682051
20
73.8550622936417
30
0
0
VERTEX
8
0
10
57.5398751078785
20
74.0830737732156
30
0
0
VERTEX
8
0
10
57.800236533706
20
74.3126911843531
30
0
0
VERTEX
8
0
10
58.0605979595335
20
74.5355625243517
30
0
0
VERTEX
8
0
10
58.320959385361
20
74.7764537173803
30
0
0
VERTEX
8
0
10
58.5813208111885
20
74.9819590599706
30
0
0
VERTEX
8
0
10
58.841682237016
20
75.2053742290122
30
0
0
VERTEX
8
0
10
59.1020436628435
20
75.4343878465334
30
0
0
VERTEX
8
0
10
59.362405088671
20
75.647395237292
30
0
0
VERTEX
8
0
10
59.6227665144985
20
75.8685693124566
30
0
0
VERTEX
8
0
10
59.883127940326
20
76.0888790991912
30
0
0
VERTEX
8
0
10
60.1434893661535
20
76.3086023620559
30
0
0
VERTEX
8
0
10
60.403850791981
20
76.5357458201966
30
0
0
VERTEX
8
0
10
60.6642122178084
20
76.7395164004265
30
0
0
VERTEX
8
0
10
60.924573643636
20
76.9569885538721
30
0
0
VERTEX
8
0
10
61.1849350694635
20
77.1757171124525
30
0
0
VERTEX
8
0
10
61.4452964952909
20
77.3859224585913
30
0
0
VERTEX
8
0
10
61.7056579211184
20
77.6166998870426
30
0
0
VERTEX
8
0
10
61.9660193469459
20
77.811805601193
30
0
0
VERTEX
8
0
10
62.2263807727734
20
78.0243612753027
30
0
0
VERTEX
8
0
10
62.4867421986009
20
78.2423923811523
30
0
0
VERTEX
8
0
10
62.7471036244284
20
78.4436532111678
30
0
0
VERTEX
8
0
10
63.0074650502559
20
78.6547234508255
30
0
0
VERTEX
8
0
10
63.2678264760834
20
78.8641679647385
30
0
0
VERTEX
8
0
10
63.5281879019109
20
79.0709310175841
30
0
0
VERTEX
8
0
10
63.7885493277384
20
79.2888456991234
30
0
0
VERTEX
8
0
10
64.0489107535659
20
79.4816869237864
30
0
0
VERTEX
8
0
10
64.3092721793934
20
79.6886255707652
30
0
0
VERTEX
8
0
10
64.5696336052209
20
79.8965310746294
30
0
0
VERTEX
8
0
10
64.8299950310484
20
80.0946364351988
30
0
0
VERTEX
8
0
10
65.0903564568759
20
80.3150367296255
30
0
0
VERTEX
8
0
10
65.3507178827034
20
80.4999391305757
30
0
0
VERTEX
8
0
10
65.6110793085309
20
80.7017347681189
30
0
0
VERTEX
8
0
10
65.8714407343584
20
80.9088423070345
30
0
0
VERTEX
8
0
10
66.1318021601859
20
81.0987724908885
30
0
0
VERTEX
8
0
10
66.3921635860134
20
81.2996598083115
30
0
0
VERTEX
8
0
10
66.6525250118409
20
81.4983459275875
30
0
0
VERTEX
8
0
10
66.9128864376684
20
81.6927571709978
30
0
0
VERTEX
8
0
10
67.1732478634959
20
81.901066522521
30
0
0
VERTEX
8
0
10
67.4336092893234
20
82.0832650048665
30
0
0
VERTEX
8
0
10
67.6939707151509
20
82.2797007102738
30
0
0
VERTEX
8
0
10
67.9543321409784
20
82.4768616517187
30
0
0
VERTEX
8
0
10
68.2146935668059
20
82.6633386322299
30
0
0
VERTEX
8
0
10
68.4750549926334
20
82.8731840670255
30
0
0
VERTEX
8
0
10
68.7354164184609
20
83.0480586693632
30
0
0
VERTEX
8
0
10
68.9957778442884
20
83.2391986802841
30
0
0
VERTEX
8
0
10
69.2561392701159
20
83.4354568618345
30
0
0
VERTEX
8
0
10
69.5165006959434
20
83.6144092363651
30
0
0
VERTEX
8
0
10
69.7768621217709
20
83.8050767122696
30
0
0
VERTEX
8
0
10
70.0372235475984
20
83.9931150238953
30
0
0
VERTEX
8
0
10
70.2975849734259
20
84.175684011759
30
0
0
VERTEX
8
0
10
70.5579463992534
20
84.3741165829033
30
0
0
VERTEX
8
0
10
70.8183078250809
20
84.5459222718722
30
0
0
VERTEX
8
0
10
71.0786692509084
20
84.7319052921477
30
0
0
VERTEX
8
0
10
71.3390306767359
20
84.9184106869762
30
0
0
VERTEX
8
0
10
71.5993921025634
20
85.0936600085239
30
0
0
VERTEX
8
0
10
71.8597535283909
20
85.2928387787227
30
0
0
VERTEX
8
0
10
72.1201149542184
20
85.4578466276887
30
0
0
VERTEX
8
0
10
72.3804763800459
20
85.6384402120532
30
0
0
VERTEX
8
0
10
72.6408378058734
20
85.8239358123044
30
0
0
VERTEX
8
0
10
72.9011992317009
20
85.9922161510721
30
0
0
VERTEX
8
0
10
73.1615606575284
20
86.1726602287243
30
0
0
VERTEX
8
0
10
73.4219220833559
20
86.3501652425304
30
0
0
VERTEX
8
0
10
73.6822835091834
20
86.5213266058065
30
0
0
VERTEX
8
0
10
73.9426449350109
20
86.7096927414645
30
0
0
VERTEX
8
0
10
74.2030063608384
20
86.8713287604959
30
0
0
VERTEX
8
0
10
74.4633677866659
20
87.0469256496709
30
0
0
VERTEX
8
0
10
74.7237292124934
20
87.22287374648
30
0
0
VERTEX
8
0
10
74.9840906383209
20
87.3872426393052
30
0
0
VERTEX
8
0
10
75.2444520641484
20
87.5756948283437
30
0
0
VERTEX
8
0
10
75.5048134899759
20
87.7309872851543
30
0
0
VERTEX
8
0
10
75.7651749158034
20
87.9011485830878
30
0
0
VERTEX
8
0
10
76.0255363416309
20
88.0759792719028
30
0
0
VERTEX
8
0
10
76.2858977674584
20
88.2338582392214
30
0
0
VERTEX
8
0
10
76.5462591932859
20
88.4041025333416
30
0
0
VERTEX
8
0
10
76.8066206191134
20
88.5711931047904
30
0
0
VERTEX
8
0
10
77.0669820449409
20
88.7313244384778
30
0
0
VERTEX
8
0
10
77.3273434707684
20
88.9094994134481
30
0
0
VERTEX
8
0
10
77.5877048965959
20
89.0611695046368
30
0
0
VERTEX
8
0
10
77.8480663224234
20
89.2264608783364
30
0
0
VERTEX
8
0
10
78.1084277482509
20
89.3919584810562
30
0
0
VERTEX
8
0
10
78.3687891740784
20
89.5457537961123
30
0
0
VERTEX
8
0
10
78.6291505999059
20
89.7234613189256
30
0
0
VERTEX
8
0
10
78.8895120257334
20
89.8691837856108
30
0
0
VERTEX
8
0
10
79.1498734515609
20
90.0290322500091
30
0
0
VERTEX
8
0
10
79.4102348773884
20
90.1933056376045
30
0
0
VERTEX
8
0
10
79.6705963032159
20
90.3410278968066
30
0
0
VERTEX
8
0
10
79.9309577290434
20
90.5011188508085
30
0
0
VERTEX
8
0
10
80.1913191548709
20
90.6579187571767
30
0
0
VERTEX
8
0
10
80.4516805806984
20
90.8073542358812
30
0
0
VERTEX
8
0
10
80.7120420065259
20
90.9752659549423
30
0
0
VERTEX
8
0
10
80.9724034323534
20
91.1171602459362
30
0
0
VERTEX
8
0
10
81.2327648581809
20
91.2722393740076
30
0
0
VERTEX
8
0
10
81.4931262840084
20
91.4274016063723
30
0
0
VERTEX
8
0
10
81.7534877098359
20
91.570899889349
30
0
0
VERTEX
8
0
10
82.0138491356634
20
91.7378792664901
30
0
0
VERTEX
8
0
10
82.2742105614909
20
91.8741741778526
30
0
0
VERTEX
8
0
10
82.5345719873184
20
92.0238351161814
30
0
0
VERTEX
8
0
10
82.7949334131459
20
92.1776683198721
30
0
0
VERTEX
8
0
10
83.0552948389734
20
92.3154596212003
30
0
0
VERTEX
8
0
10
83.3156562648009
20
92.4654635001033
30
0
0
VERTEX
8
0
10
83.5760176906284
20
92.6121021383707
30
0
0
VERTEX
8
0
10
83.8363791164559
20
92.7511430692338
30
0
0
VERTEX
8
0
10
84.0967405422834
20
92.9087630612354
30
0
0
VERTEX
8
0
10
84.3571019681109
20
93.0410626458085
30
0
0
VERTEX
8
0
10
84.6174633939384
20
93.186034654942
30
0
0
VERTEX
8
0
10
84.8778248197659
20
93.3309850557677
30
0
0
VERTEX
8
0
10
85.1381862455934
20
93.4644404407159
30
0
0
VERTEX
8
0
10
85.3985476714209
20
93.6207376275391
30
0
0
VERTEX
8
0
10
85.6589090972484
20
93.7477469365542
30
0
0
VERTEX
8
0
10
85.9192705230759
20
93.8873521902494
30
0
0
VERTEX
8
0
10
86.1796319489034
20
94.0308717910347
30
0
0
VERTEX
8
0
10
86.4399933747309
20
94.1589446114184
30
0
0
VERTEX
8
0
10
86.7003548005584
20
94.2989454821449
30
0
0
VERTEX
8
0
10
86.9607162263859
20
94.435558671951
30
0
0
VERTEX
8
0
10
87.2210776522134
20
94.564481827947
30
0
0
VERTEX
8
0
10
87.4814390780409
20
94.7118186591156
30
0
0
VERTEX
8
0
10
87.7418005038684
20
94.8346993345159
30
0
0
VERTEX
8
0
10
88.0021619296959
20
94.9696808742554
30
0
0
VERTEX
8
0
10
88.2625233555234
20
95.1045517521032
30
0
0
VERTEX
8
0
10
88.5228847813509
20
95.2282022760369
30
0
0
VERTEX
8
0
10
88.7832462071784
20
95.3738890133806
30
0
0
VERTEX
8
0
10
89.0436076330059
20
95.4917563302289
30
0
0
VERTEX
8
0
10
89.3039690588334
20
95.6214450747301
30
0
0
VERTEX
8
0
10
89.5643304846609
20
95.7547873785247
30
0
0
VERTEX
8
0
10
89.8246919104884
20
95.8733455176077
30
0
0
VERTEX
8
0
10
90.0850533363159
20
96.0034439775904
30
0
0
VERTEX
8
0
10
90.3454147621433
20
96.1301748625388
30
0
0
VERTEX
8
0
10
90.6057761879709
20
96.2492391944652
30
0
0
VERTEX
8
0
10
90.8661376137984
20
96.3863336910986
30
0
0
VERTEX
8
0
10
91.1264990396259
20
96.4999690968981
30
0
0
VERTEX
8
0
10
91.3868604654534
20
96.6250883708244
30
0
0
VERTEX
8
0
10
91.6472218912809
20
96.7500213726903
30
0
0
VERTEX
8
0
10
91.9075833171083
20
96.8640941408716
30
0
0
VERTEX
8
0
10
92.1679447429358
20
96.9992654561459
30
0
0
VERTEX
8
0
10
92.4283061687634
20
97.1081379573179
30
0
0
VERTEX
8
0
10
92.6886675945909
20
97.2280576155967
30
0
0
VERTEX
8
0
10
92.9490290204184
20
97.3513691641291
30
0
0
VERTEX
8
0
10
93.2093904462458
20
97.4606115878471
30
0
0
VERTEX
8
0
10
93.4697518720733
20
97.5809240768849
30
0
0
VERTEX
8
0
10
93.7301132979008
20
97.697924124308
30
0
0
VERTEX
8
0
10
93.9904747237283
20
97.8073762834537
30
0
0
VERTEX
8
0
10
94.2508361495558
20
97.9342981341988
30
0
0
VERTEX
8
0
10
94.5111975753833
20
98.0388624710944
30
0
0
VERTEX
8
0
10
94.7715590012108
20
98.1542595679576
30
0
0
VERTEX
8
0
10
95.0319204270383
20
98.2694064347811
30
0
0
VERTEX
8
0
10
95.2922818528658
20
98.3741219492613
30
0
0
VERTEX
8
0
10
95.5526432786933
20
98.4988945478819
30
0
0
VERTEX
8
0
10
95.8130047045208
20
98.5989247424006
30
0
0
VERTEX
8
0
10
96.0733661303483
20
98.7092320118431
30
0
0
VERTEX
8
0
10
96.3337275561758
20
98.8226703090834
30
0
0
VERTEX
8
0
10
96.5940889820033
20
98.9227944548405
30
0
0
VERTEX
8
0
10
96.8544504078308
20
99.0334530362781
30
0
0
VERTEX
8
0
10
97.1148118336583
20
99.1408831404862
30
0
0
VERTEX
8
0
10
97.3751732594858
20
99.2409621294679
30
0
0
VERTEX
8
0
10
97.6355346853133
20
99.3578075618591
30
0
0
VERTEX
8
0
10
97.8958961111408
20
99.4534780236492
30
0
0
VERTEX
8
0
10
98.1562575369683
20
99.5593055063215
30
0
0
VERTEX
8
0
10
98.4166189627958
20
99.6648290007587
30
0
0
VERTEX
8
0
10
98.6769803886233
20
99.7604048839701
30
0
0
VERTEX
8
0
10
98.9373418144508
20
99.8749162482031
30
0
0
VERTEX
8
0
10
99.1977032402783
20
99.9662636684016
30
0
0
VERTEX
8
0
10
99.4580646661058
20
100.067125665997
30
0
0
VERTEX
8
0
10
99.7184260919333
20
100.170860100849
30
0
0
VERTEX
8
0
10
99.9787875177608
20
100.262064805019
30
0
0
VERTEX
8
0
10
100.239148943588
20
100.363217338362
30
0
0
VERTEX
8
0
10
100.499510369416
20
100.461249036449
30
0
0
VERTEX
8
0
10
100.759871795243
20
100.552190225689
30
0
0
VERTEX
8
0
10
101.020233221071
20
100.659080539231
30
0
0
VERTEX
8
0
10
101.280594646898
20
100.746039560146
30
0
0
VERTEX
8
0
10
101.540956072726
20
100.842463286939
30
0
0
VERTEX
8
0
10
101.801317498553
20
100.93853828831
30
0
0
VERTEX
8
0
10
102.061678924381
20
101.025192577104
30
0
0
VERTEX
8
0
10
102.322040350208
20
101.129600644053
30
0
0
VERTEX
8
0
10
102.582401776036
20
101.212433515116
30
0
0
VERTEX
8
0
10
102.842763201863
20
101.304029050213
30
0
0
VERTEX
8
0
10
103.103124627691
20
101.398242007007
30
0
0
VERTEX
8
0
10
103.363486053518
20
101.480730178448
30
0
0
VERTEX
8
0
10
103.623847479346
20
101.57254083167
30
0
0
VERTEX
8
0
10
103.884208905173
20
101.661357644005
30
0
0
VERTEX
8
0
10
104.144570331001
20
101.743396335341
30
0
0
VERTEX
8
0
10
104.404931756828
20
101.840477136112
30
0
0
VERTEX
8
0
10
104.665293182656
20
101.918914534293
30
0
0
VERTEX
8
0
10
104.925654608483
20
102.006114699636
30
0
0
VERTEX
8
0
10
105.186016034311
20
102.092929468178
30
0
0
VERTEX
8
0
10
105.446377460138
20
102.170883614269
30
0
0
VERTEX
8
0
10
105.706738885966
20
102.265366944288
30
0
0
VERTEX
8
0
10
105.967100311793
20
102.339863878053
30
0
0
VERTEX
8
0
10
106.227461737621
20
102.422384865553
30
0
0
VERTEX
8
0
10
106.487823163448
20
102.507273022378
30
0
0
VERTEX
8
0
10
106.748184589276
20
102.581254159849
30
0
0
VERTEX
8
0
10
107.008546015103
20
102.663904228875
30
0
0
VERTEX
8
0
10
107.268907440931
20
102.743703139751
30
0
0
VERTEX
8
0
10
107.529268866758
20
102.817077818929
30
0
0
VERTEX
8
0
10
107.789630292586
20
102.904518846396
30
0
0
VERTEX
8
0
10
108.049991718413
20
102.974633929864
30
0
0
VERTEX
8
0
10
108.310353144241
20
103.05280632104
30
0
0
VERTEX
8
0
10
108.570714570068
20
103.130563939588
30
0
0
VERTEX
8
0
10
108.831075995896
20
103.200045624577
30
0
0
VERTEX
8
0
10
109.091437421723
20
103.284804000549
30
0
0
VERTEX
8
0
10
109.351798847551
20
103.351155753966
30
0
0
VERTEX
8
0
10
109.612160273378
20
103.424808784226
30
0
0
VERTEX
8
0
10
109.872521699206
20
103.50058460603
30
0
0
VERTEX
8
0
10
110.132883125033
20
103.566277239639
30
0
0
VERTEX
8
0
10
110.393244550861
20
103.639966257572
30
0
0
VERTEX
8
0
10
110.653605976688
20
103.710959354396
30
0
0
VERTEX
8
0
10
110.913967402516
20
103.775914746315
30
0
0
VERTEX
8
0
10
111.174328828343
20
103.853910217245
30
0
0
VERTEX
8
0
10
111.434690254171
20
103.915913909127
30
0
0
VERTEX
8
0
10
111.695051679998
20
103.985271383744
30
0
0
VERTEX
8
0
10
111.955413105826
20
104.054191390351
30
0
0
VERTEX
8
0
10
112.215774531653
20
104.115437244421
30
0
0
VERTEX
8
0
10
112.476135957481
20
104.190692664639
30
0
0
VERTEX
8
0
10
112.736497383308
20
104.249104000328
30
0
0
VERTEX
8
0
10
112.996858809136
20
104.314112085719
30
0
0
VERTEX
8
0
10
113.257220234963
20
104.381005525137
30
0
0
VERTEX
8
0
10
113.517581660791
20
104.438639650099
30
0
0
VERTEX
8
0
10
113.777943086618
20
104.503586780616
30
0
0
VERTEX
8
0
10
114.038304512446
20
104.566003073577
30
0
0
VERTEX
8
0
10
114.298665938273
20
104.622793094814
30
0
0
VERTEX
8
0
10
114.559027364101
20
104.691562515311
30
0
0
VERTEX
8
0
10
114.819388789928
20
104.745679549334
30
0
0
VERTEX
8
0
10
115.079750215756
20
104.806453745362
30
0
0
VERTEX
8
0
10
115.340111641583
20
104.866773975396
30
0
0
VERTEX
8
0
10
115.600473067411
20
104.920032275842
30
0
0
VERTEX
8
0
10
115.860834493238
20
104.986030320885
30
0
0
VERTEX
8
0
10
116.121195919066
20
105.036722006643
30
0
0
VERTEX
8
0
10
116.381557344893
20
105.093326528622
30
0
0
VERTEX
8
0
10
116.641918770721
20
105.151586953415
30
0
0
VERTEX
8
0
10
116.902280196548
20
105.201406516982
30
0
0
VERTEX
8
0
10
117.162641622376
20
105.257852236704
30
0
0
VERTEX
8
0
10
117.423003048203
20
105.311939684738
30
0
0
VERTEX
8
0
10
117.683364474031
20
105.360830374989
30
0
0
VERTEX
8
0
10
117.943725899858
20
105.42061979264
30
0
0
VERTEX
8
0
10
118.204087325686
20
105.467091027155
30
0
0
VERTEX
8
0
10
118.464448751513
20
105.519534324146
30
0
0
VERTEX
8
0
10
118.724810177341
20
105.571512985929
30
0
0
VERTEX
8
0
10
118.985171603168
20
105.617046403722
30
0
0
VERTEX
8
0
10
119.245533028996
20
105.674057972457
30
0
0
VERTEX
8
0
10
119.505894454823
20
105.717268957804
30
0
0
VERTEX
8
0
10
119.766255880651
20
105.765731843053
30
0
0
VERTEX
8
0
10
120.026617306478
20
105.815630215054
30
0
0
VERTEX
8
0
10
120.286978732306
20
105.857895713843
30
0
0
VERTEX
8
0
10
120.547340158133
20
105.90610379801
30
0
0
VERTEX
8
0
10
120.807701583961
20
105.952131571782
30
0
0
VERTEX
8
0
10
121.068063009788
20
105.993404078109
30
0
0
VERTEX
8
0
10
121.328424435616
20
106.044487763793
30
0
0
VERTEX
8
0
10
121.588785861443
20
106.083572662717
30
0
0
VERTEX
8
0
10
121.849147287271
20
106.127960419987
30
0
0
VERTEX
8
0
10
122.109508713098
20
106.171878434121
30
0
0
VERTEX
8
0
10
122.369870138926
20
106.209966893037
30
0
0
VERTEX
8
0
10
122.630231564753
20
106.258290316086
30
0
0
VERTEX
8
0
10
122.890592990581
20
106.294280127194
30
0
0
VERTEX
8
0
10
123.150954416408
20
106.334886287264
30
0
0
VERTEX
8
0
10
123.411315842236
20
106.376717624739
30
0
0
VERTEX
8
0
10
123.671677268063
20
106.41170886944
30
0
0
VERTEX
8
0
10
123.932038693891
20
106.45196870489
30
0
0
VERTEX
8
0
10
124.192400119718
20
106.490229723719
30
0
0
VERTEX
8
0
10
124.452761545546
20
106.524183408437
30
0
0
VERTEX
8
0
10
124.713122971373
20
106.566865973297
30
0
0
VERTEX
8
0
10
124.973484397201
20
106.598845305125
30
0
0
VERTEX
8
0
10
125.233845823028
20
106.635478411042
30
0
0
VERTEX
8
0
10
125.494207248856
20
106.671642051181
30
0
0
VERTEX
8
0
10
125.754568674683
20
106.702585764183
30
0
0
VERTEX
8
0
10
126.014930100511
20
106.742549316267
30
0
0
VERTEX
8
0
10
126.275291526338
20
106.77160071639
30
0
0
VERTEX
8
0
10
126.535652952166
20
106.804660792995
30
0
0
VERTEX
8
0
10
126.796014377993
20
106.838746956946
30
0
0
VERTEX
8
0
10
127.056375803821
20
106.866766064702
30
0
0
VERTEX
8
0
10
127.316737229648
20
106.899395325083
30
0
0
VERTEX
8
0
10
127.577098655476
20
106.930209113183
30
0
0
VERTEX
8
0
10
127.837460081303
20
106.95716485757
30
0
0
VERTEX
8
0
10
128.097821507131
20
106.991783826604
30
0
0
VERTEX
8
0
10
128.358182932958
20
107.01696263905
30
0
0
VERTEX
8
0
10
128.618544358786
20
107.046170415916
30
0
0
VERTEX
8
0
10
128.878905784613
20
107.074914298802
30
0
0
VERTEX
8
0
10
129.139267210441
20
107.099037051011
30
0
0
VERTEX
8
0
10
129.399628636268
20
107.131001897962
30
0
0
VERTEX
8
0
10
129.659990062096
20
107.153423869612
30
0
0
VERTEX
8
0
10
129.920351487923
20
107.179277338461
30
0
0
VERTEX
8
0
10
130.180712913751
20
107.205970194925
30
0
0
VERTEX
8
0
10
130.441074339578
20
107.227344877461
30
0
0
VERTEX
8
0
10
130.701435765406
20
107.252692609226
30
0
0
VERTEX
8
0
10
130.961797191233
20
107.276408528559
30
0
0
VERTEX
8
0
10
131.222158617061
20
107.296712311457
30
0
0
VERTEX
8
0
10
131.482520042888
20
107.323641193098
30
0
0
VERTEX
8
0
10
131.742881468716
20
107.342352131772
30
0
0
VERTEX
8
0
10
132.003242894543
20
107.364495655089
30
0
0
VERTEX
8
0
10
132.263604320371
20
107.386186141775
30
0
0
VERTEX
8
0
10
132.523965746198
20
107.403838899681
30
0
0
VERTEX
8
0
10
132.784327172026
20
107.42820253372
30
0
0
VERTEX
8
0
10
133.044688597853
20
107.444333653134
30
0
0
VERTEX
8
0
10
133.305050023681
20
107.463352354817
30
0
0
VERTEX
8
0
10
133.565411449508
20
107.483037381713
30
0
0
VERTEX
8
0
10
133.825772875336
20
107.498124611301
30
0
0
VERTEX
8
0
10
134.086134301163
20
107.516574797736
30
0
0
VERTEX
8
0
10
134.346495726991
20
107.533575732414
30
0
0
VERTEX
8
0
10
134.606857152818
20
107.547602576971
30
0
0
VERTEX
8
0
10
134.867218578646
20
107.567254490965
30
0
0
VERTEX
8
0
10
135.127580004473
20
107.579861548642
30
0
0
VERTEX
8
0
10
135.387941430301
20
107.59533746035
30
0
0
VERTEX
8
0
10
135.648302856128
20
107.610376551678
30
0
0
VERTEX
8
0
10
135.908664281956
20
107.621941496978
30
0
0
VERTEX
8
0
10
136.169025707783
20
107.639141738506
30
0
0
VERTEX
8
0
10
136.429387133611
20
107.649354035645
30
0
0
VERTEX
8
0
10
136.689748559438
20
107.661946226128
30
0
0
VERTEX
8
0
10
136.950109985266
20
107.675046658341
30
0
0
VERTEX
8
0
10
137.210471411093
20
107.684236817587
30
0
0
VERTEX
8
0
10
137.470832836921
20
107.696212515934
30
0
0
VERTEX
8
0
10
137.731194262748
20
107.706919110915
30
0
0
VERTEX
8
0
10
137.991555688576
20
107.715077518359
30
0
0
VERTEX
8
0
10
138.251917114403
20
107.72790947682
30
0
0
VERTEX
8
0
10
138.512278540231
20
107.734812289788
30
0
0
VERTEX
8
0
10
138.772639966058
20
107.744057217634
30
0
0
VERTEX
8
0
10
139.033001391886
20
107.752887060554
30
0
0
VERTEX
8
0
10
139.293362817713
20
107.758782179498
30
0
0
VERTEX
8
0
10
139.553724243541
20
107.769301861139
30
0
0
VERTEX
8
0
10
139.814085669368
20
107.774005295655
30
0
0
VERTEX
8
0
10
140.074447095196
20
107.780620347886
30
0
0
VERTEX
8
0
10
140.334808521023
20
107.787601994812
30
0
0
VERTEX
8
0
10
140.595169946851
20
107.791323657079
30
0
0
VERTEX
8
0
10
140.855531372678
20
107.797291848485
30
0
0
VERTEX
8
0
10
141.115892798506
20
107.802167450775
30
0
0
VERTEX
8
0
10
141.376254224333
20
107.804904485457
30
0
0
VERTEX
8
0
10
141.636615650161
20
107.811422473446
30
0
0
VERTEX
8
0
10
141.896977075988
20
107.813061332445
30
0
0
VERTEX
8
0
10
142.157338501816
20
107.816557081716
30
0
0
VERTEX
8
0
10
142.417699927643
20
107.819665259073
30
0
0
VERTEX
8
0
10
142.678061353471
20
107.820349675312
30
0
0
VERTEX
8
0
10
142.938422779298
20
107.824722185775
30
0
0
VERTEX
8
0
10
143.198784205126
20
107.824369933167
30
0
0
VERTEX
8
0
10
143.459145630953
20
107.825503887757
30
0
0
VERTEX
8
0
10
143.719507056781
20
107.826880827008
30
0
0
VERTEX
8
0
10
143.979868482608
20
107.825606386129
30
0
0
VERTEX
8
0
10
144.240229908436
20
107.826083754504
30
0
0
VERTEX
8
0
10
144.500591334263
20
107.825640284471
30
0
0
VERTEX
8
0
10
144.760952760091
20
107.823447555893
30
0
0
VERTEX
8
0
10
145.021314185918
20
107.824212645821
30
0
0
VERTEX
8
0
10
145.281675611746
20
107.821074479852
30
0
0
VERTEX
8
0
10
145.542037037573
20
107.819354259025
30
0
0
VERTEX
8
0
10
145.802398463401
20
107.8172801352
30
0
0
VERTEX
8
0
10
146.062759889228
20
107.813260477731
30
0
0
VERTEX
8
0
10
146.323121315056
20
107.812076452803
30
0
0
VERTEX
8
0
10
146.583482740883
20
107.807171310293
30
0
0
VERTEX
8
0
10
146.843844166711
20
107.803373593809
30
0
0
VERTEX
8
0
10
147.104205592538
20
107.799715071099
30
0
0
VERTEX
8
0
10
147.364567018366
20
107.793967571619
30
0
0
VERTEX
8
0
10
147.624928444193
20
107.78952756737
30
0
0
VERTEX
8
0
10
147.885289870021
20
107.784332694344
30
0
0
VERTEX
8
0
10
148.145651295848
20
107.777753635243
30
0
0
VERTEX
8
0
10
148.406012721676
20
107.773389531917
30
0
0
VERTEX
8
0
10
148.666374147503
20
107.766015294059
30
0
0
VERTEX
8
0
10
148.926735573331
20
107.759671415626
30
0
0
VERTEX
8
0
10
149.187096999158
20
107.753013999397
30
0
0
VERTEX
8
0
10
149.447458424986
20
107.744852296212
30
0
0
VERTEX
8
0
10
149.707819850813
20
107.738767953859
30
0
0
VERTEX
8
0
10
149.968181276641
20
107.729870397758
30
0
0
VERTEX
8
0
10
150.228542702468
20
107.721752260829
30
0
0
VERTEX
8
0
10
150.488904128296
20
107.713691372512
30
0
0
VERTEX
8
0
10
150.749265554123
20
107.704053152463
30
0
0
VERTEX
8
0
10
151.009626979951
20
107.695334972408
30
0
0
VERTEX
8
0
10
151.269988405778
20
107.68602125977
30
0
0
VERTEX
8
0
10
151.530349831606
20
107.675660406927
30
0
0
VERTEX
8
0
10
151.790711257433
20
107.666863145525
30
0
0
VERTEX
8
0
10
152.051072683261
20
107.655857375565
30
0
0
VERTEX
8
0
10
152.311434109088
20
107.645551238685
30
0
0
VERTEX
8
0
10
152.571795534916
20
107.634979411921
30
0
0
VERTEX
8
0
10
152.832156960743
20
107.623303411168
30
0
0
VERTEX
8
0
10
153.092518386571
20
107.613051462736
30
0
0
VERTEX
8
0
10
153.352879812398
20
107.600790353285
30
0
0
VERTEX
8
0
10
153.613241238226
20
107.589036072833
30
0
0
VERTEX
8
0
10
153.873602664053
20
107.577281330275
30
0
0
VERTEX
8
0
10
154.133964089881
20
107.564405645894
30
0
0
VERTEX
8
0
10
154.394325515708
20
107.552126353176
30
0
0
VERTEX
8
0
10
154.654686941536
20
107.539403669489
30
0
0
VERTEX
8
0
10
154.915048367363
20
107.525939327473
30
0
0
VERTEX
8
0
10
155.175409793191
20
107.513490563753
30
0
0
VERTEX
8
0
10
155.435771219018
20
107.49953467032
30
0
0
SEQEND
8
0
0
POLYLINE
8
0
62
4
70
0
10
0
20
0
30
0
0
VERTEX
8
0
10
13.7991555688578
20
21.3390376838531
30
0
0
VERTEX
8
0
10
14.0595169946853
20
21.6993154279811
30
0
0
VERTEX
8
0
10
14.3198784205128
20
22.1127336970602
30
0
0
VERTEX
8
0
10
14.5802398463403
20
22.4675113019897
30
0
0
VERTEX
8
0
10
14.8406012721678
20
22.8471822376507
30
0
0
VERTEX
8
0
10
15.1009626979953
20
23.2353393127233
30
0
0
VERTEX
8
0
10
15.3613241238228
20
23.5906418292571
30
0
0
VERTEX
8
0
10
15.6216855496503
20
23.9758765223054
30
0
0
VERTEX
8
0
10
15.8820469754778
20
24.3528400440112
30
0
0
VERTEX
8
0
10
16.1424084013053
20
24.7082643305155
30
0
0
VERTEX
8
0
10
16.4027698271328
20
25.1144431549659
30
0
0
VERTEX
8
0
10
16.6631312529603
20
25.4663904982496
30
0
0
VERTEX
8
0
10
16.9234926787878
20
25.8459341673209
30
0
0
VERTEX
8
0
10
17.1838541046153
20
26.2252855200318
30
0
0
VERTEX
8
0
10
17.4442155304428
20
26.5774185944651
30
0
0
VERTEX
8
0
10
17.7045769562703
20
26.9833790224505
30
0
0
VERTEX
8
0
10
17.9649383820978
20
27.3309324139375
30
0
0
VERTEX
8
0
10
18.2252998079253
20
27.703053255852
30
0
0
VERTEX
8
0
10
18.4856612337528
20
28.0835473952597
30
0
0
VERTEX
8
0
10
18.7460226595803
20
28.4311728736353
30
0
0
VERTEX
8
0
10
19.0063840854078
20
28.8090489955223
30
0
0
VERTEX
8
0
10
19.2667455112354
20
29.1780676863929
30
0
0
VERTEX
8
0
10
19.5271069370629
20
29.5250271219251
30
0
0
VERTEX
8
0
10
19.7874683628904
20
29.9233394769138
30
0
0
VERTEX
8
0
10
20.0478297887179
20
30.2661591174239
30
0
0
VERTEX
8
0
10
20.3081912145454
20
30.6363053536468
30
0
0
VERTEX
8
0
10
20.5685526403729
20
31.0061585287517
30
0
0
VERTEX
8
0
10
20.8289140662004
20
31.3487625558411
30
0
0
VERTEX
8
0
10
21.0892754920279
20
31.7449556797252
30
0
0
VERTEX
8
0
10
21.3496369178554
20
32.0836068812797
30
0
0
VERTEX
8
0
10
21.6099983436829
20
32.4463046846936
30
0
0
VERTEX
8
0
10
21.8703597695104
20
32.817525220577
30
0
0
VERTEX
8
0
10
22.1307211953379
20
33.1564058395823
30
0
0
VERTEX
8
0
10
22.3910826211654
20
33.5253794110774
30
0
0
VERTEX
8
0
10
22.6514440469929
20
33.8858522757675
30
0
0
VERTEX
8
0
10
22.9118054728204
20
34.2243048454684
30
0
0
VERTEX
8
0
10
23.1721668986479
20
34.6139294054144
30
0
0
VERTEX
8
0
10
23.4325283244754
20
34.9487431675747
30
0
0
VERTEX
8
0
10
23.6928897503029
20
35.3104368932761
30
0
0
VERTEX
8
0
10
23.9532511761304
20
35.6717687001622
30
0
0
VERTEX
8
0
10
24.2136126019579
20
36.006128535698
30
0
0
VERTEX
8
0
10
24.4739740277855
20
36.3930509228024
30
0
0
VERTEX
8
0
10
24.734335453613
20
36.7234318600461
30
0
0
VERTEX
8
0
10
24.9946968794405
20
37.0772355233024
30
0
0
VERTEX
8
0
10
25.255058305268
20
37.4390120915578
30
0
0
VERTEX
8
0
10
25.5154197310955
20
37.768904753836
30
0
0
VERTEX
8
0
10
25.775781156923
20
38.1284511383669
30
0
0
VERTEX
8
0
10
26.0361425827505
20
38.4795579373857
30
0
0
VERTEX
8
0
10
26.296504008578
20
38.8088331593124
30
0
0
VERTEX
8
0
10
26.5568654344055
20
39.1886176517001
30
0
0
VERTEX
8
0
10
26.817226860233
20
39.5146306632212
30
0
0
VERTEX
8
0
10
27.0775882860605
20
39.8669256054193
30
0
0
VERTEX
8
0
10
27.337949711888
20
40.2125387585326
30
0
0
VERTEX
8
0
10
27.5983111377155
20
40.5335023759266
30
0
0
VERTEX
8
0
10
27.858672563543
20
40.906236326982
30
0
0
VERTEX
8
0
10
28.1190339893705
20
41.2240405642842
30
0
0
VERTEX
8
0
10
28.379395415198
20
41.5645898769275
30
0
0
VERTEX
8
0
10
28.6397568410255
20
41.912872729232
30
0
0
VERTEX
8
0
10
28.900118266853
20
42.2299895901382
30
0
0
VERTEX
8
0
10
29.1604796926805
20
42.5761656094026
30
0
0
VERTEX
8
0
10
29.420841118508
20
42.9140135252996
30
0
0
VERTEX
8
0
10
29.6812025443356
20
43.2303459483439
30
0
0
VERTEX
8
0
10
29.9415639701631
20
43.5975337435259
30
0
0
VERTEX
8
0
10
30.2019253959906
20
43.9118681963975
30
0
0
VERTEX
8
0
10
30.4622868218181
20
44.2518179656267
30
0
0
VERTEX
8
0
10
30.7226482476456
20
44.5913146540641
30
0
0
VERTEX
8
0
10
30.9830096734731
20
44.9048498480412
30
0
0
VERTEX
8
0
10
31.2433710993006
20
45.2689303021117
30
0
0
VERTEX
8
0
10
31.5037325251281
20
45.5795815580274
30
0
0
VERTEX
8
0
10
31.7640939509556
20
45.9122823287729
30
0
0
VERTEX
8
0
10
32.0244553767831
20
46.2524699918265
30
0
0
VERTEX
8
0
10
32.2848168026106
20
46.5623015159181
30
0
0
VERTEX
8
0
10
32.5451782284381
20
46.8987707841198
30
0
0
VERTEX
8
0
10
32.8055396542656
20
47.2273082967582
30
0
0
VERTEX
8
0
10
33.0659010800931
20
47.5347599711549
30
0
0
VERTEX
8
0
10
33.3262625059206
20
47.8906563765121
30
0
0
VERTEX
8
0
10
33.5866239317481
20
48.1953637808146
30
0
0
VERTEX
8
0
10
33.8469853575756
20
48.5249520144883
30
0
0
VERTEX
8
0
10
34.1073467834031
20
48.8540574722156
30
0
0
VERTEX
8
0
10
34.3677082092306
20
49.1578474210076
30
0
0
VERTEX
8
0
10
34.6280696350581
20
49.5108044470553
30
0
0
VERTEX
8
0
10
34.8884310608857
20
49.8119286697966
30
0
0
VERTEX
8
0
10
35.1487924867132
20
50.1348886184406
30
0
0
VERTEX
8
0
10
35.4091539125407
20
50.4650628133358
30
0
0
VERTEX
8
0
10
35.6695153383682
20
50.765750411853
30
0
0
VERTEX
8
0
10
35.9298767641957
20
51.0940146458889
30
0
0
VERTEX
8
0
10
36.1902381900232
20
51.4142915954277
30
0
0
VERTEX
8
0
10
36.4505996158507
20
51.7139877350551
30
0
0
VERTEX
8
0
10
36.7109610416782
20
52.0608399486681
30
0
0
VERTEX
8
0
10
36.9713224675057
20
52.357989875392
30
0
0
VERTEX
8
0
10
37.2316838933332
20
52.6792435764647
30
0
0
VERTEX
8
0
10
37.4920453191607
20
52.9999931618883
30
0
0
VERTEX
8
0
10
37.7524067449882
20
53.2876151617877
30
0
0
VERTEX
8
0
10
38.0127681708157
20
53.6219749251362
30
0
0
VERTEX
8
0
10
38.2731295966432
20
53.9061532789436
30
0
0
VERTEX
8
0
10
38.5334910224707
20
54.2109141774688
30
0
0
VERTEX
8
0
10
38.7938524482982
20
54.5226412904341
30
0
0
VERTEX
8
0
10
39.0542138741257
20
54.805773329499
30
0
0
VERTEX
8
0
10
39.3145752999532
20
55.1156557876244
30
0
0
VERTEX
8
0
10
39.5749367257807
20
55.41774518918
30
0
0
VERTEX
8
0
10
39.8352981516082
20
55.6997817997929
30
0
0
VERTEX
8
0
10
40.0956595774358
20
56.0276309167499
30
0
0
VERTEX
8
0
10
40.3560210032633
20
56.2988519404137
30
0
0
VERTEX
8
0
10
40.6163824290908
20
56.5908568631098
30
0
0
VERTEX
8
0
10
40.8767438549183
20
56.8823423968143
30
0
0
VERTEX
8
0
10
41.1371052807458
20
57.1499134569055
30
0
0
VERTEX
8
0
10
41.3974667065733
20
57.463741894042
30
0
0
VERTEX
8
0
10
41.6578281324008
20
57.7289702123618
30
0
0
VERTEX
8
0
10
41.9181895582283
20
58.0140865976893
30
0
0
VERTEX
8
0
10
42.1785509840558
20
58.3059268369545
30
0
0
VERTEX
8
0
10
42.4389124098833
20
58.5700351909843
30
0
0
VERTEX
8
0
10
42.6992738357108
20
58.8600986264341
30
0
0
VERTEX
8
0
10
42.9596352615383
20
59.142253849932
30
0
0
VERTEX
8
0
10
43.2199966873658
20
59.4047044572707
30
0
0
VERTEX
8
0
10
43.4803581131933
20
59.7116612045323
30
0
0
VERTEX
8
0
10
43.7407195390208
20
59.9718443971773
30
0
0
VERTEX
8
0
10
44.0010809648483
20
60.2546130506957
30
0
0
VERTEX
8
0
10
44.2614423906758
20
60.5368426644178
30
0
0
VERTEX
8
0
10
44.5218038165033
20
60.7958505039038
30
0
0
VERTEX
8
0
10
44.7821652423308
20
61.0996735053129
30
0
0
VERTEX
8
0
10
45.0425266681583
20
61.3564584487315
30
0
0
VERTEX
8
0
10
45.3028880939859
20
61.6324392344379
30
0
0
VERTEX
8
0
10
45.5632495198134
20
61.9148933159925
30
0
0
VERTEX
8
0
10
45.8236109456409
20
62.1704897240859
30
0
0
VERTEX
8
0
10
46.0839723714684
20
62.4512134942124
30
0
0
VERTEX
8
0
10
46.3443337972959
20
62.7245472398651
30
0
0
VERTEX
8
0
10
46.6046952231234
20
62.978919827253
30
0
0
VERTEX
8
0
10
46.8650566489509
20
63.2764031463136
30
0
0
VERTEX
8
0
10
47.1254180747784
20
63.5286187381196
30
0
0
VERTEX
8
0
10
47.3857795006059
20
63.8026425190667
30
0
0
VERTEX
8
0
10
47.6461409264334
20
64.0761117929338
30
0
0
VERTEX
8
0
10
47.9065023522609
20
64.3270932439847
30
0
0
VERTEX
8
0
10
48.1668637780884
20
64.6213773785271
30
0
0
VERTEX
8
0
10
48.4272252039159
20
64.8695693137383
30
0
0
VERTEX
8
0
10
48.6875866297434
20
65.1364284895799
30
0
0
VERTEX
8
0
10
48.9479480555709
20
65.409505229435
30
0
0
VERTEX
8
0
10
49.2083094813984
20
65.656634272727
30
0
0
VERTEX
8
0
10
49.4686709072259
20
65.9280242818183
30
0
0
VERTEX
8
0
10
49.7290323330534
20
66.1922427319164
30
0
0
VERTEX
8
0
10
49.9893937588809
20
66.4380984712747
30
0
0
VERTEX
8
0
10
50.2497551847084
20
66.7255996762118
30
0
0
VERTEX
8
0
10
50.5101166105359
20
66.9693977192407
30
0
0
VERTEX
8
0
10
50.7704780363635
20
67.2342035949686
30
0
0
VERTEX
8
0
10
51.030839462191
20
67.4845115949417
30
0
0
VERTEX
8
0
10
51.2912008880185
20
67.7157492541741
30
0
0
VERTEX
8
0
10
51.551562313846
20
67.9887537480615
30
0
0
VERTEX
8
0
10
51.8119237396735
20
68.2179842451077
30
0
0
VERTEX
8
0
10
52.072285165501
20
68.4649989209199
30
0
0
VERTEX
8
0
10
52.3326465913285
20
68.7179872256079
30
0
0
VERTEX
8
0
10
52.593008017156
20
68.9459451593412
30
0
0
VERTEX
8
0
10
52.8533694429835
20
69.1973033968134
30
0
0
VERTEX
8
0
10
53.113730868811
20
69.4417194029923
30
0
0
VERTEX
8
0
10
53.3740922946385
20
69.6683773867726
30
0
0
VERTEX
8
0
10
53.634453720466
20
69.923453472755
30
0
0
VERTEX
8
0
10
53.8948151462935
20
70.1374571975719
30
0
0
VERTEX
8
0
10
54.155176572121
20
70.3717189695549
30
0
0
VERTEX
8
0
10
54.4155379979485
20
70.605432792567
30
0
0
VERTEX
8
0
10
54.675899423776
20
70.8181741449578
30
0
0
VERTEX
8
0
10
54.9362608496035
20
71.0712067261536
30
0
0
VERTEX
8
0
10
55.196622275431
20
71.2820477118276
30
0
0
VERTEX
8
0
10
55.4569837012585
20
71.5100068371782
30
0
0
VERTEX
8
0
10
55.717345127086
20
71.743710665986
30
0
0
VERTEX
8
0
10
55.9777065529135
20
71.9532736914751
30
0
0
VERTEX
8
0
10
56.238067978741
20
72.1863369967136
30
0
0
VERTEX
8
0
10
56.4984294045685
20
72.4127181722641
30
0
0
VERTEX
8
0
10
56.758790830396
20
72.6219360231793
30
0
0
VERTEX
8
0
10
57.0191522562235
20
72.8699494776138
30
0
0
VERTEX
8
0
10
57.279513682051
20
73.0772994163105
30
0
0
VERTEX
8
0
10
57.5398751078785
20
73.3041372823536
30
0
0
VERTEX
8
0
10
57.800236533706
20
73.5304093120777
30
0
0
VERTEX
8
0
10
58.0605979595335
20
73.7364376052442
30
0
0
VERTEX
8
0
10
58.320959385361
20
73.9812477860578
30
0
0
VERTEX
8
0
10
58.5813208111885
20
74.1854320628769
30
0
0
VERTEX
8
0
10
58.841682237016
20
74.405650108344
30
0
0
VERTEX
8
0
10
59.1020436628435
20
74.6312785365
30
0
0
VERTEX
8
0
10
59.362405088671
20
74.8336546388937
30
0
0
VERTEX
8
0
10
59.6227665144985
20
75.0577312279778
30
0
0
VERTEX
8
0
10
59.883127940326
20
75.2753109164547
30
0
0
VERTEX
8
0
10
60.1434893661535
20
75.4763344175701
30
0
0
VERTEX
8
0
10
60.403850791981
20
75.7146727808038
30
0
0
VERTEX
8
0
10
60.6642122178084
20
75.9138885948788
30
0
0
VERTEX
8
0
10
60.924573643636
20
76.1318047684899
30
0
0
VERTEX
8
0
10
61.1849350694635
20
76.3491442222169
30
0
0
VERTEX
8
0
10
61.4452964952909
20
76.5469981256423
30
0
0
VERTEX
8
0
10
61.7056579211184
20
76.7820861733955
30
0
0
VERTEX
8
0
10
61.9660193469459
20
76.9781551254552
30
0
0
VERTEX
8
0
10
62.2263807727734
20
77.1899565438215
30
0
0
VERTEX
8
0
10
62.4867421986009
20
77.4069954118943
30
0
0
VERTEX
8
0
10
62.7471036244284
20
77.6016939589689
30
0
0
VERTEX
8
0
10
63.0074650502559
20
77.8172022417836
30
0
0
VERTEX
8
0
10
63.2678264760834
20
78.0264408296044
30
0
0
VERTEX
8
0
10
63.5281879019109
20
78.2197505464382
30
0
0
VERTEX
8
0
10
63.7885493277384
20
78.4488547259592
30
0
0
VERTEX
8
0
10
64.0489107535659
20
78.6404126905601
30
0
0
VERTEX
8
0
10
64.3092721793934
20
78.849869065576
30
0
0
VERTEX
8
0
10
64.5696336052209
20
79.0587399885525
30
0
0
VERTEX
8
0
10
64.8299950310484
20
79.2489025286718
30
0
0
VERTEX
8
0
10
65.0903564568759
20
79.4747198469542
30
0
0
VERTEX
8
0
10
65.3507178827034
20
79.6631524898975
30
0
0
VERTEX
8
0
10
65.6110793085309
20
79.8666123089471
30
0
0
VERTEX
8
0
10
65.8714407343584
20
80.0750540565212
30
0
0
VERTEX
8
0
10
66.1318021601859
20
80.2620853769041
30
0
0
VERTEX
8
0
10
66.3921635860134
20
80.4690193450462
30
0
0
VERTEX
8
0
10
66.6525250118409
20
80.669918448863
30
0
0
VERTEX
8
0
10
66.9128864376684
20
80.8568607568167
30
0
0
VERTEX
8
0
10
67.1732478634959
20
81.0776496293308
30
0
0
VERTEX
8
0
10
67.4336092893234
20
81.2624966911521
30
0
0
VERTEX
8
0
10
67.6939707151509
20
81.4644287699302
30
0
0
VERTEX
8
0
10
67.9543321409784
20
81.6657683680059
30
0
0
VERTEX
8
0
10
68.2146935668059
20
81.849192217621
30
0
0
VERTEX
8
0
10
68.4750549926334
20
82.0666656140196
30
0
0
VERTEX
8
0
10
68.7354164184609
20
82.2484111318198
30
0
0
VERTEX
8
0
10
68.9957778442884
20
82.444471716235
30
0
0
VERTEX
8
0
10
69.2561392701159
20
82.6452567637167
30
0
0
VERTEX
8
0
10
69.5165006959434
20
82.8246785151009
30
0
0
VERTEX
8
0
10
69.7768621217709
20
83.0232830787917
30
0
0
VERTEX
8
0
10
70.0372235475984
20
83.2160939813075
30
0
0
VERTEX
8
0
10
70.2975849734259
20
83.3942789595738
30
0
0
VERTEX
8
0
10
70.5579463992534
20
83.6051309405908
30
0
0
VERTEX
8
0
10
70.8183078250809
20
83.781669592926
30
0
0
VERTEX
8
0
10
71.0786692509084
20
83.9744742099084
30
0
0
VERTEX
8
0
10
71.3390306767359
20
84.1666834572123
30
0
0
VERTEX
8
0
10
71.5993921025634
20
84.3417819955228
30
0
0
VERTEX
8
0
10
71.8597535283909
20
84.5493121451506
30
0
0
VERTEX
8
0
10
72.1201149542184
20
84.7227847544045
30
0
0
VERTEX
8
0
10
72.3804763800459
20
84.9098601522622
30
0
0
VERTEX
8
0
10
72.6408378058734
20
85.1014047516071
30
0
0
VERTEX
8
0
10
72.9011992317009
20
85.2734356437532
30
0
0
VERTEX
8
0
10
73.1615606575284
20
85.4635216581368
30
0
0
VERTEX
8
0
10
73.4219220833559
20
85.6480593575694
30
0
0
VERTEX
8
0
10
73.6822835091834
20
85.8186378247015
30
0
0
VERTEX
8
0
10
73.9426449350109
20
86.020295585414
30
0
0
VERTEX
8
0
10
74.2030063608384
20
86.1892779505574
30
0
0
VERTEX
8
0
10
74.4633677866659
20
86.3737043685934
30
0
0
VERTEX
8
0
10
74.7237292124934
20
86.5568297722081
30
0
0
VERTEX
8
0
10
74.9840906383209
20
86.7236683636316
30
0
0
VERTEX
8
0
10
75.2444520641484
20
86.9213134887289
30
0
0
VERTEX
8
0
10
75.5048134899759
20
87.0865763124362
30
0
0
VERTEX
8
0
10
75.7651749158034
20
87.2647300577481
30
0
0
VERTEX
8
0
10
76.0255363416309
20
87.4470985817329
30
0
0
VERTEX
8
0
10
76.2858977674584
20
87.6109094383169
30
0
0
VERTEX
8
0
10
76.5462591932859
20
87.791846318171
30
0
0
VERTEX
8
0
10
76.8066206191134
20
87.9674834440315
30
0
0
VERTEX
8
0
10
77.0669820449409
20
88.1298334676158
30
0
0
VERTEX
8
0
10
77.3273434707684
20
88.3216696879574
30
0
0
VERTEX
8
0
10
77.5877048965959
20
88.4824726701083
30
0
0
VERTEX
8
0
10
77.8480663224234
20
88.6578988386059
30
0
0
VERTEX
8
0
10
78.1084277482509
20
88.8327283844846
30
0
0
VERTEX
8
0
10
78.3687891740784
20
88.9920716427644
30
0
0
VERTEX
8
0
10
78.6291505999059
20
89.1805953853592
30
0
0
VERTEX
8
0
10
78.8895120257334
20
89.3384106874334
30
0
0
VERTEX
8
0
10
79.1498734515609
20
89.5084074649228
30
0
0
VERTEX
8
0
10
79.4102348773884
20
89.682365849046
30
0
0
VERTEX
8
0
10
79.6705963032159
20
89.838723017727
30
0
0
VERTEX
8
0
10
79.9309577290434
20
90.0112766422394
30
0
0
VERTEX
8
0
10
80.1913191548709
20
90.1787805949496
30
0
0
VERTEX
8
0
10
80.4516805806984
20
90.3336725474167
30
0
0
VERTEX
8
0
10
80.7120420065259
20
90.5164549702856
30
0
0
VERTEX
8
0
10
80.9724034323534
20
90.6698470586478
30
0
0
VERTEX
8
0
10
81.2327648581809
20
90.8370429522949
30
0
0
VERTEX
8
0
10
81.4931262840084
20
91.0036438627919
30
0
0
VERTEX
8
0
10
81.7534877098359
20
91.1555734066492
30
0
0
VERTEX
8
0
10
82.0138491356634
20
91.3350591948715
30
0
0
VERTEX
8
0
10
82.2742105614909
20
91.4855075502368
30
0
0
VERTEX
8
0
10
82.5345719873184
20
91.6471507973009
30
0
0
VERTEX
8
0
10
82.7949334131459
20
91.8123271608052
30
0
0
VERTEX
8
0
10
83.0552948389734
20
91.9608577460465
30
0
0
VERTEX
8
0
10
83.3156562648009
20
92.1246574048452
30
0
0
VERTEX
8
0
10
83.5760176906284
20
92.2836588232022
30
0
0
VERTEX
8
0
10
83.8363791164559
20
92.4307244958872
30
0
0
VERTEX
8
0
10
84.0967405422834
20
92.6040879475014
30
0
0
VERTEX
8
0
10
84.3571019681109
20
92.7496999980357
30
0
0
VERTEX
8
0
10
84.6174633939384
20
92.908300909331
30
0
0
VERTEX
8
0
10
84.8778248197659
20
93.0663100806956
30
0
0
VERTEX
8
0
10
85.1381862455934
20
93.2104612429218
30
0
0
VERTEX
8
0
10
85.3985476714209
20
93.3805522690351
30
0
0
VERTEX
8
0
10
85.6589090972484
20
93.5232680741944
30
0
0
VERTEX
8
0
10
85.9192705230759
20
93.6767598003774
30
0
0
VERTEX
8
0
10
86.1796319489034
20
93.833714036171
30
0
0
VERTEX
8
0
10
86.4399933747309
20
93.9749734308189
30
0
0
VERTEX
8
0
10
86.7003548005584
20
94.1305797084215
30
0
0
VERTEX
8
0
10
86.9607162263859
20
94.2816393600475
30
0
0
VERTEX
8
0
10
87.2210776522134
20
94.4214383287432
30
0
0
VERTEX
8
0
10
87.4814390780409
20
94.5859499364309
30
0
0
VERTEX
8
0
10
87.7418005038684
20
94.7243406793506
30
0
0
VERTEX
8
0
10
88.0021619296959
20
94.8755264407521
30
0
0
VERTEX
8
0
10
88.2625233555234
20
95.0259684109826
30
0
0
VERTEX
8
0
10
88.5228847813509
20
95.1633626349717
30
0
0
VERTEX
8
0
10
88.7832462071784
20
95.3250907302724
30
0
0
VERTEX
8
0
10
89.0436076330059
20
95.4610950011815
30
0
0
VERTEX
8
0
10
89.3039690588334
20
95.6071821547798
30
0
0
VERTEX
8
0
10
89.5643304846609
20
95.7564868616469
30
0
0
VERTEX
8
0
10
89.8246919104884
20
95.8910425018318
30
0
0
VERTEX
8
0
10
90.0850533363159
20
96.0390293596832
30
0
0
VERTEX
8
0
10
90.3454147621433
20
96.1827213292348
30
0
0
VERTEX
8
0
10
90.6057761879709
20
96.2942542542912
30
0
0
VERTEX
8
0
10
90.8661376137984
20
96.4326367084365
30
0
0
VERTEX
8
0
10
91.1264990396259
20
96.5465199322776
30
0
0
VERTEX
8
0
10
91.3868604654534
20
96.6717973386088
30
0
0
VERTEX
8
0
10
91.6472218912809
20
96.7965039127572
30
0
0
VERTEX
8
0
10
91.9075833171083
20
96.908964836856
30
0
0
VERTEX
8
0
10
92.1679447429358
20
97.0442034213068
30
0
0
VERTEX
8
0
10
92.4283061687634
20
97.1553333960024
30
0
0
VERTEX
8
0
10
92.6886675945909
20
97.2758825678103
30
0
0
VERTEX
8
0
10
92.9490290204184
20
97.3994224267909
30
0
0
VERTEX
8
0
10
93.2093904462458
20
97.5086459803201
30
0
0
VERTEX
8
0
10
93.4697518720733
20
97.6304592350704
30
0
0
VERTEX
8
0
10
93.7301132979008
20
97.748228662419
30
0
0
VERTEX
8
0
10
93.9904747237283
20
97.8560618817043
30
0
0
VERTEX
8
0
10
94.2508361495558
20
97.9855375055845
30
0
0
VERTEX
8
0
10
94.5111975753833
20
98.0920623078783
30
0
0
VERTEX
8
0
10
94.7715590012108
20
98.209212081246
30
0
0
VERTEX
8
0
10
95.0319204270383
20
98.3257945857858
30
0
0
VERTEX
8
0
10
95.2922818528658
20
98.4309009283181
30
0
0
VERTEX
8
0
10
95.5526432786933
20
98.55725729553
30
0
0
VERTEX
8
0
10
95.8130047045208
20
98.655589338467
30
0
0
VERTEX
8
0
10
96.0733661303483
20
98.762295292508
30
0
0
VERTEX
8
0
10
96.3337275561758
20
98.8717677632978
30
0
0
VERTEX
8
0
10
96.5940889820033
20
98.968312811064
30
0
0
VERTEX
8
0
10
96.8544504078308
20
99.0765544072955
30
0
0
VERTEX
8
0
10
97.1148118336583
20
99.180997512122
30
0
0
VERTEX
8
0
10
97.3751732594858
20
99.2761483582101
30
0
0
VERTEX
8
0
10
97.6355346853133
20
99.3914576303294
30
0
0
VERTEX
8
0
10
97.8958961111408
20
99.4853512207943
30
0
0
VERTEX
8
0
10
98.1562575369683
20
99.5891206328361
30
0
0
VERTEX
8
0
10
98.4166189627958
20
99.6948293872825
30
0
0
VERTEX
8
0
10
98.6769803886233
20
99.7904663151617
30
0
0
VERTEX
8
0
10
98.9373418144508
20
99.9058553666799
30
0
0
VERTEX
8
0
10
99.1977032402783
20
100.000240166999
30
0
0
VERTEX
8
0
10
99.4580646661058
20
100.102745037829
30
0
0
VERTEX
8
0
10
99.7184260919333
20
100.207782376276
30
0
0
VERTEX
8
0
10
99.9787875177608
20
100.300768863858
30
0
0
VERTEX
8
0
10
100.239148943588
20
100.40458944903
30
0
0
VERTEX
8
0
10
100.499510369416
20
100.504841858575
30
0
0
VERTEX
8
0
10
100.759871795243
20
100.59642858271
30
0
0
VERTEX
8
0
10
101.020233221071
20
100.706105012861
30
0
0
VERTEX
8
0
10
101.280594646898
20
100.795571248039
30
0
0
VERTEX
8
0
10
101.540956072726
20
100.894160603207
30
0
0
VERTEX
8
0
10
101.801317498553
20
100.992197120508
30
0
0
VERTEX
8
0
10
102.061678924381
20
101.08027288363
30
0
0
VERTEX
8
0
10
102.322040350208
20
101.1866121926
30
0
0
VERTEX
8
0
10
102.582401776036
20
101.273474314065
30
0
0
VERTEX
8
0
10
102.842763201863
20
101.367819502895
30
0
0
VERTEX
8
0
10
103.103124627691
20
101.464473281096
30
0
0
VERTEX
8
0
10
103.363486053518
20
101.549951685812
30
0
0
VERTEX
8
0
10
103.623847479346
20
101.63919890589
30
0
0
VERTEX
8
0
10
103.884208905173
20
101.719394591995
30
0
0
VERTEX
8
0
10
104.144570331001
20
101.79156969525
30
0
0
VERTEX
8
0
10
104.404931756828
20
101.880988122203
30
0
0
VERTEX
8
0
10
104.665293182656
20
101.952010447793
30
0
0
VERTEX
8
0
10
104.925654608483
20
102.03144212305
30
0
0
VERTEX
8
0
10
105.186016034311
20
102.110347980892
30
0
0
VERTEX
8
0
10
105.446377460138
20
102.180049570084
30
0
0
VERTEX
8
0
10
105.706738885966
20
102.266582515663
30
0
0
VERTEX
8
0
10
105.967100311793
20
102.335144091639
30
0
0
VERTEX
8
0
10
106.227461737621
20
102.410588084822
30
0
0
VERTEX
8
0
10
106.487823163448
20
102.484518902892
30
0
0
VERTEX
8
0
10
106.748184589276
20
102.549149056583
30
0
0
VERTEX
8
0
10
107.008546015103
20
102.622970491047
30
0
0
VERTEX
8
0
10
107.268907440931
20
102.693712075843
30
0
0
VERTEX
8
0
10
107.529268866758
20
102.757043442204
30
0
0
VERTEX
8
0
10
107.789630292586
20
102.836211400304
30
0
0
VERTEX
8
0
10
108.049991718413
20
102.898433792932
30
0
0
VERTEX
8
0
10
108.310353144241
20
102.968357807808
30
0
0
VERTEX
8
0
10
108.570714570068
20
103.037767885686
30
0
0
VERTEX
8
0
10
108.831075995896
20
103.098697444244
30
0
0
VERTEX
8
0
10
109.091437421723
20
103.176120584088
30
0
0
VERTEX
8
0
10
109.351798847551
20
103.23681596876
30
0
0
VERTEX
8
0
10
109.612160273378
20
103.303792263217
30
0
0
VERTEX
8
0
10
109.872521699206
20
103.372669826449
30
0
0
VERTEX
8
0
10
110.132883125033
20
103.432073470787
30
0
0
VERTEX
8
0
10
110.393244550861
20
103.499860011772
30
0
0
VERTEX
8
0
10
110.653605976688
20
103.564788365438
30
0
0
VERTEX
8
0
10
110.913967402516
20
103.62290095755
30
0
0
VERTEX
8
0
10
111.174328828343
20
103.69545964421
30
0
0
VERTEX
8
0
10
111.434690254171
20
103.752492976943
30
0
0
VERTEX
8
0
10
111.695051679998
20
103.816525996624
30
0
0
VERTEX
8
0
10
111.955413105826
20
103.880050804139
30
0
0
VERTEX
8
0
10
112.215774531653
20
103.935801366323
30
0
0
VERTEX
8
0
10
112.476135957481
20
104.005577389806
30
0
0
VERTEX
8
0
10
112.736497383308
20
104.060262731291
30
0
0
VERTEX
8
0
10
112.996858809136
20
104.120635965533
30
0
0
VERTEX
8
0
10
113.257220234963
20
104.182702983471
30
0
0
VERTEX
8
0
10
113.517581660791
20
104.236114598352
30
0
0
VERTEX
8
0
10
113.777943086618
20
104.297118564535
30
0
0
VERTEX
8
0
10
114.038304512446
20
104.35548641309
30
0
0
VERTEX
8
0
10
114.298665938273
20
104.407626508769
30
0
0
VERTEX
8
0
10
114.559027364101
20
104.472851479698
30
0
0
VERTEX
8
0
10
114.819388789928
20
104.523948323709
30
0
0
VERTEX
8
0
10
115.079750215756
20
104.581360640074
30
0
0
VERTEX
8
0
10
115.340111641583
20
104.638274596889
30
0
0
VERTEX
8
0
10
115.600473067411
20
104.688110293797
30
0
0
VERTEX
8
0
10
115.860834493238
20
104.750609775345
30
0
0
VERTEX
8
0
10
116.121195919066
20
104.799417129061
30
0
0
VERTEX
8
0
10
116.381557344893
20
104.853334405006
30
0
0
VERTEX
8
0
10
116.641918770721
20
104.908744787399
30
0
0
VERTEX
8
0
10
116.902280196548
20
104.954226490529
30
0
0
VERTEX
8
0
10
117.162641622376
20
105.006098219818
30
0
0
VERTEX
8
0
10
117.423003048203
20
105.055558386289
30
0
0
VERTEX
8
0
10
117.683364474031
20
105.09937244678
30
0
0
VERTEX
8
0
10
117.943725899858
20
105.154949545005
30
0
0
VERTEX
8
0
10
118.204087325686
20
105.197768687033
30
0
0
VERTEX
8
0
10
118.464448751513
20
105.246243385319
30
0
0
VERTEX
8
0
10
118.724810177341
20
105.294236702716
30
0
0
VERTEX
8
0
10
118.985171603168
20
105.335836601284
30
0
0
VERTEX
8
0
10
119.245533028996
20
105.388782117335
30
0
0
VERTEX
8
0
10
119.505894454823
20
105.429402524828
30
0
0
VERTEX
8
0
10
119.766255880651
20
105.47457812202
30
0
0
VERTEX
8
0
10
120.026617306478
20
105.521059103733
30
0
0
VERTEX
8
0
10
120.286978732306
20
105.560472991899
30
0
0
VERTEX
8
0
10
120.547340158133
20
105.605966207974
30
0
0
VERTEX
8
0
10
120.807701583961
20
105.64926276973
30
0
0
VERTEX
8
0
10
121.068063009788
20
105.68747506629
30
0
0
VERTEX
8
0
10
121.328424435616
20
105.736163435561
30
0
0
VERTEX
8
0
10
121.588785861443
20
105.773420665676
30
0
0
VERTEX
8
0
10
121.849147287271
20
105.815690017768
30
0
0
VERTEX
8
0
10
122.109508713098
20
105.857716233648
30
0
0
VERTEX
8
0
10
122.369870138926
20
105.894195141934
30
0
0
VERTEX
8
0
10
122.630231564753
20
105.940737014647
30
0
0
VERTEX
8
0
10
122.890592990581
20
105.976275687267
30
0
0
VERTEX
8
0
10
123.150954416408
20
106.015828194953
30
0
0
VERTEX
8
0
10
123.411315842236
20
106.056500623503
30
0
0
VERTEX
8
0
10
123.671677268063
20
106.090864430698
30
0
0
VERTEX
8
0
10
123.932038693891
20
106.130584623641
30
0
0
VERTEX
8
0
10
124.192400119718
20
106.168318277976
30
0
0
VERTEX
8
0
10
124.452761545546
20
106.201513766406
30
0
0
VERTEX
8
0
10
124.713122971373
20
106.243940384704
30
0
0
VERTEX
8
0
10
124.973484397201
20
106.276221887393
30
0
0
VERTEX
8
0
10
125.233845823028
20
106.312894672653
30
0
0
VERTEX
8
0
10
125.494207248856
20
106.349114712876
30
0
0
VERTEX
8
0
10
125.754568674683
20
106.3802443757
30
0
0
VERTEX
8
0
10
126.014930100511
20
106.420201063447
30
0
0
VERTEX
8
0
10
126.275291526338
20
106.450434322927
30
0
0
VERTEX
8
0
10
126.535652952166
20
106.484162358063
30
0
0
VERTEX
8
0
10
126.796014377993
20
106.518835025063
30
0
0
VERTEX
8
0
10
127.056375803821
20
106.547933783062
30
0
0
VERTEX
8
0
10
127.316737229648
20
106.581695234212
30
0
0
VERTEX
8
0
10
127.577098655476
20
106.613166157588
30
0
0
VERTEX
8
0
10
127.837460081303
20
106.640737774894
30
0
0
VERTEX
8
0
10
128.097821507131
20
106.676346157285
30
0
0
VERTEX
8
0
10
128.358182932958
20
106.703050905193
30
0
0
VERTEX
8
0
10
128.618544358786
20
106.733554195508
30
0
0
VERTEX
8
0
10
128.878905784613
20
106.763623674176
30
0
0
VERTEX
8
0
10
129.139267210441
20
106.789223011349
30
0
0
VERTEX
8
0
10
129.399628636268
20
106.822466489831
30
0
0
VERTEX
8
0
10
129.659990062096
20
106.84721763631
30
0
0
VERTEX
8
0
10
129.920351487923
20
106.874969388251
30
0
0
VERTEX
8
0
10
130.180712913751
20
106.9008011503
30
0
0
VERTEX
8
0
10
130.441074339578
20
106.922084199078
30
0
0
VERTEX
8
0
10
130.701435765406
20
106.947373897961
30
0
0
VERTEX
8
0
10
130.961797191233
20
106.971088840391
30
0
0
VERTEX
8
0
10
131.222158617061
20
106.991309407744
30
0
0
VERTEX
8
0
10
131.482520042888
20
107.018432230215
30
0
0
VERTEX
8
0
10
131.742881468716
20
107.037843494137
30
0
0
VERTEX
8
0
10
132.003242894543
20
107.060494396306
30
0
0
VERTEX
8
0
10
132.263604320371
20
107.082736486034
30
0
0
VERTEX
8
0
10
132.523965746198
20
107.101106035644
30
0
0
VERTEX
8
0
10
132.784327172026
20
107.126781356624
30
0
0
VERTEX
8
0
10
133.044688597853
20
107.145147211234
30
0
0
VERTEX
8
0
10
133.305050023681
20
107.166048900426
30
0
0
VERTEX
8
0
10
133.565411449508
20
107.187580324315
30
0
0
VERTEX
8
0
10
133.825772875336
20
107.20492163272
30
0
0
VERTEX
8
0
10
134.086134301163
20
107.225642535434
30
0
0
VERTEX
8
0
10
134.346495726991
20
107.244980384979
30
0
0
VERTEX
8
0
10
134.606857152818
20
107.261308434102
30
0
0
VERTEX
8
0
10
134.867218578646
20
107.283459342107
30
0
0
VERTEX
8
0
10
135.127580004473
20
107.299026392367
30
0
0
VERTEX
8
0
10
135.387941430301
20
107.317633125265
30
0
0
VERTEX
8
0
10
135.648302856128
20
107.335909026529
30
0
0
VERTEX
8
0
10
135.908664281956
20
107.350874980374
30
0
0
VERTEX
8
0
10
136.169025707783
20
107.371302739715
30
0
0
VERTEX
8
0
10
136.429387133611
20
107.385527363283
30
0
0
VERTEX
8
0
10
136.689748559438
20
107.401848296636
30
0
0
VERTEX
8
0
10
136.950109985266
20
107.41865679259
30
0
0
VERTEX
8
0
10
137.210471411093
20
107.431914050623
30
0
0
VERTEX
8
0
10
137.470832836921
20
107.447963470959
30
0
0
VERTEX
8
0
10
137.731194262748
20
107.462815313208
30
0
0
VERTEX
8
0
10
137.991555688576
20
107.474566699831
30
0
0
VERTEX
8
0
10
138.251917114403
20
107.490909021487
30
0
0
VERTEX
8
0
10
138.512278540231
20
107.501734269826
30
0
0
VERTEX
8
0
10
138.772639966058
20
107.514772002371
30
0
0
VERTEX
8
0
10
139.033001391886
20
107.527448261456
30
0
0
VERTEX
8
0
10
139.293362817713
20
107.537349569652
30
0
0
VERTEX
8
0
10
139.553724243541
20
107.551724202194
30
0
0
VERTEX
8
0
10
139.814085669368
20
107.560943552569
30
0
0
VERTEX
8
0
10
140.074447095196
20
107.571853912013
30
0
0
VERTEX
8
0
10
140.334808521023
20
107.583125265947
30
0
0
VERTEX
8
0
10
140.595169946851
20
107.591227926178
30
0
0
VERTEX
8
0
10
140.855531372678
20
107.601418037415
30
0
0
VERTEX
8
0
10
141.115892798506
20
107.610590567847
30
0
0
VERTEX
8
0
10
141.376254224333
20
107.61765019152
30
0
0
VERTEX
8
0
10
141.636615650161
20
107.628586762223
30
0
0
VERTEX
8
0
10
141.896977075988
20
107.635002226231
30
0
0
VERTEX
8
0
10
142.157338501816
20
107.643174970615
30
0
0
VERTEX
8
0
10
142.417699927643
20
107.651015078678
30
0
0
VERTEX
8
0
10
142.678061353471
20
107.656579631054
30
0
0
VERTEX
8
0
10
142.938422779298
20
107.665706178145
30
0
0
VERTEX
8
0
10
143.198784205126
20
107.670650562939
30
0
0
VERTEX
8
0
10
143.459145630953
20
107.679091372258
30
0
0
VERTEX
8
0
10
143.719507056781
20
107.687117752978
30
0
0
VERTEX
8
0
10
143.979868482608
20
107.692752218151
30
0
0
VERTEX
8
0
10
144.240229908436
20
107.700138304986
30
0
0
VERTEX
8
0
10
144.500591334263
20
107.706672952667
30
0
0
VERTEX
8
0
10
144.760952760091
20
107.711495679189
30
0
0
VERTEX
8
0
10
145.021314185918
20
107.719337494161
30
0
0
VERTEX
8
0
10
145.281675611746
20
107.723574009455
30
0
0
VERTEX
8
0
10
145.542037037573
20
107.729152152563
30
0
0
VERTEX
8
0
10
145.802398463401
20
107.734426180805
30
0
0
VERTEX
8
0
10
146.062759889228
20
107.736908138617
30
0
0
VERTEX
8
0
10
146.323121315056
20
107.742345932495
30
0
0
VERTEX
8
0
10
146.583482740883
20
107.744492554615
30
0
0
VERTEX
8
0
10
146.843844166711
20
107.747624615061
30
0
0
VERTEX
8
0
10
147.104205592538
20
107.750906274801
30
0
0
VERTEX
8
0
10
147.364567018366
20
107.752309995211
30
0
0
VERTEX
8
0
10
147.624928444193
20
107.755021565707
30
0
0
VERTEX
8
0
10
147.885289870021
20
107.757041657944
30
0
0
VERTEX
8
0
10
148.145651295848
20
107.757721298784
30
0
0
VERTEX
8
0
10
148.406012721676
20
107.760655000633
30
0
0
VERTEX
8
0
10
148.666374147503
20
107.759955549051
30
0
0
VERTEX
8
0
10
148.926735573331
20
107.760350914363
30
0
0
VERTEX
8
0
10
149.187096999158
20
107.760478804226
30
0
0
VERTEX
8
0
10
149.447458424986
20
107.759210955228
30
0
0
VERTEX
8
0
10
149.707819850813
20
107.759943011846
30
0
0
VERTEX
8
0
10
149.968181276641
20
107.758188886632
30
0
0
VERTEX
8
0
10
150.228542702468
20
107.757129834543
30
0
0
VERTEX
8
0
10
150.488904128296
20
107.756141491529
30
0
0
VERTEX
8
0
10
150.749265554123
20
107.753738297411
30
0
0
VERTEX
8
0
10
151.009626979951
20
107.75225545569
30
0
0
VERTEX
8
0
10
151.269988405778
20
107.750982257713
30
0
0
VERTEX
8
0
10
151.530349831606
20
107.748689361856
30
0
0
VERTEX
8
0
10
151.790711257433
20
107.747981445623
30
0
0
VERTEX
8
0
10
152.051072683261
20
107.745244540364
30
0
0
VERTEX
8
0
10
152.311434109088
20
107.743169119183
30
0
0
VERTEX
8
0
10
152.571795534916
20
107.7408622977
30
0
0
VERTEX
8
0
10
152.832156960743
20
107.737531856171
30
0
0
VERTEX
8
0
10
153.092518386571
20
107.735566426859
30
0
0
VERTEX
8
0
10
153.352879812398
20
107.731821285501
30
0
0
VERTEX
8
0
10
153.613241238226
20
107.728523549291
30
0
0
VERTEX
8
0
10
153.873602664053
20
107.728112287492
30
0
0
VERTEX
8
0
10
154.133964089881
20
107.727087657703
30
0
0
VERTEX
8
0
10
154.394325515708
20
107.726649920409
30
0
0
VERTEX
8
0
10
154.654686941536
20
107.725798980116
30
0
0
VERTEX
8
0
10
154.915048367363
20
107.724230448165
30
0
0
VERTEX
8
0
10
155.175409793191
20
107.723678518989
30
0
0
VERTEX
8
0
10
155.435771219018
20
107.721734525296
30
0
0
SEQEND
8
0
0
ENDSEC
0
EOF
