0
SECTION
2
HEADER
9
$ACADVER
1
AC1009
0
ENDSEC
0
SECTION
2
ENTITIES
0
POLYLINE
8
0
62
0
70
1
10
0
20
0
30
0
0
VERTEX
8
0
10
0
20
0
30
0
0
VERTEX
8
0
10
0
20
116.187
30
0
0
VERTEX
8
0
10
179.2
20
116.187
30
0
0
VERTEX
8
0
10
179.2
20
0
30
0
0
SEQEND
8
0
0
TEXT
8
0
62
0
10
0
20
-12
30
0
40
8
1
0
50
0
0
LINE
8
0
62
0
10
10.4144570331002
20
0
30
0
11
10.4144570331002
21
3.2
31
0
0
LINE
8
0
62
0
10
10.4144570331002
20
116.187
30
0
11
10.4144570331002
21
112.987
31
0
0
LINE
8
0
62
0
10
20.8289140662004
20
0
30
0
11
20.8289140662004
21
3.2
31
0
0
LINE
8
0
62
0
10
20.8289140662004
20
116.187
30
0
11
20.8289140662004
21
112.987
31
0
0
LINE
8
0
62
0
10
31.2433710993006
20
0
30
0
11
31.2433710993006
21
3.2
31
0
0
LINE
8
0
62
0
10
31.2433710993006
20
116.187
30
0
11
31.2433710993006
21
112.987
31
0
0
LINE
8
0
62
0
10
41.6578281324008
20
0
30
0
11
41.6578281324008
21
3.2
31
0
0
LINE
8
0
62
0
10
41.6578281324008
20
116.187
30
0
11
41.6578281324008
21
112.987
31
0
0
LINE
8
0
62
0
10
52.0722851655009
20
0
30
0
11
52.0722851655009
21
6.4
31
0
0
LINE
8
0
62
0
10
52.0722851655009
20
116.187
30
0
11
52.0722851655009
21
109.787
31
0
0
TEXT
8
0
62
0
10
52.0722851655009
20
-12
30
0
40
8
1
2
50
0
0
LINE
8
0
62
0
10
62.4867421986011
20
0
30
0
11
62.4867421986011
21
3.2
31
0
0
LINE
8
0
62
0
10
62.4867421986011
20
116.187
30
0
11
62.4867421986011
21
112.987
31
0
0
LINE
8
0
62
0
10
72.9011992317013
20
0
30
0
11
72.9011992317013
21
3.2
31
0
0
LINE
8
0
62
0
10
72.9011992317013
20
116.187
30
0
11
72.9011992317013
21
112.987
31
0
0
LINE
8
0
62
0
10
83.3156562648015
20
0
30
0
11
83.3156562648015
21
3.2
31
0
0
LINE
8
0
62
0
10
83.3156562648015
20
116.187
30
0
11
83.3156562648015
21
112.987
31
0
0
LINE
8
0
62
0
10
93.7301132979017
20
0
30
0
11
93.7301132979017
21
3.2
31
0
0
LINE
8
0
62
0
10
93.7301132979017
20
116.187
30
0
11
93.7301132979017
21
112.987
31
0
0
LINE
8
0
62
0
10
104.144570331002
20
0
30
0
11
104.144570331002
21
6.4
31
0
0
LINE
8
0
62
0
10
104.144570331002
20
116.187
30
0
11
104.144570331002
21
109.787
31
0
0
TEXT
8
0
62
0
10
104.144570331002
20
-12
30
0
40
8
1
4
50
0
0
LINE
8
0
62
0
10
114.559027364102
20
0
30
0
11
114.559027364102
21
3.2
31
0
0
LINE
8
0
62
0
10
114.559027364102
20
116.187
30
0
11
114.559027364102
21
112.987
31
0
0
LINE
8
0
62
0
10
124.973484397202
20
0
30
0
11
124.973484397202
21
3.2
31
0
0
LINE
8
0
62
0
10
124.973484397202
20
116.187
30
0
11
124.973484397202
21
112.987
31
0
0
LINE
8
0
62
0
10
135.387941430302
20
0
30
0
11
135.387941430302
21
3.2
31
0
0
LINE
8
0
62
0
10
135.387941430302
20
116.187
30
0
11
135.387941430302
21
112.987
31
0
0
LINE
8
0
62
0
10
145.802398463403
20
0
30
0
11
145.802398463403
21
3.2
31
0
0
LINE
8
0
62
0
10
145.802398463403
20
116.187
30
0
11
145.802398463403
21
112.987
31
0
0
LINE
8
0
62
0
10
156.216855496503
20
0
30
0
11
156.216855496503
21
6.4
31
0
0
LINE
8
0
62
0
10
156.216855496503
20
116.187
30
0
11
156.216855496503
21
109.787
31
0
0
TEXT
8
0
62
0
10
156.216855496503
20
-12
30
0
40
8
1
6
50
0
0
LINE
8
0
62
0
10
166.631312529603
20
0
30
0
11
166.631312529603
21
3.2
31
0
0
LINE
8
0
62
0
10
166.631312529603
20
116.187
30
0
11
166.631312529603
21
112.987
31
0
0
LINE
8
0
62
0
10
177.045769562703
20
0
30
0
11
177.045769562703
21
3.2
31
0
0
LINE
8
0
62
0
10
177.045769562703
20
116.187
30
0
11
177.045769562703
21
112.987
31
0
0
TEXT
8
0
62
0
10
-4
20
-4
30
0
40
8
1
0
50
0
0
LINE
8
0
62
0
10
0
20
4.64748
30
0
11
3.2
21
4.64748
31
0
0
LINE
8
0
62
0
10
179.2
20
4.64748
30
0
11
176
21
4.64748
31
0
0
LINE
8
0
62
0
10
0
20
9.29496
30
0
11
3.2
21
9.29496
31
0
0
LINE
8
0
62
0
10
179.2
20
9.29496
30
0
11
176
21
9.29496
31
0
0
LINE
8
0
62
0
10
0
20
13.94244
30
0
11
3.2
21
13.94244
31
0
0
LINE
8
0
62
0
10
179.2
20
13.94244
30
0
11
176
21
13.94244
31
0
0
LINE
8
0
62
0
10
0
20
18.58992
30
0
11
3.2
21
18.58992
31
0
0
LINE
8
0
62
0
10
179.2
20
18.58992
30
0
11
176
21
18.58992
31
0
0
LINE
8
0
62
0
10
0
20
23.2374
30
0
11
6.4
21
23.2374
31
0
0
LINE
8
0
62
0
10
179.2
20
23.2374
30
0
11
172.8
21
23.2374
31
0
0
TEXT
8
0
62
0
10
-4
20
19.2374
30
0
40
8
1
10
50
0
0
LINE
8
0
62
0
10
0
20
27.88488
30
0
11
3.2
21
27.88488
31
0
0
LINE
8
0
62
0
10
179.2
20
27.88488
30
0
11
176
21
27.88488
31
0
0
LINE
8
0
62
0
10
0
20
32.53236
30
0
11
3.2
21
32.53236
31
0
0
LINE
8
0
62
0
10
179.2
20
32.53236
30
0
11
176
21
32.53236
31
0
0
LINE
8
0
62
0
10
0
20
37.17984
30
0
11
3.2
21
37.17984
31
0
0
LINE
8
0
62
0
10
179.2
20
37.17984
30
0
11
176
21
37.17984
31
0
0
LINE
8
0
62
0
10
0
20
41.82732
30
0
11
3.2
21
41.82732
31
0
0
LINE
8
0
62
0
10
179.2
20
41.82732
30
0
11
176
21
41.82732
31
0
0
LINE
8
0
62
0
10
0
20
46.4748
30
0
11
6.4
21
46.4748
31
0
0
LINE
8
0
62
0
10
179.2
20
46.4748
30
0
11
172.8
21
46.4748
31
0
0
TEXT
8
0
62
0
10
-4
20
42.4748
30
0
40
8
1
20
50
0
0
LINE
8
0
62
0
10
0
20
51.12228
30
0
11
3.2
21
51.12228
31
0
0
LINE
8
0
62
0
10
179.2
20
51.12228
30
0
11
176
21
51.12228
31
0
0
LINE
8
0
62
0
10
0
20
55.76976
30
0
11
3.2
21
55.76976
31
0
0
LINE
8
0
62
0
10
179.2
20
55.76976
30
0
11
176
21
55.76976
31
0
0
LINE
8
0
62
0
10
0
20
60.41724
30
0
11
3.2
21
60.41724
31
0
0
LINE
8
0
62
0
10
179.2
20
60.41724
30
0
11
176
21
60.41724
31
0
0
LINE
8
0
62
0
10
0
20
65.06472
30
0
11
3.2
21
65.06472
31
0
0
LINE
8
0
62
0
10
179.2
20
65.06472
30
0
11
176
21
65.06472
31
0
0
LINE
8
0
62
0
10
0
20
69.7122
30
0
11
6.4
21
69.7122
31
0
0
LINE
8
0
62
0
10
179.2
20
69.7122
30
0
11
172.8
21
69.7122
31
0
0
TEXT
8
0
62
0
10
-4
20
65.7122
30
0
40
8
1
30
50
0
0
LINE
8
0
62
0
10
0
20
74.35968
30
0
11
3.2
21
74.35968
31
0
0
LINE
8
0
62
0
10
179.2
20
74.35968
30
0
11
176
21
74.35968
31
0
0
LINE
8
0
62
0
10
0
20
79.00716
30
0
11
3.2
21
79.00716
31
0
0
LINE
8
0
62
0
10
179.2
20
79.00716
30
0
11
176
21
79.00716
31
0
0
LINE
8
0
62
0
10
0
20
83.65464
30
0
11
3.2
21
83.65464
31
0
0
LINE
8
0
62
0
10
179.2
20
83.65464
30
0
11
176
21
83.65464
31
0
0
LINE
8
0
62
0
10
0
20
88.30212
30
0
11
3.2
21
88.30212
31
0
0
LINE
8
0
62
0
10
179.2
20
88.30212
30
0
11
176
21
88.30212
31
0
0
LINE
8
0
62
0
10
0
20
92.9496
30
0
11
6.4
21
92.9496
31
0
0
LINE
8
0
62
0
10
179.2
20
92.9496
30
0
11
172.8
21
92.9496
31
0
0
TEXT
8
0
62
0
10
-4
20
88.9496
30
0
40
8
1
40
50
0
0
LINE
8
0
62
0
10
0
20
97.59708
30
0
11
3.2
21
97.59708
31
0
0
LINE
8
0
62
0
10
179.2
20
97.59708
30
0
11
176
21
97.59708
31
0
0
LINE
8
0
62
0
10
0
20
102.24456
30
0
11
3.2
21
102.24456
31
0
0
LINE
8
0
62
0
10
179.2
20
102.24456
30
0
11
176
21
102.24456
31
0
0
LINE
8
0
62
0
10
0
20
106.89204
30
0
11
3.2
21
106.89204
31
0
0
LINE
8
0
62
0
10
179.2
20
106.89204
30
0
11
176
21
106.89204
31
0
0
LINE
8
0
62
0
10
0
20
111.53952
30
0
11
3.2
21
111.53952
31
0
0
LINE
8
0
62
0
10
179.2
20
111.53952
30
0
11
176
21
111.53952
31
0
0
TEXT
8
0
62
0
10
-4
20
112.187
30
0
40
8
1
50
50
0
0
TEXT
8
0
62
0
10
89.6
20
-32
30
0
40
10
1
R (kpc)
50
0
0
TEXT
8
0
62
0
10
-24
20
58.0935
30
0
40
10
1
V (km/s)
50
90
0
TEXT
8
0
62
0
10
72.6
20
131.187
30
0
40
11
1
V vs. R
50
0
0
POLYLINE
8
0
62
5
70
0
10
0
20
0
30
0
0
VERTEX
8
0
10
13.7991555688578
20
19.1485501626647
30
0
0
VERTEX
8
0
10
14.0595169946853
20
19.2174835454006
30
0
0
VERTEX
8
0
10
14.3198784205128
20
19.2864169281365
30
0
0
VERTEX
8
0
10
14.5802398463403
20
19.3553503108724
30
0
0
VERTEX
8
0
10
14.8406012721678
20
19.4242836936083
30
0
0
VERTEX
8
0
10
15.1009626979953
20
19.4932170763442
30
0
0
VERTEX
8
0
10
15.3613241238228
20
19.5621504590801
30
0
0
VERTEX
8
0
10
15.6216855496503
20
19.631083841816
30
0
0
VERTEX
8
0
10
15.8820469754778
20
19.7000172245519
30
0
0
VERTEX
8
0
10
16.1424084013053
20
19.7689506072878
30
0
0
VERTEX
8
0
10
16.4027698271328
20
19.8378839900237
30
0
0
VERTEX
8
0
10
16.6631312529603
20
19.9068173727596
30
0
0
VERTEX
8
0
10
16.9234926787878
20
19.9746050070103
30
0
0
VERTEX
8
0
10
17.1838541046153
20
20.0424610091557
30
0
0
VERTEX
8
0
10
17.4442155304428
20
20.110317011301
30
0
0
VERTEX
8
0
10
17.7045769562703
20
20.1781730134463
30
0
0
VERTEX
8
0
10
17.9649383820978
20
20.2460290155917
30
0
0
VERTEX
8
0
10
18.2252998079253
20
20.313885017737
30
0
0
VERTEX
8
0
10
18.4856612337528
20
20.3817410198823
30
0
0
VERTEX
8
0
10
18.7460226595803
20
20.4495970220277
30
0
0
VERTEX
8
0
10
19.0063840854078
20
20.517453024173
30
0
0
VERTEX
8
0
10
19.2667455112354
20
20.5853090263183
30
0
0
VERTEX
8
0
10
19.5271069370629
20
20.6541651157216
30
0
0
VERTEX
8
0
10
19.7874683628904
20
20.7230984984575
30
0
0
VERTEX
8
0
10
20.0478297887179
20
20.7920318811934
30
0
0
VERTEX
8
0
10
20.3081912145454
20
20.8609652639293
30
0
0
VERTEX
8
0
10
20.5685526403729
20
20.9298986466652
30
0
0
VERTEX
8
0
10
20.8289140662004
20
20.9988320294011
30
0
0
VERTEX
8
0
10
21.0892754920279
20
21.067765412137
30
0
0
VERTEX
8
0
10
21.3496369178554
20
21.1366987948729
30
0
0
VERTEX
8
0
10
21.6099983436829
20
21.2056321776088
30
0
0
VERTEX
8
0
10
21.8703597695104
20
21.2745655603447
30
0
0
VERTEX
8
0
10
22.1307211953379
20
21.3426444693393
30
0
0
VERTEX
8
0
10
22.3910826211654
20
21.4105004714847
30
0
0
VERTEX
8
0
10
22.6514440469929
20
21.47835647363
30
0
0
VERTEX
8
0
10
22.9118054728204
20
21.5462124757753
30
0
0
VERTEX
8
0
10
23.1721668986479
20
21.6140684779206
30
0
0
VERTEX
8
0
10
23.4325283244754
20
21.681924480066
30
0
0
VERTEX
8
0
10
23.6928897503029
20
21.7497804822113
30
0
0
VERTEX
8
0
10
23.9532511761304
20
21.8176364843566
30
0
0
VERTEX
8
0
10
24.2136126019579
20
21.885492486502
30
0
0
VERTEX
8
0
10
24.4739740277855
20
21.9533484886473
30
0
0
VERTEX
8
0
10
24.734335453613
20
21.9857717607712
30
0
0
VERTEX
8
0
10
24.9946968794405
20
21.9997707346659
30
0
0
VERTEX
8
0
10
25.255058305268
20
22.0137697085606
30
0
0
VERTEX
8
0
10
25.5154197310955
20
22.0277686824553
30
0
0
VERTEX
8
0
10
25.775781156923
20
22.04176765635
30
0
0
VERTEX
8
0
10
26.0361425827505
20
22.0557666302447
30
0
0
VERTEX
8
0
10
26.296504008578
20
22.0697656041394
30
0
0
VERTEX
8
0
10
26.5568654344055
20
22.0837645780341
30
0
0
VERTEX
8
0
10
26.817226860233
20
22.0977635519288
30
0
0
VERTEX
8
0
10
27.0775882860605
20
22.1117625258235
30
0
0
VERTEX
8
0
10
27.337949711888
20
22.092699436826
30
0
0
VERTEX
8
0
10
27.5983111377155
20
22.0431773695968
30
0
0
VERTEX
8
0
10
27.858672563543
20
21.9936553023677
30
0
0
VERTEX
8
0
10
28.1190339893705
20
21.9441332351385
30
0
0
VERTEX
8
0
10
28.379395415198
20
21.8946111679093
30
0
0
VERTEX
8
0
10
28.6397568410255
20
21.8450891006802
30
0
0
VERTEX
8
0
10
28.900118266853
20
21.795567033451
30
0
0
VERTEX
8
0
10
29.1604796926805
20
21.7460449662218
30
0
0
VERTEX
8
0
10
29.420841118508
20
21.6965228989927
30
0
0
VERTEX
8
0
10
29.6812025443356
20
21.6470008317635
30
0
0
VERTEX
8
0
10
29.9415639701631
20
21.5974787645343
30
0
0
VERTEX
8
0
10
30.2019253959906
20
21.5518119518982
30
0
0
VERTEX
8
0
10
30.4622868218181
20
21.5050826092555
30
0
0
VERTEX
8
0
10
30.7226482476456
20
21.4583532666127
30
0
0
VERTEX
8
0
10
30.9830096734731
20
21.41162392397
30
0
0
VERTEX
8
0
10
31.2433710993006
20
21.3648945813273
30
0
0
VERTEX
8
0
10
31.5037325251281
20
21.3181652386846
30
0
0
VERTEX
8
0
10
31.7640939509556
20
21.2714358960418
30
0
0
VERTEX
8
0
10
32.0244553767831
20
21.2247065533991
30
0
0
VERTEX
8
0
10
32.2848168026106
20
21.1779772107564
30
0
0
VERTEX
8
0
10
32.5451782284381
20
21.1312478681137
30
0
0
VERTEX
8
0
10
32.8055396542656
20
21.0780455860906
30
0
0
VERTEX
8
0
10
33.0659010800931
20
21.0256796166637
30
0
0
VERTEX
8
0
10
33.3262625059206
20
20.9733136472368
30
0
0
VERTEX
8
0
10
33.5866239317481
20
20.9209476778099
30
0
0
VERTEX
8
0
10
33.8469853575756
20
20.8685817083829
30
0
0
VERTEX
8
0
10
34.1073467834031
20
20.816215738956
30
0
0
VERTEX
8
0
10
34.3677082092306
20
20.7638497695291
30
0
0
VERTEX
8
0
10
34.6280696350581
20
20.7114838001022
30
0
0
VERTEX
8
0
10
34.8884310608857
20
20.6591178306752
30
0
0
VERTEX
8
0
10
35.1487924867132
20
20.6067518612483
30
0
0
VERTEX
8
0
10
35.4091539125407
20
20.5563309302061
30
0
0
VERTEX
8
0
10
35.6695153383682
20
20.505732517273
30
0
0
VERTEX
8
0
10
35.9298767641957
20
20.4551341043399
30
0
0
VERTEX
8
0
10
36.1902381900232
20
20.4045356914069
30
0
0
VERTEX
8
0
10
36.4505996158507
20
20.3539372784738
30
0
0
VERTEX
8
0
10
36.7109610416782
20
20.3033388655407
30
0
0
VERTEX
8
0
10
36.9713224675057
20
20.2527404526077
30
0
0
VERTEX
8
0
10
37.2316838933332
20
20.2021420396746
30
0
0
VERTEX
8
0
10
37.4920453191607
20
20.1515436267415
30
0
0
VERTEX
8
0
10
37.7524067449882
20
20.1009452138085
30
0
0
VERTEX
8
0
10
38.0127681708157
20
20.0555151815849
30
0
0
VERTEX
8
0
10
38.2731295966432
20
20.010298591186
30
0
0
VERTEX
8
0
10
38.5334910224707
20
19.9650820007871
30
0
0
VERTEX
8
0
10
38.7938524482982
20
19.9198654103882
30
0
0
VERTEX
8
0
10
39.0542138741257
20
19.8746488199893
30
0
0
VERTEX
8
0
10
39.3145752999532
20
19.8294322295904
30
0
0
VERTEX
8
0
10
39.5749367257807
20
19.7842156391915
30
0
0
VERTEX
8
0
10
39.8352981516082
20
19.7389990487926
30
0
0
VERTEX
8
0
10
40.0956595774358
20
19.6937824583937
30
0
0
VERTEX
8
0
10
40.3560210032633
20
19.6485658679948
30
0
0
VERTEX
8
0
10
40.6163824290908
20
19.6042324481427
30
0
0
VERTEX
8
0
10
40.8767438549183
20
19.5600922504556
30
0
0
VERTEX
8
0
10
41.1371052807458
20
19.5159520527686
30
0
0
VERTEX
8
0
10
41.3974667065733
20
19.4718118550815
30
0
0
VERTEX
8
0
10
41.6578281324008
20
19.4276716573944
30
0
0
VERTEX
8
0
10
41.9181895582283
20
19.3835314597074
30
0
0
VERTEX
8
0
10
42.1785509840558
20
19.3393912620203
30
0
0
VERTEX
8
0
10
42.4389124098833
20
19.2952510643332
30
0
0
VERTEX
8
0
10
42.6992738357108
20
19.2511108666462
30
0
0
VERTEX
8
0
10
42.9596352615383
20
19.2069706689591
30
0
0
VERTEX
8
0
10
43.2199966873658
20
19.162830471272
30
0
0
VERTEX
8
0
10
43.4803581131933
20
19.118690273585
30
0
0
VERTEX
8
0
10
43.7407195390208
20
19.0745500758979
30
0
0
VERTEX
8
0
10
44.0010809648483
20
19.0304098782109
30
0
0
VERTEX
8
0
10
44.2614423906758
20
18.9862696805238
30
0
0
VERTEX
8
0
10
44.5218038165033
20
18.9421294828367
30
0
0
VERTEX
8
0
10
44.7821652423308
20
18.8979892851497
30
0
0
VERTEX
8
0
10
45.0425266681583
20
18.8538490874626
30
0
0
VERTEX
8
0
10
45.3028880939859
20
18.8097088897755
30
0
0
VERTEX
8
0
10
45.5632495198134
20
18.7655686920885
30
0
0
VERTEX
8
0
10
45.8236109456409
20
18.7220107000042
30
0
0
VERTEX
8
0
10
46.0839723714684
20
18.678946904431
30
0
0
VERTEX
8
0
10
46.3443337972959
20
18.6358831088577
30
0
0
VERTEX
8
0
10
46.6046952231234
20
18.5928193132845
30
0
0
VERTEX
8
0
10
46.8650566489509
20
18.5497555177112
30
0
0
VERTEX
8
0
10
47.1254180747784
20
18.506691722138
30
0
0
VERTEX
8
0
10
47.3857795006059
20
18.4636279265647
30
0
0
VERTEX
8
0
10
47.6461409264334
20
18.4205641309914
30
0
0
VERTEX
8
0
10
47.9065023522609
20
18.3775003354182
30
0
0
VERTEX
8
0
10
48.1668637780884
20
18.3344365398449
30
0
0
VERTEX
8
0
10
48.4272252039159
20
18.2913727442717
30
0
0
VERTEX
8
0
10
48.6875866297434
20
18.2483089486984
30
0
0
VERTEX
8
0
10
48.9479480555709
20
18.2052451531251
30
0
0
VERTEX
8
0
10
49.2083094813984
20
18.1621813575519
30
0
0
VERTEX
8
0
10
49.4686709072259
20
18.1191175619786
30
0
0
VERTEX
8
0
10
49.7290323330534
20
18.0760537664054
30
0
0
VERTEX
8
0
10
49.9893937588809
20
18.0329899708321
30
0
0
VERTEX
8
0
10
50.2497551847084
20
17.9899261752589
30
0
0
VERTEX
8
0
10
50.5101166105359
20
17.9468623796856
30
0
0
VERTEX
8
0
10
50.7704780363635
20
17.9037985841123
30
0
0
VERTEX
8
0
10
51.030839462191
20
17.8607347885391
30
0
0
VERTEX
8
0
10
51.2912008880185
20
17.8176709929658
30
0
0
VERTEX
8
0
10
51.551562313846
20
17.7746071973926
30
0
0
VERTEX
8
0
10
51.8119237396735
20
17.7315434018193
30
0
0
VERTEX
8
0
10
52.072285165501
20
17.6884796062461
30
0
0
VERTEX
8
0
10
52.3326465913285
20
17.6454158106728
30
0
0
VERTEX
8
0
10
52.593008017156
20
17.6023520150995
30
0
0
VERTEX
8
0
10
52.8533694429835
20
17.5592882195263
30
0
0
VERTEX
8
0
10
53.113730868811
20
17.516224423953
30
0
0
VERTEX
8
0
10
53.3740922946385
20
17.4731606283798
30
0
0
VERTEX
8
0
10
53.634453720466
20
17.4300968328065
30
0
0
VERTEX
8
0
10
53.8948151462935
20
17.3894476523314
30
0
0
VERTEX
8
0
10
54.155176572121
20
17.3485366891921
30
0
0
VERTEX
8
0
10
54.4155379979485
20
17.3076257260529
30
0
0
VERTEX
8
0
10
54.675899423776
20
17.2667147629136
30
0
0
VERTEX
8
0
10
54.9362608496035
20
17.2258037997743
30
0
0
VERTEX
8
0
10
55.196622275431
20
17.184892836635
30
0
0
VERTEX
8
0
10
55.4569837012585
20
17.1439818734958
30
0
0
VERTEX
8
0
10
55.717345127086
20
17.1030709103565
30
0
0
VERTEX
8
0
10
55.9777065529135
20
17.0621599472172
30
0
0
VERTEX
8
0
10
56.238067978741
20
17.0212489840779
30
0
0
VERTEX
8
0
10
56.4984294045685
20
16.978224096435
30
0
0
VERTEX
8
0
10
56.758790830396
20
16.9351603008618
30
0
0
VERTEX
8
0
10
57.0191522562235
20
16.8920965052885
30
0
0
VERTEX
8
0
10
57.279513682051
20
16.8490327097153
30
0
0
VERTEX
8
0
10
57.5398751078785
20
16.805968914142
30
0
0
VERTEX
8
0
10
57.800236533706
20
16.7629051185687
30
0
0
VERTEX
8
0
10
58.0605979595335
20
16.7198413229955
30
0
0
VERTEX
8
0
10
58.320959385361
20
16.6767775274222
30
0
0
VERTEX
8
0
10
58.5813208111885
20
16.633713731849
30
0
0
VERTEX
8
0
10
58.841682237016
20
16.5906499362757
30
0
0
VERTEX
8
0
10
59.1020436628435
20
16.5484926583622
30
0
0
VERTEX
8
0
10
59.362405088671
20
16.5065052743048
30
0
0
VERTEX
8
0
10
59.6227665144985
20
16.4645178902475
30
0
0
VERTEX
8
0
10
59.883127940326
20
16.4225305061901
30
0
0
VERTEX
8
0
10
60.1434893661535
20
16.3805431221327
30
0
0
VERTEX
8
0
10
60.403850791981
20
16.3385557380754
30
0
0
VERTEX
8
0
10
60.6642122178084
20
16.296568354018
30
0
0
VERTEX
8
0
10
60.924573643636
20
16.2545809699606
30
0
0
VERTEX
8
0
10
61.1849350694635
20
16.2125935859033
30
0
0
VERTEX
8
0
10
61.4452964952909
20
16.1706062018459
30
0
0
VERTEX
8
0
10
61.7056579211184
20
16.1308872334707
30
0
0
VERTEX
8
0
10
61.9660193469459
20
16.0921291403747
30
0
0
VERTEX
8
0
10
62.2263807727734
20
16.0533710472787
30
0
0
VERTEX
8
0
10
62.4867421986009
20
16.0146129541828
30
0
0
VERTEX
8
0
10
62.7471036244284
20
15.9758548610868
30
0
0
VERTEX
8
0
10
63.0074650502559
20
15.9370967679908
30
0
0
VERTEX
8
0
10
63.2678264760834
20
15.8983386748948
30
0
0
VERTEX
8
0
10
63.5281879019109
20
15.8595805817989
30
0
0
VERTEX
8
0
10
63.7885493277384
20
15.8208224887029
30
0
0
VERTEX
8
0
10
64.0489107535659
20
15.7820643956069
30
0
0
VERTEX
8
0
10
64.3092721793934
20
15.7445181022339
30
0
0
VERTEX
8
0
10
64.5696336052209
20
15.7079129167915
30
0
0
VERTEX
8
0
10
64.8299950310484
20
15.6713077313491
30
0
0
VERTEX
8
0
10
65.0903564568759
20
15.6347025459067
30
0
0
VERTEX
8
0
10
65.3507178827034
20
15.5980973604644
30
0
0
VERTEX
8
0
10
65.6110793085309
20
15.561492175022
30
0
0
VERTEX
8
0
10
65.8714407343584
20
15.5248869895796
30
0
0
VERTEX
8
0
10
66.1318021601859
20
15.4882818041372
30
0
0
VERTEX
8
0
10
66.3921635860134
20
15.4516766186948
30
0
0
VERTEX
8
0
10
66.6525250118409
20
15.4150714332525
30
0
0
VERTEX
8
0
10
66.9128864376684
20
15.3784662478101
30
0
0
VERTEX
8
0
10
67.1732478634959
20
15.3510545464785
30
0
0
VERTEX
8
0
10
67.4336092893234
20
15.3209083096686
30
0
0
VERTEX
8
0
10
67.6939707151509
20
15.2907620728587
30
0
0
VERTEX
8
0
10
67.9543321409784
20
15.2606158360488
30
0
0
VERTEX
8
0
10
68.2146935668059
20
15.2304695992388
30
0
0
VERTEX
8
0
10
68.4750549926334
20
15.2003233624289
30
0
0
VERTEX
8
0
10
68.7354164184609
20
15.170177125619
30
0
0
VERTEX
8
0
10
68.9957778442884
20
15.1400308888091
30
0
0
VERTEX
8
0
10
69.2561392701159
20
15.1098846519992
30
0
0
VERTEX
8
0
10
69.5165006959434
20
15.0797384151892
30
0
0
VERTEX
8
0
10
69.7768621217709
20
15.0454450192617
30
0
0
VERTEX
8
0
10
70.0372235475984
20
15.0120692658212
30
0
0
VERTEX
8
0
10
70.2975849734259
20
14.9786935123807
30
0
0
VERTEX
8
0
10
70.5579463992534
20
14.9453177589402
30
0
0
VERTEX
8
0
10
70.8183078250809
20
14.9119420054997
30
0
0
VERTEX
8
0
10
71.0786692509084
20
14.8785662520592
30
0
0
VERTEX
8
0
10
71.3390306767359
20
14.8451904986187
30
0
0
VERTEX
8
0
10
71.5993921025634
20
14.8118147451782
30
0
0
VERTEX
8
0
10
71.8597535283909
20
14.7784389917376
30
0
0
VERTEX
8
0
10
72.1201149542184
20
14.7450632382971
30
0
0
VERTEX
8
0
10
72.3804763800459
20
14.7129198363933
30
0
0
VERTEX
8
0
10
72.6408378058734
20
14.680620579093
30
0
0
VERTEX
8
0
10
72.9011992317009
20
14.6483213217926
30
0
0
VERTEX
8
0
10
73.1615606575284
20
14.6160220644923
30
0
0
VERTEX
8
0
10
73.4219220833559
20
14.583722807192
30
0
0
VERTEX
8
0
10
73.6822835091834
20
14.5514235498916
30
0
0
VERTEX
8
0
10
73.9426449350109
20
14.5191242925913
30
0
0
VERTEX
8
0
10
74.2030063608384
20
14.486825035291
30
0
0
VERTEX
8
0
10
74.4633677866659
20
14.4545257779906
30
0
0
VERTEX
8
0
10
74.7237292124934
20
14.4222265206903
30
0
0
VERTEX
8
0
10
74.9840906383209
20
14.393174449461
30
0
0
VERTEX
8
0
10
75.2444520641484
20
14.3641047370016
30
0
0
VERTEX
8
0
10
75.5048134899759
20
14.3350350245422
30
0
0
VERTEX
8
0
10
75.7651749158034
20
14.3059653120827
30
0
0
VERTEX
8
0
10
76.0255363416309
20
14.2768955996233
30
0
0
VERTEX
8
0
10
76.2858977674584
20
14.2478258871638
30
0
0
VERTEX
8
0
10
76.5462591932859
20
14.2187561747044
30
0
0
VERTEX
8
0
10
76.8066206191134
20
14.189686462245
30
0
0
VERTEX
8
0
10
77.0669820449409
20
14.1606167497855
30
0
0
VERTEX
8
0
10
77.3273434707684
20
14.1315470373261
30
0
0
VERTEX
8
0
10
77.5877048965959
20
14.1043424869262
30
0
0
VERTEX
8
0
10
77.8480663224234
20
14.077425851379
30
0
0
VERTEX
8
0
10
78.1084277482509
20
14.0505092158317
30
0
0
VERTEX
8
0
10
78.3687891740784
20
14.0235925802844
30
0
0
VERTEX
8
0
10
78.6291505999059
20
13.9966759447371
30
0
0
VERTEX
8
0
10
78.8895120257334
20
13.9697593091898
30
0
0
VERTEX
8
0
10
79.1498734515609
20
13.9428426736425
30
0
0
VERTEX
8
0
10
79.4102348773884
20
13.9159260380952
30
0
0
VERTEX
8
0
10
79.6705963032159
20
13.889009402548
30
0
0
VERTEX
8
0
10
79.9309577290434
20
13.8620927670007
30
0
0
VERTEX
8
0
10
80.1913191548709
20
13.8367418356299
30
0
0
VERTEX
8
0
10
80.4516805806984
20
13.8119783146105
30
0
0
VERTEX
8
0
10
80.7120420065259
20
13.7872147935911
30
0
0
VERTEX
8
0
10
80.9724034323534
20
13.7624512725717
30
0
0
VERTEX
8
0
10
81.2327648581809
20
13.7376877515523
30
0
0
VERTEX
8
0
10
81.4931262840084
20
13.7129242305329
30
0
0
VERTEX
8
0
10
81.7534877098359
20
13.6881607095134
30
0
0
VERTEX
8
0
10
82.0138491356634
20
13.663397188494
30
0
0
VERTEX
8
0
10
82.2742105614909
20
13.6386336674746
30
0
0
VERTEX
8
0
10
82.5345719873184
20
13.6138701464552
30
0
0
VERTEX
8
0
10
82.7949334131459
20
13.5897398359348
30
0
0
VERTEX
8
0
10
83.0552948389734
20
13.5660528862855
30
0
0
VERTEX
8
0
10
83.3156562648009
20
13.5423659366363
30
0
0
VERTEX
8
0
10
83.5760176906284
20
13.518678986987
30
0
0
VERTEX
8
0
10
83.8363791164559
20
13.4949920373377
30
0
0
VERTEX
8
0
10
84.0967405422834
20
13.4713050876884
30
0
0
VERTEX
8
0
10
84.3571019681109
20
13.4476181380392
30
0
0
VERTEX
8
0
10
84.6174633939384
20
13.4239311883899
30
0
0
VERTEX
8
0
10
84.8778248197659
20
13.4002442387406
30
0
0
VERTEX
8
0
10
85.1381862455934
20
13.3765572890913
30
0
0
VERTEX
8
0
10
85.3985476714209
20
13.3528703394421
30
0
0
VERTEX
8
0
10
85.6589090972484
20
13.3291833897928
30
0
0
VERTEX
8
0
10
85.9192705230759
20
13.3054964401435
30
0
0
VERTEX
8
0
10
86.1796319489034
20
13.2818094904942
30
0
0
VERTEX
8
0
10
86.4399933747309
20
13.258122540845
30
0
0
VERTEX
8
0
10
86.7003548005584
20
13.2344355911957
30
0
0
VERTEX
8
0
10
86.9607162263859
20
13.2107486415464
30
0
0
VERTEX
8
0
10
87.2210776522134
20
13.1870616918972
30
0
0
VERTEX
8
0
10
87.4814390780409
20
13.1633747422479
30
0
0
VERTEX
8
0
10
87.7418005038684
20
13.1396877925986
30
0
0
VERTEX
8
0
10
88.0021619296959
20
13.1160008429493
30
0
0
VERTEX
8
0
10
88.2625233555234
20
13.0923138933001
30
0
0
VERTEX
8
0
10
88.5228847813509
20
13.0686269436508
30
0
0
VERTEX
8
0
10
88.7832462071784
20
13.0449399940015
30
0
0
VERTEX
8
0
10
89.0436076330059
20
13.0212530443522
30
0
0
VERTEX
8
0
10
89.3039690588334
20
12.997566094703
30
0
0
VERTEX
8
0
10
89.5643304846609
20
12.9738791450537
30
0
0
VERTEX
8
0
10
89.8246919104884
20
12.9501921954044
30
0
0
VERTEX
8
0
10
90.0850533363159
20
12.9265052457551
30
0
0
VERTEX
8
0
10
90.3454147621433
20
12.9028182961059
30
0
0
VERTEX
8
0
10
90.6057761879709
20
12.8791313464566
30
0
0
VERTEX
8
0
10
90.8661376137984
20
12.8579663685572
30
0
0
VERTEX
8
0
10
91.1264990396259
20
12.8364325898612
30
0
0
VERTEX
8
0
10
91.3868604654534
20
12.8148988111653
30
0
0
VERTEX
8
0
10
91.6472218912809
20
12.7933650324693
30
0
0
VERTEX
8
0
10
91.9075833171083
20
12.7718312537733
30
0
0
VERTEX
8
0
10
92.1679447429358
20
12.7502974750774
30
0
0
VERTEX
8
0
10
92.4283061687634
20
12.7287636963814
30
0
0
VERTEX
8
0
10
92.6886675945909
20
12.7072299176854
30
0
0
VERTEX
8
0
10
92.9490290204184
20
12.6856961389894
30
0
0
VERTEX
8
0
10
93.2093904462458
20
12.6641623602935
30
0
0
VERTEX
8
0
10
93.4697518720733
20
12.6470745984826
30
0
0
VERTEX
8
0
10
93.7301132979008
20
12.6298472745488
30
0
0
VERTEX
8
0
10
93.9904747237283
20
12.612619950615
30
0
0
VERTEX
8
0
10
94.2508361495558
20
12.5953926266811
30
0
0
VERTEX
8
0
10
94.5111975753833
20
12.5781653027473
30
0
0
VERTEX
8
0
10
94.7715590012108
20
12.5609379788135
30
0
0
VERTEX
8
0
10
95.0319204270383
20
12.5437106548797
30
0
0
VERTEX
8
0
10
95.2922818528658
20
12.5264833309459
30
0
0
VERTEX
8
0
10
95.5526432786933
20
12.509256007012
30
0
0
VERTEX
8
0
10
95.8130047045208
20
12.4920286830782
30
0
0
VERTEX
8
0
10
96.0733661303483
20
12.4748013591444
30
0
0
VERTEX
8
0
10
96.3337275561758
20
12.4575740352106
30
0
0
VERTEX
8
0
10
96.5940889820033
20
12.4403467112768
30
0
0
VERTEX
8
0
10
96.8544504078308
20
12.4231193873429
30
0
0
VERTEX
8
0
10
97.1148118336583
20
12.4058920634091
30
0
0
VERTEX
8
0
10
97.3751732594858
20
12.3886647394753
30
0
0
VERTEX
8
0
10
97.6355346853133
20
12.3714374155415
30
0
0
VERTEX
8
0
10
97.8958961111408
20
12.3542100916077
30
0
0
VERTEX
8
0
10
98.1562575369683
20
12.3369827676739
30
0
0
VERTEX
8
0
10
98.4166189627958
20
12.31975544374
30
0
0
VERTEX
8
0
10
98.6769803886233
20
12.3000895404537
30
0
0
VERTEX
8
0
10
98.9373418144508
20
12.2796323613412
30
0
0
VERTEX
8
0
10
99.1977032402783
20
12.2591751822286
30
0
0
VERTEX
8
0
10
99.4580646661058
20
12.2387180031161
30
0
0
VERTEX
8
0
10
99.7184260919333
20
12.2182608240035
30
0
0
VERTEX
8
0
10
99.9787875177608
20
12.1978036448909
30
0
0
VERTEX
8
0
10
100.239148943588
20
12.1773464657784
30
0
0
VERTEX
8
0
10
100.499510369416
20
12.1568892866658
30
0
0
VERTEX
8
0
10
100.759871795243
20
12.1364321075533
30
0
0
VERTEX
8
0
10
101.020233221071
20
12.1159749284407
30
0
0
VERTEX
8
0
10
101.280594646898
20
12.0955177493281
30
0
0
VERTEX
8
0
10
101.540956072726
20
12.0750605702156
30
0
0
VERTEX
8
0
10
101.801317498553
20
12.054603391103
30
0
0
VERTEX
8
0
10
102.061678924381
20
12.0341462119904
30
0
0
VERTEX
8
0
10
102.322040350208
20
12.0136890328779
30
0
0
VERTEX
8
0
10
102.582401776036
20
11.9932318537653
30
0
0
VERTEX
8
0
10
102.842763201863
20
11.9727746746528
30
0
0
VERTEX
8
0
10
103.103124627691
20
11.9523174955402
30
0
0
VERTEX
8
0
10
103.363486053518
20
11.9318603164276
30
0
0
VERTEX
8
0
10
103.623847479346
20
11.9114031373151
30
0
0
VERTEX
8
0
10
103.884208905173
20
11.8909459582025
30
0
0
VERTEX
8
0
10
104.144570331001
20
11.8848040396669
30
0
0
VERTEX
8
0
10
104.404931756828
20
11.8740366800299
30
0
0
VERTEX
8
0
10
104.665293182656
20
11.863269320393
30
0
0
VERTEX
8
0
10
104.925654608483
20
11.852501960756
30
0
0
VERTEX
8
0
10
105.186016034311
20
11.8417346011191
30
0
0
VERTEX
8
0
10
105.446377460138
20
11.8309672414822
30
0
0
VERTEX
8
0
10
105.706738885966
20
11.8201998818452
30
0
0
VERTEX
8
0
10
105.967100311793
20
11.8094325222083
30
0
0
VERTEX
8
0
10
106.227461737621
20
11.7986651625713
30
0
0
VERTEX
8
0
10
106.487823163448
20
11.7878978029344
30
0
0
VERTEX
8
0
10
106.748184589276
20
11.769922607282
30
0
0
VERTEX
8
0
10
107.008546015103
20
11.753771920551
30
0
0
VERTEX
8
0
10
107.268907440931
20
11.73762123382
30
0
0
VERTEX
8
0
10
107.529268866758
20
11.7214705470891
30
0
0
VERTEX
8
0
10
107.789630292586
20
11.7053198603581
30
0
0
VERTEX
8
0
10
108.049991718413
20
11.6891691736271
30
0
0
VERTEX
8
0
10
108.310353144241
20
11.6730184868961
30
0
0
VERTEX
8
0
10
108.570714570068
20
11.6568678001651
30
0
0
VERTEX
8
0
10
108.831075995896
20
11.6407171134341
30
0
0
VERTEX
8
0
10
109.091437421723
20
11.6245664267031
30
0
0
VERTEX
8
0
10
109.351798847551
20
11.6058312515667
30
0
0
VERTEX
8
0
10
109.612160273378
20
11.5875272998351
30
0
0
VERTEX
8
0
10
109.872521699206
20
11.5692233481035
30
0
0
VERTEX
8
0
10
110.132883125033
20
11.5509193963719
30
0
0
VERTEX
8
0
10
110.393244550861
20
11.5326154446403
30
0
0
VERTEX
8
0
10
110.653605976688
20
11.5143114929087
30
0
0
VERTEX
8
0
10
110.913967402516
20
11.496007541177
30
0
0
VERTEX
8
0
10
111.174328828343
20
11.4777035894454
30
0
0
VERTEX
8
0
10
111.434690254171
20
11.4593996377138
30
0
0
VERTEX
8
0
10
111.695051679998
20
11.4410956859822
30
0
0
VERTEX
8
0
10
111.955413105826
20
11.4330778780512
30
0
0
VERTEX
8
0
10
112.215774531653
20
11.4244639150915
30
0
0
VERTEX
8
0
10
112.476135957481
20
11.4158499521317
30
0
0
VERTEX
8
0
10
112.736497383308
20
11.407235989172
30
0
0
VERTEX
8
0
10
112.996858809136
20
11.3986220262123
30
0
0
VERTEX
8
0
10
113.257220234963
20
11.3900080632526
30
0
0
VERTEX
8
0
10
113.517581660791
20
11.3813941002928
30
0
0
VERTEX
8
0
10
113.777943086618
20
11.3727801373331
30
0
0
VERTEX
8
0
10
114.038304512446
20
11.3641661743734
30
0
0
VERTEX
8
0
10
114.298665938273
20
11.3555522114137
30
0
0
VERTEX
8
0
10
114.559027364101
20
11.3360048375397
30
0
0
VERTEX
8
0
10
114.819388789928
20
11.3155476584271
30
0
0
VERTEX
8
0
10
115.079750215756
20
11.2950904793146
30
0
0
VERTEX
8
0
10
115.340111641583
20
11.274633300202
30
0
0
VERTEX
8
0
10
115.600473067411
20
11.2541761210894
30
0
0
VERTEX
8
0
10
115.860834493238
20
11.2337189419769
30
0
0
VERTEX
8
0
10
116.121195919066
20
11.2132617628643
30
0
0
VERTEX
8
0
10
116.381557344893
20
11.1928045837517
30
0
0
VERTEX
8
0
10
116.641918770721
20
11.1723474046392
30
0
0
VERTEX
8
0
10
116.902280196548
20
11.1518902255266
30
0
0
VERTEX
8
0
10
117.162641622376
20
11.1398777450025
30
0
0
VERTEX
8
0
10
117.423003048203
20
11.1301870790012
30
0
0
VERTEX
8
0
10
117.683364474031
20
11.120496413
30
0
0
VERTEX
8
0
10
117.943725899858
20
11.1108057469987
30
0
0
VERTEX
8
0
10
118.204087325686
20
11.1011150809974
30
0
0
VERTEX
8
0
10
118.464448751513
20
11.0914244149961
30
0
0
VERTEX
8
0
10
118.724810177341
20
11.0817337489948
30
0
0
VERTEX
8
0
10
118.985171603168
20
11.0720430829935
30
0
0
VERTEX
8
0
10
119.245533028996
20
11.0623524169922
30
0
0
VERTEX
8
0
10
119.505894454823
20
11.052661750991
30
0
0
VERTEX
8
0
10
119.766255880651
20
11.0401891145039
30
0
0
VERTEX
8
0
10
120.026617306478
20
11.0261917303941
30
0
0
VERTEX
8
0
10
120.286978732306
20
11.0121943462844
30
0
0
VERTEX
8
0
10
120.547340158133
20
10.9981969621747
30
0
0
VERTEX
8
0
10
120.807701583961
20
10.984199578065
30
0
0
VERTEX
8
0
10
121.068063009788
20
10.9702021939553
30
0
0
VERTEX
8
0
10
121.328424435616
20
10.9562048098455
30
0
0
VERTEX
8
0
10
121.588785861443
20
10.9422074257358
30
0
0
VERTEX
8
0
10
121.849147287271
20
10.9282100416261
30
0
0
VERTEX
8
0
10
122.109508713098
20
10.9142126575164
30
0
0
VERTEX
8
0
10
122.369870138926
20
10.9024004835461
30
0
0
VERTEX
8
0
10
122.630231564753
20
10.8927098175448
30
0
0
VERTEX
8
0
10
122.890592990581
20
10.8830191515435
30
0
0
VERTEX
8
0
10
123.150954416408
20
10.8733284855423
30
0
0
VERTEX
8
0
10
123.411315842236
20
10.863637819541
30
0
0
VERTEX
8
0
10
123.671677268063
20
10.8539471535397
30
0
0
VERTEX
8
0
10
123.932038693891
20
10.8442564875384
30
0
0
VERTEX
8
0
10
124.192400119718
20
10.8345658215371
30
0
0
VERTEX
8
0
10
124.452761545546
20
10.8248751555358
30
0
0
VERTEX
8
0
10
124.713122971373
20
10.8151844895345
30
0
0
VERTEX
8
0
10
124.973484397201
20
10.8054938235333
30
0
0
VERTEX
8
0
10
125.233845823028
20
10.7899072267583
30
0
0
VERTEX
8
0
10
125.494207248856
20
10.7759098426486
30
0
0
VERTEX
8
0
10
125.754568674683
20
10.7619124585389
30
0
0
VERTEX
8
0
10
126.014930100511
20
10.7479150744291
30
0
0
VERTEX
8
0
10
126.275291526338
20
10.7339176903194
30
0
0
VERTEX
8
0
10
126.535652952166
20
10.7199203062097
30
0
0
VERTEX
8
0
10
126.796014377993
20
10.7059229221
30
0
0
VERTEX
8
0
10
127.056375803821
20
10.6919255379903
30
0
0
VERTEX
8
0
10
127.316737229648
20
10.6779281538805
30
0
0
VERTEX
8
0
10
127.577098655476
20
10.6639307697708
30
0
0
VERTEX
8
0
10
127.837460081303
20
10.6525829477285
30
0
0
VERTEX
8
0
10
128.097821507131
20
10.6407389038617
30
0
0
VERTEX
8
0
10
128.358182932958
20
10.6288948599949
30
0
0
VERTEX
8
0
10
128.618544358786
20
10.6170508161281
30
0
0
VERTEX
8
0
10
128.878905784613
20
10.6052067722612
30
0
0
VERTEX
8
0
10
129.139267210441
20
10.5933627283944
30
0
0
VERTEX
8
0
10
129.399628636268
20
10.5815186845276
30
0
0
VERTEX
8
0
10
129.659990062096
20
10.5696746406608
30
0
0
VERTEX
8
0
10
129.920351487923
20
10.557830596794
30
0
0
VERTEX
8
0
10
130.180712913751
20
10.5459865529272
30
0
0
VERTEX
8
0
10
130.441074339578
20
10.5341425090604
30
0
0
VERTEX
8
0
10
130.701435765406
20
10.5222984651935
30
0
0
VERTEX
8
0
10
130.961797191233
20
10.5104544213267
30
0
0
VERTEX
8
0
10
131.222158617061
20
10.4986103774599
30
0
0
VERTEX
8
0
10
131.482520042888
20
10.4867663335931
30
0
0
VERTEX
8
0
10
131.742881468716
20
10.4749222897263
30
0
0
VERTEX
8
0
10
132.003242894543
20
10.4630782458595
30
0
0
VERTEX
8
0
10
132.263604320371
20
10.4512342019927
30
0
0
VERTEX
8
0
10
132.523965746198
20
10.4393901581258
30
0
0
VERTEX
8
0
10
132.784327172026
20
10.427546114259
30
0
0
VERTEX
8
0
10
133.044688597853
20
10.4218618507336
30
0
0
VERTEX
8
0
10
133.305050023681
20
10.4164780533352
30
0
0
VERTEX
8
0
10
133.565411449508
20
10.4110942559368
30
0
0
VERTEX
8
0
10
133.825772875336
20
10.4057104585384
30
0
0
VERTEX
8
0
10
134.086134301163
20
10.40032666114
30
0
0
VERTEX
8
0
10
134.346495726991
20
10.3949428637416
30
0
0
VERTEX
8
0
10
134.606857152818
20
10.3895590663431
30
0
0
VERTEX
8
0
10
134.867218578646
20
10.3841752689447
30
0
0
VERTEX
8
0
10
135.127580004473
20
10.3787914715463
30
0
0
VERTEX
8
0
10
135.387941430301
20
10.3734076741479
30
0
0
VERTEX
8
0
10
135.648302856128
20
10.3574903427291
30
0
0
VERTEX
8
0
10
135.908664281956
20
10.3391863909975
30
0
0
VERTEX
8
0
10
136.169025707783
20
10.3208824392659
30
0
0
VERTEX
8
0
10
136.429387133611
20
10.3025784875343
30
0
0
VERTEX
8
0
10
136.689748559438
20
10.2842745358027
30
0
0
VERTEX
8
0
10
136.950109985266
20
10.2659705840711
30
0
0
VERTEX
8
0
10
137.210471411093
20
10.2476666323395
30
0
0
VERTEX
8
0
10
137.470832836921
20
10.2293626806079
30
0
0
VERTEX
8
0
10
137.731194262748
20
10.2110587288763
30
0
0
VERTEX
8
0
10
137.991555688576
20
10.1927547771447
30
0
0
VERTEX
8
0
10
138.251917114403
20
10.1868341287138
30
0
0
VERTEX
8
0
10
138.512278540231
20
10.1868341287138
30
0
0
VERTEX
8
0
10
138.772639966058
20
10.1868341287138
30
0
0
VERTEX
8
0
10
139.033001391886
20
10.1868341287138
30
0
0
VERTEX
8
0
10
139.293362817713
20
10.1868341287138
30
0
0
VERTEX
8
0
10
139.553724243541
20
10.1868341287138
30
0
0
VERTEX
8
0
10
139.814085669368
20
10.1868341287138
30
0
0
VERTEX
8
0
10
140.074447095196
20
10.1868341287138
30
0
0
VERTEX
8
0
10
140.334808521023
20
10.1868341287138
30
0
0
VERTEX
8
0
10
140.595169946851
20
10.1868341287138
30
0
0
VERTEX
8
0
10
140.855531372678
20
10.1746573631875
30
0
0
VERTEX
8
0
10
141.115892798506
20
10.1520469943127
30
0
0
VERTEX
8
0
10
141.376254224333
20
10.1294366254378
30
0
0
VERTEX
8
0
10
141.636615650161
20
10.106826256563
30
0
0
VERTEX
8
0
10
141.896977075988
20
10.0842158876882
30
0
0
VERTEX
8
0
10
142.157338501816
20
10.0616055188133
30
0
0
VERTEX
8
0
10
142.417699927643
20
10.0389951499385
30
0
0
VERTEX
8
0
10
142.678061353471
20
10.0163847810637
30
0
0
VERTEX
8
0
10
142.938422779298
20
9.99377441218883
30
0
0
VERTEX
8
0
10
143.198784205126
20
9.97116404331399
30
0
0
VERTEX
8
0
10
143.459145630953
20
9.94855367443916
30
0
0
VERTEX
8
0
10
143.719507056781
20
9.95608233457953
30
0
0
VERTEX
8
0
10
143.979868482608
20
9.95500555628632
30
0
0
VERTEX
8
0
10
144.240229908436
20
9.95392877799311
30
0
0
VERTEX
8
0
10
144.500591334263
20
9.9528519996999
30
0
0
VERTEX
8
0
10
144.760952760091
20
9.95177522140669
30
0
0
VERTEX
8
0
10
145.021314185918
20
9.95069844311347
30
0
0
VERTEX
8
0
10
145.281675611746
20
9.94962166482026
30
0
0
VERTEX
8
0
10
145.542037037573
20
9.94854488652705
30
0
0
VERTEX
8
0
10
145.802398463401
20
9.94746810823384
30
0
0
VERTEX
8
0
10
146.062759889228
20
9.94639132994063
30
0
0
VERTEX
8
0
10
146.323121315056
20
9.93444731392418
30
0
0
VERTEX
8
0
10
146.583482740883
20
9.92475664792289
30
0
0
VERTEX
8
0
10
146.843844166711
20
9.91506598192161
30
0
0
VERTEX
8
0
10
147.104205592538
20
9.90537531592032
30
0
0
VERTEX
8
0
10
147.364567018366
20
9.89568464991904
30
0
0
VERTEX
8
0
10
147.624928444193
20
9.88599398391775
30
0
0
VERTEX
8
0
10
147.885289870021
20
9.87630331791646
30
0
0
VERTEX
8
0
10
148.145651295848
20
9.86661265191518
30
0
0
VERTEX
8
0
10
148.406012721676
20
9.8569219859139
30
0
0
VERTEX
8
0
10
148.666374147503
20
9.84723131991261
30
0
0
VERTEX
8
0
10
148.926735573331
20
9.83270331732345
30
0
0
VERTEX
8
0
10
149.187096999158
20
9.81870593321373
30
0
0
VERTEX
8
0
10
149.447458424986
20
9.80470854910401
30
0
0
VERTEX
8
0
10
149.707819850813
20
9.79071116499429
30
0
0
VERTEX
8
0
10
149.968181276641
20
9.77671378088457
30
0
0
VERTEX
8
0
10
150.228542702468
20
9.76271639677485
30
0
0
VERTEX
8
0
10
150.488904128296
20
9.74871901266513
30
0
0
VERTEX
8
0
10
150.749265554123
20
9.73472162855542
30
0
0
VERTEX
8
0
10
151.009626979951
20
9.7207242444457
30
0
0
VERTEX
8
0
10
151.269988405778
20
9.70672686033598
30
0
0
VERTEX
8
0
10
151.530349831606
20
9.7065118908177
30
0
0
VERTEX
8
0
10
151.790711257433
20
9.7065118908177
30
0
0
VERTEX
8
0
10
152.051072683261
20
9.7065118908177
30
0
0
VERTEX
8
0
10
152.311434109088
20
9.7065118908177
30
0
0
VERTEX
8
0
10
152.571795534916
20
9.7065118908177
30
0
0
VERTEX
8
0
10
152.832156960743
20
9.7065118908177
30
0
0
VERTEX
8
0
10
153.092518386571
20
9.7065118908177
30
0
0
VERTEX
8
0
10
153.352879812398
20
9.7065118908177
30
0
0
VERTEX
8
0
10
153.613241238226
20
9.7065118908177
30
0
0
VERTEX
8
0
10
153.873602664053
20
9.7065118908177
30
0
0
VERTEX
8
0
10
154.133964089881
20
9.7065118908177
30
0
0
VERTEX
8
0
10
154.394325515708
20
9.7065118908177
30
0
0
VERTEX
8
0
10
154.654686941536
20
9.7065118908177
30
0
0
VERTEX
8
0
10
154.915048367363
20
9.7065118908177
30
0
0
VERTEX
8
0
10
155.175409793191
20
9.7065118908177
30
0
0
VERTEX
8
0
10
155.435771219018
20
9.7065118908177
30
0
0
SEQEND
8
0
0
POLYLINE
8
0
62
6
70
0
10
0
20
0
30
0
0
VERTEX
8
0
10
13.7991555688578
20
9.38160900217632
30
0
0
VERTEX
8
0
10
14.0595169946853
20
9.54970169223122
30
0
0
VERTEX
8
0
10
14.3198784205128
20
9.71779438228612
30
0
0
VERTEX
8
0
10
14.5802398463403
20
9.88588707234102
30
0
0
VERTEX
8
0
10
14.8406012721678
20
10.0539797623959
30
0
0
VERTEX
8
0
10
15.1009626979953
20
10.2220724524508
30
0
0
VERTEX
8
0
10
15.3613241238228
20
10.3901651425057
30
0
0
VERTEX
8
0
10
15.6216855496503
20
10.5582578325606
30
0
0
VERTEX
8
0
10
15.8820469754778
20
10.7263505226155
30
0
0
VERTEX
8
0
10
16.1424084013053
20
10.8944432126704
30
0
0
VERTEX
8
0
10
16.4027698271328
20
11.0625359027253
30
0
0
VERTEX
8
0
10
16.6631312529603
20
11.2336992810357
30
0
0
VERTEX
8
0
10
16.9234926787878
20
11.405026769485
30
0
0
VERTEX
8
0
10
17.1838541046153
20
11.5763542579342
30
0
0
VERTEX
8
0
10
17.4442155304428
20
11.7476817463835
30
0
0
VERTEX
8
0
10
17.7045769562703
20
11.9190092348327
30
0
0
VERTEX
8
0
10
17.9649383820978
20
12.090336723282
30
0
0
VERTEX
8
0
10
18.2252998079253
20
12.2616642117312
30
0
0
VERTEX
8
0
10
18.4856612337528
20
12.4329917001805
30
0
0
VERTEX
8
0
10
18.7460226595803
20
12.6043191886297
30
0
0
VERTEX
8
0
10
19.0063840854078
20
12.775646677079
30
0
0
VERTEX
8
0
10
19.2667455112354
20
12.9460917920364
30
0
0
VERTEX
8
0
10
19.5271069370629
20
13.1163410049277
30
0
0
VERTEX
8
0
10
19.7874683628904
20
13.286590217819
30
0
0
VERTEX
8
0
10
20.0478297887179
20
13.4568394307103
30
0
0
VERTEX
8
0
10
20.3081912145454
20
13.6270886436017
30
0
0
VERTEX
8
0
10
20.5685526403729
20
13.797337856493
30
0
0
VERTEX
8
0
10
20.8289140662004
20
13.9675870693843
30
0
0
VERTEX
8
0
10
21.0892754920279
20
14.1378362822756
30
0
0
VERTEX
8
0
10
21.3496369178554
20
14.308085495167
30
0
0
VERTEX
8
0
10
21.6099983436829
20
14.4783347080583
30
0
0
VERTEX
8
0
10
21.8703597695104
20
14.649325048483
30
0
0
VERTEX
8
0
10
22.1307211953379
20
14.8206525369323
30
0
0
VERTEX
8
0
10
22.3910826211654
20
14.9919800253815
30
0
0
VERTEX
8
0
10
22.6514440469929
20
15.1633075138308
30
0
0
VERTEX
8
0
10
22.9118054728204
20
15.33463500228
30
0
0
VERTEX
8
0
10
23.1721668986479
20
15.5059624907293
30
0
0
VERTEX
8
0
10
23.4325283244754
20
15.6772899791785
30
0
0
VERTEX
8
0
10
23.6928897503029
20
15.8486174676278
30
0
0
VERTEX
8
0
10
23.9532511761304
20
16.019944956077
30
0
0
VERTEX
8
0
10
24.2136126019579
20
16.1912724445263
30
0
0
VERTEX
8
0
10
24.4739740277855
20
16.3620000036503
30
0
0
VERTEX
8
0
10
24.734335453613
20
16.5322492165417
30
0
0
VERTEX
8
0
10
24.9946968794405
20
16.702498429433
30
0
0
VERTEX
8
0
10
25.255058305268
20
16.8727476423243
30
0
0
VERTEX
8
0
10
25.5154197310955
20
17.0429968552156
30
0
0
VERTEX
8
0
10
25.775781156923
20
17.213246068107
30
0
0
VERTEX
8
0
10
26.0361425827505
20
17.3834952809983
30
0
0
VERTEX
8
0
10
26.296504008578
20
17.5537444938896
30
0
0
VERTEX
8
0
10
26.5568654344055
20
17.7239937067809
30
0
0
VERTEX
8
0
10
26.817226860233
20
17.8942429196723
30
0
0
VERTEX
8
0
10
27.0775882860605
20
18.0644921325636
30
0
0
VERTEX
8
0
10
27.337949711888
20
18.2209093197505
30
0
0
VERTEX
8
0
10
27.5983111377155
20
18.3814544767989
30
0
0
VERTEX
8
0
10
27.858672563543
20
18.5419996338473
30
0
0
VERTEX
8
0
10
28.1190339893705
20
18.7025447908956
30
0
0
VERTEX
8
0
10
28.379395415198
20
18.863089947944
30
0
0
VERTEX
8
0
10
28.6397568410255
20
19.0236351049924
30
0
0
VERTEX
8
0
10
28.900118266853
20
19.1841802620408
30
0
0
VERTEX
8
0
10
29.1604796926805
20
19.3447254190892
30
0
0
VERTEX
8
0
10
29.420841118508
20
19.5052705761375
30
0
0
VERTEX
8
0
10
29.6812025443356
20
19.6658157331859
30
0
0
VERTEX
8
0
10
29.9415639701631
20
19.82915124931
30
0
0
VERTEX
8
0
10
30.2019253959906
20
19.9918527972314
30
0
0
VERTEX
8
0
10
30.4622868218181
20
20.1545543451528
30
0
0
VERTEX
8
0
10
30.7226482476456
20
20.3172558930742
30
0
0
VERTEX
8
0
10
30.9830096734731
20
20.4799574409955
30
0
0
VERTEX
8
0
10
31.2433710993006
20
20.6426589889169
30
0
0
VERTEX
8
0
10
31.5037325251281
20
20.8053605368383
30
0
0
VERTEX
8
0
10
31.7640939509556
20
20.9680620847597
30
0
0
VERTEX
8
0
10
32.0244553767831
20
21.130763632681
30
0
0
VERTEX
8
0
10
32.2848168026106
20
21.2934651806024
30
0
0
VERTEX
8
0
10
32.5451782284381
20
21.4524059154173
30
0
0
VERTEX
8
0
10
32.8055396542656
20
21.6118728911674
30
0
0
VERTEX
8
0
10
33.0659010800931
20
21.7713398669174
30
0
0
VERTEX
8
0
10
33.3262625059206
20
21.9308068426675
30
0
0
VERTEX
8
0
10
33.5866239317481
20
22.0902738184175
30
0
0
VERTEX
8
0
10
33.8469853575756
20
22.2497407941676
30
0
0
VERTEX
8
0
10
34.1073467834031
20
22.4092077699176
30
0
0
VERTEX
8
0
10
34.3677082092306
20
22.5686747456677
30
0
0
VERTEX
8
0
10
34.6280696350581
20
22.7281417214177
30
0
0
VERTEX
8
0
10
34.8884310608857
20
22.8876086971678
30
0
0
VERTEX
8
0
10
35.1487924867132
20
23.0481875552565
30
0
0
VERTEX
8
0
10
35.4091539125407
20
23.2087327123049
30
0
0
VERTEX
8
0
10
35.6695153383682
20
23.3692778693533
30
0
0
VERTEX
8
0
10
35.9298767641957
20
23.5298230264016
30
0
0
VERTEX
8
0
10
36.1902381900232
20
23.69036818345
30
0
0
VERTEX
8
0
10
36.4505996158507
20
23.8509133404984
30
0
0
VERTEX
8
0
10
36.7109610416782
20
24.0114584975468
30
0
0
VERTEX
8
0
10
36.9713224675057
20
24.1720036545952
30
0
0
VERTEX
8
0
10
37.2316838933332
20
24.3325488116436
30
0
0
VERTEX
8
0
10
37.4920453191607
20
24.4930939686919
30
0
0
VERTEX
8
0
10
37.7524067449882
20
24.6352064147125
30
0
0
VERTEX
8
0
10
38.0127681708157
20
24.7752677386957
30
0
0
VERTEX
8
0
10
38.2731295966432
20
24.9153290626789
30
0
0
VERTEX
8
0
10
38.5334910224707
20
25.0553903866621
30
0
0
VERTEX
8
0
10
38.7938524482982
20
25.1954517106453
30
0
0
VERTEX
8
0
10
39.0542138741257
20
25.3355130346284
30
0
0
VERTEX
8
0
10
39.3145752999532
20
25.4755743586116
30
0
0
VERTEX
8
0
10
39.5749367257807
20
25.6156356825948
30
0
0
VERTEX
8
0
10
39.8352981516082
20
25.755697006578
30
0
0
VERTEX
8
0
10
40.0956595774358
20
25.8957583305612
30
0
0
VERTEX
8
0
10
40.3560210032633
20
26.0176160819405
30
0
0
VERTEX
8
0
10
40.6163824290908
20
26.1339635331694
30
0
0
VERTEX
8
0
10
40.8767438549183
20
26.2503109843983
30
0
0
VERTEX
8
0
10
41.1371052807458
20
26.3666584356272
30
0
0
VERTEX
8
0
10
41.3974667065733
20
26.4830058868561
30
0
0
VERTEX
8
0
10
41.6578281324008
20
26.599353338085
30
0
0
VERTEX
8
0
10
41.9181895582283
20
26.7157007893139
30
0
0
VERTEX
8
0
10
42.1785509840558
20
26.8320482405428
30
0
0
VERTEX
8
0
10
42.4389124098833
20
26.9483956917717
30
0
0
VERTEX
8
0
10
42.6992738357108
20
27.0647431430006
30
0
0
VERTEX
8
0
10
42.9596352615383
20
27.1804068117289
30
0
0
VERTEX
8
0
10
43.2199966873658
20
27.2956764679946
30
0
0
VERTEX
8
0
10
43.4803581131933
20
27.4109461242603
30
0
0
VERTEX
8
0
10
43.7407195390208
20
27.526215780526
30
0
0
VERTEX
8
0
10
44.0010809648483
20
27.6414854367917
30
0
0
VERTEX
8
0
10
44.2614423906758
20
27.7567550930574
30
0
0
VERTEX
8
0
10
44.5218038165033
20
27.8720247493231
30
0
0
VERTEX
8
0
10
44.7821652423308
20
27.9872944055889
30
0
0
VERTEX
8
0
10
45.0425266681583
20
28.1025640618546
30
0
0
VERTEX
8
0
10
45.3028880939859
20
28.2178337181203
30
0
0
VERTEX
8
0
10
45.5632495198134
20
28.333103374386
30
0
0
VERTEX
8
0
10
45.8236109456409
20
28.4483730306517
30
0
0
VERTEX
8
0
10
46.0839723714684
20
28.5636426869174
30
0
0
VERTEX
8
0
10
46.3443337972959
20
28.6789123431831
30
0
0
VERTEX
8
0
10
46.6046952231234
20
28.7941819994488
30
0
0
VERTEX
8
0
10
46.8650566489509
20
28.9094516557145
30
0
0
VERTEX
8
0
10
47.1254180747784
20
29.0247213119802
30
0
0
VERTEX
8
0
10
47.3857795006059
20
29.1399909682459
30
0
0
VERTEX
8
0
10
47.6461409264334
20
29.2552606245116
30
0
0
VERTEX
8
0
10
47.9065023522609
20
29.3705302807773
30
0
0
VERTEX
8
0
10
48.1668637780884
20
29.485799937043
30
0
0
VERTEX
8
0
10
48.4272252039159
20
29.5995952630878
30
0
0
VERTEX
8
0
10
48.6875866297434
20
29.7137871338105
30
0
0
VERTEX
8
0
10
48.9479480555709
20
29.8279790045332
30
0
0
VERTEX
8
0
10
49.2083094813984
20
29.942170875256
30
0
0
VERTEX
8
0
10
49.4686709072259
20
30.0563627459787
30
0
0
VERTEX
8
0
10
49.7290323330534
20
30.1705546167014
30
0
0
VERTEX
8
0
10
49.9893937588809
20
30.2847464874242
30
0
0
VERTEX
8
0
10
50.2497551847084
20
30.3989383581469
30
0
0
VERTEX
8
0
10
50.5101166105359
20
30.5131302288696
30
0
0
VERTEX
8
0
10
50.7704780363635
20
30.6273220995924
30
0
0
VERTEX
8
0
10
51.030839462191
20
30.7109118488808
30
0
0
VERTEX
8
0
10
51.2912008880185
20
30.8003172518103
30
0
0
VERTEX
8
0
10
51.551562313846
20
30.8897226547397
30
0
0
VERTEX
8
0
10
51.8119237396735
20
30.9791280576692
30
0
0
VERTEX
8
0
10
52.072285165501
20
31.0685334605986
30
0
0
VERTEX
8
0
10
52.3326465913285
20
31.157938863528
30
0
0
VERTEX
8
0
10
52.593008017156
20
31.2473442664575
30
0
0
VERTEX
8
0
10
52.8533694429835
20
31.3367496693869
30
0
0
VERTEX
8
0
10
53.113730868811
20
31.4261550723164
30
0
0
VERTEX
8
0
10
53.3740922946385
20
31.5155604752458
30
0
0
VERTEX
8
0
10
53.634453720466
20
31.5788838299065
30
0
0
VERTEX
8
0
10
53.8948151462935
20
31.6445850991149
30
0
0
VERTEX
8
0
10
54.155176572121
20
31.7102863683233
30
0
0
VERTEX
8
0
10
54.4155379979485
20
31.7759876375317
30
0
0
VERTEX
8
0
10
54.675899423776
20
31.8416889067402
30
0
0
VERTEX
8
0
10
54.9362608496035
20
31.9073901759486
30
0
0
VERTEX
8
0
10
55.196622275431
20
31.973091445157
30
0
0
VERTEX
8
0
10
55.4569837012585
20
32.0387927143654
30
0
0
VERTEX
8
0
10
55.717345127086
20
32.1044939835738
30
0
0
VERTEX
8
0
10
55.9777065529135
20
32.1701952527822
30
0
0
VERTEX
8
0
10
56.238067978741
20
32.2379759006112
30
0
0
VERTEX
8
0
10
56.4984294045685
20
32.3058319027565
30
0
0
VERTEX
8
0
10
56.758790830396
20
32.3736879049018
30
0
0
VERTEX
8
0
10
57.0191522562235
20
32.4415439070472
30
0
0
VERTEX
8
0
10
57.279513682051
20
32.5093999091925
30
0
0
VERTEX
8
0
10
57.5398751078785
20
32.5772559113378
30
0
0
VERTEX
8
0
10
57.800236533706
20
32.6451119134831
30
0
0
VERTEX
8
0
10
58.0605979595335
20
32.7129679156285
30
0
0
VERTEX
8
0
10
58.320959385361
20
32.7808239177738
30
0
0
VERTEX
8
0
10
58.5813208111885
20
32.8486799199191
30
0
0
VERTEX
8
0
10
58.841682237016
20
32.9156418881659
30
0
0
VERTEX
8
0
10
59.1020436628435
20
32.9824205191354
30
0
0
VERTEX
8
0
10
59.362405088671
20
33.049199150105
30
0
0
VERTEX
8
0
10
59.6227665144985
20
33.1159777810745
30
0
0
VERTEX
8
0
10
59.883127940326
20
33.182756412044
30
0
0
VERTEX
8
0
10
60.1434893661535
20
33.2495350430136
30
0
0
VERTEX
8
0
10
60.403850791981
20
33.3163136739831
30
0
0
VERTEX
8
0
10
60.6642122178084
20
33.3830923049527
30
0
0
VERTEX
8
0
10
60.924573643636
20
33.4498709359222
30
0
0
VERTEX
8
0
10
61.1849350694635
20
33.5166495668918
30
0
0
VERTEX
8
0
10
61.4452964952909
20
33.5834281978613
30
0
0
VERTEX
8
0
10
61.7056579211184
20
33.6502068288309
30
0
0
VERTEX
8
0
10
61.9660193469459
20
33.7169854598004
30
0
0
VERTEX
8
0
10
62.2263807727734
20
33.7837640907699
30
0
0
VERTEX
8
0
10
62.4867421986009
20
33.8505427217395
30
0
0
VERTEX
8
0
10
62.7471036244284
20
33.917321352709
30
0
0
VERTEX
8
0
10
63.0074650502559
20
33.9840999836786
30
0
0
VERTEX
8
0
10
63.2678264760834
20
34.0508786146481
30
0
0
VERTEX
8
0
10
63.5281879019109
20
34.1176572456177
30
0
0
VERTEX
8
0
10
63.7885493277384
20
34.1844358765872
30
0
0
VERTEX
8
0
10
64.0489107535659
20
34.2512145075568
30
0
0
VERTEX
8
0
10
64.3092721793934
20
34.3179931385263
30
0
0
VERTEX
8
0
10
64.5696336052209
20
34.3847717694958
30
0
0
VERTEX
8
0
10
64.8299950310484
20
34.4515504004654
30
0
0
VERTEX
8
0
10
65.0903564568759
20
34.5183290314349
30
0
0
VERTEX
8
0
10
65.3507178827034
20
34.5851076624045
30
0
0
VERTEX
8
0
10
65.6110793085309
20
34.651886293374
30
0
0
VERTEX
8
0
10
65.8714407343584
20
34.7186649243436
30
0
0
VERTEX
8
0
10
66.1318021601859
20
34.7854435553131
30
0
0
VERTEX
8
0
10
66.3921635860134
20
34.8522221862827
30
0
0
VERTEX
8
0
10
66.6525250118409
20
34.9190008172522
30
0
0
VERTEX
8
0
10
66.9128864376684
20
34.9888480257912
30
0
0
VERTEX
8
0
10
67.1732478634959
20
35.0577814085271
30
0
0
VERTEX
8
0
10
67.4336092893234
20
35.126714791263
30
0
0
VERTEX
8
0
10
67.6939707151509
20
35.1956481739989
30
0
0
VERTEX
8
0
10
67.9543321409784
20
35.2645815567348
30
0
0
VERTEX
8
0
10
68.2146935668059
20
35.3335149394707
30
0
0
VERTEX
8
0
10
68.4750549926334
20
35.4024483222066
30
0
0
VERTEX
8
0
10
68.7354164184609
20
35.4713817049425
30
0
0
VERTEX
8
0
10
68.9957778442884
20
35.5403150876784
30
0
0
VERTEX
8
0
10
69.2561392701159
20
35.6092484704143
30
0
0
VERTEX
8
0
10
69.5165006959434
20
35.6760988347431
30
0
0
VERTEX
8
0
10
69.7768621217709
20
35.7434161501237
30
0
0
VERTEX
8
0
10
70.0372235475984
20
35.8107334655043
30
0
0
VERTEX
8
0
10
70.2975849734259
20
35.8780507808849
30
0
0
VERTEX
8
0
10
70.5579463992534
20
35.9453680962655
30
0
0
VERTEX
8
0
10
70.8183078250809
20
36.0126854116461
30
0
0
VERTEX
8
0
10
71.0786692509084
20
36.0800027270267
30
0
0
VERTEX
8
0
10
71.3390306767359
20
36.1473200424073
30
0
0
VERTEX
8
0
10
71.5993921025634
20
36.2146373577879
30
0
0
VERTEX
8
0
10
71.8597535283909
20
36.2819546731685
30
0
0
VERTEX
8
0
10
72.1201149542184
20
36.3492719885491
30
0
0
VERTEX
8
0
10
72.3804763800459
20
36.4165893039297
30
0
0
VERTEX
8
0
10
72.6408378058734
20
36.4839066193103
30
0
0
VERTEX
8
0
10
72.9011992317009
20
36.5512239346909
30
0
0
VERTEX
8
0
10
73.1615606575284
20
36.6185412500715
30
0
0
VERTEX
8
0
10
73.4219220833559
20
36.6858585654521
30
0
0
VERTEX
8
0
10
73.6822835091834
20
36.7531758808327
30
0
0
VERTEX
8
0
10
73.9426449350109
20
36.8204931962132
30
0
0
VERTEX
8
0
10
74.2030063608384
20
36.8878105115938
30
0
0
VERTEX
8
0
10
74.4633677866659
20
36.9551278269744
30
0
0
VERTEX
8
0
10
74.7237292124934
20
37.0207991998157
30
0
0
VERTEX
8
0
10
74.9840906383209
20
37.0865004690241
30
0
0
VERTEX
8
0
10
75.2444520641484
20
37.1522017382325
30
0
0
VERTEX
8
0
10
75.5048134899759
20
37.2179030074409
30
0
0
VERTEX
8
0
10
75.7651749158034
20
37.2836042766493
30
0
0
VERTEX
8
0
10
76.0255363416309
20
37.3493055458578
30
0
0
VERTEX
8
0
10
76.2858977674584
20
37.4150068150662
30
0
0
VERTEX
8
0
10
76.5462591932859
20
37.4807080842746
30
0
0
VERTEX
8
0
10
76.8066206191134
20
37.546409353483
30
0
0
VERTEX
8
0
10
77.0669820449409
20
37.6121106226914
30
0
0
VERTEX
8
0
10
77.3273434707684
20
37.6778118918998
30
0
0
VERTEX
8
0
10
77.5877048965959
20
37.7435131611083
30
0
0
VERTEX
8
0
10
77.8480663224234
20
37.8092144303167
30
0
0
VERTEX
8
0
10
78.1084277482509
20
37.8749156995251
30
0
0
VERTEX
8
0
10
78.3687891740784
20
37.9406169687335
30
0
0
VERTEX
8
0
10
78.6291505999059
20
38.0063182379419
30
0
0
VERTEX
8
0
10
78.8895120257334
20
38.0720195071503
30
0
0
VERTEX
8
0
10
79.1498734515609
20
38.1377207763588
30
0
0
VERTEX
8
0
10
79.4102348773884
20
38.2034220455672
30
0
0
VERTEX
8
0
10
79.6705963032159
20
38.2691233147756
30
0
0
VERTEX
8
0
10
79.9309577290434
20
38.334824583984
30
0
0
VERTEX
8
0
10
80.1913191548709
20
38.4005258531924
30
0
0
VERTEX
8
0
10
80.4516805806984
20
38.4662271224008
30
0
0
VERTEX
8
0
10
80.7120420065259
20
38.5319283916093
30
0
0
VERTEX
8
0
10
80.9724034323534
20
38.5976296608177
30
0
0
VERTEX
8
0
10
81.2327648581809
20
38.6633309300261
30
0
0
VERTEX
8
0
10
81.4931262840084
20
38.7290321992345
30
0
0
VERTEX
8
0
10
81.7534877098359
20
38.7947334684429
30
0
0
VERTEX
8
0
10
82.0138491356634
20
38.8604347376513
30
0
0
VERTEX
8
0
10
82.2742105614909
20
38.9261360068598
30
0
0
VERTEX
8
0
10
82.5345719873184
20
38.9911772515096
30
0
0
VERTEX
8
0
10
82.7949334131459
20
39.0558011683715
30
0
0
VERTEX
8
0
10
83.0552948389734
20
39.1204250852333
30
0
0
VERTEX
8
0
10
83.3156562648009
20
39.1850490020951
30
0
0
VERTEX
8
0
10
83.5760176906284
20
39.2496729189569
30
0
0
VERTEX
8
0
10
83.8363791164559
20
39.3142968358188
30
0
0
VERTEX
8
0
10
84.0967405422834
20
39.3789207526806
30
0
0
VERTEX
8
0
10
84.3571019681109
20
39.4435446695424
30
0
0
VERTEX
8
0
10
84.6174633939384
20
39.5081685864042
30
0
0
VERTEX
8
0
10
84.8778248197659
20
39.5727925032661
30
0
0
VERTEX
8
0
10
85.1381862455934
20
39.6374164201279
30
0
0
VERTEX
8
0
10
85.3985476714209
20
39.7020403369897
30
0
0
VERTEX
8
0
10
85.6589090972484
20
39.7666642538515
30
0
0
VERTEX
8
0
10
85.9192705230759
20
39.8312881707134
30
0
0
VERTEX
8
0
10
86.1796319489034
20
39.8959120875752
30
0
0
VERTEX
8
0
10
86.4399933747309
20
39.960536004437
30
0
0
VERTEX
8
0
10
86.7003548005584
20
40.0251599212988
30
0
0
VERTEX
8
0
10
86.9607162263859
20
40.0897838381607
30
0
0
VERTEX
8
0
10
87.2210776522134
20
40.1544077550225
30
0
0
VERTEX
8
0
10
87.4814390780409
20
40.2190316718843
30
0
0
VERTEX
8
0
10
87.7418005038684
20
40.2836555887461
30
0
0
VERTEX
8
0
10
88.0021619296959
20
40.34972528144
30
0
0
VERTEX
8
0
10
88.2625233555234
20
40.4154265506484
30
0
0
VERTEX
8
0
10
88.5228847813509
20
40.4811278198568
30
0
0
VERTEX
8
0
10
88.7832462071784
20
40.5468290890652
30
0
0
VERTEX
8
0
10
89.0436076330059
20
40.6125303582736
30
0
0
VERTEX
8
0
10
89.3039690588334
20
40.6782316274821
30
0
0
VERTEX
8
0
10
89.5643304846609
20
40.7439328966905
30
0
0
VERTEX
8
0
10
89.8246919104884
20
40.8096341658989
30
0
0
VERTEX
8
0
10
90.0850533363159
20
40.8753354351073
30
0
0
VERTEX
8
0
10
90.3454147621433
20
40.9410367043157
30
0
0
VERTEX
8
0
10
90.6057761879709
20
40.9560454928961
30
0
0
VERTEX
8
0
10
90.8661376137984
20
40.9797369955391
30
0
0
VERTEX
8
0
10
91.1264990396259
20
41.003428498182
30
0
0
VERTEX
8
0
10
91.3868604654534
20
41.027120000825
30
0
0
VERTEX
8
0
10
91.6472218912809
20
41.050811503468
30
0
0
VERTEX
8
0
10
91.9075833171083
20
41.0745030061109
30
0
0
VERTEX
8
0
10
92.1679447429358
20
41.0981945087539
30
0
0
VERTEX
8
0
10
92.4283061687634
20
41.1218860113968
30
0
0
VERTEX
8
0
10
92.6886675945909
20
41.1455775140398
30
0
0
VERTEX
8
0
10
92.9490290204184
20
41.1692690166828
30
0
0
VERTEX
8
0
10
93.2093904462458
20
41.1918085024549
30
0
0
VERTEX
8
0
10
93.4697518720733
20
41.2144230198219
30
0
0
VERTEX
8
0
10
93.7301132979008
20
41.2370375371889
30
0
0
VERTEX
8
0
10
93.9904747237283
20
41.2596520545559
30
0
0
VERTEX
8
0
10
94.2508361495558
20
41.2822665719229
30
0
0
VERTEX
8
0
10
94.5111975753833
20
41.30488108929
30
0
0
VERTEX
8
0
10
94.7715590012108
20
41.327495606657
30
0
0
VERTEX
8
0
10
95.0319204270383
20
41.350110124024
30
0
0
VERTEX
8
0
10
95.2922818528658
20
41.372724641391
30
0
0
VERTEX
8
0
10
95.5526432786933
20
41.395339158758
30
0
0
VERTEX
8
0
10
95.8130047045208
20
41.4048971968879
30
0
0
VERTEX
8
0
10
96.0733661303483
20
41.4135117618964
30
0
0
VERTEX
8
0
10
96.3337275561758
20
41.4221263269049
30
0
0
VERTEX
8
0
10
96.5940889820033
20
41.4307408919133
30
0
0
VERTEX
8
0
10
96.8544504078308
20
41.4393554569218
30
0
0
VERTEX
8
0
10
97.1148118336583
20
41.4479700219303
30
0
0
VERTEX
8
0
10
97.3751732594858
20
41.4565845869388
30
0
0
VERTEX
8
0
10
97.6355346853133
20
41.4651991519472
30
0
0
VERTEX
8
0
10
97.8958961111408
20
41.4738137169557
30
0
0
VERTEX
8
0
10
98.1562575369683
20
41.4824282819642
30
0
0
VERTEX
8
0
10
98.4166189627958
20
41.4970355489601
30
0
0
VERTEX
8
0
10
98.6769803886233
20
41.5131883522687
30
0
0
VERTEX
8
0
10
98.9373418144508
20
41.5293411555774
30
0
0
VERTEX
8
0
10
99.1977032402783
20
41.545493958886
30
0
0
VERTEX
8
0
10
99.4580646661058
20
41.5616467621946
30
0
0
VERTEX
8
0
10
99.7184260919333
20
41.5777995655032
30
0
0
VERTEX
8
0
10
99.9787875177608
20
41.5939523688119
30
0
0
VERTEX
8
0
10
100.239148943588
20
41.6101051721205
30
0
0
VERTEX
8
0
10
100.499510369416
20
41.6262579754291
30
0
0
VERTEX
8
0
10
100.759871795243
20
41.6424107787377
30
0
0
VERTEX
8
0
10
101.020233221071
20
41.6571471187938
30
0
0
VERTEX
8
0
10
101.280594646898
20
41.6711460926885
30
0
0
VERTEX
8
0
10
101.540956072726
20
41.6851450665832
30
0
0
VERTEX
8
0
10
101.801317498553
20
41.6991440404779
30
0
0
VERTEX
8
0
10
102.061678924381
20
41.7131430143726
30
0
0
VERTEX
8
0
10
102.322040350208
20
41.7271419882673
30
0
0
VERTEX
8
0
10
102.582401776036
20
41.741140962162
30
0
0
VERTEX
8
0
10
102.842763201863
20
41.7551399360567
30
0
0
VERTEX
8
0
10
103.103124627691
20
41.7691389099514
30
0
0
VERTEX
8
0
10
103.363486053518
20
41.7831378838461
30
0
0
VERTEX
8
0
10
103.623847479346
20
41.7820120537726
30
0
0
VERTEX
8
0
10
103.884208905173
20
41.7669380136496
30
0
0
VERTEX
8
0
10
104.144570331001
20
41.7518639735266
30
0
0
VERTEX
8
0
10
104.404931756828
20
41.7367899334036
30
0
0
VERTEX
8
0
10
104.665293182656
20
41.7217158932807
30
0
0
VERTEX
8
0
10
104.925654608483
20
41.7066418531576
30
0
0
VERTEX
8
0
10
105.186016034311
20
41.6915678130347
30
0
0
VERTEX
8
0
10
105.446377460138
20
41.6764937729117
30
0
0
VERTEX
8
0
10
105.706738885966
20
41.6614197327887
30
0
0
VERTEX
8
0
10
105.967100311793
20
41.6463456926657
30
0
0
VERTEX
8
0
10
106.227461737621
20
41.6312716525427
30
0
0
VERTEX
8
0
10
106.487823163448
20
41.6072726704107
30
0
0
VERTEX
8
0
10
106.748184589276
20
41.5857388917147
30
0
0
VERTEX
8
0
10
107.008546015103
20
41.5642051130188
30
0
0
VERTEX
8
0
10
107.268907440931
20
41.5426713343228
30
0
0
VERTEX
8
0
10
107.529268866758
20
41.5211375556268
30
0
0
VERTEX
8
0
10
107.789630292586
20
41.4996037769308
30
0
0
VERTEX
8
0
10
108.049991718413
20
41.4780699982349
30
0
0
VERTEX
8
0
10
108.310353144241
20
41.4565362195389
30
0
0
VERTEX
8
0
10
108.570714570068
20
41.4350024408429
30
0
0
VERTEX
8
0
10
108.831075995896
20
41.413468662147
30
0
0
VERTEX
8
0
10
109.091437421723
20
41.3946107853565
30
0
0
VERTEX
8
0
10
109.351798847551
20
41.3752302152321
30
0
0
VERTEX
8
0
10
109.612160273378
20
41.3558496451076
30
0
0
VERTEX
8
0
10
109.872521699206
20
41.3364690749831
30
0
0
VERTEX
8
0
10
110.132883125033
20
41.3170885048586
30
0
0
VERTEX
8
0
10
110.393244550861
20
41.2977079347341
30
0
0
VERTEX
8
0
10
110.653605976688
20
41.2783273646097
30
0
0
VERTEX
8
0
10
110.913967402516
20
41.2589467944852
30
0
0
VERTEX
8
0
10
111.174328828343
20
41.2395662243607
30
0
0
VERTEX
8
0
10
111.434690254171
20
41.2201856542362
30
0
0
VERTEX
8
0
10
111.695051679998
20
41.2008050841117
30
0
0
VERTEX
8
0
10
111.955413105826
20
41.1814245139872
30
0
0
VERTEX
8
0
10
112.215774531653
20
41.1620439438628
30
0
0
VERTEX
8
0
10
112.476135957481
20
41.1426633737383
30
0
0
VERTEX
8
0
10
112.736497383308
20
41.1232828036138
30
0
0
VERTEX
8
0
10
112.996858809136
20
41.1039022334893
30
0
0
VERTEX
8
0
10
113.257220234963
20
41.0845216633649
30
0
0
VERTEX
8
0
10
113.517581660791
20
41.0651410932404
30
0
0
VERTEX
8
0
10
113.777943086618
20
41.0457605231159
30
0
0
VERTEX
8
0
10
114.038304512446
20
41.0263799529914
30
0
0
VERTEX
8
0
10
114.298665938273
20
41.0069993828669
30
0
0
VERTEX
8
0
10
114.559027364101
20
40.9876188127424
30
0
0
VERTEX
8
0
10
114.819388789928
20
40.968238242618
30
0
0
VERTEX
8
0
10
115.079750215756
20
40.9488576724935
30
0
0
VERTEX
8
0
10
115.340111641583
20
40.929477102369
30
0
0
VERTEX
8
0
10
115.600473067411
20
40.9100965322445
30
0
0
VERTEX
8
0
10
115.860834493238
20
40.89071596212
30
0
0
VERTEX
8
0
10
116.121195919066
20
40.8713353919955
30
0
0
VERTEX
8
0
10
116.381557344893
20
40.8519548218711
30
0
0
VERTEX
8
0
10
116.641918770721
20
40.8325742517466
30
0
0
VERTEX
8
0
10
116.902280196548
20
40.8078555939167
30
0
0
VERTEX
8
0
10
117.162641622376
20
40.7820155109313
30
0
0
VERTEX
8
0
10
117.423003048203
20
40.7561754279459
30
0
0
VERTEX
8
0
10
117.683364474031
20
40.7303353449605
30
0
0
VERTEX
8
0
10
117.943725899858
20
40.7044952619752
30
0
0
VERTEX
8
0
10
118.204087325686
20
40.6786551789898
30
0
0
VERTEX
8
0
10
118.464448751513
20
40.6528150960044
30
0
0
VERTEX
8
0
10
118.724810177341
20
40.626975013019
30
0
0
VERTEX
8
0
10
118.985171603168
20
40.6011349300337
30
0
0
VERTEX
8
0
10
119.245533028996
20
40.5752948470483
30
0
0
VERTEX
8
0
10
119.505894454823
20
40.5494547640629
30
0
0
VERTEX
8
0
10
119.766255880651
20
40.5236146810775
30
0
0
VERTEX
8
0
10
120.026617306478
20
40.4977745980921
30
0
0
VERTEX
8
0
10
120.286978732306
20
40.4719345151068
30
0
0
VERTEX
8
0
10
120.547340158133
20
40.4460944321214
30
0
0
VERTEX
8
0
10
120.807701583961
20
40.420254349136
30
0
0
VERTEX
8
0
10
121.068063009788
20
40.3944142661506
30
0
0
VERTEX
8
0
10
121.328424435616
20
40.3685741831653
30
0
0
VERTEX
8
0
10
121.588785861443
20
40.3427341001799
30
0
0
VERTEX
8
0
10
121.849147287271
20
40.3168940171945
30
0
0
VERTEX
8
0
10
122.109508713098
20
40.2916441996361
30
0
0
VERTEX
8
0
10
122.369870138926
20
40.2668806786166
30
0
0
VERTEX
8
0
10
122.630231564753
20
40.2421171575972
30
0
0
VERTEX
8
0
10
122.890592990581
20
40.2173536365778
30
0
0
VERTEX
8
0
10
123.150954416408
20
40.1925901155584
30
0
0
VERTEX
8
0
10
123.411315842236
20
40.167826594539
30
0
0
VERTEX
8
0
10
123.671677268063
20
40.1430630735196
30
0
0
VERTEX
8
0
10
123.932038693891
20
40.1182995525002
30
0
0
VERTEX
8
0
10
124.192400119718
20
40.0935360314808
30
0
0
VERTEX
8
0
10
124.452761545546
20
40.0687725104613
30
0
0
VERTEX
8
0
10
124.713122971373
20
40.0440089894419
30
0
0
VERTEX
8
0
10
124.973484397201
20
40.0192454684225
30
0
0
VERTEX
8
0
10
125.233845823028
20
39.9944819474031
30
0
0
VERTEX
8
0
10
125.494207248856
20
39.9697184263837
30
0
0
VERTEX
8
0
10
125.754568674683
20
39.9449549053643
30
0
0
VERTEX
8
0
10
126.014930100511
20
39.9201913843448
30
0
0
VERTEX
8
0
10
126.275291526338
20
39.8954278633254
30
0
0
VERTEX
8
0
10
126.535652952166
20
39.870664342306
30
0
0
VERTEX
8
0
10
126.796014377993
20
39.8459008212866
30
0
0
VERTEX
8
0
10
127.056375803821
20
39.8211373002672
30
0
0
VERTEX
8
0
10
127.316737229648
20
39.7963737792478
30
0
0
VERTEX
8
0
10
127.577098655476
20
39.770242731915
30
0
0
VERTEX
8
0
10
127.837460081303
20
39.7444026489296
30
0
0
VERTEX
8
0
10
128.097821507131
20
39.7185625659443
30
0
0
VERTEX
8
0
10
128.358182932958
20
39.6927224829589
30
0
0
VERTEX
8
0
10
128.618544358786
20
39.6668823999735
30
0
0
VERTEX
8
0
10
128.878905784613
20
39.6410423169881
30
0
0
VERTEX
8
0
10
129.139267210441
20
39.6152022340028
30
0
0
VERTEX
8
0
10
129.399628636268
20
39.5893621510174
30
0
0
VERTEX
8
0
10
129.659990062096
20
39.563522068032
30
0
0
VERTEX
8
0
10
129.920351487923
20
39.5376819850466
30
0
0
VERTEX
8
0
10
130.180712913751
20
39.5045351568599
30
0
0
VERTEX
8
0
10
130.441074339578
20
39.4722358995595
30
0
0
VERTEX
8
0
10
130.701435765406
20
39.4399366422592
30
0
0
VERTEX
8
0
10
130.961797191233
20
39.4076373849589
30
0
0
VERTEX
8
0
10
131.222158617061
20
39.3753381276585
30
0
0
VERTEX
8
0
10
131.482520042888
20
39.3430388703582
30
0
0
VERTEX
8
0
10
131.742881468716
20
39.3107396130578
30
0
0
VERTEX
8
0
10
132.003242894543
20
39.2784403557575
30
0
0
VERTEX
8
0
10
132.263604320371
20
39.2461410984572
30
0
0
VERTEX
8
0
10
132.523965746198
20
39.2138418411568
30
0
0
VERTEX
8
0
10
132.784327172026
20
39.1836781689314
30
0
0
VERTEX
8
0
10
133.044688597853
20
39.1535319321215
30
0
0
VERTEX
8
0
10
133.305050023681
20
39.1233856953115
30
0
0
VERTEX
8
0
10
133.565411449508
20
39.0932394585016
30
0
0
VERTEX
8
0
10
133.825772875336
20
39.0630932216917
30
0
0
VERTEX
8
0
10
134.086134301163
20
39.0329469848818
30
0
0
VERTEX
8
0
10
134.346495726991
20
39.0028007480719
30
0
0
VERTEX
8
0
10
134.606857152818
20
38.9726545112619
30
0
0
VERTEX
8
0
10
134.867218578646
20
38.942508274452
30
0
0
VERTEX
8
0
10
135.127580004473
20
38.9123620376421
30
0
0
VERTEX
8
0
10
135.387941430301
20
38.8831337236865
30
0
0
VERTEX
8
0
10
135.648302856128
20
38.8540640112271
30
0
0
VERTEX
8
0
10
135.908664281956
20
38.8249942987677
30
0
0
VERTEX
8
0
10
136.169025707783
20
38.7959245863082
30
0
0
VERTEX
8
0
10
136.429387133611
20
38.7668548738488
30
0
0
VERTEX
8
0
10
136.689748559438
20
38.7377851613894
30
0
0
VERTEX
8
0
10
136.950109985266
20
38.7087154489299
30
0
0
VERTEX
8
0
10
137.210471411093
20
38.6796457364705
30
0
0
VERTEX
8
0
10
137.470832836921
20
38.6505760240111
30
0
0
VERTEX
8
0
10
137.731194262748
20
38.6215063115516
30
0
0
VERTEX
8
0
10
137.991555688576
20
38.5909004320957
30
0
0
VERTEX
8
0
10
138.251917114403
20
38.5596776803389
30
0
0
VERTEX
8
0
10
138.512278540231
20
38.528454928582
30
0
0
VERTEX
8
0
10
138.772639966058
20
38.4972321768252
30
0
0
VERTEX
8
0
10
139.033001391886
20
38.4660094250683
30
0
0
VERTEX
8
0
10
139.293362817713
20
38.4347866733115
30
0
0
VERTEX
8
0
10
139.553724243541
20
38.4035639215546
30
0
0
VERTEX
8
0
10
139.814085669368
20
38.3723411697978
30
0
0
VERTEX
8
0
10
140.074447095196
20
38.3411184180409
30
0
0
VERTEX
8
0
10
140.334808521023
20
38.3098956662841
30
0
0
VERTEX
8
0
10
140.595169946851
20
38.2780547698203
30
0
0
VERTEX
8
0
10
140.855531372678
20
38.24575551252
30
0
0
VERTEX
8
0
10
141.115892798506
20
38.2134562552196
30
0
0
VERTEX
8
0
10
141.376254224333
20
38.1811569979193
30
0
0
VERTEX
8
0
10
141.636615650161
20
38.148857740619
30
0
0
VERTEX
8
0
10
141.896977075988
20
38.1165584833186
30
0
0
VERTEX
8
0
10
142.157338501816
20
38.0842592260183
30
0
0
VERTEX
8
0
10
142.417699927643
20
38.0519599687179
30
0
0
VERTEX
8
0
10
142.678061353471
20
38.0196607114176
30
0
0
VERTEX
8
0
10
142.938422779298
20
37.9873614541173
30
0
0
VERTEX
8
0
10
143.198784205126
20
37.9550621968169
30
0
0
VERTEX
8
0
10
143.459145630953
20
37.9289417158797
30
0
0
VERTEX
8
0
10
143.719507056781
20
37.9009485371744
30
0
0
VERTEX
8
0
10
143.979868482608
20
37.8729553584692
30
0
0
VERTEX
8
0
10
144.240229908436
20
37.8449621797639
30
0
0
VERTEX
8
0
10
144.500591334263
20
37.8169690010586
30
0
0
VERTEX
8
0
10
144.760952760091
20
37.7889758223534
30
0
0
VERTEX
8
0
10
145.021314185918
20
37.7609826436481
30
0
0
VERTEX
8
0
10
145.281675611746
20
37.7329894649429
30
0
0
VERTEX
8
0
10
145.542037037573
20
37.7049962862376
30
0
0
VERTEX
8
0
10
145.802398463401
20
37.6770031075323
30
0
0
VERTEX
8
0
10
146.062759889228
20
37.6462200916254
30
0
0
VERTEX
8
0
10
146.323121315056
20
37.6160738548154
30
0
0
VERTEX
8
0
10
146.583482740883
20
37.5859276180055
30
0
0
VERTEX
8
0
10
146.843844166711
20
37.5557813811956
30
0
0
VERTEX
8
0
10
147.104205592538
20
37.5256351443857
30
0
0
VERTEX
8
0
10
147.364567018366
20
37.4954889075757
30
0
0
VERTEX
8
0
10
147.624928444193
20
37.4653426707658
30
0
0
VERTEX
8
0
10
147.885289870021
20
37.4351964339559
30
0
0
VERTEX
8
0
10
148.145651295848
20
37.405050197146
30
0
0
VERTEX
8
0
10
148.406012721676
20
37.374903960336
30
0
0
VERTEX
8
0
10
148.666374147503
20
37.3422676984838
30
0
0
VERTEX
8
0
10
148.926735573331
20
37.3099684411834
30
0
0
VERTEX
8
0
10
149.187096999158
20
37.2776691838831
30
0
0
VERTEX
8
0
10
149.447458424986
20
37.2453699265828
30
0
0
VERTEX
8
0
10
149.707819850813
20
37.2130706692824
30
0
0
VERTEX
8
0
10
149.968181276641
20
37.1807714119821
30
0
0
VERTEX
8
0
10
150.228542702468
20
37.1484721546818
30
0
0
VERTEX
8
0
10
150.488904128296
20
37.1161728973814
30
0
0
VERTEX
8
0
10
150.749265554123
20
37.0838736400811
30
0
0
VERTEX
8
0
10
151.009626979951
20
37.0515743827807
30
0
0
VERTEX
8
0
10
151.269988405778
20
37.0214651964142
30
0
0
VERTEX
8
0
10
151.530349831606
20
36.9913189596043
30
0
0
VERTEX
8
0
10
151.790711257433
20
36.9611727227944
30
0
0
VERTEX
8
0
10
152.051072683261
20
36.9310264859844
30
0
0
VERTEX
8
0
10
152.311434109088
20
36.9008802491745
30
0
0
VERTEX
8
0
10
152.571795534916
20
36.8707340123646
30
0
0
VERTEX
8
0
10
152.832156960743
20
36.8405877755547
30
0
0
VERTEX
8
0
10
153.092518386571
20
36.8104415387447
30
0
0
VERTEX
8
0
10
153.352879812398
20
36.7802953019348
30
0
0
VERTEX
8
0
10
153.613241238226
20
36.7501490651249
30
0
0
VERTEX
8
0
10
153.873602664053
20
36.7284466050794
30
0
0
VERTEX
8
0
10
154.133964089881
20
36.7079176523687
30
0
0
VERTEX
8
0
10
154.394325515708
20
36.687388699658
30
0
0
VERTEX
8
0
10
154.654686941536
20
36.6668597469473
30
0
0
VERTEX
8
0
10
154.915048367363
20
36.6463307942365
30
0
0
VERTEX
8
0
10
155.175409793191
20
36.6258018415258
30
0
0
VERTEX
8
0
10
155.435771219018
20
36.6052728888151
30
0
0
SEQEND
8
0
0
POLYLINE
8
0
62
6
70
0
10
0
20
0
30
0
0
VERTEX
8
0
10
13.7991555688578
20
32.9314438581167
30
0
0
VERTEX
8
0
10
14.0595169946853
20
33.3297834840737
30
0
0
VERTEX
8
0
10
14.3198784205128
20
33.7281231100307
30
0
0
VERTEX
8
0
10
14.5802398463403
20
34.1264627359877
30
0
0
VERTEX
8
0
10
14.8406012721678
20
34.5248023619447
30
0
0
VERTEX
8
0
10
15.1009626979953
20
34.9231419879017
30
0
0
VERTEX
8
0
10
15.3613241238228
20
35.3257318771483
30
0
0
VERTEX
8
0
10
15.6216855496503
20
35.7305628218737
30
0
0
VERTEX
8
0
10
15.8820469754778
20
36.135393766599
30
0
0
VERTEX
8
0
10
16.1424084013053
20
36.5402247113244
30
0
0
VERTEX
8
0
10
16.4027698271328
20
36.9450556560497
30
0
0
VERTEX
8
0
10
16.6631312529603
20
37.3498866007751
30
0
0
VERTEX
8
0
10
16.9234926787878
20
37.7547175455004
30
0
0
VERTEX
8
0
10
17.1838541046153
20
38.1627868649681
30
0
0
VERTEX
8
0
10
17.4442155304428
20
38.5702855738979
30
0
0
VERTEX
8
0
10
17.7045769562703
20
38.9777842828277
30
0
0
VERTEX
8
0
10
17.9649383820978
20
39.3852829917575
30
0
0
VERTEX
8
0
10
18.2252998079253
20
39.7927817006874
30
0
0
VERTEX
8
0
10
18.4856612337528
20
40.2002804096172
30
0
0
VERTEX
8
0
10
18.7460226595803
20
40.607779118547
30
0
0
VERTEX
8
0
10
19.0063840854078
20
41.0152778274768
30
0
0
VERTEX
8
0
10
19.2667455112354
20
41.4227765364067
30
0
0
VERTEX
8
0
10
19.5271069370629
20
41.8302752453365
30
0
0
VERTEX
8
0
10
19.7874683628904
20
42.2377739542663
30
0
0
VERTEX
8
0
10
20.0478297887179
20
42.6452726631961
30
0
0
VERTEX
8
0
10
20.3081912145454
20
43.052771372126
30
0
0
VERTEX
8
0
10
20.5685526403729
20
43.4602700810558
30
0
0
VERTEX
8
0
10
20.8289140662004
20
43.8677687899856
30
0
0
VERTEX
8
0
10
21.0892754920279
20
44.2752674989155
30
0
0
VERTEX
8
0
10
21.3496369178554
20
44.6827662078453
30
0
0
VERTEX
8
0
10
21.6099983436829
20
45.0902649167751
30
0
0
VERTEX
8
0
10
21.8703597695104
20
45.4977636257049
30
0
0
VERTEX
8
0
10
22.1307211953379
20
45.8981276413368
30
0
0
VERTEX
8
0
10
22.3910826211654
20
46.2976232305889
30
0
0
VERTEX
8
0
10
22.6514440469929
20
46.697118819841
30
0
0
VERTEX
8
0
10
22.9118054728204
20
47.0966144090932
30
0
0
VERTEX
8
0
10
23.1721668986479
20
47.4961099983453
30
0
0
VERTEX
8
0
10
23.4325283244754
20
47.8956055875975
30
0
0
VERTEX
8
0
10
23.6928897503029
20
48.2951011768496
30
0
0
VERTEX
8
0
10
23.9532511761304
20
48.7139444541211
30
0
0
VERTEX
8
0
10
24.2136126019579
20
49.1267788644049
30
0
0
VERTEX
8
0
10
24.4739740277855
20
49.5396132746887
30
0
0
VERTEX
8
0
10
24.734335453613
20
49.9524476849726
30
0
0
VERTEX
8
0
10
24.9946968794405
20
50.3652820952564
30
0
0
VERTEX
8
0
10
25.255058305268
20
50.7781165055403
30
0
0
VERTEX
8
0
10
25.5154197310955
20
51.1254116580944
30
0
0
VERTEX
8
0
10
25.775781156923
20
51.4733440293012
30
0
0
VERTEX
8
0
10
26.0361425827505
20
51.821276400508
30
0
0
VERTEX
8
0
10
26.296504008578
20
52.1692087717147
30
0
0
VERTEX
8
0
10
26.5568654344055
20
52.5171411429215
30
0
0
VERTEX
8
0
10
26.817226860233
20
52.8650735141283
30
0
0
VERTEX
8
0
10
27.0775882860605
20
53.213005885335
30
0
0
VERTEX
8
0
10
27.337949711888
20
53.5369330357005
30
0
0
VERTEX
8
0
10
27.5983111377155
20
53.8477703363819
30
0
0
VERTEX
8
0
10
27.858672563543
20
54.1586076370634
30
0
0
VERTEX
8
0
10
28.1190339893705
20
54.4694449377448
30
0
0
VERTEX
8
0
10
28.379395415198
20
54.7802822384262
30
0
0
VERTEX
8
0
10
28.6397568410255
20
55.0911195391077
30
0
0
VERTEX
8
0
10
28.900118266853
20
55.4019568397891
30
0
0
VERTEX
8
0
10
29.1604796926805
20
55.7127941404705
30
0
0
VERTEX
8
0
10
29.420841118508
20
56.023631441152
30
0
0
VERTEX
8
0
10
29.6812025443356
20
56.3388642416959
30
0
0
VERTEX
8
0
10
29.9415639701631
20
56.6529267581114
30
0
0
VERTEX
8
0
10
30.2019253959906
20
56.9669892745268
30
0
0
VERTEX
8
0
10
30.4622868218181
20
57.2810517909423
30
0
0
VERTEX
8
0
10
30.7226482476456
20
57.5951143073578
30
0
0
VERTEX
8
0
10
30.9830096734731
20
57.9091768237732
30
0
0
VERTEX
8
0
10
31.2433710993006
20
58.2232393401886
30
0
0
VERTEX
8
0
10
31.5037325251281
20
58.5373018566041
30
0
0
VERTEX
8
0
10
31.7640939509556
20
58.8513643730196
30
0
0
VERTEX
8
0
10
32.0244553767831
20
59.165426889435
30
0
0
VERTEX
8
0
10
32.2848168026106
20
59.4794894058505
30
0
0
VERTEX
8
0
10
32.5451782284381
20
59.7935519222659
30
0
0
VERTEX
8
0
10
32.8055396542656
20
60.1076144386814
30
0
0
VERTEX
8
0
10
33.0659010800931
20
60.4216769550968
30
0
0
VERTEX
8
0
10
33.3262625059206
20
60.7357394715123
30
0
0
VERTEX
8
0
10
33.5866239317481
20
61.0498019879277
30
0
0
VERTEX
8
0
10
33.8469853575756
20
61.3640668112607
30
0
0
VERTEX
8
0
10
34.1073467834031
20
61.6783839535608
30
0
0
VERTEX
8
0
10
34.3677082092306
20
61.9927010958608
30
0
0
VERTEX
8
0
10
34.6280696350581
20
62.3070182381609
30
0
0
VERTEX
8
0
10
34.8884310608857
20
62.621335380461
30
0
0
VERTEX
8
0
10
35.1487924867132
20
62.9356525227611
30
0
0
VERTEX
8
0
10
35.4091539125407
20
63.2499696650611
30
0
0
VERTEX
8
0
10
35.6695153383682
20
63.5642868073612
30
0
0
VERTEX
8
0
10
35.9298767641957
20
63.8786039496613
30
0
0
VERTEX
8
0
10
36.1902381900232
20
64.1913167438876
30
0
0
VERTEX
8
0
10
36.4505996158507
20
64.5041061387601
30
0
0
VERTEX
8
0
10
36.7109610416782
20
64.8168955336326
30
0
0
VERTEX
8
0
10
36.9713224675057
20
65.1296849285052
30
0
0
VERTEX
8
0
10
37.2316838933332
20
65.4424743233777
30
0
0
VERTEX
8
0
10
37.4920453191607
20
65.7552637182502
30
0
0
VERTEX
8
0
10
37.7524067449882
20
66.0680531131227
30
0
0
VERTEX
8
0
10
38.0127681708157
20
66.3808425079953
30
0
0
VERTEX
8
0
10
38.2731295966432
20
66.6936319028678
30
0
0
VERTEX
8
0
10
38.5334910224707
20
66.9532514266597
30
0
0
VERTEX
8
0
10
38.7938524482982
20
67.2253194354811
30
0
0
VERTEX
8
0
10
39.0542138741257
20
67.4973874443025
30
0
0
VERTEX
8
0
10
39.3145752999532
20
67.7694554531239
30
0
0
VERTEX
8
0
10
39.5749367257807
20
68.0415234619453
30
0
0
VERTEX
8
0
10
39.8352981516082
20
68.3135914707668
30
0
0
VERTEX
8
0
10
40.0956595774358
20
68.5856594795882
30
0
0
VERTEX
8
0
10
40.3560210032633
20
68.8577274884096
30
0
0
VERTEX
8
0
10
40.6163824290908
20
69.129795497231
30
0
0
VERTEX
8
0
10
40.8767438549183
20
69.3812323953661
30
0
0
VERTEX
8
0
10
41.1371052807458
20
69.6345364176095
30
0
0
VERTEX
8
0
10
41.3974667065733
20
69.8878404398529
30
0
0
VERTEX
8
0
10
41.6578281324008
20
70.1411444620963
30
0
0
VERTEX
8
0
10
41.9181895582283
20
70.3944484843397
30
0
0
VERTEX
8
0
10
42.1785509840558
20
70.6477525065831
30
0
0
VERTEX
8
0
10
42.4389124098833
20
70.9010565288265
30
0
0
VERTEX
8
0
10
42.6992738357108
20
71.1543605510699
30
0
0
VERTEX
8
0
10
42.9596352615383
20
71.4076645733133
30
0
0
VERTEX
8
0
10
43.2199966873658
20
71.6609685955567
30
0
0
VERTEX
8
0
10
43.4803581131933
20
71.9195162434115
30
0
0
VERTEX
8
0
10
43.7407195390208
20
72.1782153688728
30
0
0
VERTEX
8
0
10
44.0010809648483
20
72.4369144943341
30
0
0
VERTEX
8
0
10
44.2614423906758
20
72.6956136197954
30
0
0
VERTEX
8
0
10
44.5218038165033
20
72.9543127452567
30
0
0
VERTEX
8
0
10
44.7821652423308
20
73.2130118707181
30
0
0
VERTEX
8
0
10
45.0425266681583
20
73.4717109961794
30
0
0
VERTEX
8
0
10
45.3028880939859
20
73.7304101216407
30
0
0
VERTEX
8
0
10
45.5632495198134
20
73.989109247102
30
0
0
VERTEX
8
0
10
45.8236109456409
20
74.2478083725633
30
0
0
VERTEX
8
0
10
46.0839723714684
20
74.4937498031029
30
0
0
VERTEX
8
0
10
46.3443337972959
20
74.7373432340142
30
0
0
VERTEX
8
0
10
46.6046952231234
20
74.9809366649256
30
0
0
VERTEX
8
0
10
46.8650566489509
20
75.2245300958369
30
0
0
VERTEX
8
0
10
47.1254180747784
20
75.4681235267481
30
0
0
VERTEX
8
0
10
47.3857795006059
20
75.7117169576594
30
0
0
VERTEX
8
0
10
47.6461409264334
20
75.9553103885708
30
0
0
VERTEX
8
0
10
47.9065023522609
20
76.1989038194821
30
0
0
VERTEX
8
0
10
48.1668637780884
20
76.4424972503933
30
0
0
VERTEX
8
0
10
48.4272252039159
20
76.6860906813046
30
0
0
VERTEX
8
0
10
48.6875866297434
20
76.9381889262508
30
0
0
VERTEX
8
0
10
48.9479480555709
20
77.1936509614724
30
0
0
VERTEX
8
0
10
49.2083094813984
20
77.449112996694
30
0
0
VERTEX
8
0
10
49.4686709072259
20
77.7045750319156
30
0
0
VERTEX
8
0
10
49.7290323330534
20
77.9600370671372
30
0
0
VERTEX
8
0
10
49.9893937588809
20
78.2154991023588
30
0
0
VERTEX
8
0
10
50.2497551847084
20
78.4709611375803
30
0
0
VERTEX
8
0
10
50.5101166105359
20
78.7264231728019
30
0
0
VERTEX
8
0
10
50.7704780363635
20
78.9818852080235
30
0
0
VERTEX
8
0
10
51.030839462191
20
79.2373472432451
30
0
0
VERTEX
8
0
10
51.2912008880185
20
79.4654821539701
30
0
0
VERTEX
8
0
10
51.551562313846
20
79.6745552266122
30
0
0
VERTEX
8
0
10
51.8119237396735
20
79.8836282992542
30
0
0
VERTEX
8
0
10
52.072285165501
20
80.0927013718963
30
0
0
VERTEX
8
0
10
52.3326465913285
20
80.3017744445383
30
0
0
VERTEX
8
0
10
52.593008017156
20
80.5108475171804
30
0
0
VERTEX
8
0
10
52.8533694429835
20
80.7199205898225
30
0
0
VERTEX
8
0
10
53.113730868811
20
80.9289936624645
30
0
0
VERTEX
8
0
10
53.3740922946385
20
81.1380667351066
30
0
0
VERTEX
8
0
10
53.634453720466
20
81.3471398077486
30
0
0
VERTEX
8
0
10
53.8948151462935
20
81.5562128803907
30
0
0
VERTEX
8
0
10
54.155176572121
20
81.7338000046591
30
0
0
VERTEX
8
0
10
54.4155379979485
20
81.9213027577431
30
0
0
VERTEX
8
0
10
54.675899423776
20
82.1088055108271
30
0
0
VERTEX
8
0
10
54.9362608496035
20
82.2963082639112
30
0
0
VERTEX
8
0
10
55.196622275431
20
82.4838110169952
30
0
0
VERTEX
8
0
10
55.4569837012585
20
82.6713137700793
30
0
0
VERTEX
8
0
10
55.717345127086
20
82.8588165231633
30
0
0
VERTEX
8
0
10
55.9777065529135
20
83.0463192762473
30
0
0
VERTEX
8
0
10
56.238067978741
20
83.2338220293314
30
0
0
VERTEX
8
0
10
56.4984294045685
20
83.4213247824154
30
0
0
VERTEX
8
0
10
56.758790830396
20
83.6102612005533
30
0
0
VERTEX
8
0
10
57.0191522562235
20
83.7988423800363
30
0
0
VERTEX
8
0
10
57.279513682051
20
83.9874235595193
30
0
0
VERTEX
8
0
10
57.5398751078785
20
84.1760047390023
30
0
0
VERTEX
8
0
10
57.800236533706
20
84.3645859184854
30
0
0
VERTEX
8
0
10
58.0605979595335
20
84.5531670979684
30
0
0
VERTEX
8
0
10
58.320959385361
20
84.7417482774514
30
0
0
VERTEX
8
0
10
58.5813208111885
20
84.9303294569344
30
0
0
VERTEX
8
0
10
58.841682237016
20
85.1189106364175
30
0
0
VERTEX
8
0
10
59.1020436628435
20
85.3074918159005
30
0
0
VERTEX
8
0
10
59.362405088671
20
85.4947797841804
30
0
0
VERTEX
8
0
10
59.6227665144985
20
85.6822825372645
30
0
0
VERTEX
8
0
10
59.883127940326
20
85.8697852903485
30
0
0
VERTEX
8
0
10
60.1434893661535
20
86.0572880434326
30
0
0
VERTEX
8
0
10
60.403850791981
20
86.2447907965166
30
0
0
VERTEX
8
0
10
60.6642122178084
20
86.4322935496006
30
0
0
VERTEX
8
0
10
60.924573643636
20
86.6197963026847
30
0
0
VERTEX
8
0
10
61.1849350694635
20
86.8072990557687
30
0
0
VERTEX
8
0
10
61.4452964952909
20
86.9948018088528
30
0
0
VERTEX
8
0
10
61.7056579211184
20
87.1823045619368
30
0
0
VERTEX
8
0
10
61.9660193469459
20
87.3732654740418
30
0
0
VERTEX
8
0
10
62.2263807727734
20
87.5640035346088
30
0
0
VERTEX
8
0
10
62.4867421986009
20
87.7547415951757
30
0
0
VERTEX
8
0
10
62.7471036244284
20
87.9454796557427
30
0
0
VERTEX
8
0
10
63.0074650502559
20
88.1362177163097
30
0
0
VERTEX
8
0
10
63.2678264760834
20
88.3269557768767
30
0
0
VERTEX
8
0
10
63.5281879019109
20
88.5176938374437
30
0
0
VERTEX
8
0
10
63.7885493277384
20
88.7084318980106
30
0
0
VERTEX
8
0
10
64.0489107535659
20
88.8991699585776
30
0
0
VERTEX
8
0
10
64.3092721793934
20
89.0899080191446
30
0
0
VERTEX
8
0
10
64.5696336052209
20
89.2553395107441
30
0
0
VERTEX
8
0
10
64.8299950310484
20
89.4191192682404
30
0
0
VERTEX
8
0
10
65.0903564568759
20
89.5828990257366
30
0
0
VERTEX
8
0
10
65.3507178827034
20
89.7466787832329
30
0
0
VERTEX
8
0
10
65.6110793085309
20
89.9104585407292
30
0
0
VERTEX
8
0
10
65.8714407343584
20
90.0742382982255
30
0
0
VERTEX
8
0
10
66.1318021601859
20
90.2380180557217
30
0
0
VERTEX
8
0
10
66.3921635860134
20
90.401797813218
30
0
0
VERTEX
8
0
10
66.6525250118409
20
90.5655775707143
30
0
0
VERTEX
8
0
10
66.9128864376684
20
90.7293573282106
30
0
0
VERTEX
8
0
10
67.1732478634959
20
90.8826901009608
30
0
0
VERTEX
8
0
10
67.4336092893234
20
91.0335319656239
30
0
0
VERTEX
8
0
10
67.6939707151509
20
91.184373830287
30
0
0
VERTEX
8
0
10
67.9543321409784
20
91.3352156949501
30
0
0
VERTEX
8
0
10
68.2146935668059
20
91.4860575596132
30
0
0
VERTEX
8
0
10
68.4750549926334
20
91.6368994242763
30
0
0
VERTEX
8
0
10
68.7354164184609
20
91.7877412889394
30
0
0
VERTEX
8
0
10
68.9957778442884
20
91.9385831536025
30
0
0
VERTEX
8
0
10
69.2561392701159
20
92.0894250182656
30
0
0
VERTEX
8
0
10
69.5165006959434
20
92.2402668829287
30
0
0
VERTEX
8
0
10
69.7768621217709
20
92.3925656681657
30
0
0
VERTEX
8
0
10
70.0372235475984
20
92.5455637540524
30
0
0
VERTEX
8
0
10
70.2975849734259
20
92.698561839939
30
0
0
VERTEX
8
0
10
70.5579463992534
20
92.8515599258256
30
0
0
VERTEX
8
0
10
70.8183078250809
20
93.0045580117122
30
0
0
VERTEX
8
0
10
71.0786692509084
20
93.1575560975988
30
0
0
VERTEX
8
0
10
71.3390306767359
20
93.3105541834855
30
0
0
VERTEX
8
0
10
71.5993921025634
20
93.4635522693721
30
0
0
VERTEX
8
0
10
71.8597535283909
20
93.6165503552587
30
0
0
VERTEX
8
0
10
72.1201149542184
20
93.7695484411453
30
0
0
VERTEX
8
0
10
72.3804763800459
20
93.9219600524195
30
0
0
VERTEX
8
0
10
72.6408378058734
20
94.0738800229821
30
0
0
VERTEX
8
0
10
72.9011992317009
20
94.2257999935448
30
0
0
VERTEX
8
0
10
73.1615606575284
20
94.3777199641074
30
0
0
VERTEX
8
0
10
73.4219220833559
20
94.5296399346701
30
0
0
VERTEX
8
0
10
73.6822835091834
20
94.6815599052327
30
0
0
VERTEX
8
0
10
73.9426449350109
20
94.8334798757954
30
0
0
VERTEX
8
0
10
74.2030063608384
20
94.985399846358
30
0
0
VERTEX
8
0
10
74.4633677866659
20
95.1373198169207
30
0
0
VERTEX
8
0
10
74.7237292124934
20
95.2892397874833
30
0
0
VERTEX
8
0
10
74.9840906383209
20
95.441159758046
30
0
0
VERTEX
8
0
10
75.2444520641484
20
95.5915571885832
30
0
0
VERTEX
8
0
10
75.5048134899759
20
95.7423990532463
30
0
0
VERTEX
8
0
10
75.7651749158034
20
95.8932409179094
30
0
0
VERTEX
8
0
10
76.0255363416309
20
96.0440827825725
30
0
0
VERTEX
8
0
10
76.2858977674584
20
96.1949246472356
30
0
0
VERTEX
8
0
10
76.5462591932859
20
96.3457665118987
30
0
0
VERTEX
8
0
10
76.8066206191134
20
96.4966083765618
30
0
0
VERTEX
8
0
10
77.0669820449409
20
96.6474502412249
30
0
0
VERTEX
8
0
10
77.3273434707684
20
96.798292105888
30
0
0
VERTEX
8
0
10
77.5877048965959
20
96.9491339705511
30
0
0
VERTEX
8
0
10
77.8480663224234
20
97.0682286562446
30
0
0
VERTEX
8
0
10
78.1084277482509
20
97.1942766860722
30
0
0
VERTEX
8
0
10
78.3687891740784
20
97.3203247158998
30
0
0
VERTEX
8
0
10
78.6291505999059
20
97.4463727457274
30
0
0
VERTEX
8
0
10
78.8895120257334
20
97.5724207755549
30
0
0
VERTEX
8
0
10
79.1498734515609
20
97.6984688053825
30
0
0
VERTEX
8
0
10
79.4102348773884
20
97.8245168352101
30
0
0
VERTEX
8
0
10
79.6705963032159
20
97.9505648650377
30
0
0
VERTEX
8
0
10
79.9309577290434
20
98.0766128948653
30
0
0
VERTEX
8
0
10
80.1913191548709
20
98.2026609246929
30
0
0
VERTEX
8
0
10
80.4516805806984
20
98.3262349329297
30
0
0
VERTEX
8
0
10
80.7120420065259
20
98.4501272126773
30
0
0
VERTEX
8
0
10
80.9724034323534
20
98.5740194924248
30
0
0
VERTEX
8
0
10
81.2327648581809
20
98.6979117721724
30
0
0
VERTEX
8
0
10
81.4931262840084
20
98.82180405192
30
0
0
VERTEX
8
0
10
81.7534877098359
20
98.9456963316675
30
0
0
VERTEX
8
0
10
82.0138491356634
20
99.0695886114151
30
0
0
VERTEX
8
0
10
82.2742105614909
20
99.1934808911627
30
0
0
VERTEX
8
0
10
82.5345719873184
20
99.3173731709103
30
0
0
VERTEX
8
0
10
82.7949334131459
20
99.4412654506578
30
0
0
VERTEX
8
0
10
83.0552948389734
20
99.5618765076866
30
0
0
VERTEX
8
0
10
83.3156562648009
20
99.6825352329729
30
0
0
VERTEX
8
0
10
83.5760176906284
20
99.8031939582591
30
0
0
VERTEX
8
0
10
83.8363791164559
20
99.9238526835453
30
0
0
VERTEX
8
0
10
84.0967405422834
20
100.044511408832
30
0
0
VERTEX
8
0
10
84.3571019681109
20
100.165170134118
30
0
0
VERTEX
8
0
10
84.6174633939384
20
100.285828859404
30
0
0
VERTEX
8
0
10
84.8778248197659
20
100.40648758469
30
0
0
VERTEX
8
0
10
85.1381862455934
20
100.527146309977
30
0
0
VERTEX
8
0
10
85.3985476714209
20
100.647805035263
30
0
0
VERTEX
8
0
10
85.6589090972484
20
100.768463760549
30
0
0
VERTEX
8
0
10
85.9192705230759
20
100.889122485835
30
0
0
VERTEX
8
0
10
86.1796319489034
20
101.009781211122
30
0
0
VERTEX
8
0
10
86.4399933747309
20
101.130439936408
30
0
0
VERTEX
8
0
10
86.7003548005584
20
101.251098661694
30
0
0
VERTEX
8
0
10
86.9607162263859
20
101.37175738698
30
0
0
VERTEX
8
0
10
87.2210776522134
20
101.492416112267
30
0
0
VERTEX
8
0
10
87.4814390780409
20
101.613074837553
30
0
0
VERTEX
8
0
10
87.7418005038684
20
101.733733562839
30
0
0
VERTEX
8
0
10
88.0021619296959
20
101.854392288125
30
0
0
VERTEX
8
0
10
88.2625233555234
20
101.975051013412
30
0
0
VERTEX
8
0
10
88.5228847813509
20
102.095709738698
30
0
0
VERTEX
8
0
10
88.7832462071784
20
102.216368463984
30
0
0
VERTEX
8
0
10
89.0436076330059
20
102.33702718927
30
0
0
VERTEX
8
0
10
89.3039690588334
20
102.457685914557
30
0
0
VERTEX
8
0
10
89.5643304846609
20
102.578344639843
30
0
0
VERTEX
8
0
10
89.8246919104884
20
102.699003365129
30
0
0
VERTEX
8
0
10
90.0850533363159
20
102.819662090415
30
0
0
VERTEX
8
0
10
90.3454147621433
20
102.940320815702
30
0
0
VERTEX
8
0
10
90.6057761879709
20
103.060979540988
30
0
0
VERTEX
8
0
10
90.8661376137984
20
103.159080100565
30
0
0
VERTEX
8
0
10
91.1264990396259
20
103.24309780019
30
0
0
VERTEX
8
0
10
91.3868604654534
20
103.327115499815
30
0
0
VERTEX
8
0
10
91.6472218912809
20
103.411133199441
30
0
0
VERTEX
8
0
10
91.9075833171083
20
103.495150899066
30
0
0
VERTEX
8
0
10
92.1679447429358
20
103.579168598691
30
0
0
VERTEX
8
0
10
92.4283061687634
20
103.663186298316
30
0
0
VERTEX
8
0
10
92.6886675945909
20
103.747203997941
30
0
0
VERTEX
8
0
10
92.9490290204184
20
103.831221697566
30
0
0
VERTEX
8
0
10
93.2093904462458
20
103.915239397191
30
0
0
VERTEX
8
0
10
93.4697518720733
20
103.999257096816
30
0
0
VERTEX
8
0
10
93.7301132979008
20
104.078487068981
30
0
0
VERTEX
8
0
10
93.9904747237283
20
104.159272259624
30
0
0
VERTEX
8
0
10
94.2508361495558
20
104.240057450267
30
0
0
VERTEX
8
0
10
94.5111975753833
20
104.32084264091
30
0
0
VERTEX
8
0
10
94.7715590012108
20
104.401627831553
30
0
0
VERTEX
8
0
10
95.0319204270383
20
104.482413022196
30
0
0
VERTEX
8
0
10
95.2922818528658
20
104.563198212839
30
0
0
VERTEX
8
0
10
95.5526432786933
20
104.643983403482
30
0
0
VERTEX
8
0
10
95.8130047045208
20
104.724768594125
30
0
0
VERTEX
8
0
10
96.0733661303483
20
104.805553784768
30
0
0
VERTEX
8
0
10
96.3337275561758
20
104.881986677611
30
0
0
VERTEX
8
0
10
96.5940889820033
20
104.959539444018
30
0
0
VERTEX
8
0
10
96.8544504078308
20
105.037092210426
30
0
0
VERTEX
8
0
10
97.1148118336583
20
105.114644976833
30
0
0
VERTEX
8
0
10
97.3751732594858
20
105.19219774324
30
0
0
VERTEX
8
0
10
97.6355346853133
20
105.269750509648
30
0
0
VERTEX
8
0
10
97.8958961111408
20
105.347303276055
30
0
0
VERTEX
8
0
10
98.1562575369683
20
105.424856042463
30
0
0
VERTEX
8
0
10
98.4166189627958
20
105.50240880887
30
0
0
VERTEX
8
0
10
98.6769803886233
20
105.579961575278
30
0
0
VERTEX
8
0
10
98.9373418144508
20
105.660125373094
30
0
0
VERTEX
8
0
10
99.1977032402783
20
105.739833079576
30
0
0
VERTEX
8
0
10
99.4580646661058
20
105.819540786058
30
0
0
VERTEX
8
0
10
99.7184260919333
20
105.899248492539
30
0
0
VERTEX
8
0
10
99.9787875177608
20
105.978956199021
30
0
0
VERTEX
8
0
10
100.239148943588
20
106.058663905503
30
0
0
VERTEX
8
0
10
100.499510369416
20
106.138371611985
30
0
0
VERTEX
8
0
10
100.759871795243
20
106.218079318466
30
0
0
VERTEX
8
0
10
101.020233221071
20
106.297787024948
30
0
0
VERTEX
8
0
10
101.280594646898
20
106.37749473143
30
0
0
VERTEX
8
0
10
101.540956072726
20
106.450240356131
30
0
0
VERTEX
8
0
10
101.801317498553
20
106.523483355379
30
0
0
VERTEX
8
0
10
102.061678924381
20
106.596726354627
30
0
0
VERTEX
8
0
10
102.322040350208
20
106.669969353876
30
0
0
VERTEX
8
0
10
102.582401776036
20
106.743212353124
30
0
0
VERTEX
8
0
10
102.842763201863
20
106.816455352373
30
0
0
VERTEX
8
0
10
103.103124627691
20
106.889698351621
30
0
0
VERTEX
8
0
10
103.363486053518
20
106.96294135087
30
0
0
VERTEX
8
0
10
103.623847479346
20
107.036184350118
30
0
0
VERTEX
8
0
10
103.884208905173
20
107.109427349367
30
0
0
VERTEX
8
0
10
104.144570331001
20
107.162374359241
30
0
0
VERTEX
8
0
10
104.404931756828
20
107.214070782232
30
0
0
VERTEX
8
0
10
104.665293182656
20
107.265767205224
30
0
0
VERTEX
8
0
10
104.925654608483
20
107.317463628215
30
0
0
VERTEX
8
0
10
105.186016034311
20
107.369160051207
30
0
0
VERTEX
8
0
10
105.446377460138
20
107.420856474198
30
0
0
VERTEX
8
0
10
105.706738885966
20
107.47255289719
30
0
0
VERTEX
8
0
10
105.967100311793
20
107.524249320181
30
0
0
VERTEX
8
0
10
106.227461737621
20
107.575945743173
30
0
0
VERTEX
8
0
10
106.487823163448
20
107.627642166165
30
0
0
VERTEX
8
0
10
106.748184589276
20
107.676733562098
30
0
0
VERTEX
8
0
10
107.008546015103
20
107.725198323422
30
0
0
VERTEX
8
0
10
107.268907440931
20
107.773663084745
30
0
0
VERTEX
8
0
10
107.529268866758
20
107.822127846068
30
0
0
VERTEX
8
0
10
107.789630292586
20
107.870592607391
30
0
0
VERTEX
8
0
10
108.049991718413
20
107.919057368715
30
0
0
VERTEX
8
0
10
108.310353144241
20
107.967522130038
30
0
0
VERTEX
8
0
10
108.570714570068
20
108.015986891361
30
0
0
VERTEX
8
0
10
108.831075995896
20
108.064451652684
30
0
0
VERTEX
8
0
10
109.091437421723
20
108.112916414008
30
0
0
VERTEX
8
0
10
109.351798847551
20
108.160659343846
30
0
0
VERTEX
8
0
10
109.612160273378
20
108.208046903439
30
0
0
VERTEX
8
0
10
109.872521699206
20
108.255434463031
30
0
0
VERTEX
8
0
10
110.132883125033
20
108.302822022624
30
0
0
VERTEX
8
0
10
110.393244550861
20
108.350209582216
30
0
0
VERTEX
8
0
10
110.653605976688
20
108.397597141809
30
0
0
VERTEX
8
0
10
110.913967402516
20
108.444984701401
30
0
0
VERTEX
8
0
10
111.174328828343
20
108.492372260994
30
0
0
VERTEX
8
0
10
111.434690254171
20
108.539759820586
30
0
0
VERTEX
8
0
10
111.695051679998
20
108.587147380178
30
0
0
VERTEX
8
0
10
111.955413105826
20
108.63511022786
30
0
0
VERTEX
8
0
10
112.215774531653
20
108.683574989183
30
0
0
VERTEX
8
0
10
112.476135957481
20
108.732039750507
30
0
0
VERTEX
8
0
10
112.736497383308
20
108.78050451183
30
0
0
VERTEX
8
0
10
112.996858809136
20
108.828969273153
30
0
0
VERTEX
8
0
10
113.257220234963
20
108.877434034476
30
0
0
VERTEX
8
0
10
113.517581660791
20
108.9258987958
30
0
0
VERTEX
8
0
10
113.777943086618
20
108.974363557123
30
0
0
VERTEX
8
0
10
114.038304512446
20
109.022828318446
30
0
0
VERTEX
8
0
10
114.298665938273
20
109.07129307977
30
0
0
VERTEX
8
0
10
114.559027364101
20
109.119757841093
30
0
0
VERTEX
8
0
10
114.819388789928
20
109.163704659512
30
0
0
VERTEX
8
0
10
115.079750215756
20
109.20893784388
30
0
0
VERTEX
8
0
10
115.340111641583
20
109.254171028248
30
0
0
VERTEX
8
0
10
115.600473067411
20
109.299404212616
30
0
0
VERTEX
8
0
10
115.860834493238
20
109.344637396984
30
0
0
VERTEX
8
0
10
116.121195919066
20
109.389870581352
30
0
0
VERTEX
8
0
10
116.381557344893
20
109.43510376572
30
0
0
VERTEX
8
0
10
116.641918770721
20
109.480336950088
30
0
0
VERTEX
8
0
10
116.902280196548
20
109.525570134456
30
0
0
VERTEX
8
0
10
117.162641622376
20
109.570803318825
30
0
0
VERTEX
8
0
10
117.423003048203
20
109.599725450748
30
0
0
VERTEX
8
0
10
117.683364474031
20
109.632033174359
30
0
0
VERTEX
8
0
10
117.943725899858
20
109.66434089797
30
0
0
VERTEX
8
0
10
118.204087325686
20
109.696648621581
30
0
0
VERTEX
8
0
10
118.464448751513
20
109.728956345192
30
0
0
VERTEX
8
0
10
118.724810177341
20
109.761264068803
30
0
0
VERTEX
8
0
10
118.985171603168
20
109.793571792414
30
0
0
VERTEX
8
0
10
119.245533028996
20
109.825879516025
30
0
0
VERTEX
8
0
10
119.505894454823
20
109.858187239636
30
0
0
VERTEX
8
0
10
119.766255880651
20
109.890494963247
30
0
0
VERTEX
8
0
10
120.026617306478
20
109.922802686858
30
0
0
VERTEX
8
0
10
120.286978732306
20
109.955110410469
30
0
0
VERTEX
8
0
10
120.547340158133
20
109.98741813408
30
0
0
VERTEX
8
0
10
120.807701583961
20
110.019725857691
30
0
0
VERTEX
8
0
10
121.068063009788
20
110.052033581302
30
0
0
VERTEX
8
0
10
121.328424435616
20
110.084341304913
30
0
0
VERTEX
8
0
10
121.588785861443
20
110.116649028524
30
0
0
VERTEX
8
0
10
121.849147287271
20
110.148956752135
30
0
0
VERTEX
8
0
10
122.109508713098
20
110.181264475746
30
0
0
VERTEX
8
0
10
122.369870138926
20
110.213572199357
30
0
0
VERTEX
8
0
10
122.630231564753
20
110.244815129672
30
0
0
VERTEX
8
0
10
122.890592990581
20
110.276045792726
30
0
0
VERTEX
8
0
10
123.150954416408
20
110.30727645578
30
0
0
VERTEX
8
0
10
123.411315842236
20
110.338507118833
30
0
0
VERTEX
8
0
10
123.671677268063
20
110.369737781887
30
0
0
VERTEX
8
0
10
123.932038693891
20
110.400968444941
30
0
0
VERTEX
8
0
10
124.192400119718
20
110.432199107995
30
0
0
VERTEX
8
0
10
124.452761545546
20
110.463429771048
30
0
0
VERTEX
8
0
10
124.713122971373
20
110.494660434102
30
0
0
VERTEX
8
0
10
124.973484397201
20
110.525891097156
30
0
0
VERTEX
8
0
10
125.233845823028
20
110.56170960868
30
0
0
VERTEX
8
0
10
125.494207248856
20
110.598325668628
30
0
0
VERTEX
8
0
10
125.754568674683
20
110.634941728576
30
0
0
VERTEX
8
0
10
126.014930100511
20
110.671557788524
30
0
0
VERTEX
8
0
10
126.275291526338
20
110.708173848472
30
0
0
VERTEX
8
0
10
126.535652952166
20
110.74478990842
30
0
0
VERTEX
8
0
10
126.796014377993
20
110.781405968369
30
0
0
VERTEX
8
0
10
127.056375803821
20
110.818022028317
30
0
0
VERTEX
8
0
10
127.316737229648
20
110.854638088265
30
0
0
VERTEX
8
0
10
127.577098655476
20
110.891254148213
30
0
0
VERTEX
8
0
10
127.837460081303
20
110.922476293491
30
0
0
VERTEX
8
0
10
128.097821507131
20
110.951552863662
30
0
0
VERTEX
8
0
10
128.358182932958
20
110.980629433833
30
0
0
VERTEX
8
0
10
128.618544358786
20
111.009706004004
30
0
0
VERTEX
8
0
10
128.878905784613
20
111.038782574175
30
0
0
VERTEX
8
0
10
129.139267210441
20
111.067859144346
30
0
0
VERTEX
8
0
10
129.399628636268
20
111.096935714517
30
0
0
VERTEX
8
0
10
129.659990062096
20
111.126012284688
30
0
0
VERTEX
8
0
10
129.920351487923
20
111.155088854859
30
0
0
VERTEX
8
0
10
130.180712913751
20
111.18416542503
30
0
0
VERTEX
8
0
10
130.441074339578
20
111.208879701553
30
0
0
VERTEX
8
0
10
130.701435765406
20
111.230417243054
30
0
0
VERTEX
8
0
10
130.961797191233
20
111.251954784555
30
0
0
VERTEX
8
0
10
131.222158617061
20
111.273492326055
30
0
0
VERTEX
8
0
10
131.482520042888
20
111.295029867556
30
0
0
VERTEX
8
0
10
131.742881468716
20
111.316567409057
30
0
0
VERTEX
8
0
10
132.003242894543
20
111.338104950557
30
0
0
VERTEX
8
0
10
132.263604320371
20
111.359642492058
30
0
0
VERTEX
8
0
10
132.523965746198
20
111.381180033559
30
0
0
VERTEX
8
0
10
132.784327172026
20
111.402717575059
30
0
0
VERTEX
8
0
10
133.044688597853
20
111.42425511656
30
0
0
VERTEX
8
0
10
133.305050023681
20
111.442687724659
30
0
0
VERTEX
8
0
10
133.565411449508
20
111.462071342655
30
0
0
VERTEX
8
0
10
133.825772875336
20
111.481454960651
30
0
0
VERTEX
8
0
10
134.086134301163
20
111.500838578647
30
0
0
VERTEX
8
0
10
134.346495726991
20
111.520222196644
30
0
0
VERTEX
8
0
10
134.606857152818
20
111.53960581464
30
0
0
VERTEX
8
0
10
134.867218578646
20
111.558989432636
30
0
0
VERTEX
8
0
10
135.127580004473
20
111.578373050633
30
0
0
VERTEX
8
0
10
135.387941430301
20
111.597756668629
30
0
0
VERTEX
8
0
10
135.648302856128
20
111.617140286625
30
0
0
VERTEX
8
0
10
135.908664281956
20
111.639333336542
30
0
0
VERTEX
8
0
10
136.169025707783
20
111.660870878042
30
0
0
VERTEX
8
0
10
136.429387133611
20
111.682408419543
30
0
0
VERTEX
8
0
10
136.689748559438
20
111.703945961044
30
0
0
VERTEX
8
0
10
136.950109985266
20
111.725483502544
30
0
0
VERTEX
8
0
10
137.210471411093
20
111.747021044045
30
0
0
VERTEX
8
0
10
137.470832836921
20
111.768558585546
30
0
0
VERTEX
8
0
10
137.731194262748
20
111.790096127046
30
0
0
VERTEX
8
0
10
137.991555688576
20
111.811633668547
30
0
0
VERTEX
8
0
10
138.251917114403
20
111.833171210048
30
0
0
VERTEX
8
0
10
138.512278540231
20
111.857222916687
30
0
0
VERTEX
8
0
10
138.772639966058
20
111.88091441933
30
0
0
VERTEX
8
0
10
139.033001391886
20
111.904605921973
30
0
0
VERTEX
8
0
10
139.293362817713
20
111.928297424616
30
0
0
VERTEX
8
0
10
139.553724243541
20
111.951988927259
30
0
0
VERTEX
8
0
10
139.814085669368
20
111.975680429902
30
0
0
VERTEX
8
0
10
140.074447095196
20
111.999371932545
30
0
0
VERTEX
8
0
10
140.334808521023
20
112.023063435188
30
0
0
VERTEX
8
0
10
140.595169946851
20
112.046754937831
30
0
0
VERTEX
8
0
10
140.855531372678
20
112.070446440474
30
0
0
VERTEX
8
0
10
141.115892798506
20
112.08859041573
30
0
0
VERTEX
8
0
10
141.376254224333
20
112.106897086088
30
0
0
VERTEX
8
0
10
141.636615650161
20
112.125203756446
30
0
0
VERTEX
8
0
10
141.896977075988
20
112.143510426804
30
0
0
VERTEX
8
0
10
142.157338501816
20
112.161817097161
30
0
0
VERTEX
8
0
10
142.417699927643
20
112.180123767519
30
0
0
VERTEX
8
0
10
142.678061353471
20
112.198430437877
30
0
0
VERTEX
8
0
10
142.938422779298
20
112.216737108235
30
0
0
VERTEX
8
0
10
143.198784205126
20
112.235043778593
30
0
0
VERTEX
8
0
10
143.459145630953
20
112.253350448951
30
0
0
VERTEX
8
0
10
143.719507056781
20
112.263963905023
30
0
0
VERTEX
8
0
10
143.979868482608
20
112.273655332992
30
0
0
VERTEX
8
0
10
144.240229908436
20
112.283346760961
30
0
0
VERTEX
8
0
10
144.500591334263
20
112.293038188931
30
0
0
VERTEX
8
0
10
144.760952760091
20
112.3027296169
30
0
0
VERTEX
8
0
10
145.021314185918
20
112.312421044869
30
0
0
VERTEX
8
0
10
145.281675611746
20
112.322112472838
30
0
0
VERTEX
8
0
10
145.542037037573
20
112.331803900807
30
0
0
VERTEX
8
0
10
145.802398463401
20
112.341495328777
30
0
0
VERTEX
8
0
10
146.062759889228
20
112.351186756746
30
0
0
VERTEX
8
0
10
146.323121315056
20
112.364132046196
30
0
0
VERTEX
8
0
10
146.583482740883
20
112.37813102009
30
0
0
VERTEX
8
0
10
146.843844166711
20
112.392129993985
30
0
0
VERTEX
8
0
10
147.104205592538
20
112.40612896788
30
0
0
VERTEX
8
0
10
147.364567018366
20
112.420127941774
30
0
0
VERTEX
8
0
10
147.624928444193
20
112.434126915669
30
0
0
VERTEX
8
0
10
147.885289870021
20
112.448125889564
30
0
0
VERTEX
8
0
10
148.145651295848
20
112.462124863458
30
0
0
VERTEX
8
0
10
148.406012721676
20
112.476123837353
30
0
0
VERTEX
8
0
10
148.666374147503
20
112.490122811248
30
0
0
VERTEX
8
0
10
148.926735573331
20
112.504121785143
30
0
0
VERTEX
8
0
10
149.187096999158
20
112.518120759037
30
0
0
VERTEX
8
0
10
149.447458424986
20
112.532119732932
30
0
0
VERTEX
8
0
10
149.707819850813
20
112.546118706827
30
0
0
VERTEX
8
0
10
149.968181276641
20
112.560117680721
30
0
0
VERTEX
8
0
10
150.228542702468
20
112.574116654616
30
0
0
VERTEX
8
0
10
150.488904128296
20
112.588115628511
30
0
0
VERTEX
8
0
10
150.749265554123
20
112.602114602405
30
0
0
VERTEX
8
0
10
151.009626979951
20
112.6161135763
30
0
0
VERTEX
8
0
10
151.269988405778
20
112.630112550195
30
0
0
VERTEX
8
0
10
151.530349831606
20
112.644111524089
30
0
0
VERTEX
8
0
10
151.790711257433
20
112.65173292144
30
0
0
VERTEX
8
0
10
152.051072683261
20
112.661424349409
30
0
0
VERTEX
8
0
10
152.311434109088
20
112.671115777378
30
0
0
VERTEX
8
0
10
152.571795534916
20
112.680807205347
30
0
0
VERTEX
8
0
10
152.832156960743
20
112.690498633317
30
0
0
VERTEX
8
0
10
153.092518386571
20
112.700190061286
30
0
0
VERTEX
8
0
10
153.352879812398
20
112.709881489255
30
0
0
VERTEX
8
0
10
153.613241238226
20
112.719572917224
30
0
0
VERTEX
8
0
10
153.873602664053
20
112.729264345194
30
0
0
VERTEX
8
0
10
154.133964089881
20
112.738955773163
30
0
0
VERTEX
8
0
10
154.394325515708
20
112.735631919538
30
0
0
VERTEX
8
0
10
154.654686941536
20
112.735631919538
30
0
0
VERTEX
8
0
10
154.915048367363
20
112.735631919538
30
0
0
VERTEX
8
0
10
155.175409793191
20
112.735631919538
30
0
0
VERTEX
8
0
10
155.435771219018
20
112.735631919538
30
0
0
SEQEND
8
0
0
POLYLINE
8
0
62
1
70
0
10
0
20
0
30
0
0
VERTEX
8
0
10
13.7991555688578
20
21.3232633712995
30
0
0
VERTEX
8
0
10
14.0595169946853
20
21.4594612287529
30
0
0
VERTEX
8
0
10
14.3198784205128
20
21.5963285208922
30
0
0
VERTEX
8
0
10
14.5802398463403
20
21.7338526005784
30
0
0
VERTEX
8
0
10
14.8406012721678
20
21.8720210788223
30
0
0
VERTEX
8
0
10
15.1009626979953
20
22.0108218203826
30
0
0
VERTEX
8
0
10
15.3613241238228
20
22.1502429393501
30
0
0
VERTEX
8
0
10
15.6216855496503
20
22.2902727947246
30
0
0
VERTEX
8
0
10
15.8820469754778
20
22.4308999859938
30
0
0
VERTEX
8
0
10
16.1424084013053
20
22.5721133487205
30
0
0
VERTEX
8
0
10
16.4027698271328
20
22.7139019501434
30
0
0
VERTEX
8
0
10
16.6631312529603
20
22.8577640518303
30
0
0
VERTEX
8
0
10
16.9234926787878
20
23.0012930244965
30
0
0
VERTEX
8
0
10
17.1838541046153
20
23.1454578958533
30
0
0
VERTEX
8
0
10
17.4442155304428
20
23.2901884215077
30
0
0
VERTEX
8
0
10
17.7045769562703
20
23.4354741215236
30
0
0
VERTEX
8
0
10
17.9649383820978
20
23.5813047345248
30
0
0
VERTEX
8
0
10
18.2252998079253
20
23.7276702133836
30
0
0
VERTEX
8
0
10
18.4856612337528
20
23.8745607209496
30
0
0
VERTEX
8
0
10
18.7460226595803
20
24.0219666258236
30
0
0
VERTEX
8
0
10
19.0063840854078
20
24.1698784981783
30
0
0
VERTEX
8
0
10
19.2667455112354
20
24.3178173444257
30
0
0
VERTEX
8
0
10
19.5271069370629
20
24.4669764782051
30
0
0
VERTEX
8
0
10
19.7874683628904
20
24.6166669350872
30
0
0
VERTEX
8
0
10
20.0478297887179
20
24.7668148378528
30
0
0
VERTEX
8
0
10
20.3081912145454
20
24.9174119170399
30
0
0
VERTEX
8
0
10
20.5685526403729
20
25.0684500774558
30
0
0
VERTEX
8
0
10
20.8289140662004
20
25.2199213944024
30
0
0
VERTEX
8
0
10
21.0892754920279
20
25.3718181099673
30
0
0
VERTEX
8
0
10
21.3496369178554
20
25.5241326293802
30
0
0
VERTEX
8
0
10
21.6099983436829
20
25.676857517434
30
0
0
VERTEX
8
0
10
21.8703597695104
20
25.8304058070623
30
0
0
VERTEX
8
0
10
22.1307211953379
20
25.9838452613369
30
0
0
VERTEX
8
0
10
22.3910826211654
20
26.1375017077165
30
0
0
VERTEX
8
0
10
22.6514440469929
20
26.2915517147109
30
0
0
VERTEX
8
0
10
22.9118054728204
20
26.4459884047545
30
0
0
VERTEX
8
0
10
23.1721668986479
20
26.6008050429333
30
0
0
VERTEX
8
0
10
23.4325283244754
20
26.7559950338337
30
0
0
VERTEX
8
0
10
23.6928897503029
20
26.9115519184527
30
0
0
VERTEX
8
0
10
23.9532511761304
20
27.0674693711708
30
0
0
VERTEX
8
0
10
24.2136126019579
20
27.2237411967865
30
0
0
VERTEX
8
0
10
24.4739740277855
20
27.3800028119693
30
0
0
VERTEX
8
0
10
24.734335453613
20
27.5079883683734
30
0
0
VERTEX
8
0
10
24.9946968794405
20
27.621791508935
30
0
0
VERTEX
8
0
10
25.255058305268
20
27.73617979793
30
0
0
VERTEX
8
0
10
25.5154197310955
20
27.8511460255166
30
0
0
VERTEX
8
0
10
25.775781156923
20
27.966683064277
30
0
0
VERTEX
8
0
10
26.0361425827505
20
28.0827838689882
30
0
0
VERTEX
8
0
10
26.296504008578
20
28.1994414763558
30
0
0
VERTEX
8
0
10
26.5568654344055
20
28.3166490047118
30
0
0
VERTEX
8
0
10
26.817226860233
20
28.4343996536799
30
0
0
VERTEX
8
0
10
27.0775882860605
20
28.5526867038089
30
0
0
VERTEX
8
0
10
27.337949711888
20
28.6371944303995
30
0
0
VERTEX
8
0
10
27.5983111377155
20
28.7015598396696
30
0
0
VERTEX
8
0
10
27.858672563543
20
28.7667624869563
30
0
0
VERTEX
8
0
10
28.1190339893705
20
28.832796692256
30
0
0
VERTEX
8
0
10
28.379395415198
20
28.8996567553694
30
0
0
VERTEX
8
0
10
28.6397568410255
20
28.9673369577625
30
0
0
VERTEX
8
0
10
28.900118266853
20
29.0358315643987
30
0
0
VERTEX
8
0
10
29.1604796926805
20
29.1051348255406
30
0
0
VERTEX
8
0
10
29.420841118508
20
29.1752409785224
30
0
0
VERTEX
8
0
10
29.6812025443356
20
29.2461442494903
30
0
0
VERTEX
8
0
10
29.9415639701631
20
29.3197259238985
30
0
0
VERTEX
8
0
10
30.2019253959906
20
29.3965096002255
30
0
0
VERTEX
8
0
10
30.4622868218181
20
29.4732868693436
30
0
0
VERTEX
8
0
10
30.7226482476456
20
29.5508343695979
30
0
0
VERTEX
8
0
10
30.9830096734731
20
29.6291460532786
30
0
0
VERTEX
8
0
10
31.2433710993006
20
29.70821587716
30
0
0
VERTEX
8
0
10
31.5037325251281
20
29.7880378039858
30
0
0
VERTEX
8
0
10
31.7640939509556
20
29.8686058039165
30
0
0
VERTEX
8
0
10
32.0244553767831
20
29.9499138559385
30
0
0
VERTEX
8
0
10
32.2848168026106
20
30.0319559492359
30
0
0
VERTEX
8
0
10
32.5451782284381
20
30.1120466927024
30
0
0
VERTEX
8
0
10
32.8055396542656
20
30.1886908559031
30
0
0
VERTEX
8
0
10
33.0659010800931
20
30.2666556286521
30
0
0
VERTEX
8
0
10
33.3262625059206
20
30.3453484757674
30
0
0
VERTEX
8
0
10
33.5866239317481
20
30.4247637478144
30
0
0
VERTEX
8
0
10
33.8469853575756
20
30.5048958025937
30
0
0
VERTEX
8
0
10
34.1073467834031
20
30.5857390063751
30
0
0
VERTEX
8
0
10
34.3677082092306
20
30.6672877350983
30
0
0
VERTEX
8
0
10
34.6280696350581
20
30.7495363755414
30
0
0
VERTEX
8
0
10
34.8884310608857
20
30.8324793264569
30
0
0
VERTEX
8
0
10
35.1487924867132
20
30.9169398850103
30
0
0
VERTEX
8
0
10
35.4091539125407
20
31.0033549059349
30
0
0
VERTEX
8
0
10
35.6695153383682
20
31.0903234818326
30
0
0
VERTEX
8
0
10
35.9298767641957
20
31.177958285948
30
0
0
VERTEX
8
0
10
36.1902381900232
20
31.2662537162564
30
0
0
VERTEX
8
0
10
36.4505996158507
20
31.3552041918405
30
0
0
VERTEX
8
0
10
36.7109610416782
20
31.4448041537611
30
0
0
VERTEX
8
0
10
36.9713224675057
20
31.5350480658973
30
0
0
VERTEX
8
0
10
37.2316838933332
20
31.6259304157554
30
0
0
VERTEX
8
0
10
37.4920453191607
20
31.717445715247
30
0
0
VERTEX
8
0
10
37.7524067449882
20
31.7953045839165
30
0
0
VERTEX
8
0
10
38.0127681708157
20
31.875344401635
30
0
0
VERTEX
8
0
10
38.2731295966432
20
31.9559958694764
30
0
0
VERTEX
8
0
10
38.5334910224707
20
32.0371204499748
30
0
0
VERTEX
8
0
10
38.7938524482982
20
32.1187145582048
30
0
0
VERTEX
8
0
10
39.0542138741257
20
32.200774624933
30
0
0
VERTEX
8
0
10
39.3145752999532
20
32.2832970969365
30
0
0
VERTEX
8
0
10
39.5749367257807
20
32.3662784373096
30
0
0
VERTEX
8
0
10
39.8352981516082
20
32.4497151257586
30
0
0
VERTEX
8
0
10
40.0956595774358
20
32.5336036588842
30
0
0
VERTEX
8
0
10
40.3560210032633
20
32.6034122026542
30
0
0
VERTEX
8
0
10
40.6163824290908
20
32.6697104338842
30
0
0
VERTEX
8
0
10
40.8767438549183
20
32.73646339518
30
0
0
VERTEX
8
0
10
41.1371052807458
20
32.8035525757043
30
0
0
VERTEX
8
0
10
41.3974667065733
20
32.8709759168016
30
0
0
VERTEX
8
0
10
41.6578281324008
20
32.9387313664601
30
0
0
VERTEX
8
0
10
41.9181895582283
20
33.006816879451
30
0
0
VERTEX
8
0
10
42.1785509840558
20
33.0752304174638
30
0
0
VERTEX
8
0
10
42.4389124098833
20
33.1439699492374
30
0
0
VERTEX
8
0
10
42.6992738357108
20
33.2130334506877
30
0
0
VERTEX
8
0
10
42.9596352615383
20
33.2818604757807
30
0
0
VERTEX
8
0
10
43.2199966873658
20
33.3506825344872
30
0
0
VERTEX
8
0
10
43.4803581131933
20
33.4198187488259
30
0
0
VERTEX
8
0
10
43.7407195390208
20
33.489267173141
30
0
0
VERTEX
8
0
10
44.0010809648483
20
33.5590258691321
30
0
0
VERTEX
8
0
10
44.2614423906758
20
33.6290929059579
30
0
0
VERTEX
8
0
10
44.5218038165033
20
33.6994663603363
30
0
0
VERTEX
8
0
10
44.7821652423308
20
33.7701443166407
30
0
0
VERTEX
8
0
10
45.0425266681583
20
33.8411248669936
30
0
0
VERTEX
8
0
10
45.3028880939859
20
33.9124061113567
30
0
0
VERTEX
8
0
10
45.5632495198134
20
33.9839861576174
30
0
0
VERTEX
8
0
10
45.8236109456409
20
34.0561831793022
30
0
0
VERTEX
8
0
10
46.0839723714684
20
34.1289428638574
30
0
0
VERTEX
8
0
10
46.3443337972959
20
34.2019904747514
30
0
0
VERTEX
8
0
10
46.6046952231234
20
34.2753241710976
30
0
0
VERTEX
8
0
10
46.8650566489509
20
34.3489421205508
30
0
0
VERTEX
8
0
10
47.1254180747784
20
34.422842499369
30
0
0
VERTEX
8
0
10
47.3857795006059
20
34.4970234924707
30
0
0
VERTEX
8
0
10
47.6461409264334
20
34.5714832934901
30
0
0
VERTEX
8
0
10
47.9065023522609
20
34.6462201048304
30
0
0
VERTEX
8
0
10
48.1668637780884
20
34.7212321377126
30
0
0
VERTEX
8
0
10
48.4272252039159
20
34.7952634220305
30
0
0
VERTEX
8
0
10
48.6875866297434
20
34.869899990114
30
0
0
VERTEX
8
0
10
48.9479480555709
20
34.944803370176
30
0
0
VERTEX
8
0
10
49.2083094813984
20
35.0199718501833
30
0
0
VERTEX
8
0
10
49.4686709072259
20
35.0954037267369
30
0
0
VERTEX
8
0
10
49.7290323330534
20
35.1710973051075
30
0
0
VERTEX
8
0
10
49.9893937588809
20
35.2470508992693
30
0
0
VERTEX
8
0
10
50.2497551847084
20
35.323262831931
30
0
0
VERTEX
8
0
10
50.5101166105359
20
35.399731434565
30
0
0
VERTEX
8
0
10
50.7704780363635
20
35.4764550474345
30
0
0
VERTEX
8
0
10
51.030839462191
20
35.526975015842
30
0
0
VERTEX
8
0
10
51.2912008880185
20
35.5827056647712
30
0
0
VERTEX
8
0
10
51.551562313846
20
35.6386254884828
30
0
0
VERTEX
8
0
10
51.8119237396735
20
35.6947335978862
30
0
0
VERTEX
8
0
10
52.072285165501
20
35.7510291064875
30
0
0
VERTEX
8
0
10
52.3326465913285
20
35.8075111304164
30
0
0
VERTEX
8
0
10
52.593008017156
20
35.8641787884512
30
0
0
VERTEX
8
0
10
52.8533694429835
20
35.921031202044
30
0
0
VERTEX
8
0
10
53.113730868811
20
35.9780674953445
30
0
0
VERTEX
8
0
10
53.3740922946385
20
36.0352867952239
30
0
0
VERTEX
8
0
10
53.634453720466
20
36.0698513934247
30
0
0
VERTEX
8
0
10
53.8948151462935
20
36.107792174935
30
0
0
VERTEX
8
0
10
54.155176572121
20
36.1457326225008
30
0
0
VERTEX
8
0
10
54.4155379979485
20
36.1837988416597
30
0
0
VERTEX
8
0
10
54.675899423776
20
36.2219904358863
30
0
0
VERTEX
8
0
10
54.9362608496035
20
36.2603070090221
30
0
0
VERTEX
8
0
10
55.196622275431
20
36.298748165288
30
0
0
VERTEX
8
0
10
55.4569837012585
20
36.3373135092954
30
0
0
VERTEX
8
0
10
55.717345127086
20
36.3760026460579
30
0
0
VERTEX
8
0
10
55.9777065529135
20
36.4148151810023
30
0
0
VERTEX
8
0
10
56.238067978741
20
36.4555895185685
30
0
0
VERTEX
8
0
10
56.4984294045685
20
36.4955732712603
30
0
0
VERTEX
8
0
10
56.758790830396
20
36.5356719245708
30
0
0
VERTEX
8
0
10
57.0191522562235
20
36.5759032071233
30
0
0
VERTEX
8
0
10
57.279513682051
20
36.6162666817476
30
0
0
VERTEX
8
0
10
57.5398751078785
20
36.6567619117661
30
0
0
VERTEX
8
0
10
57.800236533706
20
36.697388461006
30
0
0
VERTEX
8
0
10
58.0605979595335
20
36.738145893813
30
0
0
VERTEX
8
0
10
58.320959385361
20
36.779033775063
30
0
0
VERTEX
8
0
10
58.5813208111885
20
36.8200516701756
30
0
0
VERTEX
8
0
10
58.841682237016
20
36.8604007875393
30
0
0
VERTEX
8
0
10
59.1020436628435
20
36.9011202074538
30
0
0
VERTEX
8
0
10
59.362405088671
20
36.9420394785392
30
0
0
VERTEX
8
0
10
59.6227665144985
20
36.9830817233353
30
0
0
VERTEX
8
0
10
59.883127940326
20
37.0242465328843
30
0
0
VERTEX
8
0
10
60.1434893661535
20
37.0655334988266
30
0
0
VERTEX
8
0
10
60.403850791981
20
37.1069422134111
30
0
0
VERTEX
8
0
10
60.6642122178084
20
37.1484722695049
30
0
0
VERTEX
8
0
10
60.924573643636
20
37.1901232606032
30
0
0
VERTEX
8
0
10
61.1849350694635
20
37.2318947808394
30
0
0
VERTEX
8
0
10
61.4452964952909
20
37.2737864249942
30
0
0
VERTEX
8
0
10
61.7056579211184
20
37.3167782982674
30
0
0
VERTEX
8
0
10
61.9660193469459
20
37.3602961547
30
0
0
VERTEX
8
0
10
62.2263807727734
20
37.4039227638279
30
0
0
VERTEX
8
0
10
62.4867421986009
20
37.4476577455599
30
0
0
VERTEX
8
0
10
62.7471036244284
20
37.4915007206359
30
0
0
VERTEX
8
0
10
63.0074650502559
20
37.5354513106339
30
0
0
VERTEX
8
0
10
63.2678264760834
20
37.5795091379751
30
0
0
VERTEX
8
0
10
63.5281879019109
20
37.6236738259306
30
0
0
VERTEX
8
0
10
63.7885493277384
20
37.6679449986265
30
0
0
VERTEX
8
0
10
64.0489107535659
20
37.7123222810496
30
0
0
VERTEX
8
0
10
64.3092721793934
20
37.7573105944731
30
0
0
VERTEX
8
0
10
64.5696336052209
20
37.8027916673071
30
0
0
VERTEX
8
0
10
64.8299950310484
20
37.848371312468
30
0
0
VERTEX
8
0
10
65.0903564568759
20
37.894049174262
30
0
0
VERTEX
8
0
10
65.3507178827034
20
37.9398248979438
30
0
0
VERTEX
8
0
10
65.6110793085309
20
37.9856981297197
30
0
0
VERTEX
8
0
10
65.8714407343584
20
38.0316685167514
30
0
0
VERTEX
8
0
10
66.1318021601859
20
38.0777357071589
30
0
0
VERTEX
8
0
10
66.3921635860134
20
38.1238993500237
30
0
0
VERTEX
8
0
10
66.6525250118409
20
38.170159095392
30
0
0
VERTEX
8
0
10
66.9128864376684
20
38.2193237813929
30
0
0
VERTEX
8
0
10
67.1732478634959
20
38.2714372995975
30
0
0
VERTEX
8
0
10
67.4336092893234
20
38.3225302330105
30
0
0
VERTEX
8
0
10
67.6939707151509
20
38.3737026511214
30
0
0
VERTEX
8
0
10
67.9543321409784
20
38.4249542363691
30
0
0
VERTEX
8
0
10
68.2146935668059
20
38.4762846723944
30
0
0
VERTEX
8
0
10
68.4750549926334
20
38.5276936440388
30
0
0
VERTEX
8
0
10
68.7354164184609
20
38.5791808373426
30
0
0
VERTEX
8
0
10
68.9957778442884
20
38.6307459395434
30
0
0
VERTEX
8
0
10
69.2561392701159
20
38.6823886390748
30
0
0
VERTEX
8
0
10
69.5165006959434
20
38.7321899553445
30
0
0
VERTEX
8
0
10
69.7768621217709
20
38.7808872243603
30
0
0
VERTEX
8
0
10
70.0372235475984
20
38.8300251735587
30
0
0
VERTEX
8
0
10
70.2975849734259
20
38.8792462269215
30
0
0
VERTEX
8
0
10
70.5579463992534
20
38.9285500692193
30
0
0
VERTEX
8
0
10
70.8183078250809
20
38.9779363862888
30
0
0
VERTEX
8
0
10
71.0786692509084
20
39.0274048650326
30
0
0
VERTEX
8
0
10
71.3390306767359
20
39.0769551934193
30
0
0
VERTEX
8
0
10
71.5993921025634
20
39.1265870604831
30
0
0
VERTEX
8
0
10
71.8597535283909
20
39.1763001563236
30
0
0
VERTEX
8
0
10
72.1201149542184
20
39.2260941721056
30
0
0
VERTEX
8
0
10
72.3804763800459
20
39.2764304213509
30
0
0
VERTEX
8
0
10
72.6408378058734
20
39.3267855639619
30
0
0
VERTEX
8
0
10
72.9011992317009
20
39.3772178889063
30
0
0
VERTEX
8
0
10
73.1615606575284
20
39.4277271000106
30
0
0
VERTEX
8
0
10
73.4219220833559
20
39.4783129021665
30
0
0
VERTEX
8
0
10
73.6822835091834
20
39.5289750013298
30
0
0
VERTEX
8
0
10
73.9426449350109
20
39.5797131045199
30
0
0
VERTEX
8
0
10
74.2030063608384
20
39.6305269198176
30
0
0
VERTEX
8
0
10
74.4633677866659
20
39.6814161563649
30
0
0
VERTEX
8
0
10
74.7237292124934
20
39.7308468473449
30
0
0
VERTEX
8
0
10
74.9840906383209
20
39.7815533604652
30
0
0
VERTEX
8
0
10
75.2444520641484
20
39.8323185227006
30
0
0
VERTEX
8
0
10
75.5048134899759
20
39.8831484893824
30
0
0
VERTEX
8
0
10
75.7651749158034
20
39.9340430130521
30
0
0
VERTEX
8
0
10
76.0255363416309
20
39.9850018471974
30
0
0
VERTEX
8
0
10
76.2858977674584
20
40.0360247462505
30
0
0
VERTEX
8
0
10
76.5462591932859
20
40.0871114655858
30
0
0
VERTEX
8
0
10
76.8066206191134
20
40.138261761518
30
0
0
VERTEX
8
0
10
77.0669820449409
20
40.1894753912997
30
0
0
VERTEX
8
0
10
77.3273434707684
20
40.2407521131197
30
0
0
VERTEX
8
0
10
77.5877048965959
20
40.2927445420545
30
0
0
VERTEX
8
0
10
77.8480663224234
20
40.3448957668593
30
0
0
VERTEX
8
0
10
78.1084277482509
20
40.3971044565115
30
0
0
VERTEX
8
0
10
78.3687891740784
20
40.4493703884987
30
0
0
VERTEX
8
0
10
78.6291505999059
20
40.5016933412135
30
0
0
VERTEX
8
0
10
78.8895120257334
20
40.5540730939511
30
0
0
VERTEX
8
0
10
79.1498734515609
20
40.6065094269066
30
0
0
VERTEX
8
0
10
79.4102348773884
20
40.6590021211719
30
0
0
VERTEX
8
0
10
79.6705963032159
20
40.7115509587336
30
0
0
VERTEX
8
0
10
79.9309577290434
20
40.7641557224697
30
0
0
VERTEX
8
0
10
80.1913191548709
20
40.817346930289
30
0
0
VERTEX
8
0
10
80.4516805806984
20
40.8707887616008
30
0
0
VERTEX
8
0
10
80.7120420065259
20
40.9242812684685
30
0
0
VERTEX
8
0
10
80.9724034323534
20
40.9778242524361
30
0
0
VERTEX
8
0
10
81.2327648581809
20
41.031417515897
30
0
0
VERTEX
8
0
10
81.4931262840084
20
41.0850608620905
30
0
0
VERTEX
8
0
10
81.7534877098359
20
41.1387540950986
30
0
0
VERTEX
8
0
10
82.0138491356634
20
41.1924970198434
30
0
0
VERTEX
8
0
10
82.2742105614909
20
41.2462894420834
30
0
0
VERTEX
8
0
10
82.5345719873184
20
41.2995080336702
30
0
0
VERTEX
8
0
10
82.7949334131459
20
41.3525892020289
30
0
0
VERTEX
8
0
10
83.0552948389734
20
41.405862504757
30
0
0
VERTEX
8
0
10
83.3156562648009
20
41.4591816182901
30
0
0
VERTEX
8
0
10
83.5760176906284
20
41.5125463661084
30
0
0
VERTEX
8
0
10
83.8363791164559
20
41.5659565724485
30
0
0
VERTEX
8
0
10
84.0967405422834
20
41.6194120622995
30
0
0
VERTEX
8
0
10
84.3571019681109
20
41.6729126614004
30
0
0
VERTEX
8
0
10
84.6174633939384
20
41.7264581962376
30
0
0
VERTEX
8
0
10
84.8778248197659
20
41.7800484940414
30
0
0
VERTEX
8
0
10
85.1381862455934
20
41.8336833827834
30
0
0
VERTEX
8
0
10
85.3985476714209
20
41.8873626911734
30
0
0
VERTEX
8
0
10
85.6589090972484
20
41.941086248657
30
0
0
VERTEX
8
0
10
85.9192705230759
20
41.9948538854118
30
0
0
VERTEX
8
0
10
86.1796319489034
20
42.0486654323453
30
0
0
VERTEX
8
0
10
86.4399933747309
20
42.1025207210919
30
0
0
VERTEX
8
0
10
86.7003548005584
20
42.1564195840094
30
0
0
VERTEX
8
0
10
86.9607162263859
20
42.2103618541771
30
0
0
VERTEX
8
0
10
87.2210776522134
20
42.2643473653919
30
0
0
VERTEX
8
0
10
87.4814390780409
20
42.3183759521662
30
0
0
VERTEX
8
0
10
87.7418005038684
20
42.3724474497247
30
0
0
VERTEX
8
0
10
88.0021619296959
20
42.4279366502771
30
0
0
VERTEX
8
0
10
88.2625233555234
20
42.483118839741
30
0
0
VERTEX
8
0
10
88.5228847813509
20
42.5383441116353
30
0
0
VERTEX
8
0
10
88.7832462071784
20
42.593612298383
30
0
0
VERTEX
8
0
10
89.0436076330059
20
42.6489232331456
30
0
0
VERTEX
8
0
10
89.3039690588334
20
42.7042767498204
30
0
0
VERTEX
8
0
10
89.5643304846609
20
42.7596726830372
30
0
0
VERTEX
8
0
10
89.8246919104884
20
42.8151108681551
30
0
0
VERTEX
8
0
10
90.0850533363159
20
42.8705911412599
30
0
0
VERTEX
8
0
10
90.3454147621433
20
42.9261133391605
30
0
0
VERTEX
8
0
10
90.6057761879709
20
42.9333167441727
30
0
0
VERTEX
8
0
10
90.8661376137984
20
42.9495767541253
30
0
0
VERTEX
8
0
10
91.1264990396259
20
42.9657439158172
30
0
0
VERTEX
8
0
10
91.3868604654534
20
42.9819288434395
30
0
0
VERTEX
8
0
10
91.6472218912809
20
42.9981315169307
30
0
0
VERTEX
8
0
10
91.9075833171083
20
43.0143519162369
30
0
0
VERTEX
8
0
10
92.1679447429358
20
43.0305900213131
30
0
0
VERTEX
8
0
10
92.4283061687634
20
43.0468458121223
30
0
0
VERTEX
8
0
10
92.6886675945909
20
43.0631192686361
30
0
0
VERTEX
8
0
10
92.9490290204184
20
43.0794103708345
30
0
0
VERTEX
8
0
10
93.2093904462458
20
43.0946179469176
30
0
0
VERTEX
8
0
10
93.4697518720733
20
43.1112185023389
30
0
0
VERTEX
8
0
10
93.7301132979008
20
43.1277904259186
30
0
0
VERTEX
8
0
10
93.9904747237283
20
43.1443747165453
30
0
0
VERTEX
8
0
10
94.2508361495558
20
43.1609713599632
30
0
0
VERTEX
8
0
10
94.5111975753833
20
43.1775803419277
30
0
0
VERTEX
8
0
10
94.7715590012108
20
43.1942016482056
30
0
0
VERTEX
8
0
10
95.0319204270383
20
43.2108352645752
30
0
0
VERTEX
8
0
10
95.2922818528658
20
43.2274811768258
30
0
0
VERTEX
8
0
10
95.5526432786933
20
43.2441393707583
30
0
0
VERTEX
8
0
10
95.8130047045208
20
43.2483097068973
30
0
0
VERTEX
8
0
10
96.0733661303483
20
43.251585235721
30
0
0
VERTEX
8
0
10
96.3337275561758
20
43.2548690933728
30
0
0
VERTEX
8
0
10
96.5940889820033
20
43.2581612779558
30
0
0
VERTEX
8
0
10
96.8544504078308
20
43.261461787569
30
0
0
VERTEX
8
0
10
97.1148118336583
20
43.2647706203071
30
0
0
VERTEX
8
0
10
97.3751732594858
20
43.2680877742607
30
0
0
VERTEX
8
0
10
97.6355346853133
20
43.271413247516
30
0
0
VERTEX
8
0
10
97.8958961111408
20
43.2747470381552
30
0
0
VERTEX
8
0
10
98.1562575369683
20
43.2780891442562
30
0
0
VERTEX
8
0
10
98.4166189627958
20
43.2871844030681
30
0
0
VERTEX
8
0
10
98.6769803886233
20
43.2970785374039
30
0
0
VERTEX
8
0
10
98.9373418144508
20
43.3067609934757
30
0
0
VERTEX
8
0
10
99.1977032402783
20
43.3164569700293
30
0
0
VERTEX
8
0
10
99.4580646661058
20
43.3261664579875
30
0
0
VERTEX
8
0
10
99.7184260919333
20
43.3358894482684
30
0
0
VERTEX
8
0
10
99.9787875177608
20
43.3456259317858
30
0
0
VERTEX
8
0
10
100.239148943588
20
43.3553758994491
30
0
0
VERTEX
8
0
10
100.499510369416
20
43.3651393421631
30
0
0
VERTEX
8
0
10
100.759871795243
20
43.3749162508285
30
0
0
VERTEX
8
0
10
101.020233221071
20
43.3833465115755
30
0
0
VERTEX
8
0
10
101.280594646898
20
43.3910816447631
30
0
0
VERTEX
8
0
10
101.540956072726
20
43.3988295579093
30
0
0
VERTEX
8
0
10
101.801317498553
20
43.4065902441705
30
0
0
VERTEX
8
0
10
102.061678924381
20
43.4143636966968
30
0
0
VERTEX
8
0
10
102.322040350208
20
43.422149908632
30
0
0
VERTEX
8
0
10
102.582401776036
20
43.4299488731134
30
0
0
VERTEX
8
0
10
102.842763201863
20
43.4377605832723
30
0
0
VERTEX
8
0
10
103.103124627691
20
43.4455850322332
30
0
0
VERTEX
8
0
10
103.363486053518
20
43.453422213115
30
0
0
VERTEX
8
0
10
103.623847479346
20
43.446726642651
30
0
0
VERTEX
8
0
10
103.884208905173
20
43.4266244004406
30
0
0
VERTEX
8
0
10
104.144570331001
20
43.4104447377029
30
0
0
VERTEX
8
0
10
104.404931756828
20
43.3929992167373
30
0
0
VERTEX
8
0
10
104.665293182656
20
43.3755545906655
30
0
0
VERTEX
8
0
10
104.925654608483
20
43.3581108605678
30
0
0
VERTEX
8
0
10
105.186016034311
20
43.3406680275259
30
0
0
VERTEX
8
0
10
105.446377460138
20
43.3232260926234
30
0
0
VERTEX
8
0
10
105.706738885966
20
43.3057850569455
30
0
0
VERTEX
8
0
10
105.967100311793
20
43.2883449215791
30
0
0
VERTEX
8
0
10
106.227461737621
20
43.2709056876127
30
0
0
VERTEX
8
0
10
106.487823163448
20
43.2448803175859
30
0
0
VERTEX
8
0
10
106.748184589276
20
43.2192637298611
30
0
0
VERTEX
8
0
10
107.008546015103
20
43.1941466061946
30
0
0
VERTEX
8
0
10
107.268907440931
20
43.1690316525653
30
0
0
VERTEX
8
0
10
107.529268866758
20
43.1439188727631
30
0
0
VERTEX
8
0
10
107.789630292586
20
43.1188082705859
30
0
0
VERTEX
8
0
10
108.049991718413
20
43.0936998498405
30
0
0
VERTEX
8
0
10
108.310353144241
20
43.0685936143422
30
0
0
VERTEX
8
0
10
108.570714570068
20
43.0434895679147
30
0
0
VERTEX
8
0
10
108.831075995896
20
43.0183877143905
30
0
0
VERTEX
8
0
10
109.091437421723
20
42.9958642973948
30
0
0
VERTEX
8
0
10
109.351798847551
20
42.9721420737121
30
0
0
VERTEX
8
0
10
109.612160273378
20
42.9485400077019
30
0
0
VERTEX
8
0
10
109.872521699206
20
42.9249415196496
30
0
0
VERTEX
8
0
10
110.132883125033
20
42.9013466154595
30
0
0
VERTEX
8
0
10
110.393244550861
20
42.8777553010481
30
0
0
VERTEX
8
0
10
110.653605976688
20
42.8541675823438
30
0
0
VERTEX
8
0
10
110.913967402516
20
42.8305834652875
30
0
0
VERTEX
8
0
10
111.174328828343
20
42.8070029558319
30
0
0
VERTEX
8
0
10
111.434690254171
20
42.7834260599421
30
0
0
VERTEX
8
0
10
111.695051679998
20
42.7598527835956
30
0
0
VERTEX
8
0
10
111.955413105826
20
42.7390336199453
30
0
0
VERTEX
8
0
10
112.215774531653
20
42.7180551685551
30
0
0
VERTEX
8
0
10
112.476135957481
20
42.6970769446145
30
0
0
VERTEX
8
0
10
112.736497383308
20
42.676098948459
30
0
0
VERTEX
8
0
10
112.996858809136
20
42.6551211804245
30
0
0
VERTEX
8
0
10
113.257220234963
20
42.6341436408479
30
0
0
VERTEX
8
0
10
113.517581660791
20
42.6131663300666
30
0
0
VERTEX
8
0
10
113.777943086618
20
42.5921892484185
30
0
0
VERTEX
8
0
10
114.038304512446
20
42.5712123962425
30
0
0
VERTEX
8
0
10
114.298665938273
20
42.5502357738778
30
0
0
VERTEX
8
0
10
114.559027364101
20
42.5263436191662
30
0
0
VERTEX
8
0
10
114.819388789928
20
42.5022136307515
30
0
0
VERTEX
8
0
10
115.079750215756
20
42.4780886295279
30
0
0
VERTEX
8
0
10
115.340111641583
20
42.4539686239976
30
0
0
VERTEX
8
0
10
115.600473067411
20
42.4298536226801
30
0
0
VERTEX
8
0
10
115.860834493238
20
42.4057436341129
30
0
0
VERTEX
8
0
10
116.121195919066
20
42.3816386668508
30
0
0
VERTEX
8
0
10
116.381557344893
20
42.3575387294664
30
0
0
VERTEX
8
0
10
116.641918770721
20
42.3334438305502
30
0
0
VERTEX
8
0
10
116.902280196548
20
42.3042046819953
30
0
0
VERTEX
8
0
10
117.162641622376
20
42.2761122302825
30
0
0
VERTEX
8
0
10
117.423003048203
20
42.2486319296503
30
0
0
VERTEX
8
0
10
117.683364474031
20
42.2211517818319
30
0
0
VERTEX
8
0
10
117.943725899858
20
42.1936717871258
30
0
0
VERTEX
8
0
10
118.204087325686
20
42.1661919458314
30
0
0
VERTEX
8
0
10
118.464448751513
20
42.1387122582489
30
0
0
VERTEX
8
0
10
118.724810177341
20
42.1112327246791
30
0
0
VERTEX
8
0
10
118.985171603168
20
42.0837533454237
30
0
0
VERTEX
8
0
10
119.245533028996
20
42.0562741207853
30
0
0
VERTEX
8
0
10
119.505894454823
20
42.0287950510671
30
0
0
VERTEX
8
0
10
119.766255880651
20
42.0005847876485
30
0
0
VERTEX
8
0
10
120.026617306478
20
41.9719745958335
30
0
0
VERTEX
8
0
10
120.286978732306
20
41.9433654791247
30
0
0
VERTEX
8
0
10
120.547340158133
20
41.9147574397237
30
0
0
VERTEX
8
0
10
120.807701583961
20
41.8861504798377
30
0
0
VERTEX
8
0
10
121.068063009788
20
41.8575446016803
30
0
0
VERTEX
8
0
10
121.328424435616
20
41.8289398074706
30
0
0
VERTEX
8
0
10
121.588785861443
20
41.800336099434
30
0
0
VERTEX
8
0
10
121.849147287271
20
41.7717334798018
30
0
0
VERTEX
8
0
10
122.109508713098
20
41.7437016835301
30
0
0
VERTEX
8
0
10
122.369870138926
20
41.7167114702199
30
0
0
VERTEX
8
0
10
122.630231564753
20
41.6902760904149
30
0
0
VERTEX
8
0
10
122.890592990581
20
41.6638409101036
30
0
0
VERTEX
8
0
10
123.150954416408
20
41.637405929666
30
0
0
VERTEX
8
0
10
123.411315842236
20
41.6109711494831
30
0
0
VERTEX
8
0
10
123.671677268063
20
41.5845365699367
30
0
0
VERTEX
8
0
10
123.932038693891
20
41.5581021914097
30
0
0
VERTEX
8
0
10
124.192400119718
20
41.531668014286
30
0
0
VERTEX
8
0
10
124.452761545546
20
41.5052340389503
30
0
0
VERTEX
8
0
10
124.713122971373
20
41.4788002657885
30
0
0
VERTEX
8
0
10
124.973484397201
20
41.4523666951873
30
0
0
VERTEX
8
0
10
125.233845823028
20
41.4243972098956
30
0
0
VERTEX
8
0
10
125.494207248856
20
41.3968431649236
30
0
0
VERTEX
8
0
10
125.754568674683
20
41.3692903269664
30
0
0
VERTEX
8
0
10
126.014930100511
20
41.3417386984372
30
0
0
VERTEX
8
0
10
126.275291526338
20
41.3141882817556
30
0
0
VERTEX
8
0
10
126.535652952166
20
41.2866390793477
30
0
0
VERTEX
8
0
10
126.796014377993
20
41.2590910936457
30
0
0
VERTEX
8
0
10
127.056375803821
20
41.2315443270884
30
0
0
VERTEX
8
0
10
127.316737229648
20
41.2039987821211
30
0
0
VERTEX
8
0
10
127.577098655476
20
41.1751335932004
30
0
0
VERTEX
8
0
10
127.837460081303
20
41.1472364245581
30
0
0
VERTEX
8
0
10
128.097821507131
20
41.1192112852981
30
0
0
VERTEX
8
0
10
128.358182932958
20
41.0911866956166
30
0
0
VERTEX
8
0
10
128.618544358786
20
41.0631626566388
30
0
0
VERTEX
8
0
10
128.878905784613
20
41.035139169493
30
0
0
VERTEX
8
0
10
129.139267210441
20
41.0071162353106
30
0
0
VERTEX
8
0
10
129.399628636268
20
40.9790938552259
30
0
0
VERTEX
8
0
10
129.659990062096
20
40.9510720303765
30
0
0
VERTEX
8
0
10
129.920351487923
20
40.9230507619029
30
0
0
VERTEX
8
0
10
130.180712913751
20
40.8879704844114
30
0
0
VERTEX
8
0
10
130.441074339578
20
40.8537093213293
30
0
0
VERTEX
8
0
10
130.701435765406
20
40.8194483957835
30
0
0
VERTEX
8
0
10
130.961797191233
20
40.7851877083727
30
0
0
VERTEX
8
0
10
131.222158617061
20
40.7509272596974
30
0
0
VERTEX
8
0
10
131.482520042888
20
40.7166670503603
30
0
0
VERTEX
8
0
10
131.742881468716
20
40.6824070809661
30
0
0
VERTEX
8
0
10
132.003242894543
20
40.6481473521214
30
0
0
VERTEX
8
0
10
132.263604320371
20
40.6138878644351
30
0
0
VERTEX
8
0
10
132.523965746198
20
40.5796286185179
30
0
0
VERTEX
8
0
10
132.784327172026
20
40.547433368974
30
0
0
VERTEX
8
0
10
133.044688597853
20
40.5168393041144
30
0
0
VERTEX
8
0
10
133.305050023681
20
40.4863226695105
30
0
0
VERTEX
8
0
10
133.565411449508
20
40.4558061959683
30
0
0
VERTEX
8
0
10
133.825772875336
20
40.4252898838526
30
0
0
VERTEX
8
0
10
134.086134301163
20
40.3947737335291
30
0
0
VERTEX
8
0
10
134.346495726991
20
40.3642577453649
30
0
0
VERTEX
8
0
10
134.606857152818
20
40.3337419197279
30
0
0
VERTEX
8
0
10
134.867218578646
20
40.3032262569875
30
0
0
VERTEX
8
0
10
135.127580004473
20
40.2727107575138
30
0
0
VERTEX
8
0
10
135.387941430301
20
40.2430823241481
30
0
0
VERTEX
8
0
10
135.648302856128
20
40.2108927579115
30
0
0
VERTEX
8
0
10
135.908664281956
20
40.1780905161897
30
0
0
VERTEX
8
0
10
136.169025707783
20
40.1452908674438
30
0
0
VERTEX
8
0
10
136.429387133611
20
40.1124938180346
30
0
0
VERTEX
8
0
10
136.689748559438
20
40.0796993743431
30
0
0
VERTEX
8
0
10
136.950109985266
20
40.0469075427709
30
0
0
VERTEX
8
0
10
137.210471411093
20
40.0141183297399
30
0
0
VERTEX
8
0
10
137.470832836921
20
39.9813317416926
30
0
0
VERTEX
8
0
10
137.731194262748
20
39.9485477850921
30
0
0
VERTEX
8
0
10
137.991555688576
20
39.9142812299925
30
0
0
VERTEX
8
0
10
138.251917114403
20
39.8825818168477
30
0
0
VERTEX
8
0
10
138.512278540231
20
39.852395520843
30
0
0
VERTEX
8
0
10
138.772639966058
20
39.8222108231363
30
0
0
VERTEX
8
0
10
139.033001391886
20
39.7920277273649
30
0
0
VERTEX
8
0
10
139.293362817713
20
39.7618462371768
30
0
0
VERTEX
8
0
10
139.553724243541
20
39.731666356231
30
0
0
VERTEX
8
0
10
139.814085669368
20
39.7014880881975
30
0
0
VERTEX
8
0
10
140.074447095196
20
39.671311436757
30
0
0
VERTEX
8
0
10
140.334808521023
20
39.6411364056014
30
0
0
VERTEX
8
0
10
140.595169946851
20
39.6103656449583
30
0
0
VERTEX
8
0
10
140.855531372678
20
39.576021366248
30
0
0
VERTEX
8
0
10
141.115892798506
20
39.5389971691787
30
0
0
VERTEX
8
0
10
141.376254224333
20
39.5019776219941
30
0
0
VERTEX
8
0
10
141.636615650161
20
39.4649627377796
30
0
0
VERTEX
8
0
10
141.896977075988
20
39.427952529668
30
0
0
VERTEX
8
0
10
142.157338501816
20
39.3909470108396
30
0
0
VERTEX
8
0
10
142.417699927643
20
39.3539461945229
30
0
0
VERTEX
8
0
10
142.678061353471
20
39.3169500939943
30
0
0
VERTEX
8
0
10
142.938422779298
20
39.2799587225785
30
0
0
VERTEX
8
0
10
143.198784205126
20
39.2429720936491
30
0
0
VERTEX
8
0
10
143.459145630953
20
39.211966794587
30
0
0
VERTEX
8
0
10
143.719507056781
20
39.1868023123917
30
0
0
VERTEX
8
0
10
143.979868482608
20
39.1594545826457
30
0
0
VERTEX
8
0
10
144.240229908436
20
39.1321077953274
30
0
0
VERTEX
8
0
10
144.500591334263
20
39.1047619524139
30
0
0
VERTEX
8
0
10
144.760952760091
20
39.0774170558881
30
0
0
VERTEX
8
0
10
145.021314185918
20
39.0500731077379
30
0
0
VERTEX
8
0
10
145.281675611746
20
39.022730109957
30
0
0
VERTEX
8
0
10
145.542037037573
20
38.9953880645447
30
0
0
VERTEX
8
0
10
145.802398463401
20
38.9680469735055
30
0
0
VERTEX
8
0
10
146.062759889228
20
38.9380095494802
30
0
0
VERTEX
8
0
10
146.323121315056
20
38.9058126207905
30
0
0
VERTEX
8
0
10
146.583482740883
20
38.8741913025395
30
0
0
VERTEX
8
0
10
146.843844166711
20
38.8425700562928
30
0
0
VERTEX
8
0
10
147.104205592538
20
38.8109488822265
30
0
0
VERTEX
8
0
10
147.364567018366
20
38.779327780517
30
0
0
VERTEX
8
0
10
147.624928444193
20
38.7477067513416
30
0
0
VERTEX
8
0
10
147.885289870021
20
38.716085794878
30
0
0
VERTEX
8
0
10
148.145651295848
20
38.6844649113044
30
0
0
VERTEX
8
0
10
148.406012721676
20
38.6528441007998
30
0
0
VERTEX
8
0
10
148.666374147503
20
38.6188156412531
30
0
0
VERTEX
8
0
10
148.926735573331
20
38.58388004865
30
0
0
VERTEX
8
0
10
149.187096999158
20
38.5490804817178
30
0
0
VERTEX
8
0
10
149.447458424986
20
38.5142816459151
30
0
0
VERTEX
8
0
10
149.707819850813
20
38.4794835432254
30
0
0
VERTEX
8
0
10
149.968181276641
20
38.4446861756395
30
0
0
VERTEX
8
0
10
150.228542702468
20
38.4098895451552
30
0
0
VERTEX
8
0
10
150.488904128296
20
38.3750936537777
30
0
0
VERTEX
8
0
10
150.749265554123
20
38.3402985035193
30
0
0
VERTEX
8
0
10
151.009626979951
20
38.3055040963996
30
0
0
VERTEX
8
0
10
151.269988405778
20
38.2728288950592
30
0
0
VERTEX
8
0
10
151.530349831606
20
38.2436145187372
30
0
0
VERTEX
8
0
10
151.790711257433
20
38.2144561930537
30
0
0
VERTEX
8
0
10
152.051072683261
20
38.1852994016686
30
0
0
VERTEX
8
0
10
152.311434109088
20
38.1561441480989
30
0
0
VERTEX
8
0
10
152.571795534916
20
38.1269904358726
30
0
0
VERTEX
8
0
10
152.832156960743
20
38.0978382685282
30
0
0
VERTEX
8
0
10
153.092518386571
20
38.0686876496147
30
0
0
VERTEX
8
0
10
153.352879812398
20
38.039538582692
30
0
0
VERTEX
8
0
10
153.613241238226
20
38.0103910713306
30
0
0
VERTEX
8
0
10
153.873602664053
20
37.9894085648718
30
0
0
VERTEX
8
0
10
154.133964089881
20
37.9695613809228
30
0
0
VERTEX
8
0
10
154.394325515708
20
37.9497149223334
30
0
0
VERTEX
8
0
10
154.654686941536
20
37.9298691902422
30
0
0
VERTEX
8
0
10
154.915048367363
20
37.9100241857902
30
0
0
VERTEX
8
0
10
155.175409793191
20
37.8901799101206
30
0
0
VERTEX
8
0
10
155.435771219018
20
37.870336364379
30
0
0
SEQEND
8
0
0
POLYLINE
8
0
62
2
70
0
10
0
20
0
30
0
0
VERTEX
8
0
10
13.7991555688578
20
21.3232633712995
30
0
0
VERTEX
8
0
10
14.0595169946853
20
21.4594612287529
30
0
0
VERTEX
8
0
10
14.3198784205128
20
21.5963285208922
30
0
0
VERTEX
8
0
10
14.5802398463403
20
21.7338526005784
30
0
0
VERTEX
8
0
10
14.8406012721678
20
21.8720210788223
30
0
0
VERTEX
8
0
10
15.1009626979953
20
22.0108218203826
30
0
0
VERTEX
8
0
10
15.3613241238228
20
22.1502429393501
30
0
0
VERTEX
8
0
10
15.6216855496503
20
22.2902727947246
30
0
0
VERTEX
8
0
10
15.8820469754778
20
22.4308999859938
30
0
0
VERTEX
8
0
10
16.1424084013053
20
22.5721133487205
30
0
0
VERTEX
8
0
10
16.4027698271328
20
22.7139019501434
30
0
0
VERTEX
8
0
10
16.6631312529603
20
22.8577640518303
30
0
0
VERTEX
8
0
10
16.9234926787878
20
23.0012930244965
30
0
0
VERTEX
8
0
10
17.1838541046153
20
23.1454578958533
30
0
0
VERTEX
8
0
10
17.4442155304428
20
23.2901884215077
30
0
0
VERTEX
8
0
10
17.7045769562703
20
23.4354741215236
30
0
0
VERTEX
8
0
10
17.9649383820978
20
23.5813047345248
30
0
0
VERTEX
8
0
10
18.2252998079253
20
23.7276702133836
30
0
0
VERTEX
8
0
10
18.4856612337528
20
23.8745607209496
30
0
0
VERTEX
8
0
10
18.7460226595803
20
24.0219666258236
30
0
0
VERTEX
8
0
10
19.0063840854078
20
24.1698784981783
30
0
0
VERTEX
8
0
10
19.2667455112354
20
24.3178173444257
30
0
0
VERTEX
8
0
10
19.5271069370629
20
24.4669764782051
30
0
0
VERTEX
8
0
10
19.7874683628904
20
24.6166669350872
30
0
0
VERTEX
8
0
10
20.0478297887179
20
24.7668148378528
30
0
0
VERTEX
8
0
10
20.3081912145454
20
24.9174119170399
30
0
0
VERTEX
8
0
10
20.5685526403729
20
25.0684500774558
30
0
0
VERTEX
8
0
10
20.8289140662004
20
25.2199213944024
30
0
0
VERTEX
8
0
10
21.0892754920279
20
25.3718181099673
30
0
0
VERTEX
8
0
10
21.3496369178554
20
25.5241326293802
30
0
0
VERTEX
8
0
10
21.6099983436829
20
25.6768575174339
30
0
0
VERTEX
8
0
10
21.8703597695104
20
25.8304058070623
30
0
0
VERTEX
8
0
10
22.1307211953379
20
25.9838452613368
30
0
0
VERTEX
8
0
10
22.3910826211654
20
26.1375017077165
30
0
0
VERTEX
8
0
10
22.6514440469929
20
26.2915517147109
30
0
0
VERTEX
8
0
10
22.9118054728204
20
26.4459884047545
30
0
0
VERTEX
8
0
10
23.1721668986479
20
26.6008050429333
30
0
0
VERTEX
8
0
10
23.4325283244754
20
26.7559950338337
30
0
0
VERTEX
8
0
10
23.6928897503029
20
26.9115519184527
30
0
0
VERTEX
8
0
10
23.9532511761304
20
27.0674693711708
30
0
0
VERTEX
8
0
10
24.2136126019579
20
27.2237411967865
30
0
0
VERTEX
8
0
10
24.4739740277855
20
27.3800028119693
30
0
0
VERTEX
8
0
10
24.734335453613
20
27.5079883683734
30
0
0
VERTEX
8
0
10
24.9946968794405
20
27.621791508935
30
0
0
VERTEX
8
0
10
25.255058305268
20
27.73617979793
30
0
0
VERTEX
8
0
10
25.5154197310955
20
27.8511460255166
30
0
0
VERTEX
8
0
10
25.775781156923
20
27.966683064277
30
0
0
VERTEX
8
0
10
26.0361425827505
20
28.0827838689882
30
0
0
VERTEX
8
0
10
26.296504008578
20
28.1994414763558
30
0
0
VERTEX
8
0
10
26.5568654344055
20
28.3166490047118
30
0
0
VERTEX
8
0
10
26.817226860233
20
28.4343996536799
30
0
0
VERTEX
8
0
10
27.0775882860605
20
28.5526867038089
30
0
0
VERTEX
8
0
10
27.337949711888
20
28.6371944303995
30
0
0
VERTEX
8
0
10
27.5983111377155
20
28.7015598396696
30
0
0
VERTEX
8
0
10
27.858672563543
20
28.7667624869563
30
0
0
VERTEX
8
0
10
28.1190339893705
20
28.832796692256
30
0
0
VERTEX
8
0
10
28.379395415198
20
28.8996567553694
30
0
0
VERTEX
8
0
10
28.6397568410255
20
28.9673369577625
30
0
0
VERTEX
8
0
10
28.900118266853
20
29.0358315643987
30
0
0
VERTEX
8
0
10
29.1604796926805
20
29.1051348255406
30
0
0
VERTEX
8
0
10
29.420841118508
20
29.1752409785224
30
0
0
VERTEX
8
0
10
29.6812025443356
20
29.2461442494903
30
0
0
VERTEX
8
0
10
29.9415639701631
20
29.3197259238985
30
0
0
VERTEX
8
0
10
30.2019253959906
20
29.3965096002255
30
0
0
VERTEX
8
0
10
30.4622868218181
20
29.4732868693435
30
0
0
VERTEX
8
0
10
30.7226482476456
20
29.5508343695979
30
0
0
VERTEX
8
0
10
30.9830096734731
20
29.6291460532786
30
0
0
VERTEX
8
0
10
31.2433710993006
20
29.70821587716
30
0
0
VERTEX
8
0
10
31.5037325251281
20
29.7880378039858
30
0
0
VERTEX
8
0
10
31.7640939509556
20
29.8686058039165
30
0
0
VERTEX
8
0
10
32.0244553767831
20
29.9499138559385
30
0
0
VERTEX
8
0
10
32.2848168026106
20
30.0319559492359
30
0
0
VERTEX
8
0
10
32.5451782284381
20
30.1120466927024
30
0
0
VERTEX
8
0
10
32.8055396542656
20
30.1886908559031
30
0
0
VERTEX
8
0
10
33.0659010800931
20
30.2666556286521
30
0
0
VERTEX
8
0
10
33.3262625059206
20
30.3453484757674
30
0
0
VERTEX
8
0
10
33.5866239317481
20
30.4247637478144
30
0
0
VERTEX
8
0
10
33.8469853575756
20
30.5048958025937
30
0
0
VERTEX
8
0
10
34.1073467834031
20
30.5857390063751
30
0
0
VERTEX
8
0
10
34.3677082092306
20
30.6672877350983
30
0
0
VERTEX
8
0
10
34.6280696350581
20
30.7495363755414
30
0
0
VERTEX
8
0
10
34.8884310608857
20
30.8324793264569
30
0
0
VERTEX
8
0
10
35.1487924867132
20
30.9169398850103
30
0
0
VERTEX
8
0
10
35.4091539125407
20
31.0033549059349
30
0
0
VERTEX
8
0
10
35.6695153383682
20
31.0903234818326
30
0
0
VERTEX
8
0
10
35.9298767641957
20
31.177958285948
30
0
0
VERTEX
8
0
10
36.1902381900232
20
31.2662537162564
30
0
0
VERTEX
8
0
10
36.4505996158507
20
31.3552041918405
30
0
0
VERTEX
8
0
10
36.7109610416782
20
31.4448041537611
30
0
0
VERTEX
8
0
10
36.9713224675057
20
31.5350480658973
30
0
0
VERTEX
8
0
10
37.2316838933332
20
31.6259304157554
30
0
0
VERTEX
8
0
10
37.4920453191607
20
31.717445715247
30
0
0
VERTEX
8
0
10
37.7524067449882
20
31.7953045839165
30
0
0
VERTEX
8
0
10
38.0127681708157
20
31.875344401635
30
0
0
VERTEX
8
0
10
38.2731295966432
20
31.9559958694764
30
0
0
VERTEX
8
0
10
38.5334910224707
20
32.0371204499748
30
0
0
VERTEX
8
0
10
38.7938524482982
20
32.1187145582048
30
0
0
VERTEX
8
0
10
39.0542138741257
20
32.200774624933
30
0
0
VERTEX
8
0
10
39.3145752999532
20
32.2832970969365
30
0
0
VERTEX
8
0
10
39.5749367257807
20
32.3662784373096
30
0
0
VERTEX
8
0
10
39.8352981516082
20
32.4497151257586
30
0
0
VERTEX
8
0
10
40.0956595774358
20
32.5336036588842
30
0
0
VERTEX
8
0
10
40.3560210032633
20
32.6034122026542
30
0
0
VERTEX
8
0
10
40.6163824290908
20
32.6697104338842
30
0
0
VERTEX
8
0
10
40.8767438549183
20
32.73646339518
30
0
0
VERTEX
8
0
10
41.1371052807458
20
32.8035525757043
30
0
0
VERTEX
8
0
10
41.3974667065733
20
32.8709759168016
30
0
0
VERTEX
8
0
10
41.6578281324008
20
32.9387313664601
30
0
0
VERTEX
8
0
10
41.9181895582283
20
33.006816879451
30
0
0
VERTEX
8
0
10
42.1785509840558
20
33.0752304174638
30
0
0
VERTEX
8
0
10
42.4389124098833
20
33.1439699492374
30
0
0
VERTEX
8
0
10
42.6992738357108
20
33.2130334506877
30
0
0
VERTEX
8
0
10
42.9596352615383
20
33.2818604757807
30
0
0
VERTEX
8
0
10
43.2199966873658
20
33.3506825344872
30
0
0
VERTEX
8
0
10
43.4803581131933
20
33.4198187488259
30
0
0
VERTEX
8
0
10
43.7407195390208
20
33.489267173141
30
0
0
VERTEX
8
0
10
44.0010809648483
20
33.5590258691321
30
0
0
VERTEX
8
0
10
44.2614423906758
20
33.6290929059579
30
0
0
VERTEX
8
0
10
44.5218038165033
20
33.6994663603363
30
0
0
VERTEX
8
0
10
44.7821652423308
20
33.7701443166407
30
0
0
VERTEX
8
0
10
45.0425266681583
20
33.8411248669936
30
0
0
VERTEX
8
0
10
45.3028880939859
20
33.9124061113567
30
0
0
VERTEX
8
0
10
45.5632495198134
20
33.9839861576174
30
0
0
VERTEX
8
0
10
45.8236109456409
20
34.0561831793022
30
0
0
VERTEX
8
0
10
46.0839723714684
20
34.1289428638574
30
0
0
VERTEX
8
0
10
46.3443337972959
20
34.2019904747514
30
0
0
VERTEX
8
0
10
46.6046952231234
20
34.2753241710976
30
0
0
VERTEX
8
0
10
46.8650566489509
20
34.3489421205508
30
0
0
VERTEX
8
0
10
47.1254180747784
20
34.422842499369
30
0
0
VERTEX
8
0
10
47.3857795006059
20
34.4970234924707
30
0
0
VERTEX
8
0
10
47.6461409264334
20
34.5714832934901
30
0
0
VERTEX
8
0
10
47.9065023522609
20
34.6462201048304
30
0
0
VERTEX
8
0
10
48.1668637780884
20
34.7212321377126
30
0
0
VERTEX
8
0
10
48.4272252039159
20
34.7952634220305
30
0
0
VERTEX
8
0
10
48.6875866297434
20
34.869899990114
30
0
0
VERTEX
8
0
10
48.9479480555709
20
34.944803370176
30
0
0
VERTEX
8
0
10
49.2083094813984
20
35.0199718501833
30
0
0
VERTEX
8
0
10
49.4686709072259
20
35.0954037267369
30
0
0
VERTEX
8
0
10
49.7290323330534
20
35.1710973051075
30
0
0
VERTEX
8
0
10
49.9893937588809
20
35.2470508992693
30
0
0
VERTEX
8
0
10
50.2497551847084
20
35.323262831931
30
0
0
VERTEX
8
0
10
50.5101166105359
20
35.399731434565
30
0
0
VERTEX
8
0
10
50.7704780363635
20
35.4764550474345
30
0
0
VERTEX
8
0
10
51.030839462191
20
35.526975015842
30
0
0
VERTEX
8
0
10
51.2912008880185
20
35.5827056647712
30
0
0
VERTEX
8
0
10
51.551562313846
20
35.6386254884829
30
0
0
VERTEX
8
0
10
51.8119237396735
20
35.6947335978862
30
0
0
VERTEX
8
0
10
52.072285165501
20
35.7510291064875
30
0
0
VERTEX
8
0
10
52.3326465913285
20
35.8075111304164
30
0
0
VERTEX
8
0
10
52.593008017156
20
35.8641787884512
30
0
0
VERTEX
8
0
10
52.8533694429835
20
35.921031202044
30
0
0
VERTEX
8
0
10
53.113730868811
20
35.9780674953445
30
0
0
VERTEX
8
0
10
53.3740922946385
20
36.0352867952239
30
0
0
VERTEX
8
0
10
53.634453720466
20
36.0698513934247
30
0
0
VERTEX
8
0
10
53.8948151462935
20
36.107792174935
30
0
0
VERTEX
8
0
10
54.155176572121
20
36.1457326225008
30
0
0
VERTEX
8
0
10
54.4155379979485
20
36.1837988416597
30
0
0
VERTEX
8
0
10
54.675899423776
20
36.2219904358863
30
0
0
VERTEX
8
0
10
54.9362608496035
20
36.2603070090221
30
0
0
VERTEX
8
0
10
55.196622275431
20
36.298748165288
30
0
0
VERTEX
8
0
10
55.4569837012585
20
36.3373135092954
30
0
0
VERTEX
8
0
10
55.717345127086
20
36.3760026460579
30
0
0
VERTEX
8
0
10
55.9777065529135
20
36.4148151810023
30
0
0
VERTEX
8
0
10
56.238067978741
20
36.4555895185685
30
0
0
VERTEX
8
0
10
56.4984294045685
20
36.4955732712603
30
0
0
VERTEX
8
0
10
56.758790830396
20
36.5356719245708
30
0
0
VERTEX
8
0
10
57.0191522562235
20
36.5759032071233
30
0
0
VERTEX
8
0
10
57.279513682051
20
36.6162666817476
30
0
0
VERTEX
8
0
10
57.5398751078785
20
36.6567619117661
30
0
0
VERTEX
8
0
10
57.800236533706
20
36.697388461006
30
0
0
VERTEX
8
0
10
58.0605979595335
20
36.738145893813
30
0
0
VERTEX
8
0
10
58.320959385361
20
36.779033775063
30
0
0
VERTEX
8
0
10
58.5813208111885
20
36.8200516701756
30
0
0
VERTEX
8
0
10
58.841682237016
20
36.8604007875393
30
0
0
VERTEX
8
0
10
59.1020436628435
20
36.9011202074538
30
0
0
VERTEX
8
0
10
59.362405088671
20
36.9420394785392
30
0
0
VERTEX
8
0
10
59.6227665144985
20
36.9830817233353
30
0
0
VERTEX
8
0
10
59.883127940326
20
37.0242465328843
30
0
0
VERTEX
8
0
10
60.1434893661535
20
37.0655334988266
30
0
0
VERTEX
8
0
10
60.403850791981
20
37.1069422134111
30
0
0
VERTEX
8
0
10
60.6642122178084
20
37.1484722695049
30
0
0
VERTEX
8
0
10
60.924573643636
20
37.1901232606032
30
0
0
VERTEX
8
0
10
61.1849350694635
20
37.2318947808394
30
0
0
VERTEX
8
0
10
61.4452964952909
20
37.2737864249942
30
0
0
VERTEX
8
0
10
61.7056579211184
20
37.3167782982674
30
0
0
VERTEX
8
0
10
61.9660193469459
20
37.3602961547
30
0
0
VERTEX
8
0
10
62.2263807727734
20
37.4039227638279
30
0
0
VERTEX
8
0
10
62.4867421986009
20
37.4476577455599
30
0
0
VERTEX
8
0
10
62.7471036244284
20
37.4915007206359
30
0
0
VERTEX
8
0
10
63.0074650502559
20
37.5354513106339
30
0
0
VERTEX
8
0
10
63.2678264760834
20
37.5795091379752
30
0
0
VERTEX
8
0
10
63.5281879019109
20
37.6236738259306
30
0
0
VERTEX
8
0
10
63.7885493277384
20
37.6679449986265
30
0
0
VERTEX
8
0
10
64.0489107535659
20
37.7123222810496
30
0
0
VERTEX
8
0
10
64.3092721793934
20
37.7573105944731
30
0
0
VERTEX
8
0
10
64.5696336052209
20
37.8027916673071
30
0
0
VERTEX
8
0
10
64.8299950310484
20
37.848371312468
30
0
0
VERTEX
8
0
10
65.0903564568759
20
37.894049174262
30
0
0
VERTEX
8
0
10
65.3507178827034
20
37.9398248979438
30
0
0
VERTEX
8
0
10
65.6110793085309
20
37.9856981297197
30
0
0
VERTEX
8
0
10
65.8714407343584
20
38.0316685167514
30
0
0
VERTEX
8
0
10
66.1318021601859
20
38.0777357071589
30
0
0
VERTEX
8
0
10
66.3921635860134
20
38.1238993500237
30
0
0
VERTEX
8
0
10
66.6525250118409
20
38.170159095392
30
0
0
VERTEX
8
0
10
66.9128864376684
20
38.2193237813929
30
0
0
VERTEX
8
0
10
67.1732478634959
20
38.2714372995975
30
0
0
VERTEX
8
0
10
67.4336092893234
20
38.3225302330105
30
0
0
VERTEX
8
0
10
67.6939707151509
20
38.3737026511214
30
0
0
VERTEX
8
0
10
67.9543321409784
20
38.4249542363691
30
0
0
VERTEX
8
0
10
68.2146935668059
20
38.4762846723944
30
0
0
VERTEX
8
0
10
68.4750549926334
20
38.5276936440388
30
0
0
VERTEX
8
0
10
68.7354164184609
20
38.5791808373426
30
0
0
VERTEX
8
0
10
68.9957778442884
20
38.6307459395434
30
0
0
VERTEX
8
0
10
69.2561392701159
20
38.6823886390748
30
0
0
VERTEX
8
0
10
69.5165006959434
20
38.7321899553445
30
0
0
VERTEX
8
0
10
69.7768621217709
20
38.7808872243603
30
0
0
VERTEX
8
0
10
70.0372235475984
20
38.8300251735587
30
0
0
VERTEX
8
0
10
70.2975849734259
20
38.8792462269215
30
0
0
VERTEX
8
0
10
70.5579463992534
20
38.9285500692193
30
0
0
VERTEX
8
0
10
70.8183078250809
20
38.9779363862888
30
0
0
VERTEX
8
0
10
71.0786692509084
20
39.0274048650326
30
0
0
VERTEX
8
0
10
71.3390306767359
20
39.0769551934193
30
0
0
VERTEX
8
0
10
71.5993921025634
20
39.1265870604831
30
0
0
VERTEX
8
0
10
71.8597535283909
20
39.1763001563236
30
0
0
VERTEX
8
0
10
72.1201149542184
20
39.2260941721056
30
0
0
VERTEX
8
0
10
72.3804763800459
20
39.2764304213509
30
0
0
VERTEX
8
0
10
72.6408378058734
20
39.3267855639619
30
0
0
VERTEX
8
0
10
72.9011992317009
20
39.3772178889063
30
0
0
VERTEX
8
0
10
73.1615606575284
20
39.4277271000106
30
0
0
VERTEX
8
0
10
73.4219220833559
20
39.4783129021665
30
0
0
VERTEX
8
0
10
73.6822835091834
20
39.5289750013298
30
0
0
VERTEX
8
0
10
73.9426449350109
20
39.5797131045199
30
0
0
VERTEX
8
0
10
74.2030063608384
20
39.6305269198176
30
0
0
VERTEX
8
0
10
74.4633677866659
20
39.6814161563649
30
0
0
VERTEX
8
0
10
74.7237292124934
20
39.7308468473449
30
0
0
VERTEX
8
0
10
74.9840906383209
20
39.7815533604652
30
0
0
VERTEX
8
0
10
75.2444520641484
20
39.8323185227006
30
0
0
VERTEX
8
0
10
75.5048134899759
20
39.8831484893825
30
0
0
VERTEX
8
0
10
75.7651749158034
20
39.9340430130521
30
0
0
VERTEX
8
0
10
76.0255363416309
20
39.9850018471974
30
0
0
VERTEX
8
0
10
76.2858977674584
20
40.0360247462505
30
0
0
VERTEX
8
0
10
76.5462591932859
20
40.0871114655858
30
0
0
VERTEX
8
0
10
76.8066206191134
20
40.138261761518
30
0
0
VERTEX
8
0
10
77.0669820449409
20
40.1894753912997
30
0
0
VERTEX
8
0
10
77.3273434707684
20
40.2407521131197
30
0
0
VERTEX
8
0
10
77.5877048965959
20
40.2927445420545
30
0
0
VERTEX
8
0
10
77.8480663224234
20
40.3448957668593
30
0
0
VERTEX
8
0
10
78.1084277482509
20
40.3971044565115
30
0
0
VERTEX
8
0
10
78.3687891740784
20
40.4493703884987
30
0
0
VERTEX
8
0
10
78.6291505999059
20
40.5016933412135
30
0
0
VERTEX
8
0
10
78.8895120257334
20
40.5540730939511
30
0
0
VERTEX
8
0
10
79.1498734515609
20
40.6065094269066
30
0
0
VERTEX
8
0
10
79.4102348773884
20
40.6590021211719
30
0
0
VERTEX
8
0
10
79.6705963032159
20
40.7115509587336
30
0
0
VERTEX
8
0
10
79.9309577290434
20
40.7641557224697
30
0
0
VERTEX
8
0
10
80.1913191548709
20
40.817346930289
30
0
0
VERTEX
8
0
10
80.4516805806984
20
40.8707887616008
30
0
0
VERTEX
8
0
10
80.7120420065259
20
40.9242812684685
30
0
0
VERTEX
8
0
10
80.9724034323534
20
40.9778242524361
30
0
0
VERTEX
8
0
10
81.2327648581809
20
41.031417515897
30
0
0
VERTEX
8
0
10
81.4931262840084
20
41.0850608620905
30
0
0
VERTEX
8
0
10
81.7534877098359
20
41.1387540950986
30
0
0
VERTEX
8
0
10
82.0138491356634
20
41.1924970198434
30
0
0
VERTEX
8
0
10
82.2742105614909
20
41.2462894420833
30
0
0
VERTEX
8
0
10
82.5345719873184
20
41.2995080336702
30
0
0
VERTEX
8
0
10
82.7949334131459
20
41.3525892020289
30
0
0
VERTEX
8
0
10
83.0552948389734
20
41.405862504757
30
0
0
VERTEX
8
0
10
83.3156562648009
20
41.4591816182901
30
0
0
VERTEX
8
0
10
83.5760176906284
20
41.5125463661084
30
0
0
VERTEX
8
0
10
83.8363791164559
20
41.5659565724485
30
0
0
VERTEX
8
0
10
84.0967405422834
20
41.6194120622995
30
0
0
VERTEX
8
0
10
84.3571019681109
20
41.6729126614004
30
0
0
VERTEX
8
0
10
84.6174633939384
20
41.7264581962376
30
0
0
VERTEX
8
0
10
84.8778248197659
20
41.7800484940414
30
0
0
VERTEX
8
0
10
85.1381862455934
20
41.8336833827834
30
0
0
VERTEX
8
0
10
85.3985476714209
20
41.8873626911734
30
0
0
VERTEX
8
0
10
85.6589090972484
20
41.9410862486569
30
0
0
VERTEX
8
0
10
85.9192705230759
20
41.9948538854118
30
0
0
VERTEX
8
0
10
86.1796319489034
20
42.0486654323453
30
0
0
VERTEX
8
0
10
86.4399933747309
20
42.1025207210919
30
0
0
VERTEX
8
0
10
86.7003548005584
20
42.1564195840094
30
0
0
VERTEX
8
0
10
86.9607162263859
20
42.2103618541771
30
0
0
VERTEX
8
0
10
87.2210776522134
20
42.2643473653919
30
0
0
VERTEX
8
0
10
87.4814390780409
20
42.3183759521662
30
0
0
VERTEX
8
0
10
87.7418005038684
20
42.3724474497247
30
0
0
VERTEX
8
0
10
88.0021619296959
20
42.4279366502771
30
0
0
VERTEX
8
0
10
88.2625233555234
20
42.4831188397409
30
0
0
VERTEX
8
0
10
88.5228847813509
20
42.5383441116353
30
0
0
VERTEX
8
0
10
88.7832462071784
20
42.593612298383
30
0
0
VERTEX
8
0
10
89.0436076330059
20
42.6489232331456
30
0
0
VERTEX
8
0
10
89.3039690588334
20
42.7042767498204
30
0
0
VERTEX
8
0
10
89.5643304846609
20
42.7596726830372
30
0
0
VERTEX
8
0
10
89.8246919104884
20
42.8151108681551
30
0
0
VERTEX
8
0
10
90.0850533363159
20
42.8705911412599
30
0
0
VERTEX
8
0
10
90.3454147621433
20
42.9261133391605
30
0
0
VERTEX
8
0
10
90.6057761879709
20
42.9333167441727
30
0
0
VERTEX
8
0
10
90.8661376137984
20
42.9495767541253
30
0
0
VERTEX
8
0
10
91.1264990396259
20
42.9657439158172
30
0
0
VERTEX
8
0
10
91.3868604654534
20
42.9819288434395
30
0
0
VERTEX
8
0
10
91.6472218912809
20
42.9981315169307
30
0
0
VERTEX
8
0
10
91.9075833171083
20
43.0143519162369
30
0
0
VERTEX
8
0
10
92.1679447429358
20
43.0305900213131
30
0
0
VERTEX
8
0
10
92.4283061687634
20
43.0468458121223
30
0
0
VERTEX
8
0
10
92.6886675945909
20
43.0631192686361
30
0
0
VERTEX
8
0
10
92.9490290204184
20
43.0794103708345
30
0
0
VERTEX
8
0
10
93.2093904462458
20
43.0946179469176
30
0
0
VERTEX
8
0
10
93.4697518720733
20
43.1112185023389
30
0
0
VERTEX
8
0
10
93.7301132979008
20
43.1277904259186
30
0
0
VERTEX
8
0
10
93.9904747237283
20
43.1443747165453
30
0
0
VERTEX
8
0
10
94.2508361495558
20
43.1609713599632
30
0
0
VERTEX
8
0
10
94.5111975753833
20
43.1775803419277
30
0
0
VERTEX
8
0
10
94.7715590012108
20
43.1942016482056
30
0
0
VERTEX
8
0
10
95.0319204270383
20
43.2108352645752
30
0
0
VERTEX
8
0
10
95.2922818528658
20
43.2274811768258
30
0
0
VERTEX
8
0
10
95.5526432786933
20
43.2441393707583
30
0
0
VERTEX
8
0
10
95.8130047045208
20
43.2483097068973
30
0
0
VERTEX
8
0
10
96.0733661303483
20
43.251585235721
30
0
0
VERTEX
8
0
10
96.3337275561758
20
43.2548690933728
30
0
0
VERTEX
8
0
10
96.5940889820033
20
43.2581612779558
30
0
0
VERTEX
8
0
10
96.8544504078308
20
43.261461787569
30
0
0
VERTEX
8
0
10
97.1148118336583
20
43.2647706203071
30
0
0
VERTEX
8
0
10
97.3751732594858
20
43.2680877742607
30
0
0
VERTEX
8
0
10
97.6355346853133
20
43.271413247516
30
0
0
VERTEX
8
0
10
97.8958961111408
20
43.2747470381552
30
0
0
VERTEX
8
0
10
98.1562575369683
20
43.2780891442562
30
0
0
VERTEX
8
0
10
98.4166189627958
20
43.2871844030681
30
0
0
VERTEX
8
0
10
98.6769803886233
20
43.2970785374039
30
0
0
VERTEX
8
0
10
98.9373418144508
20
43.3067609934757
30
0
0
VERTEX
8
0
10
99.1977032402783
20
43.3164569700293
30
0
0
VERTEX
8
0
10
99.4580646661058
20
43.3261664579875
30
0
0
VERTEX
8
0
10
99.7184260919333
20
43.3358894482684
30
0
0
VERTEX
8
0
10
99.9787875177608
20
43.3456259317858
30
0
0
VERTEX
8
0
10
100.239148943588
20
43.3553758994491
30
0
0
VERTEX
8
0
10
100.499510369416
20
43.3651393421631
30
0
0
VERTEX
8
0
10
100.759871795243
20
43.3749162508285
30
0
0
VERTEX
8
0
10
101.020233221071
20
43.3833465115755
30
0
0
VERTEX
8
0
10
101.280594646898
20
43.3910816447631
30
0
0
VERTEX
8
0
10
101.540956072726
20
43.3988295579093
30
0
0
VERTEX
8
0
10
101.801317498553
20
43.4065902441705
30
0
0
VERTEX
8
0
10
102.061678924381
20
43.4143636966968
30
0
0
VERTEX
8
0
10
102.322040350208
20
43.422149908632
30
0
0
VERTEX
8
0
10
102.582401776036
20
43.4299488731134
30
0
0
VERTEX
8
0
10
102.842763201863
20
43.4377605832722
30
0
0
VERTEX
8
0
10
103.103124627691
20
43.4455850322332
30
0
0
VERTEX
8
0
10
103.363486053518
20
43.4534222131149
30
0
0
VERTEX
8
0
10
103.623847479346
20
43.446726642651
30
0
0
VERTEX
8
0
10
103.884208905173
20
43.4266244004406
30
0
0
VERTEX
8
0
10
104.144570331001
20
43.4104447377029
30
0
0
VERTEX
8
0
10
104.404931756828
20
43.3929992167373
30
0
0
VERTEX
8
0
10
104.665293182656
20
43.3755545906655
30
0
0
VERTEX
8
0
10
104.925654608483
20
43.3581108605678
30
0
0
VERTEX
8
0
10
105.186016034311
20
43.3406680275259
30
0
0
VERTEX
8
0
10
105.446377460138
20
43.3232260926234
30
0
0
VERTEX
8
0
10
105.706738885966
20
43.3057850569455
30
0
0
VERTEX
8
0
10
105.967100311793
20
43.2883449215791
30
0
0
VERTEX
8
0
10
106.227461737621
20
43.2709056876127
30
0
0
VERTEX
8
0
10
106.487823163448
20
43.2448803175859
30
0
0
VERTEX
8
0
10
106.748184589276
20
43.2192637298611
30
0
0
VERTEX
8
0
10
107.008546015103
20
43.1941466061946
30
0
0
VERTEX
8
0
10
107.268907440931
20
43.1690316525653
30
0
0
VERTEX
8
0
10
107.529268866758
20
43.143918872763
30
0
0
VERTEX
8
0
10
107.789630292586
20
43.1188082705859
30
0
0
VERTEX
8
0
10
108.049991718413
20
43.0936998498405
30
0
0
VERTEX
8
0
10
108.310353144241
20
43.0685936143422
30
0
0
VERTEX
8
0
10
108.570714570068
20
43.0434895679147
30
0
0
VERTEX
8
0
10
108.831075995896
20
43.0183877143905
30
0
0
VERTEX
8
0
10
109.091437421723
20
42.9958642973948
30
0
0
VERTEX
8
0
10
109.351798847551
20
42.9721420737121
30
0
0
VERTEX
8
0
10
109.612160273378
20
42.9485400077019
30
0
0
VERTEX
8
0
10
109.872521699206
20
42.9249415196496
30
0
0
VERTEX
8
0
10
110.132883125033
20
42.9013466154595
30
0
0
VERTEX
8
0
10
110.393244550861
20
42.8777553010481
30
0
0
VERTEX
8
0
10
110.653605976688
20
42.8541675823438
30
0
0
VERTEX
8
0
10
110.913967402516
20
42.8305834652875
30
0
0
VERTEX
8
0
10
111.174328828343
20
42.8070029558319
30
0
0
VERTEX
8
0
10
111.434690254171
20
42.7834260599421
30
0
0
VERTEX
8
0
10
111.695051679998
20
42.7598527835956
30
0
0
VERTEX
8
0
10
111.955413105826
20
42.7390336199453
30
0
0
VERTEX
8
0
10
112.215774531653
20
42.7180551685551
30
0
0
VERTEX
8
0
10
112.476135957481
20
42.6970769446145
30
0
0
VERTEX
8
0
10
112.736497383308
20
42.676098948459
30
0
0
VERTEX
8
0
10
112.996858809136
20
42.6551211804245
30
0
0
VERTEX
8
0
10
113.257220234963
20
42.6341436408479
30
0
0
VERTEX
8
0
10
113.517581660791
20
42.6131663300666
30
0
0
VERTEX
8
0
10
113.777943086618
20
42.5921892484185
30
0
0
VERTEX
8
0
10
114.038304512446
20
42.5712123962425
30
0
0
VERTEX
8
0
10
114.298665938273
20
42.5502357738778
30
0
0
VERTEX
8
0
10
114.559027364101
20
42.5263436191662
30
0
0
VERTEX
8
0
10
114.819388789928
20
42.5022136307515
30
0
0
VERTEX
8
0
10
115.079750215756
20
42.4780886295279
30
0
0
VERTEX
8
0
10
115.340111641583
20
42.4539686239976
30
0
0
VERTEX
8
0
10
115.600473067411
20
42.4298536226801
30
0
0
VERTEX
8
0
10
115.860834493238
20
42.4057436341129
30
0
0
VERTEX
8
0
10
116.121195919066
20
42.3816386668508
30
0
0
VERTEX
8
0
10
116.381557344893
20
42.3575387294664
30
0
0
VERTEX
8
0
10
116.641918770721
20
42.3334438305502
30
0
0
VERTEX
8
0
10
116.902280196548
20
42.3042046819953
30
0
0
VERTEX
8
0
10
117.162641622376
20
42.2761122302825
30
0
0
VERTEX
8
0
10
117.423003048203
20
42.2486319296503
30
0
0
VERTEX
8
0
10
117.683364474031
20
42.2211517818319
30
0
0
VERTEX
8
0
10
117.943725899858
20
42.1936717871258
30
0
0
VERTEX
8
0
10
118.204087325686
20
42.1661919458314
30
0
0
VERTEX
8
0
10
118.464448751513
20
42.1387122582489
30
0
0
VERTEX
8
0
10
118.724810177341
20
42.1112327246791
30
0
0
VERTEX
8
0
10
118.985171603168
20
42.0837533454237
30
0
0
VERTEX
8
0
10
119.245533028996
20
42.0562741207853
30
0
0
VERTEX
8
0
10
119.505894454823
20
42.0287950510671
30
0
0
VERTEX
8
0
10
119.766255880651
20
42.0005847876485
30
0
0
VERTEX
8
0
10
120.026617306478
20
41.9719745958335
30
0
0
VERTEX
8
0
10
120.286978732306
20
41.9433654791247
30
0
0
VERTEX
8
0
10
120.547340158133
20
41.9147574397237
30
0
0
VERTEX
8
0
10
120.807701583961
20
41.8861504798377
30
0
0
VERTEX
8
0
10
121.068063009788
20
41.8575446016803
30
0
0
VERTEX
8
0
10
121.328424435616
20
41.8289398074706
30
0
0
VERTEX
8
0
10
121.588785861443
20
41.800336099434
30
0
0
VERTEX
8
0
10
121.849147287271
20
41.7717334798018
30
0
0
VERTEX
8
0
10
122.109508713098
20
41.7437016835301
30
0
0
VERTEX
8
0
10
122.369870138926
20
41.7167114702199
30
0
0
VERTEX
8
0
10
122.630231564753
20
41.6902760904149
30
0
0
VERTEX
8
0
10
122.890592990581
20
41.6638409101036
30
0
0
VERTEX
8
0
10
123.150954416408
20
41.637405929666
30
0
0
VERTEX
8
0
10
123.411315842236
20
41.6109711494831
30
0
0
VERTEX
8
0
10
123.671677268063
20
41.5845365699367
30
0
0
VERTEX
8
0
10
123.932038693891
20
41.5581021914097
30
0
0
VERTEX
8
0
10
124.192400119718
20
41.531668014286
30
0
0
VERTEX
8
0
10
124.452761545546
20
41.5052340389503
30
0
0
VERTEX
8
0
10
124.713122971373
20
41.4788002657885
30
0
0
VERTEX
8
0
10
124.973484397201
20
41.4523666951873
30
0
0
VERTEX
8
0
10
125.233845823028
20
41.4243972098956
30
0
0
VERTEX
8
0
10
125.494207248856
20
41.3968431649236
30
0
0
VERTEX
8
0
10
125.754568674683
20
41.3692903269664
30
0
0
VERTEX
8
0
10
126.014930100511
20
41.3417386984372
30
0
0
VERTEX
8
0
10
126.275291526338
20
41.3141882817556
30
0
0
VERTEX
8
0
10
126.535652952166
20
41.2866390793477
30
0
0
VERTEX
8
0
10
126.796014377993
20
41.2590910936457
30
0
0
VERTEX
8
0
10
127.056375803821
20
41.2315443270884
30
0
0
VERTEX
8
0
10
127.316737229648
20
41.2039987821211
30
0
0
VERTEX
8
0
10
127.577098655476
20
41.1751335932004
30
0
0
VERTEX
8
0
10
127.837460081303
20
41.1472364245581
30
0
0
VERTEX
8
0
10
128.097821507131
20
41.1192112852981
30
0
0
VERTEX
8
0
10
128.358182932958
20
41.0911866956166
30
0
0
VERTEX
8
0
10
128.618544358786
20
41.0631626566388
30
0
0
VERTEX
8
0
10
128.878905784613
20
41.035139169493
30
0
0
VERTEX
8
0
10
129.139267210441
20
41.0071162353106
30
0
0
VERTEX
8
0
10
129.399628636268
20
40.9790938552259
30
0
0
VERTEX
8
0
10
129.659990062096
20
40.9510720303765
30
0
0
VERTEX
8
0
10
129.920351487923
20
40.9230507619029
30
0
0
VERTEX
8
0
10
130.180712913751
20
40.8879704844114
30
0
0
VERTEX
8
0
10
130.441074339578
20
40.8537093213293
30
0
0
VERTEX
8
0
10
130.701435765406
20
40.8194483957835
30
0
0
VERTEX
8
0
10
130.961797191233
20
40.7851877083727
30
0
0
VERTEX
8
0
10
131.222158617061
20
40.7509272596974
30
0
0
VERTEX
8
0
10
131.482520042888
20
40.7166670503603
30
0
0
VERTEX
8
0
10
131.742881468716
20
40.6824070809661
30
0
0
VERTEX
8
0
10
132.003242894543
20
40.6481473521214
30
0
0
VERTEX
8
0
10
132.263604320371
20
40.6138878644351
30
0
0
VERTEX
8
0
10
132.523965746198
20
40.5796286185179
30
0
0
VERTEX
8
0
10
132.784327172026
20
40.547433368974
30
0
0
VERTEX
8
0
10
133.044688597853
20
40.5168393041144
30
0
0
VERTEX
8
0
10
133.305050023681
20
40.4863226695105
30
0
0
VERTEX
8
0
10
133.565411449508
20
40.4558061959683
30
0
0
VERTEX
8
0
10
133.825772875336
20
40.4252898838526
30
0
0
VERTEX
8
0
10
134.086134301163
20
40.3947737335291
30
0
0
VERTEX
8
0
10
134.346495726991
20
40.3642577453649
30
0
0
VERTEX
8
0
10
134.606857152818
20
40.3337419197279
30
0
0
VERTEX
8
0
10
134.867218578646
20
40.3032262569875
30
0
0
VERTEX
8
0
10
135.127580004473
20
40.2727107575138
30
0
0
VERTEX
8
0
10
135.387941430301
20
40.2430823241481
30
0
0
VERTEX
8
0
10
135.648302856128
20
40.2108927579115
30
0
0
VERTEX
8
0
10
135.908664281956
20
40.1780905161897
30
0
0
VERTEX
8
0
10
136.169025707783
20
40.1452908674438
30
0
0
VERTEX
8
0
10
136.429387133611
20
40.1124938180346
30
0
0
VERTEX
8
0
10
136.689748559438
20
40.0796993743431
30
0
0
VERTEX
8
0
10
136.950109985266
20
40.0469075427709
30
0
0
VERTEX
8
0
10
137.210471411093
20
40.0141183297399
30
0
0
VERTEX
8
0
10
137.470832836921
20
39.9813317416926
30
0
0
VERTEX
8
0
10
137.731194262748
20
39.9485477850921
30
0
0
VERTEX
8
0
10
137.991555688576
20
39.9142812299925
30
0
0
VERTEX
8
0
10
138.251917114403
20
39.8825818168477
30
0
0
VERTEX
8
0
10
138.512278540231
20
39.852395520843
30
0
0
VERTEX
8
0
10
138.772639966058
20
39.8222108231363
30
0
0
VERTEX
8
0
10
139.033001391886
20
39.7920277273648
30
0
0
VERTEX
8
0
10
139.293362817713
20
39.7618462371768
30
0
0
VERTEX
8
0
10
139.553724243541
20
39.731666356231
30
0
0
VERTEX
8
0
10
139.814085669368
20
39.7014880881975
30
0
0
VERTEX
8
0
10
140.074447095196
20
39.671311436757
30
0
0
VERTEX
8
0
10
140.334808521023
20
39.6411364056014
30
0
0
VERTEX
8
0
10
140.595169946851
20
39.6103656449583
30
0
0
VERTEX
8
0
10
140.855531372678
20
39.576021366248
30
0
0
VERTEX
8
0
10
141.115892798506
20
39.5389971691787
30
0
0
VERTEX
8
0
10
141.376254224333
20
39.5019776219941
30
0
0
VERTEX
8
0
10
141.636615650161
20
39.4649627377796
30
0
0
VERTEX
8
0
10
141.896977075988
20
39.427952529668
30
0
0
VERTEX
8
0
10
142.157338501816
20
39.3909470108396
30
0
0
VERTEX
8
0
10
142.417699927643
20
39.3539461945229
30
0
0
VERTEX
8
0
10
142.678061353471
20
39.3169500939943
30
0
0
VERTEX
8
0
10
142.938422779298
20
39.2799587225785
30
0
0
VERTEX
8
0
10
143.198784205126
20
39.2429720936491
30
0
0
VERTEX
8
0
10
143.459145630953
20
39.211966794587
30
0
0
VERTEX
8
0
10
143.719507056781
20
39.1868023123917
30
0
0
VERTEX
8
0
10
143.979868482608
20
39.1594545826457
30
0
0
VERTEX
8
0
10
144.240229908436
20
39.1321077953274
30
0
0
VERTEX
8
0
10
144.500591334263
20
39.1047619524139
30
0
0
VERTEX
8
0
10
144.760952760091
20
39.0774170558881
30
0
0
VERTEX
8
0
10
145.021314185918
20
39.0500731077379
30
0
0
VERTEX
8
0
10
145.281675611746
20
39.0227301099571
30
0
0
VERTEX
8
0
10
145.542037037573
20
38.9953880645447
30
0
0
VERTEX
8
0
10
145.802398463401
20
38.9680469735055
30
0
0
VERTEX
8
0
10
146.062759889228
20
38.9380095494802
30
0
0
VERTEX
8
0
10
146.323121315056
20
38.9058126207905
30
0
0
VERTEX
8
0
10
146.583482740883
20
38.8741913025395
30
0
0
VERTEX
8
0
10
146.843844166711
20
38.8425700562928
30
0
0
VERTEX
8
0
10
147.104205592538
20
38.8109488822265
30
0
0
VERTEX
8
0
10
147.364567018366
20
38.779327780517
30
0
0
VERTEX
8
0
10
147.624928444193
20
38.7477067513416
30
0
0
VERTEX
8
0
10
147.885289870021
20
38.716085794878
30
0
0
VERTEX
8
0
10
148.145651295848
20
38.6844649113044
30
0
0
VERTEX
8
0
10
148.406012721676
20
38.6528441007998
30
0
0
VERTEX
8
0
10
148.666374147503
20
38.6188156412531
30
0
0
VERTEX
8
0
10
148.926735573331
20
38.58388004865
30
0
0
VERTEX
8
0
10
149.187096999158
20
38.5490804817178
30
0
0
VERTEX
8
0
10
149.447458424986
20
38.5142816459151
30
0
0
VERTEX
8
0
10
149.707819850813
20
38.4794835432254
30
0
0
VERTEX
8
0
10
149.968181276641
20
38.4446861756395
30
0
0
VERTEX
8
0
10
150.228542702468
20
38.4098895451552
30
0
0
VERTEX
8
0
10
150.488904128296
20
38.3750936537777
30
0
0
VERTEX
8
0
10
150.749265554123
20
38.3402985035193
30
0
0
VERTEX
8
0
10
151.009626979951
20
38.3055040963996
30
0
0
VERTEX
8
0
10
151.269988405778
20
38.2728288950592
30
0
0
VERTEX
8
0
10
151.530349831606
20
38.2436145187372
30
0
0
VERTEX
8
0
10
151.790711257433
20
38.2144561930537
30
0
0
VERTEX
8
0
10
152.051072683261
20
38.1852994016686
30
0
0
VERTEX
8
0
10
152.311434109088
20
38.1561441480989
30
0
0
VERTEX
8
0
10
152.571795534916
20
38.1269904358726
30
0
0
VERTEX
8
0
10
152.832156960743
20
38.0978382685282
30
0
0
VERTEX
8
0
10
153.092518386571
20
38.0686876496147
30
0
0
VERTEX
8
0
10
153.352879812398
20
38.039538582692
30
0
0
VERTEX
8
0
10
153.613241238226
20
38.0103910713306
30
0
0
VERTEX
8
0
10
153.873602664053
20
37.9894085648718
30
0
0
VERTEX
8
0
10
154.133964089881
20
37.9695613809228
30
0
0
VERTEX
8
0
10
154.394325515708
20
37.9497149223334
30
0
0
VERTEX
8
0
10
154.654686941536
20
37.9298691902422
30
0
0
VERTEX
8
0
10
154.915048367363
20
37.9100241857902
30
0
0
VERTEX
8
0
10
155.175409793191
20
37.8901799101205
30
0
0
VERTEX
8
0
10
155.435771219018
20
37.870336364379
30
0
0
SEQEND
8
0
0
POLYLINE
8
0
62
3
70
0
10
0
20
0
30
0
0
VERTEX
8
0
10
13.7991555688578
20
34.286424906066
30
0
0
VERTEX
8
0
10
14.0595169946853
20
35.0688245970573
30
0
0
VERTEX
8
0
10
14.3198784205128
20
35.2275164668942
30
0
0
VERTEX
8
0
10
14.5802398463403
20
35.7457098877395
30
0
0
VERTEX
8
0
10
14.8406012721678
20
36.1767046346838
30
0
0
VERTEX
8
0
10
15.1009626979953
20
36.5734131409404
30
0
0
VERTEX
8
0
10
15.3613241238228
20
37.2232521742742
30
0
0
VERTEX
8
0
10
15.6216855496503
20
37.5307023804513
30
0
0
VERTEX
8
0
10
15.8820469754778
20
37.9608262332485
30
0
0
VERTEX
8
0
10
16.1424084013053
20
38.7022014438334
30
0
0
VERTEX
8
0
10
16.4027698271328
20
38.8257530962242
30
0
0
VERTEX
8
0
10
16.6631312529603
20
39.3681439405703
30
0
0
VERTEX
8
0
10
16.9234926787878
20
39.7433871672103
30
0
0
VERTEX
8
0
10
17.1838541046153
20
40.1462521982063
30
0
0
VERTEX
8
0
10
17.4442155304428
20
40.7802225283219
30
0
0
VERTEX
8
0
10
17.7045769562703
20
41.0312023272297
30
0
0
VERTEX
8
0
10
17.9649383820978
20
41.4867141335726
30
0
0
VERTEX
8
0
10
18.2252998079253
20
41.8978246575427
30
0
0
VERTEX
8
0
10
18.4856612337528
20
42.2898310741118
30
0
0
VERTEX
8
0
10
18.7460226595803
20
42.8338719847572
30
0
0
VERTEX
8
0
10
19.0063840854078
20
43.1615146876586
30
0
0
VERTEX
8
0
10
19.2667455112354
20
43.5674667078912
30
0
0
VERTEX
8
0
10
19.5271069370629
20
44.1781760827318
30
0
0
VERTEX
8
0
10
19.7874683628904
20
44.3838039461925
30
0
0
VERTEX
8
0
10
20.0478297887179
20
44.8526589716781
30
0
0
VERTEX
8
0
10
20.3081912145454
20
45.2184813595251
30
0
0
VERTEX
8
0
10
20.5685526403729
20
45.6026600644496
30
0
0
VERTEX
8
0
10
20.8289140662004
20
46.1367982497153
30
0
0
VERTEX
8
0
10
21.0892754920279
20
46.4233356734186
30
0
0
VERTEX
8
0
10
21.3496369178554
20
46.8291877194887
30
0
0
VERTEX
8
0
10
21.6099983436829
20
47.2135341561318
30
0
0
VERTEX
8
0
10
21.8703597695104
20
47.5872008878349
30
0
0
VERTEX
8
0
10
22.1307211953379
20
48.0557494114256
30
0
0
VERTEX
8
0
10
22.3910826211654
20
48.3808395044169
30
0
0
VERTEX
8
0
10
22.6514440469929
20
48.7583697906954
30
0
0
VERTEX
8
0
10
22.9118054728204
20
49.2765026792438
30
0
0
VERTEX
8
0
10
23.1721668986479
20
49.5178657918615
30
0
0
VERTEX
8
0
10
23.4325283244754
20
49.9301339680014
30
0
0
VERTEX
8
0
10
23.6928897503029
20
50.2770723764051
30
0
0
VERTEX
8
0
10
23.9532511761304
20
50.6368259919245
30
0
0
VERTEX
8
0
10
24.2136126019579
20
51.097211524424
30
0
0
VERTEX
8
0
10
24.4739740277855
20
51.3927604825433
30
0
0
VERTEX
8
0
10
24.734335453613
20
51.7565754274374
30
0
0
VERTEX
8
0
10
24.9946968794405
20
52.1123029990041
30
0
0
VERTEX
8
0
10
25.255058305268
20
52.4624439700718
30
0
0
VERTEX
8
0
10
25.5154197310955
20
52.8723895528759
30
0
0
VERTEX
8
0
10
25.775781156923
20
53.1845298524231
30
0
0
VERTEX
8
0
10
26.0361425827505
20
53.5328677476082
30
0
0
VERTEX
8
0
10
26.296504008578
20
53.9805119075787
30
0
0
VERTEX
8
0
10
26.5568654344055
20
54.2340558617267
30
0
0
VERTEX
8
0
10
26.817226860233
20
54.5998362354913
30
0
0
VERTEX
8
0
10
27.0775882860605
20
54.9241326733166
30
0
0
VERTEX
8
0
10
27.337949711888
20
55.2577080873566
30
0
0
VERTEX
8
0
10
27.5983111377155
20
55.6599468775164
30
0
0
VERTEX
8
0
10
27.858672563543
20
55.9512053816926
30
0
0
VERTEX
8
0
10
28.1190339893705
20
56.2781952768666
30
0
0
VERTEX
8
0
10
28.379395415198
20
56.605493392206
30
0
0
VERTEX
8
0
10
28.6397568410255
20
56.9304952539652
30
0
0
VERTEX
8
0
10
28.900118266853
20
57.2924604331772
30
0
0
VERTEX
8
0
10
29.1604796926805
20
57.5869104229453
30
0
0
VERTEX
8
0
10
29.420841118508
20
57.906785208825
30
0
0
VERTEX
8
0
10
29.6812025443356
20
58.2980152329171
30
0
0
VERTEX
8
0
10
29.9415639701631
20
58.5511793534044
30
0
0
VERTEX
8
0
10
30.2019253959906
20
58.8773461223386
30
0
0
VERTEX
8
0
10
30.4622868218181
20
59.1779480094361
30
0
0
VERTEX
8
0
10
30.7226482476456
20
59.4854686017261
30
0
0
VERTEX
8
0
10
30.9830096734731
20
59.8399265081702
30
0
0
VERTEX
8
0
10
31.2433710993006
20
60.1201506036936
30
0
0
VERTEX
8
0
10
31.5037325251281
20
60.4144245935281
30
0
0
VERTEX
8
0
10
31.7640939509556
20
60.7145161637359
30
0
0
VERTEX
8
0
10
32.0244553767831
20
61.0145524362654
30
0
0
VERTEX
8
0
10
32.2848168026106
20
61.3360257873294
30
0
0
VERTEX
8
0
10
32.5451782284381
20
61.610998515205
30
0
0
VERTEX
8
0
10
32.8055396542656
20
61.9039565866454
30
0
0
VERTEX
8
0
10
33.0659010800931
20
62.2486091093154
30
0
0
VERTEX
8
0
10
33.3262625059206
20
62.4947132007524
30
0
0
VERTEX
8
0
10
33.5866239317481
20
62.7865608367405
30
0
0
VERTEX
8
0
10
33.8469853575756
20
63.0639190531769
30
0
0
VERTEX
8
0
10
34.1073467834031
20
63.3465760277583
30
0
0
VERTEX
8
0
10
34.3677082092306
20
63.6608708764156
30
0
0
VERTEX
8
0
10
34.6280696350581
20
63.9269414833593
30
0
0
VERTEX
8
0
10
34.8884310608857
20
64.1921510687793
30
0
0
VERTEX
8
0
10
35.1487924867132
20
64.4669243132694
30
0
0
VERTEX
8
0
10
35.4091539125407
20
64.7432396332196
30
0
0
VERTEX
8
0
10
35.6695153383682
20
65.0301084239052
30
0
0
VERTEX
8
0
10
35.9298767641957
20
65.2855774841766
30
0
0
VERTEX
8
0
10
36.1902381900232
20
65.553742939882
30
0
0
VERTEX
8
0
10
36.4505996158507
20
65.8593590485631
30
0
0
VERTEX
8
0
10
36.7109610416782
20
66.0951900741143
30
0
0
VERTEX
8
0
10
36.9713224675057
20
66.3572801218444
30
0
0
VERTEX
8
0
10
37.2316838933332
20
66.6128410299151
30
0
0
VERTEX
8
0
10
37.4920453191607
20
66.8725771449612
30
0
0
VERTEX
8
0
10
37.7524067449882
20
67.1528915363843
30
0
0
VERTEX
8
0
10
38.0127681708157
20
67.40393042158
30
0
0
VERTEX
8
0
10
38.2731295966432
20
67.6436442634922
30
0
0
VERTEX
8
0
10
38.5334910224707
20
67.8955393222158
30
0
0
VERTEX
8
0
10
38.7938524482982
20
68.1501660403118
30
0
0
VERTEX
8
0
10
39.0542138741257
20
68.4075595435859
30
0
0
VERTEX
8
0
10
39.3145752999532
20
68.6447174034111
30
0
0
VERTEX
8
0
10
39.5749367257807
20
68.89074010992
30
0
0
VERTEX
8
0
10
39.8352981516082
20
69.1636640770883
30
0
0
VERTEX
8
0
10
40.0956595774358
20
69.3882802391405
30
0
0
VERTEX
8
0
10
40.3560210032633
20
69.6249466738378
30
0
0
VERTEX
8
0
10
40.6163824290908
20
69.8609589334174
30
0
0
VERTEX
8
0
10
40.8767438549183
20
70.1003777259863
30
0
0
VERTEX
8
0
10
41.1371052807458
20
70.3522361116825
30
0
0
VERTEX
8
0
10
41.3974667065733
20
70.5889439290622
30
0
0
VERTEX
8
0
10
41.6578281324008
20
70.8069193745351
30
0
0
VERTEX
8
0
10
41.9181895582283
20
71.038947251232
30
0
0
VERTEX
8
0
10
42.1785509840558
20
71.274636712299
30
0
0
VERTEX
8
0
10
42.4389124098833
20
71.5074667982299
30
0
0
VERTEX
8
0
10
42.6992738357108
20
71.7285139224143
30
0
0
VERTEX
8
0
10
42.9596352615383
20
71.9556300324104
30
0
0
VERTEX
8
0
10
43.2199966873658
20
72.2017173372349
30
0
0
VERTEX
8
0
10
43.4803581131933
20
72.4158748634996
30
0
0
VERTEX
8
0
10
43.7407195390208
20
72.6316000564127
30
0
0
VERTEX
8
0
10
44.0010809648483
20
72.8511091348016
30
0
0
VERTEX
8
0
10
44.2614423906758
20
73.0735313404493
30
0
0
VERTEX
8
0
10
44.5218038165033
20
73.3023517033061
30
0
0
VERTEX
8
0
10
44.7821652423308
20
73.5267493362706
30
0
0
VERTEX
8
0
10
45.0425266681583
20
73.727205434305
30
0
0
VERTEX
8
0
10
45.3028880939859
20
73.9430869025891
30
0
0
VERTEX
8
0
10
45.5632495198134
20
74.1634060813732
30
0
0
VERTEX
8
0
10
45.8236109456409
20
74.3768198818506
30
0
0
VERTEX
8
0
10
46.0839723714684
20
74.5849930038355
30
0
0
VERTEX
8
0
10
46.3443337972959
20
74.7972198993946
30
0
0
VERTEX
8
0
10
46.6046952231234
20
75.0224240746345
30
0
0
VERTEX
8
0
10
46.8650566489509
20
75.2284210591338
30
0
0
VERTEX
8
0
10
47.1254180747784
20
75.4282488601946
30
0
0
VERTEX
8
0
10
47.3857795006059
20
75.6353021279284
30
0
0
VERTEX
8
0
10
47.6461409264334
20
75.8450235539863
30
0
0
VERTEX
8
0
10
47.9065023522609
20
76.056687964575
30
0
0
VERTEX
8
0
10
48.1668637780884
20
76.2722247926644
30
0
0
VERTEX
8
0
10
48.4272252039159
20
76.4602898784212
30
0
0
VERTEX
8
0
10
48.6875866297434
20
76.6648508250756
30
0
0
VERTEX
8
0
10
48.9479480555709
20
76.8745831935686
30
0
0
VERTEX
8
0
10
49.2083094813984
20
77.0746135145611
30
0
0
VERTEX
8
0
10
49.4686709072259
20
77.2746205742607
30
0
0
VERTEX
8
0
10
49.7290323330534
20
77.4773409789202
30
0
0
VERTEX
8
0
10
49.9893937588809
20
77.6885953592677
30
0
0
VERTEX
8
0
10
50.2497551847084
20
77.8907638769592
30
0
0
VERTEX
8
0
10
50.5101166105359
20
78.0812231427235
30
0
0
VERTEX
8
0
10
50.7704780363635
20
78.2817657604623
30
0
0
VERTEX
8
0
10
51.030839462191
20
78.4851102426595
30
0
0
VERTEX
8
0
10
51.2912008880185
20
78.6873715010473
30
0
0
VERTEX
8
0
10
51.551562313846
20
78.900252879343
30
0
0
VERTEX
8
0
10
51.8119237396735
20
79.083789515376
30
0
0
VERTEX
8
0
10
52.072285165501
20
79.2851244797563
30
0
0
VERTEX
8
0
10
52.3326465913285
20
79.4928245943288
30
0
0
VERTEX
8
0
10
52.593008017156
20
79.6893495603354
30
0
0
VERTEX
8
0
10
52.8533694429835
20
79.8902265777495
30
0
0
VERTEX
8
0
10
53.113730868811
20
80.092971726909
30
0
0
VERTEX
8
0
10
53.3740922946385
20
80.3008079485044
30
0
0
VERTEX
8
0
10
53.634453720466
20
80.5073459291106
30
0
0
VERTEX
8
0
10
53.8948151462935
20
80.6978384689858
30
0
0
VERTEX
8
0
10
54.155176572121
20
80.9001503731051
30
0
0
VERTEX
8
0
10
54.4155379979485
20
81.1048424200614
30
0
0
VERTEX
8
0
10
54.675899423776
20
81.3054798623088
30
0
0
VERTEX
8
0
10
54.9362608496035
20
81.5209610228617
30
0
0
VERTEX
8
0
10
55.196622275431
20
81.7049053330016
30
0
0
VERTEX
8
0
10
55.4569837012585
20
81.9061029924925
30
0
0
VERTEX
8
0
10
55.717345127086
20
82.1130223456998
30
0
0
VERTEX
8
0
10
55.9777065529135
20
82.3063970544143
30
0
0
VERTEX
8
0
10
56.238067978741
20
82.506325558662
30
0
0
VERTEX
8
0
10
56.4984294045685
20
82.7065401307733
30
0
0
VERTEX
8
0
10
56.758790830396
20
82.9083878972372
30
0
0
VERTEX
8
0
10
57.0191522562235
20
83.114363319756
30
0
0
VERTEX
8
0
10
57.279513682051
20
83.3006483129847
30
0
0
VERTEX
8
0
10
57.5398751078785
20
83.4995950165028
30
0
0
VERTEX
8
0
10
57.800236533706
20
83.7003173139134
30
0
0
VERTEX
8
0
10
58.0605979595335
20
83.8945952689908
30
0
0
VERTEX
8
0
10
58.320959385361
20
84.1068030309327
30
0
0
VERTEX
8
0
10
58.5813208111885
20
84.2862523775474
30
0
0
VERTEX
8
0
10
58.841682237016
20
84.4826171610252
30
0
0
VERTEX
8
0
10
59.1020436628435
20
84.6845132415175
30
0
0
VERTEX
8
0
10
59.362405088671
20
84.8715246881614
30
0
0
VERTEX
8
0
10
59.6227665144985
20
85.0669927249595
30
0
0
VERTEX
8
0
10
59.883127940326
20
85.2617255155792
30
0
0
VERTEX
8
0
10
60.1434893661535
20
85.4555555541263
30
0
0
VERTEX
8
0
10
60.403850791981
20
85.6578103922114
30
0
0
VERTEX
8
0
10
60.6642122178084
20
85.8378710496624
30
0
0
VERTEX
8
0
10
60.924573643636
20
86.0312018062614
30
0
0
VERTEX
8
0
10
61.1849350694635
20
86.2258986541995
30
0
0
VERTEX
8
0
10
61.4452964952909
20
86.4124325050255
30
0
0
VERTEX
8
0
10
61.7056579211184
20
86.619158919918
30
0
0
VERTEX
8
0
10
61.9660193469459
20
86.7925819675459
30
0
0
VERTEX
8
0
10
62.2263807727734
20
86.9825202764806
30
0
0
VERTEX
8
0
10
62.4867421986009
20
87.1778215749396
30
0
0
VERTEX
8
0
10
62.7471036244284
20
87.3573910186109
30
0
0
VERTEX
8
0
10
63.0074650502559
20
87.5468371047135
30
0
0
VERTEX
8
0
10
63.2678264760834
20
87.7347883947304
30
0
0
VERTEX
8
0
10
63.5281879019109
20
87.9198950914239
30
0
0
VERTEX
8
0
10
63.7885493277384
20
88.1167059490832
30
0
0
VERTEX
8
0
10
64.0489107535659
20
88.289629420282
30
0
0
VERTEX
8
0
10
64.3092721793934
20
88.4761714801674
30
0
0
VERTEX
8
0
10
64.5696336052209
20
88.6637610028077
30
0
0
VERTEX
8
0
10
64.8299950310484
20
88.8419481433959
30
0
0
VERTEX
8
0
10
65.0903564568759
20
89.041888452887
30
0
0
VERTEX
8
0
10
65.3507178827034
20
89.2084684170503
30
0
0
VERTEX
8
0
10
65.6110793085309
20
89.3910835043667
30
0
0
VERTEX
8
0
10
65.8714407343584
20
89.5788807712699
30
0
0
VERTEX
8
0
10
66.1318021601859
20
89.7504610245794
30
0
0
VERTEX
8
0
10
66.3921635860134
20
89.9329273993697
30
0
0
VERTEX
8
0
10
66.6525250118409
20
90.1133271805993
30
0
0
VERTEX
8
0
10
66.9128864376684
20
90.2893990472555
30
0
0
VERTEX
8
0
10
67.1732478634959
20
90.4796181004246
30
0
0
VERTEX
8
0
10
67.4336092893234
20
90.6448861998918
30
0
0
VERTEX
8
0
10
67.6939707151509
20
90.8239014945147
30
0
0
VERTEX
8
0
10
67.9543321409784
20
91.003705901679
30
0
0
VERTEX
8
0
10
68.2146935668059
20
91.1732409470978
30
0
0
VERTEX
8
0
10
68.4750549926334
20
91.3655173743168
30
0
0
VERTEX
8
0
10
68.7354164184609
20
91.5247501298823
30
0
0
VERTEX
8
0
10
68.9957778442884
20
91.6994692040952
30
0
0
VERTEX
8
0
10
69.2561392701159
20
91.8791726178378
30
0
0
VERTEX
8
0
10
69.5165006959434
20
92.0424544021159
30
0
0
VERTEX
8
0
10
69.7768621217709
20
92.2172948102552
30
0
0
VERTEX
8
0
10
70.0372235475984
20
92.3896419056208
30
0
0
VERTEX
8
0
10
70.2975849734259
20
92.5565432616848
30
0
0
VERTEX
8
0
10
70.5579463992534
20
92.7393529915234
30
0
0
VERTEX
8
0
10
70.8183078250809
20
92.8966474043155
30
0
0
VERTEX
8
0
10
71.0786692509084
20
93.0676380979608
30
0
0
VERTEX
8
0
10
71.3390306767359
20
93.2392042901641
30
0
0
VERTEX
8
0
10
71.5993921025634
20
93.399930413046
30
0
0
VERTEX
8
0
10
71.8597535283909
20
93.5839222005593
30
0
0
VERTEX
8
0
10
72.1201149542184
20
93.7354781804171
30
0
0
VERTEX
8
0
10
72.3804763800459
20
93.901916911906
30
0
0
VERTEX
8
0
10
72.6408378058734
20
94.0731265180937
30
0
0
VERTEX
8
0
10
72.9011992317009
20
94.2279313215903
30
0
0
VERTEX
8
0
10
73.1615606575284
20
94.394692398002
30
0
0
VERTEX
8
0
10
73.4219220833559
20
94.5586487538999
30
0
0
VERTEX
8
0
10
73.6822835091834
20
94.716336991409
30
0
0
VERTEX
8
0
10
73.9426449350109
20
94.8911384152072
30
0
0
VERTEX
8
0
10
74.2030063608384
20
95.0402597356143
30
0
0
VERTEX
8
0
10
74.4633677866659
20
95.2028812628439
30
0
0
VERTEX
8
0
10
74.7237292124934
20
95.3658996341677
30
0
0
VERTEX
8
0
10
74.9840906383209
20
95.5177456494882
30
0
0
VERTEX
8
0
10
75.2444520641484
20
95.6930055324924
30
0
0
VERTEX
8
0
10
75.5048134899759
20
95.8366660101557
30
0
0
VERTEX
8
0
10
75.7651749158034
20
95.9945634290884
30
0
0
VERTEX
8
0
10
76.0255363416309
20
96.1570053840724
30
0
0
VERTEX
8
0
10
76.2858977674584
20
96.3032357381663
30
0
0
VERTEX
8
0
10
76.5462591932859
20
96.461595939654
30
0
0
VERTEX
8
0
10
76.8066206191134
20
96.6169330507443
30
0
0
VERTEX
8
0
10
77.0669820449409
20
96.7654205343825
30
0
0
VERTEX
8
0
10
77.3273434707684
20
96.9317708844185
30
0
0
VERTEX
8
0
10
77.5877048965959
20
97.0725979435228
30
0
0
VERTEX
8
0
10
77.8480663224234
20
97.2266122421081
30
0
0
VERTEX
8
0
10
78.1084277482509
20
97.380872871433
30
0
0
VERTEX
8
0
10
78.3687891740784
20
97.5238220639688
30
0
0
VERTEX
8
0
10
78.6291505999059
20
97.6900281597749
30
0
0
VERTEX
8
0
10
78.8895120257334
20
97.8256509604576
30
0
0
VERTEX
8
0
10
79.1498734515609
20
97.9748332081394
30
0
0
VERTEX
8
0
10
79.4102348773884
20
98.1283236529192
30
0
0
VERTEX
8
0
10
79.6705963032159
20
98.2659368193445
30
0
0
VERTEX
8
0
10
79.9309577290434
20
98.4156706239608
30
0
0
VERTEX
8
0
10
80.1913191548709
20
98.5622387574442
30
0
0
VERTEX
8
0
10
80.4516805806984
20
98.7015733105555
30
0
0
VERTEX
8
0
10
80.7120420065259
20
98.8591472129068
30
0
0
VERTEX
8
0
10
80.9724034323534
20
98.9916142508313
30
0
0
VERTEX
8
0
10
81.2327648581809
20
99.1368617677284
30
0
0
VERTEX
8
0
10
81.4931262840084
20
99.2822282131083
30
0
0
VERTEX
8
0
10
81.7534877098359
20
99.4163013957158
30
0
0
VERTEX
8
0
10
82.0138491356634
20
99.5732268194884
30
0
0
VERTEX
8
0
10
82.2742105614909
20
99.7007260490795
30
0
0
VERTEX
8
0
10
82.5345719873184
20
99.8410843055985
30
0
0
VERTEX
8
0
10
82.7949334131459
20
99.9855070650097
30
0
0
VERTEX
8
0
10
83.0552948389734
20
100.114499939112
30
0
0
VERTEX
8
0
10
83.3156562648009
20
100.255455128708
30
0
0
VERTEX
8
0
10
83.5760176906284
20
100.393164216532
30
0
0
VERTEX
8
0
10
83.8363791164559
20
100.523418499335
30
0
0
VERTEX
8
0
10
84.0967405422834
20
100.671982122872
30
0
0
VERTEX
8
0
10
84.3571019681109
20
100.796065042904
30
0
0
VERTEX
8
0
10
84.6174633939384
20
100.932446812651
30
0
0
VERTEX
8
0
10
84.8778248197659
20
101.068839381609
30
0
0
VERTEX
8
0
10
85.1381862455934
20
101.194085158504
30
0
0
VERTEX
8
0
10
85.3985476714209
20
101.341577707062
30
0
0
VERTEX
8
0
10
85.6589090972484
20
101.460911020187
30
0
0
VERTEX
8
0
10
85.9192705230759
20
101.592387275249
30
0
0
VERTEX
8
0
10
86.1796319489034
20
101.727679321369
30
0
0
VERTEX
8
0
10
86.4399933747309
20
101.84807932298
30
0
0
VERTEX
8
0
10
86.7003548005584
20
101.980161823611
30
0
0
VERTEX
8
0
10
86.9607162263859
20
102.108968994961
30
0
0
VERTEX
8
0
10
87.2210776522134
20
102.230234558395
30
0
0
VERTEX
8
0
10
87.4814390780409
20
102.369627664315
30
0
0
VERTEX
8
0
10
87.7418005038684
20
102.485335380509
30
0
0
VERTEX
8
0
10
88.0021619296959
20
102.612801050321
30
0
0
VERTEX
8
0
10
88.2625233555234
20
102.740185669773
30
0
0
VERTEX
8
0
10
88.5228847813509
20
102.856674678381
30
0
0
VERTEX
8
0
10
88.7832462071784
20
102.994642749367
30
0
0
VERTEX
8
0
10
89.0436076330059
20
103.105803042139
30
0
0
VERTEX
8
0
10
89.3039690588334
20
103.228380589211
30
0
0
VERTEX
8
0
10
89.5643304846609
20
103.354522239819
30
0
0
VERTEX
8
0
10
89.8246919104884
20
103.466381667061
30
0
0
VERTEX
8
0
10
90.0850533363159
20
103.589545110187
30
0
0
VERTEX
8
0
10
90.3454147621433
20
103.709446307503
30
0
0
VERTEX
8
0
10
90.6057761879709
20
103.821830286964
30
0
0
VERTEX
8
0
10
90.8661376137984
20
103.951953435651
30
0
0
VERTEX
8
0
10
91.1264990396259
20
104.059322295513
30
0
0
VERTEX
8
0
10
91.3868604654534
20
104.177861918126
30
0
0
VERTEX
8
0
10
91.6472218912809
20
104.296242551132
30
0
0
VERTEX
8
0
10
91.9075833171083
20
104.404064055405
30
0
0
VERTEX
8
0
10
92.1679447429358
20
104.532466678802
30
0
0
VERTEX
8
0
10
92.4283061687634
20
104.635476559622
30
0
0
VERTEX
8
0
10
92.6886675945909
20
104.749173524371
30
0
0
VERTEX
8
0
10
92.9490290204184
20
104.866181715904
30
0
0
VERTEX
8
0
10
93.2093904462458
20
104.96957423475
30
0
0
VERTEX
8
0
10
93.4697518720733
20
105.083812646846
30
0
0
VERTEX
8
0
10
93.7301132979008
20
105.194836908921
30
0
0
VERTEX
8
0
10
93.9904747237283
20
105.298460299705
30
0
0
VERTEX
8
0
10
94.2508361495558
20
105.419265601815
30
0
0
VERTEX
8
0
10
94.5111975753833
20
105.518355780503
30
0
0
VERTEX
8
0
10
94.7715590012108
20
105.627994129906
30
0
0
VERTEX
8
0
10
95.0319204270383
20
105.737407565952
30
0
0
VERTEX
8
0
10
95.2922818528658
20
105.836667522831
30
0
0
VERTEX
8
0
10
95.5526432786933
20
105.955507239333
30
0
0
VERTEX
8
0
10
95.8130047045208
20
106.050415343436
30
0
0
VERTEX
8
0
10
96.0733661303483
20
106.155280266236
30
0
0
VERTEX
8
0
10
96.3337275561758
20
106.263203926729
30
0
0
VERTEX
8
0
10
96.5940889820033
20
106.358222453463
30
0
0
VERTEX
8
0
10
96.8544504078308
20
106.463565119648
30
0
0
VERTEX
8
0
10
97.1148118336583
20
106.56577069553
30
0
0
VERTEX
8
0
10
97.3751732594858
20
106.660767629934
30
0
0
VERTEX
8
0
10
97.6355346853133
20
106.772252034105
30
0
0
VERTEX
8
0
10
97.8958961111408
20
106.863145260832
30
0
0
VERTEX
8
0
10
98.1562575369683
20
106.963937916909
30
0
0
VERTEX
8
0
10
98.4166189627958
20
107.064450225744
30
0
0
VERTEX
8
0
10
98.6769803886233
20
107.15527032636
30
0
0
VERTEX
8
0
10
98.9373418144508
20
107.264588116526
30
0
0
VERTEX
8
0
10
99.1977032402783
20
107.351466705444
30
0
0
VERTEX
8
0
10
99.4580646661058
20
107.44757557857
30
0
0
VERTEX
8
0
10
99.7184260919333
20
107.546492499003
30
0
0
VERTEX
8
0
10
99.9787875177608
20
107.633248039918
30
0
0
VERTEX
8
0
10
100.239148943588
20
107.729755941063
30
0
0
VERTEX
8
0
10
100.499510369416
20
107.82322771719
30
0
0
VERTEX
8
0
10
100.759871795243
20
107.909745413142
30
0
0
VERTEX
8
0
10
101.020233221071
20
108.011945872644
30
0
0
VERTEX
8
0
10
101.280594646898
20
108.094744102667
30
0
0
VERTEX
8
0
10
101.540956072726
20
108.186774827892
30
0
0
VERTEX
8
0
10
101.801317498553
20
108.278479028896
30
0
0
VERTEX
8
0
10
102.061678924381
20
108.360996421544
30
0
0
VERTEX
8
0
10
102.322040350208
20
108.460868164836
30
0
0
VERTEX
8
0
10
102.582401776036
20
108.539811663136
30
0
0
VERTEX
8
0
10
102.842763201863
20
108.627266042053
30
0
0
VERTEX
8
0
10
103.103124627691
20
108.717280860563
30
0
0
VERTEX
8
0
10
103.363486053518
20
108.795902044934
30
0
0
VERTEX
8
0
10
103.623847479346
20
108.883665476744
30
0
0
VERTEX
8
0
10
103.884208905173
20
108.968513385559
30
0
0
VERTEX
8
0
10
104.144570331001
20
109.046712574975
30
0
0
VERTEX
8
0
10
104.404931756828
20
109.139702650142
30
0
0
VERTEX
8
0
10
104.665293182656
20
109.214527441424
30
0
0
VERTEX
8
0
10
104.925654608483
20
109.297906538583
30
0
0
VERTEX
8
0
10
105.186016034311
20
109.380921194324
30
0
0
VERTEX
8
0
10
105.446377460138
20
109.455288713487
30
0
0
VERTEX
8
0
10
105.706738885966
20
109.545822826794
30
0
0
VERTEX
8
0
10
105.967100311793
20
109.616947073977
30
0
0
VERTEX
8
0
10
106.227461737621
20
109.69587301457
30
0
0
VERTEX
8
0
10
106.487823163448
20
109.777116060213
30
0
0
VERTEX
8
0
10
106.748184589276
20
109.847749203584
30
0
0
VERTEX
8
0
10
107.008546015103
20
109.926886316117
30
0
0
VERTEX
8
0
10
107.268907440931
20
110.003244508979
30
0
0
VERTEX
8
0
10
107.529268866758
20
110.073300234052
30
0
0
VERTEX
8
0
10
107.789630292586
20
110.157187825402
30
0
0
VERTEX
8
0
10
108.049991718413
20
110.224180267484
30
0
0
VERTEX
8
0
10
108.310353144241
20
110.299043711588
30
0
0
VERTEX
8
0
10
108.570714570068
20
110.37351225272
30
0
0
VERTEX
8
0
10
108.831075995896
20
110.439899048452
30
0
0
VERTEX
8
0
10
109.091437421723
20
110.521235064181
30
0
0
VERTEX
8
0
10
109.351798847551
20
110.584677138172
30
0
0
VERTEX
8
0
10
109.612160273378
20
110.655224795901
30
0
0
VERTEX
8
0
10
109.872521699206
20
110.727851623321
30
0
0
VERTEX
8
0
10
110.132883125033
20
110.790661220442
30
0
0
VERTEX
8
0
10
110.393244550861
20
110.861317301331
30
0
0
VERTEX
8
0
10
110.653605976688
20
110.929343941998
30
0
0
VERTEX
8
0
10
110.913967402516
20
110.991446656242
30
0
0
VERTEX
8
0
10
111.174328828343
20
111.066372655859
30
0
0
VERTEX
8
0
10
111.434690254171
20
111.125693754581
30
0
0
VERTEX
8
0
10
111.695051679998
20
111.192202960578
30
0
0
VERTEX
8
0
10
111.955413105826
20
111.258293613981
30
0
0
VERTEX
8
0
10
112.215774531653
20
111.316886120033
30
0
0
VERTEX
8
0
10
112.476135957481
20
111.389194038498
30
0
0
VERTEX
8
0
10
112.736497383308
20
111.445112558278
30
0
0
VERTEX
8
0
10
112.996858809136
20
111.507456341143
30
0
0
VERTEX
8
0
10
113.257220234963
20
111.571647844081
30
0
0
VERTEX
8
0
10
113.517581660791
20
111.626817431243
30
0
0
VERTEX
8
0
10
113.777943086618
20
111.689164813169
30
0
0
VERTEX
8
0
10
114.038304512446
20
111.749042397781
30
0
0
VERTEX
8
0
10
114.298665938273
20
111.803399339681
30
0
0
VERTEX
8
0
10
114.559027364101
20
111.869537052815
30
0
0
VERTEX
8
0
10
114.819388789928
20
111.921368512052
30
0
0
VERTEX
8
0
10
115.079750215756
20
111.979710646949
30
0
0
VERTEX
8
0
10
115.340111641583
20
112.037616883294
30
0
0
VERTEX
8
0
10
115.600473067411
20
112.088620091349
30
0
0
VERTEX
8
0
10
115.860834493238
20
112.15210039462
30
0
0
VERTEX
8
0
10
116.121195919066
20
112.200676244747
30
0
0
VERTEX
8
0
10
116.381557344893
20
112.255015450774
30
0
0
VERTEX
8
0
10
116.641918770721
20
112.310978481984
30
0
0
VERTEX
8
0
10
116.902280196548
20
112.358711836007
30
0
0
VERTEX
8
0
10
117.162641622376
20
112.412950349778
30
0
0
VERTEX
8
0
10
117.423003048203
20
112.464886494093
30
0
0
VERTEX
8
0
10
117.683364474031
20
112.511723322274
30
0
0
VERTEX
8
0
10
117.943725899858
20
112.569278557819
30
0
0
VERTEX
8
0
10
118.204087325686
20
112.613823925773
30
0
0
VERTEX
8
0
10
118.464448751513
20
112.66421270746
30
0
0
VERTEX
8
0
10
118.724810177341
20
112.714154156461
30
0
0
VERTEX
8
0
10
118.985171603168
20
112.757793184393
30
0
0
VERTEX
8
0
10
119.245533028996
20
112.812677437077
30
0
0
VERTEX
8
0
10
119.505894454823
20
112.854114882413
30
0
0
VERTEX
8
0
10
119.766255880651
20
112.900674780732
30
0
0
VERTEX
8
0
10
120.026617306478
20
112.948643234971
30
0
0
VERTEX
8
0
10
120.286978732306
20
112.989165896317
30
0
0
VERTEX
8
0
10
120.547340158133
20
113.035523821193
30
0
0
VERTEX
8
0
10
120.807701583961
20
113.079752481904
30
0
0
VERTEX
8
0
10
121.068063009788
20
113.119315176327
30
0
0
VERTEX
8
0
10
121.328424435616
20
113.168526940027
30
0
0
VERTEX
8
0
10
121.588785861443
20
113.206013107723
30
0
0
VERTEX
8
0
10
121.849147287271
20
113.248690058505
30
0
0
VERTEX
8
0
10
122.109508713098
20
113.290913864519
30
0
0
VERTEX
8
0
10
122.369870138926
20
113.327435822503
30
0
0
VERTEX
8
0
10
122.630231564753
20
113.3739878145
30
0
0
VERTEX
8
0
10
122.890592990581
20
113.408515993453
30
0
0
VERTEX
8
0
10
123.150954416408
20
113.447549330357
30
0
0
VERTEX
8
0
10
123.411315842236
20
113.487785670049
30
0
0
VERTEX
8
0
10
123.671677268063
20
113.521346793839
30
0
0
VERTEX
8
0
10
123.932038693891
20
113.560082280778
30
0
0
VERTEX
8
0
10
124.192400119718
20
113.596865398679
30
0
0
VERTEX
8
0
10
124.452761545546
20
113.629422445527
30
0
0
VERTEX
8
0
10
124.713122971373
20
113.670564197955
30
0
0
VERTEX
8
0
10
124.973484397201
20
113.701243254267
30
0
0
VERTEX
8
0
10
125.233845823028
20
113.736479398305
30
0
0
VERTEX
8
0
10
125.494207248856
20
113.771262009292
30
0
0
VERTEX
8
0
10
125.754568674683
20
113.800938181474
30
0
0
VERTEX
8
0
10
126.014930100511
20
113.839455592175
30
0
0
VERTEX
8
0
10
126.275291526338
20
113.867330394186
30
0
0
VERTEX
8
0
10
126.535652952166
20
113.899119324673
30
0
0
VERTEX
8
0
10
126.796014377993
20
113.931916547591
30
0
0
VERTEX
8
0
10
127.056375803821
20
113.958791101106
30
0
0
VERTEX
8
0
10
127.316737229648
20
113.990194065607
30
0
0
VERTEX
8
0
10
127.577098655476
20
114.019823637043
30
0
0
VERTEX
8
0
10
127.837460081303
20
114.045668527631
30
0
0
VERTEX
8
0
10
128.097821507131
20
114.079049993468
30
0
0
VERTEX
8
0
10
128.358182932958
20
114.103201457034
30
0
0
VERTEX
8
0
10
128.618544358786
20
114.131299470222
30
0
0
VERTEX
8
0
10
128.878905784613
20
114.158948871983
30
0
0
VERTEX
8
0
10
129.139267210441
20
114.182077245583
30
0
0
VERTEX
8
0
10
129.399628636268
20
114.212893831279
30
0
0
VERTEX
8
0
10
129.659990062096
20
114.234400181422
30
0
0
VERTEX
8
0
10
129.920351487923
20
114.259258645409
30
0
0
VERTEX
8
0
10
130.180712913751
20
114.284942712981
30
0
0
VERTEX
8
0
10
130.441074339578
20
114.305434053972
30
0
0
VERTEX
8
0
10
130.701435765406
20
114.329828555658
30
0
0
VERTEX
8
0
10
130.961797191233
20
114.352629157658
30
0
0
VERTEX
8
0
10
131.222158617061
20
114.372083246432
30
0
0
VERTEX
8
0
10
131.482520042888
20
114.398052785308
30
0
0
VERTEX
8
0
10
131.742881468716
20
114.415986251119
30
0
0
VERTEX
8
0
10
132.003242894543
20
114.437283092334
30
0
0
VERTEX
8
0
10
132.263604320371
20
114.458141520095
30
0
0
VERTEX
8
0
10
132.523965746198
20
114.475049710583
30
0
0
VERTEX
8
0
10
132.784327172026
20
114.498538040014
30
0
0
VERTEX
8
0
10
133.044688597853
20
114.51399263328
30
0
0
VERTEX
8
0
10
133.305050023681
20
114.532269216563
30
0
0
VERTEX
8
0
10
133.565411449508
20
114.551201983029
30
0
0
VERTEX
8
0
10
133.825772875336
20
114.565644872439
30
0
0
VERTEX
8
0
10
134.086134301163
20
114.583392021784
30
0
0
VERTEX
8
0
10
134.346495726991
20
114.599723838563
30
0
0
VERTEX
8
0
10
134.606857152818
20
114.613139624561
30
0
0
VERTEX
8
0
10
134.867218578646
20
114.632087200338
30
0
0
VERTEX
8
0
10
135.127580004473
20
114.644145461156
30
0
0
VERTEX
8
0
10
135.387941430301
20
114.659015538418
30
0
0
VERTEX
8
0
10
135.648302856128
20
114.673462722765
30
0
0
VERTEX
8
0
10
135.908664281956
20
114.684511366587
30
0
0
VERTEX
8
0
10
136.169025707783
20
114.701086157446
30
0
0
VERTEX
8
0
10
136.429387133611
20
114.710840711145
30
0
0
VERTEX
8
0
10
136.689748559438
20
114.722922058416
30
0
0
VERTEX
8
0
10
136.950109985266
20
114.73550476921
30
0
0
VERTEX
8
0
10
137.210471411093
20
114.744268898913
30
0
0
VERTEX
8
0
10
137.470832836921
20
114.755770361808
30
0
0
VERTEX
8
0
10
137.731194262748
20
114.766032790643
30
0
0
VERTEX
8
0
10
137.991555688576
20
114.773797715311
30
0
0
VERTEX
8
0
10
138.251917114403
20
114.786158535122
30
0
0
VERTEX
8
0
10
138.512278540231
20
114.792721269899
30
0
0
VERTEX
8
0
10
138.772639966058
20
114.801580229462
30
0
0
VERTEX
8
0
10
139.033001391886
20
114.810037268839
30
0
0
VERTEX
8
0
10
139.293362817713
20
114.815623989553
30
0
0
VERTEX
8
0
10
139.553724243541
20
114.825746137578
30
0
0
VERTEX
8
0
10
139.814085669368
20
114.830191268688
30
0
0
VERTEX
8
0
10
140.074447095196
20
114.836506155913
30
0
0
VERTEX
8
0
10
140.334808521023
20
114.843183625156
30
0
0
VERTEX
8
0
10
140.595169946851
20
114.846677783
30
0
0
VERTEX
8
0
10
140.855531372678
20
114.852379998999
30
0
0
VERTEX
8
0
10
141.115892798506
20
114.857015959363
30
0
0
VERTEX
8
0
10
141.376254224333
20
114.859556859563
30
0
0
VERTEX
8
0
10
141.636615650161
20
114.865815805142
30
0
0
VERTEX
8
0
10
141.896977075988
20
114.867303977511
30
0
0
VERTEX
8
0
10
142.157338501816
20
114.870613257517
30
0
0
VERTEX
8
0
10
142.417699927643
20
114.873547265093
30
0
0
VERTEX
8
0
10
142.678061353471
20
114.874111375319
30
0
0
VERTEX
8
0
10
142.938422779298
20
114.878292828421
30
0
0
VERTEX
8
0
10
143.198784205126
20
114.877862725188
30
0
0
VERTEX
8
0
10
143.459145630953
20
114.878886963754
30
0
0
VERTEX
8
0
10
143.719507056781
20
114.880152608615
30
0
0
VERTEX
8
0
10
143.979868482608
20
114.878829673142
30
0
0
VERTEX
8
0
10
144.240229908436
20
114.879228977369
30
0
0
VERTEX
8
0
10
144.500591334263
20
114.878730124255
30
0
0
VERTEX
8
0
10
144.760952760091
20
114.876518558371
30
0
0
VERTEX
8
0
10
145.021314185918
20
114.877215617114
30
0
0
VERTEX
8
0
10
145.281675611746
20
114.874096814532
30
0
0
VERTEX
8
0
10
145.542037037573
20
114.872369196725
30
0
0
VERTEX
8
0
10
145.802398463401
20
114.870298965306
30
0
0
VERTEX
8
0
10
146.062759889228
20
114.866327166499
30
0
0
VERTEX
8
0
10
146.323121315056
20
114.865136901649
30
0
0
VERTEX
8
0
10
146.583482740883
20
114.860315069077
30
0
0
VERTEX
8
0
10
146.843844166711
20
114.856577529419
30
0
0
VERTEX
8
0
10
147.104205592538
20
114.852979559829
30
0
0
VERTEX
8
0
10
147.364567018366
20
114.847342643567
30
0
0
VERTEX
8
0
10
147.624928444193
20
114.842991615617
30
0
0
VERTEX
8
0
10
147.885289870021
20
114.837904797566
30
0
0
VERTEX
8
0
10
148.145651295848
20
114.831463608636
30
0
0
VERTEX
8
0
10
148.406012721676
20
114.827200666352
30
0
0
VERTEX
8
0
10
148.666374147503
20
114.819995772766
30
0
0
VERTEX
8
0
10
148.926735573331
20
114.813802336283
30
0
0
VERTEX
8
0
10
149.187096999158
20
114.807305444297
30
0
0
VERTEX
8
0
10
149.447458424986
20
114.799338975021
30
0
0
VERTEX
8
0
10
149.707819850813
20
114.793410534345
30
0
0
VERTEX
8
0
10
149.968181276641
20
114.784737103508
30
0
0
VERTEX
8
0
10
150.228542702468
20
114.776827367094
30
0
0
VERTEX
8
0
10
150.488904128296
20
114.768976662444
30
0
0
VERTEX
8
0
10
150.749265554123
20
114.759586969152
30
0
0
VERTEX
8
0
10
151.009626979951
20
114.751102592479
30
0
0
VERTEX
8
0
10
151.269988405778
20
114.742038169743
30
0
0
VERTEX
8
0
10
151.530349831606
20
114.731949939998
30
0
0
VERTEX
8
0
10
151.790711257433
20
114.723399604489
30
0
0
VERTEX
8
0
10
152.051072683261
20
114.71269152539
30
0
0
VERTEX
8
0
10
152.311434109088
20
114.702670751322
30
0
0
VERTEX
8
0
10
152.571795534916
20
114.692392897987
30
0
0
VERTEX
8
0
10
152.832156960743
20
114.681036968898
30
0
0
VERTEX
8
0
10
153.092518386571
20
114.671078421407
30
0
0
VERTEX
8
0
10
153.352879812398
20
114.65915994971
30
0
0
VERTEX
8
0
10
153.613241238226
20
114.647738561632
30
0
0
VERTEX
8
0
10
153.873602664053
20
114.636319258277
30
0
0
VERTEX
8
0
10
154.133964089881
20
114.623806744122
30
0
0
VERTEX
8
0
10
154.394325515708
20
114.611881517008
30
0
0
VERTEX
8
0
10
154.654686941536
20
114.599524749264
30
0
0
VERTEX
8
0
10
154.915048367363
20
114.586443434025
30
0
0
VERTEX
8
0
10
155.175409793191
20
114.574361233102
30
0
0
VERTEX
8
0
10
155.435771219018
20
114.560807113798
30
0
0
SEQEND
8
0
0
POLYLINE
8
0
62
4
70
0
10
0
20
0
30
0
0
VERTEX
8
0
10
13.7991555688578
20
34.085772027705
30
0
0
VERTEX
8
0
10
14.0595169946853
20
34.4795322396477
30
0
0
VERTEX
8
0
10
14.3198784205128
20
34.9085916091251
30
0
0
VERTEX
8
0
10
14.5802398463403
20
35.2990515514868
30
0
0
VERTEX
8
0
10
14.8406012721678
20
35.706143666828
30
0
0
VERTEX
8
0
10
15.1009626979953
20
36.1190398505038
30
0
0
VERTEX
8
0
10
15.3613241238228
20
36.5098313232157
30
0
0
VERTEX
8
0
10
15.6216855496503
20
36.9207938121705
30
0
0
VERTEX
8
0
10
15.8820469754778
20
37.3261085995702
30
0
0
VERTEX
8
0
10
16.1424084013053
20
37.7165650175438
30
0
0
VERTEX
8
0
10
16.4027698271328
20
38.1416926741551
30
0
0
VERTEX
8
0
10
16.6631312529603
20
38.529288246445
30
0
0
VERTEX
8
0
10
16.9234926787878
20
38.9351032790442
30
0
0
VERTEX
8
0
10
17.1838541046153
20
39.3406068305958
30
0
0
VERTEX
8
0
10
17.4442155304428
20
39.7268173570675
30
0
0
VERTEX
8
0
10
17.7045769562703
20
40.1504243547355
30
0
0
VERTEX
8
0
10
17.9649383820978
20
40.5326786921203
30
0
0
VERTEX
8
0
10
18.2252998079253
20
40.9318335127621
30
0
0
VERTEX
8
0
10
18.4856612337528
20
41.3365516570509
30
0
0
VERTEX
8
0
10
18.7460226595803
20
41.7174721245793
30
0
0
VERTEX
8
0
10
19.0063840854078
20
42.1194831207748
30
0
0
VERTEX
8
0
10
19.2667455112354
20
42.5147315889569
30
0
0
VERTEX
8
0
10
19.5271069370629
20
42.8941029096235
30
0
0
VERTEX
8
0
10
19.7874683628904
20
43.3100032188758
30
0
0
VERTEX
8
0
10
20.0478297887179
20
43.6853073604472
30
0
0
VERTEX
8
0
10
20.3081912145454
20
44.0798282056583
30
0
0
VERTEX
8
0
10
20.5685526403729
20
44.473597951245
30
0
0
VERTEX
8
0
10
20.8289140662004
20
44.8468919562948
30
0
0
VERTEX
8
0
10
21.0892754920279
20
45.2588060568913
30
0
0
VERTEX
8
0
10
21.3496369178554
20
45.6279368077781
30
0
0
VERTEX
8
0
10
21.6099983436829
20
46.0140915663962
30
0
0
VERTEX
8
0
10
21.8703597695104
20
46.4059179512692
30
0
0
VERTEX
8
0
10
22.1307211953379
20
46.772775321503
30
0
0
VERTEX
8
0
10
22.3910826211654
20
47.161177669883
30
0
0
VERTEX
8
0
10
22.6514440469929
20
47.5426318061781
30
0
0
VERTEX
8
0
10
22.9118054728204
20
47.9069800878418
30
0
0
VERTEX
8
0
10
23.1721668986479
20
48.3089243427649
30
0
0
VERTEX
8
0
10
23.4325283244754
20
48.6691498959407
30
0
0
VERTEX
8
0
10
23.6928897503029
20
49.0488541443023
30
0
0
VERTEX
8
0
10
23.9532511761304
20
49.4276216035215
30
0
0
VERTEX
8
0
10
24.2136126019579
20
49.7853168243083
30
0
0
VERTEX
8
0
10
24.4739740277855
20
50.1821112660498
30
0
0
VERTEX
8
0
10
24.734335453613
20
50.5199245778936
30
0
0
VERTEX
8
0
10
24.9946968794405
20
50.866978989793
30
0
0
VERTEX
8
0
10
25.255058305268
20
51.2196656194896
30
0
0
VERTEX
8
0
10
25.5154197310955
20
51.547480499773
30
0
0
VERTEX
8
0
10
25.775781156923
20
51.8975100411251
30
0
0
VERTEX
8
0
10
26.0361425827505
20
52.2405825243457
30
0
0
VERTEX
8
0
10
26.296504008578
20
52.5663024574474
30
0
0
VERTEX
8
0
10
26.5568654344055
20
52.9305424025218
30
0
0
VERTEX
8
0
10
26.817226860233
20
53.2526590103891
30
0
0
VERTEX
8
0
10
27.0775882860605
20
53.5946238048374
30
0
0
VERTEX
8
0
10
27.337949711888
20
53.9175349556938
30
0
0
VERTEX
8
0
10
27.5983111377155
20
54.2083553425014
30
0
0
VERTEX
8
0
10
27.858672563543
20
54.5394879815042
30
0
0
VERTEX
8
0
10
28.1190339893705
20
54.8273483503397
30
0
0
VERTEX
8
0
10
28.379395415198
20
55.1328295052234
30
0
0
VERTEX
8
0
10
28.6397568410255
20
55.4441999923965
30
0
0
VERTEX
8
0
10
28.900118266853
20
55.7306708706219
30
0
0
VERTEX
8
0
10
29.1604796926805
20
56.0399009336503
30
0
0
VERTEX
8
0
10
29.420841118508
20
56.3422804899472
30
0
0
VERTEX
8
0
10
29.6812025443356
20
56.6272259550902
30
0
0
VERTEX
8
0
10
29.9415639701631
20
56.9524923451062
30
0
0
VERTEX
8
0
10
30.2019253959906
20
57.2366623978409
30
0
0
VERTEX
8
0
10
30.4622868218181
20
57.5406633664863
30
0
0
VERTEX
8
0
10
30.7226482476456
20
57.8440260909118
30
0
0
VERTEX
8
0
10
30.9830096734731
20
58.1261348222243
30
0
0
VERTEX
8
0
10
31.2433710993006
20
58.4488054802956
30
0
0
VERTEX
8
0
10
31.5037325251281
20
58.7279175396021
30
0
0
VERTEX
8
0
10
31.7640939509556
20
59.0245847001711
30
0
0
VERTEX
8
0
10
32.0244553767831
20
59.3270529879566
30
0
0
VERTEX
8
0
10
32.2848168026106
20
59.6044424173021
30
0
0
VERTEX
8
0
10
32.5451782284381
20
59.903322397411
30
0
0
VERTEX
8
0
10
32.8055396542656
20
60.1931319973428
30
0
0
VERTEX
8
0
10
33.0659010800931
20
60.4656145722749
30
0
0
VERTEX
8
0
10
33.3262625059206
20
60.7776586302351
30
0
0
VERTEX
8
0
10
33.5866239317481
20
61.0472486045777
30
0
0
VERTEX
8
0
10
33.8469853575756
20
61.3370655279919
30
0
0
VERTEX
8
0
10
34.1073467834031
20
61.6262099173071
30
0
0
VERTEX
8
0
10
34.3677082092306
20
61.8940537926012
30
0
0
VERTEX
8
0
10
34.6280696350581
20
62.2024699660034
30
0
0
VERTEX
8
0
10
34.8884310608857
20
62.4674713375948
30
0
0
VERTEX
8
0
10
35.1487924867132
20
62.7503488311725
30
0
0
VERTEX
8
0
10
35.4091539125407
20
63.039624314374
30
0
0
VERTEX
8
0
10
35.6695153383682
20
63.3038522765258
30
0
0
VERTEX
8
0
10
35.9298767641957
20
63.5909075358727
30
0
0
VERTEX
8
0
10
36.1902381900232
20
63.8709852032024
30
0
0
VERTEX
8
0
10
36.4505996158507
20
64.1334327549726
30
0
0
VERTEX
8
0
10
36.7109610416782
20
64.4353916818274
30
0
0
VERTEX
8
0
10
36.9713224675057
20
64.6951002256721
30
0
0
VERTEX
8
0
10
37.2316838933332
20
64.9749220078792
30
0
0
VERTEX
8
0
10
37.4920453191607
20
65.2540694313938
30
0
0
VERTEX
8
0
10
37.7524067449882
20
65.50510683126
30
0
0
VERTEX
8
0
10
38.0127681708157
20
65.7972585534078
30
0
0
VERTEX
8
0
10
38.2731295966432
20
66.0464286005372
30
0
0
VERTEX
8
0
10
38.5334910224707
20
66.3128549120472
30
0
0
VERTEX
8
0
10
38.7938524482982
20
66.5849695047543
30
0
0
VERTEX
8
0
10
39.0542138741257
20
66.8323084552429
30
0
0
VERTEX
8
0
10
39.3145752999532
20
67.1023074477366
30
0
0
VERTEX
8
0
10
39.5749367257807
20
67.365363645744
30
0
0
VERTEX
8
0
10
39.8352981516082
20
67.6108915786903
30
0
0
VERTEX
8
0
10
40.0956595774358
20
67.895659355805
30
0
0
VERTEX
8
0
10
40.3560210032633
20
68.1316397574427
30
0
0
VERTEX
8
0
10
40.6163824290908
20
68.3856580698541
30
0
0
VERTEX
8
0
10
40.8767438549183
20
68.639040503067
30
0
0
VERTEX
8
0
10
41.1371052807458
20
68.8714351955942
30
0
0
VERTEX
8
0
10
41.3974667065733
20
69.1437511761911
30
0
0
VERTEX
8
0
10
41.6578281324008
20
69.373611314866
30
0
0
VERTEX
8
0
10
41.9181895582283
20
69.6205393515774
30
0
0
VERTEX
8
0
10
42.1785509840558
20
69.8731286863629
30
0
0
VERTEX
8
0
10
42.4389124098833
20
70.101305070467
30
0
0
VERTEX
8
0
10
42.6992738357108
20
70.3519582253626
30
0
0
VERTEX
8
0
10
42.9596352615383
20
70.5955329332168
30
0
0
VERTEX
8
0
10
43.2199966873658
20
70.8216595072942
30
0
0
VERTEX
8
0
10
43.4803581131933
20
71.0866787448893
30
0
0
VERTEX
8
0
10
43.7407195390208
20
71.3104683856063
30
0
0
VERTEX
8
0
10
44.0010809648483
20
71.5539655376737
30
0
0
VERTEX
8
0
10
44.2614423906758
20
71.796867019208
30
0
0
VERTEX
8
0
10
44.5218038165033
20
72.0191567886027
30
0
0
VERTEX
8
0
10
44.7821652423308
20
72.2809142517359
30
0
0
VERTEX
8
0
10
45.0425266681583
20
72.5010010039355
30
0
0
VERTEX
8
0
10
45.3028880939859
20
72.737971155409
30
0
0
VERTEX
8
0
10
45.5632495198134
20
72.9806115159328
30
0
0
VERTEX
8
0
10
45.8236109456409
20
73.1994968956995
30
0
0
VERTEX
8
0
10
46.0839723714684
20
73.4407625164363
30
0
0
VERTEX
8
0
10
46.3443337972959
20
73.6754211774412
30
0
0
VERTEX
8
0
10
46.6046952231234
20
73.8931487992489
30
0
0
VERTEX
8
0
10
46.8650566489509
20
74.1492944401637
30
0
0
VERTEX
8
0
10
47.1254180747784
20
74.3650426773395
30
0
0
VERTEX
8
0
10
47.3857795006059
20
74.6002662346194
30
0
0
VERTEX
8
0
10
47.6461409264334
20
74.8350200189182
30
0
0
VERTEX
8
0
10
47.9065023522609
20
75.0496543702238
30
0
0
VERTEX
8
0
10
48.1668637780884
20
75.3031589345435
30
0
0
VERTEX
8
0
10
48.4272252039159
20
75.5153886381241
30
0
0
VERTEX
8
0
10
48.6875866297434
20
75.7444333544363
30
0
0
VERTEX
8
0
10
48.9479480555709
20
75.9791597583681
30
0
0
VERTEX
8
0
10
49.2083094813984
20
76.1906107145658
30
0
0
VERTEX
8
0
10
49.4686709072259
20
76.4240258118724
30
0
0
VERTEX
8
0
10
49.7290323330534
20
76.6511007601913
30
0
0
VERTEX
8
0
10
49.9893937588809
20
76.8617135733976
30
0
0
VERTEX
8
0
10
50.2497551847084
20
77.1101327953686
30
0
0
VERTEX
8
0
10
50.5101166105359
20
77.3191740786955
30
0
0
VERTEX
8
0
10
50.7704780363635
20
77.547411417097
30
0
0
VERTEX
8
0
10
51.030839462191
20
77.7632447511023
30
0
0
VERTEX
8
0
10
51.2912008880185
20
77.9618403876047
30
0
0
VERTEX
8
0
10
51.551562313846
20
78.1985873745745
30
0
0
VERTEX
8
0
10
51.8119237396735
20
78.3957571057221
30
0
0
VERTEX
8
0
10
52.072285165501
20
78.6093290981577
30
0
0
VERTEX
8
0
10
52.3326465913285
20
78.8285893821264
30
0
0
VERTEX
8
0
10
52.593008017156
20
79.0252658296228
30
0
0
VERTEX
8
0
10
52.8533694429835
20
79.2435277856179
30
0
0
VERTEX
8
0
10
53.113730868811
20
79.4556950629772
30
0
0
VERTEX
8
0
10
53.3740922946385
20
79.6518557618702
30
0
0
VERTEX
8
0
10
53.634453720466
20
79.8747155307438
30
0
0
VERTEX
8
0
10
53.8948151462935
20
80.0606741173054
30
0
0
VERTEX
8
0
10
54.155176572121
20
80.2653345556936
30
0
0
VERTEX
8
0
10
54.4155379979485
20
80.4697032347749
30
0
0
VERTEX
8
0
10
54.675899423776
20
80.6550215578266
30
0
0
VERTEX
8
0
10
54.9362608496035
20
80.8775452320621
30
0
0
VERTEX
8
0
10
55.196622275431
20
81.0614983053411
30
0
0
VERTEX
8
0
10
55.4569837012585
20
81.2613791829949
30
0
0
VERTEX
8
0
10
55.717345127086
20
81.4667457463214
30
0
0
VERTEX
8
0
10
55.9777065529135
20
81.6500639590012
30
0
0
VERTEX
8
0
10
56.238067978741
20
81.8551866944904
30
0
0
VERTEX
8
0
10
56.4984294045685
20
82.0539007598643
30
0
0
VERTEX
8
0
10
56.758790830396
20
82.2369467802177
30
0
0
VERTEX
8
0
10
57.0191522562235
20
82.4560163697233
30
0
0
VERTEX
8
0
10
57.279513682051
20
82.6376945864537
30
0
0
VERTEX
8
0
10
57.5398751078785
20
82.8375719916601
30
0
0
VERTEX
8
0
10
57.800236533706
20
83.0371121137916
30
0
0
VERTEX
8
0
10
58.0605979595335
20
83.2180772644625
30
0
0
VERTEX
8
0
10
58.320959385361
20
83.4351634487518
30
0
0
VERTEX
8
0
10
58.5813208111885
20
83.6147571514768
30
0
0
VERTEX
8
0
10
58.841682237016
20
83.8094087241559
30
0
0
VERTEX
8
0
10
59.1020436628435
20
84.0094411520709
30
0
0
VERTEX
8
0
10
59.362405088671
20
84.1880662354384
30
0
0
VERTEX
8
0
10
59.6227665144985
20
84.3870247015085
30
0
0
VERTEX
8
0
10
59.883127940326
20
84.5801072384697
30
0
0
VERTEX
8
0
10
60.1434893661535
20
84.757933360231
30
0
0
VERTEX
8
0
10
60.403850791981
20
84.9706754268664
30
0
0
VERTEX
8
0
10
60.6642122178084
20
85.1471217669419
30
0
0
VERTEX
8
0
10
60.924573643636
20
85.3411544112925
30
0
0
VERTEX
8
0
10
61.1849350694635
20
85.5348073687234
30
0
0
VERTEX
8
0
10
61.4452964952909
20
85.7104171426983
30
0
0
VERTEX
8
0
10
61.7056579211184
20
85.9213856824688
30
0
0
VERTEX
8
0
10
61.9660193469459
20
86.0962170303664
30
0
0
VERTEX
8
0
10
62.2263807727734
20
86.2858938531693
30
0
0
VERTEX
8
0
10
62.4867421986009
20
86.4806149032458
30
0
0
VERTEX
8
0
10
62.7471036244284
20
86.6545581629325
30
0
0
VERTEX
8
0
10
63.0074650502559
20
86.848124353413
30
0
0
VERTEX
8
0
10
63.2678264760834
20
87.0359547337688
30
0
0
VERTEX
8
0
10
63.5281879019109
20
87.2089785360124
30
0
0
VERTEX
8
0
10
63.7885493277384
20
87.41571541655
30
0
0
VERTEX
8
0
10
64.0489107535659
20
87.5873487751348
30
0
0
VERTEX
8
0
10
64.3092721793934
20
87.7761306841193
30
0
0
VERTEX
8
0
10
64.5696336052209
20
87.9646605067041
30
0
0
VERTEX
8
0
10
64.8299950310484
20
88.1357244038667
30
0
0
VERTEX
8
0
10
65.0903564568759
20
88.3404433164305
30
0
0
VERTEX
8
0
10
65.3507178827034
20
88.5101129352258
30
0
0
VERTEX
8
0
10
65.6110793085309
20
88.6940409279778
30
0
0
VERTEX
8
0
10
65.8714407343584
20
88.8827820761736
30
0
0
VERTEX
8
0
10
66.1318021601859
20
89.0514642554849
30
0
0
VERTEX
8
0
10
66.3921635860134
20
89.2390190542062
30
0
0
VERTEX
8
0
10
66.6525250118409
20
89.4210001973051
30
0
0
VERTEX
8
0
10
66.9128864376684
20
89.5898668700634
30
0
0
VERTEX
8
0
10
67.1732478634959
20
89.7923847812393
30
0
0
VERTEX
8
0
10
67.4336092893234
20
89.9605982507087
30
0
0
VERTEX
8
0
10
67.6939707151509
20
90.1450489964273
30
0
0
VERTEX
8
0
10
67.9543321409784
20
90.3290426508946
30
0
0
VERTEX
8
0
10
68.2146935668059
20
90.4961916163188
30
0
0
VERTEX
8
0
10
68.4750549926334
20
90.6956490462459
30
0
0
VERTEX
8
0
10
68.7354164184609
20
90.8613963351933
30
0
0
VERTEX
8
0
10
68.9957778442884
20
91.0407861975142
30
0
0
VERTEX
8
0
10
69.2561392701159
20
91.2247478171422
30
0
0
VERTEX
8
0
10
69.5165006959434
20
91.388596304338
30
0
0
VERTEX
8
0
10
69.7768621217709
20
91.5700260884194
30
0
0
VERTEX
8
0
10
70.0372235475984
20
91.7462115698363
30
0
0
VERTEX
8
0
10
70.2975849734259
20
91.908612877287
30
0
0
VERTEX
8
0
10
70.5579463992534
20
92.1021095146887
30
0
0
VERTEX
8
0
10
70.8183078250809
20
92.2631262852234
30
0
0
VERTEX
8
0
10
71.0786692509084
20
92.4396783293901
30
0
0
VERTEX
8
0
10
71.3390306767359
20
92.6157575175969
30
0
0
VERTEX
8
0
10
71.5993921025634
20
92.7756604537532
30
0
0
VERTEX
8
0
10
71.8597535283909
20
92.9664891129433
30
0
0
VERTEX
8
0
10
72.1201149542184
20
93.1250146665032
30
0
0
VERTEX
8
0
10
72.3804763800459
20
93.2967594178031
30
0
0
VERTEX
8
0
10
72.6408378058734
20
93.4728199181695
30
0
0
VERTEX
8
0
10
72.9011992317009
20
93.6303813712211
30
0
0
VERTEX
8
0
10
73.1615606575284
20
93.8052201613469
30
0
0
VERTEX
8
0
10
73.4219220833559
20
93.974856222737
30
0
0
VERTEX
8
0
10
73.6822835091834
20
94.1312639535093
30
0
0
VERTEX
8
0
10
73.9426449350109
20
94.3173873076624
30
0
0
VERTEX
8
0
10
74.2030063608384
20
94.4724256498589
30
0
0
VERTEX
8
0
10
74.4633677866659
20
94.6422748791505
30
0
0
VERTEX
8
0
10
74.7237292124934
20
94.8109911024961
30
0
0
VERTEX
8
0
10
74.9840906383209
20
94.9647220678691
30
0
0
VERTEX
8
0
10
75.2444520641484
20
95.147946691562
30
0
0
VERTEX
8
0
10
75.5048134899759
20
95.3003064026568
30
0
0
VERTEX
8
0
10
75.7651749158034
20
95.4650524197767
30
0
0
VERTEX
8
0
10
76.0255363416309
20
95.63389905605
30
0
0
VERTEX
8
0
10
76.2858977674584
20
95.7850658763011
30
0
0
VERTEX
8
0
10
76.5462591932859
20
95.9526810716973
30
0
0
VERTEX
8
0
10
76.8066206191134
20
96.1152941356014
30
0
0
VERTEX
8
0
10
77.0669820449409
20
96.2652526151124
30
0
0
VERTEX
8
0
10
77.3273434707684
20
96.4435103728963
30
0
0
VERTEX
8
0
10
77.5877048965959
20
96.5923855213669
30
0
0
VERTEX
8
0
10
77.8480663224234
20
96.755371856752
30
0
0
VERTEX
8
0
10
78.1084277482509
20
96.9178497031788
30
0
0
VERTEX
8
0
10
78.3687891740784
20
97.0655413206712
30
0
0
VERTEX
8
0
10
78.6291505999059
20
97.2412745341025
30
0
0
VERTEX
8
0
10
78.8895120257334
20
97.3876158337522
30
0
0
VERTEX
8
0
10
79.1498734515609
20
97.5456999245312
30
0
0
VERTEX
8
0
10
79.4102348773884
20
97.7076457992979
30
0
0
VERTEX
8
0
10
79.6705963032159
20
97.8527520431062
30
0
0
VERTEX
8
0
10
79.9309577290434
20
98.01346526169
30
0
0
VERTEX
8
0
10
80.1913191548709
20
98.1696073764356
30
0
0
VERTEX
8
0
10
80.4516805806984
20
98.3137675815541
30
0
0
VERTEX
8
0
10
80.7120420065259
20
98.484783833661
30
0
0
VERTEX
8
0
10
80.9724034323534
20
98.6276043548648
30
0
0
VERTEX
8
0
10
81.2327648581809
20
98.7837466110234
30
0
0
VERTEX
8
0
10
81.4931262840084
20
98.9393697976486
30
0
0
VERTEX
8
0
10
81.7534877098359
20
99.0809292161222
30
0
0
VERTEX
8
0
10
82.0138491356634
20
99.2490547163905
30
0
0
VERTEX
8
0
10
82.2742105614909
20
99.3892853599037
30
0
0
VERTEX
8
0
10
82.5345719873184
20
99.5403517167752
30
0
0
VERTEX
8
0
10
82.7949334131459
20
99.6949641342051
30
0
0
VERTEX
8
0
10
83.0552948389734
20
99.8336511467368
30
0
0
VERTEX
8
0
10
83.3156562648009
20
99.9870931953965
30
0
0
VERTEX
8
0
10
83.5760176906284
20
100.135959395556
30
0
0
VERTEX
8
0
10
83.8363791164559
20
100.273365469162
30
0
0
VERTEX
8
0
10
84.0967405422834
20
100.436170244332
30
0
0
VERTEX
8
0
10
84.3571019681109
20
100.572261548424
30
0
0
VERTEX
8
0
10
84.6174633939384
20
100.720923105895
30
0
0
VERTEX
8
0
10
84.8778248197659
20
100.869059047775
30
0
0
VERTEX
8
0
10
85.1381862455934
20
101.003865011876
30
0
0
VERTEX
8
0
10
85.3985476714209
20
101.16375082201
30
0
0
VERTEX
8
0
10
85.6589090972484
20
101.29725365429
30
0
0
VERTEX
8
0
10
85.9192705230759
20
101.441201485808
30
0
0
VERTEX
8
0
10
86.1796319489034
20
101.588536276392
30
0
0
VERTEX
8
0
10
86.4399933747309
20
101.720750263623
30
0
0
VERTEX
8
0
10
86.7003548005584
20
101.86686585642
30
0
0
VERTEX
8
0
10
86.9607162263859
20
102.008629215616
30
0
0
VERTEX
8
0
10
87.2210776522134
20
102.139546205108
30
0
0
VERTEX
8
0
10
87.4814390780409
20
102.294396273239
30
0
0
VERTEX
8
0
10
87.7418005038684
20
102.424027560653
30
0
0
VERTEX
8
0
10
88.0021619296959
20
102.566045750747
30
0
0
VERTEX
8
0
10
88.2625233555234
20
102.707390769638
30
0
0
VERTEX
8
0
10
88.5228847813509
20
102.83614758975
30
0
0
VERTEX
8
0
10
88.7832462071784
20
102.988493659581
30
0
0
VERTEX
8
0
10
89.0436076330059
20
103.115977607938
30
0
0
VERTEX
8
0
10
89.3039690588334
20
103.253259037673
30
0
0
VERTEX
8
0
10
89.5643304846609
20
103.393694010034
30
0
0
VERTEX
8
0
10
89.8246919104884
20
103.519878855627
30
0
0
VERTEX
8
0
10
90.0850533363159
20
103.659110293017
30
0
0
VERTEX
8
0
10
90.3454147621433
20
103.794216802321
30
0
0
VERTEX
8
0
10
90.6057761879709
20
103.899103406847
30
0
0
VERTEX
8
0
10
90.8661376137984
20
104.030198421568
30
0
0
VERTEX
8
0
10
91.1264990396259
20
104.137524789428
30
0
0
VERTEX
8
0
10
91.3868604654534
20
104.255924373195
30
0
0
VERTEX
8
0
10
91.6472218912809
20
104.373797450432
30
0
0
VERTEX
8
0
10
91.9075833171083
20
104.479818532394
30
0
0
VERTEX
8
0
10
92.1679447429358
20
104.607961556954
30
0
0
VERTEX
8
0
10
92.4283061687634
20
104.712740651608
30
0
0
VERTEX
8
0
10
92.6886675945909
20
104.826683625914
30
0
0
VERTEX
8
0
10
92.9490290204184
20
104.943554767283
30
0
0
VERTEX
8
0
10
93.2093904462458
20
105.046574627072
30
0
0
VERTEX
8
0
10
93.4697518720733
20
105.162373237044
30
0
0
VERTEX
8
0
10
93.7301132979008
20
105.274250884542
30
0
0
VERTEX
8
0
10
93.9904747237283
20
105.376500028295
30
0
0
VERTEX
8
0
10
94.2508361495558
20
105.499789753367
30
0
0
VERTEX
8
0
10
94.5111975753833
20
105.60080804551
30
0
0
VERTEX
8
0
10
94.7715590012108
20
105.712167793466
30
0
0
VERTEX
8
0
10
95.0319204270383
20
105.822997336736
30
0
0
VERTEX
8
0
10
95.2922818528658
20
105.922694461447
30
0
0
VERTEX
8
0
10
95.5526432786933
20
106.04306415464
30
0
0
VERTEX
8
0
10
95.8130047045208
20
106.136447465555
30
0
0
VERTEX
8
0
10
96.0733661303483
20
106.23800484658
30
0
0
VERTEX
8
0
10
96.3337275561758
20
106.342270012715
30
0
0
VERTEX
8
0
10
96.5940889820033
20
106.433981978724
30
0
0
VERTEX
8
0
10
96.8544504078308
20
106.537085113766
30
0
0
VERTEX
8
0
10
97.1148118336583
20
106.636511396277
30
0
0
VERTEX
8
0
10
97.3751732594858
20
106.726915009585
30
0
0
VERTEX
8
0
10
97.6355346853133
20
106.836946275992
30
0
0
VERTEX
8
0
10
97.8958961111408
20
106.92615840805
30
0
0
VERTEX
8
0
10
98.1562575369683
20
107.024995808616
30
0
0
VERTEX
8
0
10
98.4166189627958
20
107.125631034315
30
0
0
VERTEX
8
0
10
98.6769803886233
20
107.216172412585
30
0
0
VERTEX
8
0
10
98.9373418144508
20
107.325868417331
30
0
0
VERTEX
8
0
10
99.1977032402783
20
107.415135211981
30
0
0
VERTEX
8
0
10
99.4580646661058
20
107.512325204644
30
0
0
VERTEX
8
0
10
99.7184260919333
20
107.611999597192
30
0
0
VERTEX
8
0
10
99.9787875177608
20
107.699955358488
30
0
0
VERTEX
8
0
10
100.239148943588
20
107.798480367004
30
0
0
VERTEX
8
0
10
100.499510369416
20
107.893547510544
30
0
0
VERTEX
8
0
10
100.759871795243
20
107.980188957938
30
0
0
VERTEX
8
0
10
101.020233221071
20
108.084497939525
30
0
0
VERTEX
8
0
10
101.280594646898
20
108.169143715608
30
0
0
VERTEX
8
0
10
101.540956072726
20
108.262696177604
30
0
0
VERTEX
8
0
10
101.801317498553
20
108.355726580202
30
0
0
VERTEX
8
0
10
102.061678924381
20
108.439063312939
30
0
0
VERTEX
8
0
10
102.322040350208
20
108.540220848678
30
0
0
VERTEX
8
0
10
102.582401776036
20
108.622405053602
30
0
0
VERTEX
8
0
10
102.842763201863
20
108.711900748236
30
0
0
VERTEX
8
0
10
103.103124627691
20
108.803663669605
30
0
0
VERTEX
8
0
10
103.363486053518
20
108.884542488519
30
0
0
VERTEX
8
0
10
103.623847479346
20
108.969377346593
30
0
0
VERTEX
8
0
10
103.884208905173
20
109.045640912488
30
0
0
VERTEX
8
0
10
104.144570331001
20
109.11564960106
30
0
0
VERTEX
8
0
10
104.404931756828
20
109.201984817553
30
0
0
VERTEX
8
0
10
104.665293182656
20
109.270378598385
30
0
0
VERTEX
8
0
10
104.925654608483
20
109.346985103687
30
0
0
VERTEX
8
0
10
105.186016034311
20
109.423086081842
30
0
0
VERTEX
8
0
10
105.446377460138
20
109.490211196974
30
0
0
VERTEX
8
0
10
105.706738885966
20
109.573771183638
30
0
0
VERTEX
8
0
10
105.967100311793
20
109.639797021974
30
0
0
VERTEX
8
0
10
106.227461737621
20
109.712547628175
30
0
0
VERTEX
8
0
10
106.487823163448
20
109.783982927179
30
0
0
VERTEX
8
0
10
106.748184589276
20
109.845528566261
30
0
0
VERTEX
8
0
10
107.008546015103
20
109.916251956255
30
0
0
VERTEX
8
0
10
107.268907440931
20
109.983976380989
30
0
0
VERTEX
8
0
10
107.529268866758
20
110.044472259084
30
0
0
VERTEX
8
0
10
107.789630292586
20
110.120441809932
30
0
0
VERTEX
8
0
10
108.049991718413
20
110.179869624724
30
0
0
VERTEX
8
0
10
108.310353144241
20
110.246827071395
30
0
0
VERTEX
8
0
10
108.570714570068
20
110.31329036293
30
0
0
VERTEX
8
0
10
108.831075995896
20
110.37147670338
30
0
0
VERTEX
8
0
10
109.091437421723
20
110.445737669025
30
0
0
VERTEX
8
0
10
109.351798847551
20
110.503401195487
30
0
0
VERTEX
8
0
10
109.612160273378
20
110.567254906429
30
0
0
VERTEX
8
0
10
109.872521699206
20
110.632974945295
30
0
0
VERTEX
8
0
10
110.132883125033
20
110.689445183647
30
0
0
VERTEX
8
0
10
110.393244550861
20
110.754115605305
30
0
0
VERTEX
8
0
10
110.653605976688
20
110.816000947451
30
0
0
VERTEX
8
0
10
110.913967402516
20
110.871232272854
30
0
0
VERTEX
8
0
10
111.174328828343
20
110.940592149948
30
0
0
VERTEX
8
0
10
111.434690254171
20
110.994783685198
30
0
0
VERTEX
8
0
10
111.695051679998
20
111.055825507347
30
0
0
VERTEX
8
0
10
111.955413105826
20
111.117436249165
30
0
0
VERTEX
8
0
10
112.215774531653
20
111.171388619723
30
0
0
VERTEX
8
0
10
112.476135957481
20
111.239058836365
30
0
0
VERTEX
8
0
10
112.736497383308
20
111.291977387929
30
0
0
VERTEX
8
0
10
112.996858809136
20
111.350461686922
30
0
0
VERTEX
8
0
10
113.257220234963
20
111.410606490246
30
0
0
VERTEX
8
0
10
113.517581660791
20
111.462290278409
30
0
0
VERTEX
8
0
10
113.777943086618
20
111.521403260659
30
0
0
VERTEX
8
0
10
114.038304512446
20
111.577941852762
30
0
0
VERTEX
8
0
10
114.298665938273
20
111.628392388685
30
0
0
VERTEX
8
0
10
114.559027364101
20
111.6905358622
30
0
0
VERTEX
8
0
10
114.819388789928
20
111.738774140839
30
0
0
VERTEX
8
0
10
115.079750215756
20
111.793198398696
30
0
0
VERTEX
8
0
10
115.340111641583
20
111.847142978204
30
0
0
VERTEX
8
0
10
115.600473067411
20
111.894169504546
30
0
0
VERTEX
8
0
10
115.860834493238
20
111.953594990194
30
0
0
VERTEX
8
0
10
116.121195919066
20
111.999629932564
30
0
0
VERTEX
8
0
10
116.381557344893
20
112.050672585715
30
0
0
VERTEX
8
0
10
116.641918770721
20
112.103184011482
30
0
0
VERTEX
8
0
10
116.902280196548
20
112.146074266101
30
0
0
VERTEX
8
0
10
117.162641622376
20
112.196082338379
30
0
0
VERTEX
8
0
10
117.423003048203
20
112.243963863014
30
0
0
VERTEX
8
0
10
117.683364474031
20
112.286321409358
30
0
0
VERTEX
8
0
10
117.943725899858
20
112.340196607741
30
0
0
VERTEX
8
0
10
118.204087325686
20
112.381585537031
30
0
0
VERTEX
8
0
10
118.464448751513
20
112.428513707793
30
0
0
VERTEX
8
0
10
118.724810177341
20
112.474973411429
30
0
0
VERTEX
8
0
10
118.985171603168
20
112.515176133769
30
0
0
VERTEX
8
0
10
119.245533028996
20
112.566490023939
30
0
0
VERTEX
8
0
10
119.505894454823
20
112.605738632315
30
0
0
VERTEX
8
0
10
119.766255880651
20
112.649177264385
30
0
0
VERTEX
8
0
10
120.026617306478
20
112.693748315882
30
0
0
VERTEX
8
0
10
120.286978732306
20
112.731402435483
30
0
0
VERTEX
8
0
10
120.547340158133
20
112.775013585031
30
0
0
VERTEX
8
0
10
120.807701583961
20
112.816477157359
30
0
0
VERTEX
8
0
10
121.068063009788
20
112.852964684436
30
0
0
VERTEX
8
0
10
121.328424435616
20
112.899716333695
30
0
0
VERTEX
8
0
10
121.588785861443
20
112.935275154885
30
0
0
VERTEX
8
0
10
121.849147287271
20
112.975746680971
30
0
0
VERTEX
8
0
10
122.109508713098
20
113.015973895021
30
0
0
VERTEX
8
0
10
122.369870138926
20
113.050973121829
30
0
0
VERTEX
8
0
10
122.630231564753
20
113.09603736541
30
0
0
VERTEX
8
0
10
122.890592990581
20
113.130324493771
30
0
0
VERTEX
8
0
10
123.150954416408
20
113.168545934117
30
0
0
VERTEX
8
0
10
123.411315842236
20
113.207866756705
30
0
0
VERTEX
8
0
10
123.671677268063
20
113.241008641173
30
0
0
VERTEX
8
0
10
123.932038693891
20
113.279400623913
30
0
0
VERTEX
8
0
10
124.192400119718
20
113.315848212937
30
0
0
VERTEX
8
0
10
124.452761545546
20
113.347850897573
30
0
0
VERTEX
8
0
10
124.713122971373
20
113.388901072911
30
0
0
VERTEX
8
0
10
124.973484397201
20
113.420011788608
30
0
0
VERTEX
8
0
10
125.233845823028
20
113.454866672963
30
0
0
VERTEX
8
0
10
125.494207248856
20
113.489432322634
30
0
0
VERTEX
8
0
10
125.754568674683
20
113.519012141108
30
0
0
VERTEX
8
0
10
126.014930100511
20
113.557245952713
30
0
0
VERTEX
8
0
10
126.275291526338
20
113.585952852781
30
0
0
VERTEX
8
0
10
126.535652952166
20
113.618087822085
30
0
0
VERTEX
8
0
10
126.796014377993
20
113.65115157119
30
0
0
VERTEX
8
0
10
127.056375803821
20
113.678754555995
30
0
0
VERTEX
8
0
10
127.316737229648
20
113.71093072801
30
0
0
VERTEX
8
0
10
127.577098655476
20
113.740886288893
30
0
0
VERTEX
8
0
10
127.837460081303
20
113.767265361656
30
0
0
VERTEX
8
0
10
128.097821507131
20
113.801478550622
30
0
0
VERTEX
8
0
10
128.358182932958
20
113.826965169578
30
0
0
VERTEX
8
0
10
128.618544358786
20
113.856177683849
30
0
0
VERTEX
8
0
10
128.878905784613
20
113.884966891052
30
0
0
VERTEX
8
0
10
129.139267210441
20
113.90937531319
30
0
0
VERTEX
8
0
10
129.399628636268
20
113.94128042138
30
0
0
VERTEX
8
0
10
129.659990062096
20
113.964860872356
30
0
0
VERTEX
8
0
10
129.920351487923
20
113.991385222926
30
0
0
VERTEX
8
0
10
130.180712913751
20
114.016144787013
30
0
0
VERTEX
8
0
10
130.441074339578
20
114.036432057388
30
0
0
VERTEX
8
0
10
130.701435765406
20
114.060649611551
30
0
0
VERTEX
8
0
10
130.961797191233
20
114.083324450849
30
0
0
VERTEX
8
0
10
131.222158617061
20
114.102574001163
30
0
0
VERTEX
8
0
10
131.482520042888
20
114.128593682859
30
0
0
VERTEX
8
0
10
131.742881468716
20
114.147052314361
30
0
0
VERTEX
8
0
10
132.003242894543
20
114.168689369688
30
0
0
VERTEX
8
0
10
132.263604320371
20
114.189926898124
30
0
0
VERTEX
8
0
10
132.523965746198
20
114.207367813126
30
0
0
VERTEX
8
0
10
132.784327172026
20
114.231941694805
30
0
0
VERTEX
8
0
10
133.044688597853
20
114.249909543526
30
0
0
VERTEX
8
0
10
133.305050023681
20
114.270392118088
30
0
0
VERTEX
8
0
10
133.565411449508
20
114.291492565449
30
0
0
VERTEX
8
0
10
133.825772875336
20
114.308483436531
30
0
0
VERTEX
8
0
10
134.086134301163
20
114.328789289647
30
0
0
VERTEX
8
0
10
134.346495726991
20
114.347738766412
30
0
0
VERTEX
8
0
10
134.606857152818
20
114.363736170193
30
0
0
VERTEX
8
0
10
134.867218578646
20
114.385445244765
30
0
0
VERTEX
8
0
10
135.127580004473
20
114.400696431693
30
0
0
VERTEX
8
0
10
135.387941430301
20
114.418915068509
30
0
0
VERTEX
8
0
10
135.648302856128
20
114.435853027568
30
0
0
VERTEX
8
0
10
135.908664281956
20
114.449330854454
30
0
0
VERTEX
8
0
10
136.169025707783
20
114.468169669749
30
0
0
VERTEX
8
0
10
136.429387133611
20
114.480926457929
30
0
0
VERTEX
8
0
10
136.689748559438
20
114.495742798222
30
0
0
VERTEX
8
0
10
136.950109985266
20
114.511040565335
30
0
0
VERTEX
8
0
10
137.210471411093
20
114.522857437297
30
0
0
VERTEX
8
0
10
137.470832836921
20
114.537416647908
30
0
0
VERTEX
8
0
10
137.731194262748
20
114.550803986284
30
0
0
VERTEX
8
0
10
137.991555688576
20
114.561176114712
30
0
0
VERTEX
8
0
10
138.251917114403
20
114.577165343195
30
0
0
VERTEX
8
0
10
138.512278540231
20
114.58826778562
30
0
0
VERTEX
8
0
10
138.772639966058
20
114.601540615683
30
0
0
VERTEX
8
0
10
139.033001391886
20
114.614458407336
30
0
0
VERTEX
8
0
10
139.293362817713
20
114.624653142879
30
0
0
VERTEX
8
0
10
139.553724243541
20
114.639236549387
30
0
0
VERTEX
8
0
10
139.814085669368
20
114.648761378183
30
0
0
VERTEX
8
0
10
140.074447095196
20
114.659944974203
30
0
0
VERTEX
8
0
10
140.334808521023
20
114.671482375346
30
0
0
VERTEX
8
0
10
140.595169946851
20
114.679919778188
30
0
0
VERTEX
8
0
10
140.855531372678
20
114.689331025409
30
0
0
VERTEX
8
0
10
141.115892798506
20
114.696820898621
30
0
0
VERTEX
8
0
10
141.376254224333
20
114.702241841794
30
0
0
VERTEX
8
0
10
141.636615650161
20
114.711471273357
30
0
0
VERTEX
8
0
10
141.896977075988
20
114.716268668577
30
0
0
VERTEX
8
0
10
142.157338501816
20
114.722794672299
30
0
0
VERTEX
8
0
10
142.417699927643
20
114.728998535253
30
0
0
VERTEX
8
0
10
142.678061353471
20
114.732973608265
30
0
0
VERTEX
8
0
10
142.938422779298
20
114.740448391189
30
0
0
VERTEX
8
0
10
143.198784205126
20
114.743823284132
30
0
0
VERTEX
8
0
10
143.459145630953
20
114.750540060529
30
0
0
VERTEX
8
0
10
143.719507056781
20
114.759493716101
30
0
0
VERTEX
8
0
10
143.979868482608
20
114.765353314455
30
0
0
VERTEX
8
0
10
144.240229908436
20
114.772931600047
30
0
0
VERTEX
8
0
10
144.500591334263
20
114.779673995044
30
0
0
VERTEX
8
0
10
144.760952760091
20
114.78473603506
30
0
0
VERTEX
8
0
10
145.021314185918
20
114.792760637611
30
0
0
VERTEX
8
0
10
145.281675611746
20
114.797246754014
30
0
0
VERTEX
8
0
10
145.542037037573
20
114.803049206975
30
0
0
VERTEX
8
0
10
145.802398463401
20
114.808552893727
30
0
0
VERTEX
8
0
10
146.062759889228
20
114.811358093376
30
0
0
VERTEX
8
0
10
146.323121315056
20
114.816113363391
30
0
0
VERTEX
8
0
10
146.583482740883
20
114.817834385543
30
0
0
VERTEX
8
0
10
146.843844166711
20
114.82052299046
30
0
0
VERTEX
8
0
10
147.104205592538
20
114.823358894916
30
0
0
VERTEX
8
0
10
147.364567018366
20
114.824352248028
30
0
0
VERTEX
8
0
10
147.624928444193
20
114.826629612397
30
0
0
VERTEX
8
0
10
147.885289870021
20
114.828228821187
30
0
0
VERTEX
8
0
10
148.145651295848
20
114.828512945109
30
0
0
VERTEX
8
0
10
148.406012721676
20
114.831009732729
30
0
0
VERTEX
8
0
10
148.666374147503
20
114.829978400825
30
0
0
VERTEX
8
0
10
148.926735573331
20
114.829602617193
30
0
0
VERTEX
8
0
10
149.187096999158
20
114.829011112817
30
0
0
VERTEX
8
0
10
149.447458424986
20
114.827051043566
30
0
0
VERTEX
8
0
10
149.707819850813
20
114.827055069377
30
0
0
VERTEX
8
0
10
149.968181276641
20
114.824620290249
30
0
0
VERTEX
8
0
10
150.228542702468
20
114.82286897017
30
0
0
VERTEX
8
0
10
150.488904128296
20
114.821188322757
30
0
0
VERTEX
8
0
10
150.749265554123
20
114.81812030251
30
0
0
VERTEX
8
0
10
151.009626979951
20
114.815956853663
30
0
0
VERTEX
8
0
10
151.269988405778
20
114.813968077292
30
0
0
VERTEX
8
0
10
151.530349831606
20
114.812144724493
30
0
0
VERTEX
8
0
10
151.790711257433
20
114.811894826768
30
0
0
VERTEX
8
0
10
152.051072683261
20
114.809653169156
30
0
0
VERTEX
8
0
10
152.311434109088
20
114.808060398945
30
0
0
VERTEX
8
0
10
152.571795534916
20
114.806240172245
30
0
0
VERTEX
8
0
10
152.832156960743
20
114.80341496304
30
0
0
VERTEX
8
0
10
153.092518386571
20
114.801929115525
30
0
0
VERTEX
8
0
10
153.352879812398
20
114.798696230125
30
0
0
VERTEX
8
0
10
153.613241238226
20
114.795902119513
30
0
0
VERTEX
8
0
10
153.873602664053
20
114.795816776877
30
0
0
VERTEX
8
0
10
154.133964089881
20
114.795112072587
30
0
0
VERTEX
8
0
10
154.394325515708
20
114.79498319901
30
0
0
VERTEX
8
0
10
154.654686941536
20
114.794448630281
30
0
0
VERTEX
8
0
10
154.915048367363
20
114.793209636276
30
0
0
VERTEX
8
0
10
155.175409793191
20
114.792968197042
30
0
0
VERTEX
8
0
10
155.435771219018
20
114.791360396643
30
0
0
SEQEND
8
0
0
POLYLINE
8
0
62
2
70
0
10
0
20
0
30
0
0
VERTEX
8
0
10
13.7991555688578
20
17.5006049319464
30
0
0
VERTEX
8
0
10
14.0595169946853
20
17.6396354204409
30
0
0
VERTEX
8
0
10
14.3198784205128
20
17.7777187969624
30
0
0
VERTEX
8
0
10
14.5802398463403
20
17.9147464039303
30
0
0
VERTEX
8
0
10
14.8406012721678
20
18.0506200488441
30
0
0
VERTEX
8
0
10
15.1009626979953
20
18.1852508975251
30
0
0
VERTEX
8
0
10
15.3613241238228
20
18.318558501412
30
0
0
VERTEX
8
0
10
15.6216855496503
20
18.4504699401179
30
0
0
VERTEX
8
0
10
15.8820469754778
20
18.5809190636511
30
0
0
VERTEX
8
0
10
16.1424084013053
20
18.70984582102
30
0
0
VERTEX
8
0
10
16.4027698271328
20
18.8371956640176
30
0
0
VERTEX
8
0
10
16.6631312529603
20
18.9629190165849
30
0
0
VERTEX
8
0
10
16.9234926787878
20
19.0869708016239
30
0
0
VERTEX
8
0
10
17.1838541046153
20
19.2093100181458
30
0
0
VERTEX
8
0
10
17.4442155304428
20
19.3298993627686
30
0
0
VERTEX
8
0
10
17.7045769562703
20
19.448704890273
30
0
0
VERTEX
8
0
10
17.9649383820978
20
19.5656957088089
30
0
0
VERTEX
8
0
10
18.2252998079253
20
19.6808437055301
30
0
0
VERTEX
8
0
10
18.4856612337528
20
19.7941232995863
30
0
0
VERTEX
8
0
10
18.7460226595803
20
19.9055112190947
30
0
0
VERTEX
8
0
10
19.0063840854078
20
20.0149862997985
30
0
0
VERTEX
8
0
10
19.2667455112354
20
20.1225293028279
30
0
0
VERTEX
8
0
10
19.5271069370629
20
20.2281227496667
30
0
0
VERTEX
8
0
10
19.7874683628904
20
20.331750772532
30
0
0
VERTEX
8
0
10
20.0478297887179
20
20.4333989785194
30
0
0
VERTEX
8
0
10
20.3081912145454
20
20.5330543261555
30
0
0
VERTEX
8
0
10
20.5685526403729
20
20.6307050131184
30
0
0
VERTEX
8
0
10
20.8289140662004
20
20.7263403739813
30
0
0
VERTEX
8
0
10
21.0892754920279
20
20.8199507870257
30
0
0
VERTEX
8
0
10
21.3496369178554
20
20.9115275892969
30
0
0
VERTEX
8
0
10
21.6099983436829
20
21.001062998976
30
0
0
VERTEX
8
0
10
21.8703597695104
20
21.088550044562
30
0
0
VERTEX
8
0
10
22.1307211953379
20
21.1739825000498
30
0
0
VERTEX
8
0
10
22.3910826211654
20
21.2573548257287
30
0
0
VERTEX
8
0
10
22.6514440469929
20
21.3386621139066
30
0
0
VERTEX
8
0
10
22.9118054728204
20
21.4179000393233
30
0
0
VERTEX
8
0
10
23.1721668986479
20
21.4950648136207
30
0
0
VERTEX
8
0
10
23.4325283244754
20
21.5701531437111
30
0
0
VERTEX
8
0
10
23.6928897503029
20
21.6431621935453
30
0
0
VERTEX
8
0
10
23.9532511761304
20
21.7140895491219
30
0
0
VERTEX
8
0
10
24.2136126019579
20
21.7829331863835
30
0
0
VERTEX
8
0
10
24.4739740277855
20
21.8496914417703
30
0
0
VERTEX
8
0
10
24.734335453613
20
21.9143629852545
30
0
0
VERTEX
8
0
10
24.9946968794405
20
21.9769467956077
30
0
0
VERTEX
8
0
10
25.255058305268
20
22.0374421377563
30
0
0
VERTEX
8
0
10
25.5154197310955
20
22.0958485420387
30
0
0
VERTEX
8
0
10
25.775781156923
20
22.1521657852378
30
0
0
VERTEX
8
0
10
26.0361425827505
20
22.2063938732591
30
0
0
VERTEX
8
0
10
26.296504008578
20
22.2585330252825
30
0
0
VERTEX
8
0
10
26.5568654344055
20
22.3085836593611
30
0
0
VERTEX
8
0
10
26.817226860233
20
22.3565463792963
30
0
0
VERTEX
8
0
10
27.0775882860605
20
22.4024219627532
30
0
0
VERTEX
8
0
10
27.337949711888
20
22.4462113504664
30
0
0
VERTEX
8
0
10
27.5983111377155
20
22.4879156365648
30
0
0
VERTEX
8
0
10
27.858672563543
20
22.5275360598294
30
0
0
VERTEX
8
0
10
28.1190339893705
20
22.5650739959305
30
0
0
VERTEX
8
0
10
28.379395415198
20
22.6005309505237
30
0
0
VERTEX
8
0
10
28.6397568410255
20
22.6339085531728
30
0
0
VERTEX
8
0
10
28.900118266853
20
22.6652085520766
30
0
0
VERTEX
8
0
10
29.1604796926805
20
22.6944328095311
30
0
0
VERTEX
8
0
10
29.420841118508
20
22.7215832981098
30
0
0
VERTEX
8
0
10
29.6812025443356
20
22.746662097531
30
0
0
VERTEX
8
0
10
29.9415639701631
20
22.7696713921823
30
0
0
VERTEX
8
0
10
30.2019253959906
20
22.7906134692767
30
0
0
VERTEX
8
0
10
30.4622868218181
20
22.8094907176245
30
0
0
VERTEX
8
0
10
30.7226482476456
20
22.8263056270168
30
0
0
VERTEX
8
0
10
30.9830096734731
20
22.8410607881735
30
0
0
VERTEX
8
0
10
31.2433710993006
20
22.8537588932861
30
0
0
VERTEX
8
0
10
31.5037325251281
20
22.8644027371196
30
0
0
VERTEX
8
0
10
31.7640939509556
20
22.8729952186924
30
0
0
VERTEX
8
0
10
32.0244553767831
20
22.8795393434818
30
0
0
VERTEX
8
0
10
32.2848168026106
20
22.8840382262579
30
0
0
VERTEX
8
0
10
32.5451782284381
20
22.8864950944096
30
0
0
VERTEX
8
0
10
32.8055396542656
20
22.8869132918989
30
0
0
VERTEX
8
0
10
33.0659010800931
20
22.8852962837744
30
0
0
VERTEX
8
0
10
33.3262625059206
20
22.8816476612815
30
0
0
VERTEX
8
0
10
33.5866239317481
20
22.8759711475747
30
0
0
VERTEX
8
0
10
33.8469853575756
20
22.8682706040702
30
0
0
VERTEX
8
0
10
34.1073467834031
20
22.858550037417
30
0
0
VERTEX
8
0
10
34.3677082092306
20
22.8468136071716
30
0
0
VERTEX
8
0
10
34.6280696350581
20
22.8330656341267
30
0
0
VERTEX
8
0
10
34.8884310608857
20
22.8173106093925
30
0
0
VERTEX
8
0
10
35.1487924867132
20
22.7995532042129
30
0
0
VERTEX
8
0
10
35.4091539125407
20
22.7797982806006
30
0
0
VERTEX
8
0
10
35.6695153383682
20
22.7580509027703
30
0
0
VERTEX
8
0
10
35.9298767641957
20
22.7343163494772
30
0
0
VERTEX
8
0
10
36.1902381900232
20
22.7086001272662
30
0
0
VERTEX
8
0
10
36.4505996158507
20
22.6809079847075
30
0
0
VERTEX
8
0
10
36.7109610416782
20
22.6512459276728
30
0
0
VERTEX
8
0
10
36.9713224675057
20
22.6196202357028
30
0
0
VERTEX
8
0
10
37.2316838933332
20
22.5860374795647
30
0
0
VERTEX
8
0
10
37.4920453191607
20
22.5505045400512
30
0
0
VERTEX
8
0
10
37.7524067449882
20
22.5130286281113
30
0
0
VERTEX
8
0
10
38.0127681708157
20
22.4736173064181
30
0
0
VERTEX
8
0
10
38.2731295966432
20
22.4322785124566
30
0
0
VERTEX
8
0
10
38.5334910224707
20
22.3890205832465
30
0
0
VERTEX
8
0
10
38.7938524482982
20
22.3438522818308
30
0
0
VERTEX
8
0
10
39.0542138741257
20
22.2967828256447
30
0
0
VERTEX
8
0
10
39.3145752999532
20
22.2478219169153
30
0
0
VERTEX
8
0
10
39.5749367257807
20
22.196979775259
30
0
0
VERTEX
8
0
10
39.8352981516082
20
22.1442671726305
30
0
0
VERTEX
8
0
10
40.0956595774358
20
22.0896954708264
30
0
0
VERTEX
8
0
10
40.3560210032633
20
22.033276661752
30
0
0
VERTEX
8
0
10
40.6163824290908
20
21.9750234106662
30
0
0
VERTEX
8
0
10
40.8767438549183
20
21.9149491026752
30
0
0
VERTEX
8
0
10
41.1371052807458
20
21.853067892743
30
0
0
VERTEX
8
0
10
41.3974667065733
20
21.7893947595251
30
0
0
VERTEX
8
0
10
41.6578281324008
20
21.7239455633766
30
0
0
VERTEX
8
0
10
41.9181895582283
20
21.6567371089015
30
0
0
VERTEX
8
0
10
42.1785509840558
20
21.5877872124808
30
0
0
VERTEX
8
0
10
42.4389124098833
20
21.5171147752301
30
0
0
VERTEX
8
0
10
42.6992738357108
20
21.4447398619258
30
0
0
VERTEX
8
0
10
42.9596352615383
20
21.3706837864894
30
0
0
VERTEX
8
0
10
43.2199966873658
20
21.2949692046847
30
0
0
VERTEX
8
0
10
43.4803581131933
20
21.2176202147831
30
0
0
VERTEX
8
0
10
43.7407195390208
20
21.13866246703
30
0
0
VERTEX
8
0
10
44.0010809648483
20
21.0581232828952
30
0
0
VERTEX
8
0
10
44.2614423906758
20
20.9760317851731
30
0
0
VERTEX
8
0
10
44.5218038165033
20
20.8924190402169
30
0
0
VERTEX
8
0
10
44.7821652423308
20
20.807318213719
30
0
0
VERTEX
8
0
10
45.0425266681583
20
20.7207647417282
30
0
0
VERTEX
8
0
10
45.3028880939859
20
20.6327965188355
30
0
0
VERTEX
8
0
10
45.5632495198134
20
20.5434541057853
30
0
0
VERTEX
8
0
10
45.8236109456409
20
20.4527809591959
30
0
0
VERTEX
8
0
10
46.0839723714684
20
20.3608236865268
30
0
0
VERTEX
8
0
10
46.3443337972959
20
20.2676323300942
30
0
0
VERTEX
8
0
10
46.6046952231234
20
20.1732606846429
30
0
0
VERTEX
8
0
10
46.8650566489509
20
20.0777666540118
30
0
0
VERTEX
8
0
10
47.1254180747784
20
19.9812126536402
30
0
0
VERTEX
8
0
10
47.3857795006059
20
19.8836660673004
30
0
0
VERTEX
8
0
10
47.6461409264334
20
19.785199768563
30
0
0
VERTEX
8
0
10
47.9065023522609
20
19.685892720343
30
0
0
VERTEX
8
0
10
48.1668637780884
20
19.5858306697274
30
0
0
VERTEX
8
0
10
48.4272252039159
20
19.4851069606049
30
0
0
VERTEX
8
0
10
48.6875866297434
20
19.3838234940981
30
0
0
VERTEX
8
0
10
48.9479480555709
20
19.2820918775875
30
0
0
VERTEX
8
0
10
49.2083094813984
20
19.1800348190182
30
0
0
VERTEX
8
0
10
49.4686709072259
20
19.077787847364
30
0
0
VERTEX
8
0
10
49.7290323330534
20
18.9755014780918
30
0
0
VERTEX
8
0
10
49.9893937588809
20
18.8733440044602
30
0
0
VERTEX
8
0
10
50.2497551847084
20
18.771505201385
30
0
0
VERTEX
8
0
10
50.5101166105359
20
18.6702014192728
30
0
0
VERTEX
8
0
10
50.7704780363635
20
18.5696829085692
30
0
0
VERTEX
8
0
10
51.030839462191
20
18.4702449414903
30
0
0
VERTEX
8
0
10
51.2912008880185
20
18.3722457231984
30
0
0
VERTEX
8
0
10
51.551562313846
20
18.2761360137947
30
0
0
VERTEX
8
0
10
51.8119237396735
20
18.1824990588998
30
0
0
VERTEX
8
0
10
52.072285165501
20
18.0920213305963
30
0
0
VERTEX
8
0
10
52.3326465913285
20
18.0051304011548
30
0
0
VERTEX
8
0
10
52.593008017156
20
17.9216164510338
30
0
0
VERTEX
8
0
10
52.8533694429835
20
17.8409963561828
30
0
0
VERTEX
8
0
10
53.113730868811
20
17.7628647317499
30
0
0
VERTEX
8
0
10
53.3740922946385
20
17.6869250916539
30
0
0
VERTEX
8
0
10
53.634453720466
20
17.6129548527103
30
0
0
VERTEX
8
0
10
53.8948151462935
20
17.5407794472078
30
0
0
VERTEX
8
0
10
54.155176572121
20
17.4702569936779
30
0
0
VERTEX
8
0
10
54.4155379979485
20
17.4012690375968
30
0
0
VERTEX
8
0
10
54.675899423776
20
17.3337146405544
30
0
0
VERTEX
8
0
10
54.9362608496035
20
17.2675064031726
30
0
0
VERTEX
8
0
10
55.196622275431
20
17.202567669972
30
0
0
VERTEX
8
0
10
55.4569837012585
20
17.1388304943842
30
0
0
VERTEX
8
0
10
55.717345127086
20
17.0762341138933
30
0
0
VERTEX
8
0
10
55.9777065529135
20
17.0147237798144
30
0
0
VERTEX
8
0
10
56.238067978741
20
16.9542498409892
30
0
0
VERTEX
8
0
10
56.4984294045685
20
16.8947670138757
30
0
0
VERTEX
8
0
10
56.758790830396
20
16.8362337924242
30
0
0
VERTEX
8
0
10
57.0191522562235
20
16.7786119647479
30
0
0
VERTEX
8
0
10
57.279513682051
20
16.7218662127174
30
0
0
VERTEX
8
0
10
57.5398751078785
20
16.6659637768732
30
0
0
VERTEX
8
0
10
57.800236533706
20
16.6108741734501
30
0
0
VERTEX
8
0
10
58.0605979595335
20
16.556568953452
30
0
0
VERTEX
8
0
10
58.320959385361
20
16.5030214960131
30
0
0
VERTEX
8
0
10
58.5813208111885
20
16.4502068299732
30
0
0
VERTEX
8
0
10
58.841682237016
20
16.3981014788701
30
0
0
VERTEX
8
0
10
59.1020436628435
20
16.3466833255187
30
0
0
VERTEX
8
0
10
59.362405088671
20
16.2959314930887
30
0
0
VERTEX
8
0
10
59.6227665144985
20
16.2458262401734
30
0
0
VERTEX
8
0
10
59.883127940326
20
16.1963488677934
30
0
0
VERTEX
8
0
10
60.1434893661535
20
16.1474816366382
30
0
0
VERTEX
8
0
10
60.403850791981
20
16.0992076931388
30
0
0
VERTEX
8
0
10
60.6642122178084
20
16.0515110031913
30
0
0
VERTEX
8
0
10
60.924573643636
20
16.0043762925416
30
0
0
VERTEX
8
0
10
61.1849350694635
20
15.9577889929938
30
0
0
VERTEX
8
0
10
61.4452964952909
20
15.9117351937301
30
0
0
VERTEX
8
0
10
61.7056579211184
20
15.866201597134
30
0
0
VERTEX
8
0
10
61.9660193469459
20
15.821175478596
30
0
0
VERTEX
8
0
10
62.2263807727734
20
15.776644649851
30
0
0
VERTEX
8
0
10
62.4867421986009
20
15.7325974254608
30
0
0
VERTEX
8
0
10
62.7471036244284
20
15.6890225921008
30
0
0
VERTEX
8
0
10
63.0074650502559
20
15.645909380361
30
0
0
VERTEX
8
0
10
63.2678264760834
20
15.6032474387995
30
0
0
VERTEX
8
0
10
63.5281879019109
20
15.5610268100263
30
0
0
VERTEX
8
0
10
63.7885493277384
20
15.5192379086164
30
0
0
VERTEX
8
0
10
64.0489107535659
20
15.4778715006781
30
0
0
VERTEX
8
0
10
64.3092721793934
20
15.4369186849208
30
0
0
VERTEX
8
0
10
64.5696336052209
20
15.3963708750839
30
0
0
VERTEX
8
0
10
64.8299950310484
20
15.3562197836052
30
0
0
VERTEX
8
0
10
65.0903564568759
20
15.3164574064192
30
0
0
VERTEX
8
0
10
65.3507178827034
20
15.2770760087863
30
0
0
VERTEX
8
0
10
65.6110793085309
20
15.2380681120667
30
0
0
VERTEX
8
0
10
65.8714407343584
20
15.1994264813597
30
0
0
VERTEX
8
0
10
66.1318021601859
20
15.161144113937
30
0
0
VERTEX
8
0
10
66.3921635860134
20
15.1232142284072
30
0
0
VERTEX
8
0
10
66.6525250118409
20
15.0856302545525
30
0
0
VERTEX
8
0
10
66.9128864376684
20
15.0483858237862
30
0
0
VERTEX
8
0
10
67.1732478634959
20
15.0114747601838
30
0
0
VERTEX
8
0
10
67.4336092893234
20
14.9748910720431
30
0
0
VERTEX
8
0
10
67.6939707151509
20
14.9386289439362
30
0
0
VERTEX
8
0
10
67.9543321409784
20
14.902682729216
30
0
0
VERTEX
8
0
10
68.2146935668059
20
14.8670469429458
30
0
0
VERTEX
8
0
10
68.4750549926334
20
14.8317162552212
30
0
0
VERTEX
8
0
10
68.7354164184609
20
14.796685484858
30
0
0
VERTEX
8
0
10
68.9957778442884
20
14.7619495934198
30
0
0
VERTEX
8
0
10
69.2561392701159
20
14.7275036795643
30
0
0
VERTEX
8
0
10
69.5165006959434
20
14.6933429736849
30
0
0
VERTEX
8
0
10
69.7768621217709
20
14.6594628328304
30
0
0
VERTEX
8
0
10
70.0372235475984
20
14.6258587358825
30
0
0
VERTEX
8
0
10
70.2975849734259
20
14.5925262789774
30
0
0
VERTEX
8
0
10
70.5579463992534
20
14.5594611711539
30
0
0
VERTEX
8
0
10
70.8183078250809
20
14.5266592302148
30
0
0
VERTEX
8
0
10
71.0786692509084
20
14.494116378789
30
0
0
VERTEX
8
0
10
71.3390306767359
20
14.4618286405813
30
0
0
VERTEX
8
0
10
71.5993921025634
20
14.4297921367993
30
0
0
VERTEX
8
0
10
71.8597535283909
20
14.398003082747
30
0
0
VERTEX
8
0
10
72.1201149542184
20
14.3664577845749
30
0
0
VERTEX
8
0
10
72.3804763800459
20
14.3351526361783
30
0
0
VERTEX
8
0
10
72.6408378058734
20
14.3040841162344
30
0
0
VERTEX
8
0
10
72.9011992317009
20
14.2732487853722
30
0
0
VERTEX
8
0
10
73.1615606575284
20
14.2426432834653
30
0
0
VERTEX
8
0
10
73.4219220833559
20
14.2122643270434
30
0
0
VERTEX
8
0
10
73.6822835091834
20
14.1821087068144
30
0
0
VERTEX
8
0
10
73.9426449350109
20
14.152173285292
30
0
0
VERTEX
8
0
10
74.2030063608384
20
14.1224549945226
30
0
0
VERTEX
8
0
10
74.4633677866659
20
14.0929508339068
30
0
0
VERTEX
8
0
10
74.7237292124934
20
14.0636578681112
30
0
0
VERTEX
8
0
10
74.9840906383209
20
14.0345732250635
30
0
0
VERTEX
8
0
10
75.2444520641484
20
14.0056940940304
30
0
0
VERTEX
8
0
10
75.5048134899759
20
13.9770177237701
30
0
0
VERTEX
8
0
10
75.7651749158034
20
13.9485414207591
30
0
0
VERTEX
8
0
10
76.0255363416309
20
13.9202625474875
30
0
0
VERTEX
8
0
10
76.2858977674584
20
13.8921785208207
30
0
0
VERTEX
8
0
10
76.5462591932859
20
13.8642868104232
30
0
0
VERTEX
8
0
10
76.8066206191134
20
13.8365849372428
30
0
0
VERTEX
8
0
10
77.0669820449409
20
13.8090704720514
30
0
0
VERTEX
8
0
10
77.3273434707684
20
13.7817410340398
30
0
0
VERTEX
8
0
10
77.5877048965959
20
13.754594289465
30
0
0
VERTEX
8
0
10
77.8480663224234
20
13.7276279503464
30
0
0
VERTEX
8
0
10
78.1084277482509
20
13.700839773209
30
0
0
VERTEX
8
0
10
78.3687891740784
20
13.674227557872
30
0
0
VERTEX
8
0
10
78.6291505999059
20
13.6477891462804
30
0
0
VERTEX
8
0
10
78.8895120257334
20
13.6215224213773
30
0
0
VERTEX
8
0
10
79.1498734515609
20
13.5954253060166
30
0
0
VERTEX
8
0
10
79.4102348773884
20
13.5694957619118
30
0
0
VERTEX
8
0
10
79.6705963032159
20
13.5437317886221
30
0
0
VERTEX
8
0
10
79.9309577290434
20
13.5181314225724
30
0
0
VERTEX
8
0
10
80.1913191548709
20
13.4926927361065
30
0
0
VERTEX
8
0
10
80.4516805806984
20
13.467413836572
30
0
0
VERTEX
8
0
10
80.7120420065259
20
13.4422928654352
30
0
0
VERTEX
8
0
10
80.9724034323534
20
13.4173279974257
30
0
0
VERTEX
8
0
10
81.2327648581809
20
13.3925174397084
30
0
0
VERTEX
8
0
10
81.4931262840084
20
13.3678594310822
30
0
0
VERTEX
8
0
10
81.7534877098359
20
13.3433522412052
30
0
0
VERTEX
8
0
10
82.0138491356634
20
13.3189941698435
30
0
0
VERTEX
8
0
10
82.2742105614909
20
13.2947835461446
30
0
0
VERTEX
8
0
10
82.5345719873184
20
13.2707187279332
30
0
0
VERTEX
8
0
10
82.7949334131459
20
13.2467981010288
30
0
0
VERTEX
8
0
10
83.0552948389734
20
13.2230200785847
30
0
0
VERTEX
8
0
10
83.3156562648009
20
13.1993831004467
30
0
0
VERTEX
8
0
10
83.5760176906284
20
13.1758856325322
30
0
0
VERTEX
8
0
10
83.8363791164559
20
13.1525261662269
30
0
0
VERTEX
8
0
10
84.0967405422834
20
13.1293032178008
30
0
0
VERTEX
8
0
10
84.3571019681109
20
13.1062153278401
30
0
0
VERTEX
8
0
10
84.6174633939384
20
13.0832610606976
30
0
0
VERTEX
8
0
10
84.8778248197659
20
13.0604390039576
30
0
0
VERTEX
8
0
10
85.1381862455934
20
13.0377477679176
30
0
0
VERTEX
8
0
10
85.3985476714209
20
13.015185985084
30
0
0
VERTEX
8
0
10
85.6589090972484
20
12.9927523096829
30
0
0
VERTEX
8
0
10
85.9192705230759
20
12.9704454171849
30
0
0
VERTEX
8
0
10
86.1796319489034
20
12.9482640038429
30
0
0
VERTEX
8
0
10
86.4399933747309
20
12.9262067862428
30
0
0
VERTEX
8
0
10
86.7003548005584
20
12.9042725008677
30
0
0
VERTEX
8
0
10
86.9607162263859
20
12.8824599036728
30
0
0
VERTEX
8
0
10
87.2210776522134
20
12.8607677696735
30
0
0
VERTEX
8
0
10
87.4814390780409
20
12.8391948925432
30
0
0
VERTEX
8
0
10
87.7418005038684
20
12.8177400842236
30
0
0
VERTEX
8
0
10
88.0021619296959
20
12.7964021745439
30
0
0
VERTEX
8
0
10
88.2625233555234
20
12.7751800108518
30
0
0
VERTEX
8
0
10
88.5228847813509
20
12.7540724576535
30
0
0
VERTEX
8
0
10
88.7832462071784
20
12.7330783962627
30
0
0
VERTEX
8
0
10
89.0436076330059
20
12.7121967244602
30
0
0
VERTEX
8
0
10
89.3039690588334
20
12.6914263561614
30
0
0
VERTEX
8
0
10
89.5643304846609
20
12.6707662210927
30
0
0
VERTEX
8
0
10
89.8246919104884
20
12.6502152644762
30
0
0
VERTEX
8
0
10
90.0850533363159
20
12.6297724467225
30
0
0
VERTEX
8
0
10
90.3454147621433
20
12.6094367431318
30
0
0
VERTEX
8
0
10
90.6057761879709
20
12.5892071436018
30
0
0
VERTEX
8
0
10
90.8661376137984
20
12.5690826523433
30
0
0
VERTEX
8
0
10
91.1264990396259
20
12.5490622876033
30
0
0
VERTEX
8
0
10
91.3868604654534
20
12.5291450813943
30
0
0
VERTEX
8
0
10
91.6472218912809
20
12.5093300792309
30
0
0
VERTEX
8
0
10
91.9075833171083
20
12.4896163398724
30
0
0
VERTEX
8
0
10
92.1679447429358
20
12.4700029350724
30
0
0
VERTEX
8
0
10
92.4283061687634
20
12.4504889493335
30
0
0
VERTEX
8
0
10
92.6886675945909
20
12.4310734796686
30
0
0
VERTEX
8
0
10
92.9490290204184
20
12.4117556353681
30
0
0
VERTEX
8
0
10
93.2093904462458
20
12.3925345377722
30
0
0
VERTEX
8
0
10
93.4697518720733
20
12.3734093200485
30
0
0
VERTEX
8
0
10
93.7301132979008
20
12.3543791269756
30
0
0
VERTEX
8
0
10
93.9904747237283
20
12.3354431147311
30
0
0
VERTEX
8
0
10
94.2508361495558
20
12.3166004506847
30
0
0
VERTEX
8
0
10
94.5111975753833
20
12.2978503131966
30
0
0
VERTEX
8
0
10
94.7715590012108
20
12.2791918914196
30
0
0
VERTEX
8
0
10
95.0319204270383
20
12.2606243851069
30
0
0
VERTEX
8
0
10
95.2922818528658
20
12.2421470044231
30
0
0
VERTEX
8
0
10
95.5526432786933
20
12.2237589697609
30
0
0
VERTEX
8
0
10
95.8130047045208
20
12.2054595115603
30
0
0
VERTEX
8
0
10
96.0733661303483
20
12.1872478701334
30
0
0
VERTEX
8
0
10
96.3337275561758
20
12.1691232954923
30
0
0
VERTEX
8
0
10
96.5940889820033
20
12.1510850471808
30
0
0
VERTEX
8
0
10
96.8544504078308
20
12.1331323941101
30
0
0
VERTEX
8
0
10
97.1148118336583
20
12.1152646143984
30
0
0
VERTEX
8
0
10
97.3751732594858
20
12.0974809952132
30
0
0
VERTEX
8
0
10
97.6355346853133
20
12.0797808326178
30
0
0
VERTEX
8
0
10
97.8958961111408
20
12.0621634314208
30
0
0
VERTEX
8
0
10
98.1562575369683
20
12.0446281050289
30
0
0
VERTEX
8
0
10
98.4166189627958
20
12.0271741753029
30
0
0
VERTEX
8
0
10
98.6769803886233
20
12.0098009724166
30
0
0
VERTEX
8
0
10
98.9373418144508
20
11.992507834719
30
0
0
VERTEX
8
0
10
99.1977032402783
20
11.9752941085994
30
0
0
VERTEX
8
0
10
99.4580646661058
20
11.958159148355
30
0
0
VERTEX
8
0
10
99.7184260919333
20
11.9411023160615
30
0
0
VERTEX
8
0
10
99.9787875177608
20
11.9241229814467
30
0
0
VERTEX
8
0
10
100.239148943588
20
11.907220521766
30
0
0
VERTEX
8
0
10
100.499510369416
20
11.8903943216811
30
0
0
VERTEX
8
0
10
100.759871795243
20
11.8736437731414
30
0
0
VERTEX
8
0
10
101.020233221071
20
11.8569682752665
30
0
0
VERTEX
8
0
10
101.280594646898
20
11.840367234233
30
0
0
VERTEX
8
0
10
101.540956072726
20
11.8238400631621
30
0
0
VERTEX
8
0
10
101.801317498553
20
11.8073861820099
30
0
0
VERTEX
8
0
10
102.061678924381
20
11.7910050174606
30
0
0
VERTEX
8
0
10
102.322040350208
20
11.7746960028205
30
0
0
VERTEX
8
0
10
102.582401776036
20
11.7584585779153
30
0
0
VERTEX
8
0
10
102.842763201863
20
11.742292188989
30
0
0
VERTEX
8
0
10
103.103124627691
20
11.7261962886044
30
0
0
VERTEX
8
0
10
103.363486053518
20
11.7101703355465
30
0
0
VERTEX
8
0
10
103.623847479346
20
11.6942137947268
30
0
0
VERTEX
8
0
10
103.884208905173
20
11.67832613709
30
0
0
VERTEX
8
0
10
104.144570331001
20
11.6625068395225
30
0
0
VERTEX
8
0
10
104.404931756828
20
11.6467553847625
30
0
0
VERTEX
8
0
10
104.665293182656
20
11.6310712613119
30
0
0
VERTEX
8
0
10
104.925654608483
20
11.6154539633499
30
0
0
VERTEX
8
0
10
105.186016034311
20
11.5999029906483
30
0
0
VERTEX
8
0
10
105.446377460138
20
11.5844178484881
30
0
0
VERTEX
8
0
10
105.706738885966
20
11.5689980475783
30
0
0
VERTEX
8
0
10
105.967100311793
20
11.5536431039755
30
0
0
VERTEX
8
0
10
106.227461737621
20
11.5383525390055
30
0
0
VERTEX
8
0
10
106.487823163448
20
11.5231258791863
30
0
0
VERTEX
8
0
10
106.748184589276
20
11.5079626561522
30
0
0
VERTEX
8
0
10
107.008546015103
20
11.4928624065798
30
0
0
VERTEX
8
0
10
107.268907440931
20
11.4778246721149
30
0
0
VERTEX
8
0
10
107.529268866758
20
11.4628489993011
30
0
0
VERTEX
8
0
10
107.789630292586
20
11.4479349395098
30
0
0
VERTEX
8
0
10
108.049991718413
20
11.4330820488704
30
0
0
VERTEX
8
0
10
108.310353144241
20
11.4182898882036
30
0
0
VERTEX
8
0
10
108.570714570068
20
11.4035580229542
30
0
0
VERTEX
8
0
10
108.831075995896
20
11.3888860231262
30
0
0
VERTEX
8
0
10
109.091437421723
20
11.3742734632184
30
0
0
VERTEX
8
0
10
109.351798847551
20
11.3597199221617
30
0
0
VERTEX
8
0
10
109.612160273378
20
11.3452249832569
30
0
0
VERTEX
8
0
10
109.872521699206
20
11.3307882341142
30
0
0
VERTEX
8
0
10
110.132883125033
20
11.3164092665935
30
0
0
VERTEX
8
0
10
110.393244550861
20
11.3020876767456
30
0
0
VERTEX
8
0
10
110.653605976688
20
11.2878230647545
30
0
0
VERTEX
8
0
10
110.913967402516
20
11.273615034881
30
0
0
VERTEX
8
0
10
111.174328828343
20
11.2594631954071
30
0
0
VERTEX
8
0
10
111.434690254171
20
11.2453671585811
30
0
0
VERTEX
8
0
10
111.695051679998
20
11.2313265405638
30
0
0
VERTEX
8
0
10
111.955413105826
20
11.2173409613761
30
0
0
VERTEX
8
0
10
112.215774531653
20
11.2034100448466
30
0
0
VERTEX
8
0
10
112.476135957481
20
11.1895334185612
30
0
0
VERTEX
8
0
10
112.736497383308
20
11.175710713812
30
0
0
VERTEX
8
0
10
112.996858809136
20
11.1619415655488
30
0
0
VERTEX
8
0
10
113.257220234963
20
11.1482256123304
30
0
0
VERTEX
8
0
10
113.517581660791
20
11.1345624962768
30
0
0
VERTEX
8
0
10
113.777943086618
20
11.1209518630223
30
0
0
VERTEX
8
0
10
114.038304512446
20
11.1073933616695
30
0
0
VERTEX
8
0
10
114.298665938273
20
11.093886644744
30
0
0
VERTEX
8
0
10
114.559027364101
20
11.0804313681499
30
0
0
VERTEX
8
0
10
114.819388789928
20
11.0670271911255
30
0
0
VERTEX
8
0
10
115.079750215756
20
11.0536737762008
30
0
0
VERTEX
8
0
10
115.340111641583
20
11.0403707891546
30
0
0
VERTEX
8
0
10
115.600473067411
20
11.0271178989729
30
0
0
VERTEX
8
0
10
115.860834493238
20
11.0139147778079
30
0
0
VERTEX
8
0
10
116.121195919066
20
11.0007611009378
30
0
0
VERTEX
8
0
10
116.381557344893
20
10.9876565467265
30
0
0
VERTEX
8
0
10
116.641918770721
20
10.9746007965849
30
0
0
VERTEX
8
0
10
116.902280196548
20
10.9615935349325
30
0
0
VERTEX
8
0
10
117.162641622376
20
10.9486344491593
30
0
0
VERTEX
8
0
10
117.423003048203
20
10.9357232295885
30
0
0
VERTEX
8
0
10
117.683364474031
20
10.9228595694402
30
0
0
VERTEX
8
0
10
117.943725899858
20
10.9100431647948
30
0
0
VERTEX
8
0
10
118.204087325686
20
10.8972737145578
30
0
0
VERTEX
8
0
10
118.464448751513
20
10.8845509204247
30
0
0
VERTEX
8
0
10
118.724810177341
20
10.8718744868468
30
0
0
VERTEX
8
0
10
118.985171603168
20
10.859244120997
30
0
0
VERTEX
8
0
10
119.245533028996
20
10.8466595327364
30
0
0
VERTEX
8
0
10
119.505894454823
20
10.8341204345818
30
0
0
VERTEX
8
0
10
119.766255880651
20
10.8216265416733
30
0
0
VERTEX
8
0
10
120.026617306478
20
10.809177571742
30
0
0
VERTEX
8
0
10
120.286978732306
20
10.7967732450791
30
0
0
VERTEX
8
0
10
120.547340158133
20
10.7844132845051
30
0
0
VERTEX
8
0
10
120.807701583961
20
10.7720974153388
30
0
0
VERTEX
8
0
10
121.068063009788
20
10.759825365368
30
0
0
VERTEX
8
0
10
121.328424435616
20
10.7475968648195
30
0
0
VERTEX
8
0
10
121.588785861443
20
10.7354116463305
30
0
0
VERTEX
8
0
10
121.849147287271
20
10.7232694449195
30
0
0
VERTEX
8
0
10
122.109508713098
20
10.7111699979587
30
0
0
VERTEX
8
0
10
122.369870138926
20
10.6991130451454
30
0
0
VERTEX
8
0
10
122.630231564753
20
10.6870983284755
30
0
0
VERTEX
8
0
10
122.890592990581
20
10.6751255922161
30
0
0
VERTEX
8
0
10
123.150954416408
20
10.663194582879
30
0
0
VERTEX
8
0
10
123.411315842236
20
10.6513050491944
30
0
0
VERTEX
8
0
10
123.671677268063
20
10.6394567420855
30
0
0
VERTEX
8
0
10
123.932038693891
20
10.6276494146427
30
0
0
VERTEX
8
0
10
124.192400119718
20
10.6158828220989
30
0
0
VERTEX
8
0
10
124.452761545546
20
10.6041567218045
30
0
0
VERTEX
8
0
10
124.713122971373
20
10.5924708732033
30
0
0
VERTEX
8
0
10
124.973484397201
20
10.5808250378085
30
0
0
VERTEX
8
0
10
125.233845823028
20
10.5692189791791
30
0
0
VERTEX
8
0
10
125.494207248856
20
10.5576524628966
30
0
0
VERTEX
8
0
10
125.754568674683
20
10.5461252565419
30
0
0
VERTEX
8
0
10
126.014930100511
20
10.534637129673
30
0
0
VERTEX
8
0
10
126.275291526338
20
10.5231878538024
30
0
0
VERTEX
8
0
10
126.535652952166
20
10.5117772023755
30
0
0
VERTEX
8
0
10
126.796014377993
20
10.5004049507484
30
0
0
VERTEX
8
0
10
127.056375803821
20
10.489070876167
30
0
0
VERTEX
8
0
10
127.316737229648
20
10.4777747577455
30
0
0
VERTEX
8
0
10
127.577098655476
20
10.4665163764463
30
0
0
VERTEX
8
0
10
127.837460081303
20
10.4552955150589
30
0
0
VERTEX
8
0
10
128.097821507131
20
10.4441119581797
30
0
0
VERTEX
8
0
10
128.358182932958
20
10.4329654921925
30
0
0
VERTEX
8
0
10
128.618544358786
20
10.4218559052488
30
0
0
VERTEX
8
0
10
128.878905784613
20
10.4107829872481
30
0
0
VERTEX
8
0
10
129.139267210441
20
10.399746529819
30
0
0
VERTEX
8
0
10
129.399628636268
20
10.3887463263005
30
0
0
VERTEX
8
0
10
129.659990062096
20
10.377782171723
30
0
0
VERTEX
8
0
10
129.920351487923
20
10.3668538627904
30
0
0
VERTEX
8
0
10
130.180712913751
20
10.355961197862
30
0
0
VERTEX
8
0
10
130.441074339578
20
10.3451039769344
30
0
0
VERTEX
8
0
10
130.701435765406
20
10.3342820016239
30
0
0
VERTEX
8
0
10
130.961797191233
20
10.3234950751496
30
0
0
VERTEX
8
0
10
131.222158617061
20
10.3127430023156
30
0
0
VERTEX
8
0
10
131.482520042888
20
10.3020255894947
30
0
0
VERTEX
8
0
10
131.742881468716
20
10.2913426446114
30
0
0
VERTEX
8
0
10
132.003242894543
20
10.2806939771258
30
0
0
VERTEX
8
0
10
132.263604320371
20
10.2700793980166
30
0
0
VERTEX
8
0
10
132.523965746198
20
10.2594987197662
30
0
0
VERTEX
8
0
10
132.784327172026
20
10.248951756344
30
0
0
VERTEX
8
0
10
133.044688597853
20
10.2384383231911
30
0
0
VERTEX
8
0
10
133.305050023681
20
10.2279582372051
30
0
0
VERTEX
8
0
10
133.565411449508
20
10.2175113167247
30
0
0
VERTEX
8
0
10
133.825772875336
20
10.2070973815145
30
0
0
VERTEX
8
0
10
134.086134301163
20
10.196716252751
30
0
0
VERTEX
8
0
10
134.346495726991
20
10.1863677530071
30
0
0
VERTEX
8
0
10
134.606857152818
20
10.176051706238
30
0
0
VERTEX
8
0
10
134.867218578646
20
10.1657679377674
30
0
0
VERTEX
8
0
10
135.127580004473
20
10.1555162742728
30
0
0
VERTEX
8
0
10
135.387941430301
20
10.1452965437719
30
0
0
VERTEX
8
0
10
135.648302856128
20
10.1351085756093
30
0
0
VERTEX
8
0
10
135.908664281956
20
10.1249522004423
30
0
0
VERTEX
8
0
10
136.169025707783
20
10.1148272502281
30
0
0
VERTEX
8
0
10
136.429387133611
20
10.1047335582104
30
0
0
VERTEX
8
0
10
136.689748559438
20
10.0946709589064
30
0
0
VERTEX
8
0
10
136.950109985266
20
10.0846392880941
30
0
0
VERTEX
8
0
10
137.210471411093
20
10.0746383827995
30
0
0
VERTEX
8
0
10
137.470832836921
20
10.0646680812841
30
0
0
VERTEX
8
0
10
137.731194262748
20
10.0547282230327
30
0
0
VERTEX
8
0
10
137.991555688576
20
10.0448186487409
30
0
0
VERTEX
8
0
10
138.251917114403
20
10.0349392003034
30
0
0
VERTEX
8
0
10
138.512278540231
20
10.0250897208017
30
0
0
VERTEX
8
0
10
138.772639966058
20
10.0152700544928
30
0
0
VERTEX
8
0
10
139.033001391886
20
10.0054800467972
30
0
0
VERTEX
8
0
10
139.293362817713
20
9.99571954428774
30
0
0
VERTEX
8
0
10
139.553724243541
20
9.98598839467806
30
0
0
VERTEX
8
0
10
139.814085669368
20
9.97628644681151
30
0
0
VERTEX
8
0
10
140.074447095196
20
9.96661355065013
30
0
0
VERTEX
8
0
10
140.334808521023
20
9.95696955726368
30
0
0
VERTEX
8
0
10
140.595169946851
20
9.94735431881884
30
0
0
VERTEX
8
0
10
140.855531372678
20
9.93776768856872
30
0
0
VERTEX
8
0
10
141.115892798506
20
9.92820952084216
30
0
0
VERTEX
8
0
10
141.376254224333
20
9.91867967103344
30
0
0
VERTEX
8
0
10
141.636615650161
20
9.90917799559199
30
0
0
VERTEX
8
0
10
141.896977075988
20
9.89970435201229
30
0
0
VERTEX
8
0
10
142.157338501816
20
9.89025859882372
30
0
0
VERTEX
8
0
10
142.417699927643
20
9.88084059558082
30
0
0
VERTEX
8
0
10
142.678061353471
20
9.87145020285346
30
0
0
VERTEX
8
0
10
142.938422779298
20
9.86208728221715
30
0
0
VERTEX
8
0
10
143.198784205126
20
9.85275169624345
30
0
0
VERTEX
8
0
10
143.459145630953
20
9.84344330849065
30
0
0
VERTEX
8
0
10
143.719507056781
20
9.83416198349437
30
0
0
VERTEX
8
0
10
143.979868482608
20
9.82490758675829
30
0
0
VERTEX
8
0
10
144.240229908436
20
9.81567998474523
30
0
0
VERTEX
8
0
10
144.500591334263
20
9.80647904486795
30
0
0
VERTEX
8
0
10
144.760952760091
20
9.79730463548036
30
0
0
VERTEX
8
0
10
145.021314185918
20
9.78815662586874
30
0
0
VERTEX
8
0
10
145.281675611746
20
9.77903488624295
30
0
0
VERTEX
8
0
10
145.542037037573
20
9.76993928772803
30
0
0
VERTEX
8
0
10
145.802398463401
20
9.7608697023555
30
0
0
VERTEX
8
0
10
146.062759889228
20
9.75182600305517
30
0
0
VERTEX
8
0
10
146.323121315056
20
9.74280806364668
30
0
0
VERTEX
8
0
10
146.583482740883
20
9.7338157588314
30
0
0
VERTEX
8
0
10
146.843844166711
20
9.72484896418432
30
0
0
VERTEX
8
0
10
147.104205592538
20
9.71590755614606
30
0
0
VERTEX
8
0
10
147.364567018366
20
9.70699141201484
30
0
0
VERTEX
8
0
10
147.624928444193
20
9.69810040993886
30
0
0
VERTEX
8
0
10
147.885289870021
20
9.6892344289083
30
0
0
VERTEX
8
0
10
148.145651295848
20
9.68039334874791
30
0
0
VERTEX
8
0
10
148.406012721676
20
9.67157705010933
30
0
0
VERTEX
8
0
10
148.666374147503
20
9.66278541446362
30
0
0
VERTEX
8
0
10
148.926735573331
20
9.65401832409386
30
0
0
VERTEX
8
0
10
149.187096999158
20
9.64527566208792
30
0
0
VERTEX
8
0
10
149.447458424986
20
9.63655731233105
30
0
0
VERTEX
8
0
10
149.707819850813
20
9.62786315949902
30
0
0
VERTEX
8
0
10
149.968181276641
20
9.61919308905076
30
0
0
VERTEX
8
0
10
150.228542702468
20
9.61054698722154
30
0
0
VERTEX
8
0
10
150.488904128296
20
9.60192474101607
30
0
0
VERTEX
8
0
10
150.749265554123
20
9.59332623820151
30
0
0
VERTEX
8
0
10
151.009626979951
20
9.58475136730091
30
0
0
VERTEX
8
0
10
151.269988405778
20
9.57620001758636
30
0
0
VERTEX
8
0
10
151.530349831606
20
9.56767207907254
30
0
0
VERTEX
8
0
10
151.790711257433
20
9.55916744251005
30
0
0
VERTEX
8
0
10
152.051072683261
20
9.55068599937899
30
0
0
VERTEX
8
0
10
152.311434109088
20
9.54222764188255
30
0
0
VERTEX
8
0
10
152.571795534916
20
9.53379226294079
30
0
0
VERTEX
8
0
10
152.832156960743
20
9.52537975618418
30
0
0
VERTEX
8
0
10
153.092518386571
20
9.51699001594762
30
0
0
VERTEX
8
0
10
153.352879812398
20
9.50862293726419
30
0
0
VERTEX
8
0
10
153.613241238226
20
9.50027841585917
30
0
0
VERTEX
8
0
10
153.873602664053
20
9.49195634814393
30
0
0
VERTEX
8
0
10
154.133964089881
20
9.48365663121024
30
0
0
VERTEX
8
0
10
154.394325515708
20
9.47537916282413
30
0
0
VERTEX
8
0
10
154.654686941536
20
9.46712384142028
30
0
0
VERTEX
8
0
10
154.915048367363
20
9.45889056609622
30
0
0
VERTEX
8
0
10
155.175409793191
20
9.4506792366067
30
0
0
VERTEX
8
0
10
155.435771219018
20
9.44248975335798
30
0
0
SEQEND
8
0
0
POLYLINE
8
0
62
3
70
0
10
0
20
0
30
0
0
VERTEX
8
0
10
13.7991555688578
20
25.0849787738967
30
0
0
VERTEX
8
0
10
14.0595169946853
20
25.3461007939473
30
0
0
VERTEX
8
0
10
14.3198784205128
20
25.6054387172809
30
0
0
VERTEX
8
0
10
14.5802398463403
20
25.8628898085702
30
0
0
VERTEX
8
0
10
14.8406012721678
20
26.1183608894106
30
0
0
VERTEX
8
0
10
15.1009626979953
20
26.3717673533208
30
0
0
VERTEX
8
0
10
15.3613241238228
20
26.6230322996818
30
0
0
VERTEX
8
0
10
15.6216855496503
20
26.8720857699526
30
0
0
VERTEX
8
0
10
15.8820469754778
20
27.118864072295
30
0
0
VERTEX
8
0
10
16.1424084013053
20
27.363309182832
30
0
0
VERTEX
8
0
10
16.4027698271328
20
27.6053682135904
30
0
0
VERTEX
8
0
10
16.6631312529603
20
27.8449929386214
30
0
0
VERTEX
8
0
10
16.9234926787878
20
28.0821393710805
30
0
0
VERTEX
8
0
10
17.1838541046153
20
28.3167673849796
30
0
0
VERTEX
8
0
10
17.4442155304428
20
28.5488403762987
30
0
0
VERTEX
8
0
10
17.7045769562703
20
28.7783249587811
30
0
0
VERTEX
8
0
10
17.9649383820978
20
29.0051906904874
30
0
0
VERTEX
8
0
10
18.2252998079253
20
29.2294098274302
30
0
0
VERTEX
8
0
10
18.4856612337528
20
29.4509571014961
30
0
0
VERTEX
8
0
10
18.7460226595803
20
29.6698095197472
30
0
0
VERTEX
8
0
10
19.0063840854078
20
29.8859461830038
30
0
0
VERTEX
8
0
10
19.2667455112354
20
30.0993481214837
30
0
0
VERTEX
8
0
10
19.5271069370629
20
30.3099981457868
30
0
0
VERTEX
8
0
10
19.7874683628904
20
30.5178807116475
30
0
0
VERTEX
8
0
10
20.0478297887179
20
30.7229817970095
30
0
0
VERTEX
8
0
10
20.3081912145454
20
30.9252887902102
30
0
0
VERTEX
8
0
10
20.5685526403729
20
31.1247903881831
30
0
0
VERTEX
8
0
10
20.8289140662004
20
31.3214765036707
30
0
0
VERTEX
8
0
10
21.0892754920279
20
31.5153381806013
30
0
0
VERTEX
8
0
10
21.3496369178554
20
31.7063675168845
30
0
0
VERTEX
8
0
10
21.6099983436829
20
31.8945575938385
30
0
0
VERTEX
8
0
10
21.8703597695104
20
32.0799024117604
30
0
0
VERTEX
8
0
10
22.1307211953379
20
32.2623968309572
30
0
0
VERTEX
8
0
10
22.3910826211654
20
32.4420365178653
30
0
0
VERTEX
8
0
10
22.6514440469929
20
32.6188178956852
30
0
0
VERTEX
8
0
10
22.9118054728204
20
32.7927380992729
30
0
0
VERTEX
8
0
10
23.1721668986479
20
32.9637949337766
30
0
0
VERTEX
8
0
10
23.4325283244754
20
33.1319868368344
30
0
0
VERTEX
8
0
10
23.6928897503029
20
33.297312843922
30
0
0
VERTEX
8
0
10
23.9532511761304
20
33.4597725566845
30
0
0
VERTEX
8
0
10
24.2136126019579
20
33.6193661139498
30
0
0
VERTEX
8
0
10
24.4739740277855
20
33.7760941652224
30
0
0
VERTEX
8
0
10
24.734335453613
20
33.9299578464831
30
0
0
VERTEX
8
0
10
24.9946968794405
20
34.0809587580915
30
0
0
VERTEX
8
0
10
25.255058305268
20
34.2290989446473
30
0
0
VERTEX
8
0
10
25.5154197310955
20
34.3743808766535
30
0
0
VERTEX
8
0
10
25.775781156923
20
34.51680743386
30
0
0
VERTEX
8
0
10
26.0361425827505
20
34.6563818901719
30
0
0
VERTEX
8
0
10
26.296504008578
20
34.793107899979
30
0
0
VERTEX
8
0
10
26.5568654344055
20
34.9269894858613
30
0
0
VERTEX
8
0
10
26.817226860233
20
35.0580310275359
30
0
0
VERTEX
8
0
10
27.0775882860605
20
35.1862372519955
30
0
0
VERTEX
8
0
10
27.337949711888
20
35.3116132247225
30
0
0
VERTEX
8
0
10
27.5983111377155
20
35.4341643419774
30
0
0
VERTEX
8
0
10
27.858672563543
20
35.5538963240205
30
0
0
VERTEX
8
0
10
28.1190339893705
20
35.6708152092827
30
0
0
VERTEX
8
0
10
28.379395415198
20
35.7849273493911
30
0
0
VERTEX
8
0
10
28.6397568410255
20
35.8962394050145
30
0
0
VERTEX
8
0
10
28.900118266853
20
36.0047583425017
30
0
0
VERTEX
8
0
10
29.1604796926805
20
36.1104914312548
30
0
0
VERTEX
8
0
10
29.420841118508
20
36.213446241816
30
0
0
VERTEX
8
0
10
29.6812025443356
20
36.313630644638
30
0
0
VERTEX
8
0
10
29.9415639701631
20
36.4110528095079
30
0
0
VERTEX
8
0
10
30.2019253959906
20
36.5057212056001
30
0
0
VERTEX
8
0
10
30.4622868218181
20
36.5976446021381
30
0
0
VERTEX
8
0
10
30.7226482476456
20
36.6868320696563
30
0
0
VERTEX
8
0
10
30.9830096734731
20
36.7732929818227
30
0
0
VERTEX
8
0
10
31.2433710993006
20
36.857037017836
30
0
0
VERTEX
8
0
10
31.5037325251281
20
36.9380741653645
30
0
0
VERTEX
8
0
10
31.7640939509556
20
37.0164147240371
30
0
0
VERTEX
8
0
10
32.0244553767831
20
37.0920693094412
30
0
0
VERTEX
8
0
10
32.2848168026106
20
37.1650488576912
30
0
0
VERTEX
8
0
10
32.5451782284381
20
37.2353646304717
30
0
0
VERTEX
8
0
10
32.8055396542656
20
37.3030282206377
30
0
0
VERTEX
8
0
10
33.0659010800931
20
37.3680515583206
30
0
0
VERTEX
8
0
10
33.3262625059206
20
37.4304469175588
30
0
0
VERTEX
8
0
10
33.5866239317481
20
37.490226923449
30
0
0
VERTEX
8
0
10
33.8469853575756
20
37.5474045598362
30
0
0
VERTEX
8
0
10
34.1073467834031
20
37.6019931775233
30
0
0
VERTEX
8
0
10
34.3677082092306
20
37.6540065030436
30
0
0
VERTEX
8
0
10
34.6280696350581
20
37.7034586479617
30
0
0
VERTEX
8
0
10
34.8884310608857
20
37.7503641187547
30
0
0
VERTEX
8
0
10
35.1487924867132
20
37.7947378272537
30
0
0
VERTEX
8
0
10
35.4091539125407
20
37.8365951016922
30
0
0
VERTEX
8
0
10
35.6695153383682
20
37.875951698335
30
0
0
VERTEX
8
0
10
35.9298767641957
20
37.9128238137481
30
0
0
VERTEX
8
0
10
36.1902381900232
20
37.9472280976986
30
0
0
VERTEX
8
0
10
36.4505996158507
20
37.9791816667225
30
0
0
VERTEX
8
0
10
36.7109610416782
20
38.0087021183775
30
0
0
VERTEX
8
0
10
36.9713224675057
20
38.0358075462019
30
0
0
VERTEX
8
0
10
37.2316838933332
20
38.060516555421
30
0
0
VERTEX
8
0
10
37.4920453191607
20
38.0828482794186
30
0
0
VERTEX
8
0
10
37.7524067449882
20
38.1028223970092
30
0
0
VERTEX
8
0
10
38.0127681708157
20
38.1204591505547
30
0
0
VERTEX
8
0
10
38.2731295966432
20
38.1357793649549
30
0
0
VERTEX
8
0
10
38.5334910224707
20
38.1488044675568
30
0
0
VERTEX
8
0
10
38.7938524482982
20
38.1595565090357
30
0
0
VERTEX
8
0
10
39.0542138741257
20
38.1680581852885
30
0
0
VERTEX
8
0
10
39.3145752999532
20
38.1743328603965
30
0
0
VERTEX
8
0
10
39.5749367257807
20
38.1784045907256
30
0
0
VERTEX
8
0
10
39.8352981516082
20
38.1802981502151
30
0
0
VERTEX
8
0
10
40.0956595774358
20
38.1800390569358
30
0
0
VERTEX
8
0
10
40.3560210032633
20
38.1776536009949
30
0
0
VERTEX
8
0
10
40.6163824290908
20
38.1731688738644
30
0
0
VERTEX
8
0
10
40.8767438549183
20
38.1666127992387
30
0
0
VERTEX
8
0
10
41.1371052807458
20
38.1580141655164
30
0
0
VERTEX
8
0
10
41.3974667065733
20
38.1474026600207
30
0
0
VERTEX
8
0
10
41.6578281324008
20
38.1348089050912
30
0
0
VERTEX
8
0
10
41.9181895582283
20
38.1202644961791
30
0
0
VERTEX
8
0
10
42.1785509840558
20
38.1038020421117
30
0
0
VERTEX
8
0
10
42.4389124098833
20
38.0854552076906
30
0
0
VERTEX
8
0
10
42.6992738357108
20
38.0652587588282
30
0
0
VERTEX
8
0
10
42.9596352615383
20
38.0432486104416
30
0
0
VERTEX
8
0
10
43.2199966873658
20
38.0194618773521
30
0
0
VERTEX
8
0
10
43.4803581131933
20
37.9939369284768
30
0
0
VERTEX
8
0
10
43.7407195390208
20
37.966713444628
30
0
0
VERTEX
8
0
10
44.0010809648483
20
37.9378324803071
30
0
0
VERTEX
8
0
10
44.2614423906758
20
37.9073365298971
30
0
0
VERTEX
8
0
10
44.5218038165033
20
37.8752695987679
30
0
0
VERTEX
8
0
10
44.7821652423308
20
37.8416772798463
30
0
0
VERTEX
8
0
10
45.0425266681583
20
37.8066068363352
30
0
0
VERTEX
8
0
10
45.3028880939859
20
37.7701072913617
30
0
0
VERTEX
8
0
10
45.5632495198134
20
37.7322295254814
30
0
0
VERTEX
8
0
10
45.8236109456409
20
37.6930263831529
30
0
0
VERTEX
8
0
10
46.0839723714684
20
37.6525527895002
30
0
0
VERTEX
8
0
10
46.3443337972959
20
37.6108658789814
30
0
0
VERTEX
8
0
10
46.6046952231234
20
37.5680251379032
30
0
0
VERTEX
8
0
10
46.8650566489509
20
37.5240925631913
30
0
0
VERTEX
8
0
10
47.1254180747784
20
37.4791328403916
30
0
0
VERTEX
8
0
10
47.3857795006059
20
37.4332135446345
30
0
0
VERTEX
8
0
10
47.6461409264334
20
37.386405369294
30
0
0
VERTEX
8
0
10
47.9065023522609
20
37.3387823884087
30
0
0
VERTEX
8
0
10
48.1668637780884
20
37.2904223607562
30
0
0
VERTEX
8
0
10
48.4272252039159
20
37.2414070860079
30
0
0
VERTEX
8
0
10
48.6875866297434
20
37.1918228269534
30
0
0
VERTEX
8
0
10
48.9479480555709
20
37.1417608169613
30
0
0
VERTEX
8
0
10
49.2083094813984
20
37.0913178794744
30
0
0
VERTEX
8
0
10
49.4686709072259
20
37.040597197995
30
0
0
VERTEX
8
0
10
49.7290323330534
20
36.9897092933421
30
0
0
VERTEX
8
0
10
49.9893937588809
20
36.9387732949662
30
0
0
VERTEX
8
0
10
50.2497551847084
20
36.8879186444454
30
0
0
VERTEX
8
0
10
50.5101166105359
20
36.8372874618828
30
0
0
VERTEX
8
0
10
50.7704780363635
20
36.7870379824702
30
0
0
VERTEX
8
0
10
51.030839462191
20
36.7373498224802
30
0
0
VERTEX
8
0
10
51.2912008880185
20
36.6884325190153
30
0
0
VERTEX
8
0
10
51.551562313846
20
36.6405396653365
30
0
0
VERTEX
8
0
10
51.8119237396735
20
36.5939875057165
30
0
0
VERTEX
8
0
10
52.072285165501
20
36.5491371299655
30
0
0
VERTEX
8
0
10
52.3326465913285
20
36.5062085939255
30
0
0
VERTEX
8
0
10
52.593008017156
20
36.4650921637252
30
0
0
VERTEX
8
0
10
52.8533694429835
20
36.425537365736
30
0
0
VERTEX
8
0
10
53.113730868811
20
36.3873327788744
30
0
0
VERTEX
8
0
10
53.3740922946385
20
36.3503224579942
30
0
0
VERTEX
8
0
10
53.634453720466
20
36.3143883646825
30
0
0
VERTEX
8
0
10
53.8948151462935
20
36.2794372514581
30
0
0
VERTEX
8
0
10
54.155176572121
20
36.2453928533504
30
0
0
VERTEX
8
0
10
54.4155379979485
20
36.2121911486681
30
0
0
VERTEX
8
0
10
54.675899423776
20
36.1797773197828
30
0
0
VERTEX
8
0
10
54.9362608496035
20
36.1481036992609
30
0
0
VERTEX
8
0
10
55.196622275431
20
36.1171283203535
30
0
0
VERTEX
8
0
10
55.4569837012585
20
36.0868138574764
30
0
0
VERTEX
8
0
10
55.717345127086
20
36.0571268292609
30
0
0
VERTEX
8
0
10
55.9777065529135
20
36.0280369847192
30
0
0
VERTEX
8
0
10
56.238067978741
20
35.9995168209185
30
0
0
VERTEX
8
0
10
56.4984294045685
20
35.9715411974808
30
0
0
VERTEX
8
0
10
56.758790830396
20
35.9440870239054
30
0
0
VERTEX
8
0
10
57.0191522562235
20
35.917133002684
30
0
0
VERTEX
8
0
10
57.279513682051
20
35.8906594158554
30
0
0
VERTEX
8
0
10
57.5398751078785
20
35.8646479458668
30
0
0
VERTEX
8
0
10
57.800236533706
20
35.839081523877
30
0
0
VERTEX
8
0
10
58.0605979595335
20
35.8139442002598
30
0
0
VERTEX
8
0
10
58.320959385361
20
35.7892210332494
30
0
0
VERTEX
8
0
10
58.5813208111885
20
35.7648979925543
30
0
0
VERTEX
8
0
10
58.841682237016
20
35.7409618754202
30
0
0
VERTEX
8
0
10
59.1020436628435
20
35.7174002331315
30
0
0
VERTEX
8
0
10
59.362405088671
20
35.6942013063236
30
0
0
VERTEX
8
0
10
59.6227665144985
20
35.6713539677824
30
0
0
VERTEX
8
0
10
59.883127940326
20
35.6488476716455
30
0
0
VERTEX
8
0
10
60.1434893661535
20
35.6266724081057
30
0
0
VERTEX
8
0
10
60.403850791981
20
35.6048186628683
30
0
0
VERTEX
8
0
10
60.6642122178084
20
35.5832773807372
30
0
0
VERTEX
8
0
10
60.924573643636
20
35.5620399328017
30
0
0
VERTEX
8
0
10
61.1849350694635
20
35.541098086776
30
0
0
VERTEX
8
0
10
61.4452964952909
20
35.5204439801124
30
0
0
VERTEX
8
0
10
61.7056579211184
20
35.5000700955619
30
0
0
VERTEX
8
0
10
61.9660193469459
20
35.4799692389021
30
0
0
VERTEX
8
0
10
62.2263807727734
20
35.4601345185913
30
0
0
VERTEX
8
0
10
62.4867421986009
20
35.44055932714
30
0
0
VERTEX
8
0
10
62.7471036244284
20
35.4212373240175
30
0
0
VERTEX
8
0
10
63.0074650502559
20
35.4021624199339
30
0
0
VERTEX
8
0
10
63.2678264760834
20
35.3833287623609
30
0
0
VERTEX
8
0
10
63.5281879019109
20
35.3647307221654
30
0
0
VERTEX
8
0
10
63.7885493277384
20
35.346362881252
30
0
0
VERTEX
8
0
10
64.0489107535659
20
35.3282200211166
30
0
0
VERTEX
8
0
10
64.3092721793934
20
35.3102971122274
30
0
0
VERTEX
8
0
10
64.5696336052209
20
35.2925893041591
30
0
0
VERTEX
8
0
10
64.8299950310484
20
35.2750919164118
30
0
0
VERTEX
8
0
10
65.0903564568759
20
35.2578004298562
30
0
0
VERTEX
8
0
10
65.3507178827034
20
35.240710478751
30
0
0
VERTEX
8
0
10
65.6110793085309
20
35.2238178432846
30
0
0
VERTEX
8
0
10
65.8714407343584
20
35.2071184425987
30
0
0
VERTEX
8
0
10
66.1318021601859
20
35.1906083282526
30
0
0
VERTEX
8
0
10
66.3921635860134
20
35.1742836780966
30
0
0
VERTEX
8
0
10
66.6525250118409
20
35.1581407905194
30
0
0
VERTEX
8
0
10
66.9128864376684
20
35.1421760790427
30
0
0
VERTEX
8
0
10
67.1732478634959
20
35.1263860672366
30
0
0
VERTEX
8
0
10
67.4336092893234
20
35.1107673839304
30
0
0
VERTEX
8
0
10
67.6939707151509
20
35.0953167587004
30
0
0
VERTEX
8
0
10
67.9543321409784
20
35.0800310176115
30
0
0
VERTEX
8
0
10
68.2146935668059
20
35.0649070791963
30
0
0
VERTEX
8
0
10
68.4750549926334
20
35.0499419506554
30
0
0
VERTEX
8
0
10
68.7354164184609
20
35.035132724263
30
0
0
VERTEX
8
0
10
68.9957778442884
20
35.0204765739643
30
0
0
VERTEX
8
0
10
69.2561392701159
20
35.0059707521516
30
0
0
VERTEX
8
0
10
69.5165006959434
20
34.9916125866078
30
0
0
VERTEX
8
0
10
69.7768621217709
20
34.9773994776063
30
0
0
VERTEX
8
0
10
70.0372235475984
20
34.9633288951567
30
0
0
VERTEX
8
0
10
70.2975849734259
20
34.9493983763892
30
0
0
VERTEX
8
0
10
70.5579463992534
20
34.9356055230656
30
0
0
VERTEX
8
0
10
70.8183078250809
20
34.9219479992125
30
0
0
VERTEX
8
0
10
71.0786692509084
20
34.9084235288675
30
0
0
VERTEX
8
0
10
71.3390306767359
20
34.8950298939326
30
0
0
VERTEX
8
0
10
71.5993921025634
20
34.8817649321268
30
0
0
VERTEX
8
0
10
71.8597535283909
20
34.8686265350344
30
0
0
VERTEX
8
0
10
72.1201149542184
20
34.8556126462424
30
0
0
VERTEX
8
0
10
72.3804763800459
20
34.8427212595607
30
0
0
VERTEX
8
0
10
72.6408378058734
20
34.8299504173237
30
0
0
VERTEX
8
0
10
72.9011992317009
20
34.8172982087645
30
0
0
VERTEX
8
0
10
73.1615606575284
20
34.8047627684625
30
0
0
VERTEX
8
0
10
73.4219220833559
20
34.792342274855
30
0
0
VERTEX
8
0
10
73.6822835091834
20
34.7800349488153
30
0
0
VERTEX
8
0
10
73.9426449350109
20
34.7678390522886
30
0
0
VERTEX
8
0
10
74.2030063608384
20
34.7557528869859
30
0
0
VERTEX
8
0
10
74.4633677866659
20
34.7437747931313
30
0
0
VERTEX
8
0
10
74.7237292124934
20
34.7319031482613
30
0
0
VERTEX
8
0
10
74.9840906383209
20
34.7201363660712
30
0
0
VERTEX
8
0
10
75.2444520641484
20
34.7084728953101
30
0
0
VERTEX
8
0
10
75.5048134899759
20
34.6969112187166
30
0
0
VERTEX
8
0
10
75.7651749158034
20
34.6854498519991
30
0
0
VERTEX
8
0
10
76.0255363416309
20
34.6740873428544
30
0
0
VERTEX
8
0
10
76.2858977674584
20
34.6628222700239
30
0
0
VERTEX
8
0
10
76.5462591932859
20
34.6516532423864
30
0
0
VERTEX
8
0
10
76.8066206191134
20
34.6405788980849
30
0
0
VERTEX
8
0
10
77.0669820449409
20
34.6295979036864
30
0
0
VERTEX
8
0
10
77.3273434707684
20
34.6187089533716
30
0
0
VERTEX
8
0
10
77.5877048965959
20
34.6079107681568
30
0
0
VERTEX
8
0
10
77.8480663224234
20
34.5972020951412
30
0
0
VERTEX
8
0
10
78.1084277482509
20
34.5865817067842
30
0
0
VERTEX
8
0
10
78.3687891740784
20
34.5760484002058
30
0
0
VERTEX
8
0
10
78.6291505999059
20
34.5656009965144
30
0
0
VERTEX
8
0
10
78.8895120257334
20
34.5552383401561
30
0
0
VERTEX
8
0
10
79.1498734515609
20
34.5449592982882
30
0
0
VERTEX
8
0
10
79.4102348773884
20
34.5347627601733
30
0
0
VERTEX
8
0
10
79.6705963032159
20
34.524647636595
30
0
0
VERTEX
8
0
10
79.9309577290434
20
34.5146128592927
30
0
0
VERTEX
8
0
10
80.1913191548709
20
34.504657380416
30
0
0
VERTEX
8
0
10
80.4516805806984
20
34.4947801719971
30
0
0
VERTEX
8
0
10
80.7120420065259
20
34.4849802254408
30
0
0
VERTEX
8
0
10
80.9724034323534
20
34.4752565510312
30
0
0
VERTEX
8
0
10
81.2327648581809
20
34.4656081774544
30
0
0
VERTEX
8
0
10
81.4931262840084
20
34.4560341513368
30
0
0
VERTEX
8
0
10
81.7534877098359
20
34.4465335367986
30
0
0
VERTEX
8
0
10
82.0138491356634
20
34.4371054150205
30
0
0
VERTEX
8
0
10
82.2742105614909
20
34.4277488838256
30
0
0
VERTEX
8
0
10
82.5345719873184
20
34.4184630572725
30
0
0
VERTEX
8
0
10
82.7949334131459
20
34.4092470652634
30
0
0
VERTEX
8
0
10
83.0552948389734
20
34.4001000531622
30
0
0
VERTEX
8
0
10
83.3156562648009
20
34.3910211814257
30
0
0
VERTEX
8
0
10
83.5760176906284
20
34.3820096252456
30
0
0
VERTEX
8
0
10
83.8363791164559
20
34.3730645742011
30
0
0
VERTEX
8
0
10
84.0967405422834
20
34.3641852319223
30
0
0
VERTEX
8
0
10
84.3571019681109
20
34.3553708157637
30
0
0
VERTEX
8
0
10
84.6174633939384
20
34.3466205564868
30
0
0
VERTEX
8
0
10
84.8778248197659
20
34.3379336979529
30
0
0
VERTEX
8
0
10
85.1381862455934
20
34.3293094968244
30
0
0
VERTEX
8
0
10
85.3985476714209
20
34.3207472222742
30
0
0
VERTEX
8
0
10
85.6589090972484
20
34.3122461557048
30
0
0
VERTEX
8
0
10
85.9192705230759
20
34.3038055904748
30
0
0
VERTEX
8
0
10
86.1796319489034
20
34.2954248316321
30
0
0
VERTEX
8
0
10
86.4399933747309
20
34.2871031956569
30
0
0
VERTEX
8
0
10
86.7003548005584
20
34.2788400102099
30
0
0
VERTEX
8
0
10
86.9607162263859
20
34.2706346138886
30
0
0
VERTEX
8
0
10
87.2210776522134
20
34.2624863559898
30
0
0
VERTEX
8
0
10
87.4814390780409
20
34.2543945962795
30
0
0
VERTEX
8
0
10
87.7418005038684
20
34.2463587047679
30
0
0
VERTEX
8
0
10
88.0021619296959
20
34.2383780614909
30
0
0
VERTEX
8
0
10
88.2625233555234
20
34.2304520562989
30
0
0
VERTEX
8
0
10
88.5228847813509
20
34.2225800886489
30
0
0
VERTEX
8
0
10
88.7832462071784
20
34.2147615674037
30
0
0
VERTEX
8
0
10
89.0436076330059
20
34.2069959106363
30
0
0
VERTEX
8
0
10
89.3039690588334
20
34.1992825454391
30
0
0
VERTEX
8
0
10
89.5643304846609
20
34.1916209077385
30
0
0
VERTEX
8
0
10
89.8246919104884
20
34.1840104421131
30
0
0
VERTEX
8
0
10
90.0850533363159
20
34.176450601619
30
0
0
VERTEX
8
0
10
90.3454147621433
20
34.1689408476171
30
0
0
VERTEX
8
0
10
90.6057761879709
20
34.1614806496064
30
0
0
VERTEX
8
0
10
90.8661376137984
20
34.1540694850606
30
0
0
VERTEX
8
0
10
91.1264990396259
20
34.1467068392702
30
0
0
VERTEX
8
0
10
91.3868604654534
20
34.1393922051864
30
0
0
VERTEX
8
0
10
91.6472218912809
20
34.1321250832711
30
0
0
VERTEX
8
0
10
91.9075833171083
20
34.1249049813493
30
0
0
VERTEX
8
0
10
92.1679447429358
20
34.1177314144658
30
0
0
VERTEX
8
0
10
92.4283061687634
20
34.1106039047447
30
0
0
VERTEX
8
0
10
92.6886675945909
20
34.1035219812534
30
0
0
VERTEX
8
0
10
92.9490290204184
20
34.0964851798688
30
0
0
VERTEX
8
0
10
93.2093904462458
20
34.0894930431474
30
0
0
VERTEX
8
0
10
93.4697518720733
20
34.0825451201987
30
0
0
VERTEX
8
0
10
93.7301132979008
20
34.075640966561
30
0
0
VERTEX
8
0
10
93.9904747237283
20
34.0687801440803
30
0
0
VERTEX
8
0
10
94.2508361495558
20
34.0619622207929
30
0
0
VERTEX
8
0
10
94.5111975753833
20
34.0551867708093
30
0
0
VERTEX
8
0
10
94.7715590012108
20
34.0484533742022
30
0
0
VERTEX
8
0
10
95.0319204270383
20
34.0417616168963
30
0
0
VERTEX
8
0
10
95.2922818528658
20
34.0351110905609
30
0
0
VERTEX
8
0
10
95.5526432786933
20
34.0285013925051
30
0
0
VERTEX
8
0
10
95.8130047045208
20
34.0219321255753
30
0
0
VERTEX
8
0
10
96.0733661303483
20
34.0154028980547
30
0
0
VERTEX
8
0
10
96.3337275561758
20
34.0089133235658
30
0
0
VERTEX
8
0
10
96.5940889820033
20
34.0024630209744
30
0
0
VERTEX
8
0
10
96.8544504078308
20
33.9960516142965
30
0
0
VERTEX
8
0
10
97.1148118336583
20
33.9896787326066
30
0
0
VERTEX
8
0
10
97.3751732594858
20
33.9833440099478
30
0
0
VERTEX
8
0
10
97.6355346853133
20
33.9770470852456
30
0
0
VERTEX
8
0
10
97.8958961111408
20
33.9707876022211
30
0
0
VERTEX
8
0
10
98.1562575369683
20
33.9645652093085
30
0
0
VERTEX
8
0
10
98.4166189627958
20
33.9583795595724
30
0
0
VERTEX
8
0
10
98.6769803886233
20
33.9522303106287
30
0
0
VERTEX
8
0
10
98.9373418144508
20
33.9461171245654
30
0
0
VERTEX
8
0
10
99.1977032402783
20
33.9400396678668
30
0
0
VERTEX
8
0
10
99.4580646661058
20
33.9339976113381
30
0
0
VERTEX
8
0
10
99.7184260919333
20
33.9279906300324
30
0
0
VERTEX
8
0
10
99.9787875177608
20
33.9220184031784
30
0
0
VERTEX
8
0
10
100.239148943588
20
33.916080614111
30
0
0
VERTEX
8
0
10
100.499510369416
20
33.9101769502016
30
0
0
VERTEX
8
0
10
100.759871795243
20
33.9043071027911
30
0
0
VERTEX
8
0
10
101.020233221071
20
33.8984707671245
30
0
0
VERTEX
8
0
10
101.280594646898
20
33.8926676422853
30
0
0
VERTEX
8
0
10
101.540956072726
20
33.8868974311333
30
0
0
VERTEX
8
0
10
101.801317498553
20
33.8811598402421
30
0
0
VERTEX
8
0
10
102.061678924381
20
33.8754545798384
30
0
0
VERTEX
8
0
10
102.322040350208
20
33.869781363743
30
0
0
VERTEX
8
0
10
102.582401776036
20
33.8641399093121
30
0
0
VERTEX
8
0
10
102.842763201863
20
33.8585299373807
30
0
0
VERTEX
8
0
10
103.103124627691
20
33.8529511722065
30
0
0
VERTEX
8
0
10
103.363486053518
20
33.847403341415
30
0
0
VERTEX
8
0
10
103.623847479346
20
33.8418861759461
30
0
0
VERTEX
8
0
10
103.884208905173
20
33.8363994100015
30
0
0
VERTEX
8
0
10
104.144570331001
20
33.830942780993
30
0
0
VERTEX
8
0
10
104.404931756828
20
33.8255160294918
30
0
0
VERTEX
8
0
10
104.665293182656
20
33.8201188991794
30
0
0
VERTEX
8
0
10
104.925654608483
20
33.8147511367985
30
0
0
VERTEX
8
0
10
105.186016034311
20
33.8094124921059
30
0
0
VERTEX
8
0
10
105.446377460138
20
33.8041027178253
30
0
0
VERTEX
8
0
10
105.706738885966
20
33.7988215696019
30
0
0
VERTEX
8
0
10
105.967100311793
20
33.793568805957
30
0
0
VERTEX
8
0
10
106.227461737621
20
33.7883441882447
30
0
0
VERTEX
8
0
10
106.487823163448
20
33.7831474806076
30
0
0
VERTEX
8
0
10
106.748184589276
20
33.7779784499355
30
0
0
VERTEX
8
0
10
107.008546015103
20
33.7728368658229
30
0
0
VERTEX
8
0
10
107.268907440931
20
33.7677225005288
30
0
0
VERTEX
8
0
10
107.529268866758
20
33.7626351289365
30
0
0
VERTEX
8
0
10
107.789630292586
20
33.7575745285138
30
0
0
VERTEX
8
0
10
108.049991718413
20
33.7525404792752
30
0
0
VERTEX
8
0
10
108.310353144241
20
33.7475327637439
30
0
0
VERTEX
8
0
10
108.570714570068
20
33.7425511669138
30
0
0
VERTEX
8
0
10
108.831075995896
20
33.7375954762142
30
0
0
VERTEX
8
0
10
109.091437421723
20
33.7326654814735
30
0
0
VERTEX
8
0
10
109.351798847551
20
33.7277609748834
30
0
0
VERTEX
8
0
10
109.612160273378
20
33.7228817509659
30
0
0
VERTEX
8
0
10
109.872521699206
20
33.718027606538
30
0
0
VERTEX
8
0
10
110.132883125033
20
33.713198340679
30
0
0
VERTEX
8
0
10
110.393244550861
20
33.7083937546979
30
0
0
VERTEX
8
0
10
110.653605976688
20
33.7036136521014
30
0
0
VERTEX
8
0
10
110.913967402516
20
33.698857838562
30
0
0
VERTEX
8
0
10
111.174328828343
20
33.6941261218872
30
0
0
VERTEX
8
0
10
111.434690254171
20
33.6894183119894
30
0
0
VERTEX
8
0
10
111.695051679998
20
33.6847342208557
30
0
0
VERTEX
8
0
10
111.955413105826
20
33.6800736625185
30
0
0
VERTEX
8
0
10
112.215774531653
20
33.6754364530274
30
0
0
VERTEX
8
0
10
112.476135957481
20
33.6708224104195
30
0
0
VERTEX
8
0
10
112.736497383308
20
33.6662313546932
30
0
0
VERTEX
8
0
10
112.996858809136
20
33.6616631077795
30
0
0
VERTEX
8
0
10
113.257220234963
20
33.6571174935159
30
0
0
VERTEX
8
0
10
113.517581660791
20
33.6525943376199
30
0
0
VERTEX
8
0
10
113.777943086618
20
33.6480934676629
30
0
0
VERTEX
8
0
10
114.038304512446
20
33.6436147130444
30
0
0
VERTEX
8
0
10
114.298665938273
20
33.6391579049676
30
0
0
VERTEX
8
0
10
114.559027364101
20
33.6347228764144
30
0
0
VERTEX
8
0
10
114.819388789928
20
33.630309462121
30
0
0
VERTEX
8
0
10
115.079750215756
20
33.6259174985544
30
0
0
VERTEX
8
0
10
115.340111641583
20
33.6215468238886
30
0
0
VERTEX
8
0
10
115.600473067411
20
33.617197277982
30
0
0
VERTEX
8
0
10
115.860834493238
20
33.6128687023546
30
0
0
VERTEX
8
0
10
116.121195919066
20
33.6085609401655
30
0
0
VERTEX
8
0
10
116.381557344893
20
33.6042738361913
30
0
0
VERTEX
8
0
10
116.641918770721
20
33.6000072368045
30
0
0
VERTEX
8
0
10
116.902280196548
20
33.5957609899521
30
0
0
VERTEX
8
0
10
117.162641622376
20
33.591534945135
30
0
0
VERTEX
8
0
10
117.423003048203
20
33.5873289533877
30
0
0
VERTEX
8
0
10
117.683364474031
20
33.5831428672574
30
0
0
VERTEX
8
0
10
117.943725899858
20
33.5789765407851
30
0
0
VERTEX
8
0
10
118.204087325686
20
33.5748298294855
30
0
0
VERTEX
8
0
10
118.464448751513
20
33.5707025903277
30
0
0
VERTEX
8
0
10
118.724810177341
20
33.5665946817169
30
0
0
VERTEX
8
0
10
118.985171603168
20
33.5625059634754
30
0
0
VERTEX
8
0
10
119.245533028996
20
33.5584362968243
30
0
0
VERTEX
8
0
10
119.505894454823
20
33.5543855443657
30
0
0
VERTEX
8
0
10
119.766255880651
20
33.5503535700648
30
0
0
VERTEX
8
0
10
120.026617306478
20
33.5463402392327
30
0
0
VERTEX
8
0
10
120.286978732306
20
33.542345418509
30
0
0
VERTEX
8
0
10
120.547340158133
20
33.538368975845
30
0
0
VERTEX
8
0
10
120.807701583961
20
33.5344107804873
30
0
0
VERTEX
8
0
10
121.068063009788
20
33.5304707029611
30
0
0
VERTEX
8
0
10
121.328424435616
20
33.5265486150541
30
0
0
VERTEX
8
0
10
121.588785861443
20
33.5226443898014
30
0
0
VERTEX
8
0
10
121.849147287271
20
33.5187579014685
30
0
0
VERTEX
8
0
10
122.109508713098
20
33.5148890255373
30
0
0
VERTEX
8
0
10
122.369870138926
20
33.5110376386903
30
0
0
VERTEX
8
0
10
122.630231564753
20
33.5072036187954
30
0
0
VERTEX
8
0
10
122.890592990581
20
33.5033868448923
30
0
0
VERTEX
8
0
10
123.150954416408
20
33.4995871971768
30
0
0
VERTEX
8
0
10
123.411315842236
20
33.4958045569875
30
0
0
VERTEX
8
0
10
123.671677268063
20
33.4920388067915
30
0
0
VERTEX
8
0
10
123.932038693891
20
33.48828983017
30
0
0
VERTEX
8
0
10
124.192400119718
20
33.484557511806
30
0
0
VERTEX
8
0
10
124.452761545546
20
33.4808417374698
30
0
0
VERTEX
8
0
10
124.713122971373
20
33.4771423940063
30
0
0
VERTEX
8
0
10
124.973484397201
20
33.4734593693217
30
0
0
VERTEX
8
0
10
125.233845823028
20
33.469792552371
30
0
0
VERTEX
8
0
10
125.494207248856
20
33.4661418331456
30
0
0
VERTEX
8
0
10
125.754568674683
20
33.4625071026602
30
0
0
VERTEX
8
0
10
126.014930100511
20
33.4588882529411
30
0
0
VERTEX
8
0
10
126.275291526338
20
33.4552851770139
30
0
0
VERTEX
8
0
10
126.535652952166
20
33.451697768892
30
0
0
VERTEX
8
0
10
126.796014377993
20
33.4481259235643
30
0
0
VERTEX
8
0
10
127.056375803821
20
33.4445695369841
30
0
0
VERTEX
8
0
10
127.316737229648
20
33.4410285060577
30
0
0
VERTEX
8
0
10
127.577098655476
20
33.437502728633
30
0
0
VERTEX
8
0
10
127.837460081303
20
33.4339921034884
30
0
0
VERTEX
8
0
10
128.097821507131
20
33.4304965303225
30
0
0
VERTEX
8
0
10
128.358182932958
20
33.4270159097427
30
0
0
VERTEX
8
0
10
128.618544358786
20
33.423550143255
30
0
0
VERTEX
8
0
10
128.878905784613
20
33.4200991332534
30
0
0
VERTEX
8
0
10
129.139267210441
20
33.4166627830099
30
0
0
VERTEX
8
0
10
129.399628636268
20
33.4132409966638
30
0
0
VERTEX
8
0
10
129.659990062096
20
33.4098336792126
30
0
0
VERTEX
8
0
10
129.920351487923
20
33.4064407365012
30
0
0
VERTEX
8
0
10
130.180712913751
20
33.4030620752131
30
0
0
VERTEX
8
0
10
130.441074339578
20
33.3996976028601
30
0
0
VERTEX
8
0
10
130.701435765406
20
33.3963472277733
30
0
0
VERTEX
8
0
10
130.961797191233
20
33.3930108590937
30
0
0
VERTEX
8
0
10
131.222158617061
20
33.389688406763
30
0
0
VERTEX
8
0
10
131.482520042888
20
33.3863797815144
30
0
0
VERTEX
8
0
10
131.742881468716
20
33.3830848948642
30
0
0
VERTEX
8
0
10
132.003242894543
20
33.3798036591024
30
0
0
VERTEX
8
0
10
132.263604320371
20
33.3765359872843
30
0
0
VERTEX
8
0
10
132.523965746198
20
33.3732817932219
30
0
0
VERTEX
8
0
10
132.784327172026
20
33.3700409914759
30
0
0
VERTEX
8
0
10
133.044688597853
20
33.3668134973465
30
0
0
VERTEX
8
0
10
133.305050023681
20
33.3635992268659
30
0
0
VERTEX
8
0
10
133.565411449508
20
33.36039809679
30
0
0
VERTEX
8
0
10
133.825772875336
20
33.3572100245904
30
0
0
VERTEX
8
0
10
134.086134301163
20
33.3540349284465
30
0
0
VERTEX
8
0
10
134.346495726991
20
33.3508727272378
30
0
0
VERTEX
8
0
10
134.606857152818
20
33.3477233405362
30
0
0
VERTEX
8
0
10
134.867218578646
20
33.3445866885984
30
0
0
VERTEX
8
0
10
135.127580004473
20
33.3414626923585
30
0
0
VERTEX
8
0
10
135.387941430301
20
33.3383512734206
30
0
0
VERTEX
8
0
10
135.648302856128
20
33.3352523540516
30
0
0
VERTEX
8
0
10
135.908664281956
20
33.332165857174
30
0
0
VERTEX
8
0
10
136.169025707783
20
33.3290917063587
30
0
0
VERTEX
8
0
10
136.429387133611
20
33.3260298258184
30
0
0
VERTEX
8
0
10
136.689748559438
20
33.3229801404001
30
0
0
VERTEX
8
0
10
136.950109985266
20
33.319942575579
30
0
0
VERTEX
8
0
10
137.210471411093
20
33.3169170574513
30
0
0
VERTEX
8
0
10
137.470832836921
20
33.3139035127277
30
0
0
VERTEX
8
0
10
137.731194262748
20
33.3109018687271
30
0
0
VERTEX
8
0
10
137.991555688576
20
33.3079120533696
30
0
0
VERTEX
8
0
10
138.251917114403
20
33.304933995171
30
0
0
VERTEX
8
0
10
138.512278540231
20
33.3019676232357
30
0
0
VERTEX
8
0
10
138.772639966058
20
33.2990128672508
30
0
0
VERTEX
8
0
10
139.033001391886
20
33.2960696574801
30
0
0
VERTEX
8
0
10
139.293362817713
20
33.2931379247582
30
0
0
VERTEX
8
0
10
139.553724243541
20
33.2902176004838
30
0
0
VERTEX
8
0
10
139.814085669368
20
33.2873086166147
30
0
0
VERTEX
8
0
10
140.074447095196
20
33.2844109056615
30
0
0
VERTEX
8
0
10
140.334808521023
20
33.281524400682
30
0
0
VERTEX
8
0
10
140.595169946851
20
33.2786490352754
30
0
0
VERTEX
8
0
10
140.855531372678
20
33.275784743577
30
0
0
VERTEX
8
0
10
141.115892798506
20
33.2729314602524
30
0
0
VERTEX
8
0
10
141.376254224333
20
33.2700891204921
30
0
0
VERTEX
8
0
10
141.636615650161
20
33.2672576600061
30
0
0
VERTEX
8
0
10
141.896977075988
20
33.264437015019
30
0
0
VERTEX
8
0
10
142.157338501816
20
33.2616271222639
30
0
0
VERTEX
8
0
10
142.417699927643
20
33.258827918978
30
0
0
VERTEX
8
0
10
142.678061353471
20
33.2560393428973
30
0
0
VERTEX
8
0
10
142.938422779298
20
33.2532613322511
30
0
0
VERTEX
8
0
10
143.198784205126
20
33.2504938257575
30
0
0
VERTEX
8
0
10
143.459145630953
20
33.2477367626187
30
0
0
VERTEX
8
0
10
143.719507056781
20
33.244990082515
30
0
0
VERTEX
8
0
10
143.979868482608
20
33.2422537256013
30
0
0
VERTEX
8
0
10
144.240229908436
20
33.2395276325017
30
0
0
VERTEX
8
0
10
144.500591334263
20
33.2368117443047
30
0
0
VERTEX
8
0
10
144.760952760091
20
33.2341060025589
30
0
0
VERTEX
8
0
10
145.021314185918
20
33.2314103492682
30
0
0
VERTEX
8
0
10
145.281675611746
20
33.2287247268876
30
0
0
VERTEX
8
0
10
145.542037037573
20
33.2260490783181
30
0
0
VERTEX
8
0
10
145.802398463401
20
33.2233833469031
30
0
0
VERTEX
8
0
10
146.062759889228
20
33.2207274764232
30
0
0
VERTEX
8
0
10
146.323121315056
20
33.2180814110925
30
0
0
VERTEX
8
0
10
146.583482740883
20
33.2154450955544
30
0
0
VERTEX
8
0
10
146.843844166711
20
33.2128184748767
30
0
0
VERTEX
8
0
10
147.104205592538
20
33.2102014945482
30
0
0
VERTEX
8
0
10
147.364567018366
20
33.2075941004742
30
0
0
VERTEX
8
0
10
147.624928444193
20
33.2049962389723
30
0
0
VERTEX
8
0
10
147.885289870021
20
33.2024078567693
30
0
0
VERTEX
8
0
10
148.145651295848
20
33.1998289009958
30
0
0
VERTEX
8
0
10
148.406012721676
20
33.1972593191835
30
0
0
VERTEX
8
0
10
148.666374147503
20
33.1946990592607
30
0
0
VERTEX
8
0
10
148.926735573331
20
33.1921480695488
30
0
0
VERTEX
8
0
10
149.187096999158
20
33.1896062987584
30
0
0
VERTEX
8
0
10
149.447458424986
20
33.1870736959852
30
0
0
VERTEX
8
0
10
149.707819850813
20
33.1845502107073
30
0
0
VERTEX
8
0
10
149.968181276641
20
33.1820357927803
30
0
0
VERTEX
8
0
10
150.228542702468
20
33.1795303924348
30
0
0
VERTEX
8
0
10
150.488904128296
20
33.1770339602721
30
0
0
VERTEX
8
0
10
150.749265554123
20
33.1745464472611
30
0
0
VERTEX
8
0
10
151.009626979951
20
33.1720678047343
30
0
0
VERTEX
8
0
10
151.269988405778
20
33.1695979843852
30
0
0
VERTEX
8
0
10
151.530349831606
20
33.1671369382643
30
0
0
VERTEX
8
0
10
151.790711257433
20
33.1646846187757
30
0
0
VERTEX
8
0
10
152.051072683261
20
33.1622409786741
30
0
0
VERTEX
8
0
10
152.311434109088
20
33.1598059710611
30
0
0
VERTEX
8
0
10
152.571795534916
20
33.1573795493827
30
0
0
VERTEX
8
0
10
152.832156960743
20
33.1549616674252
30
0
0
VERTEX
8
0
10
153.092518386571
20
33.1525522793127
30
0
0
VERTEX
8
0
10
153.352879812398
20
33.1501513395035
30
0
0
VERTEX
8
0
10
153.613241238226
20
33.1477588027871
30
0
0
VERTEX
8
0
10
153.873602664053
20
33.1453746242818
30
0
0
VERTEX
8
0
10
154.133964089881
20
33.1429987594305
30
0
0
VERTEX
8
0
10
154.394325515708
20
33.1406311639986
30
0
0
VERTEX
8
0
10
154.654686941536
20
33.1382717940707
30
0
0
VERTEX
8
0
10
154.915048367363
20
33.1359206060477
30
0
0
VERTEX
8
0
10
155.175409793191
20
33.133577556644
30
0
0
VERTEX
8
0
10
155.435771219018
20
33.1312426028844
30
0
0
SEQEND
8
0
0
POLYLINE
8
0
62
4
70
0
10
0
20
0
30
0
0
VERTEX
8
0
10
13.7991555688578
20
26.2612254176165
30
0
0
VERTEX
8
0
10
14.0595169946853
20
26.4684673056188
30
0
0
VERTEX
8
0
10
14.3198784205128
20
26.6750273515599
30
0
0
VERTEX
8
0
10
14.5802398463403
20
26.8808578023414
30
0
0
VERTEX
8
0
10
14.8406012721678
20
27.0859130990916
30
0
0
VERTEX
8
0
10
15.1009626979953
20
27.2901497818758
30
0
0
VERTEX
8
0
10
15.3613241238228
20
27.4935263988441
30
0
0
VERTEX
8
0
10
15.6216855496503
20
27.6960034196435
30
0
0
VERTEX
8
0
10
15.8820469754778
20
27.8975431529248
30
0
0
VERTEX
8
0
10
16.1424084013053
20
28.0981096677749
30
0
0
VERTEX
8
0
10
16.4027698271328
20
28.297668718908
30
0
0
VERTEX
8
0
10
16.6631312529603
20
28.4961876754545
30
0
0
VERTEX
8
0
10
16.9234926787878
20
28.6928378251582
30
0
0
VERTEX
8
0
10
17.1838541046153
20
28.8884400247804
30
0
0
VERTEX
8
0
10
17.4442155304428
20
29.082918143674
30
0
0
VERTEX
8
0
10
17.7045769562703
20
29.2762451773592
30
0
0
VERTEX
8
0
10
17.9649383820978
20
29.4683954317504
30
0
0
VERTEX
8
0
10
18.2252998079253
20
29.6593444703724
30
0
0
VERTEX
8
0
10
18.4856612337528
20
29.8490690641516
30
0
0
VERTEX
8
0
10
18.7460226595803
20
30.0375471436649
30
0
0
VERTEX
8
0
10
19.0063840854078
20
30.2247577537261
30
0
0
VERTEX
8
0
10
19.2667455112354
20
30.4106810101997
30
0
0
VERTEX
8
0
10
19.5271069370629
20
30.5959731704926
30
0
0
VERTEX
8
0
10
19.7874683628904
20
30.7799896853583
30
0
0
VERTEX
8
0
10
20.0478297887179
20
30.9626614881954
30
0
0
VERTEX
8
0
10
20.3081912145454
20
31.1439727481886
30
0
0
VERTEX
8
0
10
20.5685526403729
20
31.323908516175
30
0
0
VERTEX
8
0
10
20.8289140662004
20
31.5024546927834
30
0
0
VERTEX
8
0
10
21.0892754920279
20
31.6795979981491
30
0
0
VERTEX
8
0
10
21.3496369178554
20
31.8553259431293
30
0
0
VERTEX
8
0
10
21.6099983436829
20
32.0296268019433
30
0
0
VERTEX
8
0
10
21.8703597695104
20
32.2024895861714
30
0
0
VERTEX
8
0
10
22.1307211953379
20
32.3733406881398
30
0
0
VERTEX
8
0
10
22.3910826211654
20
32.542589474088
30
0
0
VERTEX
8
0
10
22.6514440469929
20
32.7103741481006
30
0
0
VERTEX
8
0
10
22.9118054728204
20
32.8766862990222
30
0
0
VERTEX
8
0
10
23.1721668986479
20
33.0415181440346
30
0
0
VERTEX
8
0
10
23.4325283244754
20
33.2048625094624
30
0
0
VERTEX
8
0
10
23.6928897503029
20
33.3667128125365
30
0
0
VERTEX
8
0
10
23.9532511761304
20
33.5270630440738
30
0
0
VERTEX
8
0
10
24.2136126019579
20
33.6859077520272
30
0
0
VERTEX
8
0
10
24.4739740277855
20
33.8432420258668
30
0
0
VERTEX
8
0
10
24.734335453613
20
33.9761224145922
30
0
0
VERTEX
8
0
10
24.9946968794405
20
34.0956811310704
30
0
0
VERTEX
8
0
10
25.255058305268
20
34.2138629121156
30
0
0
VERTEX
8
0
10
25.5154197310955
20
34.3306587613504
30
0
0
VERTEX
8
0
10
25.775781156923
20
34.4460602662486
30
0
0
VERTEX
8
0
10
26.0361425827505
20
34.5600595848869
30
0
0
VERTEX
8
0
10
26.296504008578
20
34.6726494332874
30
0
0
VERTEX
8
0
10
26.5568654344055
20
34.783823073331
30
0
0
VERTEX
8
0
10
26.817226860233
20
34.8935743012234
30
0
0
VERTEX
8
0
10
27.0775882860605
20
35.0018974364945
30
0
0
VERTEX
8
0
10
27.337949711888
20
35.0879607978081
30
0
0
VERTEX
8
0
10
27.5983111377155
20
35.1535961387241
30
0
0
VERTEX
8
0
10
27.858672563543
20
35.2180427686101
30
0
0
VERTEX
8
0
10
28.1190339893705
20
35.2812907458682
30
0
0
VERTEX
8
0
10
28.379395415198
20
35.3433306912288
30
0
0
VERTEX
8
0
10
28.6397568410255
20
35.404153779541
30
0
0
VERTEX
8
0
10
28.900118266853
20
35.463751731909
30
0
0
VERTEX
8
0
10
29.1604796926805
20
35.522116808171
30
0
0
VERTEX
8
0
10
29.420841118508
20
35.5792417997133
30
0
0
VERTEX
8
0
10
29.6812025443356
20
35.6351200226168
30
0
0
VERTEX
8
0
10
29.9415639701631
20
35.6897453111299
30
0
0
VERTEX
8
0
10
30.2019253959906
20
35.7454363079402
30
0
0
VERTEX
8
0
10
30.4622868218181
20
35.7992081149557
30
0
0
VERTEX
8
0
10
30.7226482476456
20
35.8516993131976
30
0
0
VERTEX
8
0
10
30.9830096734731
20
35.9029059807067
30
0
0
VERTEX
8
0
10
31.2433710993006
20
35.9528246825324
30
0
0
VERTEX
8
0
10
31.5037325251281
20
36.0014524660412
30
0
0
VERTEX
8
0
10
31.7640939509556
20
36.0487868565226
30
0
0
VERTEX
8
0
10
32.0244553767831
20
36.0948258530826
30
0
0
VERTEX
8
0
10
32.2848168026106
20
36.1395679248252
30
0
0
VERTEX
8
0
10
32.5451782284381
20
36.1830120073137
30
0
0
VERTEX
8
0
10
32.8055396542656
20
36.2213903671312
30
0
0
VERTEX
8
0
10
33.0659010800931
20
36.258980882145
30
0
0
VERTEX
8
0
10
33.3262625059206
20
36.2952950407973
30
0
0
VERTEX
8
0
10
33.5866239317481
20
36.3303332019496
30
0
0
VERTEX
8
0
10
33.8469853575756
20
36.3640961839901
30
0
0
VERTEX
8
0
10
34.1073467834031
20
36.3965852629086
30
0
0
VERTEX
8
0
10
34.3677082092306
20
36.4278021706222
30
0
0
VERTEX
8
0
10
34.6280696350581
20
36.4577490935482
30
0
0
VERTEX
8
0
10
34.8884310608857
20
36.4864286714223
30
0
0
VERTEX
8
0
10
35.1487924867132
20
36.5138439963553
30
0
0
VERTEX
8
0
10
35.4091539125407
20
36.5410927654975
30
0
0
VERTEX
8
0
10
35.6695153383682
20
36.5669783032652
30
0
0
VERTEX
8
0
10
35.9298767641957
20
36.5916053334741
30
0
0
VERTEX
8
0
10
36.1902381900232
20
36.6149788657674
30
0
0
VERTEX
8
0
10
36.4505996158507
20
36.6371043588216
30
0
0
VERTEX
8
0
10
36.7109610416782
20
36.6579877207768
30
0
0
VERTEX
8
0
10
36.9713224675057
20
36.6776353098859
30
0
0
VERTEX
8
0
10
37.2316838933332
20
36.6960539353806
30
0
0
VERTEX
8
0
10
37.4920453191607
20
36.7132508585499
30
0
0
VERTEX
8
0
10
37.7524067449882
20
36.7292337940284
30
0
0
VERTEX
8
0
10
38.0127681708157
20
36.7468314309215
30
0
0
VERTEX
8
0
10
38.2731295966432
20
36.7633322513141
30
0
0
VERTEX
8
0
10
38.5334910224707
20
36.7786288342156
30
0
0
VERTEX
8
0
10
38.7938524482982
20
36.7927310231518
30
0
0
VERTEX
8
0
10
39.0542138741257
20
36.8056491177578
30
0
0
VERTEX
8
0
10
39.3145752999532
20
36.8173938762304
30
0
0
VERTEX
8
0
10
39.5749367257807
20
36.8279765179668
30
0
0
VERTEX
8
0
10
39.8352981516082
20
36.8374087263846
30
0
0
VERTEX
8
0
10
40.0956595774358
20
36.8457026519217
30
0
0
VERTEX
8
0
10
40.3560210032633
20
36.8528709152107
30
0
0
VERTEX
8
0
10
40.6163824290908
20
36.8593963305702
30
0
0
VERTEX
8
0
10
40.8767438549183
20
36.8649229924667
30
0
0
VERTEX
8
0
10
41.1371052807458
20
36.8693619860295
30
0
0
VERTEX
8
0
10
41.3974667065733
20
36.8727278979875
30
0
0
VERTEX
8
0
10
41.6578281324008
20
36.8750358022173
30
0
0
VERTEX
8
0
10
41.9181895582283
20
36.8763012638747
30
0
0
VERTEX
8
0
10
42.1785509840558
20
36.8765403436737
30
0
0
VERTEX
8
0
10
42.4389124098833
20
36.8757696023043
30
0
0
VERTEX
8
0
10
42.6992738357108
20
36.8740061049892
30
0
0
VERTEX
8
0
10
42.9596352615383
20
36.8712674261681
30
0
0
VERTEX
8
0
10
43.2199966873658
20
36.8675716543099
30
0
0
VERTEX
8
0
10
43.4803581131933
20
36.8629373968431
30
0
0
VERTEX
8
0
10
43.7407195390208
20
36.8573837851985
30
0
0
VERTEX
8
0
10
44.0010809648483
20
36.8509304799613
30
0
0
VERTEX
8
0
10
44.2614423906758
20
36.8435976761209
30
0
0
VERTEX
8
0
10
44.5218038165033
20
36.8354061084154
30
0
0
VERTEX
8
0
10
44.7821652423308
20
36.8263770567607
30
0
0
VERTEX
8
0
10
45.0425266681583
20
36.8165323517573
30
0
0
VERTEX
8
0
10
45.3028880939859
20
36.8058943802675
30
0
0
VERTEX
8
0
10
45.5632495198134
20
36.7944860910517
30
0
0
VERTEX
8
0
10
45.8236109456409
20
36.7826273342089
30
0
0
VERTEX
8
0
10
46.0839723714684
20
36.7702957267251
30
0
0
VERTEX
8
0
10
46.3443337972959
20
36.7572639235547
30
0
0
VERTEX
8
0
10
46.6046952231234
20
36.7435572056927
30
0
0
VERTEX
8
0
10
46.8650566489509
20
36.7292014430597
30
0
0
VERTEX
8
0
10
47.1254180747784
20
36.7142231002643
30
0
0
VERTEX
8
0
10
47.3857795006059
20
36.6986492423483
30
0
0
VERTEX
8
0
10
47.6461409264334
20
36.6825075405049
30
0
0
VERTEX
8
0
10
47.9065023522609
20
36.6658262777532
30
0
0
VERTEX
8
0
10
48.1668637780884
20
36.6486343545562
30
0
0
VERTEX
8
0
10
48.4272252039159
20
36.6309612943672
30
0
0
VERTEX
8
0
10
48.6875866297434
20
36.6128372490892
30
0
0
VERTEX
8
0
10
48.9479480555709
20
36.5942930044293
30
0
0
VERTEX
8
0
10
49.2083094813984
20
36.5753599851331
30
0
0
VERTEX
8
0
10
49.4686709072259
20
36.5560702600797
30
0
0
VERTEX
8
0
10
49.7290323330534
20
36.5364565472197
30
0
0
VERTEX
8
0
10
49.9893937588809
20
36.5165522183344
30
0
0
VERTEX
8
0
10
50.2497551847084
20
36.4963913035914
30
0
0
VERTEX
8
0
10
50.5101166105359
20
36.4760084958394
30
0
0
VERTEX
8
0
10
50.7704780363635
20
36.4554391543891
30
0
0
VERTEX
8
0
10
51.030839462191
20
36.4347193068256
30
0
0
VERTEX
8
0
10
51.2912008880185
20
36.4138856399909
30
0
0
VERTEX
8
0
10
51.551562313846
20
36.392975426502
30
0
0
VERTEX
8
0
10
51.8119237396735
20
36.3720260770863
30
0
0
VERTEX
8
0
10
52.072285165501
20
36.3510728851138
30
0
0
VERTEX
8
0
10
52.3326465913285
20
36.3301423651512
30
0
0
VERTEX
8
0
10
52.593008017156
20
36.3092468491773
30
0
0
VERTEX
8
0
10
52.8533694429835
20
36.2883896608501
30
0
0
VERTEX
8
0
10
53.113730868811
20
36.2675714840736
30
0
0
VERTEX
8
0
10
53.3740922946385
20
36.2467924918543
30
0
0
VERTEX
8
0
10
53.634453720466
20
36.2260527694971
30
0
0
VERTEX
8
0
10
53.8948151462935
20
36.2065120291927
30
0
0
VERTEX
8
0
10
54.155176572121
20
36.1868808952195
30
0
0
VERTEX
8
0
10
54.4155379979485
20
36.1672853825384
30
0
0
VERTEX
8
0
10
54.675899423776
20
36.1477255490953
30
0
0
VERTEX
8
0
10
54.9362608496035
20
36.1282014528434
30
0
0
VERTEX
8
0
10
55.196622275431
20
36.1087131517525
30
0
0
VERTEX
8
0
10
55.4569837012585
20
36.0892607038114
30
0
0
VERTEX
8
0
10
55.717345127086
20
36.0698441670268
30
0
0
VERTEX
8
0
10
55.9777065529135
20
36.0504635994232
30
0
0
VERTEX
8
0
10
56.238067978741
20
36.0311190590424
30
0
0
VERTEX
8
0
10
56.4984294045685
20
36.010813891631
30
0
0
VERTEX
8
0
10
56.758790830396
20
35.9905303946024
30
0
0
VERTEX
8
0
10
57.0191522562235
20
35.9702870159927
30
0
0
VERTEX
8
0
10
57.279513682051
20
35.9500838235736
30
0
0
VERTEX
8
0
10
57.5398751078785
20
35.9299208851344
30
0
0
VERTEX
8
0
10
57.800236533706
20
35.9097982684817
30
0
0
VERTEX
8
0
10
58.0605979595335
20
35.8897160414381
30
0
0
VERTEX
8
0
10
58.320959385361
20
35.8696742718421
30
0
0
VERTEX
8
0
10
58.5813208111885
20
35.8496730275468
30
0
0
VERTEX
8
0
10
58.841682237016
20
35.8297123764197
30
0
0
VERTEX
8
0
10
59.1020436628435
20
35.8102112941655
30
0
0
VERTEX
8
0
10
59.362405088671
20
35.7908275964607
30
0
0
VERTEX
8
0
10
59.6227665144985
20
35.7714826786254
30
0
0
VERTEX
8
0
10
59.883127940326
20
35.7521766036092
30
0
0
VERTEX
8
0
10
60.1434893661535
20
35.732909434371
30
0
0
VERTEX
8
0
10
60.403850791981
20
35.7136812338789
30
0
0
VERTEX
8
0
10
60.6642122178084
20
35.6944920651085
30
0
0
VERTEX
8
0
10
60.924573643636
20
35.6753419910436
30
0
0
VERTEX
8
0
10
61.1849350694635
20
35.6562310746745
30
0
0
VERTEX
8
0
10
61.4452964952909
20
35.6371593789978
30
0
0
VERTEX
8
0
10
61.7056579211184
20
35.6191542096083
30
0
0
VERTEX
8
0
10
61.9660193469459
20
35.6016185578607
30
0
0
VERTEX
8
0
10
62.2263807727734
20
35.5841164798358
30
0
0
VERTEX
8
0
10
62.4867421986009
20
35.5666480250978
30
0
0
VERTEX
8
0
10
62.7471036244284
20
35.549213243213
30
0
0
VERTEX
8
0
10
63.0074650502559
20
35.531812183749
30
0
0
VERTEX
8
0
10
63.2678264760834
20
35.5144448962753
30
0
0
VERTEX
8
0
10
63.5281879019109
20
35.4971114303613
30
0
0
VERTEX
8
0
10
63.7885493277384
20
35.4798118355772
30
0
0
VERTEX
8
0
10
64.0489107535659
20
35.4625461614927
30
0
0
VERTEX
8
0
10
64.3092721793934
20
35.4458527043783
30
0
0
VERTEX
8
0
10
64.5696336052209
20
35.4296084069584
30
0
0
VERTEX
8
0
10
64.8299950310484
20
35.4133944952974
30
0
0
VERTEX
8
0
10
65.0903564568759
20
35.3972110111502
30
0
0
VERTEX
8
0
10
65.3507178827034
20
35.3810579962703
30
0
0
VERTEX
8
0
10
65.6110793085309
20
35.364935492408
30
0
0
VERTEX
8
0
10
65.8714407343584
20
35.3488435413117
30
0
0
VERTEX
8
0
10
66.1318021601859
20
35.3327821847259
30
0
0
VERTEX
8
0
10
66.3921635860134
20
35.316751464392
30
0
0
VERTEX
8
0
10
66.6525250118409
20
35.3007514220475
30
0
0
VERTEX
8
0
10
66.9128864376684
20
35.2847820994256
30
0
0
VERTEX
8
0
10
67.1732478634959
20
35.2728436528426
30
0
0
VERTEX
8
0
10
67.4336092893234
20
35.2597341893297
30
0
0
VERTEX
8
0
10
67.6939707151509
20
35.2466456338428
30
0
0
VERTEX
8
0
10
67.9543321409784
20
35.2335780096824
30
0
0
VERTEX
8
0
10
68.2146935668059
20
35.2205313401467
30
0
0
VERTEX
8
0
10
68.4750549926334
20
35.2075056485307
30
0
0
VERTEX
8
0
10
68.7354164184609
20
35.1945009581266
30
0
0
VERTEX
8
0
10
68.9957778442884
20
35.1815172922233
30
0
0
VERTEX
8
0
10
69.2561392701159
20
35.1685546741067
30
0
0
VERTEX
8
0
10
69.5165006959434
20
35.1556131270591
30
0
0
VERTEX
8
0
10
69.7768621217709
20
35.1409168846879
30
0
0
VERTEX
8
0
10
70.0372235475984
20
35.1266401369491
30
0
0
VERTEX
8
0
10
70.2975849734259
20
35.1123893092844
30
0
0
VERTEX
8
0
10
70.5579463992534
20
35.0981644332664
30
0
0
VERTEX
8
0
10
70.8183078250809
20
35.0839655404617
30
0
0
VERTEX
8
0
10
71.0786692509084
20
35.06979266243
30
0
0
VERTEX
8
0
10
71.3390306767359
20
35.0556458307245
30
0
0
VERTEX
8
0
10
71.5993921025634
20
35.0415250768912
30
0
0
VERTEX
8
0
10
71.8597535283909
20
35.0274304324685
30
0
0
VERTEX
8
0
10
72.1201149542184
20
35.0133619289879
30
0
0
VERTEX
8
0
10
72.3804763800459
20
34.9998376250669
30
0
0
VERTEX
8
0
10
72.6408378058734
20
34.9862722257774
30
0
0
VERTEX
8
0
10
72.9011992317009
20
34.9727313948366
30
0
0
VERTEX
8
0
10
73.1615606575284
20
34.9592151607933
30
0
0
VERTEX
8
0
10
73.4219220833559
20
34.9457235521877
30
0
0
VERTEX
8
0
10
73.6822835091834
20
34.9322565975525
30
0
0
VERTEX
8
0
10
73.9426449350109
20
34.9188143254124
30
0
0
VERTEX
8
0
10
74.2030063608384
20
34.9053967642834
30
0
0
VERTEX
8
0
10
74.4633677866659
20
34.892003942673
30
0
0
VERTEX
8
0
10
74.7237292124934
20
34.87863588908
30
0
0
VERTEX
8
0
10
74.9840906383209
20
34.8666329662262
30
0
0
VERTEX
8
0
10
75.2444520641484
20
34.8546428552132
30
0
0
VERTEX
8
0
10
75.5048134899759
20
34.8426728714054
30
0
0
VERTEX
8
0
10
75.7651749158034
20
34.8307230355534
30
0
0
VERTEX
8
0
10
76.0255363416309
20
34.8187933684017
30
0
0
VERTEX
8
0
10
76.2858977674584
20
34.8068838906882
30
0
0
VERTEX
8
0
10
76.5462591932859
20
34.7949946231439
30
0
0
VERTEX
8
0
10
76.8066206191134
20
34.7831255864928
30
0
0
VERTEX
8
0
10
77.0669820449409
20
34.7712768014524
30
0
0
VERTEX
8
0
10
77.3273434707684
20
34.7594482887326
30
0
0
VERTEX
8
0
10
77.5877048965959
20
34.7483970947932
30
0
0
VERTEX
8
0
10
77.8480663224234
20
34.7374803673206
30
0
0
VERTEX
8
0
10
78.1084277482509
20
34.7265810711778
30
0
0
VERTEX
8
0
10
78.3687891740784
20
34.7156992227827
30
0
0
VERTEX
8
0
10
78.6291505999059
20
34.704834838548
30
0
0
VERTEX
8
0
10
78.8895120257334
20
34.6939879348801
30
0
0
VERTEX
8
0
10
79.1498734515609
20
34.6831585281799
30
0
0
VERTEX
8
0
10
79.4102348773884
20
34.6723466348422
30
0
0
VERTEX
8
0
10
79.6705963032159
20
34.6615522712555
30
0
0
VERTEX
8
0
10
79.9309577290434
20
34.6507754538026
30
0
0
VERTEX
8
0
10
80.1913191548709
20
34.6406415687525
30
0
0
VERTEX
8
0
10
80.4516805806984
20
34.6307575520979
30
0
0
VERTEX
8
0
10
80.7120420065259
20
34.6208884264043
30
0
0
VERTEX
8
0
10
80.9724034323534
20
34.6110342044098
30
0
0
VERTEX
8
0
10
81.2327648581809
20
34.601194898848
30
0
0
VERTEX
8
0
10
81.4931262840084
20
34.5913705224475
30
0
0
VERTEX
8
0
10
81.7534877098359
20
34.5815610879321
30
0
0
VERTEX
8
0
10
82.0138491356634
20
34.5717666080208
30
0
0
VERTEX
8
0
10
82.2742105614909
20
34.5619870954273
30
0
0
VERTEX
8
0
10
82.5345719873184
20
34.5522225628607
30
0
0
VERTEX
8
0
10
82.7949334131459
20
34.542722134732
30
0
0
VERTEX
8
0
10
83.0552948389734
20
34.5334101209598
30
0
0
VERTEX
8
0
10
83.3156562648009
20
34.5241118470943
30
0
0
VERTEX
8
0
10
83.5760176906284
20
34.5148273242402
30
0
0
VERTEX
8
0
10
83.8363791164559
20
34.5055565634975
30
0
0
VERTEX
8
0
10
84.0967405422834
20
34.4962995759617
30
0
0
VERTEX
8
0
10
84.3571019681109
20
34.4870563727239
30
0
0
VERTEX
8
0
10
84.6174633939384
20
34.4778269648703
30
0
0
VERTEX
8
0
10
84.8778248197659
20
34.4686113634828
30
0
0
VERTEX
8
0
10
85.1381862455934
20
34.4594095796382
30
0
0
VERTEX
8
0
10
85.3985476714209
20
34.4502216244085
30
0
0
VERTEX
8
0
10
85.6589090972484
20
34.4410475088613
30
0
0
VERTEX
8
0
10
85.9192705230759
20
34.4318872440589
30
0
0
VERTEX
8
0
10
86.1796319489034
20
34.4227408410588
30
0
0
VERTEX
8
0
10
86.4399933747309
20
34.4136083109135
30
0
0
VERTEX
8
0
10
86.7003548005584
20
34.4044896646705
30
0
0
VERTEX
8
0
10
86.9607162263859
20
34.3953849133723
30
0
0
VERTEX
8
0
10
87.2210776522134
20
34.3862940680559
30
0
0
VERTEX
8
0
10
87.4814390780409
20
34.3772171397535
30
0
0
VERTEX
8
0
10
87.7418005038684
20
34.368154139492
30
0
0
VERTEX
8
0
10
88.0021619296959
20
34.3591050782927
30
0
0
VERTEX
8
0
10
88.2625233555234
20
34.350069967172
30
0
0
VERTEX
8
0
10
88.5228847813509
20
34.3410488171405
30
0
0
VERTEX
8
0
10
88.7832462071784
20
34.3320416392036
30
0
0
VERTEX
8
0
10
89.0436076330059
20
34.3230484443612
30
0
0
VERTEX
8
0
10
89.3039690588334
20
34.3140692436073
30
0
0
VERTEX
8
0
10
89.5643304846609
20
34.3051040479311
30
0
0
VERTEX
8
0
10
89.8246919104884
20
34.2961528683149
30
0
0
VERTEX
8
0
10
90.0850533363159
20
34.2872157157365
30
0
0
VERTEX
8
0
10
90.3454147621433
20
34.2782926011672
30
0
0
VERTEX
8
0
10
90.6057761879709
20
34.2693835355729
30
0
0
VERTEX
8
0
10
90.8661376137984
20
34.2614349203862
30
0
0
VERTEX
8
0
10
91.1264990396259
20
34.2533593287281
30
0
0
VERTEX
8
0
10
91.3868604654534
20
34.2452953733695
30
0
0
VERTEX
8
0
10
91.6472218912809
20
34.2372430625324
30
0
0
VERTEX
8
0
10
91.9075833171083
20
34.2292024044349
30
0
0
VERTEX
8
0
10
92.1679447429358
20
34.2211734072909
30
0
0
VERTEX
8
0
10
92.4283061687634
20
34.21315607931
30
0
0
VERTEX
8
0
10
92.6886675945909
20
34.2051504286976
30
0
0
VERTEX
8
0
10
92.9490290204184
20
34.1971564636548
30
0
0
VERTEX
8
0
10
93.2093904462458
20
34.1891741923784
30
0
0
VERTEX
8
0
10
93.4697518720733
20
34.1828483243936
30
0
0
VERTEX
8
0
10
93.7301132979008
20
34.1764782540177
30
0
0
VERTEX
8
0
10
93.9904747237283
20
34.1701156815069
30
0
0
VERTEX
8
0
10
94.2508361495558
20
34.1637606110505
30
0
0
VERTEX
8
0
10
94.5111975753833
20
34.1574130468358
30
0
0
VERTEX
8
0
10
94.7715590012108
20
34.1510729930483
30
0
0
VERTEX
8
0
10
95.0319204270383
20
34.1447404538716
30
0
0
VERTEX
8
0
10
95.2922818528658
20
34.1384154334875
30
0
0
VERTEX
8
0
10
95.5526432786933
20
34.1320979360759
30
0
0
VERTEX
8
0
10
95.8130047045208
20
34.125787965815
30
0
0
VERTEX
8
0
10
96.0733661303483
20
34.1194855268808
30
0
0
VERTEX
8
0
10
96.3337275561758
20
34.1131906234476
30
0
0
VERTEX
8
0
10
96.5940889820033
20
34.1069032596876
30
0
0
VERTEX
8
0
10
96.8544504078308
20
34.1006234397714
30
0
0
VERTEX
8
0
10
97.1148118336583
20
34.0943511678676
30
0
0
VERTEX
8
0
10
97.3751732594858
20
34.0880864481424
30
0
0
VERTEX
8
0
10
97.6355346853133
20
34.0818292847608
30
0
0
VERTEX
8
0
10
97.8958961111408
20
34.075579681885
30
0
0
VERTEX
8
0
10
98.1562575369683
20
34.069337643676
30
0
0
VERTEX
8
0
10
98.4166189627958
20
34.0631031742922
30
0
0
VERTEX
8
0
10
98.6769803886233
20
34.0559954541354
30
0
0
VERTEX
8
0
10
98.9373418144508
20
34.0486122272056
30
0
0
VERTEX
8
0
10
99.1977032402783
20
34.0412396927239
30
0
0
VERTEX
8
0
10
99.4580646661058
20
34.0338778576394
30
0
0
VERTEX
8
0
10
99.7184260919333
20
34.0265267288963
30
0
0
VERTEX
8
0
10
99.9787875177608
20
34.0191863134353
30
0
0
VERTEX
8
0
10
100.239148943588
20
34.011856618193
30
0
0
VERTEX
8
0
10
100.499510369416
20
34.0045376501014
30
0
0
VERTEX
8
0
10
100.759871795243
20
33.9972294160886
30
0
0
VERTEX
8
0
10
101.020233221071
20
33.9899319230786
30
0
0
VERTEX
8
0
10
101.280594646898
20
33.9826451779909
30
0
0
VERTEX
8
0
10
101.540956072726
20
33.9753691877408
30
0
0
VERTEX
8
0
10
101.801317498553
20
33.9681039592396
30
0
0
VERTEX
8
0
10
102.061678924381
20
33.9608494993938
30
0
0
VERTEX
8
0
10
102.322040350208
20
33.9536058151061
30
0
0
VERTEX
8
0
10
102.582401776036
20
33.9463729132744
30
0
0
VERTEX
8
0
10
102.842763201863
20
33.9391508007923
30
0
0
VERTEX
8
0
10
103.103124627691
20
33.9319394845492
30
0
0
VERTEX
8
0
10
103.363486053518
20
33.9247389714299
30
0
0
VERTEX
8
0
10
103.623847479346
20
33.9175492683147
30
0
0
VERTEX
8
0
10
103.884208905173
20
33.9103703820794
30
0
0
VERTEX
8
0
10
104.144570331001
20
33.9082171564681
30
0
0
VERTEX
8
0
10
104.404931756828
20
33.9044447048998
30
0
0
VERTEX
8
0
10
104.665293182656
20
33.9006752534089
30
0
0
VERTEX
8
0
10
104.925654608483
20
33.8969088029962
30
0
0
VERTEX
8
0
10
105.186016034311
20
33.8931453546621
30
0
0
VERTEX
8
0
10
105.446377460138
20
33.8893849094069
30
0
0
VERTEX
8
0
10
105.706738885966
20
33.8856274682304
30
0
0
VERTEX
8
0
10
105.967100311793
20
33.8818730321318
30
0
0
VERTEX
8
0
10
106.227461737621
20
33.8781216021105
30
0
0
VERTEX
8
0
10
106.487823163448
20
33.8743731791651
30
0
0
VERTEX
8
0
10
106.748184589276
20
33.8681222073253
30
0
0
VERTEX
8
0
10
107.008546015103
20
33.8625128723379
30
0
0
VERTEX
8
0
10
107.268907440931
20
33.8569103123356
30
0
0
VERTEX
8
0
10
107.529268866758
20
33.8513145306824
30
0
0
VERTEX
8
0
10
107.789630292586
20
33.8457255307403
30
0
0
VERTEX
8
0
10
108.049991718413
20
33.8401433158695
30
0
0
VERTEX
8
0
10
108.310353144241
20
33.8345678894283
30
0
0
VERTEX
8
0
10
108.570714570068
20
33.8289992547731
30
0
0
VERTEX
8
0
10
108.831075995896
20
33.8234374152585
30
0
0
VERTEX
8
0
10
109.091437421723
20
33.8178823742373
30
0
0
VERTEX
8
0
10
109.351798847551
20
33.8114469182961
30
0
0
VERTEX
8
0
10
109.612160273378
20
33.8051684301873
30
0
0
VERTEX
8
0
10
109.872521699206
20
33.7988986883777
30
0
0
VERTEX
8
0
10
110.132883125033
20
33.7926376977352
30
0
0
VERTEX
8
0
10
110.393244550861
20
33.786385463125
30
0
0
VERTEX
8
0
10
110.653605976688
20
33.7801419894091
30
0
0
VERTEX
8
0
10
110.913967402516
20
33.7739072814461
30
0
0
VERTEX
8
0
10
111.174328828343
20
33.7676813440912
30
0
0
VERTEX
8
0
10
111.434690254171
20
33.7614641821967
30
0
0
VERTEX
8
0
10
111.695051679998
20
33.7552558006115
30
0
0
VERTEX
8
0
10
111.955413105826
20
33.7525390664835
30
0
0
VERTEX
8
0
10
112.215774531653
20
33.749622211458
30
0
0
VERTEX
8
0
10
112.476135957481
20
33.7467073030614
30
0
0
VERTEX
8
0
10
112.736497383308
20
33.7437943417983
30
0
0
VERTEX
8
0
10
112.996858809136
20
33.7408833281728
30
0
0
VERTEX
8
0
10
113.257220234963
20
33.7379742626891
30
0
0
VERTEX
8
0
10
113.517581660791
20
33.7350671458513
30
0
0
VERTEX
8
0
10
113.777943086618
20
33.7321619781632
30
0
0
VERTEX
8
0
10
114.038304512446
20
33.7292587601282
30
0
0
VERTEX
8
0
10
114.298665938273
20
33.7263574922501
30
0
0
VERTEX
8
0
10
114.559027364101
20
33.7197809800959
30
0
0
VERTEX
8
0
10
114.819388789928
20
33.7129091369916
30
0
0
VERTEX
8
0
10
115.079750215756
20
33.7060483089433
30
0
0
VERTEX
8
0
10
115.340111641583
20
33.6991985026786
30
0
0
VERTEX
8
0
10
115.600473067411
20
33.69235972492
30
0
0
VERTEX
8
0
10
115.860834493238
20
33.6855319823844
30
0
0
VERTEX
8
0
10
116.121195919066
20
33.6787152817834
30
0
0
VERTEX
8
0
10
116.381557344893
20
33.671909629823
30
0
0
VERTEX
8
0
10
116.641918770721
20
33.665115033204
30
0
0
VERTEX
8
0
10
116.902280196548
20
33.6583314986216
30
0
0
VERTEX
8
0
10
117.162641622376
20
33.6543533564755
30
0
0
VERTEX
8
0
10
117.423003048203
20
33.6511469059002
30
0
0
VERTEX
8
0
10
117.683364474031
20
33.6479429406978
30
0
0
VERTEX
8
0
10
117.943725899858
20
33.6447414615784
30
0
0
VERTEX
8
0
10
118.204087325686
20
33.6415424692516
30
0
0
VERTEX
8
0
10
118.464448751513
20
33.6383459644271
30
0
0
VERTEX
8
0
10
118.724810177341
20
33.6351519478138
30
0
0
VERTEX
8
0
10
118.985171603168
20
33.6319604201209
30
0
0
VERTEX
8
0
10
119.245533028996
20
33.6287713820569
30
0
0
VERTEX
8
0
10
119.505894454823
20
33.6255848343301
30
0
0
VERTEX
8
0
10
119.766255880651
20
33.6214871674785
30
0
0
VERTEX
8
0
10
120.026617306478
20
33.6168934874168
30
0
0
VERTEX
8
0
10
120.286978732306
20
33.6123050085717
30
0
0
VERTEX
8
0
10
120.547340158133
20
33.6077217330735
30
0
0
VERTEX
8
0
10
120.807701583961
20
33.6031436630514
30
0
0
VERTEX
8
0
10
121.068063009788
20
33.5985708006334
30
0
0
VERTEX
8
0
10
121.328424435616
20
33.5940031479458
30
0
0
VERTEX
8
0
10
121.588785861443
20
33.5894407071143
30
0
0
VERTEX
8
0
10
121.849147287271
20
33.5848834802625
30
0
0
VERTEX
8
0
10
122.109508713098
20
33.5803314695136
30
0
0
VERTEX
8
0
10
122.369870138926
20
33.5764941584517
30
0
0
VERTEX
8
0
10
122.630231564753
20
33.5733488177476
30
0
0
VERTEX
8
0
10
122.890592990581
20
33.5702059797341
30
0
0
VERTEX
8
0
10
123.150954416408
20
33.5670656451144
30
0
0
VERTEX
8
0
10
123.411315842236
20
33.563927814591
30
0
0
VERTEX
8
0
10
123.671677268063
20
33.5607924888664
30
0
0
VERTEX
8
0
10
123.932038693891
20
33.5576596686424
30
0
0
VERTEX
8
0
10
124.192400119718
20
33.5545293546211
30
0
0
VERTEX
8
0
10
124.452761545546
20
33.5514015475039
30
0
0
VERTEX
8
0
10
124.713122971373
20
33.5482762479919
30
0
0
VERTEX
8
0
10
124.973484397201
20
33.5451534567861
30
0
0
VERTEX
8
0
10
125.233845823028
20
33.5401359811042
30
0
0
VERTEX
8
0
10
125.494207248856
20
33.5356356225106
30
0
0
VERTEX
8
0
10
125.754568674683
20
33.5311405030334
30
0
0
VERTEX
8
0
10
126.014930100511
20
33.5266506247799
30
0
0
VERTEX
8
0
10
126.275291526338
20
33.5221659898561
30
0
0
VERTEX
8
0
10
126.535652952166
20
33.5176866003667
30
0
0
VERTEX
8
0
10
126.796014377993
20
33.513212458415
30
0
0
VERTEX
8
0
10
127.056375803821
20
33.5087435661029
30
0
0
VERTEX
8
0
10
127.316737229648
20
33.5042799255311
30
0
0
VERTEX
8
0
10
127.577098655476
20
33.499821538799
30
0
0
VERTEX
8
0
10
127.837460081303
20
33.4962109368679
30
0
0
VERTEX
8
0
10
128.097821507131
20
33.4924461347491
30
0
0
VERTEX
8
0
10
128.358182932958
20
33.4886850983095
30
0
0
VERTEX
8
0
10
128.618544358786
20
33.4849278288181
30
0
0
VERTEX
8
0
10
128.878905784613
20
33.481174327543
30
0
0
VERTEX
8
0
10
129.139267210441
20
33.4774245957518
30
0
0
VERTEX
8
0
10
129.399628636268
20
33.4736786347111
30
0
0
VERTEX
8
0
10
129.659990062096
20
33.4699364456873
30
0
0
VERTEX
8
0
10
129.920351487923
20
33.4661980299453
30
0
0
VERTEX
8
0
10
130.180712913751
20
33.46246338875
30
0
0
VERTEX
8
0
10
130.441074339578
20
33.4587325233653
30
0
0
VERTEX
8
0
10
130.701435765406
20
33.4550054350545
30
0
0
VERTEX
8
0
10
130.961797191233
20
33.4512821250801
30
0
0
VERTEX
8
0
10
131.222158617061
20
33.4475625947038
30
0
0
VERTEX
8
0
10
131.482520042888
20
33.4438468451866
30
0
0
VERTEX
8
0
10
131.742881468716
20
33.440134877789
30
0
0
VERTEX
8
0
10
132.003242894543
20
33.4364266937705
30
0
0
VERTEX
8
0
10
132.263604320371
20
33.4327222943903
30
0
0
VERTEX
8
0
10
132.523965746198
20
33.429021680906
30
0
0
VERTEX
8
0
10
132.784327172026
20
33.4253248545757
30
0
0
VERTEX
8
0
10
133.044688597853
20
33.4235519971276
30
0
0
VERTEX
8
0
10
133.305050023681
20
33.4218736564024
30
0
0
VERTEX
8
0
10
133.565411449508
20
33.4201960986903
30
0
0
VERTEX
8
0
10
133.825772875336
20
33.4185193241091
30
0
0
VERTEX
8
0
10
134.086134301163
20
33.4168433327766
30
0
0
VERTEX
8
0
10
134.346495726991
20
33.4151681248107
30
0
0
VERTEX
8
0
10
134.606857152818
20
33.4134937003293
30
0
0
VERTEX
8
0
10
134.867218578646
20
33.4118200594502
30
0
0
VERTEX
8
0
10
135.127580004473
20
33.4101472022911
30
0
0
VERTEX
8
0
10
135.387941430301
20
33.4084751289697
30
0
0
VERTEX
8
0
10
135.648302856128
20
33.4035361880841
30
0
0
VERTEX
8
0
10
135.908664281956
20
33.3978651847196
30
0
0
VERTEX
8
0
10
136.169025707783
20
33.3922032515685
30
0
0
VERTEX
8
0
10
136.429387133611
20
33.3865503932454
30
0
0
VERTEX
8
0
10
136.689748559438
20
33.3809066143608
30
0
0
VERTEX
8
0
10
136.950109985266
20
33.3752719195204
30
0
0
VERTEX
8
0
10
137.210471411093
20
33.3696463133261
30
0
0
VERTEX
8
0
10
137.470832836921
20
33.3640298003752
30
0
0
VERTEX
8
0
10
137.731194262748
20
33.3584223852609
30
0
0
VERTEX
8
0
10
137.991555688576
20
33.3528240725717
30
0
0
VERTEX
8
0
10
138.251917114403
20
33.3510151754761
30
0
0
VERTEX
8
0
10
138.512278540231
20
33.3510151754762
30
0
0
VERTEX
8
0
10
138.772639966058
20
33.3510151754762
30
0
0
VERTEX
8
0
10
139.033001391886
20
33.3510151754761
30
0
0
VERTEX
8
0
10
139.293362817713
20
33.3510151754762
30
0
0
VERTEX
8
0
10
139.553724243541
20
33.3510151754762
30
0
0
VERTEX
8
0
10
139.814085669368
20
33.3510151754762
30
0
0
VERTEX
8
0
10
140.074447095196
20
33.3510151754761
30
0
0
VERTEX
8
0
10
140.334808521023
20
33.3510151754762
30
0
0
VERTEX
8
0
10
140.595169946851
20
33.3510151754762
30
0
0
VERTEX
8
0
10
140.855531372678
20
33.3472978834444
30
0
0
VERTEX
8
0
10
141.115892798506
20
33.3404061439516
30
0
0
VERTEX
8
0
10
141.376254224333
20
33.3335283163615
30
0
0
VERTEX
8
0
10
141.636615650161
20
33.3266644092874
30
0
0
VERTEX
8
0
10
141.896977075988
20
33.3198144313323
30
0
0
VERTEX
8
0
10
142.157338501816
20
33.3129783910885
30
0
0
VERTEX
8
0
10
142.417699927643
20
33.3061562971383
30
0
0
VERTEX
8
0
10
142.678061353471
20
33.2993481580532
30
0
0
VERTEX
8
0
10
142.938422779298
20
33.2925539823943
30
0
0
VERTEX
8
0
10
143.198784205126
20
33.285773778712
30
0
0
VERTEX
8
0
10
143.459145630953
20
33.2790075555464
30
0
0
VERTEX
8
0
10
143.719507056781
20
33.2812589774161
30
0
0
VERTEX
8
0
10
143.979868482608
20
33.2809368752535
30
0
0
VERTEX
8
0
10
144.240229908436
20
33.280614804812
30
0
0
VERTEX
8
0
10
144.500591334263
20
33.2802927660927
30
0
0
VERTEX
8
0
10
144.760952760091
20
33.2799707590965
30
0
0
VERTEX
8
0
10
145.021314185918
20
33.2796487838243
30
0
0
VERTEX
8
0
10
145.281675611746
20
33.2793268402769
30
0
0
VERTEX
8
0
10
145.542037037573
20
33.2790049284553
30
0
0
VERTEX
8
0
10
145.802398463401
20
33.2786830483606
30
0
0
VERTEX
8
0
10
146.062759889228
20
33.2783611999935
30
0
0
VERTEX
8
0
10
146.323121315056
20
33.2747932691106
30
0
0
VERTEX
8
0
10
146.583482740883
20
33.2719013311444
30
0
0
VERTEX
8
0
10
146.843844166711
20
33.269011964511
30
0
0
VERTEX
8
0
10
147.104205592538
20
33.2661251698805
30
0
0
VERTEX
8
0
10
147.364567018366
20
33.2632409479227
30
0
0
VERTEX
8
0
10
147.624928444193
20
33.2603592993065
30
0
0
VERTEX
8
0
10
147.885289870021
20
33.2574802247014
30
0
0
VERTEX
8
0
10
148.145651295848
20
33.2546037247754
30
0
0
VERTEX
8
0
10
148.406012721676
20
33.251729800197
30
0
0
VERTEX
8
0
10
148.666374147503
20
33.2488584516338
30
0
0
VERTEX
8
0
10
148.926735573331
20
33.2445586253663
30
0
0
VERTEX
8
0
10
149.187096999158
20
33.2404213251253
30
0
0
VERTEX
8
0
10
149.447458424986
20
33.2362894048325
30
0
0
VERTEX
8
0
10
149.707819850813
20
33.2321628664951
30
0
0
VERTEX
8
0
10
149.968181276641
20
33.2280417121179
30
0
0
VERTEX
8
0
10
150.228542702468
20
33.2239259437046
30
0
0
VERTEX
8
0
10
150.488904128296
20
33.219815563257
30
0
0
VERTEX
8
0
10
150.749265554123
20
33.2157105727753
30
0
0
VERTEX
8
0
10
151.009626979951
20
33.2116109742582
30
0
0
VERTEX
8
0
10
151.269988405778
20
33.2075167697026
30
0
0
VERTEX
8
0
10
151.530349831606
20
33.2074539336502
30
0
0
VERTEX
8
0
10
151.790711257433
20
33.2074539336501
30
0
0
VERTEX
8
0
10
152.051072683261
20
33.2074539336502
30
0
0
VERTEX
8
0
10
152.311434109088
20
33.2074539336502
30
0
0
VERTEX
8
0
10
152.571795534916
20
33.2074539336502
30
0
0
VERTEX
8
0
10
152.832156960743
20
33.2074539336501
30
0
0
VERTEX
8
0
10
153.092518386571
20
33.2074539336502
30
0
0
VERTEX
8
0
10
153.352879812398
20
33.2074539336502
30
0
0
VERTEX
8
0
10
153.613241238226
20
33.2074539336502
30
0
0
VERTEX
8
0
10
153.873602664053
20
33.2074539336502
30
0
0
VERTEX
8
0
10
154.133964089881
20
33.2074539336502
30
0
0
VERTEX
8
0
10
154.394325515708
20
33.2074539336502
30
0
0
VERTEX
8
0
10
154.654686941536
20
33.2074539336501
30
0
0
VERTEX
8
0
10
154.915048367363
20
33.2074539336501
30
0
0
VERTEX
8
0
10
155.175409793191
20
33.2074539336502
30
0
0
VERTEX
8
0
10
155.435771219018
20
33.2074539336502
30
0
0
SEQEND
8
0
0
POLYLINE
8
0
62
2
70
0
10
0
20
0
30
0
0
VERTEX
8
0
10
13.7991555688578
20
12.7330069477858
30
0
0
VERTEX
8
0
10
14.0595169946853
20
13.7962333126306
30
0
0
VERTEX
8
0
10
14.3198784205128
20
13.1423844203044
30
0
0
VERTEX
8
0
10
14.5802398463403
20
13.5334749820748
30
0
0
VERTEX
8
0
10
14.8406012721678
20
13.652314257799
30
0
0
VERTEX
8
0
10
15.1009626979953
20
13.6675687691088
30
0
0
VERTEX
8
0
10
15.3613241238228
20
14.4106348188594
30
0
0
VERTEX
8
0
10
15.6216855496503
20
14.2072173806574
30
0
0
VERTEX
8
0
10
15.8820469754778
20
14.3415712547713
30
0
0
VERTEX
8
0
10
16.1424084013053
20
15.3219806245014
30
0
0
VERTEX
8
0
10
16.4027698271328
20
14.6195685557238
30
0
0
VERTEX
8
0
10
16.6631312529603
20
15.1072758751342
30
0
0
VERTEX
8
0
10
16.9234926787878
20
15.1109755671051
30
0
0
VERTEX
8
0
10
17.1838541046153
20
15.1905513263325
30
0
0
VERTEX
8
0
10
17.4442155304428
20
15.924647546248
30
0
0
VERTEX
8
0
10
17.7045769562703
20
15.5715225313517
30
0
0
VERTEX
8
0
10
17.9649383820978
20
15.8590949317711
30
0
0
VERTEX
8
0
10
18.2252998079253
20
15.989979396838
30
0
0
VERTEX
8
0
10
18.4856612337528
20
16.0594720274348
30
0
0
VERTEX
8
0
10
18.7460226595803
20
16.5897140548049
30
0
0
VERTEX
8
0
10
19.0063840854078
20
16.5060244095094
30
0
0
VERTEX
8
0
10
19.2667455112354
20
16.6451737184039
30
0
0
VERTEX
8
0
10
19.5271069370629
20
17.3569342219453
30
0
0
VERTEX
8
0
10
19.7874683628904
20
16.9341629681446
30
0
0
VERTEX
8
0
10
20.0478297887179
20
17.2981577357255
30
0
0
VERTEX
8
0
10
20.3081912145454
20
17.3479364335925
30
0
0
VERTEX
8
0
10
20.5685526403729
20
17.4500111797199
30
0
0
VERTEX
8
0
10
20.8289140662004
20
17.9951016789863
30
0
0
VERTEX
8
0
10
21.0892754920279
20
17.805206339234
30
0
0
VERTEX
8
0
10
21.3496369178554
20
18.0347876476765
30
0
0
VERTEX
8
0
10
21.6099983436829
20
18.1680364848592
30
0
0
VERTEX
8
0
10
21.8703597695104
20
18.2624036921415
30
0
0
VERTEX
8
0
10
22.1307211953379
20
18.6677588336311
30
0
0
VERTEX
8
0
10
22.3910826211654
20
18.650008398814
30
0
0
VERTEX
8
0
10
22.6514440469929
20
18.7878677966453
30
0
0
VERTEX
8
0
10
22.9118054728204
20
19.3328434476312
30
0
0
VERTEX
8
0
10
23.1721668986479
20
19.0743775525236
30
0
0
VERTEX
8
0
10
23.4325283244754
20
19.3634679248428
30
0
0
VERTEX
8
0
10
23.6928897503029
20
19.4370540668257
30
0
0
VERTEX
8
0
10
23.9532511761304
20
19.5485186745062
30
0
0
VERTEX
8
0
10
24.2136126019579
20
19.9745628443312
30
0
0
VERTEX
8
0
10
24.4739740277855
20
19.8803188299568
30
0
0
VERTEX
8
0
10
24.734335453613
20
20.0731273010718
30
0
0
VERTEX
8
0
10
24.9946968794405
20
20.2044487184896
30
0
0
VERTEX
8
0
10
25.255058305268
20
20.310113120038
30
0
0
VERTEX
8
0
10
25.5154197310955
20
20.6350828275178
30
0
0
VERTEX
8
0
10
25.775781156923
20
20.6557396332267
30
0
0
VERTEX
8
0
10
26.0361425827505
20
20.7896197122008
30
0
0
VERTEX
8
0
10
26.296504008578
20
21.2237065306046
30
0
0
VERTEX
8
0
10
26.5568654344055
20
21.0677526603355
30
0
0
VERTEX
8
0
10
26.817226860233
20
21.3071899348849
30
0
0
VERTEX
8
0
10
27.0775882860605
20
21.3930843344913
30
0
0
VERTEX
8
0
10
27.337949711888
20
21.507445878666
30
0
0
VERTEX
8
0
10
27.5983111377155
20
21.8530795317713
30
0
0
VERTEX
8
0
10
27.858672563543
20
21.8178453893538
30
0
0
VERTEX
8
0
10
28.1190339893705
20
21.9851026185185
30
0
0
VERTEX
8
0
10
28.379395415198
20
22.1124208140047
30
0
0
VERTEX
8
0
10
28.6397568410255
20
22.2223934601126
30
0
0
VERTEX
8
0
10
28.900118266853
20
22.4919137185923
30
0
0
VERTEX
8
0
10
29.1604796926805
20
22.5356017908013
30
0
0
VERTEX
8
0
10
29.420841118508
20
22.6642348424786
30
0
0
VERTEX
8
0
10
29.6812025443356
20
23.0204730101562
30
0
0
VERTEX
8
0
10
29.9415639701631
20
22.9312584107309
30
0
0
VERTEX
8
0
10
30.2019253959906
20
23.135450683646
30
0
0
VERTEX
8
0
10
30.4622868218181
20
23.2272116716028
30
0
0
VERTEX
8
0
10
30.7226482476456
20
23.3409769230487
30
0
0
VERTEX
8
0
10
30.9830096734731
20
23.6292507932285
30
0
0
VERTEX
8
0
10
31.2433710993006
20
23.6316195295384
30
0
0
VERTEX
8
0
10
31.5037325251281
20
23.7798377646963
30
0
0
VERTEX
8
0
10
31.7640939509556
20
23.902104015427
30
0
0
VERTEX
8
0
10
32.0244553767831
20
24.0125053288944
30
0
0
VERTEX
8
0
10
32.2848168026106
20
24.2416516785154
30
0
0
VERTEX
8
0
10
32.5451782284381
20
24.2991934456578
30
0
0
VERTEX
8
0
10
32.8055396542656
20
24.4219769264107
30
0
0
VERTEX
8
0
10
33.0659010800931
20
24.7210931673484
30
0
0
VERTEX
8
0
10
33.3262625059206
20
24.6766238349501
30
0
0
VERTEX
8
0
10
33.5866239317481
20
24.8544131429864
30
0
0
VERTEX
8
0
10
33.8469853575756
20
24.9482092797578
30
0
0
VERTEX
8
0
10
34.1073467834031
20
25.0593907831289
30
0
0
VERTEX
8
0
10
34.3677082092306
20
25.3049052732611
30
0
0
VERTEX
8
0
10
34.6280696350581
20
25.3316339505309
30
0
0
VERTEX
8
0
10
34.8884310608857
20
25.4648660215336
30
0
0
VERTEX
8
0
10
35.1487924867132
20
25.5815479891382
30
0
0
VERTEX
8
0
10
35.4091539125407
20
25.6901080228479
30
0
0
VERTEX
8
0
10
35.6695153383682
20
25.8885422897579
30
0
0
VERTEX
8
0
10
35.9298767641957
20
25.9541720963839
30
0
0
VERTEX
8
0
10
36.1902381900232
20
26.070837430157
30
0
0
VERTEX
8
0
10
36.4505996158507
20
26.3264737527113
30
0
0
VERTEX
8
0
10
36.7109610416782
20
26.3125676423883
30
0
0
VERTEX
8
0
10
36.9713224675057
20
26.4696934034038
30
0
0
VERTEX
8
0
10
37.2316838933332
20
26.5631414893015
30
0
0
VERTEX
8
0
10
37.4920453191607
20
26.6705662545886
30
0
0
VERTEX
8
0
10
37.7524067449882
20
26.8830198507623
30
0
0
VERTEX
8
0
10
38.0127681708157
20
26.9255400878183
30
0
0
VERTEX
8
0
10
38.2731295966432
20
27.0464495102334
30
0
0
VERTEX
8
0
10
38.5334910224707
20
27.1572895797333
30
0
0
VERTEX
8
0
10
38.7938524482982
20
27.2626311542406
30
0
0
VERTEX
8
0
10
39.0542138741257
20
27.4368385810809
30
0
0
VERTEX
8
0
10
39.3145752999532
20
27.506785598937
30
0
0
VERTEX
8
0
10
39.5749367257807
20
27.6172395888403
30
0
0
VERTEX
8
0
10
39.8352981516082
20
27.8387358124062
30
0
0
VERTEX
8
0
10
40.0956595774358
20
27.8458901137223
30
0
0
VERTEX
8
0
10
40.3560210032633
20
27.9862478746204
30
0
0
VERTEX
8
0
10
40.6163824290908
20
28.0778147188159
30
0
0
VERTEX
8
0
10
40.8767438549183
20
28.1807756741257
30
0
0
VERTEX
8
0
10
41.1371052807458
20
28.3668649179838
30
0
0
VERTEX
8
0
10
41.3974667065733
20
28.4194301850299
30
0
0
VERTEX
8
0
10
41.6578281324008
20
28.5298457345476
30
0
0
VERTEX
8
0
10
41.9181895582283
20
28.6347380862534
30
0
0
VERTEX
8
0
10
42.1785509840558
20
28.7360059243826
30
0
0
VERTEX
8
0
10
42.4389124098833
20
28.8905062444877
30
0
0
VERTEX
8
0
10
42.6992738357108
20
28.962223785919
30
0
0
VERTEX
8
0
10
42.9596352615383
20
29.0664675264031
30
0
0
VERTEX
8
0
10
43.2199966873658
20
29.2604313564674
30
0
0
VERTEX
8
0
10
43.4803581131933
20
29.2820749758711
30
0
0
VERTEX
8
0
10
43.7407195390208
20
29.4084067960017
30
0
0
VERTEX
8
0
10
44.0010809648483
20
29.4970808571228
30
0
0
VERTEX
8
0
10
44.2614423906758
20
29.59514907911
30
0
0
VERTEX
8
0
10
44.5218038165033
20
29.759648524693
30
0
0
VERTEX
8
0
10
44.7821652423308
20
29.8182906755525
30
0
0
VERTEX
8
0
10
45.0425266681583
20
29.9195139559613
30
0
0
VERTEX
8
0
10
45.3028880939859
20
30.0184384829164
30
0
0
VERTEX
8
0
10
45.5632495198134
20
30.1150951005601
30
0
0
VERTEX
8
0
10
45.8236109456409
20
30.2531379154473
30
0
0
VERTEX
8
0
10
46.0839723714684
20
30.3248607943581
30
0
0
VERTEX
8
0
10
46.3443337972959
20
30.4229461290676
30
0
0
VERTEX
8
0
10
46.6046952231234
20
30.5941836784319
30
0
0
VERTEX
8
0
10
46.8650566489509
20
30.6256523206321
30
0
0
VERTEX
8
0
10
47.1254180747784
20
30.7399476307182
30
0
0
VERTEX
8
0
10
47.3857795006059
20
30.8250492176585
30
0
0
VERTEX
8
0
10
47.6461409264334
20
30.9179673313588
30
0
0
VERTEX
8
0
10
47.9065023522609
20
31.0643744248322
30
0
0
VERTEX
8
0
10
48.1668637780884
20
31.126286759575
30
0
0
VERTEX
8
0
10
48.4272252039159
20
31.2192724205347
30
0
0
VERTEX
8
0
10
48.6875866297434
20
31.3122576624021
30
0
0
VERTEX
8
0
10
48.9479480555709
20
31.4039653388202
30
0
0
VERTEX
8
0
10
49.2083094813984
20
31.5279491893991
30
0
0
VERTEX
8
0
10
49.4686709072259
20
31.598427764619
30
0
0
VERTEX
8
0
10
49.7290323330534
20
31.6904330471382
30
0
0
VERTEX
8
0
10
49.9893937588809
20
31.842523748001
30
0
0
VERTEX
8
0
10
50.2497551847084
20
31.880432983021
30
0
0
VERTEX
8
0
10
50.5101166105359
20
31.9841725210344
30
0
0
VERTEX
8
0
10
50.7704780363635
20
32.0652393175417
30
0
0
VERTEX
8
0
10
51.030839462191
20
32.152858366873
30
0
0
VERTEX
8
0
10
51.2912008880185
20
32.2837947991501
30
0
0
VERTEX
8
0
10
51.551562313846
20
32.3469521927325
30
0
0
VERTEX
8
0
10
51.8119237396735
20
32.4324184502188
30
0
0
VERTEX
8
0
10
52.072285165501
20
32.519520120293
30
0
0
VERTEX
8
0
10
52.3326465913285
20
32.6060698429163
30
0
0
VERTEX
8
0
10
52.593008017156
20
32.7178052115174
30
0
0
VERTEX
8
0
10
52.8533694429835
20
32.7861394246265
30
0
0
VERTEX
8
0
10
53.113730868811
20
32.8721556842221
30
0
0
VERTEX
8
0
10
53.3740922946385
20
33.007820377739
30
0
0
VERTEX
8
0
10
53.634453720466
20
33.0496682030602
30
0
0
VERTEX
8
0
10
53.8948151462935
20
33.143978421153
30
0
0
VERTEX
8
0
10
54.155176572121
20
33.2206939488892
30
0
0
VERTEX
8
0
10
54.4155379979485
20
33.302934702292
30
0
0
VERTEX
8
0
10
54.675899423776
20
33.4204051597837
30
0
0
VERTEX
8
0
10
54.9362608496035
20
33.4833219727615
30
0
0
VERTEX
8
0
10
55.196622275431
20
33.5618210455716
30
0
0
VERTEX
8
0
10
55.4569837012585
20
33.6431092952465
30
0
0
VERTEX
8
0
10
55.717345127086
20
33.7243765434312
30
0
0
VERTEX
8
0
10
55.9777065529135
20
33.8252567016585
30
0
0
VERTEX
8
0
10
56.238067978741
20
33.8907891303483
30
0
0
VERTEX
8
0
10
56.4984294045685
20
33.970912063681
30
0
0
VERTEX
8
0
10
56.758790830396
20
34.0922560510901
30
0
0
VERTEX
8
0
10
57.0191522562235
20
34.136163088982
30
0
0
VERTEX
8
0
10
57.279513682051
20
34.2219172296409
30
0
0
VERTEX
8
0
10
57.5398751078785
20
34.2940647880996
30
0
0
VERTEX
8
0
10
57.800236533706
20
34.370893344561
30
0
0
VERTEX
8
0
10
58.0605979595335
20
34.4764574740271
30
0
0
VERTEX
8
0
10
58.320959385361
20
34.538028653841
30
0
0
VERTEX
8
0
10
58.5813208111885
20
34.6099931608875
30
0
0
VERTEX
8
0
10
58.841682237016
20
34.6855449112512
30
0
0
VERTEX
8
0
10
59.1020436628435
20
34.7614613773596
30
0
0
VERTEX
8
0
10
59.362405088671
20
34.852576720196
30
0
0
VERTEX
8
0
10
59.6227665144985
20
34.9148217355365
30
0
0
VERTEX
8
0
10
59.883127940326
20
34.9891470616741
30
0
0
VERTEX
8
0
10
60.1434893661535
20
35.0978249741216
30
0
0
VERTEX
8
0
10
60.403850791981
20
35.1423600626477
30
0
0
VERTEX
8
0
10
60.6642122178084
20
35.220246274219
30
0
0
VERTEX
8
0
10
60.924573643636
20
35.2876785238587
30
0
0
VERTEX
8
0
10
61.1849350694635
20
35.3590905786086
30
0
0
VERTEX
8
0
10
61.4452964952909
20
35.4539803441155
30
0
0
VERTEX
8
0
10
61.7056579211184
20
35.5133744361135
30
0
0
VERTEX
8
0
10
61.9660193469459
20
35.5791488500722
30
0
0
VERTEX
8
0
10
62.2263807727734
20
35.6490431473651
30
0
0
VERTEX
8
0
10
62.4867421986009
20
35.7195782363885
30
0
0
VERTEX
8
0
10
62.7471036244284
20
35.8017948091352
30
0
0
VERTEX
8
0
10
63.0074650502559
20
35.8603905177823
30
0
0
VERTEX
8
0
10
63.2678264760834
20
35.9290113232222
30
0
0
VERTEX
8
0
10
63.5281879019109
20
36.0263416456622
30
0
0
VERTEX
8
0
10
63.7885493277384
20
36.0704020033774
30
0
0
VERTEX
8
0
10
64.0489107535659
20
36.1409704262608
30
0
0
VERTEX
8
0
10
64.3092721793934
20
36.2035888656782
30
0
0
VERTEX
8
0
10
64.5696336052209
20
36.2695993749861
30
0
0
VERTEX
8
0
10
64.8299950310484
20
36.3548010403517
30
0
0
VERTEX
8
0
10
65.0903564568759
20
36.4113865329464
30
0
0
VERTEX
8
0
10
65.3507178827034
20
36.4712490520662
30
0
0
VERTEX
8
0
10
65.6110793085309
20
36.5355642705169
30
0
0
VERTEX
8
0
10
65.8714407343584
20
36.6007127722756
30
0
0
VERTEX
8
0
10
66.1318021601859
20
36.6747274539201
30
0
0
VERTEX
8
0
10
66.3921635860134
20
36.7294024170796
30
0
0
VERTEX
8
0
10
66.6525250118409
20
36.792407701342
30
0
0
VERTEX
8
0
10
66.9128864376684
20
36.8794540215046
30
0
0
VERTEX
8
0
10
67.1732478634959
20
36.9221812112712
30
0
0
VERTEX
8
0
10
67.4336092893234
20
36.9858772696601
30
0
0
VERTEX
8
0
10
67.6939707151509
20
37.043618135235
30
0
0
VERTEX
8
0
10
67.9543321409784
20
37.1042544346541
30
0
0
VERTEX
8
0
10
68.2146935668059
20
37.1805670361203
30
0
0
VERTEX
8
0
10
68.4750549926334
20
37.2338606594896
30
0
0
VERTEX
8
0
10
68.7354164184609
20
37.2880387671284
30
0
0
VERTEX
8
0
10
68.9957778442884
20
37.3468509636113
30
0
0
VERTEX
8
0
10
69.2561392701159
20
37.4066247184917
30
0
0
VERTEX
8
0
10
69.5165006959434
20
37.4730048018955
30
0
0
VERTEX
8
0
10
69.7768621217709
20
37.5235545710842
30
0
0
VERTEX
8
0
10
70.0372235475984
20
37.5810285283532
30
0
0
VERTEX
8
0
10
70.2975849734259
20
37.6586582806139
30
0
0
VERTEX
8
0
10
70.5579463992534
20
37.6993782061197
30
0
0
VERTEX
8
0
10
70.8183078250809
20
37.75656662862
30
0
0
VERTEX
8
0
10
71.0786692509084
20
37.8093910608089
30
0
0
VERTEX
8
0
10
71.3390306767359
20
37.8646882419967
30
0
0
VERTEX
8
0
10
71.5993921025634
20
37.9327660792362
30
0
0
VERTEX
8
0
10
71.8597535283909
20
37.9823958910034
30
0
0
VERTEX
8
0
10
72.1201149542184
20
38.031077657594
30
0
0
VERTEX
8
0
10
72.3804763800459
20
38.0844596575527
30
0
0
VERTEX
8
0
10
72.6408378058734
20
38.138881863844
30
0
0
VERTEX
8
0
10
72.9011992317009
20
38.1980939734865
30
0
0
VERTEX
8
0
10
73.1615606575284
20
38.2443642902785
30
0
0
VERTEX
8
0
10
73.4219220833559
20
38.2963860485416
30
0
0
VERTEX
8
0
10
73.6822835091834
20
38.3653137204529
30
0
0
VERTEX
8
0
10
73.9426449350109
20
38.4034930954148
30
0
0
VERTEX
8
0
10
74.2030063608384
20
38.4544755693662
30
0
0
VERTEX
8
0
10
74.4633677866659
20
38.5023626731422
30
0
0
VERTEX
8
0
10
74.7237292124934
20
38.5523604695282
30
0
0
VERTEX
8
0
10
74.9840906383209
20
38.6127445112953
30
0
0
VERTEX
8
0
10
75.2444520641484
20
38.6584231450227
30
0
0
VERTEX
8
0
10
75.5048134899759
20
38.7017655989673
30
0
0
VERTEX
8
0
10
75.7651749158034
20
38.7497865546667
30
0
0
VERTEX
8
0
10
76.0255363416309
20
38.7988878590504
30
0
0
VERTEX
8
0
10
76.2858977674584
20
38.851319438875
30
0
0
VERTEX
8
0
10
76.5462591932859
20
38.8931940481985
30
0
0
VERTEX
8
0
10
76.8066206191134
20
38.9398376970093
30
0
0
VERTEX
8
0
10
77.0669820449409
20
39.00065711075
30
0
0
VERTEX
8
0
10
77.3273434707684
20
39.0358714318339
30
0
0
VERTEX
8
0
10
77.5877048965959
20
39.0808998036117
30
0
0
VERTEX
8
0
10
77.8480663224234
20
39.1238417110908
30
0
0
VERTEX
8
0
10
78.1084277482509
20
39.1685824110779
30
0
0
VERTEX
8
0
10
78.3687891740784
20
39.2217238735271
30
0
0
VERTEX
8
0
10
78.6291505999059
20
39.2632289014201
30
0
0
VERTEX
8
0
10
78.8895120257334
20
39.3013643463966
30
0
0
VERTEX
8
0
10
79.1498734515609
20
39.3440896067253
30
0
0
VERTEX
8
0
10
79.4102348773884
20
39.3879054221969
30
0
0
VERTEX
8
0
10
79.6705963032159
20
39.4338809563199
30
0
0
VERTEX
8
0
10
79.9309577290434
20
39.4712726722517
30
0
0
VERTEX
8
0
10
80.1913191548709
20
39.5126074765067
30
0
0
VERTEX
8
0
10
80.4516805806984
20
39.5658162616295
30
0
0
VERTEX
8
0
10
80.7120420065259
20
39.5977259544136
30
0
0
VERTEX
8
0
10
80.9724034323534
20
39.6370122622616
30
0
0
VERTEX
8
0
10
81.2327648581809
20
39.6750106065995
30
0
0
VERTEX
8
0
10
81.4931262840084
20
39.7145376817656
30
0
0
VERTEX
8
0
10
81.7534877098359
20
39.7608159918494
30
0
0
VERTEX
8
0
10
82.0138491356634
20
39.7979753527952
30
0
0
VERTEX
8
0
10
82.2742105614909
20
39.8310162255812
30
0
0
VERTEX
8
0
10
82.5345719873184
20
39.8685074173285
30
0
0
VERTEX
8
0
10
82.7949334131459
20
39.9070761032301
30
0
0
VERTEX
8
0
10
83.0552948389734
20
39.9468695461136
30
0
0
VERTEX
8
0
10
83.3156562648009
20
39.9797136511183
30
0
0
VERTEX
8
0
10
83.5760176906284
20
40.0158043894651
30
0
0
VERTEX
8
0
10
83.8363791164559
20
40.06182279315
30
0
0
VERTEX
8
0
10
84.0967405422834
20
40.0901552581941
30
0
0
VERTEX
8
0
10
84.3571019681109
20
40.1238794813491
30
0
0
VERTEX
8
0
10
84.6174633939384
20
40.1569428854463
30
0
0
VERTEX
8
0
10
84.8778248197659
20
40.1913001276431
30
0
0
VERTEX
8
0
10
85.1381862455934
20
40.2310368029525
30
0
0
VERTEX
8
0
10
85.3985476714209
20
40.2637178955755
30
0
0
VERTEX
8
0
10
85.6589090972484
20
40.2917605755957
30
0
0
VERTEX
8
0
10
85.9192705230759
20
40.324075834875
30
0
0
VERTEX
8
0
10
86.1796319489034
20
40.3574374961989
30
0
0
VERTEX
8
0
10
86.4399933747309
20
40.3912819402275
30
0
0
VERTEX
8
0
10
86.7003548005584
20
40.4195312878142
30
0
0
VERTEX
8
0
10
86.9607162263859
20
40.4504386806361
30
0
0
VERTEX
8
0
10
87.2210776522134
20
40.489624219991
30
0
0
VERTEX
8
0
10
87.4814390780409
20
40.5141602031217
30
0
0
VERTEX
8
0
10
87.7418005038684
20
40.5424763467042
30
0
0
VERTEX
8
0
10
88.0021619296959
20
40.5706186572959
30
0
0
VERTEX
8
0
10
88.2625233555234
20
40.5998496893064
30
0
0
VERTEX
8
0
10
88.5228847813509
20
40.6333192134026
30
0
0
VERTEX
8
0
10
88.7832462071784
20
40.6614206832453
30
0
0
VERTEX
8
0
10
89.0436076330059
20
40.6845485449809
30
0
0
VERTEX
8
0
10
89.3039690588334
20
40.7117428629808
30
0
0
VERTEX
8
0
10
89.5643304846609
20
40.7399386071177
30
0
0
VERTEX
8
0
10
89.8246919104884
20
40.768033916354
30
0
0
VERTEX
8
0
10
90.0850533363159
20
40.791655300328
30
0
0
VERTEX
8
0
10
90.3454147621433
20
40.8174365097708
30
0
0
VERTEX
8
0
10
90.6057761879709
20
40.8500955389272
30
0
0
VERTEX
8
0
10
90.8661376137984
20
40.8706587186221
30
0
0
VERTEX
8
0
10
91.1264990396259
20
40.8936996770179
30
0
0
VERTEX
8
0
10
91.3868604654534
20
40.9169387607951
30
0
0
VERTEX
8
0
10
91.6472218912809
20
40.9410868318963
30
0
0
VERTEX
8
0
10
91.9075833171083
20
40.9685252990591
30
0
0
VERTEX
8
0
10
92.1679447429358
20
40.9919708386321
30
0
0
VERTEX
8
0
10
92.4283061687634
20
41.010256758321
30
0
0
VERTEX
8
0
10
92.6886675945909
20
41.0323824231451
30
0
0
VERTEX
8
0
10
92.9490290204184
20
41.0554539668737
30
0
0
VERTEX
8
0
10
93.2093904462458
20
41.0779729035492
30
0
0
VERTEX
8
0
10
93.4697518720733
20
41.0969443889064
30
0
0
VERTEX
8
0
10
93.7301132979008
20
41.1176535858019
30
0
0
VERTEX
8
0
10
93.9904747237283
20
41.1440505555806
30
0
0
VERTEX
8
0
10
94.2508361495558
20
41.1604995608063
30
0
0
VERTEX
8
0
10
94.5111975753833
20
41.1783810829648
30
0
0
VERTEX
8
0
10
94.7715590012108
20
41.1967380605927
30
0
0
VERTEX
8
0
10
95.0319204270383
20
41.2158460714683
30
0
0
VERTEX
8
0
10
95.2922818528658
20
41.2374581658486
30
0
0
VERTEX
8
0
10
95.5526432786933
20
41.256191845662
30
0
0
VERTEX
8
0
10
95.8130047045208
20
41.2697003202371
30
0
0
VERTEX
8
0
10
96.0733661303483
20
41.2868074495479
30
0
0
VERTEX
8
0
10
96.3337275561758
20
41.3047970073737
30
0
0
VERTEX
8
0
10
96.5940889820033
20
41.3218902391803
30
0
0
VERTEX
8
0
10
96.8544504078308
20
41.3361992417302
30
0
0
VERTEX
8
0
10
97.1148118336583
20
41.3518882436438
30
0
0
VERTEX
8
0
10
97.3751732594858
20
41.3722532279203
30
0
0
VERTEX
8
0
10
97.6355346853133
20
41.3844755231778
30
0
0
VERTEX
8
0
10
97.8958961111408
20
41.3972995218819
30
0
0
VERTEX
8
0
10
98.1562575369683
20
41.4107983580102
30
0
0
VERTEX
8
0
10
98.4166189627958
20
41.424909083096
30
0
0
VERTEX
8
0
10
98.6769803886233
20
41.4408738130262
30
0
0
VERTEX
8
0
10
98.9373418144508
20
41.4548566015363
30
0
0
VERTEX
8
0
10
99.1977032402783
20
41.4636456025135
30
0
0
VERTEX
8
0
10
99.4580646661058
20
41.4757827717725
30
0
0
VERTEX
8
0
10
99.7184260919333
20
41.488733184828
30
0
0
VERTEX
8
0
10
99.9787875177608
20
41.5005334657729
30
0
0
VERTEX
8
0
10
100.239148943588
20
41.5101754334294
30
0
0
VERTEX
8
0
10
100.499510369416
20
41.5208944265808
30
0
0
VERTEX
8
0
10
100.759871795243
20
41.5354293471485
30
0
0
VERTEX
8
0
10
101.020233221071
20
41.5433365802346
30
0
0
VERTEX
8
0
10
101.280594646898
20
41.551193972186
30
0
0
VERTEX
8
0
10
101.540956072726
20
41.5598613709667
30
0
0
VERTEX
8
0
10
101.801317498553
20
41.5690178650121
30
0
0
VERTEX
8
0
10
102.061678924381
20
41.5794933729295
30
0
0
VERTEX
8
0
10
102.322040350208
20
41.5887006038786
30
0
0
VERTEX
8
0
10
102.582401776036
20
41.5928232659573
30
0
0
VERTEX
8
0
10
102.842763201863
20
41.600038246553
30
0
0
VERTEX
8
0
10
103.103124627691
20
41.6079933327733
30
0
0
VERTEX
8
0
10
103.363486053518
20
41.614619084891
30
0
0
VERTEX
8
0
10
103.623847479346
20
41.6195966827145
30
0
0
VERTEX
8
0
10
103.884208905173
20
41.6253950479298
30
0
0
VERTEX
8
0
10
104.144570331001
20
41.6342789308426
30
0
0
VERTEX
8
0
10
104.404931756828
20
41.6378034543077
30
0
0
VERTEX
8
0
10
104.665293182656
20
41.640776680812
30
0
0
VERTEX
8
0
10
104.925654608483
20
41.6446422613238
30
0
0
VERTEX
8
0
10
105.186016034311
20
41.6488884524472
30
0
0
VERTEX
8
0
10
105.446377460138
20
41.6540161518574
30
0
0
VERTEX
8
0
10
105.706738885966
20
41.6584357719837
30
0
0
VERTEX
8
0
10
105.967100311793
20
41.6579420023945
30
0
0
VERTEX
8
0
10
106.227461737621
20
41.6602826331756
30
0
0
VERTEX
8
0
10
106.487823163448
20
41.6632877578925
30
0
0
VERTEX
8
0
10
106.748184589276
20
41.6648462369425
30
0
0
VERTEX
8
0
10
107.008546015103
20
41.6651689758544
30
0
0
VERTEX
8
0
10
107.268907440931
20
41.6660962479655
30
0
0
VERTEX
8
0
10
107.529268866758
20
41.6694897755426
30
0
0
VERTEX
8
0
10
107.789630292586
20
41.6685821390949
30
0
0
VERTEX
8
0
10
108.049991718413
20
41.6667474940099
30
0
0
VERTEX
8
0
10
108.310353144241
20
41.6658442411397
30
0
0
VERTEX
8
0
10
108.570714570068
20
41.6652257272858
30
0
0
VERTEX
8
0
10
108.831075995896
20
41.6651339712894
30
0
0
VERTEX
8
0
10
109.091437421723
20
41.6647654586069
30
0
0
VERTEX
8
0
10
109.351798847551
20
41.6597035476295
30
0
0
VERTEX
8
0
10
109.612160273378
20
41.657218773707
30
0
0
VERTEX
8
0
10
109.872521699206
20
41.6553216567691
30
0
0
VERTEX
8
0
10
110.132883125033
20
41.6519118568383
30
0
0
VERTEX
8
0
10
110.393244550861
20
41.6475961380348
30
0
0
VERTEX
8
0
10
110.653605976688
20
41.6437031380631
30
0
0
VERTEX
8
0
10
110.913967402516
20
41.6417527148701
30
0
0
VERTEX
8
0
10
111.174328828343
20
41.6363799934733
30
0
0
VERTEX
8
0
10
111.434690254171
20
41.6298098723516
30
0
0
VERTEX
8
0
10
111.695051679998
20
41.6241748785734
30
0
0
VERTEX
8
0
10
111.955413105826
20
41.6187399596689
30
0
0
VERTEX
8
0
10
112.215774531653
20
41.6135474163603
30
0
0
VERTEX
8
0
10
112.476135957481
20
41.6084013059272
30
0
0
VERTEX
8
0
10
112.736497383308
20
41.5988196192132
30
0
0
VERTEX
8
0
10
112.996858809136
20
41.5915607447615
30
0
0
VERTEX
8
0
10
113.257220234963
20
41.5848125378016
30
0
0
VERTEX
8
0
10
113.517581660791
20
41.5765279744496
30
0
0
VERTEX
8
0
10
113.777943086618
20
41.5675975498957
30
0
0
VERTEX
8
0
10
114.038304512446
20
41.5589377428969
30
0
0
VERTEX
8
0
10
114.298665938273
20
41.5517792657808
30
0
0
VERTEX
8
0
10
114.559027364101
20
41.541924143413
30
0
0
VERTEX
8
0
10
114.819388789928
20
41.5306893246207
30
0
0
VERTEX
8
0
10
115.079750215756
20
41.5203648590856
30
0
0
VERTEX
8
0
10
115.340111641583
20
41.5101658544793
30
0
0
VERTEX
8
0
10
115.600473067411
20
41.4999847488529
30
0
0
VERTEX
8
0
10
115.860834493238
20
41.4900827442644
30
0
0
VERTEX
8
0
10
116.121195919066
20
41.4760315849396
30
0
0
VERTEX
8
0
10
116.381557344893
20
41.4640538029239
30
0
0
VERTEX
8
0
10
116.641918770721
20
41.4525104906615
30
0
0
VERTEX
8
0
10
116.902280196548
20
41.4394419979315
30
0
0
VERTEX
8
0
10
117.162641622376
20
41.42592887634
30
0
0
VERTEX
8
0
10
117.423003048203
20
41.4125600249557
30
0
0
VERTEX
8
0
10
117.683364474031
20
41.4003225339246
30
0
0
VERTEX
8
0
10
117.943725899858
20
41.3859831124507
30
0
0
VERTEX
8
0
10
118.204087325686
20
41.3701551866895
30
0
0
VERTEX
8
0
10
118.464448751513
20
41.3551901518136
30
0
0
VERTEX
8
0
10
118.724810177341
20
41.3402850744794
30
0
0
VERTEX
8
0
10
118.985171603168
20
41.3252244538398
30
0
0
VERTEX
8
0
10
119.245533028996
20
41.3106001422887
30
0
0
VERTEX
8
0
10
119.505894454823
20
41.2921338854896
30
0
0
VERTEX
8
0
10
119.766255880651
20
41.2754981689966
30
0
0
VERTEX
8
0
10
120.026617306478
20
41.2592223731053
30
0
0
VERTEX
8
0
10
120.286978732306
20
41.2414610566182
30
0
0
VERTEX
8
0
10
120.547340158133
20
41.2234069160638
30
0
0
VERTEX
8
0
10
120.807701583961
20
41.2053931235438
30
0
0
VERTEX
8
0
10
121.068063009788
20
41.1882025109515
30
0
0
VERTEX
8
0
10
121.328424435616
20
41.1693928616292
30
0
0
VERTEX
8
0
10
121.588785861443
20
41.149046942131
30
0
0
VERTEX
8
0
10
121.849147287271
20
41.1294988075911
30
0
0
VERTEX
8
0
10
122.109508713098
20
41.1099534946996
30
0
0
VERTEX
8
0
10
122.369870138926
20
41.090122684751
30
0
0
VERTEX
8
0
10
122.630231564753
20
41.070822916236
30
0
0
VERTEX
8
0
10
122.890592990581
20
41.0480025426862
30
0
0
VERTEX
8
0
10
123.150954416408
20
41.0267780121824
30
0
0
VERTEX
8
0
10
123.411315842236
20
41.0058413087593
30
0
0
VERTEX
8
0
10
123.671677268063
20
40.9834818162929
30
0
0
VERTEX
8
0
10
123.932038693891
20
40.9609400230901
30
0
0
VERTEX
8
0
10
124.192400119718
20
40.9383542920887
30
0
0
VERTEX
8
0
10
124.452761545546
20
40.9163372634105
30
0
0
VERTEX
8
0
10
124.713122971373
20
40.8930887907539
30
0
0
VERTEX
8
0
10
124.973484397201
20
40.8683066640832
30
0
0
VERTEX
8
0
10
125.233845823028
20
40.8442440071356
30
0
0
VERTEX
8
0
10
125.494207248856
20
40.8201348450392
30
0
0
VERTEX
8
0
10
125.754568674683
20
40.7956472889052
30
0
0
VERTEX
8
0
10
126.014930100511
20
40.7717343304623
30
0
0
VERTEX
8
0
10
126.275291526338
20
40.7446305222951
30
0
0
VERTEX
8
0
10
126.535652952166
20
40.7188974446156
30
0
0
VERTEX
8
0
10
126.796014377993
20
40.6933833502893
30
0
0
VERTEX
8
0
10
127.056375803821
20
40.6665276557368
30
0
0
VERTEX
8
0
10
127.316737229648
20
40.639566039113
30
0
0
VERTEX
8
0
10
127.577098655476
20
40.6124935186104
30
0
0
VERTEX
8
0
10
127.837460081303
20
40.5857820315933
30
0
0
VERTEX
8
0
10
128.097821507131
20
40.5581457815146
30
0
0
VERTEX
8
0
10
128.358182932958
20
40.5290197034266
30
0
0
VERTEX
8
0
10
128.618544358786
20
40.5005255378402
30
0
0
VERTEX
8
0
10
128.878905784613
20
40.4719429732759
30
0
0
VERTEX
8
0
10
129.139267210441
20
40.4429206898684
30
0
0
VERTEX
8
0
10
129.399628636268
20
40.4144753301911
30
0
0
VERTEX
8
0
10
129.659990062096
20
40.3831723467492
30
0
0
VERTEX
8
0
10
129.920351487923
20
40.353025980784
30
0
0
VERTEX
8
0
10
130.180712913751
20
40.3230338245869
30
0
0
VERTEX
8
0
10
130.441074339578
20
40.2917957766318
30
0
0
VERTEX
8
0
10
130.701435765406
20
40.2605003769733
30
0
0
VERTEX
8
0
10
130.961797191233
20
40.2290425358581
30
0
0
VERTEX
8
0
10
131.222158617061
20
40.1977790024681
30
0
0
VERTEX
8
0
10
131.482520042888
20
40.1658291273345
30
0
0
VERTEX
8
0
10
131.742881468716
20
40.1324665356044
30
0
0
VERTEX
8
0
10
132.003242894543
20
40.099642687574
30
0
0
VERTEX
8
0
10
132.263604320371
20
40.0666957941189
30
0
0
VERTEX
8
0
10
132.523965746198
20
40.0332747632973
30
0
0
VERTEX
8
0
10
132.784327172026
20
40.0004006310256
30
0
0
VERTEX
8
0
10
133.044688597853
20
39.9650012637152
30
0
0
VERTEX
8
0
10
133.305050023681
20
39.9305568540092
30
0
0
VERTEX
8
0
10
133.565411449508
20
39.8962068419657
30
0
0
VERTEX
8
0
10
133.825772875336
20
39.8607178148592
30
0
0
VERTEX
8
0
10
134.086134301163
20
39.8251979207269
30
0
0
VERTEX
8
0
10
134.346495726991
20
39.7894779837342
30
0
0
VERTEX
8
0
10
134.606857152818
20
39.7538216114225
30
0
0
VERTEX
8
0
10
134.867218578646
20
39.717660316543
30
0
0
VERTEX
8
0
10
135.127580004473
20
39.6801898360344
30
0
0
VERTEX
8
0
10
135.387941430301
20
39.6431627367395
30
0
0
VERTEX
8
0
10
135.648302856128
20
39.6059852198014
30
0
0
VERTEX
8
0
10
135.908664281956
20
39.5683221128526
30
0
0
VERTEX
8
0
10
136.169025707783
20
39.5311515982659
30
0
0
VERTEX
8
0
10
136.429387133611
20
39.4917836266154
30
0
0
VERTEX
8
0
10
136.689748559438
20
39.4531829751918
30
0
0
VERTEX
8
0
10
136.950109985266
20
39.4146228886918
30
0
0
VERTEX
8
0
10
137.210471411093
20
39.3750390057553
30
0
0
VERTEX
8
0
10
137.470832836921
20
39.3354339394973
30
0
0
VERTEX
8
0
10
137.731194262748
20
39.2956040683646
30
0
0
VERTEX
8
0
10
137.991555688576
20
39.2557388623595
30
0
0
VERTEX
8
0
10
138.251917114403
20
39.2155033219262
30
0
0
VERTEX
8
0
10
138.512278540231
20
39.1740825965258
30
0
0
VERTEX
8
0
10
138.772639966058
20
39.1330110299658
30
0
0
VERTEX
8
0
10
139.033001391886
20
39.0917692277267
30
0
0
VERTEX
8
0
10
139.293362817713
20
39.0500500763558
30
0
0
VERTEX
8
0
10
139.553724243541
20
39.0087524364666
30
0
0
VERTEX
8
0
10
139.814085669368
20
38.9655771983476
30
0
0
VERTEX
8
0
10
140.074447095196
20
38.9229974443643
30
0
0
VERTEX
8
0
10
140.334808521023
20
38.8804116203155
30
0
0
VERTEX
8
0
10
140.595169946851
20
38.8369232309125
30
0
0
VERTEX
8
0
10
140.855531372678
20
38.7934115659914
30
0
0
VERTEX
8
0
10
141.115892798506
20
38.7496624978052
30
0
0
VERTEX
8
0
10
141.376254224333
20
38.7058076788713
30
0
0
VERTEX
8
0
10
141.636615650161
20
38.6616796612426
30
0
0
VERTEX
8
0
10
141.896977075988
20
38.6165058005667
30
0
0
VERTEX
8
0
10
142.157338501816
20
38.57159141123
30
0
0
VERTEX
8
0
10
142.417699927643
20
38.5264951243902
30
0
0
VERTEX
8
0
10
142.678061353471
20
38.4809468030671
30
0
0
VERTEX
8
0
10
142.938422779298
20
38.4357393300379
30
0
0
VERTEX
8
0
10
143.198784205126
20
38.3889633254411
30
0
0
VERTEX
8
0
10
143.459145630953
20
38.3426288819661
30
0
0
VERTEX
8
0
10
143.719507056781
20
38.2962504555678
30
0
0
VERTEX
8
0
10
143.979868482608
20
38.2490948886506
30
0
0
VERTEX
8
0
10
144.240229908436
20
38.2019071422859
30
0
0
VERTEX
8
0
10
144.500591334263
20
38.1544813704806
30
0
0
VERTEX
8
0
10
144.760952760091
20
38.1069053465739
30
0
0
VERTEX
8
0
10
145.021314185918
20
38.0591246972935
30
0
0
VERTEX
8
0
10
145.281675611746
20
38.010448544852
30
0
0
VERTEX
8
0
10
145.542037037573
20
37.9619503485809
30
0
0
VERTEX
8
0
10
145.802398463401
20
37.9132677885989
30
0
0
VERTEX
8
0
10
146.062759889228
20
37.8641736573958
30
0
0
VERTEX
8
0
10
146.323121315056
20
37.8153372889693
30
0
0
VERTEX
8
0
10
146.583482740883
20
37.7652282527372
30
0
0
VERTEX
8
0
10
146.843844166711
20
37.7154273894717
30
0
0
VERTEX
8
0
10
147.104205592538
20
37.6655553438272
30
0
0
VERTEX
8
0
10
147.364567018366
20
37.6150345466477
30
0
0
VERTEX
8
0
10
147.624928444193
20
37.564471006641
30
0
0
VERTEX
8
0
10
147.885289870021
20
37.5136812315434
30
0
0
VERTEX
8
0
10
148.145651295848
20
37.4627209289958
30
0
0
VERTEX
8
0
10
148.406012721676
20
37.4116047647947
30
0
0
VERTEX
8
0
10
148.666374147503
20
37.3597509265141
30
0
0
VERTEX
8
0
10
148.926735573331
20
37.3080058365398
30
0
0
VERTEX
8
0
10
149.187096999158
20
37.2560847865295
30
0
0
VERTEX
8
0
10
149.447458424986
20
37.2038066816707
30
0
0
VERTEX
8
0
10
149.707819850813
20
37.1517083178724
30
0
0
VERTEX
8
0
10
149.968181276641
20
37.0986181222528
30
0
0
VERTEX
8
0
10
150.228542702468
20
37.0457266549344
30
0
0
VERTEX
8
0
10
150.488904128296
20
36.9927502424282
30
0
0
VERTEX
8
0
10
150.749265554123
20
36.9392559826957
30
0
0
VERTEX
8
0
10
151.009626979951
20
36.885712454467
30
0
0
VERTEX
8
0
10
151.269988405778
20
36.8319682144052
30
0
0
VERTEX
8
0
10
151.530349831606
20
36.778056817094
30
0
0
VERTEX
8
0
10
151.790711257433
20
36.7240275982245
30
0
0
VERTEX
8
0
10
152.051072683261
20
36.6694235503346
30
0
0
VERTEX
8
0
10
152.311434109088
20
36.6148763865093
30
0
0
VERTEX
8
0
10
152.571795534916
20
36.5601752042193
30
0
0
VERTEX
8
0
10
152.832156960743
20
36.505185581246
30
0
0
VERTEX
8
0
10
153.092518386571
20
36.4503110834829
30
0
0
VERTEX
8
0
10
153.352879812398
20
36.3947096383235
30
0
0
VERTEX
8
0
10
153.613241238226
20
36.3392260963289
30
0
0
VERTEX
8
0
10
153.873602664053
20
36.2836612183621
30
0
0
VERTEX
8
0
10
154.133964089881
20
36.227712667476
30
0
0
VERTEX
8
0
10
154.394325515708
20
36.1717191962852
30
0
0
VERTEX
8
0
10
154.654686941536
20
36.1155669952328
30
0
0
VERTEX
8
0
10
154.915048367363
20
36.0592756899904
30
0
0
VERTEX
8
0
10
155.175409793191
20
36.0029040505668
30
0
0
VERTEX
8
0
10
155.435771219018
20
35.9461245263204
30
0
0
SEQEND
8
0
0
POLYLINE
8
0
62
3
70
0
10
0
20
0
30
0
0
VERTEX
8
0
10
13.7991555688578
20
23.3731207319959
30
0
0
VERTEX
8
0
10
14.0595169946853
20
24.2362875284609
30
0
0
VERTEX
8
0
10
14.3198784205128
20
24.1937889657837
30
0
0
VERTEX
8
0
10
14.5802398463403
20
24.6752245405831
30
0
0
VERTEX
8
0
10
14.8406012721678
20
25.0316835765327
30
0
0
VERTEX
8
0
10
15.1009626979953
20
25.3405689644142
30
0
0
VERTEX
8
0
10
15.3613241238228
20
26.0150851161343
30
0
0
VERTEX
8
0
10
15.6216855496503
20
26.2000883117277
30
0
0
VERTEX
8
0
10
15.8820469754778
20
26.5629730967615
30
0
0
VERTEX
8
0
10
16.1424084013053
20
27.369868599681
30
0
0
VERTEX
8
0
10
16.4027698271328
20
27.3016986519347
30
0
0
VERTEX
8
0
10
16.6631312529603
20
27.8299681202402
30
0
0
VERTEX
8
0
10
16.9234926787878
20
28.1234825700159
30
0
0
VERTEX
8
0
10
17.1838541046153
20
28.4584302171947
30
0
0
VERTEX
8
0
10
17.4442155304428
20
29.1202723652797
30
0
0
VERTEX
8
0
10
17.7045769562703
20
29.2466677928419
30
0
0
VERTEX
8
0
10
17.9649383820978
20
29.6622042776533
30
0
0
VERTEX
8
0
10
18.2252998079253
20
30.0178165790639
30
0
0
VERTEX
8
0
10
18.4856612337528
20
30.3491505331328
30
0
0
VERTEX
8
0
10
18.7460226595803
20
30.8940607927881
30
0
0
VERTEX
8
0
10
19.0063840854078
20
31.140754179685
30
0
0
VERTEX
8
0
10
19.2667455112354
20
31.4984665976765
30
0
0
VERTEX
8
0
10
19.5271069370629
20
32.1405546685065
30
0
0
VERTEX
8
0
10
19.7874683628904
20
32.2270229714708
30
0
0
VERTEX
8
0
10
20.0478297887179
20
32.6781181577257
30
0
0
VERTEX
8
0
10
20.3081912145454
20
32.9899616505358
30
0
0
VERTEX
8
0
10
20.5685526403729
20
33.3294168602664
30
0
0
VERTEX
8
0
10
20.8289140662004
20
33.8757916861722
30
0
0
VERTEX
8
0
10
21.0892754920279
20
34.0867944284768
30
0
0
VERTEX
8
0
10
21.3496369178554
20
34.4627201676154
30
0
0
VERTEX
8
0
10
21.6099983436829
20
34.8117078495947
30
0
0
VERTEX
8
0
10
21.8703597695104
20
35.1485639762293
30
0
0
VERTEX
8
0
10
22.1307211953379
20
35.615906589831
30
0
0
VERTEX
8
0
10
22.3910826211654
20
35.8917803643904
30
0
0
VERTEX
8
0
10
22.6514440469929
20
36.2407414898525
30
0
0
VERTEX
8
0
10
22.9118054728204
20
36.7805661219349
30
0
0
VERTEX
8
0
10
23.1721668986479
20
36.9514175119809
30
0
0
VERTEX
8
0
10
23.4325283244754
20
37.3535771554266
30
0
0
VERTEX
8
0
10
23.6928897503029
20
37.6705848655986
30
0
0
VERTEX
8
0
10
23.9532511761304
20
38.0069962900435
30
0
0
VERTEX
8
0
10
24.2136126019579
20
38.4793873088948
30
0
0
VERTEX
8
0
10
24.4739740277855
20
38.7348847030437
30
0
0
VERTEX
8
0
10
24.734335453613
20
39.0832580590704
30
0
0
VERTEX
8
0
10
24.9946968794405
20
39.4230944243254
30
0
0
VERTEX
8
0
10
25.255058305268
20
39.7577264534891
30
0
0
VERTEX
8
0
10
25.5154197310955
20
40.1732686792825
30
0
0
VERTEX
8
0
10
25.775781156923
20
40.4621331641957
30
0
0
VERTEX
8
0
10
26.0361425827505
20
40.800773565773
30
0
0
VERTEX
8
0
10
26.296504008578
20
41.2714829932808
30
0
0
VERTEX
8
0
10
26.5568654344055
20
41.4902183733398
30
0
0
VERTEX
8
0
10
26.817226860233
20
41.8578138155208
30
0
0
VERTEX
8
0
10
27.0775882860605
20
42.1733216377649
30
0
0
VERTEX
8
0
10
27.337949711888
20
42.5029913598458
30
0
0
VERTEX
8
0
10
27.5983111377155
20
42.9237659553968
30
0
0
VERTEX
8
0
10
27.858672563543
20
43.2025212209328
30
0
0
VERTEX
8
0
10
28.1190339893705
20
43.5296244634196
30
0
0
VERTEX
8
0
10
28.379395415198
20
43.8591023252173
30
0
0
VERTEX
8
0
10
28.6397568410255
20
44.1875693655991
30
0
0
VERTEX
8
0
10
28.900118266853
20
44.5654956124717
30
0
0
VERTEX
8
0
10
29.1604796926805
20
44.8584959695887
30
0
0
VERTEX
8
0
10
29.420841118508
20
45.1860828631128
30
0
0
VERTEX
8
0
10
29.6812025443356
20
45.6067846871739
30
0
0
VERTEX
8
0
10
29.9415639701631
20
45.8527625882864
30
0
0
VERTEX
8
0
10
30.2019253959906
20
46.193876278882
30
0
0
VERTEX
8
0
10
30.4622868218181
20
46.5042142196071
30
0
0
VERTEX
8
0
10
30.7226482476456
20
46.8251783494711
30
0
0
VERTEX
8
0
10
30.9830096734731
20
47.2074329716861
30
0
0
VERTEX
8
0
10
31.2433710993006
20
47.4972770890782
30
0
0
VERTEX
8
0
10
31.5037325251281
20
47.8067084823994
30
0
0
VERTEX
8
0
10
31.7640939509556
20
48.1252274173809
30
0
0
VERTEX
8
0
10
32.0244553767831
20
48.4453713304108
30
0
0
VERTEX
8
0
10
32.2848168026106
20
48.7941308231775
30
0
0
VERTEX
8
0
10
32.5451782284381
20
49.0860749997025
30
0
0
VERTEX
8
0
10
32.8055396542656
20
49.4022664120947
30
0
0
VERTEX
8
0
10
33.0659010800931
20
49.7847171206088
30
0
0
VERTEX
8
0
10
33.3262625059206
20
50.0454875248119
30
0
0
VERTEX
8
0
10
33.5866239317481
20
50.3650186829512
30
0
0
VERTEX
8
0
10
33.8469853575756
20
50.6680401946398
30
0
0
VERTEX
8
0
10
34.1073467834031
20
50.9791997143742
30
0
0
VERTEX
8
0
10
34.3677082092306
20
51.3311043619014
30
0
0
VERTEX
8
0
10
34.6280696350581
20
51.6246361091125
30
0
0
VERTEX
8
0
10
34.8884310608857
20
51.9186119588961
30
0
0
VERTEX
8
0
10
35.1487924867132
20
52.2258759905658
30
0
0
VERTEX
8
0
10
35.4091539125407
20
52.5364554315868
30
0
0
VERTEX
8
0
10
35.6695153383682
20
52.8613969222368
30
0
0
VERTEX
8
0
10
35.9298767641957
20
53.1490773006467
30
0
0
VERTEX
8
0
10
36.1902381900232
20
53.453728524111
30
0
0
VERTEX
8
0
10
36.4505996158507
20
53.8055474297367
30
0
0
VERTEX
8
0
10
36.7109610416782
20
54.0732162369665
30
0
0
VERTEX
8
0
10
36.9713224675057
20
54.3743135081006
30
0
0
VERTEX
8
0
10
37.2316838933332
20
54.6687083221404
30
0
0
VERTEX
8
0
10
37.4920453191607
20
54.9694300583113
30
0
0
VERTEX
8
0
10
37.7524067449882
20
55.2963449703447
30
0
0
VERTEX
8
0
10
38.0127681708157
20
55.5888516739471
30
0
0
VERTEX
8
0
10
38.2731295966432
20
55.8688190449142
30
0
0
VERTEX
8
0
10
38.5334910224707
20
56.1646951166894
30
0
0
VERTEX
8
0
10
38.7938524482982
20
56.4649747928375
30
0
0
VERTEX
8
0
10
39.0542138741257
20
56.7696533111986
30
0
0
VERTEX
8
0
10
39.3145752999532
20
57.0510082124569
30
0
0
VERTEX
8
0
10
39.5749367257807
20
57.3440798670569
30
0
0
VERTEX
8
0
10
39.8352981516082
20
57.6704192955886
30
0
0
VERTEX
8
0
10
40.0956595774358
20
57.9397795314786
30
0
0
VERTEX
8
0
10
40.3560210032633
20
58.2245649606521
30
0
0
VERTEX
8
0
10
40.6163824290908
20
58.5095100066995
30
0
0
VERTEX
8
0
10
40.8767438549183
20
58.7994270784924
30
0
0
VERTEX
8
0
10
41.1371052807458
20
59.1050173915732
30
0
0
VERTEX
8
0
10
41.3974667065733
20
59.393389154977
30
0
0
VERTEX
8
0
10
41.6578281324008
20
59.6603401019814
30
0
0
VERTEX
8
0
10
41.9181895582283
20
59.9447867733689
30
0
0
VERTEX
8
0
10
42.1785509840558
20
60.2343266618443
30
0
0
VERTEX
8
0
10
42.4389124098833
20
60.5212021486928
30
0
0
VERTEX
8
0
10
42.6992738357108
20
60.7948664374011
30
0
0
VERTEX
8
0
10
42.9596352615383
20
61.0763778274814
30
0
0
VERTEX
8
0
10
43.2199966873658
20
61.3808480309823
30
0
0
VERTEX
8
0
10
43.4803581131933
20
61.6483551193457
30
0
0
VERTEX
8
0
10
43.7407195390208
20
61.9183171361124
30
0
0
VERTEX
8
0
10
44.0010809648483
20
62.1932871688491
30
0
0
VERTEX
8
0
10
44.2614423906758
20
62.4721923720686
30
0
0
VERTEX
8
0
10
44.5218038165033
20
62.7590528773007
30
0
0
VERTEX
8
0
10
44.7821652423308
20
63.0411796257552
30
0
0
VERTEX
8
0
10
45.0425266681583
20
63.2958237222251
30
0
0
VERTEX
8
0
10
45.3028880939859
20
63.5688531899299
30
0
0
VERTEX
8
0
10
45.5632495198134
20
63.8473934990854
30
0
0
VERTEX
8
0
10
45.8236109456409
20
64.1182275005804
30
0
0
VERTEX
8
0
10
46.0839723714684
20
64.3832777187997
30
0
0
VERTEX
8
0
10
46.3443337972959
20
64.6532819933502
30
0
0
VERTEX
8
0
10
46.6046952231234
20
64.9384909069511
30
0
0
VERTEX
8
0
10
46.8650566489509
20
65.2016703187838
30
0
0
VERTEX
8
0
10
47.1254180747784
20
65.457889728036
30
0
0
VERTEX
8
0
10
47.3857795006059
20
65.7225490353562
30
0
0
VERTEX
8
0
10
47.6461409264334
20
65.9903348337282
30
0
0
VERTEX
8
0
10
47.9065023522609
20
66.2603585403203
30
0
0
VERTEX
8
0
10
48.1668637780884
20
66.5347779358971
30
0
0
VERTEX
8
0
10
48.4272252039159
20
66.7776424153057
30
0
0
VERTEX
8
0
10
48.6875866297434
20
67.0392994208591
30
0
0
VERTEX
8
0
10
48.9479480555709
20
67.3066946491992
30
0
0
VERTEX
8
0
10
49.2083094813984
20
67.5627869938973
30
0
0
VERTEX
8
0
10
49.4686709072259
20
67.8185899596257
30
0
0
VERTEX
8
0
10
49.7290323330534
20
68.0771604251963
30
0
0
VERTEX
8
0
10
49.9893937588809
20
68.3450428075009
30
0
0
VERTEX
8
0
10
50.2497551847084
20
68.6021322949731
30
0
0
VERTEX
8
0
10
50.5101166105359
20
68.8454185833335
30
0
0
VERTEX
8
0
10
50.7704780363635
20
69.0995563448289
30
0
0
VERTEX
8
0
10
51.030839462191
20
69.3561796657164
30
0
0
VERTEX
8
0
10
51.2912008880185
20
69.6107847466288
30
0
0
VERTEX
8
0
10
51.551562313846
20
69.8764678375859
30
0
0
VERTEX
8
0
10
51.8119237396735
20
70.1079584822134
30
0
0
VERTEX
8
0
10
52.072285165501
20
70.3583082430599
30
0
0
VERTEX
8
0
10
52.3326465913285
20
70.6144878624885
30
0
0
VERTEX
8
0
10
52.593008017156
20
70.8568238551542
30
0
0
VERTEX
8
0
10
52.8533694429835
20
71.1029431898675
30
0
0
VERTEX
8
0
10
53.113730868811
20
71.3501656149927
30
0
0
VERTEX
8
0
10
53.3740922946385
20
71.6021914076827
30
0
0
VERTEX
8
0
10
53.634453720466
20
71.851916788966
30
0
0
VERTEX
8
0
10
53.8948151462935
20
72.0828937146952
30
0
0
VERTEX
8
0
10
54.155176572121
20
72.3263840330575
30
0
0
VERTEX
8
0
10
54.4155379979485
20
72.5718449275979
30
0
0
VERTEX
8
0
10
54.675899423776
20
72.8121196555301
30
0
0
VERTEX
8
0
10
54.9362608496035
20
73.0683357210113
30
0
0
VERTEX
8
0
10
55.196622275431
20
73.2887753845422
30
0
0
VERTEX
8
0
10
55.4569837012585
20
73.5278965633632
30
0
0
VERTEX
8
0
10
55.717345127086
20
73.7728408261739
30
0
0
VERTEX
8
0
10
55.9777065529135
20
74.002186096808
30
0
0
VERTEX
8
0
10
56.238067978741
20
74.2383226228363
30
0
0
VERTEX
8
0
10
56.4984294045685
20
74.4742908947857
30
0
0
VERTEX
8
0
10
56.758790830396
20
74.7116014534333
30
0
0
VERTEX
8
0
10
57.0191522562235
20
74.9530316059057
30
0
0
VERTEX
8
0
10
57.279513682051
20
75.1721928379013
30
0
0
VERTEX
8
0
10
57.5398751078785
20
75.4049693033491
30
0
0
VERTEX
8
0
10
57.800236533706
20
75.6392976829815
30
0
0
VERTEX
8
0
10
58.0605979595335
20
75.8660959597135
30
0
0
VERTEX
8
0
10
58.320959385361
20
76.1123247175997
30
0
0
VERTEX
8
0
10
58.5813208111885
20
76.3219785607907
30
0
0
VERTEX
8
0
10
58.841682237016
20
76.5499591547645
30
0
0
VERTEX
8
0
10
59.1020436628435
20
76.7836838367309
30
0
0
VERTEX
8
0
10
59.362405088671
20
77.0006473738815
30
0
0
VERTEX
8
0
10
59.6227665144985
20
77.2266000635369
30
0
0
VERTEX
8
0
10
59.883127940326
20
77.4514137868238
30
0
0
VERTEX
8
0
10
60.1434893661535
20
77.6749135061629
30
0
0
VERTEX
8
0
10
60.403850791981
20
77.9073640240273
30
0
0
VERTEX
8
0
10
60.6642122178084
20
78.1151104280342
30
0
0
VERTEX
8
0
10
60.924573643636
20
78.3371495527345
30
0
0
VERTEX
8
0
10
61.1849350694635
20
78.560396800872
30
0
0
VERTEX
8
0
10
61.4452964952909
20
78.7744028913662
30
0
0
VERTEX
8
0
10
61.7056579211184
20
79.010276010176
30
0
0
VERTEX
8
0
10
61.9660193469459
20
79.2093685582693
30
0
0
VERTEX
8
0
10
62.2263807727734
20
79.4263035371266
30
0
0
VERTEX
8
0
10
62.4867421986009
20
79.6488501431846
30
0
0
VERTEX
8
0
10
62.7471036244284
20
79.8539273424552
30
0
0
VERTEX
8
0
10
63.0074650502559
20
80.0695671465249
30
0
0
VERTEX
8
0
10
63.2678264760834
20
80.2833304015398
30
0
0
VERTEX
8
0
10
63.5281879019109
20
80.4937499054164
30
0
0
VERTEX
8
0
10
63.7885493277384
20
80.7167175892581
30
0
0
VERTEX
8
0
10
64.0489107535659
20
80.913382906107
30
0
0
VERTEX
8
0
10
64.3092721793934
20
81.1246931435443
30
0
0
VERTEX
8
0
10
64.5696336052209
20
81.3369267637458
30
0
0
VERTEX
8
0
10
64.8299950310484
20
81.5387002606894
30
0
0
VERTEX
8
0
10
65.0903564568759
20
81.7639615485013
30
0
0
VERTEX
8
0
10
65.3507178827034
20
81.9526885603438
30
0
0
VERTEX
8
0
10
65.6110793085309
20
82.158678583749
30
0
0
VERTEX
8
0
10
65.8714407343584
20
82.3701079955721
30
0
0
VERTEX
8
0
10
66.1318021601859
20
82.5637107911948
30
0
0
VERTEX
8
0
10
66.3921635860134
20
82.7689627720022
30
0
0
VERTEX
8
0
10
66.6525250118409
20
82.9717835876255
30
0
0
VERTEX
8
0
10
66.9128864376684
20
83.1697243036437
30
0
0
VERTEX
8
0
10
67.1732478634959
20
83.3828417209088
30
0
0
VERTEX
8
0
10
67.4336092893234
20
83.568710699058
30
0
0
VERTEX
8
0
10
67.6939707151509
20
83.7693250796005
30
0
0
VERTEX
8
0
10
67.9543321409784
20
83.9706252902925
30
0
0
VERTEX
8
0
10
68.2146935668059
20
84.1606330556328
30
0
0
VERTEX
8
0
10
68.4750549926334
20
84.3751108700443
30
0
0
VERTEX
8
0
10
68.7354164184609
20
84.5536478298285
30
0
0
VERTEX
8
0
10
68.9957778442884
20
84.7487986513392
30
0
0
VERTEX
8
0
10
69.2561392701159
20
84.9491870039845
30
0
0
VERTEX
8
0
10
69.5165006959434
20
85.131665442151
30
0
0
VERTEX
8
0
10
69.7768621217709
20
85.3264964000367
30
0
0
VERTEX
8
0
10
70.0372235475984
20
85.5184866798866
30
0
0
VERTEX
8
0
10
70.2975849734259
20
85.704452939626
30
0
0
VERTEX
8
0
10
70.5579463992534
20
85.9074563703474
30
0
0
VERTEX
8
0
10
70.8183078250809
20
86.0827778763094
30
0
0
VERTEX
8
0
10
71.0786692509084
20
86.2727490454675
30
0
0
VERTEX
8
0
10
71.3390306767359
20
86.4632066567306
30
0
0
VERTEX
8
0
10
71.5993921025634
20
86.6418459890005
30
0
0
VERTEX
8
0
10
71.8597535283909
20
86.8454338350649
30
0
0
VERTEX
8
0
10
72.1201149542184
20
87.0139421975959
30
0
0
VERTEX
8
0
10
72.3804763800459
20
87.1983645199786
30
0
0
VERTEX
8
0
10
72.6408378058734
20
87.3878005605819
30
0
0
VERTEX
8
0
10
72.9011992317009
20
87.5594585786613
30
0
0
VERTEX
8
0
10
73.1615606575284
20
87.7438683985637
30
0
0
VERTEX
8
0
10
73.4219220833559
20
87.9251441465566
30
0
0
VERTEX
8
0
10
73.6822835091834
20
88.0995667527902
30
0
0
VERTEX
8
0
10
73.9426449350109
20
88.2922732597148
30
0
0
VERTEX
8
0
10
74.2030063608384
20
88.457269977497
30
0
0
VERTEX
8
0
10
74.4633677866659
20
88.6366668702706
30
0
0
VERTEX
8
0
10
74.7237292124934
20
88.8163820290713
30
0
0
VERTEX
8
0
10
74.9840906383209
20
88.9839978011875
30
0
0
VERTEX
8
0
10
75.2444520641484
20
89.1766405350479
30
0
0
VERTEX
8
0
10
75.5048134899759
20
89.3352724505984
30
0
0
VERTEX
8
0
10
75.7651749158034
20
89.5090820895049
30
0
0
VERTEX
8
0
10
76.0255363416309
20
89.6876655475692
30
0
0
VERTEX
8
0
10
76.2858977674584
20
89.8487727568805
30
0
0
VERTEX
8
0
10
76.5462591932859
20
90.0227883304804
30
0
0
VERTEX
8
0
10
76.8066206191134
20
90.1934700836904
30
0
0
VERTEX
8
0
10
77.0669820449409
20
90.3567239347737
30
0
0
VERTEX
8
0
10
77.3273434707684
20
90.5390147792164
30
0
0
VERTEX
8
0
10
77.5877048965959
20
90.6938905537089
30
0
0
VERTEX
8
0
10
77.8480663224234
20
90.8627962109091
30
0
0
VERTEX
8
0
10
78.1084277482509
20
91.0318777519289
30
0
0
VERTEX
8
0
10
78.3687891740784
20
91.1887753344197
30
0
0
VERTEX
8
0
10
78.6291505999059
20
91.370459283115
30
0
0
VERTEX
8
0
10
78.8895120257334
20
91.5193612799624
30
0
0
VERTEX
8
0
10
79.1498734515609
20
91.6826795487695
30
0
0
VERTEX
8
0
10
79.4102348773884
20
91.8505202164397
30
0
0
VERTEX
8
0
10
79.6705963032159
20
92.0013208848241
30
0
0
VERTEX
8
0
10
79.9309577290434
20
92.1649918544839
30
0
0
VERTEX
8
0
10
80.1913191548709
20
92.325205268873
30
0
0
VERTEX
8
0
10
80.4516805806984
20
92.4776227790515
30
0
0
VERTEX
8
0
10
80.7120420065259
20
92.649431334003
30
0
0
VERTEX
8
0
10
80.9724034323534
20
92.7943768647969
30
0
0
VERTEX
8
0
10
81.2327648581809
20
92.9528870671152
30
0
0
VERTEX
8
0
10
81.4931262840084
20
93.1114523005717
30
0
0
VERTEX
8
0
10
81.7534877098359
20
93.2579074958366
30
0
0
VERTEX
8
0
10
82.0138491356634
20
93.4286533665131
30
0
0
VERTEX
8
0
10
82.2742105614909
20
93.5679693137874
30
0
0
VERTEX
8
0
10
82.5345719873184
20
93.7209235768235
30
0
0
VERTEX
8
0
10
82.7949334131459
20
93.878140903241
30
0
0
VERTEX
8
0
10
83.0552948389734
20
94.0188609502944
30
0
0
VERTEX
8
0
10
83.3156562648009
20
94.1722567700437
30
0
0
VERTEX
8
0
10
83.5760176906284
20
94.3221333279579
30
0
0
VERTEX
8
0
10
83.8363791164559
20
94.4640148340639
30
0
0
VERTEX
8
0
10
84.0967405422834
20
94.6253177426322
30
0
0
VERTEX
8
0
10
84.3571019681109
20
94.7605151117532
30
0
0
VERTEX
8
0
10
84.6174633939384
20
94.9087376163933
30
0
0
VERTEX
8
0
10
84.8778248197659
20
95.0569124435484
30
0
0
VERTEX
8
0
10
85.1381862455934
20
95.1931792752921
30
0
0
VERTEX
8
0
10
85.3985476714209
20
95.3530370898657
30
0
0
VERTEX
8
0
10
85.6589090972484
20
95.4829106636185
30
0
0
VERTEX
8
0
10
85.9192705230759
20
95.6256350268857
30
0
0
VERTEX
8
0
10
86.1796319489034
20
95.7723580984049
30
0
0
VERTEX
8
0
10
86.4399933747309
20
95.9032106669555
30
0
0
VERTEX
8
0
10
86.7003548005584
20
96.0464186376796
30
0
0
VERTEX
8
0
10
86.9607162263859
20
96.1860964608469
30
0
0
VERTEX
8
0
10
87.2210776522134
20
96.317718445622
30
0
0
VERTEX
8
0
10
87.4814390780409
20
96.4685291635199
30
0
0
VERTEX
8
0
10
87.7418005038684
20
96.5941555350006
30
0
0
VERTEX
8
0
10
88.0021619296959
20
96.7322097706406
30
0
0
VERTEX
8
0
10
88.2625233555234
20
96.8701290567992
30
0
0
VERTEX
8
0
10
88.5228847813509
20
96.9964460069039
30
0
0
VERTEX
8
0
10
88.7832462071784
20
97.1454915369496
30
0
0
VERTEX
8
0
10
89.0436076330059
20
97.2660683472613
30
0
0
VERTEX
8
0
10
89.3039690588334
20
97.3987044700708
30
0
0
VERTEX
8
0
10
89.5643304846609
20
97.5350722926006
30
0
0
VERTEX
8
0
10
89.8246919104884
20
97.6562622946801
30
0
0
VERTEX
8
0
10
90.0850533363159
20
97.7893863382456
30
0
0
VERTEX
8
0
10
90.3454147621433
20
97.9190110997908
30
0
0
VERTEX
8
0
10
90.6057761879709
20
98.0406328210998
30
0
0
VERTEX
8
0
10
90.8661376137984
20
98.1809969428782
30
0
0
VERTEX
8
0
10
91.1264990396259
20
98.2972276752214
30
0
0
VERTEX
8
0
10
91.3868604654534
20
98.4252447987437
30
0
0
VERTEX
8
0
10
91.6472218912809
20
98.5530529592285
30
0
0
VERTEX
8
0
10
91.9075833171083
20
98.6696480752764
30
0
0
VERTEX
8
0
10
92.1679447429358
20
98.8079804119348
30
0
0
VERTEX
8
0
10
92.4283061687634
20
98.9194099058058
30
0
0
VERTEX
8
0
10
92.6886675945909
20
99.0421079264423
30
0
0
VERTEX
8
0
10
92.9490290204184
20
99.1682699559292
30
0
0
VERTEX
8
0
10
93.2093904462458
20
99.279997880167
30
0
0
VERTEX
8
0
10
93.4697518720733
20
99.4031578901142
30
0
0
VERTEX
8
0
10
93.7301132979008
20
99.5228838258445
30
0
0
VERTEX
8
0
10
93.9904747237283
20
99.634752777246
30
0
0
VERTEX
8
0
10
94.2508361495558
20
99.7647447232503
30
0
0
VERTEX
8
0
10
94.5111975753833
20
99.871756070603
30
0
0
VERTEX
8
0
10
94.7715590012108
20
99.989879321521
30
0
0
VERTEX
8
0
10
95.0319204270383
20
100.10773109399
30
0
0
VERTEX
8
0
10
95.2922818528658
20
100.214826275314
30
0
0
VERTEX
8
0
10
95.5526432786933
20
100.342566278348
30
0
0
VERTEX
8
0
10
95.8130047045208
20
100.445003504197
30
0
0
VERTEX
8
0
10
96.0733661303483
20
100.557923079617
30
0
0
VERTEX
8
0
10
96.3337275561758
20
100.674039967231
30
0
0
VERTEX
8
0
10
96.5940889820033
20
100.776505158532
30
0
0
VERTEX
8
0
10
96.8544504078308
20
100.889836815329
30
0
0
VERTEX
8
0
10
97.1148118336583
20
100.99982783939
30
0
0
VERTEX
8
0
10
97.3751732594858
20
101.102184354782
30
0
0
VERTEX
8
0
10
97.6355346853133
20
101.221905118416
30
0
0
VERTEX
8
0
10
97.8958961111408
20
101.319876651733
30
0
0
VERTEX
8
0
10
98.1562575369683
20
101.428261963
30
0
0
VERTEX
8
0
10
98.4166189627958
20
101.536323351935
30
0
0
VERTEX
8
0
10
98.6769803886233
20
101.634138042536
30
0
0
VERTEX
8
0
10
98.9373418144508
20
101.751427488627
30
0
0
VERTEX
8
0
10
99.1977032402783
20
101.845034788907
30
0
0
VERTEX
8
0
10
99.4580646661058
20
101.948346253513
30
0
0
VERTEX
8
0
10
99.7184260919333
20
102.054590786728
30
0
0
VERTEX
8
0
10
99.9787875177608
20
102.147994356604
30
0
0
VERTEX
8
0
10
100.239148943588
20
102.251649330943
30
0
0
VERTEX
8
0
10
100.499510369416
20
102.352080264932
30
0
0
VERTEX
8
0
10
100.759871795243
20
102.445161501209
30
0
0
VERTEX
8
0
10
101.020233221071
20
102.55473724234
30
0
0
VERTEX
8
0
10
101.280594646898
20
102.643854091274
30
0
0
VERTEX
8
0
10
101.540956072726
20
102.74267093157
30
0
0
VERTEX
8
0
10
101.801317498553
20
102.841120320089
30
0
0
VERTEX
8
0
10
102.061678924381
20
102.929874781227
30
0
0
VERTEX
8
0
10
102.322040350208
20
103.03687608542
30
0
0
VERTEX
8
0
10
102.582401776036
20
103.121824770859
30
0
0
VERTEX
8
0
10
102.842763201863
20
103.215710423609
30
0
0
VERTEX
8
0
10
103.103124627691
20
103.312268655018
30
0
0
VERTEX
8
0
10
103.363486053518
20
103.396816144476
30
0
0
VERTEX
8
0
10
103.623847479346
20
103.490962637835
30
0
0
VERTEX
8
0
10
103.884208905173
20
103.582020565471
30
0
0
VERTEX
8
0
10
104.144570331001
20
103.666064041992
30
0
0
VERTEX
8
0
10
104.404931756828
20
103.765645374083
30
0
0
VERTEX
8
0
10
104.665293182656
20
103.846100369244
30
0
0
VERTEX
8
0
10
104.925654608483
20
103.935532804105
30
0
0
VERTEX
8
0
10
105.186016034311
20
104.024562235356
30
0
0
VERTEX
8
0
10
105.446377460138
20
104.104480531799
30
0
0
VERTEX
8
0
10
105.706738885966
20
104.20137695494
30
0
0
VERTEX
8
0
10
105.967100311793
20
104.277849005319
30
0
0
VERTEX
8
0
10
106.227461737621
20
104.362504538006
30
0
0
VERTEX
8
0
10
106.487823163448
20
104.449577102068
30
0
0
VERTEX
8
0
10
106.748184589276
20
104.525480993532
30
0
0
VERTEX
8
0
10
107.008546015103
20
104.610304584162
30
0
0
VERTEX
8
0
10
107.268907440931
20
104.692190346891
30
0
0
VERTEX
8
0
10
107.529268866758
20
104.767437181435
30
0
0
VERTEX
8
0
10
107.789630292586
20
104.857199044952
30
0
0
VERTEX
8
0
10
108.049991718413
20
104.929194826005
30
0
0
VERTEX
8
0
10
108.310353144241
20
105.009442794688
30
0
0
VERTEX
8
0
10
108.570714570068
20
105.08925943097
30
0
0
VERTEX
8
0
10
108.831075995896
20
105.160572237487
30
0
0
VERTEX
8
0
10
109.091437421723
20
105.247568521211
30
0
0
VERTEX
8
0
10
109.351798847551
20
105.315758352561
30
0
0
VERTEX
8
0
10
109.612160273378
20
105.391394435417
30
0
0
VERTEX
8
0
10
109.872521699206
20
105.469198060101
30
0
0
VERTEX
8
0
10
110.132883125033
20
105.536680217376
30
0
0
VERTEX
8
0
10
110.393244550861
20
105.612384994681
30
0
0
VERTEX
8
0
10
110.653605976688
20
105.685314846444
30
0
0
VERTEX
8
0
10
110.913967402516
20
105.75201279986
30
0
0
VERTEX
8
0
10
111.174328828343
20
105.832154848196
30
0
0
VERTEX
8
0
10
111.434690254171
20
105.895905993748
30
0
0
VERTEX
8
0
10
111.695051679998
20
105.967186806561
30
0
0
VERTEX
8
0
10
111.955413105826
20
106.038014579594
30
0
0
VERTEX
8
0
10
112.215774531653
20
106.100961895539
30
0
0
VERTEX
8
0
10
112.476135957481
20
106.178285288246
30
0
0
VERTEX
8
0
10
112.736497383308
20
106.238401623422
30
0
0
VERTEX
8
0
10
112.996858809136
20
106.305245667795
30
0
0
VERTEX
8
0
10
113.257220234963
20
106.374014894011
30
0
0
VERTEX
8
0
10
113.517581660791
20
106.433308997586
30
0
0
VERTEX
8
0
10
113.777943086618
20
106.500118979532
30
0
0
VERTEX
8
0
10
114.038304512446
20
106.564326422407
30
0
0
VERTEX
8
0
10
114.298665938273
20
106.622732845078
30
0
0
VERTEX
8
0
10
114.559027364101
20
106.693480294899
30
0
0
VERTEX
8
0
10
114.819388789928
20
106.749215524483
30
0
0
VERTEX
8
0
10
115.079750215756
20
106.811765592349
30
0
0
VERTEX
8
0
10
115.340111641583
20
106.873847063053
30
0
0
VERTEX
8
0
10
115.600473067411
20
106.928680910016
30
0
0
VERTEX
8
0
10
115.860834493238
20
106.996582564693
30
0
0
VERTEX
8
0
10
116.121195919066
20
107.048850443663
30
0
0
VERTEX
8
0
10
116.381557344893
20
107.10714856533
30
0
0
VERTEX
8
0
10
116.641918770721
20
107.167137692799
30
0
0
VERTEX
8
0
10
116.902280196548
20
107.218491730451
30
0
0
VERTEX
8
0
10
117.162641622376
20
107.276652568821
30
0
0
VERTEX
8
0
10
117.423003048203
20
107.332390395007
30
0
0
VERTEX
8
0
10
117.683364474031
20
107.38277515554
30
0
0
VERTEX
8
0
10
117.943725899858
20
107.44438007407
30
0
0
VERTEX
8
0
10
118.204087325686
20
107.49234456977
30
0
0
VERTEX
8
0
10
118.464448751513
20
107.546421384366
30
0
0
VERTEX
8
0
10
118.724810177341
20
107.600019835871
30
0
0
VERTEX
8
0
10
118.985171603168
20
107.647007005611
30
0
0
VERTEX
8
0
10
119.245533028996
20
107.705763744723
30
0
0
VERTEX
8
0
10
119.505894454823
20
107.750426712069
30
0
0
VERTEX
8
0
10
119.766255880651
20
107.800445923328
30
0
0
VERTEX
8
0
10
120.026617306478
20
107.851931207441
30
0
0
VERTEX
8
0
10
120.286978732306
20
107.895610076457
30
0
0
VERTEX
8
0
10
120.547340158133
20
107.945391064054
30
0
0
VERTEX
8
0
10
120.807701583961
20
107.992933634447
30
0
0
VERTEX
8
0
10
121.068063009788
20
108.035582103301
30
0
0
VERTEX
8
0
10
121.328424435616
20
108.088325122272
30
0
0
VERTEX
8
0
10
121.588785861443
20
108.12878301757
30
0
0
VERTEX
8
0
10
121.849147287271
20
108.174667407439
30
0
0
VERTEX
8
0
10
122.109508713098
20
108.220069200975
30
0
0
VERTEX
8
0
10
122.369870138926
20
108.25949411706
30
0
0
VERTEX
8
0
10
122.630231564753
20
108.309410572725
30
0
0
VERTEX
8
0
10
122.890592990581
20
108.346733083
30
0
0
VERTEX
8
0
10
123.150954416408
20
108.388763747367
30
0
0
VERTEX
8
0
10
123.411315842236
20
108.432045878379
30
0
0
VERTEX
8
0
10
123.671677268063
20
108.468334155418
30
0
0
VERTEX
8
0
10
123.932038693891
20
108.510030558781
30
0
0
VERTEX
8
0
10
124.192400119718
20
108.549676354397
30
0
0
VERTEX
8
0
10
124.452761545546
20
108.584892512055
30
0
0
VERTEX
8
0
10
124.713122971373
20
108.629084973652
30
0
0
VERTEX
8
0
10
124.973484397201
20
108.662322059748
30
0
0
VERTEX
8
0
10
125.233845823028
20
108.700320755839
30
0
0
VERTEX
8
0
10
125.494207248856
20
108.737837986557
30
0
0
VERTEX
8
0
10
125.754568674683
20
108.770005743257
30
0
0
VERTEX
8
0
10
126.014930100511
20
108.811416893633
30
0
0
VERTEX
8
0
10
126.275291526338
20
108.841686980785
30
0
0
VERTEX
8
0
10
126.535652952166
20
108.876045571626
30
0
0
VERTEX
8
0
10
126.796014377993
20
108.911452475892
30
0
0
VERTEX
8
0
10
127.056375803821
20
108.940657413618
30
0
0
VERTEX
8
0
10
127.316737229648
20
108.974593165433
30
0
0
VERTEX
8
0
10
127.577098655476
20
109.006667656135
30
0
0
VERTEX
8
0
10
127.837460081303
20
109.034777396655
30
0
0
VERTEX
8
0
10
128.097821507131
20
109.070763952346
30
0
0
VERTEX
8
0
10
128.358182932958
20
109.097090658341
30
0
0
VERTEX
8
0
10
128.618544358786
20
109.127539212533
30
0
0
VERTEX
8
0
10
128.878905784613
20
109.157512712042
30
0
0
VERTEX
8
0
10
129.139267210441
20
109.182752358433
30
0
0
VERTEX
8
0
10
129.399628636268
20
109.216026495262
30
0
0
VERTEX
8
0
10
129.659990062096
20
109.239558761177
30
0
0
VERTEX
8
0
10
129.920351487923
20
109.266590976003
30
0
0
VERTEX
8
0
10
130.180712913751
20
109.294480990162
30
0
0
VERTEX
8
0
10
130.441074339578
20
109.316935807332
30
0
0
VERTEX
8
0
10
130.701435765406
20
109.343466605958
30
0
0
VERTEX
8
0
10
130.961797191233
20
109.3683254925
30
0
0
VERTEX
8
0
10
131.222158617061
20
109.389680199862
30
0
0
VERTEX
8
0
10
131.482520042888
20
109.417841900463
30
0
0
VERTEX
8
0
10
131.742881468716
20
109.437596614319
30
0
0
VERTEX
8
0
10
132.003242894543
20
109.46086272835
30
0
0
VERTEX
8
0
10
132.263604320371
20
109.48366547446
30
0
0
VERTEX
8
0
10
132.523965746198
20
109.502333621666
30
0
0
VERTEX
8
0
10
132.784327172026
20
109.527875801221
30
0
0
VERTEX
8
0
10
133.044688597853
20
109.545014792313
30
0
0
VERTEX
8
0
10
133.305050023681
20
109.565099089648
30
0
0
VERTEX
8
0
10
133.565411449508
20
109.585864574681
30
0
0
VERTEX
8
0
10
133.825772875336
20
109.601932119891
30
0
0
VERTEX
8
0
10
134.086134301163
20
109.621449001597
30
0
0
VERTEX
8
0
10
134.346495726991
20
109.639481904132
30
0
0
VERTEX
8
0
10
134.606857152818
20
109.654462392564
30
0
0
VERTEX
8
0
10
134.867218578646
20
109.675220330175
30
0
0
VERTEX
8
0
10
135.127580004473
20
109.688773144989
30
0
0
VERTEX
8
0
10
135.387941430301
20
109.705260487404
30
0
0
VERTEX
8
0
10
135.648302856128
20
109.721301502128
30
0
0
VERTEX
8
0
10
135.908664281956
20
109.733786349796
30
0
0
VERTEX
8
0
10
136.169025707783
20
109.752042403442
30
0
0
VERTEX
8
0
10
136.429387133611
20
109.76316646629
30
0
0
VERTEX
8
0
10
136.689748559438
20
109.776718115382
30
0
0
VERTEX
8
0
10
136.950109985266
20
109.790789601885
30
0
0
VERTEX
8
0
10
137.210471411093
20
109.800866494454
30
0
0
VERTEX
8
0
10
137.470832836921
20
109.813799971027
30
0
0
VERTEX
8
0
10
137.731194262748
20
109.825434664266
30
0
0
VERTEX
8
0
10
137.991555688576
20
109.834455598596
30
0
0
VERTEX
8
0
10
138.251917114403
20
109.848275192774
30
0
0
VERTEX
8
0
10
138.512278540231
20
109.856032192
30
0
0
VERTEX
8
0
10
138.772639966058
20
109.866184812472
30
0
0
VERTEX
8
0
10
139.033001391886
20
109.875913661896
30
0
0
VERTEX
8
0
10
139.293362817713
20
109.882639571651
30
0
0
VERTEX
8
0
10
139.553724243541
20
109.894100788732
30
0
0
VERTEX
8
0
10
139.814085669368
20
109.899626531966
30
0
0
VERTEX
8
0
10
140.074447095196
20
109.907102303537
30
0
0
VERTEX
8
0
10
140.334808521023
20
109.914953299031
30
0
0
VERTEX
8
0
10
140.595169946851
20
109.919474690244
30
0
0
VERTEX
8
0
10
140.855531372678
20
109.926299588104
30
0
0
VERTEX
8
0
10
141.115892798506
20
109.932006927604
30
0
0
VERTEX
8
0
10
141.376254224333
20
109.935521883919
30
0
0
VERTEX
8
0
10
141.636615650161
20
109.942917954562
30
0
0
VERTEX
8
0
10
141.896977075988
20
109.945326199597
30
0
0
VERTEX
8
0
10
142.157338501816
20
109.949633702607
30
0
0
VERTEX
8
0
10
142.417699927643
20
109.953545766934
30
0
0
VERTEX
8
0
10
142.678061353471
20
109.954978566197
30
0
0
VERTEX
8
0
10
142.938422779298
20
109.960187222201
30
0
0
VERTEX
8
0
10
143.198784205126
20
109.9605747741
30
0
0
VERTEX
8
0
10
143.459145630953
20
109.962478465132
30
0
0
VERTEX
8
0
10
143.719507056781
20
109.964631121975
30
0
0
VERTEX
8
0
10
143.979868482608
20
109.964076290002
30
0
0
VERTEX
8
0
10
144.240229908436
20
109.965317501487
30
0
0
VERTEX
8
0
10
144.500591334263
20
109.965617263011
30
0
0
VERTEX
8
0
10
144.760952760091
20
109.964124669378
30
0
0
VERTEX
8
0
10
145.021314185918
20
109.965667524639
30
0
0
VERTEX
8
0
10
145.281675611746
20
109.963220996746
30
0
0
VERTEX
8
0
10
145.542037037573
20
109.96222472974
30
0
0
VERTEX
8
0
10
145.802398463401
20
109.960867509144
30
0
0
VERTEX
8
0
10
146.062759889228
20
109.957520809895
30
0
0
VERTEX
8
0
10
146.323121315056
20
109.957076820006
30
0
0
VERTEX
8
0
10
146.583482740883
20
109.952836183847
30
0
0
VERTEX
8
0
10
146.843844166711
20
109.94972528718
30
0
0
VERTEX
8
0
10
147.104205592538
20
109.946757253054
30
0
0
VERTEX
8
0
10
147.364567018366
20
109.941656374402
30
0
0
VERTEX
8
0
10
147.624928444193
20
109.937895868506
30
0
0
VERTEX
8
0
10
147.885289870021
20
109.933363865605
30
0
0
VERTEX
8
0
10
148.145651295848
20
109.927414212497
30
0
0
VERTEX
8
0
10
148.406012721676
20
109.923737138825
30
0
0
VERTEX
8
0
10
148.666374147503
20
109.916984054436
30
0
0
VERTEX
8
0
10
148.926735573331
20
109.911284741123
30
0
0
VERTEX
8
0
10
149.187096999158
20
109.9052656478
30
0
0
VERTEX
8
0
10
149.447458424986
20
109.897708659458
30
0
0
VERTEX
8
0
10
149.707819850813
20
109.892277842529
30
0
0
VERTEX
8
0
10
149.968181276641
20
109.883976869097
30
0
0
VERTEX
8
0
10
150.228542702468
20
109.876470927097
30
0
0
VERTEX
8
0
10
150.488904128296
20
109.86902394098
30
0
0
VERTEX
8
0
10
150.749265554123
20
109.859966636391
30
0
0
VERTEX
8
0
10
151.009626979951
20
109.851852345546
30
0
0
VERTEX
8
0
10
151.269988405778
20
109.843129475179
30
0
0
VERTEX
8
0
10
151.530349831606
20
109.833334486178
30
0
0
VERTEX
8
0
10
151.790711257433
20
109.825143345904
30
0
0
VERTEX
8
0
10
152.051072683261
20
109.814695602509
30
0
0
VERTEX
8
0
10
152.311434109088
20
109.804963209536
30
0
0
VERTEX
8
0
10
152.571795534916
20
109.794959675225
30
0
0
VERTEX
8
0
10
152.832156960743
20
109.78382739317
30
0
0
VERTEX
8
0
10
153.092518386571
20
109.774152256785
30
0
0
VERTEX
8
0
10
153.352879812398
20
109.762427207771
30
0
0
VERTEX
8
0
10
153.613241238226
20
109.751218870902
30
0
0
VERTEX
8
0
10
153.873602664053
20
109.740010179066
30
0
0
VERTEX
8
0
10
154.133964089881
20
109.727656977383
30
0
0
VERTEX
8
0
10
154.394325515708
20
109.715914756796
30
0
0
VERTEX
8
0
10
154.654686941536
20
109.703719240778
30
0
0
VERTEX
8
0
10
154.915048367363
20
109.690764353471
30
0
0
VERTEX
8
0
10
155.175409793191
20
109.678850697257
30
0
0
VERTEX
8
0
10
155.435771219018
20
109.665396958902
30
0
0
SEQEND
8
0
0
POLYLINE
8
0
62
4
70
0
10
0
20
0
30
0
0
VERTEX
8
0
10
13.7991555688578
20
21.729884819985
30
0
0
VERTEX
8
0
10
14.0595169946853
20
22.0965694612602
30
0
0
VERTEX
8
0
10
14.3198784205128
20
22.5178303556584
30
0
0
VERTEX
8
0
10
14.5802398463403
20
22.8788663234179
30
0
0
VERTEX
8
0
10
14.8406012721678
20
23.2654681264878
30
0
0
VERTEX
8
0
10
15.1009626979953
20
23.6607853759141
30
0
0
VERTEX
8
0
10
15.3613241238228
20
24.022360196403
30
0
0
VERTEX
8
0
10
15.6216855496503
20
24.4146761252306
30
0
0
VERTEX
8
0
10
15.8820469754778
20
24.7984973177329
30
0
0
VERTEX
8
0
10
16.1424084013053
20
25.1601969352449
30
0
0
VERTEX
8
0
10
16.4027698271328
20
25.5740232486919
30
0
0
VERTEX
8
0
10
16.6631312529603
20
25.9320909442898
30
0
0
VERTEX
8
0
10
16.9234926787878
20
26.3184977703707
30
0
0
VERTEX
8
0
10
17.1838541046153
20
26.7047070520196
30
0
0
VERTEX
8
0
10
17.4442155304428
20
27.0629615816555
30
0
0
VERTEX
8
0
10
17.7045769562703
20
27.4764998531561
30
0
0
VERTEX
8
0
10
17.9649383820978
20
27.8300505324128
30
0
0
VERTEX
8
0
10
18.2252998079253
20
28.208833373684
30
0
0
VERTEX
8
0
10
18.4856612337528
20
28.5962161640233
30
0
0
VERTEX
8
0
10
18.7460226595803
20
28.9498401041725
30
0
0
VERTEX
8
0
10
19.0063840854078
20
29.3345338652212
30
0
0
VERTEX
8
0
10
19.2667455112354
20
29.7101478046968
30
0
0
VERTEX
8
0
10
19.5271069370629
20
30.0631084582394
30
0
0
VERTEX
8
0
10
19.7874683628904
20
30.4688137903048
30
0
0
VERTEX
8
0
10
20.0478297887179
20
30.8175221707418
30
0
0
VERTEX
8
0
10
20.3081912145454
20
31.1942978138703
30
0
0
VERTEX
8
0
10
20.5685526403729
20
31.570772401056
30
0
0
VERTEX
8
0
10
20.8289140662004
20
31.9192585513622
30
0
0
VERTEX
8
0
10
21.0892754920279
20
32.3227875711697
30
0
0
VERTEX
8
0
10
21.3496369178554
20
32.6672133245489
30
0
0
VERTEX
8
0
10
21.6099983436829
20
33.0363380175365
30
0
0
VERTEX
8
0
10
21.8703597695104
20
33.4142018511957
30
0
0
VERTEX
8
0
10
22.1307211953379
20
33.7588406786346
30
0
0
VERTEX
8
0
10
22.3910826211654
20
34.1343895438493
30
0
0
VERTEX
8
0
10
22.6514440469929
20
34.5012066767105
30
0
0
VERTEX
8
0
10
22.9118054728204
20
34.8454048496004
30
0
0
VERTEX
8
0
10
23.1721668986479
20
35.2421657945765
30
0
0
VERTEX
8
0
10
23.4325283244754
20
35.5826257789
30
0
0
VERTEX
8
0
10
23.6928897503029
20
35.9506963625846
30
0
0
VERTEX
8
0
10
23.9532511761304
20
36.3183950776959
30
0
0
VERTEX
8
0
10
24.2136126019579
20
36.6583877198476
30
0
0
VERTEX
8
0
10
24.4739740277855
20
37.0523853523199
30
0
0
VERTEX
8
0
10
24.734335453613
20
37.3883121446355
30
0
0
VERTEX
8
0
10
24.9946968794405
20
37.7482990312996
30
0
0
VERTEX
8
0
10
25.255058305268
20
38.1164758444861
30
0
0
VERTEX
8
0
10
25.5154197310955
20
38.4519000165946
30
0
0
VERTEX
8
0
10
25.775781156923
20
38.8177856220915
30
0
0
VERTEX
8
0
10
26.0361425827505
20
39.1750015184688
30
0
0
VERTEX
8
0
10
26.296504008578
20
39.5097903730733
30
0
0
VERTEX
8
0
10
26.5568654344055
20
39.8964656508363
30
0
0
VERTEX
8
0
10
26.817226860233
20
40.2279028059105
30
0
0
VERTEX
8
0
10
27.0775882860605
20
40.5863385466977
30
0
0
VERTEX
8
0
10
27.337949711888
20
40.9381922262079
30
0
0
VERTEX
8
0
10
27.5983111377155
20
41.2646394320172
30
0
0
VERTEX
8
0
10
27.858672563543
20
41.6442698679301
30
0
0
VERTEX
8
0
10
28.1190339893705
20
41.967471337156
30
0
0
VERTEX
8
0
10
28.379395415198
20
42.3140386267073
30
0
0
VERTEX
8
0
10
28.6397568410255
20
42.6685505724237
30
0
0
VERTEX
8
0
10
28.900118266853
20
42.9910454488735
30
0
0
VERTEX
8
0
10
29.1604796926805
20
43.3433929696325
30
0
0
VERTEX
8
0
10
29.420841118508
20
43.6871848917438
30
0
0
VERTEX
8
0
10
29.6812025443356
20
44.0088734273275
30
0
0
VERTEX
8
0
10
29.9415639701631
20
44.3827496212893
30
0
0
VERTEX
8
0
10
30.2019253959906
20
44.7023411646348
30
0
0
VERTEX
8
0
10
30.4622868218181
20
45.0482479015265
30
0
0
VERTEX
8
0
10
30.7226482476456
20
45.3936891072112
30
0
0
VERTEX
8
0
10
30.9830096734731
20
45.7124588215503
30
0
0
VERTEX
8
0
10
31.2433710993006
20
46.0831559186274
30
0
0
VERTEX
8
0
10
31.5037325251281
20
46.3989624762631
30
0
0
VERTEX
8
0
10
31.7640939509556
20
46.7374214650389
30
0
0
VERTEX
8
0
10
32.0244553767831
20
47.0835721124836
30
0
0
VERTEX
8
0
10
32.2848168026106
20
47.3985356955721
30
0
0
VERTEX
8
0
10
32.5451782284381
20
47.7409433958604
30
0
0
VERTEX
8
0
10
32.8055396542656
20
48.0751913102946
30
0
0
VERTEX
8
0
10
33.0659010800931
20
48.3877758425736
30
0
0
VERTEX
8
0
10
33.3262625059206
20
48.7501317585386
30
0
0
VERTEX
8
0
10
33.5866239317481
20
49.059896571685
30
0
0
VERTEX
8
0
10
33.8469853575756
20
49.3952236183488
30
0
0
VERTEX
8
0
10
34.1073467834031
20
49.7300545944987
30
0
0
VERTEX
8
0
10
34.3677082092306
20
50.038876125463
30
0
0
VERTEX
8
0
10
34.6280696350581
20
50.3982122788442
30
0
0
VERTEX
8
0
10
34.8884310608857
20
50.7042946713436
30
0
0
VERTEX
8
0
10
35.1487924867132
20
51.032788235052
30
0
0
VERTEX
8
0
10
35.4091539125407
20
51.3686944860459
30
0
0
VERTEX
8
0
10
35.6695153383682
20
51.6743051314358
30
0
0
VERTEX
8
0
10
35.9298767641957
20
52.0082487722399
30
0
0
VERTEX
8
0
10
36.1902381900232
20
52.3339858360426
30
0
0
VERTEX
8
0
10
36.4505996158507
20
52.638576929258
30
0
0
VERTEX
8
0
10
36.7109610416782
20
52.9916185585408
30
0
0
VERTEX
8
0
10
36.9713224675057
20
53.2935930603743
30
0
0
VERTEX
8
0
10
37.2316838933332
20
53.6203330416888
30
0
0
VERTEX
8
0
10
37.4920453191607
20
53.9465549294331
30
0
0
VERTEX
8
0
10
37.7524067449882
20
54.239122465969
30
0
0
VERTEX
8
0
10
38.0127681708157
20
54.5797546067352
30
0
0
VERTEX
8
0
10
38.2731295966432
20
54.8688266018633
30
0
0
VERTEX
8
0
10
38.5334910224707
20
55.1790466360304
30
0
0
VERTEX
8
0
10
38.7938524482982
20
55.4964242794711
30
0
0
VERTEX
8
0
10
39.0542138741257
20
55.784421180803
30
0
0
VERTEX
8
0
10
39.3145752999532
20
56.0999035023509
30
0
0
VERTEX
8
0
10
39.5749367257807
20
56.4073786371554
30
0
0
VERTEX
8
0
10
39.8352981516082
20
56.6942499587983
30
0
0
VERTEX
8
0
10
40.0956595774358
20
57.0281926370254
30
0
0
VERTEX
8
0
10
40.3560210032633
20
57.3043300401004
30
0
0
VERTEX
8
0
10
40.6163824290908
20
57.6019368753599
30
0
0
VERTEX
8
0
10
40.8767438549183
20
57.8990097837706
30
0
0
VERTEX
8
0
10
41.1371052807458
20
58.1715113491481
30
0
0
VERTEX
8
0
10
41.3974667065733
20
58.4915401068907
30
0
0
VERTEX
8
0
10
41.6578281324008
20
58.7616344348189
30
0
0
VERTEX
8
0
10
41.9181895582283
20
59.0521625742909
30
0
0
VERTEX
8
0
10
42.1785509840558
20
59.3495988588165
30
0
0
VERTEX
8
0
10
42.4389124098833
20
59.618542323848
30
0
0
VERTEX
8
0
10
42.6992738357108
20
59.9141527513524
30
0
0
VERTEX
8
0
10
42.9596352615383
20
60.2016520413924
30
0
0
VERTEX
8
0
10
43.2199966873658
20
60.4689144576073
30
0
0
VERTEX
8
0
10
43.4803581131933
20
60.781903075303
30
0
0
VERTEX
8
0
10
43.7407195390208
20
61.0468358056759
30
0
0
VERTEX
8
0
10
44.0010809648483
20
61.3349729512263
30
0
0
VERTEX
8
0
10
44.2614423906758
20
61.6225561304785
30
0
0
VERTEX
8
0
10
44.5218038165033
20
61.8862812048797
30
0
0
VERTEX
8
0
10
44.7821652423308
20
62.1960490541007
30
0
0
VERTEX
8
0
10
45.0425266681583
20
62.4574902807075
30
0
0
VERTEX
8
0
10
45.3028880939859
20
62.7386530511591
30
0
0
VERTEX
8
0
10
45.5632495198134
20
63.0264662704083
30
0
0
VERTEX
8
0
10
45.8236109456409
20
63.286686373804
30
0
0
VERTEX
8
0
10
46.0839723714684
20
63.5727217536325
30
0
0
VERTEX
8
0
10
46.3443337972959
20
63.8511647076816
30
0
0
VERTEX
8
0
10
46.6046952231234
20
64.1101274631389
30
0
0
VERTEX
8
0
10
46.8650566489509
20
64.4133808096519
30
0
0
VERTEX
8
0
10
47.1254180747784
20
64.6701275284543
30
0
0
VERTEX
8
0
10
47.3857795006059
20
64.9492791804742
30
0
0
VERTEX
8
0
10
47.6461409264334
20
65.2278610853728
30
0
0
VERTEX
8
0
10
47.9065023522609
20
65.4833399000057
30
0
0
VERTEX
8
0
10
48.1668637780884
20
65.7833059785472
30
0
0
VERTEX
8
0
10
48.4272252039159
20
66.0359492686937
30
0
0
VERTEX
8
0
10
48.6875866297434
20
66.3077622360787
30
0
0
VERTEX
8
0
10
48.9479480555709
20
66.585962763135
30
0
0
VERTEX
8
0
10
49.2083094813984
20
66.8375059604743
30
0
0
VERTEX
8
0
10
49.4686709072259
20
67.11397357059
30
0
0
VERTEX
8
0
10
49.7290323330534
20
67.3830734734037
30
0
0
VERTEX
8
0
10
49.9893937588809
20
67.6333085655631
30
0
0
VERTEX
8
0
10
50.2497551847084
20
67.9263277495148
30
0
0
VERTEX
8
0
10
50.5101166105359
20
68.1744489117665
30
0
0
VERTEX
8
0
10
50.7704780363635
20
68.4441522232041
30
0
0
VERTEX
8
0
10
51.030839462191
20
68.6995885231685
30
0
0
VERTEX
8
0
10
51.2912008880185
20
68.9353138037394
30
0
0
VERTEX
8
0
10
51.551562313846
20
69.2139466219416
30
0
0
VERTEX
8
0
10
51.8119237396735
20
69.4476093989356
30
0
0
VERTEX
8
0
10
52.072285165501
20
69.6995417586344
30
0
0
VERTEX
8
0
10
52.3326465913285
20
69.9576104487835
30
0
0
VERTEX
8
0
10
52.593008017156
20
70.1899653275884
30
0
0
VERTEX
8
0
10
52.8533694429835
20
70.4463588252246
30
0
0
VERTEX
8
0
10
53.113730868811
20
70.6956203494137
30
0
0
VERTEX
8
0
10
53.3740922946385
20
70.9266392856889
30
0
0
VERTEX
8
0
10
53.634453720466
20
71.1873814791558
30
0
0
VERTEX
8
0
10
53.8948151462935
20
71.4058822982904
30
0
0
VERTEX
8
0
10
54.155176572121
20
71.6451923189032
30
0
0
VERTEX
8
0
10
54.4155379979485
20
71.8839384476863
30
0
0
VERTEX
8
0
10
54.675899423776
20
72.1011403524296
30
0
0
VERTEX
8
0
10
54.9362608496035
20
72.3597290110115
30
0
0
VERTEX
8
0
10
55.196622275431
20
72.5749773822305
30
0
0
VERTEX
8
0
10
55.4569837012585
20
72.8078087060365
30
0
0
VERTEX
8
0
10
55.717345127086
20
73.0465399882992
30
0
0
VERTEX
8
0
10
55.9777065529135
20
73.2604737820856
30
0
0
VERTEX
8
0
10
56.238067978741
20
73.4985037136334
30
0
0
VERTEX
8
0
10
56.4984294045685
20
73.7296677923614
30
0
0
VERTEX
8
0
10
56.758790830396
20
73.9432021057214
30
0
0
VERTEX
8
0
10
57.0191522562235
20
74.1965840692898
30
0
0
VERTEX
8
0
10
57.279513682051
20
74.4081987393999
30
0
0
VERTEX
8
0
10
57.5398751078785
20
74.6398293048788
30
0
0
VERTEX
8
0
10
57.800236533706
20
74.870878026876
30
0
0
VERTEX
8
0
10
58.0605979595335
20
75.081133889007
30
0
0
VERTEX
8
0
10
58.320959385361
20
75.3312217301159
30
0
0
VERTEX
8
0
10
58.5813208111885
20
75.5395827187205
30
0
0
VERTEX
8
0
10
58.841682237016
20
75.7644290001295
30
0
0
VERTEX
8
0
10
59.1020436628435
20
75.994835151808
30
0
0
VERTEX
8
0
10
59.362405088671
20
76.2013592819905
30
0
0
VERTEX
8
0
10
59.6227665144985
20
76.4301705149597
30
0
0
VERTEX
8
0
10
59.883127940326
20
76.6523085665095
30
0
0
VERTEX
8
0
10
60.1434893661535
20
76.8574423907822
30
0
0
VERTEX
8
0
10
60.403850791981
20
77.1008991855657
30
0
0
VERTEX
8
0
10
60.6642122178084
20
77.3041757048631
30
0
0
VERTEX
8
0
10
60.924573643636
20
77.5266574158473
30
0
0
VERTEX
8
0
10
61.1849350694635
20
77.7485463346681
30
0
0
VERTEX
8
0
10
61.4452964952909
20
77.9504232071338
30
0
0
VERTEX
8
0
10
61.7056579211184
20
78.1905388841111
30
0
0
VERTEX
8
0
10
61.9660193469459
20
78.3905819789631
30
0
0
VERTEX
8
0
10
62.2263807727734
20
78.60678172009
30
0
0
VERTEX
8
0
10
62.4867421986009
20
78.8283597590506
30
0
0
VERTEX
8
0
10
62.7471036244284
20
79.0269946803092
30
0
0
VERTEX
8
0
10
63.0074650502559
20
79.2470001113271
30
0
0
VERTEX
8
0
10
63.2678264760834
20
79.4605664473145
30
0
0
VERTEX
8
0
10
63.5281879019109
20
79.6577743688285
30
0
0
VERTEX
8
0
10
63.7885493277384
20
79.8917408365802
30
0
0
VERTEX
8
0
10
64.0489107535659
20
80.0871493137389
30
0
0
VERTEX
8
0
10
64.3092721793934
20
80.3009380015894
30
0
0
VERTEX
8
0
10
64.5696336052209
20
80.5141251345954
30
0
0
VERTEX
8
0
10
64.8299950310484
20
80.7081000056053
30
0
0
VERTEX
8
0
10
65.0903564568759
20
80.9386890057874
30
0
0
VERTEX
8
0
10
65.3507178827034
20
81.1308870090238
30
0
0
VERTEX
8
0
10
65.6110793085309
20
81.3385162991779
30
0
0
VERTEX
8
0
10
65.8714407343584
20
81.5512612403538
30
0
0
VERTEX
8
0
10
66.1318021601859
20
81.7420197275099
30
0
0
VERTEX
8
0
10
66.3921635860134
20
81.9532158475757
30
0
0
VERTEX
8
0
10
66.6525250118409
20
82.1582145943134
30
0
0
VERTEX
8
0
10
66.9128864376684
20
82.3488214729983
30
0
0
VERTEX
8
0
10
67.1732478634959
20
82.5742021780668
30
0
0
VERTEX
8
0
10
67.4336092893234
20
82.7626750565932
30
0
0
VERTEX
8
0
10
67.6939707151509
20
82.9686918670566
30
0
0
VERTEX
8
0
10
67.9543321409784
20
83.1741000965009
30
0
0
VERTEX
8
0
10
68.2146935668059
20
83.3611112520415
30
0
0
VERTEX
8
0
10
68.4750549926334
20
83.5830862192136
30
0
0
VERTEX
8
0
10
68.7354164184609
20
83.7683737832454
30
0
0
VERTEX
8
0
10
68.9957778442884
20
83.968360663279
30
0
0
VERTEX
8
0
10
69.2561392701159
20
84.1731986824521
30
0
0
VERTEX
8
0
10
69.5165006959434
20
84.3561402633964
30
0
0
VERTEX
8
0
10
69.7768621217709
20
84.5587703218139
30
0
0
VERTEX
8
0
10
70.0372235475984
20
84.7554510937582
30
0
0
VERTEX
8
0
10
70.2975849734259
20
84.9371134311749
30
0
0
VERTEX
8
0
10
70.5579463992534
20
85.1523189964378
30
0
0
VERTEX
8
0
10
70.8183078250809
20
85.3322906869304
30
0
0
VERTEX
8
0
10
71.0786692509084
20
85.5289645222909
30
0
0
VERTEX
8
0
10
71.3390306767359
20
85.7250268938372
30
0
0
VERTEX
8
0
10
71.5993921025634
20
85.9035196771105
30
0
0
VERTEX
8
0
10
71.8597535283909
20
86.1153134772531
30
0
0
VERTEX
8
0
10
72.1201149542184
20
86.2921366236005
30
0
0
VERTEX
8
0
10
72.3804763800459
20
86.4829271248515
30
0
0
VERTEX
8
0
10
72.6408378058734
20
86.6783065085973
30
0
0
VERTEX
8
0
10
72.9011992317009
20
86.8536491720694
30
0
0
VERTEX
8
0
10
73.1615606575284
20
87.0475307223595
30
0
0
VERTEX
8
0
10
73.4219220833559
20
87.2357152059761
30
0
0
VERTEX
8
0
10
73.6822835091834
20
87.4095664243221
30
0
0
VERTEX
8
0
10
73.9426449350109
20
87.6153294501081
30
0
0
VERTEX
8
0
10
74.2030063608384
20
87.7875417408191
30
0
0
VERTEX
8
0
10
74.4633677866659
20
87.9756117066836
30
0
0
VERTEX
8
0
10
74.7237292124934
20
88.1623774200456
30
0
0
VERTEX
8
0
10
74.9840906383209
20
88.3324195469936
30
0
0
VERTEX
8
0
10
75.2444520641484
20
88.5340930436171
30
0
0
VERTEX
8
0
10
75.5048134899759
20
88.702517143633
30
0
0
VERTEX
8
0
10
75.7651749158034
20
88.8841772551857
30
0
0
VERTEX
8
0
10
76.0255363416309
20
89.0701649096447
30
0
0
VERTEX
8
0
10
76.2858977674584
20
89.2370981080599
30
0
0
VERTEX
8
0
10
76.5462591932859
20
89.4216156978963
30
0
0
VERTEX
8
0
10
76.8066206191134
20
89.6006916335328
30
0
0
VERTEX
8
0
10
77.0669820449409
20
89.7661248503476
30
0
0
VERTEX
8
0
10
77.3273434707684
20
89.9618332833979
30
0
0
VERTEX
8
0
10
77.5877048965959
20
90.1256780282453
30
0
0
VERTEX
8
0
10
77.8480663224234
20
90.3045372108643
30
0
0
VERTEX
8
0
10
78.1084277482509
20
90.4827837668297
30
0
0
VERTEX
8
0
10
78.3687891740784
20
90.6451297056174
30
0
0
VERTEX
8
0
10
78.6291505999059
20
90.8374367309304
30
0
0
VERTEX
8
0
10
78.8895120257334
20
90.9982138228927
30
0
0
VERTEX
8
0
10
79.1498734515609
20
91.1714982232706
30
0
0
VERTEX
8
0
10
79.4102348773884
20
91.3488501650371
30
0
0
VERTEX
8
0
10
79.6705963032159
20
91.508130111792
30
0
0
VERTEX
8
0
10
79.9309577290434
20
91.6840396855127
30
0
0
VERTEX
8
0
10
80.1913191548709
20
91.8547645152321
30
0
0
VERTEX
8
0
10
80.4516805806984
20
92.0125400554058
30
0
0
VERTEX
8
0
10
80.7120420065259
20
92.1989518992998
30
0
0
VERTEX
8
0
10
80.9724034323534
20
92.3551874670877
30
0
0
VERTEX
8
0
10
81.2327648581809
20
92.5255959509735
30
0
0
VERTEX
8
0
10
81.4931262840084
20
92.6953935281285
30
0
0
VERTEX
8
0
10
81.7534877098359
20
92.8501274476876
30
0
0
VERTEX
8
0
10
82.0138491356634
20
93.0331543896992
30
0
0
VERTEX
8
0
10
82.2742105614909
20
93.1863675242677
30
0
0
VERTEX
8
0
10
82.5345719873184
20
93.3510874916081
30
0
0
VERTEX
8
0
10
82.7949334131459
20
93.5194430118312
30
0
0
VERTEX
8
0
10
83.0552948389734
20
93.6707077303568
30
0
0
VERTEX
8
0
10
83.3156562648009
20
93.837649729915
30
0
0
VERTEX
8
0
10
83.5760176906284
20
93.9996652060326
30
0
0
VERTEX
8
0
10
83.8363791164559
20
94.1494258546241
30
0
0
VERTEX
8
0
10
84.0967405422834
20
94.3261872913025
30
0
0
VERTEX
8
0
10
84.3571019681109
20
94.4744554665924
30
0
0
VERTEX
8
0
10
84.6174633939384
20
94.6360597187146
30
0
0
VERTEX
8
0
10
84.8778248197659
20
94.7970564092404
30
0
0
VERTEX
8
0
10
85.1381862455934
20
94.9438246478412
30
0
0
VERTEX
8
0
10
85.3985476714209
20
95.1172261496663
30
0
0
VERTEX
8
0
10
85.6589090972484
20
95.2625206699569
30
0
0
VERTEX
8
0
10
85.9192705230759
20
95.4188791576217
30
0
0
VERTEX
8
0
10
86.1796319489034
20
95.5787927093089
30
0
0
VERTEX
8
0
10
86.4399933747309
20
95.7225918851836
30
0
0
VERTEX
8
0
10
86.7003548005584
20
95.8811214490285
30
0
0
VERTEX
8
0
10
86.9607162263859
20
96.0349828505732
30
0
0
VERTEX
8
0
10
87.2210776522134
20
96.1772825528495
30
0
0
VERTEX
8
0
10
87.4814390780409
20
96.3449555017423
30
0
0
VERTEX
8
0
10
87.7418005038684
20
96.485809333754
30
0
0
VERTEX
8
0
10
88.0021619296959
20
96.6397725533497
30
0
0
VERTEX
8
0
10
88.2625233555234
20
96.7929791459976
30
0
0
VERTEX
8
0
10
88.5228847813509
20
96.9327891749718
30
0
0
VERTEX
8
0
10
88.7832462071784
20
97.0975836113009
30
0
0
VERTEX
8
0
10
89.0436076330059
20
97.2359665120212
30
0
0
VERTEX
8
0
10
89.3039690588334
20
97.3847018470859
30
0
0
VERTEX
8
0
10
89.5643304846609
20
97.5367407559896
30
0
0
VERTEX
8
0
10
89.8246919104884
20
97.6736362419096
30
0
0
VERTEX
8
0
10
90.0850533363159
20
97.8243220533749
30
0
0
VERTEX
8
0
10
90.3454147621433
20
97.9705981300303
30
0
0
VERTEX
8
0
10
90.6057761879709
20
98.0848257419995
30
0
0
VERTEX
8
0
10
90.8661376137984
20
98.22645397665
30
0
0
VERTEX
8
0
10
91.1264990396259
20
98.3429277780853
30
0
0
VERTEX
8
0
10
91.3868604654534
20
98.4710998806252
30
0
0
VERTEX
8
0
10
91.6472218912809
20
98.5986854968203
30
0
0
VERTEX
8
0
10
91.9075833171083
20
98.7136980530984
30
0
0
VERTEX
8
0
10
92.1679447429358
20
98.8520961423145
30
0
0
VERTEX
8
0
10
92.4283061687634
20
98.9657415768898
30
0
0
VERTEX
8
0
10
92.6886675945909
20
99.0890573381222
30
0
0
VERTEX
8
0
10
92.9490290204184
20
99.215443238409
30
0
0
VERTEX
8
0
10
93.2093904462458
20
99.3271524253271
30
0
0
VERTEX
8
0
10
93.4697518720733
20
99.4517854303226
30
0
0
VERTEX
8
0
10
93.7301132979008
20
99.5722663870521
30
0
0
VERTEX
8
0
10
93.9904747237283
20
99.6825458770279
30
0
0
VERTEX
8
0
10
94.2508361495558
20
99.8150444518034
30
0
0
VERTEX
8
0
10
94.5111975753833
20
99.9239800739169
30
0
0
VERTEX
8
0
10
94.7715590012108
20
100.043823562564
30
0
0
VERTEX
8
0
10
95.0319204270383
20
100.163084340831
30
0
0
VERTEX
8
0
10
95.2922818528658
20
100.270562946777
30
0
0
VERTEX
8
0
10
95.5526432786933
20
100.399857299635
30
0
0
VERTEX
8
0
10
95.8130047045208
20
100.50062724342
30
0
0
VERTEX
8
0
10
96.0733661303483
20
100.61001133666
30
0
0
VERTEX
8
0
10
96.3337275561758
20
100.722234967982
30
0
0
VERTEX
8
0
10
96.5940889820033
20
100.821186612148
30
0
0
VERTEX
8
0
10
96.8544504078308
20
100.932145452065
30
0
0
VERTEX
8
0
10
97.1148118336583
20
101.03920417942
30
0
0
VERTEX
8
0
10
97.3751732594858
20
101.136723052347
30
0
0
VERTEX
8
0
10
97.6355346853133
20
101.254935692951
30
0
0
VERTEX
8
0
10
97.8958961111408
20
101.351162900318
30
0
0
VERTEX
8
0
10
98.1562575369683
20
101.4575278644
30
0
0
VERTEX
8
0
10
98.4166189627958
20
101.565770940005
30
0
0
VERTEX
8
0
10
98.6769803886233
20
101.663645421719
30
0
0
VERTEX
8
0
10
98.9373418144508
20
101.781796196253
30
0
0
VERTEX
8
0
10
99.1977032402783
20
101.878384718205
30
0
0
VERTEX
8
0
10
99.4580646661058
20
101.983308579788
30
0
0
VERTEX
8
0
10
99.7184260919333
20
102.090831792447
30
0
0
VERTEX
8
0
10
99.9787875177608
20
102.185984101501
30
0
0
VERTEX
8
0
10
100.239148943588
20
102.292257668012
30
0
0
VERTEX
8
0
10
100.499510369416
20
102.394868101936
30
0
0
VERTEX
8
0
10
100.759871795243
20
102.488582775946
30
0
0
VERTEX
8
0
10
101.020233221071
20
102.60089289428
30
0
0
VERTEX
8
0
10
101.280594646898
20
102.692470409834
30
0
0
VERTEX
8
0
10
101.540956072726
20
102.793412591474
30
0
0
VERTEX
8
0
10
101.801317498553
20
102.893786965675
30
0
0
VERTEX
8
0
10
102.061678924381
20
102.98393638557
30
0
0
VERTEX
8
0
10
102.322040350208
20
103.092832893621
30
0
0
VERTEX
8
0
10
102.582401776036
20
103.181736008179
30
0
0
VERTEX
8
0
10
102.842763201863
20
103.278320121966
30
0
0
VERTEX
8
0
10
103.103124627691
20
103.37727366663
30
0
0
VERTEX
8
0
10
103.363486053518
20
103.464755731865
30
0
0
VERTEX
8
0
10
103.623847479346
20
103.556385853001
30
0
0
VERTEX
8
0
10
103.884208905173
20
103.638981964151
30
0
0
VERTEX
8
0
10
104.144570331001
20
103.713344354191
30
0
0
VERTEX
8
0
10
104.404931756828
20
103.8054050488
30
0
0
VERTEX
8
0
10
104.665293182656
20
103.878582279493
30
0
0
VERTEX
8
0
10
104.925654608483
20
103.960390172735
30
0
0
VERTEX
8
0
10
105.186016034311
20
104.041657357243
30
0
0
VERTEX
8
0
10
105.446377460138
20
104.113476257495
30
0
0
VERTEX
8
0
10
105.706738885966
20
104.202569941862
30
0
0
VERTEX
8
0
10
105.967100311793
20
104.273216939223
30
0
0
VERTEX
8
0
10
106.227461737621
20
104.350927086333
30
0
0
VERTEX
8
0
10
106.487823163448
20
104.427246200759
30
0
0
VERTEX
8
0
10
106.748184589276
20
104.493973243202
30
0
0
VERTEX
8
0
10
107.008546015103
20
104.570132763049
30
0
0
VERTEX
8
0
10
107.268907440931
20
104.643130136079
30
0
0
VERTEX
8
0
10
107.529268866758
20
104.708521044494
30
0
0
VERTEX
8
0
10
107.789630292586
20
104.790164460757
30
0
0
VERTEX
8
0
10
108.049991718413
20
104.854415123459
30
0
0
VERTEX
8
0
10
108.310353144241
20
104.926569061634
30
0
0
VERTEX
8
0
10
108.570714570068
20
104.998194461222
30
0
0
VERTEX
8
0
10
108.831075995896
20
105.061115314377
30
0
0
VERTEX
8
0
10
109.091437421723
20
105.140914020078
30
0
0
VERTEX
8
0
10
109.351798847551
20
105.203553804337
30
0
0
VERTEX
8
0
10
109.612160273378
20
105.27263863393
30
0
0
VERTEX
8
0
10
109.872521699206
20
105.343673719398
30
0
0
VERTEX
8
0
10
110.132883125033
20
105.404985235487
30
0
0
VERTEX
8
0
10
110.393244550861
20
105.474898818868
30
0
0
VERTEX
8
0
10
110.653605976688
20
105.541878290851
30
0
0
VERTEX
8
0
10
110.913967402516
20
105.601862354058
30
0
0
VERTEX
8
0
10
111.174328828343
20
105.67667047757
30
0
0
VERTEX
8
0
10
111.434690254171
20
105.735545308085
30
0
0
VERTEX
8
0
10
111.695051679998
20
105.801602468741
30
0
0
VERTEX
8
0
10
111.955413105826
20
105.86713722942
30
0
0
VERTEX
8
0
10
112.215774531653
20
105.924693288304
30
0
0
VERTEX
8
0
10
112.476135957481
20
105.996641253399
30
0
0
VERTEX
8
0
10
112.736497383308
20
106.053102615311
30
0
0
VERTEX
8
0
10
112.996858809136
20
106.115399966854
30
0
0
VERTEX
8
0
10
113.257220234963
20
106.179434596228
30
0
0
VERTEX
8
0
10
113.517581660791
20
106.234586640949
30
0
0
VERTEX
8
0
10
113.777943086618
20
106.297528821255
30
0
0
VERTEX
8
0
10
114.038304512446
20
106.357765168278
30
0
0
VERTEX
8
0
10
114.298665938273
20
106.411610257468
30
0
0
VERTEX
8
0
10
114.559027364101
20
106.478881341981
30
0
0
VERTEX
8
0
10
114.819388789928
20
106.531654469544
30
0
0
VERTEX
8
0
10
115.079750215756
20
106.590907283902
30
0
0
VERTEX
8
0
10
115.340111641583
20
106.649647972526
30
0
0
VERTEX
8
0
10
115.600473067411
20
106.701124948515
30
0
0
VERTEX
8
0
10
115.860834493238
20
106.765595424238
30
0
0
VERTEX
8
0
10
116.121195919066
20
106.816015849684
30
0
0
VERTEX
8
0
10
116.381557344893
20
106.871678796546
30
0
0
VERTEX
8
0
10
116.641918770721
20
106.928873066695
30
0
0
VERTEX
8
0
10
116.902280196548
20
106.975972507974
30
0
0
VERTEX
8
0
10
117.162641622376
20
107.029647258308
30
0
0
VERTEX
8
0
10
117.423003048203
20
107.080846726197
30
0
0
VERTEX
8
0
10
117.683364474031
20
107.126252205074
30
0
0
VERTEX
8
0
10
117.943725899858
20
107.183726124116
30
0
0
VERTEX
8
0
10
118.204087325686
20
107.228109132384
30
0
0
VERTEX
8
0
10
118.464448751513
20
107.278294054859
30
0
0
VERTEX
8
0
10
118.724810177341
20
107.327984222891
30
0
0
VERTEX
8
0
10
118.985171603168
20
107.371113893415
30
0
0
VERTEX
8
0
10
119.245533028996
20
107.425883341227
30
0
0
VERTEX
8
0
10
119.505894454823
20
107.468006483225
30
0
0
VERTEX
8
0
10
119.766255880651
20
107.514802418039
30
0
0
VERTEX
8
0
10
120.026617306478
20
107.562936840433
30
0
0
VERTEX
8
0
10
120.286978732306
20
107.603819853579
30
0
0
VERTEX
8
0
10
120.547340158133
20
107.650939285342
30
0
0
VERTEX
8
0
10
120.807701583961
20
107.69580425512
30
0
0
VERTEX
8
0
10
121.068063009788
20
107.735452281138
30
0
0
VERTEX
8
0
10
121.328424435616
20
107.785847404585
30
0
0
VERTEX
8
0
10
121.588785861443
20
107.82451412964
30
0
0
VERTEX
8
0
10
121.849147287271
20
107.86832222548
30
0
0
VERTEX
8
0
10
122.109508713098
20
107.911870032159
30
0
0
VERTEX
8
0
10
122.369870138926
20
107.949717757018
30
0
0
VERTEX
8
0
10
122.630231564753
20
107.997888483618
30
0
0
VERTEX
8
0
10
122.890592990581
20
108.034770285052
30
0
0
VERTEX
8
0
10
123.150954416408
20
108.0757692215
30
0
0
VERTEX
8
0
10
123.411315842236
20
108.117916393449
30
0
0
VERTEX
8
0
10
123.671677268063
20
108.1535909972
30
0
0
VERTEX
8
0
10
123.932038693891
20
108.194759962193
30
0
0
VERTEX
8
0
10
124.192400119718
20
108.233890330189
30
0
0
VERTEX
8
0
10
124.452761545546
20
108.268364526747
30
0
0
VERTEX
8
0
10
124.713122971373
20
108.312307921634
30
0
0
VERTEX
8
0
10
124.973484397201
20
108.345843269083
30
0
0
VERTEX
8
0
10
125.233845823028
20
108.383882796977
30
0
0
VERTEX
8
0
10
125.494207248856
20
108.421457250435
30
0
0
VERTEX
8
0
10
125.754568674683
20
108.453809218759
30
0
0
VERTEX
8
0
10
126.014930100511
20
108.495215591513
30
0
0
VERTEX
8
0
10
126.275291526338
20
108.526646833037
30
0
0
VERTEX
8
0
10
126.535652952166
20
108.561662502499
30
0
0
VERTEX
8
0
10
126.796014377993
20
108.597646586723
30
0
0
VERTEX
8
0
10
127.056375803821
20
108.62791235232
30
0
0
VERTEX
8
0
10
127.316737229648
20
108.662960541768
30
0
0
VERTEX
8
0
10
127.577098655476
20
108.695681471949
30
0
0
VERTEX
8
0
10
127.837460081303
20
108.724397081531
30
0
0
VERTEX
8
0
10
128.097821507131
20
108.761356060958
30
0
0
VERTEX
8
0
10
128.358182932958
20
108.789181310012
30
0
0
VERTEX
8
0
10
128.618544358786
20
108.820902427222
30
0
0
VERTEX
8
0
10
128.878905784613
20
108.852177972812
30
0
0
VERTEX
8
0
10
129.139267210441
20
108.878867677235
30
0
0
VERTEX
8
0
10
129.399628636268
20
108.913397810938
30
0
0
VERTEX
8
0
10
129.659990062096
20
108.939216391422
30
0
0
VERTEX
8
0
10
129.920351487923
20
108.968112282732
30
0
0
VERTEX
8
0
10
130.180712913751
20
108.995159599175
30
0
0
VERTEX
8
0
10
130.441074339578
20
109.017526363008
30
0
0
VERTEX
8
0
10
130.701435765406
20
109.044002132852
30
0
0
VERTEX
8
0
10
130.961797191233
20
109.068861926518
30
0
0
VERTEX
8
0
10
131.222158617061
20
109.090136814307
30
0
0
VERTEX
8
0
10
131.482520042888
20
109.118490661404
30
0
0
VERTEX
8
0
10
131.742881468716
20
109.138934076766
30
0
0
VERTEX
8
0
10
132.003242894543
20
109.162699684207
30
0
0
VERTEX
8
0
10
132.263604320371
20
109.186045285032
30
0
0
VERTEX
8
0
10
132.523965746198
20
109.205418236735
30
0
0
VERTEX
8
0
10
132.784327172026
20
109.232248725967
30
0
0
VERTEX
8
0
10
133.044688597853
20
109.25158123615
30
0
0
VERTEX
8
0
10
133.305050023681
20
109.273514065016
30
0
0
VERTEX
8
0
10
133.565411449508
20
109.296092178829
30
0
0
VERTEX
8
0
10
133.825772875336
20
109.314372118875
30
0
0
VERTEX
8
0
10
134.086134301163
20
109.336117738418
30
0
0
VERTEX
8
0
10
134.346495726991
20
109.35644425539
30
0
0
VERTEX
8
0
10
134.606857152818
20
109.373683258559
30
0
0
VERTEX
8
0
10
134.867218578646
20
109.396893759183
30
0
0
VERTEX
8
0
10
135.127580004473
20
109.413351141338
30
0
0
VERTEX
8
0
10
135.387941430301
20
109.4329105663
30
0
0
VERTEX
8
0
10
135.648302856128
20
109.452127563965
30
0
0
VERTEX
8
0
10
135.908664281956
20
109.467949346535
30
0
0
VERTEX
8
0
10
136.169025707783
20
109.489372221912
30
0
0
VERTEX
8
0
10
136.429387133611
20
109.504432675144
30
0
0
VERTEX
8
0
10
136.689748559438
20
109.521642575885
30
0
0
VERTEX
8
0
10
136.950109985266
20
109.539351995773
30
0
0
VERTEX
8
0
10
137.210471411093
20
109.553418844539
30
0
0
VERTEX
8
0
10
137.470832836921
20
109.570348762136
30
0
0
VERTEX
8
0
10
137.731194262748
20
109.58604997841
30
0
0
VERTEX
8
0
10
137.991555688576
20
109.598595790139
30
0
0
VERTEX
8
0
10
138.251917114403
20
109.615859276142
30
0
0
VERTEX
8
0
10
138.512278540231
20
109.627464172415
30
0
0
VERTEX
8
0
10
138.772639966058
20
109.64133754316
30
0
0
VERTEX
8
0
10
139.033001391886
20
109.654839668717
30
0
0
VERTEX
8
0
10
139.293362817713
20
109.665495461838
30
0
0
VERTEX
8
0
10
139.553724243541
20
109.680738251488
30
0
0
VERTEX
8
0
10
139.814085669368
20
109.690693644979
30
0
0
VERTEX
8
0
10
140.074447095196
20
109.702382691774
30
0
0
VERTEX
8
0
10
140.334808521023
20
109.714441423746
30
0
0
VERTEX
8
0
10
140.595169946851
20
109.723260009429
30
0
0
VERTEX
8
0
10
140.855531372678
20
109.734226087072
30
0
0
VERTEX
8
0
10
141.115892798506
20
109.744148100965
30
0
0
VERTEX
8
0
10
141.376254224333
20
109.751902824123
30
0
0
VERTEX
8
0
10
141.636615650161
20
109.763632779937
30
0
0
VERTEX
8
0
10
141.896977075988
20
109.770725894943
30
0
0
VERTEX
8
0
10
142.157338501816
20
109.779620550161
30
0
0
VERTEX
8
0
10
142.417699927643
20
109.788173578089
30
0
0
VERTEX
8
0
10
142.678061353471
20
109.79439259472
30
0
0
VERTEX
8
0
10
142.938422779298
20
109.804263789438
30
0
0
VERTEX
8
0
10
143.198784205126
20
109.809845850964
30
0
0
VERTEX
8
0
10
143.459145630953
20
109.818915038808
30
0
0
VERTEX
8
0
10
143.719507056781
20
109.827588514244
30
0
0
VERTEX
8
0
10
143.979868482608
20
109.833808829964
30
0
0
VERTEX
8
0
10
144.240229908436
20
109.841824940607
30
0
0
VERTEX
8
0
10
144.500591334263
20
109.848967568256
30
0
0
VERTEX
8
0
10
144.760952760091
20
109.854354364823
30
0
0
VERTEX
8
0
10
145.021314185918
20
109.862836626537
30
0
0
VERTEX
8
0
10
145.281675611746
20
109.867621560494
30
0
0
VERTEX
8
0
10
145.542037037573
20
109.873781850772
30
0
0
VERTEX
8
0
10
145.802398463401
20
109.879629923469
30
0
0
VERTEX
8
0
10
146.062759889228
20
109.88265842747
30
0
0
VERTEX
8
0
10
146.323121315056
20
109.888707430623
30
0
0
VERTEX
8
0
10
146.583482740883
20
109.891381258024
30
0
0
VERTEX
8
0
10
146.843844166711
20
109.895065142653
30
0
0
VERTEX
8
0
10
147.104205592538
20
109.898902014954
30
0
0
VERTEX
8
0
10
147.364567018366
20
109.900812876064
30
0
0
VERTEX
8
0
10
147.624928444193
20
109.904064380821
30
0
0
VERTEX
8
0
10
147.885289870021
20
109.906606458914
30
0
0
VERTEX
8
0
10
148.145651295848
20
109.907773684545
30
0
0
VERTEX
8
0
10
148.406012721676
20
109.911251751278
30
0
0
VERTEX
8
0
10
148.666374147503
20
109.911042899233
30
0
0
VERTEX
8
0
10
148.926735573331
20
109.911950938135
30
0
0
VERTEX
8
0
10
149.187096999158
20
109.912584280762
30
0
0
VERTEX
8
0
10
149.447458424986
20
109.911786073924
30
0
0
VERTEX
8
0
10
149.707819850813
20
109.913038021521
30
0
0
VERTEX
8
0
10
149.968181276641
20
109.911740359151
30
0
0
VERTEX
8
0
10
150.228542702468
20
109.911154954482
30
0
0
VERTEX
8
0
10
150.488904128296
20
109.910641622153
30
0
0
VERTEX
8
0
10
150.749265554123
20
109.908677186778
30
0
0
VERTEX
8
0
10
151.009626979951
20
109.907655987728
30
0
0
VERTEX
8
0
10
151.269988405778
20
109.906815510429
30
0
0
VERTEX
8
0
10
151.530349831606
20
109.904929732393
30
0
0
VERTEX
8
0
10
151.790711257433
20
109.904668676801
30
0
0
VERTEX
8
0
10
152.051072683261
20
109.902326927442
30
0
0
VERTEX
8
0
10
152.311434109088
20
109.900663036272
30
0
0
VERTEX
8
0
10
152.571795534916
20
109.898761529563
30
0
0
VERTEX
8
0
10
152.832156960743
20
109.895810158624
30
0
0
VERTEX
8
0
10
153.092518386571
20
109.894257956867
30
0
0
VERTEX
8
0
10
153.352879812398
20
109.890880692535
30
0
0
VERTEX
8
0
10
153.613241238226
20
109.887961791442
30
0
0
VERTEX
8
0
10
153.873602664053
20
109.887872637134
30
0
0
VERTEX
8
0
10
154.133964089881
20
109.887136458287
30
0
0
VERTEX
8
0
10
154.394325515708
20
109.887001828722
30
0
0
VERTEX
8
0
10
154.654686941536
20
109.886443383953
30
0
0
VERTEX
8
0
10
154.915048367363
20
109.885149050464
30
0
0
VERTEX
8
0
10
155.175409793191
20
109.884896827233
30
0
0
VERTEX
8
0
10
155.435771219018
20
109.883217212441
30
0
0
SEQEND
8
0
0
ENDSEC
0
EOF
