0
SECTION
2
HEADER
9
$ACADVER
1
AC1009
0
ENDSEC
0
SECTION
2
ENTITIES
0
POLYLINE
8
0
62
0
70
1
10
0
20
0
30
0
0
VERTEX
8
0
10
0
20
0
30
0
0
VERTEX
8
0
10
0
20
120.959
30
0
0
VERTEX
8
0
10
179.2
20
120.959
30
0
0
VERTEX
8
0
10
179.2
20
0
30
0
0
SEQEND
8
0
0
TEXT
8
0
62
0
10
0
20
-12
30
0
40
8
1
0
50
0
0
LINE
8
0
62
0
10
10.5890013838974
20
0
30
0
11
10.5890013838974
21
3.2
31
0
0
LINE
8
0
62
0
10
10.5890013838974
20
120.959
30
0
11
10.5890013838974
21
117.759
31
0
0
LINE
8
0
62
0
10
21.1780027677948
20
0
30
0
11
21.1780027677948
21
3.2
31
0
0
LINE
8
0
62
0
10
21.1780027677948
20
120.959
30
0
11
21.1780027677948
21
117.759
31
0
0
LINE
8
0
62
0
10
31.7670041516922
20
0
30
0
11
31.7670041516922
21
3.2
31
0
0
LINE
8
0
62
0
10
31.7670041516922
20
120.959
30
0
11
31.7670041516922
21
117.759
31
0
0
LINE
8
0
62
0
10
42.3560055355896
20
0
30
0
11
42.3560055355896
21
3.2
31
0
0
LINE
8
0
62
0
10
42.3560055355896
20
120.959
30
0
11
42.3560055355896
21
117.759
31
0
0
LINE
8
0
62
0
10
52.9450069194869
20
0
30
0
11
52.9450069194869
21
6.4
31
0
0
LINE
8
0
62
0
10
52.9450069194869
20
120.959
30
0
11
52.9450069194869
21
114.559
31
0
0
TEXT
8
0
62
0
10
52.9450069194869
20
-12
30
0
40
8
1
5
50
0
0
LINE
8
0
62
0
10
63.5340083033843
20
0
30
0
11
63.5340083033843
21
3.2
31
0
0
LINE
8
0
62
0
10
63.5340083033843
20
120.959
30
0
11
63.5340083033843
21
117.759
31
0
0
LINE
8
0
62
0
10
74.1230096872817
20
0
30
0
11
74.1230096872817
21
3.2
31
0
0
LINE
8
0
62
0
10
74.1230096872817
20
120.959
30
0
11
74.1230096872817
21
117.759
31
0
0
LINE
8
0
62
0
10
84.7120110711791
20
0
30
0
11
84.7120110711791
21
3.2
31
0
0
LINE
8
0
62
0
10
84.7120110711791
20
120.959
30
0
11
84.7120110711791
21
117.759
31
0
0
LINE
8
0
62
0
10
95.3010124550765
20
0
30
0
11
95.3010124550765
21
3.2
31
0
0
LINE
8
0
62
0
10
95.3010124550765
20
120.959
30
0
11
95.3010124550765
21
117.759
31
0
0
LINE
8
0
62
0
10
105.890013838974
20
0
30
0
11
105.890013838974
21
6.4
31
0
0
LINE
8
0
62
0
10
105.890013838974
20
120.959
30
0
11
105.890013838974
21
114.559
31
0
0
TEXT
8
0
62
0
10
105.890013838974
20
-12
30
0
40
8
1
10
50
0
0
LINE
8
0
62
0
10
116.479015222871
20
0
30
0
11
116.479015222871
21
3.2
31
0
0
LINE
8
0
62
0
10
116.479015222871
20
120.959
30
0
11
116.479015222871
21
117.759
31
0
0
LINE
8
0
62
0
10
127.068016606769
20
0
30
0
11
127.068016606769
21
3.2
31
0
0
LINE
8
0
62
0
10
127.068016606769
20
120.959
30
0
11
127.068016606769
21
117.759
31
0
0
LINE
8
0
62
0
10
137.657017990666
20
0
30
0
11
137.657017990666
21
3.2
31
0
0
LINE
8
0
62
0
10
137.657017990666
20
120.959
30
0
11
137.657017990666
21
117.759
31
0
0
LINE
8
0
62
0
10
148.246019374563
20
0
30
0
11
148.246019374563
21
3.2
31
0
0
LINE
8
0
62
0
10
148.246019374563
20
120.959
30
0
11
148.246019374563
21
117.759
31
0
0
LINE
8
0
62
0
10
158.835020758461
20
0
30
0
11
158.835020758461
21
6.4
31
0
0
LINE
8
0
62
0
10
158.835020758461
20
120.959
30
0
11
158.835020758461
21
114.559
31
0
0
TEXT
8
0
62
0
10
158.835020758461
20
-12
30
0
40
8
1
15
50
0
0
LINE
8
0
62
0
10
169.424022142358
20
0
30
0
11
169.424022142358
21
3.2
31
0
0
LINE
8
0
62
0
10
169.424022142358
20
120.959
30
0
11
169.424022142358
21
117.759
31
0
0
TEXT
8
0
62
0
10
-4
20
-4
30
0
40
8
1
0
50
0
0
LINE
8
0
62
0
10
0
20
4.03196666666667
30
0
11
3.2
21
4.03196666666667
31
0
0
LINE
8
0
62
0
10
179.2
20
4.03196666666667
30
0
11
176
21
4.03196666666667
31
0
0
LINE
8
0
62
0
10
0
20
8.06393333333333
30
0
11
3.2
21
8.06393333333333
31
0
0
LINE
8
0
62
0
10
179.2
20
8.06393333333333
30
0
11
176
21
8.06393333333333
31
0
0
LINE
8
0
62
0
10
0
20
12.0959
30
0
11
3.2
21
12.0959
31
0
0
LINE
8
0
62
0
10
179.2
20
12.0959
30
0
11
176
21
12.0959
31
0
0
LINE
8
0
62
0
10
0
20
16.1278666666667
30
0
11
3.2
21
16.1278666666667
31
0
0
LINE
8
0
62
0
10
179.2
20
16.1278666666667
30
0
11
176
21
16.1278666666667
31
0
0
LINE
8
0
62
0
10
0
20
20.1598333333333
30
0
11
6.4
21
20.1598333333333
31
0
0
LINE
8
0
62
0
10
179.2
20
20.1598333333333
30
0
11
172.8
21
20.1598333333333
31
0
0
TEXT
8
0
62
0
10
-4
20
16.1598333333333
30
0
40
8
1
20
50
0
0
LINE
8
0
62
0
10
0
20
24.1918
30
0
11
3.2
21
24.1918
31
0
0
LINE
8
0
62
0
10
179.2
20
24.1918
30
0
11
176
21
24.1918
31
0
0
LINE
8
0
62
0
10
0
20
28.2237666666667
30
0
11
3.2
21
28.2237666666667
31
0
0
LINE
8
0
62
0
10
179.2
20
28.2237666666667
30
0
11
176
21
28.2237666666667
31
0
0
LINE
8
0
62
0
10
0
20
32.2557333333333
30
0
11
3.2
21
32.2557333333333
31
0
0
LINE
8
0
62
0
10
179.2
20
32.2557333333333
30
0
11
176
21
32.2557333333333
31
0
0
LINE
8
0
62
0
10
0
20
36.2877
30
0
11
3.2
21
36.2877
31
0
0
LINE
8
0
62
0
10
179.2
20
36.2877
30
0
11
176
21
36.2877
31
0
0
LINE
8
0
62
0
10
0
20
40.3196666666667
30
0
11
6.4
21
40.3196666666667
31
0
0
LINE
8
0
62
0
10
179.2
20
40.3196666666667
30
0
11
172.8
21
40.3196666666667
31
0
0
TEXT
8
0
62
0
10
-4
20
36.3196666666667
30
0
40
8
1
40
50
0
0
LINE
8
0
62
0
10
0
20
44.3516333333333
30
0
11
3.2
21
44.3516333333333
31
0
0
LINE
8
0
62
0
10
179.2
20
44.3516333333333
30
0
11
176
21
44.3516333333333
31
0
0
LINE
8
0
62
0
10
0
20
48.3836
30
0
11
3.2
21
48.3836
31
0
0
LINE
8
0
62
0
10
179.2
20
48.3836
30
0
11
176
21
48.3836
31
0
0
LINE
8
0
62
0
10
0
20
52.4155666666667
30
0
11
3.2
21
52.4155666666667
31
0
0
LINE
8
0
62
0
10
179.2
20
52.4155666666667
30
0
11
176
21
52.4155666666667
31
0
0
LINE
8
0
62
0
10
0
20
56.4475333333333
30
0
11
3.2
21
56.4475333333333
31
0
0
LINE
8
0
62
0
10
179.2
20
56.4475333333333
30
0
11
176
21
56.4475333333333
31
0
0
LINE
8
0
62
0
10
0
20
60.4795
30
0
11
6.4
21
60.4795
31
0
0
LINE
8
0
62
0
10
179.2
20
60.4795
30
0
11
172.8
21
60.4795
31
0
0
TEXT
8
0
62
0
10
-4
20
56.4795
30
0
40
8
1
60
50
0
0
LINE
8
0
62
0
10
0
20
64.5114666666667
30
0
11
3.2
21
64.5114666666667
31
0
0
LINE
8
0
62
0
10
179.2
20
64.5114666666667
30
0
11
176
21
64.5114666666667
31
0
0
LINE
8
0
62
0
10
0
20
68.5434333333333
30
0
11
3.2
21
68.5434333333333
31
0
0
LINE
8
0
62
0
10
179.2
20
68.5434333333333
30
0
11
176
21
68.5434333333333
31
0
0
LINE
8
0
62
0
10
0
20
72.5754
30
0
11
3.2
21
72.5754
31
0
0
LINE
8
0
62
0
10
179.2
20
72.5754
30
0
11
176
21
72.5754
31
0
0
LINE
8
0
62
0
10
0
20
76.6073666666667
30
0
11
3.2
21
76.6073666666667
31
0
0
LINE
8
0
62
0
10
179.2
20
76.6073666666667
30
0
11
176
21
76.6073666666667
31
0
0
LINE
8
0
62
0
10
0
20
80.6393333333333
30
0
11
6.4
21
80.6393333333333
31
0
0
LINE
8
0
62
0
10
179.2
20
80.6393333333333
30
0
11
172.8
21
80.6393333333333
31
0
0
TEXT
8
0
62
0
10
-4
20
76.6393333333333
30
0
40
8
1
80
50
0
0
LINE
8
0
62
0
10
0
20
84.6713
30
0
11
3.2
21
84.6713
31
0
0
LINE
8
0
62
0
10
179.2
20
84.6713
30
0
11
176
21
84.6713
31
0
0
LINE
8
0
62
0
10
0
20
88.7032666666667
30
0
11
3.2
21
88.7032666666667
31
0
0
LINE
8
0
62
0
10
179.2
20
88.7032666666667
30
0
11
176
21
88.7032666666667
31
0
0
LINE
8
0
62
0
10
0
20
92.7352333333333
30
0
11
3.2
21
92.7352333333333
31
0
0
LINE
8
0
62
0
10
179.2
20
92.7352333333333
30
0
11
176
21
92.7352333333333
31
0
0
LINE
8
0
62
0
10
0
20
96.7672
30
0
11
3.2
21
96.7672
31
0
0
LINE
8
0
62
0
10
179.2
20
96.7672
30
0
11
176
21
96.7672
31
0
0
LINE
8
0
62
0
10
0
20
100.799166666667
30
0
11
6.4
21
100.799166666667
31
0
0
LINE
8
0
62
0
10
179.2
20
100.799166666667
30
0
11
172.8
21
100.799166666667
31
0
0
TEXT
8
0
62
0
10
-4
20
96.7991666666666
30
0
40
8
1
100
50
0
0
LINE
8
0
62
0
10
0
20
104.831133333333
30
0
11
3.2
21
104.831133333333
31
0
0
LINE
8
0
62
0
10
179.2
20
104.831133333333
30
0
11
176
21
104.831133333333
31
0
0
LINE
8
0
62
0
10
0
20
108.8631
30
0
11
3.2
21
108.8631
31
0
0
LINE
8
0
62
0
10
179.2
20
108.8631
30
0
11
176
21
108.8631
31
0
0
LINE
8
0
62
0
10
0
20
112.895066666667
30
0
11
3.2
21
112.895066666667
31
0
0
LINE
8
0
62
0
10
179.2
20
112.895066666667
30
0
11
176
21
112.895066666667
31
0
0
LINE
8
0
62
0
10
0
20
116.927033333333
30
0
11
3.2
21
116.927033333333
31
0
0
LINE
8
0
62
0
10
179.2
20
116.927033333333
30
0
11
176
21
116.927033333333
31
0
0
TEXT
8
0
62
0
10
-4
20
116.959
30
0
40
8
1
120
50
0
0
TEXT
8
0
62
0
10
89.6
20
-32
30
0
40
10
1
R (kpc)
50
0
0
TEXT
8
0
62
0
10
-24
20
60.4795
30
0
40
10
1
V (km/s)
50
90
0
TEXT
8
0
62
0
10
72.6
20
135.959
30
0
40
11
1
V vs. R
50
0
0
POLYLINE
8
0
62
5
70
0
10
0
20
0
30
0
0
VERTEX
8
0
10
12.7068016606769
20
19.6146103583659
30
0
0
VERTEX
8
0
10
13.2362517298717
20
20.166881181045
30
0
0
VERTEX
8
0
10
13.7657017990666
20
20.7191520037242
30
0
0
VERTEX
8
0
10
14.2951518682615
20
21.2714228264033
30
0
0
VERTEX
8
0
10
14.8246019374563
20
21.8236936490824
30
0
0
VERTEX
8
0
10
15.3540520066512
20
22.3568159070573
30
0
0
VERTEX
8
0
10
15.8835020758461
20
22.8821192540794
30
0
0
VERTEX
8
0
10
16.412952145041
20
23.4074226011015
30
0
0
VERTEX
8
0
10
16.9424022142358
20
23.9327259481236
30
0
0
VERTEX
8
0
10
17.4718522834307
20
24.4580292951457
30
0
0
VERTEX
8
0
10
18.0013023526256
20
24.8568497081118
30
0
0
VERTEX
8
0
10
18.5307524218204
20
25.2478748453446
30
0
0
VERTEX
8
0
10
19.0602024910153
20
25.6388999825774
30
0
0
VERTEX
8
0
10
19.5896525602102
20
26.0299251198102
30
0
0
VERTEX
8
0
10
20.119102629405
20
26.420950257043
30
0
0
VERTEX
8
0
10
20.6485526985999
20
26.7829999188897
30
0
0
VERTEX
8
0
10
21.1780027677948
20
27.1434641342225
30
0
0
VERTEX
8
0
10
21.7074528369897
20
27.5039283495554
30
0
0
VERTEX
8
0
10
22.2369029061845
20
27.8643925648882
30
0
0
VERTEX
8
0
10
22.7663529753794
20
28.2248567802211
30
0
0
VERTEX
8
0
10
23.2958030445743
20
28.5144561492571
30
0
0
VERTEX
8
0
10
23.8252531137691
20
28.8006854137623
30
0
0
VERTEX
8
0
10
24.354703182964
20
29.0869146782674
30
0
0
VERTEX
8
0
10
24.8841532521589
20
29.3731439427726
30
0
0
VERTEX
8
0
10
25.4136033213537
20
29.6593732072777
30
0
0
VERTEX
8
0
10
25.9430533905486
20
29.9266986573402
30
0
0
VERTEX
8
0
10
26.4725034597435
20
30.193273800835
30
0
0
VERTEX
8
0
10
27.0019535289383
20
30.4598489443298
30
0
0
VERTEX
8
0
10
27.5314035981332
20
30.7264240878246
30
0
0
VERTEX
8
0
10
28.0608536673281
20
30.9929992313194
30
0
0
VERTEX
8
0
10
28.5903037365229
20
31.2553409220532
30
0
0
VERTEX
8
0
10
29.1197538057178
20
31.5175482731305
30
0
0
VERTEX
8
0
10
29.6492038749127
20
31.7797556242078
30
0
0
VERTEX
8
0
10
30.1786539441075
20
32.0419629752852
30
0
0
VERTEX
8
0
10
30.7081040133024
20
32.3041703263625
30
0
0
VERTEX
8
0
10
31.2375540824973
20
32.5685107100219
30
0
0
VERTEX
8
0
10
31.7670041516921
20
32.8329019668525
30
0
0
VERTEX
8
0
10
32.296454220887
20
33.0972932236831
30
0
0
VERTEX
8
0
10
32.8259042900819
20
33.3616844805137
30
0
0
VERTEX
8
0
10
33.3553543592767
20
33.6260757373443
30
0
0
VERTEX
8
0
10
33.8848044284716
20
33.8560762295395
30
0
0
VERTEX
8
0
10
34.4142544976665
20
34.0855227034572
30
0
0
VERTEX
8
0
10
34.9437045668613
20
34.3149691773749
30
0
0
VERTEX
8
0
10
35.4731546360562
20
34.5444156512926
30
0
0
VERTEX
8
0
10
36.0026047052511
20
34.7738621252103
30
0
0
VERTEX
8
0
10
36.5320547744459
20
34.9773081898021
30
0
0
VERTEX
8
0
10
37.0615048436408
20
35.1805428689522
30
0
0
VERTEX
8
0
10
37.5909549128357
20
35.3837775481023
30
0
0
VERTEX
8
0
10
38.1204049820306
20
35.5870122272524
30
0
0
VERTEX
8
0
10
38.6498550512254
20
35.7902469064025
30
0
0
VERTEX
8
0
10
39.1793051204203
20
35.9869282930107
30
0
0
VERTEX
8
0
10
39.7087551896152
20
36.1836095938237
30
0
0
VERTEX
8
0
10
40.23820525881
20
36.3802908946367
30
0
0
VERTEX
8
0
10
40.7676553280049
20
36.5769721954497
30
0
0
VERTEX
8
0
10
41.2971053971998
20
36.7736534962628
30
0
0
VERTEX
8
0
10
41.8265554663946
20
36.9505143008183
30
0
0
VERTEX
8
0
10
42.3560055355895
20
37.1275344353633
30
0
0
VERTEX
8
0
10
42.8854556047844
20
37.3045545699083
30
0
0
VERTEX
8
0
10
43.4149056739792
20
37.4815747044533
30
0
0
VERTEX
8
0
10
43.9443557431741
20
37.6585948389984
30
0
0
VERTEX
8
0
10
44.473805812369
20
37.8289533092478
30
0
0
VERTEX
8
0
10
45.0032558815638
20
37.9994193779287
30
0
0
VERTEX
8
0
10
45.5327059507587
20
38.1698854466096
30
0
0
VERTEX
8
0
10
46.0621560199536
20
38.3403515152906
30
0
0
VERTEX
8
0
10
46.5916060891484
20
38.5108175839715
30
0
0
VERTEX
8
0
10
47.1210561583433
20
38.6700889629041
30
0
0
VERTEX
8
0
10
47.6505062275382
20
38.8296312064778
30
0
0
VERTEX
8
0
10
48.179956296733
20
38.9891734500516
30
0
0
VERTEX
8
0
10
48.7094063659279
20
39.1487156936254
30
0
0
VERTEX
8
0
10
49.2388564351228
20
39.3082579371992
30
0
0
VERTEX
8
0
10
49.7683065043176
20
39.4565122781862
30
0
0
VERTEX
8
0
10
50.2977565735125
20
39.6051302191253
30
0
0
VERTEX
8
0
10
50.8272066427074
20
39.7537481600643
30
0
0
VERTEX
8
0
10
51.3566567119022
20
39.9023661010034
30
0
0
VERTEX
8
0
10
51.8861067810971
20
40.0509840419424
30
0
0
VERTEX
8
0
10
52.415556850292
20
40.1836666019492
30
0
0
VERTEX
8
0
10
52.9450069194868
20
40.3169897168937
30
0
0
VERTEX
8
0
10
53.4744569886817
20
40.4503128318382
30
0
0
VERTEX
8
0
10
54.0039070578766
20
40.5836359467827
30
0
0
VERTEX
8
0
10
54.5333571270714
20
40.7169590617272
30
0
0
VERTEX
8
0
10
55.0628071962663
20
40.8410993320677
30
0
0
VERTEX
8
0
10
55.5922572654612
20
40.965682126159
30
0
0
VERTEX
8
0
10
56.1217073346561
20
41.0902649202503
30
0
0
VERTEX
8
0
10
56.6511574038509
20
41.2148477143416
30
0
0
VERTEX
8
0
10
57.1806074730458
20
41.3394305084329
30
0
0
VERTEX
8
0
10
57.7100575422407
20
41.4431769334347
30
0
0
VERTEX
8
0
10
58.2395076114355
20
41.5480928879329
30
0
0
VERTEX
8
0
10
58.7689576806304
20
41.653008842431
30
0
0
VERTEX
8
0
10
59.2984077498253
20
41.7579247969292
30
0
0
VERTEX
8
0
10
59.8278578190201
20
41.8628407514274
30
0
0
VERTEX
8
0
10
60.357307888215
20
41.9607516632238
30
0
0
VERTEX
8
0
10
60.8867579574099
20
42.0591116606007
30
0
0
VERTEX
8
0
10
61.4162080266047
20
42.1574716579775
30
0
0
VERTEX
8
0
10
61.9456580957996
20
42.2558316553544
30
0
0
VERTEX
8
0
10
62.4751081649945
20
42.3541916527313
30
0
0
VERTEX
8
0
10
63.0045582341893
20
42.431356456743
30
0
0
VERTEX
8
0
10
63.5340083033842
20
42.5100475508906
30
0
0
VERTEX
8
0
10
64.0634583725791
20
42.5887386450381
30
0
0
VERTEX
8
0
10
64.5929084417739
20
42.6674297391857
30
0
0
VERTEX
8
0
10
65.1223585109688
20
42.7461208333333
30
0
0
VERTEX
8
0
10
65.6518085801637
20
42.8224364882318
30
0
0
VERTEX
8
0
10
66.1812586493585
20
42.8989420531387
30
0
0
VERTEX
8
0
10
66.7107087185534
20
42.9754476180456
30
0
0
VERTEX
8
0
10
67.2401587877483
20
43.0519531829526
30
0
0
VERTEX
8
0
10
67.7696088569431
20
43.1284587478595
30
0
0
VERTEX
8
0
10
68.299058926138
20
43.18579714467
30
0
0
VERTEX
8
0
10
68.8285089953329
20
43.244817787648
30
0
0
VERTEX
8
0
10
69.3579590645277
20
43.303838430626
30
0
0
VERTEX
8
0
10
69.8874091337226
20
43.362859073604
30
0
0
VERTEX
8
0
10
70.4168592029175
20
43.421879716582
30
0
0
VERTEX
8
0
10
70.9463092721123
20
43.4688164686738
30
0
0
VERTEX
8
0
10
71.4757593413072
20
43.5169084142939
30
0
0
VERTEX
8
0
10
72.0052094105021
20
43.5650003599141
30
0
0
VERTEX
8
0
10
72.5346594796969
20
43.6130923055342
30
0
0
VERTEX
8
0
10
73.0641095488918
20
43.6611842511543
30
0
0
VERTEX
8
0
10
73.5935596180867
20
43.6995247625793
30
0
0
VERTEX
8
0
10
74.1230096872816
20
43.7388734062647
30
0
0
VERTEX
8
0
10
74.6524597564764
20
43.7782220499501
30
0
0
VERTEX
8
0
10
75.1819098256713
20
43.8175706936355
30
0
0
VERTEX
8
0
10
75.7113598948661
20
43.8569193373209
30
0
0
VERTEX
8
0
10
76.240809964061
20
43.8888906514396
30
0
0
VERTEX
8
0
10
76.7702600332559
20
43.9216816179685
30
0
0
VERTEX
8
0
10
77.2997101024508
20
43.9544725844975
30
0
0
VERTEX
8
0
10
77.8291601716456
20
43.9872635510264
30
0
0
VERTEX
8
0
10
78.3586102408405
20
44.0200545175553
30
0
0
VERTEX
8
0
10
78.8880603100354
20
44.0627671592322
30
0
0
VERTEX
8
0
10
79.4175103792302
20
44.1043016570729
30
0
0
VERTEX
8
0
10
79.9469604484251
20
44.1458361549137
30
0
0
VERTEX
8
0
10
80.47641051762
20
44.1873706527545
30
0
0
VERTEX
8
0
10
81.0058605868148
20
44.2289051505953
30
0
0
VERTEX
8
0
10
81.5353106560097
20
44.2529285849052
30
0
0
VERTEX
8
0
10
82.0647607252046
20
44.279161702237
30
0
0
VERTEX
8
0
10
82.5942107943994
20
44.3053948195687
30
0
0
VERTEX
8
0
10
83.1236608635943
20
44.3316279369004
30
0
0
VERTEX
8
0
10
83.6531109327892
20
44.3578610542321
30
0
0
VERTEX
8
0
10
84.182561001984
20
44.3891403689922
30
0
0
VERTEX
8
0
10
84.7120110711789
20
44.4197454049047
30
0
0
VERTEX
8
0
10
85.2414611403738
20
44.4503504408172
30
0
0
VERTEX
8
0
10
85.7709112095687
20
44.4809554767297
30
0
0
VERTEX
8
0
10
86.3003612787635
20
44.5115605126422
30
0
0
VERTEX
8
0
10
86.8298113479584
20
44.5625203932602
30
0
0
VERTEX
8
0
10
87.3592614171533
20
44.6106123388803
30
0
0
VERTEX
8
0
10
87.8887114863482
20
44.6587042845004
30
0
0
VERTEX
8
0
10
88.418161555543
20
44.7067962301205
30
0
0
VERTEX
8
0
10
88.9476116247379
20
44.7548881757406
30
0
0
VERTEX
8
0
10
89.4770616939328
20
44.8029801213608
30
0
0
VERTEX
8
0
10
90.0065117631277
20
44.8510720669809
30
0
0
VERTEX
8
0
10
90.5359618323225
20
44.899164012601
30
0
0
VERTEX
8
0
10
91.0654119015174
20
44.9472559582211
30
0
0
VERTEX
8
0
10
91.5948619707123
20
44.9953479038412
30
0
0
VERTEX
8
0
10
92.1243120399072
20
45.0408536017616
30
0
0
VERTEX
8
0
10
92.653762109102
20
45.0867597505695
30
0
0
VERTEX
8
0
10
93.1832121782969
20
45.1326658993774
30
0
0
VERTEX
8
0
10
93.7126622474918
20
45.1785720481852
30
0
0
VERTEX
8
0
10
94.2421123166867
20
45.2244781969931
30
0
0
VERTEX
8
0
10
94.7715623858816
20
45.270384345801
30
0
0
VERTEX
8
0
10
95.3010124550764
20
45.3162904946089
30
0
0
VERTEX
8
0
10
95.8304625242713
20
45.3621966434168
30
0
0
VERTEX
8
0
10
96.3599125934662
20
45.4081027922247
30
0
0
VERTEX
8
0
10
96.8893626626611
20
45.4540089410326
30
0
0
VERTEX
8
0
10
97.4188127318559
20
45.4552302508665
30
0
0
VERTEX
8
0
10
97.9482628010508
20
45.4639749291994
30
0
0
VERTEX
8
0
10
98.4777128702457
20
45.4727196075323
30
0
0
VERTEX
8
0
10
99.0071629394406
20
45.4814642858652
30
0
0
VERTEX
8
0
10
99.5366130086355
20
45.4902089641981
30
0
0
VERTEX
8
0
10
100.06606307783
20
45.5387094671067
30
0
0
VERTEX
8
0
10
100.595513147025
20
45.5802439649474
30
0
0
VERTEX
8
0
10
101.12496321622
20
45.6217784627882
30
0
0
VERTEX
8
0
10
101.654413285415
20
45.663312960629
30
0
0
VERTEX
8
0
10
102.18386335461
20
45.7048474584698
30
0
0
VERTEX
8
0
10
102.713313423805
20
45.6956222222222
30
0
0
VERTEX
8
0
10
103.242763493
20
45.6956222222222
30
0
0
VERTEX
8
0
10
103.772213562194
20
45.6956222222222
30
0
0
VERTEX
8
0
10
104.301663631389
20
45.6956222222222
30
0
0
VERTEX
8
0
10
104.831113700584
20
45.6956222222222
30
0
0
VERTEX
8
0
10
105.360563769779
20
45.6956222222222
30
0
0
VERTEX
8
0
10
105.890013838974
20
45.6956222222222
30
0
0
VERTEX
8
0
10
106.419463908169
20
45.6956222222222
30
0
0
VERTEX
8
0
10
106.948913977364
20
45.6956222222222
30
0
0
VERTEX
8
0
10
107.478364046559
20
45.6956222222222
30
0
0
VERTEX
8
0
10
108.007814115753
20
45.6494491072951
30
0
0
VERTEX
8
0
10
108.537264184948
20
45.6122808113733
30
0
0
VERTEX
8
0
10
109.066714254143
20
45.5751125154515
30
0
0
VERTEX
8
0
10
109.596164323338
20
45.5379442195296
30
0
0
VERTEX
8
0
10
110.125614392533
20
45.5007759236078
30
0
0
VERTEX
8
0
10
110.655064461728
20
45.4964753455444
30
0
0
VERTEX
8
0
10
111.184514530923
20
45.4855440674399
30
0
0
VERTEX
8
0
10
111.713964600118
20
45.4746127893354
30
0
0
VERTEX
8
0
10
112.243414669313
20
45.4636815112309
30
0
0
VERTEX
8
0
10
112.772864738507
20
45.4527502331263
30
0
0
VERTEX
8
0
10
113.302314807702
20
45.3976380937621
30
0
0
VERTEX
8
0
10
113.831764876897
20
45.3517235132987
30
0
0
VERTEX
8
0
10
114.361214946092
20
45.3058089328352
30
0
0
VERTEX
8
0
10
114.890665015287
20
45.2598943523717
30
0
0
VERTEX
8
0
10
115.420115084482
20
45.2139797719083
30
0
0
VERTEX
8
0
10
115.949565153677
20
45.187556384579
30
0
0
VERTEX
8
0
10
116.479015222872
20
45.1569476012641
30
0
0
VERTEX
8
0
10
117.008465292066
20
45.1263388179491
30
0
0
VERTEX
8
0
10
117.537915361261
20
45.0957300346341
30
0
0
VERTEX
8
0
10
118.067365430456
20
45.0651212513192
30
0
0
VERTEX
8
0
10
118.596815499651
20
45.0232839519049
30
0
0
VERTEX
8
0
10
119.126265568846
20
44.9839291135338
30
0
0
VERTEX
8
0
10
119.655715638041
20
44.9445742751627
30
0
0
VERTEX
8
0
10
120.185165707236
20
44.9052194367915
30
0
0
VERTEX
8
0
10
120.714615776431
20
44.8658645984204
30
0
0
VERTEX
8
0
10
121.244065845625
20
44.8151892470014
30
0
0
VERTEX
8
0
10
121.77351591482
20
44.7670880475915
30
0
0
VERTEX
8
0
10
122.302965984015
20
44.7189868481816
30
0
0
VERTEX
8
0
10
122.83241605321
20
44.6708856487717
30
0
0
VERTEX
8
0
10
123.361866122405
20
44.6227844493618
30
0
0
VERTEX
8
0
10
123.8913161916
20
44.5775365075174
30
0
0
VERTEX
8
0
10
124.420766260795
20
44.5316219270539
30
0
0
VERTEX
8
0
10
124.95021632999
20
44.4857073465905
30
0
0
VERTEX
8
0
10
125.479666399184
20
44.439792766127
30
0
0
VERTEX
8
0
10
126.009116468379
20
44.3938781856635
30
0
0
VERTEX
8
0
10
126.538566537574
20
44.3479636052001
30
0
0
VERTEX
8
0
10
127.068016606769
20
44.3020490247366
30
0
0
VERTEX
8
0
10
127.597466675964
20
44.2561344442731
30
0
0
VERTEX
8
0
10
128.126916745159
20
44.2102198638097
30
0
0
VERTEX
8
0
10
128.656366814354
20
44.1643052833462
30
0
0
VERTEX
8
0
10
129.185816883549
20
44.1154913563915
30
0
0
VERTEX
8
0
10
129.715266952743
20
44.0673901569815
30
0
0
VERTEX
8
0
10
130.244717021938
20
44.0192889575716
30
0
0
VERTEX
8
0
10
130.774167091133
20
43.9711877581617
30
0
0
VERTEX
8
0
10
131.303617160328
20
43.9230865587518
30
0
0
VERTEX
8
0
10
131.833067229523
20
43.8749853593419
30
0
0
VERTEX
8
0
10
132.362517298718
20
43.826884159932
30
0
0
VERTEX
8
0
10
132.891967367913
20
43.7787829605221
30
0
0
VERTEX
8
0
10
133.421417437108
20
43.7306817611121
30
0
0
VERTEX
8
0
10
133.950867506302
20
43.6825805617022
30
0
0
VERTEX
8
0
10
134.480317575497
20
43.6285882233257
30
0
0
VERTEX
8
0
10
135.009767644692
20
43.5761137286478
30
0
0
VERTEX
8
0
10
135.539217713887
20
43.52363923397
30
0
0
VERTEX
8
0
10
136.068667783082
20
43.4711647392922
30
0
0
VERTEX
8
0
10
136.598117852277
20
43.4186902446144
30
0
0
VERTEX
8
0
10
137.127567921472
20
43.3662157499365
30
0
0
VERTEX
8
0
10
137.657017990667
20
43.3137412552587
30
0
0
VERTEX
8
0
10
138.186468059861
20
43.2612667605809
30
0
0
VERTEX
8
0
10
138.715918129056
20
43.208792265903
30
0
0
VERTEX
8
0
10
139.245368198251
20
43.1563177712252
30
0
0
VERTEX
8
0
10
139.774818267446
20
43.0978592813035
30
0
0
VERTEX
8
0
10
140.304268336641
20
43.0410114148561
30
0
0
VERTEX
8
0
10
140.833718405836
20
42.9841635484087
30
0
0
VERTEX
8
0
10
141.363168475031
20
42.9273156819612
30
0
0
VERTEX
8
0
10
141.892618544226
20
42.8704678155138
30
0
0
VERTEX
8
0
10
142.42206861342
20
42.8106046281536
30
0
0
VERTEX
8
0
10
142.951518682615
20
42.7515700471326
30
0
0
VERTEX
8
0
10
143.48096875181
20
42.6925354661116
30
0
0
VERTEX
8
0
10
144.010418821005
20
42.6335008850907
30
0
0
VERTEX
8
0
10
144.5398688902
20
42.5744663040697
30
0
0
VERTEX
8
0
10
145.069318959395
20
42.503276846618
30
0
0
VERTEX
8
0
10
145.59876902859
20
42.4354952160385
30
0
0
VERTEX
8
0
10
146.128219097785
20
42.3677135854591
30
0
0
VERTEX
8
0
10
146.65766916698
20
42.2999319548796
30
0
0
VERTEX
8
0
10
147.187119236174
20
42.2321503243001
30
0
0
VERTEX
8
0
10
147.716569305369
20
42.1796798378843
30
0
0
VERTEX
8
0
10
148.246019374564
20
42.1228319714369
30
0
0
VERTEX
8
0
10
148.775469443759
20
42.0659841049895
30
0
0
VERTEX
8
0
10
149.304919512954
20
42.0091362385421
30
0
0
VERTEX
8
0
10
149.834369582149
20
41.9522883720946
30
0
0
VERTEX
8
0
10
150.363819651344
20
41.8954405056472
30
0
0
VERTEX
8
0
10
150.893269720539
20
41.8385926391998
30
0
0
VERTEX
8
0
10
151.422719789733
20
41.7817447727524
30
0
0
VERTEX
8
0
10
151.952169858928
20
41.7248969063049
30
0
0
VERTEX
8
0
10
152.481619928123
20
41.6680490398575
30
0
0
VERTEX
8
0
10
153.011069997318
20
41.6154941552244
30
0
0
VERTEX
8
0
10
153.540520066513
20
41.561666006031
30
0
0
SEQEND
8
0
0
POLYLINE
8
0
62
6
70
0
10
0
20
0
30
0
0
VERTEX
8
0
10
12.7068016606769
20
3.19049006942135
30
0
0
VERTEX
8
0
10
13.2362517298717
20
3.31725797238299
30
0
0
VERTEX
8
0
10
13.7657017990666
20
3.44402587534462
30
0
0
VERTEX
8
0
10
14.2951518682615
20
3.57079377830625
30
0
0
VERTEX
8
0
10
14.8246019374563
20
3.69756168126788
30
0
0
VERTEX
8
0
10
15.3540520066512
20
3.82432958422951
30
0
0
VERTEX
8
0
10
15.8835020758461
20
3.94643900603725
30
0
0
VERTEX
8
0
10
16.412952145041
20
4.06883667215309
30
0
0
VERTEX
8
0
10
16.9424022142358
20
4.19123433826892
30
0
0
VERTEX
8
0
10
17.4718522834307
20
4.31363200438476
30
0
0
VERTEX
8
0
10
18.0013023526256
20
4.4360296705006
30
0
0
VERTEX
8
0
10
18.5307524218204
20
4.56077594487576
30
0
0
VERTEX
8
0
10
19.0602024910153
20
4.68535873896705
30
0
0
VERTEX
8
0
10
19.5896525602102
20
4.80994153305834
30
0
0
VERTEX
8
0
10
20.119102629405
20
4.93452432714963
30
0
0
VERTEX
8
0
10
20.6485526985999
20
5.05910712124092
30
0
0
VERTEX
8
0
10
21.1780027677948
20
5.18368991533221
30
0
0
VERTEX
8
0
10
21.7074528369897
20
5.3082727094235
30
0
0
VERTEX
8
0
10
22.2369029061845
20
5.43285550351479
30
0
0
VERTEX
8
0
10
22.7663529753794
20
5.55743829760608
30
0
0
VERTEX
8
0
10
23.2958030445743
20
5.68202109169737
30
0
0
VERTEX
8
0
10
23.8252531137691
20
5.8161525886772
30
0
0
VERTEX
8
0
10
24.354703182964
20
5.94947570362169
30
0
0
VERTEX
8
0
10
24.8841532521589
20
6.08279881856618
30
0
0
VERTEX
8
0
10
25.4136033213537
20
6.21612193351066
30
0
0
VERTEX
8
0
10
25.9430533905486
20
6.34944504845515
30
0
0
VERTEX
8
0
10
26.4725034597435
20
6.48758062599178
30
0
0
VERTEX
8
0
10
27.0019535289383
20
6.62527378673721
30
0
0
VERTEX
8
0
10
27.5314035981332
20
6.76296694748265
30
0
0
VERTEX
8
0
10
28.0608536673281
20
6.90066010822808
30
0
0
VERTEX
8
0
10
28.5903037365229
20
7.03835326897351
30
0
0
VERTEX
8
0
10
29.1197538057178
20
7.2002976988375
30
0
0
VERTEX
8
0
10
29.6492038749127
20
7.35983994241127
30
0
0
VERTEX
8
0
10
30.1786539441075
20
7.51938218598504
30
0
0
VERTEX
8
0
10
30.7081040133024
20
7.6789244295588
30
0
0
VERTEX
8
0
10
31.2375540824973
20
7.83846667313257
30
0
0
VERTEX
8
0
10
31.7670041516921
20
8.0053395161431
30
0
0
VERTEX
8
0
10
32.296454220887
20
8.17143611208248
30
0
0
VERTEX
8
0
10
32.8259042900819
20
8.33753270802186
30
0
0
VERTEX
8
0
10
33.3553543592767
20
8.50362930396123
30
0
0
VERTEX
8
0
10
33.8848044284716
20
8.66972589990061
30
0
0
VERTEX
8
0
10
34.4142544976665
20
8.84813173626682
30
0
0
VERTEX
8
0
10
34.9437045668613
20
9.02515187081184
30
0
0
VERTEX
8
0
10
35.4731546360562
20
9.20217200535687
30
0
0
VERTEX
8
0
10
36.0026047052511
20
9.3791921399019
30
0
0
VERTEX
8
0
10
36.5320547744459
20
9.55621227444692
30
0
0
VERTEX
8
0
10
37.0615048436408
20
9.73819227747955
30
0
0
VERTEX
8
0
10
37.5909549128357
20
9.9195816937714
30
0
0
VERTEX
8
0
10
38.1204049820306
20
10.1009711100632
30
0
0
VERTEX
8
0
10
38.6498550512254
20
10.2823605263551
30
0
0
VERTEX
8
0
10
39.1793051204203
20
10.4637499426469
30
0
0
VERTEX
8
0
10
39.7087551896152
20
10.6551310984605
30
0
0
VERTEX
8
0
10
40.23820525881
20
10.8452588490648
30
0
0
VERTEX
8
0
10
40.7676553280049
20
11.0353865996691
30
0
0
VERTEX
8
0
10
41.2971053971998
20
11.2255143502734
30
0
0
VERTEX
8
0
10
41.8265554663946
20
11.4156421008777
30
0
0
VERTEX
8
0
10
42.3560055355895
20
11.6133170502229
30
0
0
VERTEX
8
0
10
42.8854556047844
20
11.8099983510359
30
0
0
VERTEX
8
0
10
43.4149056739792
20
12.0066796518489
30
0
0
VERTEX
8
0
10
43.9443557431741
20
12.2033609526619
30
0
0
VERTEX
8
0
10
44.473805812369
20
12.4000422534749
30
0
0
VERTEX
8
0
10
45.0032558815638
20
12.5637870776634
30
0
0
VERTEX
8
0
10
45.5327059507587
20
12.7320684195236
30
0
0
VERTEX
8
0
10
46.0621560199536
20
12.9003497613838
30
0
0
VERTEX
8
0
10
46.5916060891484
20
13.068631103244
30
0
0
VERTEX
8
0
10
47.1210561583433
20
13.2369124451042
30
0
0
VERTEX
8
0
10
47.6505062275382
20
13.3362797078561
30
0
0
VERTEX
8
0
10
48.179956296733
20
13.4455662048978
30
0
0
VERTEX
8
0
10
48.7094063659279
20
13.5548527019396
30
0
0
VERTEX
8
0
10
49.2388564351228
20
13.6641391989814
30
0
0
VERTEX
8
0
10
49.7683065043176
20
13.7734256960231
30
0
0
VERTEX
8
0
10
50.2977565735125
20
13.8595604087516
30
0
0
VERTEX
8
0
10
50.8272066427074
20
13.9491788624519
30
0
0
VERTEX
8
0
10
51.3566567119022
20
14.0387973161523
30
0
0
VERTEX
8
0
10
51.8861067810971
20
14.1284157698526
30
0
0
VERTEX
8
0
10
52.415556850292
20
14.218034223553
30
0
0
VERTEX
8
0
10
52.9450069194868
20
14.2143044896951
30
0
0
VERTEX
8
0
10
53.4744569886817
20
14.2252352898147
30
0
0
VERTEX
8
0
10
54.0039070578766
20
14.2361660899342
30
0
0
VERTEX
8
0
10
54.5333571270714
20
14.2470968900537
30
0
0
VERTEX
8
0
10
55.0628071962663
20
14.2580276901732
30
0
0
VERTEX
8
0
10
55.5922572654612
20
14.3186433963378
30
0
0
VERTEX
8
0
10
56.1217073346561
20
14.3711068782409
30
0
0
VERTEX
8
0
10
56.6511574038509
20
14.4235703601441
30
0
0
VERTEX
8
0
10
57.1806074730458
20
14.4760338420472
30
0
0
VERTEX
8
0
10
57.7100575422407
20
14.5284973239504
30
0
0
VERTEX
8
0
10
58.2395076114355
20
14.6231285274486
30
0
0
VERTEX
8
0
10
58.7689576806304
20
14.7105615474577
30
0
0
VERTEX
8
0
10
59.2984077498253
20
14.7979945674667
30
0
0
VERTEX
8
0
10
59.8278578190201
20
14.8854275874757
30
0
0
VERTEX
8
0
10
60.357307888215
20
14.9728606074848
30
0
0
VERTEX
8
0
10
60.8867579574099
20
15.08684668164
30
0
0
VERTEX
8
0
10
61.4162080266047
20
15.1961331786817
30
0
0
VERTEX
8
0
10
61.9456580957996
20
15.3054196757235
30
0
0
VERTEX
8
0
10
62.4751081649945
20
15.4147061727653
30
0
0
VERTEX
8
0
10
63.0045582341893
20
15.523992669807
30
0
0
VERTEX
8
0
10
63.5340083033842
20
15.7081653525624
30
0
0
VERTEX
8
0
10
64.0634583725791
20
15.8786314212433
30
0
0
VERTEX
8
0
10
64.5929084417739
20
16.0490974899242
30
0
0
VERTEX
8
0
10
65.1223585109688
20
16.2195635586052
30
0
0
VERTEX
8
0
10
65.6518085801637
20
16.3900296272861
30
0
0
VERTEX
8
0
10
66.1812586493585
20
16.5901116005147
30
0
0
VERTEX
8
0
10
66.7107087185534
20
16.7846084036886
30
0
0
VERTEX
8
0
10
67.2401587877483
20
16.9791052068626
30
0
0
VERTEX
8
0
10
67.7696088569431
20
17.1736020100365
30
0
0
VERTEX
8
0
10
68.299058926138
20
17.3680988132105
30
0
0
VERTEX
8
0
10
68.8285089953329
20
17.6032430197396
30
0
0
VERTEX
8
0
10
69.3579590645277
20
17.8305052824447
30
0
0
VERTEX
8
0
10
69.8874091337226
20
18.0577675451497
30
0
0
VERTEX
8
0
10
70.4168592029175
20
18.2850298078547
30
0
0
VERTEX
8
0
10
70.9463092721123
20
18.5122920705597
30
0
0
VERTEX
8
0
10
71.4757593413072
20
18.7668202522682
30
0
0
VERTEX
8
0
10
72.0052094105021
20
19.015923767941
30
0
0
VERTEX
8
0
10
72.5346594796969
20
19.2650272836138
30
0
0
VERTEX
8
0
10
73.0641095488918
20
19.5141307992866
30
0
0
VERTEX
8
0
10
73.5935596180867
20
19.7632343149594
30
0
0
VERTEX
8
0
10
74.1230096872816
20
20.0452527828035
30
0
0
VERTEX
8
0
10
74.6524597564764
20
20.3205632820693
30
0
0
VERTEX
8
0
10
75.1819098256713
20
20.5958737813351
30
0
0
VERTEX
8
0
10
75.7113598948661
20
20.8711842806009
30
0
0
VERTEX
8
0
10
76.240809964061
20
21.1464947798667
30
0
0
VERTEX
8
0
10
76.7702600332559
20
21.4438747403389
30
0
0
VERTEX
8
0
10
77.2997101024508
20
21.7366550349467
30
0
0
VERTEX
8
0
10
77.8291601716456
20
22.0294353295545
30
0
0
VERTEX
8
0
10
78.3586102408405
20
22.3222156241623
30
0
0
VERTEX
8
0
10
78.8880603100354
20
22.61499591877
30
0
0
VERTEX
8
0
10
79.4175103792302
20
22.8855817239615
30
0
0
VERTEX
8
0
10
79.9469604484251
20
23.1608922232273
30
0
0
VERTEX
8
0
10
80.47641051762
20
23.4362027224931
30
0
0
VERTEX
8
0
10
81.0058605868148
20
23.7115132217589
30
0
0
VERTEX
8
0
10
81.5353106560097
20
23.9868237210246
30
0
0
VERTEX
8
0
10
82.0647607252046
20
24.1839929417917
30
0
0
VERTEX
8
0
10
82.5942107943994
20
24.3981495362518
30
0
0
VERTEX
8
0
10
83.1236608635943
20
24.6123061307119
30
0
0
VERTEX
8
0
10
83.6531109327892
20
24.826462725172
30
0
0
VERTEX
8
0
10
84.182561001984
20
25.040619319632
30
0
0
VERTEX
8
0
10
84.7120110711789
20
25.2407333562261
30
0
0
VERTEX
8
0
10
85.2414611403738
20
25.4439680353762
30
0
0
VERTEX
8
0
10
85.7709112095687
20
25.6472027145263
30
0
0
VERTEX
8
0
10
86.3003612787635
20
25.8504373936765
30
0
0
VERTEX
8
0
10
86.8298113479584
20
26.0536720728266
30
0
0
VERTEX
8
0
10
87.3592614171533
20
26.208858449245
30
0
0
VERTEX
8
0
10
87.8887114863482
20
26.3749550451844
30
0
0
VERTEX
8
0
10
88.418161555543
20
26.5410516411238
30
0
0
VERTEX
8
0
10
88.9476116247379
20
26.7071482370631
30
0
0
VERTEX
8
0
10
89.4770616939328
20
26.8732448330025
30
0
0
VERTEX
8
0
10
90.0065117631277
20
27.0279613036693
30
0
0
VERTEX
8
0
10
90.5359618323225
20
27.1853187249193
30
0
0
VERTEX
8
0
10
91.0654119015174
20
27.3426761461693
30
0
0
VERTEX
8
0
10
91.5948619707123
20
27.5000335674194
30
0
0
VERTEX
8
0
10
92.1243120399072
20
27.6573909886694
30
0
0
VERTEX
8
0
10
92.653762109102
20
27.8433838900375
30
0
0
VERTEX
8
0
10
93.1832121782969
20
28.0225886750053
30
0
0
VERTEX
8
0
10
93.7126622474918
20
28.2017934599732
30
0
0
VERTEX
8
0
10
94.2421123166867
20
28.3809982449411
30
0
0
VERTEX
8
0
10
94.7715623858816
20
28.5602030299089
30
0
0
VERTEX
8
0
10
95.3010124550764
20
28.7509337599879
30
0
0
VERTEX
8
0
10
95.8304625242713
20
28.9388769556611
30
0
0
VERTEX
8
0
10
96.3599125934662
20
29.1268201513343
30
0
0
VERTEX
8
0
10
96.8893626626611
20
29.3147633470075
30
0
0
VERTEX
8
0
10
97.4188127318559
20
29.5027065426807
30
0
0
VERTEX
8
0
10
97.9482628010508
20
29.7051462136096
30
0
0
VERTEX
8
0
10
98.4777128702457
20
29.9040119929649
30
0
0
VERTEX
8
0
10
99.0071629394406
20
30.1028777723201
30
0
0
VERTEX
8
0
10
99.5366130086355
20
30.3017435516753
30
0
0
VERTEX
8
0
10
100.06606307783
20
30.5006093310305
30
0
0
VERTEX
8
0
10
100.595513147025
20
30.6965581825334
30
0
0
VERTEX
8
0
10
101.12496321622
20
30.8932394833464
30
0
0
VERTEX
8
0
10
101.654413285415
20
31.0899207841595
30
0
0
VERTEX
8
0
10
102.18386335461
20
31.2866020849725
30
0
0
VERTEX
8
0
10
102.713313423805
20
31.4832833857855
30
0
0
VERTEX
8
0
10
103.242763493
20
31.6711605556393
30
0
0
VERTEX
8
0
10
103.772213562194
20
31.8612883062436
30
0
0
VERTEX
8
0
10
104.301663631389
20
32.0514160568479
30
0
0
VERTEX
8
0
10
104.831113700584
20
32.2415438074522
30
0
0
VERTEX
8
0
10
105.360563769779
20
32.4316715580566
30
0
0
VERTEX
8
0
10
105.890013838974
20
32.6099886081582
30
0
0
VERTEX
8
0
10
106.419463908169
20
32.79137802445
30
0
0
VERTEX
8
0
10
106.948913977364
20
32.9727674407419
30
0
0
VERTEX
8
0
10
107.478364046559
20
33.1541568570337
30
0
0
VERTEX
8
0
10
108.007814115753
20
33.3355462733255
30
0
0
VERTEX
8
0
10
108.537264184948
20
33.5080231945113
30
0
0
VERTEX
8
0
10
109.066714254143
20
33.6828586595343
30
0
0
VERTEX
8
0
10
109.596164323338
20
33.8576941245574
30
0
0
VERTEX
8
0
10
110.125614392533
20
34.0325295895805
30
0
0
VERTEX
8
0
10
110.655064461728
20
34.2073650546036
30
0
0
VERTEX
8
0
10
111.184514530923
20
34.3672547923087
30
0
0
VERTEX
8
0
10
111.713964600118
20
34.5311666232269
30
0
0
VERTEX
8
0
10
112.243414669313
20
34.6950784541451
30
0
0
VERTEX
8
0
10
112.772864738507
20
34.8589902850633
30
0
0
VERTEX
8
0
10
113.302314807702
20
35.0229021159815
30
0
0
VERTEX
8
0
10
113.831764876897
20
35.1747830988638
30
0
0
VERTEX
8
0
10
114.361214946092
20
35.3299556786887
30
0
0
VERTEX
8
0
10
114.890665015287
20
35.4851282585137
30
0
0
VERTEX
8
0
10
115.420115084482
20
35.6403008383386
30
0
0
VERTEX
8
0
10
115.949565153677
20
35.7954734181636
30
0
0
VERTEX
8
0
10
116.479015222872
20
35.8991932968734
30
0
0
VERTEX
8
0
10
117.008465292066
20
36.017220649722
30
0
0
VERTEX
8
0
10
117.537915361261
20
36.1352480025706
30
0
0
VERTEX
8
0
10
118.067365430456
20
36.2532753554192
30
0
0
VERTEX
8
0
10
118.596815499651
20
36.3713027082678
30
0
0
VERTEX
8
0
10
119.126265568846
20
36.4801910181712
30
0
0
VERTEX
8
0
10
119.655715638041
20
36.5916627578244
30
0
0
VERTEX
8
0
10
120.185165707236
20
36.7031344974775
30
0
0
VERTEX
8
0
10
120.714615776431
20
36.8146062371307
30
0
0
VERTEX
8
0
10
121.244065845625
20
36.9260779767838
30
0
0
VERTEX
8
0
10
121.77351591482
20
36.9639583685843
30
0
0
VERTEX
8
0
10
122.302965984015
20
37.0229790115623
30
0
0
VERTEX
8
0
10
122.83241605321
20
37.0819996545404
30
0
0
VERTEX
8
0
10
123.361866122405
20
37.1410202975184
30
0
0
VERTEX
8
0
10
123.8913161916
20
37.2000409404964
30
0
0
VERTEX
8
0
10
124.420766260795
20
37.2497993416451
30
0
0
VERTEX
8
0
10
124.95021632999
20
37.3022628235482
30
0
0
VERTEX
8
0
10
125.479666399184
20
37.3547263054514
30
0
0
VERTEX
8
0
10
126.009116468379
20
37.4071897873545
30
0
0
VERTEX
8
0
10
126.538566537574
20
37.4596532692577
30
0
0
VERTEX
8
0
10
127.068016606769
20
37.4654885392481
30
0
0
VERTEX
8
0
10
127.597466675964
20
37.4851636353351
30
0
0
VERTEX
8
0
10
128.126916745159
20
37.5048387314221
30
0
0
VERTEX
8
0
10
128.656366814354
20
37.5245138275091
30
0
0
VERTEX
8
0
10
129.185816883549
20
37.5441889235961
30
0
0
VERTEX
8
0
10
129.715266952743
20
37.5356896825397
30
0
0
VERTEX
8
0
10
130.244717021938
20
37.5356896825397
30
0
0
VERTEX
8
0
10
130.774167091133
20
37.5356896825397
30
0
0
VERTEX
8
0
10
131.303617160328
20
37.5356896825397
30
0
0
VERTEX
8
0
10
131.833067229523
20
37.5356896825397
30
0
0
VERTEX
8
0
10
132.362517298718
20
37.4789376328321
30
0
0
VERTEX
8
0
10
132.891967367913
20
37.439582794461
30
0
0
VERTEX
8
0
10
133.421417437108
20
37.4002279560899
30
0
0
VERTEX
8
0
10
133.950867506302
20
37.3608731177188
30
0
0
VERTEX
8
0
10
134.480317575497
20
37.3215182793477
30
0
0
VERTEX
8
0
10
135.009767644692
20
37.2376961521136
30
0
0
VERTEX
8
0
10
135.539217713887
20
37.1677277113272
30
0
0
VERTEX
8
0
10
136.068667783082
20
37.0977592705408
30
0
0
VERTEX
8
0
10
136.598117852277
20
37.0277908297544
30
0
0
VERTEX
8
0
10
137.127567921472
20
36.957822388968
30
0
0
VERTEX
8
0
10
137.657017990667
20
36.8846539333477
30
0
0
VERTEX
8
0
10
138.186468059861
20
36.8124986632269
30
0
0
VERTEX
8
0
10
138.715918129056
20
36.7403433931062
30
0
0
VERTEX
8
0
10
139.245368198251
20
36.6681881229854
30
0
0
VERTEX
8
0
10
139.774818267446
20
36.5960328528647
30
0
0
VERTEX
8
0
10
140.304268336641
20
36.4980874948246
30
0
0
VERTEX
8
0
10
140.833718405836
20
36.4084369014114
30
0
0
VERTEX
8
0
10
141.363168475031
20
36.3187863079982
30
0
0
VERTEX
8
0
10
141.892618544226
20
36.229135714585
30
0
0
VERTEX
8
0
10
142.42206861342
20
36.1394851211718
30
0
0
VERTEX
8
0
10
142.951518682615
20
36.0368427942333
30
0
0
VERTEX
8
0
10
143.48096875181
20
35.9384440800694
30
0
0
VERTEX
8
0
10
144.010418821005
20
35.8400453659055
30
0
0
VERTEX
8
0
10
144.5398688902
20
35.7416466517417
30
0
0
VERTEX
8
0
10
145.069318959395
20
35.6432479375778
30
0
0
VERTEX
8
0
10
145.59876902859
20
35.5186708298342
30
0
0
VERTEX
8
0
10
146.128219097785
20
35.4027749558797
30
0
0
VERTEX
8
0
10
146.65766916698
20
35.2868790819252
30
0
0
VERTEX
8
0
10
147.187119236174
20
35.1709832079707
30
0
0
VERTEX
8
0
10
147.716569305369
20
35.0517579797841
30
0
0
VERTEX
8
0
10
148.246019374564
20
34.9293003552255
30
0
0
VERTEX
8
0
10
148.775469443759
20
34.8068427306669
30
0
0
VERTEX
8
0
10
149.304919512954
20
34.6843851061083
30
0
0
VERTEX
8
0
10
149.834369582149
20
34.5619274815497
30
0
0
VERTEX
8
0
10
150.363819651344
20
34.4383353309123
30
0
0
VERTEX
8
0
10
150.893269720539
20
34.3136904178857
30
0
0
VERTEX
8
0
10
151.422719789733
20
34.1890455048591
30
0
0
VERTEX
8
0
10
151.952169858928
20
34.0644005918326
30
0
0
VERTEX
8
0
10
152.481619928123
20
33.939755678806
30
0
0
VERTEX
8
0
10
153.011069997318
20
33.8158707496764
30
0
0
VERTEX
8
0
10
153.540520066513
20
33.6926597279168
30
0
0
SEQEND
8
0
0
POLYLINE
8
0
62
6
70
0
10
0
20
0
30
0
0
VERTEX
8
0
10
12.7068016606769
20
40.1244945674475
30
0
0
VERTEX
8
0
10
13.2362517298717
20
40.9183999291853
30
0
0
VERTEX
8
0
10
13.7657017990666
20
41.7123052909231
30
0
0
VERTEX
8
0
10
14.2951518682615
20
42.5280652133663
30
0
0
VERTEX
8
0
10
14.8246019374563
20
43.352687871107
30
0
0
VERTEX
8
0
10
15.3540520066512
20
44.1773105288477
30
0
0
VERTEX
8
0
10
15.8835020758461
20
44.9927928303802
30
0
0
VERTEX
8
0
10
16.412952145041
20
45.8001963308908
30
0
0
VERTEX
8
0
10
16.9424022142358
20
46.6075998314015
30
0
0
VERTEX
8
0
10
17.4718522834307
20
47.4150033319121
30
0
0
VERTEX
8
0
10
18.0013023526256
20
48.0505891077302
30
0
0
VERTEX
8
0
10
18.5307524218204
20
48.7050078951087
30
0
0
VERTEX
8
0
10
19.0602024910153
20
49.3594266824872
30
0
0
VERTEX
8
0
10
19.5896525602102
20
50.0138454698658
30
0
0
VERTEX
8
0
10
20.119102629405
20
50.6301143050912
30
0
0
VERTEX
8
0
10
20.6485526985999
20
51.2543082089748
30
0
0
VERTEX
8
0
10
21.1780027677948
20
51.8785021128585
30
0
0
VERTEX
8
0
10
21.7074528369897
20
52.5026960167422
30
0
0
VERTEX
8
0
10
22.2369029061845
20
53.0795365419065
30
0
0
VERTEX
8
0
10
22.7663529753794
20
53.6537448574709
30
0
0
VERTEX
8
0
10
23.2958030445743
20
54.2279531730353
30
0
0
VERTEX
8
0
10
23.8252531137691
20
54.8021614885996
30
0
0
VERTEX
8
0
10
24.354703182964
20
55.376369804164
30
0
0
VERTEX
8
0
10
24.8841532521589
20
55.881272793683
30
0
0
VERTEX
8
0
10
25.4136033213537
20
56.3966859513554
30
0
0
VERTEX
8
0
10
25.9430533905486
20
56.9120991090279
30
0
0
VERTEX
8
0
10
26.4725034597435
20
57.4275122667004
30
0
0
VERTEX
8
0
10
27.0019535289383
20
57.9429254243729
30
0
0
VERTEX
8
0
10
27.5314035981332
20
58.4299301544787
30
0
0
VERTEX
8
0
10
28.0608536673281
20
58.9213434301487
30
0
0
VERTEX
8
0
10
28.5903037365229
20
59.4127567058187
30
0
0
VERTEX
8
0
10
29.1197538057178
20
59.9041699814887
30
0
0
VERTEX
8
0
10
29.6492038749127
20
60.3955832571588
30
0
0
VERTEX
8
0
10
30.1786539441075
20
60.8584612538444
30
0
0
VERTEX
8
0
10
30.7081040133024
20
61.3258723408794
30
0
0
VERTEX
8
0
10
31.2375540824973
20
61.7932834279144
30
0
0
VERTEX
8
0
10
31.7670041516921
20
62.2606945149495
30
0
0
VERTEX
8
0
10
32.296454220887
20
62.7281056019845
30
0
0
VERTEX
8
0
10
32.8259042900819
20
63.1720613262449
30
0
0
VERTEX
8
0
10
33.3553543592767
20
63.6198325430328
30
0
0
VERTEX
8
0
10
33.8848044284716
20
64.0676037598207
30
0
0
VERTEX
8
0
10
34.4142544976665
20
64.5153749766086
30
0
0
VERTEX
8
0
10
34.9437045668613
20
64.9631461933965
30
0
0
VERTEX
8
0
10
35.4731546360562
20
65.363780858405
30
0
0
VERTEX
8
0
10
36.0026047052511
20
65.772267700974
30
0
0
VERTEX
8
0
10
36.5320547744459
20
66.180754543543
30
0
0
VERTEX
8
0
10
37.0615048436408
20
66.589241386112
30
0
0
VERTEX
8
0
10
37.5909549128357
20
66.997728228681
30
0
0
VERTEX
8
0
10
38.1204049820306
20
67.3983189679692
30
0
0
VERTEX
8
0
10
38.6498550512254
20
67.8002578140884
30
0
0
VERTEX
8
0
10
39.1793051204203
20
68.2021966602074
30
0
0
VERTEX
8
0
10
39.7087551896152
20
68.6041355063266
30
0
0
VERTEX
8
0
10
40.23820525881
20
69.0060743524457
30
0
0
VERTEX
8
0
10
40.7676553280049
20
69.373622230688
30
0
0
VERTEX
8
0
10
41.2971053971998
20
69.7471844418118
30
0
0
VERTEX
8
0
10
41.8265554663946
20
70.1207466529356
30
0
0
VERTEX
8
0
10
42.3560055355895
20
70.4943088640594
30
0
0
VERTEX
8
0
10
42.8854556047844
20
70.8678710751831
30
0
0
VERTEX
8
0
10
43.4149056739792
20
71.2228164274311
30
0
0
VERTEX
8
0
10
43.9443557431741
20
71.5810975766937
30
0
0
VERTEX
8
0
10
44.473805812369
20
71.9393787259562
30
0
0
VERTEX
8
0
10
45.0032558815638
20
72.2976598752188
30
0
0
VERTEX
8
0
10
45.5327059507587
20
72.6559410244813
30
0
0
VERTEX
8
0
10
46.0621560199536
20
72.9821345614004
30
0
0
VERTEX
8
0
10
46.5916060891484
20
73.3142174296384
30
0
0
VERTEX
8
0
10
47.1210561583433
20
73.6463002978765
30
0
0
VERTEX
8
0
10
47.6505062275382
20
73.9783831661146
30
0
0
VERTEX
8
0
10
48.179956296733
20
74.3104660343526
30
0
0
VERTEX
8
0
10
48.7094063659279
20
74.6237261952753
30
0
0
VERTEX
8
0
10
49.2388564351228
20
74.9405254640352
30
0
0
VERTEX
8
0
10
49.7683065043176
20
75.2573247327951
30
0
0
VERTEX
8
0
10
50.2977565735125
20
75.5741240015549
30
0
0
VERTEX
8
0
10
50.8272066427074
20
75.8909232703148
30
0
0
VERTEX
8
0
10
51.3566567119022
20
76.1590441385656
30
0
0
VERTEX
8
0
10
51.8861067810971
20
76.4365384290539
30
0
0
VERTEX
8
0
10
52.415556850292
20
76.7140327195422
30
0
0
VERTEX
8
0
10
52.9450069194868
20
76.9915270100305
30
0
0
VERTEX
8
0
10
53.4744569886817
20
77.2690213005188
30
0
0
VERTEX
8
0
10
54.0039070578766
20
77.5329126397435
30
0
0
VERTEX
8
0
10
54.5333571270714
20
77.7994877832383
30
0
0
VERTEX
8
0
10
55.0628071962663
20
78.0660629267331
30
0
0
VERTEX
8
0
10
55.5922572654612
20
78.3326380702279
30
0
0
VERTEX
8
0
10
56.1217073346561
20
78.5992132137227
30
0
0
VERTEX
8
0
10
56.6511574038509
20
78.8438927825781
30
0
0
VERTEX
8
0
10
57.1806074730458
20
79.0929962982508
30
0
0
VERTEX
8
0
10
57.7100575422407
20
79.3420998139237
30
0
0
VERTEX
8
0
10
58.2395076114355
20
79.5912033295964
30
0
0
VERTEX
8
0
10
58.7689576806304
20
79.8403068452693
30
0
0
VERTEX
8
0
10
59.2984077498253
20
80.0866567225771
30
0
0
VERTEX
8
0
10
59.8278578190201
20
80.3335761988661
30
0
0
VERTEX
8
0
10
60.357307888215
20
80.580495675155
30
0
0
VERTEX
8
0
10
60.8867579574099
20
80.8274151514439
30
0
0
VERTEX
8
0
10
61.4162080266047
20
81.0743346277328
30
0
0
VERTEX
8
0
10
61.9456580957996
20
81.3101727822783
30
0
0
VERTEX
8
0
10
62.4751081649945
20
81.5483559101183
30
0
0
VERTEX
8
0
10
63.0045582341893
20
81.7865390379583
30
0
0
VERTEX
8
0
10
63.5340083033842
20
82.0247221657983
30
0
0
VERTEX
8
0
10
64.0634583725791
20
82.2629052936383
30
0
0
VERTEX
8
0
10
64.5929084417739
20
82.5010884214783
30
0
0
VERTEX
8
0
10
65.1223585109688
20
82.7392715493183
30
0
0
VERTEX
8
0
10
65.6518085801637
20
82.9774546771583
30
0
0
VERTEX
8
0
10
66.1812586493585
20
83.2156378049983
30
0
0
VERTEX
8
0
10
66.7107087185534
20
83.4538209328384
30
0
0
VERTEX
8
0
10
67.2401587877483
20
83.6835918768975
30
0
0
VERTEX
8
0
10
67.7696088569431
20
83.9152225429348
30
0
0
VERTEX
8
0
10
68.299058926138
20
84.1468532089721
30
0
0
VERTEX
8
0
10
68.8285089953329
20
84.3784838750094
30
0
0
VERTEX
8
0
10
69.3579590645277
20
84.6101145410467
30
0
0
VERTEX
8
0
10
69.8874091337226
20
84.8332819033471
30
0
0
VERTEX
8
0
10
70.4168592029175
20
85.0583599357461
30
0
0
VERTEX
8
0
10
70.9463092721123
20
85.2834379681451
30
0
0
VERTEX
8
0
10
71.4757593413072
20
85.5085160005441
30
0
0
VERTEX
8
0
10
72.0052094105021
20
85.7335940329431
30
0
0
VERTEX
8
0
10
72.5346594796969
20
85.9615103008236
30
0
0
VERTEX
8
0
10
73.0641095488918
20
86.1887725635287
30
0
0
VERTEX
8
0
10
73.5935596180867
20
86.4160348262337
30
0
0
VERTEX
8
0
10
74.1230096872816
20
86.6432970889387
30
0
0
VERTEX
8
0
10
74.6524597564764
20
86.8705593516437
30
0
0
VERTEX
8
0
10
75.1819098256713
20
87.0864002749974
30
0
0
VERTEX
8
0
10
75.7113598948661
20
87.3049255019158
30
0
0
VERTEX
8
0
10
76.240809964061
20
87.5234507288342
30
0
0
VERTEX
8
0
10
76.7702600332559
20
87.7419759557527
30
0
0
VERTEX
8
0
10
77.2997101024508
20
87.9605011826711
30
0
0
VERTEX
8
0
10
77.8291601716456
20
88.1905167600548
30
0
0
VERTEX
8
0
10
78.3586102408405
20
88.4177790227598
30
0
0
VERTEX
8
0
10
78.8880603100354
20
88.6450412854649
30
0
0
VERTEX
8
0
10
79.4175103792302
20
88.8723035481699
30
0
0
VERTEX
8
0
10
79.9469604484251
20
89.0995658108749
30
0
0
VERTEX
8
0
10
80.47641051762
20
89.3037104713574
30
0
0
VERTEX
8
0
10
81.0058605868148
20
89.5134983569798
30
0
0
VERTEX
8
0
10
81.5353106560097
20
89.7232862426022
30
0
0
VERTEX
8
0
10
82.0647607252046
20
89.9330741282245
30
0
0
VERTEX
8
0
10
82.5942107943994
20
90.1428620138469
30
0
0
VERTEX
8
0
10
83.1236608635943
20
90.3264836592511
30
0
0
VERTEX
8
0
10
83.6531109327892
20
90.5166114098554
30
0
0
VERTEX
8
0
10
84.182561001984
20
90.7067391604597
30
0
0
VERTEX
8
0
10
84.7120110711789
20
90.896866911064
30
0
0
VERTEX
8
0
10
85.2414611403738
20
91.0869946616683
30
0
0
VERTEX
8
0
10
85.7709112095687
20
91.2800477485815
30
0
0
VERTEX
8
0
10
86.3003612787635
20
91.4723600350193
30
0
0
VERTEX
8
0
10
86.8298113479584
20
91.6646723214571
30
0
0
VERTEX
8
0
10
87.3592614171533
20
91.8569846078949
30
0
0
VERTEX
8
0
10
87.8887114863482
20
92.0492968943327
30
0
0
VERTEX
8
0
10
88.418161555543
20
92.2298363733422
30
0
0
VERTEX
8
0
10
88.9476116247379
20
92.4134104018594
30
0
0
VERTEX
8
0
10
89.4770616939328
20
92.5969844303767
30
0
0
VERTEX
8
0
10
90.0065117631277
20
92.7805584588939
30
0
0
VERTEX
8
0
10
90.5359618323225
20
92.9641324874111
30
0
0
VERTEX
8
0
10
91.0654119015174
20
93.1477065159283
30
0
0
VERTEX
8
0
10
91.5948619707123
20
93.3312805444456
30
0
0
VERTEX
8
0
10
92.1243120399072
20
93.5148545729628
30
0
0
VERTEX
8
0
10
92.653762109102
20
93.69842860148
30
0
0
VERTEX
8
0
10
93.1832121782969
20
93.8820026299973
30
0
0
VERTEX
8
0
10
93.7126622474918
20
94.0566386723514
30
0
0
VERTEX
8
0
10
94.2421123166867
20
94.2336588068964
30
0
0
VERTEX
8
0
10
94.7715623858816
20
94.4106789414414
30
0
0
VERTEX
8
0
10
95.3010124550764
20
94.5876990759865
30
0
0
VERTEX
8
0
10
95.8304625242713
20
94.7647192105315
30
0
0
VERTEX
8
0
10
96.3599125934662
20
94.9447368614093
30
0
0
VERTEX
8
0
10
96.8893626626611
20
95.1239416463772
30
0
0
VERTEX
8
0
10
97.4188127318559
20
95.303146431345
30
0
0
VERTEX
8
0
10
97.9482628010508
20
95.4823512163129
30
0
0
VERTEX
8
0
10
98.4777128702457
20
95.6615560012808
30
0
0
VERTEX
8
0
10
99.0071629394406
20
95.8317138164662
30
0
0
VERTEX
8
0
10
99.5366130086355
20
96.0043645928681
30
0
0
VERTEX
8
0
10
100.06606307783
20
96.1770153692699
30
0
0
VERTEX
8
0
10
100.595513147025
20
96.3496661456717
30
0
0
VERTEX
8
0
10
101.12496321622
20
96.5223169220735
30
0
0
VERTEX
8
0
10
101.654413285415
20
96.6767635003803
30
0
0
VERTEX
8
0
10
102.18386335461
20
96.8363057439541
30
0
0
VERTEX
8
0
10
102.713313423805
20
96.9958479875279
30
0
0
VERTEX
8
0
10
103.242763493
20
97.1553902311016
30
0
0
VERTEX
8
0
10
103.772213562194
20
97.3149324746754
30
0
0
VERTEX
8
0
10
104.301663631389
20
97.4653166275063
30
0
0
VERTEX
8
0
10
104.831113700584
20
97.6183043468045
30
0
0
VERTEX
8
0
10
105.360563769779
20
97.7712920661028
30
0
0
VERTEX
8
0
10
105.890013838974
20
97.924279785401
30
0
0
VERTEX
8
0
10
106.419463908169
20
98.0772675046993
30
0
0
VERTEX
8
0
10
106.948913977364
20
98.2210408289328
30
0
0
VERTEX
8
0
10
107.478364046559
20
98.3674738520388
30
0
0
VERTEX
8
0
10
108.007814115753
20
98.5139068751448
30
0
0
VERTEX
8
0
10
108.537264184948
20
98.6603398982509
30
0
0
VERTEX
8
0
10
109.066714254143
20
98.8067729213569
30
0
0
VERTEX
8
0
10
109.596164323338
20
98.9377539236816
30
0
0
VERTEX
8
0
10
110.125614392533
20
99.0732620710785
30
0
0
VERTEX
8
0
10
110.655064461728
20
99.2087702184754
30
0
0
VERTEX
8
0
10
111.184514530923
20
99.3442783658723
30
0
0
VERTEX
8
0
10
111.713964600118
20
99.4797865132692
30
0
0
VERTEX
8
0
10
112.243414669313
20
99.609075521858
30
0
0
VERTEX
8
0
10
112.772864738507
20
99.740213585246
30
0
0
VERTEX
8
0
10
113.302314807702
20
99.8713516486339
30
0
0
VERTEX
8
0
10
113.831764876897
20
100.002489712022
30
0
0
VERTEX
8
0
10
114.361214946092
20
100.13362777541
30
0
0
VERTEX
8
0
10
114.890665015287
20
100.242863829039
30
0
0
VERTEX
8
0
10
115.420115084482
20
100.358705996595
30
0
0
VERTEX
8
0
10
115.949565153677
20
100.474548164152
30
0
0
VERTEX
8
0
10
116.479015222872
20
100.590390331708
30
0
0
VERTEX
8
0
10
117.008465292066
20
100.706232499264
30
0
0
VERTEX
8
0
10
117.537915361261
20
100.800034804425
30
0
0
VERTEX
8
0
10
118.067365430456
20
100.90058013995
30
0
0
VERTEX
8
0
10
118.596815499651
20
101.001125475475
30
0
0
VERTEX
8
0
10
119.126265568846
20
101.101670811001
30
0
0
VERTEX
8
0
10
119.655715638041
20
101.202216146526
30
0
0
VERTEX
8
0
10
120.185165707236
20
101.296424458177
30
0
0
VERTEX
8
0
10
120.714615776431
20
101.392599098298
30
0
0
VERTEX
8
0
10
121.244065845625
20
101.488773738418
30
0
0
VERTEX
8
0
10
121.77351591482
20
101.584948378539
30
0
0
VERTEX
8
0
10
122.302965984015
20
101.681123018659
30
0
0
VERTEX
8
0
10
122.83241605321
20
101.742222785914
30
0
0
VERTEX
8
0
10
123.361866122405
20
101.814357235007
30
0
0
VERTEX
8
0
10
123.8913161916
20
101.8864916841
30
0
0
VERTEX
8
0
10
124.420766260795
20
101.958626133194
30
0
0
VERTEX
8
0
10
124.95021632999
20
102.030760582287
30
0
0
VERTEX
8
0
10
125.479666399184
20
102.090057861011
30
0
0
VERTEX
8
0
10
126.009116468379
20
102.153449849142
30
0
0
VERTEX
8
0
10
126.538566537574
20
102.216841837273
30
0
0
VERTEX
8
0
10
127.068016606769
20
102.280233825404
30
0
0
VERTEX
8
0
10
127.597466675964
20
102.343625813535
30
0
0
VERTEX
8
0
10
128.126916745159
20
102.39732767905
30
0
0
VERTEX
8
0
10
128.656366814354
20
102.454162620783
30
0
0
VERTEX
8
0
10
129.185816883549
20
102.510997562516
30
0
0
VERTEX
8
0
10
129.715266952743
20
102.567832504248
30
0
0
VERTEX
8
0
10
130.244717021938
20
102.624667445981
30
0
0
VERTEX
8
0
10
130.774167091133
20
102.661996616166
30
0
0
VERTEX
8
0
10
131.303617160328
20
102.705716949048
30
0
0
VERTEX
8
0
10
131.833067229523
20
102.749437281929
30
0
0
VERTEX
8
0
10
132.362517298718
20
102.793157614811
30
0
0
VERTEX
8
0
10
132.891967367913
20
102.836877947692
30
0
0
VERTEX
8
0
10
133.421417437108
20
102.864237283564
30
0
0
VERTEX
8
0
10
133.950867506302
20
102.897028250093
30
0
0
VERTEX
8
0
10
134.480317575497
20
102.929819216622
30
0
0
VERTEX
8
0
10
135.009767644692
20
102.962610183151
30
0
0
VERTEX
8
0
10
135.539217713887
20
102.986539480204
30
0
0
VERTEX
8
0
10
136.068667783082
20
103.001842466542
30
0
0
VERTEX
8
0
10
136.598117852277
20
103.017145452881
30
0
0
VERTEX
8
0
10
137.127567921472
20
103.032448439219
30
0
0
VERTEX
8
0
10
137.657017990667
20
103.047751425558
30
0
0
VERTEX
8
0
10
138.186468059861
20
103.055148015873
30
0
0
VERTEX
8
0
10
138.715918129056
20
103.055148015873
30
0
0
VERTEX
8
0
10
139.245368198251
20
103.055148015873
30
0
0
VERTEX
8
0
10
139.774818267446
20
103.055148015873
30
0
0
VERTEX
8
0
10
140.304268336641
20
103.055148015873
30
0
0
VERTEX
8
0
10
140.833718405836
20
103.05745111194
30
0
0
VERTEX
8
0
10
141.363168475031
20
103.061823489344
30
0
0
VERTEX
8
0
10
141.892618544226
20
103.066195866748
30
0
0
VERTEX
8
0
10
142.42206861342
20
103.070568244152
30
0
0
VERTEX
8
0
10
142.951518682615
20
103.074940621557
30
0
0
VERTEX
8
0
10
143.48096875181
20
103.076966017316
30
0
0
VERTEX
8
0
10
144.010418821005
20
103.076966017316
30
0
0
VERTEX
8
0
10
144.5398688902
20
103.076966017316
30
0
0
VERTEX
8
0
10
145.069318959395
20
103.076966017316
30
0
0
VERTEX
8
0
10
145.59876902859
20
103.076966017316
30
0
0
VERTEX
8
0
10
146.128219097785
20
103.074574917464
30
0
0
VERTEX
8
0
10
146.65766916698
20
103.070202463582
30
0
0
VERTEX
8
0
10
147.187119236174
20
103.0658300097
30
0
0
VERTEX
8
0
10
147.716569305369
20
103.061457555818
30
0
0
VERTEX
8
0
10
148.246019374564
20
103.057085101937
30
0
0
VERTEX
8
0
10
148.775469443759
20
103.055148015873
30
0
0
VERTEX
8
0
10
149.304919512954
20
103.055148015873
30
0
0
VERTEX
8
0
10
149.834369582149
20
103.055148015873
30
0
0
VERTEX
8
0
10
150.363819651344
20
103.055148015873
30
0
0
VERTEX
8
0
10
150.893269720539
20
103.055148015873
30
0
0
VERTEX
8
0
10
151.422719789733
20
103.055148015873
30
0
0
VERTEX
8
0
10
151.952169858928
20
103.055148015873
30
0
0
VERTEX
8
0
10
152.481619928123
20
103.055148015873
30
0
0
VERTEX
8
0
10
153.011069997318
20
103.055148015873
30
0
0
VERTEX
8
0
10
153.540520066513
20
103.055148015873
30
0
0
SEQEND
8
0
0
POLYLINE
8
0
62
1
70
0
10
0
20
0
30
0
0
VERTEX
8
0
10
12.7068016606769
20
19.8723970973205
30
0
0
VERTEX
8
0
10
13.2362517298717
20
20.4378887614579
30
0
0
VERTEX
8
0
10
13.7657017990666
20
21.0034419556288
30
0
0
VERTEX
8
0
10
14.2951518682615
20
21.5690518397731
30
0
0
VERTEX
8
0
10
14.8246019374563
20
22.1347140680827
30
0
0
VERTEX
8
0
10
15.3540520066512
20
22.6815500852755
30
0
0
VERTEX
8
0
10
15.8835020758461
20
23.2199432037695
30
0
0
VERTEX
8
0
10
16.412952145041
20
23.7584272352194
30
0
0
VERTEX
8
0
10
16.9424022142358
20
24.2969507672521
30
0
0
VERTEX
8
0
10
17.4718522834307
20
24.8355112303222
30
0
0
VERTEX
8
0
10
18.0013023526256
20
25.2495809202691
30
0
0
VERTEX
8
0
10
18.5307524218204
20
25.6564974504616
30
0
0
VERTEX
8
0
10
19.0602024910153
20
26.0634951384004
30
0
0
VERTEX
8
0
10
19.5896525602102
20
26.47059763765
30
0
0
VERTEX
8
0
10
20.119102629405
20
26.877800185662
30
0
0
VERTEX
8
0
10
20.6485526985999
20
27.256625791162
30
0
0
VERTEX
8
0
10
21.1780027677948
20
27.6340059771315
30
0
0
VERTEX
8
0
10
21.7074528369897
20
28.0114946729925
30
0
0
VERTEX
8
0
10
22.2369029061845
20
28.3890875501885
30
0
0
VERTEX
8
0
10
22.7663529753794
20
28.7667805062661
30
0
0
VERTEX
8
0
10
23.2958030445743
20
29.0750678962991
30
0
0
VERTEX
8
0
10
23.8252531137691
20
29.3820882722327
30
0
0
VERTEX
8
0
10
24.354703182964
20
29.6891371826261
30
0
0
VERTEX
8
0
10
24.8841532521589
20
29.9963668891749
30
0
0
VERTEX
8
0
10
25.4136033213537
20
30.303771892965
30
0
0
VERTEX
8
0
10
25.9430533905486
20
30.5928544753608
30
0
0
VERTEX
8
0
10
26.4725034597435
20
30.8823976593615
30
0
0
VERTEX
8
0
10
27.0019535289383
20
31.1720491860997
30
0
0
VERTEX
8
0
10
27.5314035981332
20
31.4618953522764
30
0
0
VERTEX
8
0
10
28.0608536673281
20
31.7519308276183
30
0
0
VERTEX
8
0
10
28.5903037365229
20
32.0380204271838
30
0
0
VERTEX
8
0
10
29.1197538057178
20
32.3295551485169
30
0
0
VERTEX
8
0
10
29.6492038749127
20
32.620853935976
30
0
0
VERTEX
8
0
10
30.1786539441075
20
32.9124368555179
30
0
0
VERTEX
8
0
10
30.7081040133024
20
33.2042964218414
30
0
0
VERTEX
8
0
10
31.2375540824973
20
33.4984992149592
30
0
0
VERTEX
8
0
10
31.7670041516921
20
33.7947468156468
30
0
0
VERTEX
8
0
10
32.296454220887
20
34.091101285648
30
0
0
VERTEX
8
0
10
32.8259042900819
20
34.3877368117573
30
0
0
VERTEX
8
0
10
33.3553543592767
20
34.6846461828978
30
0
0
VERTEX
8
0
10
33.8848044284716
20
34.9485056166898
30
0
0
VERTEX
8
0
10
34.4142544976665
20
35.215228143379
30
0
0
VERTEX
8
0
10
34.9437045668613
20
35.4819739577072
30
0
0
VERTEX
8
0
10
35.4731546360562
20
35.7490786217693
30
0
0
VERTEX
8
0
10
36.0026047052511
20
36.0165341516967
30
0
0
VERTEX
8
0
10
36.5320547744459
20
36.2592509745953
30
0
0
VERTEX
8
0
10
37.0615048436408
20
36.5034653887456
30
0
0
VERTEX
8
0
10
37.5909549128357
20
36.7479225882633
30
0
0
VERTEX
8
0
10
38.1204049820306
20
36.9927703292001
30
0
0
VERTEX
8
0
10
38.6498550512254
20
37.2380009078791
30
0
0
VERTEX
8
0
10
39.1793051204203
20
37.4773140823691
30
0
0
VERTEX
8
0
10
39.7087551896152
20
37.7198279683727
30
0
0
VERTEX
8
0
10
40.23820525881
20
37.9624183249909
30
0
0
VERTEX
8
0
10
40.7676553280049
20
38.205427001813
30
0
0
VERTEX
8
0
10
41.2971053971998
20
38.4488460670979
30
0
0
VERTEX
8
0
10
41.8265554663946
20
38.6737299942778
30
0
0
VERTEX
8
0
10
42.3560055355895
20
38.9014517230152
30
0
0
VERTEX
8
0
10
42.8854556047844
20
39.1293477163974
30
0
0
VERTEX
8
0
10
43.4149056739792
20
39.3577031670757
30
0
0
VERTEX
8
0
10
43.9443557431741
20
39.5865101238893
30
0
0
VERTEX
8
0
10
44.473805812369
20
39.8094304953137
30
0
0
VERTEX
8
0
10
45.0032558815638
20
40.022551377849
30
0
0
VERTEX
8
0
10
45.5327059507587
20
40.2373672255869
30
0
0
VERTEX
8
0
10
46.0621560199536
20
40.4524607197396
30
0
0
VERTEX
8
0
10
46.5916060891484
20
40.6678274548642
30
0
0
VERTEX
8
0
10
47.1210561583433
20
40.8728715834632
30
0
0
VERTEX
8
0
10
47.6505062275382
20
41.056018025099
30
0
0
VERTEX
8
0
10
48.179956296733
20
41.2424404817234
30
0
0
VERTEX
8
0
10
48.7094063659279
20
41.4289267569363
30
0
0
VERTEX
8
0
10
49.2388564351228
20
41.6154759927905
30
0
0
VERTEX
8
0
10
49.7683065043176
20
41.7914299415865
30
0
0
VERTEX
8
0
10
50.2977565735125
20
41.9601448328971
30
0
0
VERTEX
8
0
10
50.8272066427074
20
42.1300377843468
30
0
0
VERTEX
8
0
10
51.3566567119022
20
42.2999604082853
30
0
0
VERTEX
8
0
10
51.8861067810971
20
42.4699123485526
30
0
0
VERTEX
8
0
10
52.415556850292
20
42.6248701905206
30
0
0
VERTEX
8
0
10
52.9450069194868
20
42.7493404856482
30
0
0
VERTEX
8
0
10
53.4744569886817
20
42.8787258118075
30
0
0
VERTEX
8
0
10
54.0039070578766
20
43.0081379694725
30
0
0
VERTEX
8
0
10
54.5333571270714
20
43.137576717161
30
0
0
VERTEX
8
0
10
55.0628071962663
20
43.2583720020249
30
0
0
VERTEX
8
0
10
55.5922572654612
20
43.3959751679
30
0
0
VERTEX
8
0
10
56.1217073346561
20
43.5308922964161
30
0
0
VERTEX
8
0
10
56.6511574038509
20
43.6658110430849
30
0
0
VERTEX
8
0
10
57.1806074730458
20
43.8007313929533
30
0
0
VERTEX
8
0
10
57.7100575422407
20
43.9159896715081
30
0
0
VERTEX
8
0
10
58.2395076114355
20
44.0463382195907
30
0
0
VERTEX
8
0
10
58.7689576806304
20
44.1743564375213
30
0
0
VERTEX
8
0
10
59.2984077498253
20
44.3024257413154
30
0
0
VERTEX
8
0
10
59.8278578190201
20
44.4305456892142
30
0
0
VERTEX
8
0
10
60.357307888215
20
44.5521181866127
30
0
0
VERTEX
8
0
10
60.8867579574099
20
44.6831267535541
30
0
0
VERTEX
8
0
10
61.4162080266047
20
44.8126642834078
30
0
0
VERTEX
8
0
10
61.9456580957996
20
44.9423094682024
30
0
0
VERTEX
8
0
10
62.4751081649945
20
45.0720613789627
30
0
0
VERTEX
8
0
10
63.0045582341893
20
45.1820136688418
30
0
0
VERTEX
8
0
10
63.5340083033842
20
45.319428521578
30
0
0
VERTEX
8
0
10
64.0634583725791
20
45.4525202292135
30
0
0
VERTEX
8
0
10
64.5929084417739
20
45.5859966523651
30
0
0
VERTEX
8
0
10
65.1223585109688
20
45.7198544215701
30
0
0
VERTEX
8
0
10
65.6518085801637
20
45.8518716954059
30
0
0
VERTEX
8
0
10
66.1812586493585
20
45.9951196562862
30
0
0
VERTEX
8
0
10
66.7107087185534
20
46.1368852138564
30
0
0
VERTEX
8
0
10
67.2401587877483
20
46.279160390967
30
0
0
VERTEX
8
0
10
67.7696088569431
20
46.4219405019323
30
0
0
VERTEX
8
0
10
68.299058926138
20
46.5474374311415
30
0
0
VERTEX
8
0
10
68.8285089953329
20
46.6903462216644
30
0
0
VERTEX
8
0
10
69.3579590645277
20
46.8310723927293
30
0
0
VERTEX
8
0
10
69.8874091337226
20
46.9725506626147
30
0
0
VERTEX
8
0
10
70.4168592029175
20
47.1147742560171
30
0
0
VERTEX
8
0
10
70.9463092721123
20
47.2466185339539
30
0
0
VERTEX
8
0
10
71.4757593413072
20
47.3910841859415
30
0
0
VERTEX
8
0
10
72.0052094105021
20
47.5343519268692
30
0
0
VERTEX
8
0
10
72.5346594796969
20
47.6785391627033
30
0
0
VERTEX
8
0
10
73.0641095488918
20
47.8236375766724
30
0
0
VERTEX
8
0
10
73.5935596180867
20
47.9607536957383
30
0
0
VERTEX
8
0
10
74.1230096872816
20
48.1134202273726
30
0
0
VERTEX
8
0
10
74.6524597564764
20
48.2644591594615
30
0
0
VERTEX
8
0
10
75.1819098256713
20
48.4166244001834
30
0
0
VERTEX
8
0
10
75.7113598948661
20
48.5699053636619
30
0
0
VERTEX
8
0
10
76.240809964061
20
48.7176453052583
30
0
0
VERTEX
8
0
10
76.7702600332559
20
48.8769258447127
30
0
0
VERTEX
8
0
10
77.2997101024508
20
49.0354752428241
30
0
0
VERTEX
8
0
10
77.8291601716456
20
49.1952779811892
30
0
0
VERTEX
8
0
10
78.3586102408405
20
49.3563218858551
30
0
0
VERTEX
8
0
10
78.8880603100354
20
49.5274215978855
30
0
0
VERTEX
8
0
10
79.4175103792302
20
49.6884219461859
30
0
0
VERTEX
8
0
10
79.9469604484251
20
49.852600517851
30
0
0
VERTEX
8
0
10
80.47641051762
20
50.0177900676719
30
0
0
VERTEX
8
0
10
81.0058605868148
20
50.1839806122033
30
0
0
VERTEX
8
0
10
81.5353106560097
20
50.3357666134552
30
0
0
VERTEX
8
0
10
82.0647607252046
20
50.4530442655493
30
0
0
VERTEX
8
0
10
82.5942107943994
20
50.5790244163642
30
0
0
VERTEX
8
0
10
83.1236608635943
20
50.7056096364855
30
0
0
VERTEX
8
0
10
83.6531109327892
20
50.8327954056327
30
0
0
VERTEX
8
0
10
84.182561001984
20
50.9649722712455
30
0
0
VERTEX
8
0
10
84.7120110711789
20
51.090198690127
30
0
0
VERTEX
8
0
10
85.2414611403738
20
51.2174693214796
30
0
0
VERTEX
8
0
10
85.7709112095687
20
51.3452471724776
30
0
0
VERTEX
8
0
10
86.3003612787635
20
51.473528465756
30
0
0
VERTEX
8
0
10
86.8298113479584
20
51.619880397751
30
0
0
VERTEX
8
0
10
87.3592614171533
20
51.7398395287657
30
0
0
VERTEX
8
0
10
87.8887114863482
20
51.8655774286371
30
0
0
VERTEX
8
0
10
88.418161555543
20
51.9915863518158
30
0
0
VERTEX
8
0
10
88.9476116247379
20
52.1178643324869
30
0
0
VERTEX
8
0
10
89.4770616939328
20
52.2444094196646
30
0
0
VERTEX
8
0
10
90.0065117631277
20
52.3653450078404
30
0
0
VERTEX
8
0
10
90.5359618323225
20
52.4878698672931
30
0
0
VERTEX
8
0
10
91.0654119015174
20
52.6106239937157
30
0
0
VERTEX
8
0
10
91.5948619707123
20
52.7336057860346
30
0
0
VERTEX
8
0
10
92.1243120399072
20
52.8546097277754
30
0
0
VERTEX
8
0
10
92.653762109102
20
52.9912250401288
30
0
0
VERTEX
8
0
10
93.1832121782969
20
53.1245988900938
30
0
0
VERTEX
8
0
10
93.7126622474918
20
53.2582812966402
30
0
0
VERTEX
8
0
10
94.2421123166867
20
53.3922699420961
30
0
0
VERTEX
8
0
10
94.7715623858816
20
53.5265625267134
30
0
0
VERTEX
8
0
10
95.3010124550764
20
53.6673306236019
30
0
0
VERTEX
8
0
10
95.8304625242713
20
53.8069464267478
30
0
0
VERTEX
8
0
10
96.3599125934662
20
53.946894732852
30
0
0
VERTEX
8
0
10
96.8893626626611
20
54.087172960902
30
0
0
VERTEX
8
0
10
97.4188127318559
20
54.1902911092275
30
0
0
VERTEX
8
0
10
97.9482628010508
20
54.3080908146733
30
0
0
VERTEX
8
0
10
98.4777128702457
20
54.424426150219
30
0
0
VERTEX
8
0
10
99.0071629394406
20
54.5412398443754
30
0
0
VERTEX
8
0
10
99.5366130086355
20
54.6585288301644
30
0
0
VERTEX
8
0
10
100.06606307783
20
54.809316995322
30
0
0
VERTEX
8
0
10
100.595513147025
20
54.9530465411863
30
0
0
VERTEX
8
0
10
101.12496321622
20
55.0975400166207
30
0
0
VERTEX
8
0
10
101.654413285415
20
55.2423870312069
30
0
0
VERTEX
8
0
10
102.18386335461
20
55.3875848112679
30
0
0
VERTEX
8
0
10
102.713313423805
20
55.4913238536055
30
0
0
VERTEX
8
0
10
103.242763493
20
55.5981321738162
30
0
0
VERTEX
8
0
10
103.772213562194
20
55.7066565394983
30
0
0
VERTEX
8
0
10
104.301663631389
20
55.8156175413765
30
0
0
VERTEX
8
0
10
104.831113700584
20
55.9250126273022
30
0
0
VERTEX
8
0
10
105.360563769779
20
56.0348392549287
30
0
0
VERTEX
8
0
10
105.890013838974
20
56.1382333824307
30
0
0
VERTEX
8
0
10
106.419463908169
20
56.2437939955906
30
0
0
VERTEX
8
0
10
106.948913977364
20
56.3497407534169
30
0
0
VERTEX
8
0
10
107.478364046559
20
56.4560714819659
30
0
0
VERTEX
8
0
10
108.007814115753
20
56.5254884909503
30
0
0
VERTEX
8
0
10
108.537264184948
20
56.5974184854705
30
0
0
VERTEX
8
0
10
109.066714254143
20
56.6712082831682
30
0
0
VERTEX
8
0
10
109.596164323338
20
56.7454651507333
30
0
0
VERTEX
8
0
10
110.125614392533
20
56.8201872569604
30
0
0
VERTEX
8
0
10
110.655064461728
20
56.9216399346211
30
0
0
VERTEX
8
0
10
111.184514530923
20
57.0091476964047
30
0
0
VERTEX
8
0
10
111.713964600118
20
57.0994034706235
30
0
0
VERTEX
8
0
10
112.243414669313
20
57.1899886824077
30
0
0
VERTEX
8
0
10
112.772864738507
20
57.2809017688191
30
0
0
VERTEX
8
0
10
113.302314807702
20
57.3371538979554
30
0
0
VERTEX
8
0
10
113.831764876897
20
57.3937643971782
30
0
0
VERTEX
8
0
10
114.361214946092
20
57.4527814062703
30
0
0
VERTEX
8
0
10
114.890665015287
20
57.5121931794556
30
0
0
VERTEX
8
0
10
115.420115084482
20
57.5719984945964
30
0
0
VERTEX
8
0
10
115.949565153677
20
57.6474732251116
30
0
0
VERTEX
8
0
10
116.479015222872
20
57.6879709820825
30
0
0
VERTEX
8
0
10
117.008465292066
20
57.7375669598495
30
0
0
VERTEX
8
0
10
117.537915361261
20
57.7873776491362
30
0
0
VERTEX
8
0
10
118.067365430456
20
57.8374024952015
30
0
0
VERTEX
8
0
10
118.596815499651
20
57.8789059892316
30
0
0
VERTEX
8
0
10
119.126265568846
20
57.9168215220215
30
0
0
VERTEX
8
0
10
119.655715638041
20
57.9565746068379
30
0
0
VERTEX
8
0
10
120.185165707236
20
57.9965414021071
30
0
0
VERTEX
8
0
10
120.714615776431
20
58.0367214663163
30
0
0
VERTEX
8
0
10
121.244065845625
20
58.068377125524
30
0
0
VERTEX
8
0
10
121.77351591482
20
58.0553734854513
30
0
0
VERTEX
8
0
10
122.302965984015
20
58.0559106346496
30
0
0
VERTEX
8
0
10
122.83241605321
20
58.0565476326742
30
0
0
VERTEX
8
0
10
123.361866122405
20
58.0572844762384
30
0
0
VERTEX
8
0
10
123.8913161916
20
58.0603118063764
30
0
0
VERTEX
8
0
10
124.420766260795
20
58.056979790951
30
0
0
VERTEX
8
0
10
124.95021632999
20
58.0554645996702
30
0
0
VERTEX
8
0
10
125.479666399184
20
58.054033093761
30
0
0
VERTEX
8
0
10
126.009116468379
20
58.052685279414
30
0
0
VERTEX
8
0
10
126.538566537574
20
58.0514211624587
30
0
0
VERTEX
8
0
10
127.068016606769
20
58.0201204693225
30
0
0
VERTEX
8
0
10
127.597466675964
20
57.9977838259138
30
0
0
VERTEX
8
0
10
128.126916745159
20
57.9754816165969
30
0
0
VERTEX
8
0
10
128.656366814354
20
57.9532138811259
30
0
0
VERTEX
8
0
10
129.185816883549
20
57.9287726397386
30
0
0
VERTEX
8
0
10
129.715266952743
20
57.8866381403476
30
0
0
VERTEX
8
0
10
130.244717021938
20
57.8500285244018
30
0
0
VERTEX
8
0
10
130.774167091133
20
57.8134357464372
30
0
0
VERTEX
8
0
10
131.303617160328
20
57.7768598384467
30
0
0
VERTEX
8
0
10
131.833067229523
20
57.7403008324894
30
0
0
VERTEX
8
0
10
132.362517298718
20
57.6668582571811
30
0
0
VERTEX
8
0
10
132.891967367913
20
57.6047237414415
30
0
0
VERTEX
8
0
10
133.421417437108
20
57.5425892575156
30
0
0
VERTEX
8
0
10
133.950867506302
20
57.4804548055066
30
0
0
VERTEX
8
0
10
134.480317575497
20
57.4138436009661
30
0
0
VERTEX
8
0
10
135.009767644692
20
57.3194879810452
30
0
0
VERTEX
8
0
10
135.539217713887
20
57.2341432659923
30
0
0
VERTEX
8
0
10
136.068667783082
20
57.1488049453851
30
0
0
VERTEX
8
0
10
136.598117852277
20
57.0634730479123
30
0
0
VERTEX
8
0
10
137.127567921472
20
56.9781476024322
30
0
0
VERTEX
8
0
10
137.657017990667
20
56.8907538824221
30
0
0
VERTEX
8
0
10
138.186468059861
20
56.8040250295718
30
0
0
VERTEX
8
0
10
138.715918129056
20
56.7173039003206
30
0
0
VERTEX
8
0
10
139.245368198251
20
56.6305905301509
30
0
0
VERTEX
8
0
10
139.774818267446
20
56.5393234412916
30
0
0
VERTEX
8
0
10
140.304268336641
20
56.4326063051641
30
0
0
VERTEX
8
0
10
140.833718405836
20
56.3312754476623
30
0
0
VERTEX
8
0
10
141.363168475031
20
56.2299623914581
30
0
0
VERTEX
8
0
10
141.892618544226
20
56.1286672329463
30
0
0
VERTEX
8
0
10
142.42206861342
20
56.0250859298893
30
0
0
VERTEX
8
0
10
142.951518682615
20
55.9137798764416
30
0
0
VERTEX
8
0
10
143.48096875181
20
55.8052358423605
30
0
0
VERTEX
8
0
10
144.010418821005
20
55.6967166855389
30
0
0
VERTEX
8
0
10
144.5398688902
20
55.5882225516729
30
0
0
VERTEX
8
0
10
145.069318959395
20
55.4704395713599
30
0
0
VERTEX
8
0
10
145.59876902859
20
55.3384787625079
30
0
0
VERTEX
8
0
10
146.128219097785
20
55.2121329875613
30
0
0
VERTEX
8
0
10
146.65766916698
20
55.0858246623381
30
0
0
VERTEX
8
0
10
147.187119236174
20
54.9595540450397
30
0
0
VERTEX
8
0
10
147.716569305369
20
54.8429679056466
30
0
0
VERTEX
8
0
10
148.246019374564
20
54.7210105590116
30
0
0
VERTEX
8
0
10
148.775469443759
20
54.5991146411607
30
0
0
VERTEX
8
0
10
149.304919512954
20
54.4772805644446
30
0
0
VERTEX
8
0
10
149.834369582149
20
54.3555087447012
30
0
0
VERTEX
8
0
10
150.363819651344
20
54.233079163243
30
0
0
VERTEX
8
0
10
150.893269720539
20
54.1100469794973
30
0
0
VERTEX
8
0
10
151.422719789733
20
53.9870820547726
30
0
0
VERTEX
8
0
10
151.952169858928
20
53.8641848496997
30
0
0
VERTEX
8
0
10
152.481619928123
20
53.7413558288681
30
0
0
VERTEX
8
0
10
153.011069997318
20
53.6224064020101
30
0
0
VERTEX
8
0
10
153.540520066513
20
53.502966279806
30
0
0
SEQEND
8
0
0
POLYLINE
8
0
62
2
70
0
10
0
20
0
30
0
0
VERTEX
8
0
10
12.7068016606769
20
19.8723970973205
30
0
0
VERTEX
8
0
10
13.2362517298717
20
20.4378887614579
30
0
0
VERTEX
8
0
10
13.7657017990666
20
21.0034419556289
30
0
0
VERTEX
8
0
10
14.2951518682615
20
21.5690518397731
30
0
0
VERTEX
8
0
10
14.8246019374563
20
22.1347140680827
30
0
0
VERTEX
8
0
10
15.3540520066512
20
22.6815500852755
30
0
0
VERTEX
8
0
10
15.8835020758461
20
23.2199432037695
30
0
0
VERTEX
8
0
10
16.412952145041
20
23.7584272352194
30
0
0
VERTEX
8
0
10
16.9424022142358
20
24.2969507672521
30
0
0
VERTEX
8
0
10
17.4718522834307
20
24.8355112303222
30
0
0
VERTEX
8
0
10
18.0013023526256
20
25.2495809202691
30
0
0
VERTEX
8
0
10
18.5307524218204
20
25.6564974504616
30
0
0
VERTEX
8
0
10
19.0602024910153
20
26.0634951384004
30
0
0
VERTEX
8
0
10
19.5896525602102
20
26.47059763765
30
0
0
VERTEX
8
0
10
20.119102629405
20
26.877800185662
30
0
0
VERTEX
8
0
10
20.6485526985999
20
27.256625791162
30
0
0
VERTEX
8
0
10
21.1780027677948
20
27.6340059771315
30
0
0
VERTEX
8
0
10
21.7074528369897
20
28.0114946729925
30
0
0
VERTEX
8
0
10
22.2369029061845
20
28.3890875501885
30
0
0
VERTEX
8
0
10
22.7663529753794
20
28.7667805062661
30
0
0
VERTEX
8
0
10
23.2958030445743
20
29.0750678962991
30
0
0
VERTEX
8
0
10
23.8252531137691
20
29.3820882722327
30
0
0
VERTEX
8
0
10
24.354703182964
20
29.6891371826261
30
0
0
VERTEX
8
0
10
24.8841532521589
20
29.9963668891749
30
0
0
VERTEX
8
0
10
25.4136033213537
20
30.303771892965
30
0
0
VERTEX
8
0
10
25.9430533905486
20
30.5928544753608
30
0
0
VERTEX
8
0
10
26.4725034597435
20
30.8823976593615
30
0
0
VERTEX
8
0
10
27.0019535289383
20
31.1720491860997
30
0
0
VERTEX
8
0
10
27.5314035981332
20
31.4618953522764
30
0
0
VERTEX
8
0
10
28.0608536673281
20
31.7519308276183
30
0
0
VERTEX
8
0
10
28.5903037365229
20
32.0380204271838
30
0
0
VERTEX
8
0
10
29.1197538057178
20
32.3295551485169
30
0
0
VERTEX
8
0
10
29.6492038749127
20
32.620853935976
30
0
0
VERTEX
8
0
10
30.1786539441075
20
32.9124368555179
30
0
0
VERTEX
8
0
10
30.7081040133024
20
33.2042964218414
30
0
0
VERTEX
8
0
10
31.2375540824973
20
33.4984992149592
30
0
0
VERTEX
8
0
10
31.7670041516921
20
33.7947468156468
30
0
0
VERTEX
8
0
10
32.296454220887
20
34.091101285648
30
0
0
VERTEX
8
0
10
32.8259042900819
20
34.3877368117573
30
0
0
VERTEX
8
0
10
33.3553543592767
20
34.6846461828978
30
0
0
VERTEX
8
0
10
33.8848044284716
20
34.9485056166898
30
0
0
VERTEX
8
0
10
34.4142544976665
20
35.215228143379
30
0
0
VERTEX
8
0
10
34.9437045668613
20
35.4819739577072
30
0
0
VERTEX
8
0
10
35.4731546360562
20
35.7490786217693
30
0
0
VERTEX
8
0
10
36.0026047052511
20
36.0165341516967
30
0
0
VERTEX
8
0
10
36.5320547744459
20
36.2592509745953
30
0
0
VERTEX
8
0
10
37.0615048436408
20
36.5034653887456
30
0
0
VERTEX
8
0
10
37.5909549128357
20
36.7479225882633
30
0
0
VERTEX
8
0
10
38.1204049820306
20
36.9927703292001
30
0
0
VERTEX
8
0
10
38.6498550512254
20
37.2380009078791
30
0
0
VERTEX
8
0
10
39.1793051204203
20
37.4773140823691
30
0
0
VERTEX
8
0
10
39.7087551896152
20
37.7198279683727
30
0
0
VERTEX
8
0
10
40.23820525881
20
37.9624183249909
30
0
0
VERTEX
8
0
10
40.7676553280049
20
38.205427001813
30
0
0
VERTEX
8
0
10
41.2971053971998
20
38.4488460670979
30
0
0
VERTEX
8
0
10
41.8265554663946
20
38.6737299942778
30
0
0
VERTEX
8
0
10
42.3560055355895
20
38.9014517230152
30
0
0
VERTEX
8
0
10
42.8854556047844
20
39.1293477163974
30
0
0
VERTEX
8
0
10
43.4149056739792
20
39.3577031670757
30
0
0
VERTEX
8
0
10
43.9443557431741
20
39.5865101238892
30
0
0
VERTEX
8
0
10
44.473805812369
20
39.8094304953137
30
0
0
VERTEX
8
0
10
45.0032558815638
20
40.022551377849
30
0
0
VERTEX
8
0
10
45.5327059507587
20
40.2373672255869
30
0
0
VERTEX
8
0
10
46.0621560199536
20
40.4524607197396
30
0
0
VERTEX
8
0
10
46.5916060891484
20
40.6678274548642
30
0
0
VERTEX
8
0
10
47.1210561583433
20
40.8728715834632
30
0
0
VERTEX
8
0
10
47.6505062275382
20
41.056018025099
30
0
0
VERTEX
8
0
10
48.179956296733
20
41.2424404817234
30
0
0
VERTEX
8
0
10
48.7094063659279
20
41.4289267569363
30
0
0
VERTEX
8
0
10
49.2388564351228
20
41.6154759927905
30
0
0
VERTEX
8
0
10
49.7683065043176
20
41.7914299415865
30
0
0
VERTEX
8
0
10
50.2977565735125
20
41.9601448328971
30
0
0
VERTEX
8
0
10
50.8272066427074
20
42.1300377843468
30
0
0
VERTEX
8
0
10
51.3566567119022
20
42.2999604082853
30
0
0
VERTEX
8
0
10
51.8861067810971
20
42.4699123485526
30
0
0
VERTEX
8
0
10
52.415556850292
20
42.6248701905206
30
0
0
VERTEX
8
0
10
52.9450069194868
20
42.7493404856482
30
0
0
VERTEX
8
0
10
53.4744569886817
20
42.8787258118075
30
0
0
VERTEX
8
0
10
54.0039070578766
20
43.0081379694726
30
0
0
VERTEX
8
0
10
54.5333571270714
20
43.137576717161
30
0
0
VERTEX
8
0
10
55.0628071962663
20
43.2583720020249
30
0
0
VERTEX
8
0
10
55.5922572654612
20
43.3959751679
30
0
0
VERTEX
8
0
10
56.1217073346561
20
43.5308922964161
30
0
0
VERTEX
8
0
10
56.6511574038509
20
43.6658110430849
30
0
0
VERTEX
8
0
10
57.1806074730458
20
43.8007313929533
30
0
0
VERTEX
8
0
10
57.7100575422407
20
43.9159896715081
30
0
0
VERTEX
8
0
10
58.2395076114355
20
44.0463382195908
30
0
0
VERTEX
8
0
10
58.7689576806304
20
44.1743564375213
30
0
0
VERTEX
8
0
10
59.2984077498253
20
44.3024257413154
30
0
0
VERTEX
8
0
10
59.8278578190201
20
44.4305456892142
30
0
0
VERTEX
8
0
10
60.357307888215
20
44.5521181866127
30
0
0
VERTEX
8
0
10
60.8867579574099
20
44.6831267535541
30
0
0
VERTEX
8
0
10
61.4162080266047
20
44.8126642834078
30
0
0
VERTEX
8
0
10
61.9456580957996
20
44.9423094682024
30
0
0
VERTEX
8
0
10
62.4751081649945
20
45.0720613789627
30
0
0
VERTEX
8
0
10
63.0045582341893
20
45.1820136688418
30
0
0
VERTEX
8
0
10
63.5340083033842
20
45.319428521578
30
0
0
VERTEX
8
0
10
64.0634583725791
20
45.4525202292135
30
0
0
VERTEX
8
0
10
64.5929084417739
20
45.5859966523651
30
0
0
VERTEX
8
0
10
65.1223585109688
20
45.7198544215701
30
0
0
VERTEX
8
0
10
65.6518085801637
20
45.8518716954059
30
0
0
VERTEX
8
0
10
66.1812586493585
20
45.9951196562862
30
0
0
VERTEX
8
0
10
66.7107087185534
20
46.1368852138564
30
0
0
VERTEX
8
0
10
67.2401587877483
20
46.279160390967
30
0
0
VERTEX
8
0
10
67.7696088569431
20
46.4219405019323
30
0
0
VERTEX
8
0
10
68.299058926138
20
46.5474374311415
30
0
0
VERTEX
8
0
10
68.8285089953329
20
46.6903462216644
30
0
0
VERTEX
8
0
10
69.3579590645277
20
46.8310723927293
30
0
0
VERTEX
8
0
10
69.8874091337226
20
46.9725506626147
30
0
0
VERTEX
8
0
10
70.4168592029175
20
47.1147742560171
30
0
0
VERTEX
8
0
10
70.9463092721123
20
47.2466185339539
30
0
0
VERTEX
8
0
10
71.4757593413072
20
47.3910841859415
30
0
0
VERTEX
8
0
10
72.0052094105021
20
47.5343519268692
30
0
0
VERTEX
8
0
10
72.5346594796969
20
47.6785391627033
30
0
0
VERTEX
8
0
10
73.0641095488918
20
47.8236375766724
30
0
0
VERTEX
8
0
10
73.5935596180867
20
47.9607536957383
30
0
0
VERTEX
8
0
10
74.1230096872816
20
48.1134202273726
30
0
0
VERTEX
8
0
10
74.6524597564764
20
48.2644591594615
30
0
0
VERTEX
8
0
10
75.1819098256713
20
48.4166244001834
30
0
0
VERTEX
8
0
10
75.7113598948661
20
48.5699053636619
30
0
0
VERTEX
8
0
10
76.240809964061
20
48.7176453052583
30
0
0
VERTEX
8
0
10
76.7702600332559
20
48.8769258447126
30
0
0
VERTEX
8
0
10
77.2997101024508
20
49.0354752428241
30
0
0
VERTEX
8
0
10
77.8291601716456
20
49.1952779811892
30
0
0
VERTEX
8
0
10
78.3586102408405
20
49.3563218858551
30
0
0
VERTEX
8
0
10
78.8880603100354
20
49.5274215978855
30
0
0
VERTEX
8
0
10
79.4175103792302
20
49.6884219461859
30
0
0
VERTEX
8
0
10
79.9469604484251
20
49.852600517851
30
0
0
VERTEX
8
0
10
80.47641051762
20
50.0177900676719
30
0
0
VERTEX
8
0
10
81.0058605868148
20
50.1839806122033
30
0
0
VERTEX
8
0
10
81.5353106560097
20
50.3357666134552
30
0
0
VERTEX
8
0
10
82.0647607252046
20
50.4530442655493
30
0
0
VERTEX
8
0
10
82.5942107943994
20
50.5790244163642
30
0
0
VERTEX
8
0
10
83.1236608635943
20
50.7056096364855
30
0
0
VERTEX
8
0
10
83.6531109327892
20
50.8327954056327
30
0
0
VERTEX
8
0
10
84.182561001984
20
50.9649722712455
30
0
0
VERTEX
8
0
10
84.7120110711789
20
51.090198690127
30
0
0
VERTEX
8
0
10
85.2414611403738
20
51.2174693214796
30
0
0
VERTEX
8
0
10
85.7709112095687
20
51.3452471724776
30
0
0
VERTEX
8
0
10
86.3003612787635
20
51.473528465756
30
0
0
VERTEX
8
0
10
86.8298113479584
20
51.619880397751
30
0
0
VERTEX
8
0
10
87.3592614171533
20
51.7398395287657
30
0
0
VERTEX
8
0
10
87.8887114863482
20
51.8655774286371
30
0
0
VERTEX
8
0
10
88.418161555543
20
51.9915863518158
30
0
0
VERTEX
8
0
10
88.9476116247379
20
52.1178643324869
30
0
0
VERTEX
8
0
10
89.4770616939328
20
52.2444094196646
30
0
0
VERTEX
8
0
10
90.0065117631277
20
52.3653450078404
30
0
0
VERTEX
8
0
10
90.5359618323225
20
52.4878698672931
30
0
0
VERTEX
8
0
10
91.0654119015174
20
52.6106239937158
30
0
0
VERTEX
8
0
10
91.5948619707123
20
52.7336057860346
30
0
0
VERTEX
8
0
10
92.1243120399072
20
52.8546097277754
30
0
0
VERTEX
8
0
10
92.653762109102
20
52.9912250401288
30
0
0
VERTEX
8
0
10
93.1832121782969
20
53.1245988900938
30
0
0
VERTEX
8
0
10
93.7126622474918
20
53.2582812966402
30
0
0
VERTEX
8
0
10
94.2421123166867
20
53.3922699420961
30
0
0
VERTEX
8
0
10
94.7715623858816
20
53.5265625267135
30
0
0
VERTEX
8
0
10
95.3010124550764
20
53.6673306236019
30
0
0
VERTEX
8
0
10
95.8304625242713
20
53.8069464267478
30
0
0
VERTEX
8
0
10
96.3599125934662
20
53.946894732852
30
0
0
VERTEX
8
0
10
96.8893626626611
20
54.087172960902
30
0
0
VERTEX
8
0
10
97.4188127318559
20
54.1902911092276
30
0
0
VERTEX
8
0
10
97.9482628010508
20
54.3080908146733
30
0
0
VERTEX
8
0
10
98.4777128702457
20
54.424426150219
30
0
0
VERTEX
8
0
10
99.0071629394406
20
54.5412398443754
30
0
0
VERTEX
8
0
10
99.5366130086355
20
54.6585288301644
30
0
0
VERTEX
8
0
10
100.06606307783
20
54.809316995322
30
0
0
VERTEX
8
0
10
100.595513147025
20
54.9530465411863
30
0
0
VERTEX
8
0
10
101.12496321622
20
55.0975400166207
30
0
0
VERTEX
8
0
10
101.654413285415
20
55.2423870312069
30
0
0
VERTEX
8
0
10
102.18386335461
20
55.3875848112679
30
0
0
VERTEX
8
0
10
102.713313423805
20
55.4913238536055
30
0
0
VERTEX
8
0
10
103.242763493
20
55.5981321738162
30
0
0
VERTEX
8
0
10
103.772213562194
20
55.7066565394983
30
0
0
VERTEX
8
0
10
104.301663631389
20
55.8156175413765
30
0
0
VERTEX
8
0
10
104.831113700584
20
55.9250126273022
30
0
0
VERTEX
8
0
10
105.360563769779
20
56.0348392549287
30
0
0
VERTEX
8
0
10
105.890013838974
20
56.1382333824307
30
0
0
VERTEX
8
0
10
106.419463908169
20
56.2437939955906
30
0
0
VERTEX
8
0
10
106.948913977364
20
56.3497407534169
30
0
0
VERTEX
8
0
10
107.478364046559
20
56.4560714819659
30
0
0
VERTEX
8
0
10
108.007814115753
20
56.5254884909503
30
0
0
VERTEX
8
0
10
108.537264184948
20
56.5974184854705
30
0
0
VERTEX
8
0
10
109.066714254143
20
56.6712082831682
30
0
0
VERTEX
8
0
10
109.596164323338
20
56.7454651507333
30
0
0
VERTEX
8
0
10
110.125614392533
20
56.8201872569604
30
0
0
VERTEX
8
0
10
110.655064461728
20
56.9216399346211
30
0
0
VERTEX
8
0
10
111.184514530923
20
57.0091476964047
30
0
0
VERTEX
8
0
10
111.713964600118
20
57.0994034706235
30
0
0
VERTEX
8
0
10
112.243414669313
20
57.1899886824077
30
0
0
VERTEX
8
0
10
112.772864738507
20
57.2809017688191
30
0
0
VERTEX
8
0
10
113.302314807702
20
57.3371538979554
30
0
0
VERTEX
8
0
10
113.831764876897
20
57.3937643971782
30
0
0
VERTEX
8
0
10
114.361214946092
20
57.4527814062703
30
0
0
VERTEX
8
0
10
114.890665015287
20
57.5121931794556
30
0
0
VERTEX
8
0
10
115.420115084482
20
57.5719984945964
30
0
0
VERTEX
8
0
10
115.949565153677
20
57.6474732251116
30
0
0
VERTEX
8
0
10
116.479015222872
20
57.6879709820825
30
0
0
VERTEX
8
0
10
117.008465292066
20
57.7375669598495
30
0
0
VERTEX
8
0
10
117.537915361261
20
57.7873776491362
30
0
0
VERTEX
8
0
10
118.067365430456
20
57.8374024952015
30
0
0
VERTEX
8
0
10
118.596815499651
20
57.8789059892316
30
0
0
VERTEX
8
0
10
119.126265568846
20
57.9168215220215
30
0
0
VERTEX
8
0
10
119.655715638041
20
57.9565746068379
30
0
0
VERTEX
8
0
10
120.185165707236
20
57.9965414021071
30
0
0
VERTEX
8
0
10
120.714615776431
20
58.0367214663163
30
0
0
VERTEX
8
0
10
121.244065845625
20
58.068377125524
30
0
0
VERTEX
8
0
10
121.77351591482
20
58.0553734854514
30
0
0
VERTEX
8
0
10
122.302965984015
20
58.0559106346496
30
0
0
VERTEX
8
0
10
122.83241605321
20
58.0565476326742
30
0
0
VERTEX
8
0
10
123.361866122405
20
58.0572844762384
30
0
0
VERTEX
8
0
10
123.8913161916
20
58.0603118063764
30
0
0
VERTEX
8
0
10
124.420766260795
20
58.056979790951
30
0
0
VERTEX
8
0
10
124.95021632999
20
58.0554645996702
30
0
0
VERTEX
8
0
10
125.479666399184
20
58.054033093761
30
0
0
VERTEX
8
0
10
126.009116468379
20
58.052685279414
30
0
0
VERTEX
8
0
10
126.538566537574
20
58.0514211624587
30
0
0
VERTEX
8
0
10
127.068016606769
20
58.0201204693225
30
0
0
VERTEX
8
0
10
127.597466675964
20
57.9977838259138
30
0
0
VERTEX
8
0
10
128.126916745159
20
57.9754816165969
30
0
0
VERTEX
8
0
10
128.656366814354
20
57.9532138811259
30
0
0
VERTEX
8
0
10
129.185816883549
20
57.9287726397386
30
0
0
VERTEX
8
0
10
129.715266952743
20
57.8866381403476
30
0
0
VERTEX
8
0
10
130.244717021938
20
57.8500285244018
30
0
0
VERTEX
8
0
10
130.774167091133
20
57.8134357464372
30
0
0
VERTEX
8
0
10
131.303617160328
20
57.7768598384467
30
0
0
VERTEX
8
0
10
131.833067229523
20
57.7403008324894
30
0
0
VERTEX
8
0
10
132.362517298718
20
57.6668582571811
30
0
0
VERTEX
8
0
10
132.891967367913
20
57.6047237414415
30
0
0
VERTEX
8
0
10
133.421417437108
20
57.5425892575156
30
0
0
VERTEX
8
0
10
133.950867506302
20
57.4804548055066
30
0
0
VERTEX
8
0
10
134.480317575497
20
57.4138436009661
30
0
0
VERTEX
8
0
10
135.009767644692
20
57.3194879810452
30
0
0
VERTEX
8
0
10
135.539217713887
20
57.2341432659923
30
0
0
VERTEX
8
0
10
136.068667783082
20
57.1488049453851
30
0
0
VERTEX
8
0
10
136.598117852277
20
57.0634730479123
30
0
0
VERTEX
8
0
10
137.127567921472
20
56.9781476024322
30
0
0
VERTEX
8
0
10
137.657017990667
20
56.8907538824221
30
0
0
VERTEX
8
0
10
138.186468059861
20
56.8040250295718
30
0
0
VERTEX
8
0
10
138.715918129056
20
56.7173039003206
30
0
0
VERTEX
8
0
10
139.245368198251
20
56.6305905301509
30
0
0
VERTEX
8
0
10
139.774818267446
20
56.5393234412916
30
0
0
VERTEX
8
0
10
140.304268336641
20
56.4326063051641
30
0
0
VERTEX
8
0
10
140.833718405836
20
56.3312754476623
30
0
0
VERTEX
8
0
10
141.363168475031
20
56.2299623914581
30
0
0
VERTEX
8
0
10
141.892618544226
20
56.1286672329463
30
0
0
VERTEX
8
0
10
142.42206861342
20
56.0250859298893
30
0
0
VERTEX
8
0
10
142.951518682615
20
55.9137798764416
30
0
0
VERTEX
8
0
10
143.48096875181
20
55.8052358423605
30
0
0
VERTEX
8
0
10
144.010418821005
20
55.6967166855389
30
0
0
VERTEX
8
0
10
144.5398688902
20
55.5882225516729
30
0
0
VERTEX
8
0
10
145.069318959395
20
55.4704395713599
30
0
0
VERTEX
8
0
10
145.59876902859
20
55.3384787625079
30
0
0
VERTEX
8
0
10
146.128219097785
20
55.2121329875613
30
0
0
VERTEX
8
0
10
146.65766916698
20
55.0858246623381
30
0
0
VERTEX
8
0
10
147.187119236174
20
54.9595540450397
30
0
0
VERTEX
8
0
10
147.716569305369
20
54.8429679056466
30
0
0
VERTEX
8
0
10
148.246019374564
20
54.7210105590116
30
0
0
VERTEX
8
0
10
148.775469443759
20
54.5991146411607
30
0
0
VERTEX
8
0
10
149.304919512954
20
54.4772805644446
30
0
0
VERTEX
8
0
10
149.834369582149
20
54.3555087447012
30
0
0
VERTEX
8
0
10
150.363819651344
20
54.233079163243
30
0
0
VERTEX
8
0
10
150.893269720539
20
54.1100469794973
30
0
0
VERTEX
8
0
10
151.422719789733
20
53.9870820547726
30
0
0
VERTEX
8
0
10
151.952169858928
20
53.8641848496997
30
0
0
VERTEX
8
0
10
152.481619928123
20
53.7413558288681
30
0
0
VERTEX
8
0
10
153.011069997318
20
53.6224064020101
30
0
0
VERTEX
8
0
10
153.540520066513
20
53.502966279806
30
0
0
SEQEND
8
0
0
POLYLINE
8
0
62
3
70
0
10
0
20
0
30
0
0
VERTEX
8
0
10
12.7068016606769
20
27.1197381947145
30
0
0
VERTEX
8
0
10
13.2362517298717
20
28.3284497865201
30
0
0
VERTEX
8
0
10
13.7657017990666
20
28.6638995398993
30
0
0
VERTEX
8
0
10
14.2951518682615
20
29.7545570770512
30
0
0
VERTEX
8
0
10
14.8246019374563
20
30.47385438482
30
0
0
VERTEX
8
0
10
15.3540520066512
20
31.3749545247531
30
0
0
VERTEX
8
0
10
15.8835020758461
20
32.4553620510879
30
0
0
VERTEX
8
0
10
16.412952145041
20
32.8653256877789
30
0
0
VERTEX
8
0
10
16.9424022142358
20
33.629158363596
30
0
0
VERTEX
8
0
10
17.4718522834307
20
34.6003910048134
30
0
0
VERTEX
8
0
10
18.0013023526256
20
35.0675402610986
30
0
0
VERTEX
8
0
10
18.5307524218204
20
35.9594508617083
30
0
0
VERTEX
8
0
10
19.0602024910153
20
36.6057074082924
30
0
0
VERTEX
8
0
10
19.5896525602102
20
37.3316498702392
30
0
0
VERTEX
8
0
10
20.119102629405
20
38.2476895710197
30
0
0
VERTEX
8
0
10
20.6485526985999
20
38.6944873266544
30
0
0
VERTEX
8
0
10
21.1780027677948
20
39.4212187364316
30
0
0
VERTEX
8
0
10
21.7074528369897
20
40.1780073665081
30
0
0
VERTEX
8
0
10
22.2369029061845
20
40.7391909048952
30
0
0
VERTEX
8
0
10
22.7663529753794
20
41.4389877890053
30
0
0
VERTEX
8
0
10
23.2958030445743
20
42.0903782506165
30
0
0
VERTEX
8
0
10
23.8252531137691
20
42.7380543059854
30
0
0
VERTEX
8
0
10
24.354703182964
20
43.5056886001268
30
0
0
VERTEX
8
0
10
24.8841532521589
20
43.9807608450534
30
0
0
VERTEX
8
0
10
25.4136033213537
20
44.626611201218
30
0
0
VERTEX
8
0
10
25.9430533905486
20
45.2846544138992
30
0
0
VERTEX
8
0
10
26.4725034597435
20
45.8325488942306
30
0
0
VERTEX
8
0
10
27.0019535289383
20
46.4468841192994
30
0
0
VERTEX
8
0
10
27.5314035981332
20
47.0417150967408
30
0
0
VERTEX
8
0
10
28.0608536673281
20
47.6250857126475
30
0
0
VERTEX
8
0
10
28.5903037365229
20
48.2917371285104
30
0
0
VERTEX
8
0
10
29.1197538057178
20
48.7626835537928
30
0
0
VERTEX
8
0
10
29.6492038749127
20
49.3467041619549
30
0
0
VERTEX
8
0
10
30.1786539441075
20
49.9304607510094
30
0
0
VERTEX
8
0
10
30.7081040133024
20
50.4545257230885
30
0
0
VERTEX
8
0
10
31.2375540824973
20
51.0037172815512
30
0
0
VERTEX
8
0
10
31.7670041516921
20
51.5515812852588
30
0
0
VERTEX
8
0
10
32.296454220887
20
52.0860870449038
30
0
0
VERTEX
8
0
10
32.8259042900819
20
52.6756442751744
30
0
0
VERTEX
8
0
10
33.3553543592767
20
53.1335730707568
30
0
0
VERTEX
8
0
10
33.8848044284716
20
53.6657959800211
30
0
0
VERTEX
8
0
10
34.4142544976665
20
54.1945185953151
30
0
0
VERTEX
8
0
10
34.9437045668613
20
54.6904350011717
30
0
0
VERTEX
8
0
10
35.4731546360562
20
55.1907322829941
30
0
0
VERTEX
8
0
10
36.0026047052511
20
55.6980962214312
30
0
0
VERTEX
8
0
10
36.5320547744459
20
56.1866963236658
30
0
0
VERTEX
8
0
10
37.0615048436408
20
56.7244792189367
30
0
0
VERTEX
8
0
10
37.5909549128357
20
57.1605563475471
30
0
0
VERTEX
8
0
10
38.1204049820306
20
57.6567988172025
30
0
0
VERTEX
8
0
10
38.6498550512254
20
58.1386142292875
30
0
0
VERTEX
8
0
10
39.1793051204203
20
58.6128211298719
30
0
0
VERTEX
8
0
10
39.7087551896152
20
59.0717127895733
30
0
0
VERTEX
8
0
10
40.23820525881
20
59.5496910653876
30
0
0
VERTEX
8
0
10
40.7676553280049
20
60.0022271956662
30
0
0
VERTEX
8
0
10
41.2971053971998
20
60.500392618848
30
0
0
VERTEX
8
0
10
41.8265554663946
20
60.9165860479809
30
0
0
VERTEX
8
0
10
42.3560055355895
20
61.3842040302884
30
0
0
VERTEX
8
0
10
42.8854556047844
20
61.8302473317436
30
0
0
VERTEX
8
0
10
43.4149056739792
20
62.2853581428464
30
0
0
VERTEX
8
0
10
43.9443557431741
20
62.7128145165341
30
0
0
VERTEX
8
0
10
44.473805812369
20
63.1539869734152
30
0
0
VERTEX
8
0
10
45.0032558815638
20
63.5921982881023
30
0
0
VERTEX
8
0
10
45.5327059507587
20
64.0466086094832
30
0
0
VERTEX
8
0
10
46.0621560199536
20
64.4602311435598
30
0
0
VERTEX
8
0
10
46.5916060891484
20
64.8916066046379
30
0
0
VERTEX
8
0
10
47.1210561583433
20
65.3252548369608
30
0
0
VERTEX
8
0
10
47.6505062275382
20
65.7503250500632
30
0
0
VERTEX
8
0
10
48.179956296733
20
66.1693342761842
30
0
0
VERTEX
8
0
10
48.7094063659279
20
66.5910863256667
30
0
0
VERTEX
8
0
10
49.2388564351228
20
67.0106617851019
30
0
0
VERTEX
8
0
10
49.7683065043176
20
67.4416086899482
30
0
0
VERTEX
8
0
10
50.2977565735125
20
67.8447018134624
30
0
0
VERTEX
8
0
10
50.8272066427074
20
68.2586688777454
30
0
0
VERTEX
8
0
10
51.3566567119022
20
68.6750505256626
30
0
0
VERTEX
8
0
10
51.8861067810971
20
69.0875942671732
30
0
0
VERTEX
8
0
10
52.415556850292
20
69.4922723650905
30
0
0
VERTEX
8
0
10
52.9450069194868
20
69.9005097649986
30
0
0
VERTEX
8
0
10
53.4744569886817
20
70.3079346886732
30
0
0
VERTEX
8
0
10
54.0039070578766
20
70.72296289968
30
0
0
VERTEX
8
0
10
54.5333571270714
20
71.1200817753222
30
0
0
VERTEX
8
0
10
55.0628071962663
20
71.5230007631316
30
0
0
VERTEX
8
0
10
55.5922572654612
20
71.9292301699277
30
0
0
VERTEX
8
0
10
56.1217073346561
20
72.3346862972667
30
0
0
VERTEX
8
0
10
56.6511574038509
20
72.7321069317158
30
0
0
VERTEX
8
0
10
57.1806074730458
20
73.1402005544859
30
0
0
VERTEX
8
0
10
57.7100575422407
20
73.5362012316551
30
0
0
VERTEX
8
0
10
58.2395076114355
20
73.9500744724058
30
0
0
VERTEX
8
0
10
58.7689576806304
20
74.3427849131328
30
0
0
VERTEX
8
0
10
59.2984077498253
20
74.749399546096
30
0
0
VERTEX
8
0
10
59.8278578190201
20
75.1499142296403
30
0
0
VERTEX
8
0
10
60.357307888215
20
75.5612406923635
30
0
0
VERTEX
8
0
10
60.8867579574099
20
75.9548311521777
30
0
0
VERTEX
8
0
10
61.4162080266047
20
76.3602207804681
30
0
0
VERTEX
8
0
10
61.9456580957996
20
76.7587914506513
30
0
0
VERTEX
8
0
10
62.4751081649945
20
77.1662715230804
30
0
0
VERTEX
8
0
10
63.0045582341893
20
77.5610688630244
30
0
0
VERTEX
8
0
10
63.5340083033842
20
77.9601892238557
30
0
0
VERTEX
8
0
10
64.0634583725791
20
78.3568490055044
30
0
0
VERTEX
8
0
10
64.5929084417739
20
78.7597654489301
30
0
0
VERTEX
8
0
10
65.1223585109688
20
79.1484190031198
30
0
0
VERTEX
8
0
10
65.6518085801637
20
79.5434593030151
30
0
0
VERTEX
8
0
10
66.1812586493585
20
79.9357326643966
30
0
0
VERTEX
8
0
10
66.7107087185534
20
80.3303580107302
30
0
0
VERTEX
8
0
10
67.2401587877483
20
80.7195427032193
30
0
0
VERTEX
8
0
10
67.7696088569431
20
81.1065406200759
30
0
0
VERTEX
8
0
10
68.299058926138
20
81.4944143735296
30
0
0
VERTEX
8
0
10
68.8285089953329
20
81.8852199152983
30
0
0
VERTEX
8
0
10
69.3579590645277
20
82.2649884225342
30
0
0
VERTEX
8
0
10
69.8874091337226
20
82.6470672879509
30
0
0
VERTEX
8
0
10
70.4168592029175
20
83.0274224266682
30
0
0
VERTEX
8
0
10
70.9463092721123
20
83.4098060027842
30
0
0
VERTEX
8
0
10
71.4757593413072
20
83.7877014704441
30
0
0
VERTEX
8
0
10
72.0052094105021
20
84.1634181054813
30
0
0
VERTEX
8
0
10
72.5346594796969
20
84.5377694480925
30
0
0
VERTEX
8
0
10
73.0641095488918
20
84.9174669431428
30
0
0
VERTEX
8
0
10
73.5935596180867
20
85.2838107200317
30
0
0
VERTEX
8
0
10
74.1230096872816
20
85.6545688881224
30
0
0
VERTEX
8
0
10
74.6524597564764
20
86.0231832152946
30
0
0
VERTEX
8
0
10
75.1819098256713
20
86.391109719491
30
0
0
VERTEX
8
0
10
75.7113598948661
20
86.757997660884
30
0
0
VERTEX
8
0
10
76.240809964061
20
87.1201359163953
30
0
0
VERTEX
8
0
10
76.7702600332559
20
87.4822019219824
30
0
0
VERTEX
8
0
10
77.2997101024508
20
87.8484673657409
30
0
0
VERTEX
8
0
10
77.8291601716456
20
88.2030894814113
30
0
0
VERTEX
8
0
10
78.3586102408405
20
88.5606369898446
30
0
0
VERTEX
8
0
10
78.8880603100354
20
88.9174962076216
30
0
0
VERTEX
8
0
10
79.4175103792302
20
89.2719960063824
30
0
0
VERTEX
8
0
10
79.9469604484251
20
89.628254533043
30
0
0
VERTEX
8
0
10
80.47641051762
20
89.9784382339474
30
0
0
VERTEX
8
0
10
81.0058605868148
20
90.33000360026
30
0
0
VERTEX
8
0
10
81.5353106560097
20
90.6856311828948
30
0
0
VERTEX
8
0
10
82.0647607252046
20
91.0398150542348
30
0
0
VERTEX
8
0
10
82.5942107943994
20
91.3822482968193
30
0
0
VERTEX
8
0
10
83.1236608635943
20
91.7414715450772
30
0
0
VERTEX
8
0
10
83.6531109327892
20
92.0874927367938
30
0
0
VERTEX
8
0
10
84.182561001984
20
92.4457640175178
30
0
0
VERTEX
8
0
10
84.7120110711789
20
92.7795037532207
30
0
0
VERTEX
8
0
10
85.2414611403738
20
93.1201562410465
30
0
0
VERTEX
8
0
10
85.7709112095687
20
93.4494679982907
30
0
0
VERTEX
8
0
10
86.3003612787635
20
93.7757854575656
30
0
0
VERTEX
8
0
10
86.8298113479584
20
94.0910312400719
30
0
0
VERTEX
8
0
10
87.3592614171533
20
94.4127485251353
30
0
0
VERTEX
8
0
10
87.8887114863482
20
94.7193610887488
30
0
0
VERTEX
8
0
10
88.418161555543
20
95.0354769410918
30
0
0
VERTEX
8
0
10
88.9476116247379
20
95.3341426602104
30
0
0
VERTEX
8
0
10
89.4770616939328
20
95.6390196749003
30
0
0
VERTEX
8
0
10
90.0065117631277
20
95.9375870819838
30
0
0
VERTEX
8
0
10
90.5359618323225
20
96.231843434777
30
0
0
VERTEX
8
0
10
91.0654119015174
20
96.5188283322911
30
0
0
VERTEX
8
0
10
91.5948619707123
20
96.8100250185527
30
0
0
VERTEX
8
0
10
92.1243120399072
20
97.0894632232451
30
0
0
VERTEX
8
0
10
92.653762109102
20
97.3764085309006
30
0
0
VERTEX
8
0
10
93.1832121782969
20
97.6490752850581
30
0
0
VERTEX
8
0
10
93.7126622474918
20
97.9255023662234
30
0
0
VERTEX
8
0
10
94.2421123166867
20
98.1982826770693
30
0
0
VERTEX
8
0
10
94.7715623858816
20
98.4651096891151
30
0
0
VERTEX
8
0
10
95.3010124550764
20
98.7284096491468
30
0
0
VERTEX
8
0
10
95.8304625242713
20
98.9910104642953
30
0
0
VERTEX
8
0
10
96.3599125934662
20
99.2469735384619
30
0
0
VERTEX
8
0
10
96.8893626626611
20
99.5057645160855
30
0
0
VERTEX
8
0
10
97.4188127318559
20
99.7554606471626
30
0
0
VERTEX
8
0
10
97.9482628010508
20
100.004049429766
30
0
0
VERTEX
8
0
10
98.4777128702457
20
100.253632829271
30
0
0
VERTEX
8
0
10
99.0071629394406
20
100.493236461971
30
0
0
VERTEX
8
0
10
99.5366130086355
20
100.732457323791
30
0
0
VERTEX
8
0
10
100.06606307783
20
100.969127398074
30
0
0
VERTEX
8
0
10
100.595513147025
20
101.201057887968
30
0
0
VERTEX
8
0
10
101.12496321622
20
101.434099616051
30
0
0
VERTEX
8
0
10
101.654413285415
20
101.660028798946
30
0
0
VERTEX
8
0
10
102.18386335461
20
101.883141694083
30
0
0
VERTEX
8
0
10
102.713313423805
20
102.108564682298
30
0
0
VERTEX
8
0
10
103.242763493
20
102.323166026667
30
0
0
VERTEX
8
0
10
103.772213562194
20
102.538622759828
30
0
0
VERTEX
8
0
10
104.301663631389
20
102.750122581502
30
0
0
VERTEX
8
0
10
104.831113700584
20
102.958314540619
30
0
0
VERTEX
8
0
10
105.360563769779
20
103.166213761243
30
0
0
VERTEX
8
0
10
105.890013838974
20
103.368559107895
30
0
0
VERTEX
8
0
10
106.419463908169
20
103.566798708964
30
0
0
VERTEX
8
0
10
106.948913977364
20
103.768175605624
30
0
0
VERTEX
8
0
10
107.478364046559
20
103.958283187939
30
0
0
VERTEX
8
0
10
108.007814115753
20
104.154377597381
30
0
0
VERTEX
8
0
10
108.537264184948
20
104.336839883855
30
0
0
VERTEX
8
0
10
109.066714254143
20
104.525296760972
30
0
0
VERTEX
8
0
10
109.596164323338
20
104.704488219832
30
0
0
VERTEX
8
0
10
110.125614392533
20
104.886800138098
30
0
0
VERTEX
8
0
10
110.655064461728
20
105.056988488519
30
0
0
VERTEX
8
0
10
111.184514530923
20
105.237473510487
30
0
0
VERTEX
8
0
10
111.713964600118
20
105.400199522299
30
0
0
VERTEX
8
0
10
112.243414669313
20
105.571088709234
30
0
0
VERTEX
8
0
10
112.772864738507
20
105.73056531024
30
0
0
VERTEX
8
0
10
113.302314807702
20
105.893938756576
30
0
0
VERTEX
8
0
10
113.831764876897
20
106.049912711242
30
0
0
VERTEX
8
0
10
114.361214946092
20
106.207247642586
30
0
0
VERTEX
8
0
10
114.890665015287
20
106.35441759221
30
0
0
VERTEX
8
0
10
115.420115084482
20
106.509478851029
30
0
0
VERTEX
8
0
10
115.949565153677
20
106.649363166713
30
0
0
VERTEX
8
0
10
116.479015222872
20
106.795221920888
30
0
0
VERTEX
8
0
10
117.008465292066
20
106.931495760681
30
0
0
VERTEX
8
0
10
117.537915361261
20
107.069947028345
30
0
0
VERTEX
8
0
10
118.067365430456
20
107.202441473373
30
0
0
VERTEX
8
0
10
118.596815499651
20
107.334897465056
30
0
0
VERTEX
8
0
10
119.126265568846
20
107.458794479243
30
0
0
VERTEX
8
0
10
119.655715638041
20
107.58849847376
30
0
0
VERTEX
8
0
10
120.185165707236
20
107.706953817574
30
0
0
VERTEX
8
0
10
120.714615776431
20
107.826096251725
30
0
0
VERTEX
8
0
10
121.244065845625
20
107.940584986653
30
0
0
VERTEX
8
0
10
121.77351591482
20
108.052388547311
30
0
0
VERTEX
8
0
10
122.302965984015
20
108.162791540314
30
0
0
VERTEX
8
0
10
122.83241605321
20
108.268570208501
30
0
0
VERTEX
8
0
10
123.361866122405
20
108.370578782317
30
0
0
VERTEX
8
0
10
123.8913161916
20
108.473090502408
30
0
0
VERTEX
8
0
10
124.420766260795
20
108.568034472704
30
0
0
VERTEX
8
0
10
124.95021632999
20
108.661989643412
30
0
0
VERTEX
8
0
10
125.479666399184
20
108.752548148167
30
0
0
VERTEX
8
0
10
126.009116468379
20
108.839238901934
30
0
0
VERTEX
8
0
10
126.538566537574
20
108.925324217489
30
0
0
VERTEX
8
0
10
127.068016606769
20
109.005928405425
30
0
0
VERTEX
8
0
10
127.597466675964
20
109.083760939732
30
0
0
VERTEX
8
0
10
128.126916745159
20
109.160573403112
30
0
0
VERTEX
8
0
10
128.656366814354
20
109.231340603477
30
0
0
VERTEX
8
0
10
129.185816883549
20
109.299841164305
30
0
0
VERTEX
8
0
10
129.715266952743
20
109.365766818828
30
0
0
VERTEX
8
0
10
130.244717021938
20
109.427015866079
30
0
0
VERTEX
8
0
10
130.774167091133
20
109.488019491704
30
0
0
VERTEX
8
0
10
131.303617160328
20
109.543032482978
30
0
0
VERTEX
8
0
10
131.833067229523
20
109.595858236029
30
0
0
VERTEX
8
0
10
132.362517298718
20
109.646491847209
30
0
0
VERTEX
8
0
10
132.891967367913
20
109.69425905722
30
0
0
VERTEX
8
0
10
133.421417437108
20
109.734610734492
30
0
0
VERTEX
8
0
10
133.950867506302
20
109.776759415422
30
0
0
VERTEX
8
0
10
134.480317575497
20
109.810012306159
30
0
0
VERTEX
8
0
10
135.009767644692
20
109.846458213233
30
0
0
VERTEX
8
0
10
135.539217713887
20
109.87342064668
30
0
0
VERTEX
8
0
10
136.068667783082
20
109.901420321614
30
0
0
VERTEX
8
0
10
136.598117852277
20
109.923508852137
30
0
0
VERTEX
8
0
10
137.127567921472
20
109.943890012767
30
0
0
VERTEX
8
0
10
137.657017990667
20
109.957938024081
30
0
0
VERTEX
8
0
10
138.186468059861
20
109.972074819397
30
0
0
VERTEX
8
0
10
138.715918129056
20
109.978661419713
30
0
0
VERTEX
8
0
10
139.245368198251
20
109.986400584814
30
0
0
VERTEX
8
0
10
139.774818267446
20
109.986099520204
30
0
0
VERTEX
8
0
10
140.304268336641
20
109.985122761517
30
0
0
VERTEX
8
0
10
140.833718405836
20
109.978910479633
30
0
0
VERTEX
8
0
10
141.363168475031
20
109.969771632015
30
0
0
VERTEX
8
0
10
141.892618544226
20
109.955005841588
30
0
0
VERTEX
8
0
10
142.42206861342
20
109.938597403737
30
0
0
VERTEX
8
0
10
142.951518682615
20
109.915536988634
30
0
0
VERTEX
8
0
10
143.48096875181
20
109.891512031785
30
0
0
VERTEX
8
0
10
144.010418821005
20
109.860356212697
30
0
0
VERTEX
8
0
10
144.5398688902
20
109.826620065629
30
0
0
VERTEX
8
0
10
145.069318959395
20
109.787736631206
30
0
0
VERTEX
8
0
10
145.59876902859
20
109.744317657702
30
0
0
VERTEX
8
0
10
146.128219097785
20
109.695648517702
30
0
0
VERTEX
8
0
10
146.65766916698
20
109.642159189501
30
0
0
VERTEX
8
0
10
147.187119236174
20
109.582640541082
30
0
0
VERTEX
8
0
10
147.716569305369
20
109.51837014097
30
0
0
VERTEX
8
0
10
148.246019374564
20
109.446920407694
30
0
0
VERTEX
8
0
10
148.775469443759
20
109.368719504834
30
0
0
VERTEX
8
0
10
149.304919512954
20
109.28337640302
30
0
0
VERTEX
8
0
10
149.834369582149
20
109.188284978469
30
0
0
VERTEX
8
0
10
150.363819651344
20
109.083310342919
30
0
0
VERTEX
8
0
10
150.893269720539
20
108.967287364879
30
0
0
VERTEX
8
0
10
151.422719789733
20
108.842094937952
30
0
0
VERTEX
8
0
10
151.952169858928
20
108.71548046204
30
0
0
VERTEX
8
0
10
152.481619928123
20
108.593248827873
30
0
0
VERTEX
8
0
10
153.011069997318
20
108.47804821698
30
0
0
VERTEX
8
0
10
153.540520066513
20
108.36955185034
30
0
0
SEQEND
8
0
0
POLYLINE
8
0
62
4
70
0
10
0
20
0
30
0
0
VERTEX
8
0
10
12.7068016606769
20
26.5070445058738
30
0
0
VERTEX
8
0
10
13.2362517298717
20
27.3689970305228
30
0
0
VERTEX
8
0
10
13.7657017990666
20
28.2381171597277
30
0
0
VERTEX
8
0
10
14.2951518682615
20
29.077558563604
30
0
0
VERTEX
8
0
10
14.8246019374563
20
29.9275679917103
30
0
0
VERTEX
8
0
10
15.3540520066512
20
30.7552189170519
30
0
0
VERTEX
8
0
10
15.8835020758461
20
31.5712700272771
30
0
0
VERTEX
8
0
10
16.412952145041
20
32.3974938991492
30
0
0
VERTEX
8
0
10
16.9424022142358
20
33.2101873670244
30
0
0
VERTEX
8
0
10
17.4718522834307
20
34.0146337675202
30
0
0
VERTEX
8
0
10
18.0013023526256
20
34.7466573565559
30
0
0
VERTEX
8
0
10
18.5307524218204
20
35.4444591756085
30
0
0
VERTEX
8
0
10
19.0602024910153
20
36.1535875732122
30
0
0
VERTEX
8
0
10
19.5896525602102
20
36.8565369893722
30
0
0
VERTEX
8
0
10
20.119102629405
20
37.5508567767214
30
0
0
VERTEX
8
0
10
20.6485526985999
20
38.2393421885053
30
0
0
VERTEX
8
0
10
21.1780027677948
20
38.9099232338415
30
0
0
VERTEX
8
0
10
21.7074528369897
20
39.5770863046868
30
0
0
VERTEX
8
0
10
22.2369029061845
20
40.2580842286417
30
0
0
VERTEX
8
0
10
22.7663529753794
20
40.91553278362
30
0
0
VERTEX
8
0
10
23.2958030445743
20
41.5303823668821
30
0
0
VERTEX
8
0
10
23.8252531137691
20
42.1413814343549
30
0
0
VERTEX
8
0
10
24.354703182964
20
42.7432028110655
30
0
0
VERTEX
8
0
10
24.8841532521589
20
43.3604788239867
30
0
0
VERTEX
8
0
10
25.4136033213537
20
43.9606640307584
30
0
0
VERTEX
8
0
10
25.9430533905486
20
44.5460446113142
30
0
0
VERTEX
8
0
10
26.4725034597435
20
45.1440800366639
30
0
0
VERTEX
8
0
10
27.0019535289383
20
45.7209780758643
30
0
0
VERTEX
8
0
10
27.5314035981332
20
46.3028184960217
30
0
0
VERTEX
8
0
10
28.0608536673281
20
46.8829970086854
30
0
0
VERTEX
8
0
10
28.5903037365229
20
47.4504108196131
30
0
0
VERTEX
8
0
10
29.1197538057178
20
48.0373757083077
30
0
0
VERTEX
8
0
10
29.6492038749127
20
48.6064601853033
30
0
0
VERTEX
8
0
10
30.1786539441075
20
49.1748221330168
30
0
0
VERTEX
8
0
10
30.7081040133024
20
49.753663573804
30
0
0
VERTEX
8
0
10
31.2375540824973
20
50.3152575249414
30
0
0
VERTEX
8
0
10
31.7670041516921
20
50.8813060703976
30
0
0
VERTEX
8
0
10
32.296454220887
20
51.4500150814356
30
0
0
VERTEX
8
0
10
32.8259042900819
20
52.0019061640212
30
0
0
VERTEX
8
0
10
33.3553543592767
20
52.5762398051335
30
0
0
VERTEX
8
0
10
33.8848044284716
20
53.1049201212081
30
0
0
VERTEX
8
0
10
34.4142544976665
20
53.641703977826
30
0
0
VERTEX
8
0
10
34.9437045668613
20
54.1813602207358
30
0
0
VERTEX
8
0
10
35.4731546360562
20
54.7104728725493
30
0
0
VERTEX
8
0
10
36.0026047052511
20
55.2361417565487
30
0
0
VERTEX
8
0
10
36.5320547744459
20
55.7519718124809
30
0
0
VERTEX
8
0
10
37.0615048436408
20
56.2521593394693
30
0
0
VERTEX
8
0
10
37.5909549128357
20
56.7744622448998
30
0
0
VERTEX
8
0
10
38.1204049820306
20
57.273920164071
30
0
0
VERTEX
8
0
10
38.6498550512254
20
57.7803297182981
30
0
0
VERTEX
8
0
10
39.1793051204203
20
58.2849387575474
30
0
0
VERTEX
8
0
10
39.7087551896152
20
58.7824017903628
30
0
0
VERTEX
8
0
10
40.23820525881
20
59.2757755515479
30
0
0
VERTEX
8
0
10
40.7676553280049
20
59.7761933472515
30
0
0
VERTEX
8
0
10
41.2971053971998
20
60.2605031090127
30
0
0
VERTEX
8
0
10
41.8265554663946
20
60.7545411582409
30
0
0
VERTEX
8
0
10
42.3560055355895
20
61.2279876875894
30
0
0
VERTEX
8
0
10
42.8854556047844
20
61.7087171872098
30
0
0
VERTEX
8
0
10
43.4149056739792
20
62.1909656310588
30
0
0
VERTEX
8
0
10
43.9443557431741
20
62.6657375290345
30
0
0
VERTEX
8
0
10
44.473805812369
20
63.1355853901506
30
0
0
VERTEX
8
0
10
45.0032558815638
20
63.5998206811792
30
0
0
VERTEX
8
0
10
45.5327059507587
20
64.0560043013117
30
0
0
VERTEX
8
0
10
46.0621560199536
20
64.5264364770102
30
0
0
VERTEX
8
0
10
46.5916060891484
20
64.9826451290581
30
0
0
VERTEX
8
0
10
47.1210561583433
20
65.4324317829295
30
0
0
VERTEX
8
0
10
47.6505062275382
20
65.8769256566084
30
0
0
VERTEX
8
0
10
48.179956296733
20
66.3090619791317
30
0
0
VERTEX
8
0
10
48.7094063659279
20
66.7446153535952
30
0
0
VERTEX
8
0
10
49.2388564351228
20
67.1794865523336
30
0
0
VERTEX
8
0
10
49.7683065043176
20
67.6007589520599
30
0
0
VERTEX
8
0
10
50.2977565735125
20
68.0296249377159
30
0
0
VERTEX
8
0
10
50.8272066427074
20
68.4472653658616
30
0
0
VERTEX
8
0
10
51.3566567119022
20
68.8636211962368
30
0
0
VERTEX
8
0
10
51.8861067810971
20
69.289617991355
30
0
0
VERTEX
8
0
10
52.415556850292
20
69.6913700726102
30
0
0
VERTEX
8
0
10
52.9450069194868
20
70.0794486502392
30
0
0
VERTEX
8
0
10
53.4744569886817
20
70.468484720869
30
0
0
VERTEX
8
0
10
54.0039070578766
20
70.8526668579572
30
0
0
VERTEX
8
0
10
54.5333571270714
20
71.2469313051322
30
0
0
VERTEX
8
0
10
55.0628071962663
20
71.626429599378
30
0
0
VERTEX
8
0
10
55.5922572654612
20
72.0133334257033
30
0
0
VERTEX
8
0
10
56.1217073346561
20
72.4096621424988
30
0
0
VERTEX
8
0
10
56.6511574038509
20
72.7900636129151
30
0
0
VERTEX
8
0
10
57.1806074730458
20
73.1808673241484
30
0
0
VERTEX
8
0
10
57.7100575422407
20
73.5485853100444
30
0
0
VERTEX
8
0
10
58.2395076114355
20
73.9299842848252
30
0
0
VERTEX
8
0
10
58.7689576806304
20
74.3106458326851
30
0
0
VERTEX
8
0
10
59.2984077498253
20
74.6911187940532
30
0
0
VERTEX
8
0
10
59.8278578190201
20
75.0603224176198
30
0
0
VERTEX
8
0
10
60.357307888215
20
75.444731260669
30
0
0
VERTEX
8
0
10
60.8867579574099
20
75.8111493043459
30
0
0
VERTEX
8
0
10
61.4162080266047
20
76.1910077430445
30
0
0
VERTEX
8
0
10
61.9456580957996
20
76.5594374648782
30
0
0
VERTEX
8
0
10
62.4751081649945
20
76.9327781919638
30
0
0
VERTEX
8
0
10
63.0045582341893
20
77.2944823478259
30
0
0
VERTEX
8
0
10
63.5340083033842
20
77.6724010107002
30
0
0
VERTEX
8
0
10
64.0634583725791
20
78.0362761080764
30
0
0
VERTEX
8
0
10
64.5929084417739
20
78.4189360881886
30
0
0
VERTEX
8
0
10
65.1223585109688
20
78.778622239152
30
0
0
VERTEX
8
0
10
65.6518085801637
20
79.151247340284
30
0
0
VERTEX
8
0
10
66.1812586493585
20
79.5187044402237
30
0
0
VERTEX
8
0
10
66.7107087185534
20
79.8902747035162
30
0
0
VERTEX
8
0
10
67.2401587877483
20
80.2613533809481
30
0
0
VERTEX
8
0
10
67.7696088569431
20
80.6332200460554
30
0
0
VERTEX
8
0
10
68.299058926138
20
80.9834868571769
30
0
0
VERTEX
8
0
10
68.8285089953329
20
81.3617585206318
30
0
0
VERTEX
8
0
10
69.3579590645277
20
81.7160643801429
30
0
0
VERTEX
8
0
10
69.8874091337226
20
82.0844533529579
30
0
0
VERTEX
8
0
10
70.4168592029175
20
82.4456138412848
30
0
0
VERTEX
8
0
10
70.9463092721123
20
82.7977142884312
30
0
0
VERTEX
8
0
10
71.4757593413072
20
83.1640329893104
30
0
0
VERTEX
8
0
10
72.0052094105021
20
83.5218531929281
30
0
0
VERTEX
8
0
10
72.5346594796969
20
83.8773678064846
30
0
0
VERTEX
8
0
10
73.0641095488918
20
84.2416417990401
30
0
0
VERTEX
8
0
10
73.5935596180867
20
84.5886009657164
30
0
0
VERTEX
8
0
10
74.1230096872816
20
84.9480813812854
30
0
0
VERTEX
8
0
10
74.6524597564764
20
85.3045987143687
30
0
0
VERTEX
8
0
10
75.1819098256713
20
85.6569579961203
30
0
0
VERTEX
8
0
10
75.7113598948661
20
86.0180640054733
30
0
0
VERTEX
8
0
10
76.240809964061
20
86.3668315917524
30
0
0
VERTEX
8
0
10
76.7702600332559
20
86.7210006560077
30
0
0
VERTEX
8
0
10
77.2997101024508
20
87.0805902376004
30
0
0
VERTEX
8
0
10
77.8291601716456
20
87.4304695169445
30
0
0
VERTEX
8
0
10
78.3586102408405
20
87.782598641981
30
0
0
VERTEX
8
0
10
78.8880603100354
20
88.140062779236
30
0
0
VERTEX
8
0
10
79.4175103792302
20
88.485431493118
30
0
0
VERTEX
8
0
10
79.9469604484251
20
88.8417906060791
30
0
0
VERTEX
8
0
10
80.47641051762
20
89.1881555287379
30
0
0
VERTEX
8
0
10
81.0058605868148
20
89.5356851969072
30
0
0
VERTEX
8
0
10
81.5353106560097
20
89.8786092392512
30
0
0
VERTEX
8
0
10
82.0647607252046
20
90.1931208210972
30
0
0
VERTEX
8
0
10
82.5942107943994
20
90.5141434867252
30
0
0
VERTEX
8
0
10
83.1236608635943
20
90.8396848947343
30
0
0
VERTEX
8
0
10
83.6531109327892
20
91.1498565983471
30
0
0
VERTEX
8
0
10
84.182561001984
20
91.4802890531936
30
0
0
VERTEX
8
0
10
84.7120110711789
20
91.7874913096766
30
0
0
VERTEX
8
0
10
85.2414611403738
20
92.1046171743573
30
0
0
VERTEX
8
0
10
85.7709112095687
20
92.4162146858993
30
0
0
VERTEX
8
0
10
86.3003612787635
20
92.7283225676697
30
0
0
VERTEX
8
0
10
86.8298113479584
20
93.0414648762673
30
0
0
VERTEX
8
0
10
87.3592614171533
20
93.3484131830736
30
0
0
VERTEX
8
0
10
87.8887114863482
20
93.6432328629163
30
0
0
VERTEX
8
0
10
88.418161555543
20
93.9543542719254
30
0
0
VERTEX
8
0
10
88.9476116247379
20
94.2472552254715
30
0
0
VERTEX
8
0
10
89.4770616939328
20
94.5485405888512
30
0
0
VERTEX
8
0
10
90.0065117631277
20
94.8409269641843
30
0
0
VERTEX
8
0
10
90.5359618323225
20
95.1345302224321
30
0
0
VERTEX
8
0
10
91.0654119015174
20
95.4195385727999
30
0
0
VERTEX
8
0
10
91.5948619707123
20
95.712583847964
30
0
0
VERTEX
8
0
10
92.1243120399072
20
95.989982209128
30
0
0
VERTEX
8
0
10
92.653762109102
20
96.2909578641871
30
0
0
VERTEX
8
0
10
93.1832121782969
20
96.5728108552599
30
0
0
VERTEX
8
0
10
93.7126622474918
20
96.8625134676649
30
0
0
VERTEX
8
0
10
94.2421123166867
20
97.1466116260816
30
0
0
VERTEX
8
0
10
94.7715623858816
20
97.4312949804203
30
0
0
VERTEX
8
0
10
95.3010124550764
20
97.7146752389622
30
0
0
VERTEX
8
0
10
95.8304625242713
20
97.9976088594988
30
0
0
VERTEX
8
0
10
96.3599125934662
20
98.2742587607281
30
0
0
VERTEX
8
0
10
96.8893626626611
20
98.5574476650236
30
0
0
VERTEX
8
0
10
97.4188127318559
20
98.8115466732263
30
0
0
VERTEX
8
0
10
97.9482628010508
20
99.0731146928899
30
0
0
VERTEX
8
0
10
98.4777128702457
20
99.3360147800611
30
0
0
VERTEX
8
0
10
99.0071629394406
20
99.5917025284281
30
0
0
VERTEX
8
0
10
99.5366130086355
20
99.8476187905593
30
0
0
VERTEX
8
0
10
100.06606307783
20
100.120447596479
30
0
0
VERTEX
8
0
10
100.595513147025
20
100.384783948967
30
0
0
VERTEX
8
0
10
101.12496321622
20
100.653722730208
30
0
0
VERTEX
8
0
10
101.654413285415
20
100.916189823813
30
0
0
VERTEX
8
0
10
102.18386335461
20
101.176730256765
30
0
0
VERTEX
8
0
10
102.713313423805
20
101.417723207473
30
0
0
VERTEX
8
0
10
103.242763493
20
101.652067165089
30
0
0
VERTEX
8
0
10
103.772213562194
20
101.888529846423
30
0
0
VERTEX
8
0
10
104.301663631389
20
102.122384236736
30
0
0
VERTEX
8
0
10
104.831113700584
20
102.353501124413
30
0
0
VERTEX
8
0
10
105.360563769779
20
102.587075608741
30
0
0
VERTEX
8
0
10
105.890013838974
20
102.812316347302
30
0
0
VERTEX
8
0
10
106.419463908169
20
103.035295993353
30
0
0
VERTEX
8
0
10
106.948913977364
20
103.26247504078
30
0
0
VERTEX
8
0
10
107.478364046559
20
103.480848231527
30
0
0
VERTEX
8
0
10
108.007814115753
20
103.684144292883
30
0
0
VERTEX
8
0
10
108.537264184948
20
103.879049877055
30
0
0
VERTEX
8
0
10
109.066714254143
20
104.078930648948
30
0
0
VERTEX
8
0
10
109.596164323338
20
104.274286909625
30
0
0
VERTEX
8
0
10
110.125614392533
20
104.471760247004
30
0
0
VERTEX
8
0
10
110.655064461728
20
104.674361601304
30
0
0
VERTEX
8
0
10
111.184514530923
20
104.878657666833
30
0
0
VERTEX
8
0
10
111.713964600118
20
105.070506489179
30
0
0
VERTEX
8
0
10
112.243414669313
20
105.269793100319
30
0
0
VERTEX
8
0
10
112.772864738507
20
105.460134796289
30
0
0
VERTEX
8
0
10
113.302314807702
20
105.635182399921
30
0
0
VERTEX
8
0
10
113.831764876897
20
105.805757717325
30
0
0
VERTEX
8
0
10
114.361214946092
20
105.979300134794
30
0
0
VERTEX
8
0
10
114.890665015287
20
106.144314519429
30
0
0
VERTEX
8
0
10
115.420115084482
20
106.317737671146
30
0
0
VERTEX
8
0
10
115.949565153677
20
106.486929239356
30
0
0
VERTEX
8
0
10
116.479015222872
20
106.643577918639
30
0
0
VERTEX
8
0
10
117.008465292066
20
106.796712936259
30
0
0
VERTEX
8
0
10
117.537915361261
20
106.953051266103
30
0
0
VERTEX
8
0
10
118.067365430456
20
107.104981471695
30
0
0
VERTEX
8
0
10
118.596815499651
20
107.253731476808
30
0
0
VERTEX
8
0
10
119.126265568846
20
107.392485816105
30
0
0
VERTEX
8
0
10
119.655715638041
20
107.539341734356
30
0
0
VERTEX
8
0
10
120.185165707236
20
107.677077483413
30
0
0
VERTEX
8
0
10
120.714615776431
20
107.815915586856
30
0
0
VERTEX
8
0
10
121.244065845625
20
107.946994300796
30
0
0
VERTEX
8
0
10
121.77351591482
20
108.052050815037
30
0
0
VERTEX
8
0
10
122.302965984015
20
108.164772902116
30
0
0
VERTEX
8
0
10
122.83241605321
20
108.273986252922
30
0
0
VERTEX
8
0
10
123.361866122405
20
108.380687822351
30
0
0
VERTEX
8
0
10
123.8913161916
20
108.489844031911
30
0
0
VERTEX
8
0
10
124.420766260795
20
108.590179253449
30
0
0
VERTEX
8
0
10
124.95021632999
20
108.691239970597
30
0
0
VERTEX
8
0
10
125.479666399184
20
108.790236124782
30
0
0
VERTEX
8
0
10
126.009116468379
20
108.886463838944
30
0
0
VERTEX
8
0
10
126.538566537574
20
108.983612845919
30
0
0
VERTEX
8
0
10
127.068016606769
20
109.060648696815
30
0
0
VERTEX
8
0
10
127.597466675964
20
109.140827148093
30
0
0
VERTEX
8
0
10
128.126916745159
20
109.221005800804
30
0
0
VERTEX
8
0
10
128.656366814354
20
109.297133217879
30
0
0
VERTEX
8
0
10
129.185816883549
20
109.370861479815
30
0
0
VERTEX
8
0
10
129.715266952743
20
109.433934649034
30
0
0
VERTEX
8
0
10
130.244717021938
20
109.496567904712
30
0
0
VERTEX
8
0
10
130.774167091133
20
109.560403265384
30
0
0
VERTEX
8
0
10
131.303617160328
20
109.619807055406
30
0
0
VERTEX
8
0
10
131.833067229523
20
109.678265028322
30
0
0
VERTEX
8
0
10
132.362517298718
20
109.716330972544
30
0
0
VERTEX
8
0
10
132.891967367913
20
109.758818643076
30
0
0
VERTEX
8
0
10
133.421417437108
20
109.796462286286
30
0
0
VERTEX
8
0
10
133.950867506302
20
109.836128701439
30
0
0
VERTEX
8
0
10
134.480317575497
20
109.86719097129
30
0
0
VERTEX
8
0
10
135.009767644692
20
109.887498009193
30
0
0
VERTEX
8
0
10
135.539217713887
20
109.905735870817
30
0
0
VERTEX
8
0
10
136.068667783082
20
109.925646566495
30
0
0
VERTEX
8
0
10
136.598117852277
20
109.941896955828
30
0
0
VERTEX
8
0
10
137.127567921472
20
109.957843104439
30
0
0
VERTEX
8
0
10
137.657017990667
20
109.968557454041
30
0
0
VERTEX
8
0
10
138.186468059861
20
109.980840267754
30
0
0
VERTEX
8
0
10
138.715918129056
20
109.987876092376
30
0
0
VERTEX
8
0
10
139.245368198251
20
109.997432588167
30
0
0
VERTEX
8
0
10
139.774818267446
20
109.999013494645
30
0
0
VERTEX
8
0
10
140.304268336641
20
109.993485796001
30
0
0
VERTEX
8
0
10
140.833718405836
20
109.987629100488
30
0
0
VERTEX
8
0
10
141.363168475031
20
109.981011758015
30
0
0
VERTEX
8
0
10
141.892618544226
20
109.970969651126
30
0
0
VERTEX
8
0
10
142.42206861342
20
109.960133517495
30
0
0
VERTEX
8
0
10
142.951518682615
20
109.941151005099
30
0
0
VERTEX
8
0
10
143.48096875181
20
109.924888451918
30
0
0
VERTEX
8
0
10
144.010418821005
20
109.904198580873
30
0
0
VERTEX
8
0
10
144.5398688902
20
109.88346844921
30
0
0
VERTEX
8
0
10
145.069318959395
20
109.855576265218
30
0
0
VERTEX
8
0
10
145.59876902859
20
109.819230082694
30
0
0
VERTEX
8
0
10
146.128219097785
20
109.783567658637
30
0
0
VERTEX
8
0
10
146.65766916698
20
109.746469865924
30
0
0
VERTEX
8
0
10
147.187119236174
20
109.707128838531
30
0
0
VERTEX
8
0
10
147.716569305369
20
109.671922900946
30
0
0
VERTEX
8
0
10
148.246019374564
20
109.63150738887
30
0
0
VERTEX
8
0
10
148.775469443759
20
109.589509756784
30
0
0
VERTEX
8
0
10
149.304919512954
20
109.546336833494
30
0
0
VERTEX
8
0
10
149.834369582149
20
109.500800045632
30
0
0
VERTEX
8
0
10
150.363819651344
20
109.453507009063
30
0
0
VERTEX
8
0
10
150.893269720539
20
109.404315351321
30
0
0
VERTEX
8
0
10
151.422719789733
20
109.353520121085
30
0
0
VERTEX
8
0
10
151.952169858928
20
109.3022876514
30
0
0
VERTEX
8
0
10
152.481619928123
20
109.249967761159
30
0
0
VERTEX
8
0
10
153.011069997318
20
109.199105035054
30
0
0
VERTEX
8
0
10
153.540520066513
20
109.14799959815
30
0
0
SEQEND
8
0
0
POLYLINE
8
0
62
2
70
0
10
0
20
0
30
0
0
VERTEX
8
0
10
12.7068016606769
20
20.6825761864201
30
0
0
VERTEX
8
0
10
13.2362517298717
20
21.5647994483783
30
0
0
VERTEX
8
0
10
13.7657017990666
20
21.5567128738813
30
0
0
VERTEX
8
0
10
14.2951518682615
20
22.3067067713397
30
0
0
VERTEX
8
0
10
14.8246019374563
20
22.8204402129935
30
0
0
VERTEX
8
0
10
15.3540520066512
20
23.3213550466555
30
0
0
VERTEX
8
0
10
15.8835020758461
20
24.3283174963596
30
0
0
VERTEX
8
0
10
16.412952145041
20
24.167291804771
30
0
0
VERTEX
8
0
10
16.9424022142358
20
24.747735396616
30
0
0
VERTEX
8
0
10
17.4718522834307
20
25.3756855295625
30
0
0
VERTEX
8
0
10
18.0013023526256
20
25.5302047291966
30
0
0
VERTEX
8
0
10
18.5307524218204
20
26.0682374612337
30
0
0
VERTEX
8
0
10
19.0602024910153
20
26.4861819522853
30
0
0
VERTEX
8
0
10
19.5896525602102
20
26.8937319360586
30
0
0
VERTEX
8
0
10
20.119102629405
20
27.5995827517772
30
0
0
VERTEX
8
0
10
20.6485526985999
20
27.6121237886913
30
0
0
VERTEX
8
0
10
21.1780027677948
20
28.0550656631657
30
0
0
VERTEX
8
0
10
21.7074528369897
20
28.5293478761121
30
0
0
VERTEX
8
0
10
22.2369029061845
20
28.7211897889231
30
0
0
VERTEX
8
0
10
22.7663529753794
20
29.1299532084766
30
0
0
VERTEX
8
0
10
23.2958030445743
20
29.4700364185413
30
0
0
VERTEX
8
0
10
23.8252531137691
20
29.8015010447124
30
0
0
VERTEX
8
0
10
24.354703182964
20
30.3231809994503
30
0
0
VERTEX
8
0
10
24.8841532521589
20
30.3987658713431
30
0
0
VERTEX
8
0
10
25.4136033213537
20
30.7453786799334
30
0
0
VERTEX
8
0
10
25.9430533905486
20
31.1132531326088
30
0
0
VERTEX
8
0
10
26.4725034597435
20
31.2999027338951
30
0
0
VERTEX
8
0
10
27.0019535289383
20
31.6177215174525
30
0
0
VERTEX
8
0
10
27.5314035981332
20
31.893421130666
30
0
0
VERTEX
8
0
10
28.0608536673281
20
32.1619476368566
30
0
0
VERTEX
8
0
10
28.5903037365229
20
32.5586944463269
30
0
0
VERTEX
8
0
10
29.1197538057178
20
32.6519544782959
30
0
0
VERTEX
8
0
10
29.6492038749127
20
32.9256833405561
30
0
0
VERTEX
8
0
10
30.1786539441075
20
33.2143760178596
30
0
0
VERTEX
8
0
10
30.7081040133024
20
33.3809121289658
30
0
0
VERTEX
8
0
10
31.2375540824973
20
33.6301638880427
30
0
0
VERTEX
8
0
10
31.7670041516921
20
33.852526445024
30
0
0
VERTEX
8
0
10
32.296454220887
20
34.0689560103538
30
0
0
VERTEX
8
0
10
32.8259042900819
20
34.3755444437304
30
0
0
VERTEX
8
0
10
33.3553543592767
20
34.4670534951169
30
0
0
VERTEX
8
0
10
33.8848044284716
20
34.6838088757891
30
0
0
VERTEX
8
0
10
34.4142544976665
20
34.9115386753039
30
0
0
VERTEX
8
0
10
34.9437045668613
20
35.0540151531934
30
0
0
VERTEX
8
0
10
35.4731546360562
20
35.250075204196
30
0
0
VERTEX
8
0
10
36.0026047052511
20
35.428666496707
30
0
0
VERTEX
8
0
10
36.5320547744459
20
35.6024337103697
30
0
0
VERTEX
8
0
10
37.0615048436408
20
35.8418254498463
30
0
0
VERTEX
8
0
10
37.5909549128357
20
35.9239587222154
30
0
0
VERTEX
8
0
10
38.1204049820306
20
36.0959218445768
30
0
0
VERTEX
8
0
10
38.6498550512254
20
36.2763237124556
30
0
0
VERTEX
8
0
10
39.1793051204203
20
36.3957509543131
30
0
0
VERTEX
8
0
10
39.7087551896152
20
36.5504835834529
30
0
0
VERTEX
8
0
10
40.23820525881
20
36.6939431272893
30
0
0
VERTEX
8
0
10
40.7676553280049
20
36.8336053201008
30
0
0
VERTEX
8
0
10
41.2971053971998
20
37.0225056483669
30
0
0
VERTEX
8
0
10
41.8265554663946
20
37.0935855096261
30
0
0
VERTEX
8
0
10
42.3560055355895
20
37.2309226976248
30
0
0
VERTEX
8
0
10
42.8854556047844
20
37.3751170999518
30
0
0
VERTEX
8
0
10
43.4149056739792
20
37.4749965093761
30
0
0
VERTEX
8
0
10
43.9443557431741
20
37.5983780205982
30
0
0
VERTEX
8
0
10
44.473805812369
20
37.7147949996496
30
0
0
VERTEX
8
0
10
45.0032558815638
20
37.8283983452037
30
0
0
VERTEX
8
0
10
45.5327059507587
20
37.9800148668659
30
0
0
VERTEX
8
0
10
46.0621560199536
20
38.0416676660213
30
0
0
VERTEX
8
0
10
46.5916060891484
20
38.1534556159262
30
0
0
VERTEX
8
0
10
47.1210561583433
20
38.2711808287094
30
0
0
VERTEX
8
0
10
47.6505062275382
20
38.3564607862642
30
0
0
VERTEX
8
0
10
48.179956296733
20
38.4574978499047
30
0
0
VERTEX
8
0
10
48.7094063659279
20
38.5547500792968
30
0
0
VERTEX
8
0
10
49.2388564351228
20
38.6501766141019
30
0
0
VERTEX
8
0
10
49.7683065043176
20
38.775815167263
30
0
0
VERTEX
8
0
10
50.2977565735125
20
38.8318080360852
30
0
0
VERTEX
8
0
10
50.8272066427074
20
38.9267199786285
30
0
0
VERTEX
8
0
10
51.3566567119022
20
39.0271644880833
30
0
0
VERTEX
8
0
10
51.8861067810971
20
39.1039706813122
30
0
0
VERTEX
8
0
10
52.415556850292
20
39.191485877434
30
0
0
VERTEX
8
0
10
52.9450069194868
20
39.2777751982376
30
0
0
VERTEX
8
0
10
53.4744569886817
20
39.3633406804717
30
0
0
VERTEX
8
0
10
54.0039070578766
20
39.4737611444866
30
0
0
VERTEX
8
0
10
54.5333571270714
20
39.5299353525091
30
0
0
VERTEX
8
0
10
55.0628071962663
20
39.6173004636229
30
0
0
VERTEX
8
0
10
55.5922572654612
20
39.7103971841858
30
0
0
VERTEX
8
0
10
56.1217073346561
20
39.7869132319861
30
0
0
VERTEX
8
0
10
56.6511574038509
20
39.8712774660217
30
0
0
VERTEX
8
0
10
57.1806074730458
20
39.9571072410024
30
0
0
VERTEX
8
0
10
57.7100575422407
20
40.044149873532
30
0
0
VERTEX
8
0
10
58.2395076114355
20
40.1535352447823
30
0
0
VERTEX
8
0
10
58.7689576806304
20
40.2223563400524
30
0
0
VERTEX
8
0
10
59.2984077498253
20
40.3182074440299
30
0
0
VERTEX
8
0
10
59.8278578190201
20
40.4205052530519
30
0
0
VERTEX
8
0
10
60.357307888215
20
40.5113073326088
30
0
0
VERTEX
8
0
10
60.8867579574099
20
40.6070017274073
30
0
0
VERTEX
8
0
10
61.4162080266047
20
40.704519711072
30
0
0
VERTEX
8
0
10
61.9456580957996
20
40.8022819761317
30
0
0
VERTEX
8
0
10
62.4751081649945
20
40.9167478792305
30
0
0
VERTEX
8
0
10
63.0045582341893
20
40.9964887144383
30
0
0
VERTEX
8
0
10
63.5340083033842
20
41.0954765528569
30
0
0
VERTEX
8
0
10
64.0634583725791
20
41.1983267643061
30
0
0
VERTEX
8
0
10
64.5929084417739
20
41.2915611593707
30
0
0
VERTEX
8
0
10
65.1223585109688
20
41.3861707223174
30
0
0
VERTEX
8
0
10
65.6518085801637
20
41.4821049556412
30
0
0
VERTEX
8
0
10
66.1812586493585
20
41.5774464307269
30
0
0
VERTEX
8
0
10
66.7107087185534
20
41.6856069097535
30
0
0
VERTEX
8
0
10
67.2401587877483
20
41.7652274034947
30
0
0
VERTEX
8
0
10
67.7696088569431
20
41.8593203751264
30
0
0
VERTEX
8
0
10
68.299058926138
20
41.9561432817025
30
0
0
VERTEX
8
0
10
68.8285089953329
20
42.0454519697604
30
0
0
VERTEX
8
0
10
69.3579590645277
20
42.1339748516449
30
0
0
VERTEX
8
0
10
69.8874091337226
20
42.2237319014314
30
0
0
VERTEX
8
0
10
70.4168592029175
20
42.312537627854
30
0
0
VERTEX
8
0
10
70.9463092721123
20
42.4112753637734
30
0
0
VERTEX
8
0
10
71.4757593413072
20
42.486678832329
30
0
0
VERTEX
8
0
10
72.0052094105021
20
42.5729270891018
30
0
0
VERTEX
8
0
10
72.5346594796969
20
42.6611259381732
30
0
0
VERTEX
8
0
10
73.0641095488918
20
42.7435615254865
30
0
0
VERTEX
8
0
10
73.5935596180867
20
42.8237330813453
30
0
0
VERTEX
8
0
10
74.1230096872816
20
42.9050975429427
30
0
0
VERTEX
8
0
10
74.6524597564764
20
42.9853125161357
30
0
0
VERTEX
8
0
10
75.1819098256713
20
43.073195973769
30
0
0
VERTEX
8
0
10
75.7113598948661
20
43.1420241747783
30
0
0
VERTEX
8
0
10
76.240809964061
20
43.2188658664946
30
0
0
VERTEX
8
0
10
76.7702600332559
20
43.2970664463591
30
0
0
VERTEX
8
0
10
77.2997101024508
20
43.37090067899
30
0
0
VERTEX
8
0
10
77.8291601716456
20
43.4414547105139
30
0
0
VERTEX
8
0
10
78.3586102408405
20
43.5131478029771
30
0
0
VERTEX
8
0
10
78.8880603100354
20
43.5835706248389
30
0
0
VERTEX
8
0
10
79.4175103792302
20
43.6598547259464
30
0
0
VERTEX
8
0
10
79.9469604484251
20
43.7205816159047
30
0
0
VERTEX
8
0
10
80.47641051762
20
43.7870916300727
30
0
0
VERTEX
8
0
10
81.0058605868148
20
43.8544914577152
30
0
0
VERTEX
8
0
10
81.5353106560097
20
43.918618023226
30
0
0
VERTEX
8
0
10
82.0647607252046
20
43.9913803457409
30
0
0
VERTEX
8
0
10
82.5942107943994
20
44.0400095551312
30
0
0
VERTEX
8
0
10
83.1236608635943
20
44.0998878223663
30
0
0
VERTEX
8
0
10
83.6531109327892
20
44.1641713192184
30
0
0
VERTEX
8
0
10
84.182561001984
20
44.2157525154337
30
0
0
VERTEX
8
0
10
84.7120110711789
20
44.2713535623281
30
0
0
VERTEX
8
0
10
85.2414611403738
20
44.3274634261024
30
0
0
VERTEX
8
0
10
85.7709112095687
20
44.3811425478838
30
0
0
VERTEX
8
0
10
86.3003612787635
20
44.4304308014376
30
0
0
VERTEX
8
0
10
86.8298113479584
20
44.4806753230601
30
0
0
VERTEX
8
0
10
87.3592614171533
20
44.5295218349983
30
0
0
VERTEX
8
0
10
87.8887114863482
20
44.5815943872607
30
0
0
VERTEX
8
0
10
88.418161555543
20
44.623292794447
30
0
0
VERTEX
8
0
10
88.9476116247379
20
44.6676166015089
30
0
0
VERTEX
8
0
10
89.4770616939328
20
44.7121349578503
30
0
0
VERTEX
8
0
10
90.0065117631277
20
44.7548613629143
30
0
0
VERTEX
8
0
10
90.5359618323225
20
44.7929564695795
30
0
0
VERTEX
8
0
10
91.0654119015174
20
44.8318835028878
30
0
0
VERTEX
8
0
10
91.5948619707123
20
44.8693795137358
30
0
0
VERTEX
8
0
10
92.1243120399072
20
44.9091439767498
30
0
0
VERTEX
8
0
10
92.653762109102
20
44.9404310644495
30
0
0
VERTEX
8
0
10
93.1832121782969
20
44.973243383492
30
0
0
VERTEX
8
0
10
93.7126622474918
20
45.0059883501991
30
0
0
VERTEX
8
0
10
94.2421123166867
20
45.0374155602816
30
0
0
VERTEX
8
0
10
94.7715623858816
20
45.0641154599882
30
0
0
VERTEX
8
0
10
95.3010124550764
20
45.0915073368879
30
0
0
VERTEX
8
0
10
95.8304625242713
20
45.117447206298
30
0
0
VERTEX
8
0
10
96.3599125934662
20
45.1448772807895
30
0
0
VERTEX
8
0
10
96.8893626626611
20
45.1653728791629
30
0
0
VERTEX
8
0
10
97.4188127318559
20
45.1865301960276
30
0
0
VERTEX
8
0
10
97.9482628010508
20
45.2074004606625
30
0
0
VERTEX
8
0
10
98.4777128702457
20
45.2272947327311
30
0
0
VERTEX
8
0
10
99.0071629394406
20
45.2424758805279
30
0
0
VERTEX
8
0
10
99.5366130086355
20
45.2581982365928
30
0
0
VERTEX
8
0
10
100.06606307783
20
45.2724563309837
30
0
0
VERTEX
8
0
10
100.595513147025
20
45.2875728439735
30
0
0
VERTEX
8
0
10
101.12496321622
20
45.2970069090077
30
0
0
VERTEX
8
0
10
101.654413285415
20
45.3064307064226
30
0
0
VERTEX
8
0
10
102.18386335461
20
45.3153825478763
30
0
0
VERTEX
8
0
10
102.713313423805
20
45.3235940840475
30
0
0
VERTEX
8
0
10
103.242763493
20
45.3271906145119
30
0
0
VERTEX
8
0
10
103.772213562194
20
45.3311711007599
30
0
0
VERTEX
8
0
10
104.301663631389
20
45.3336818314317
30
0
0
VERTEX
8
0
10
104.831113700584
20
45.3365397802654
30
0
0
VERTEX
8
0
10
105.360563769779
20
45.3347278334404
30
0
0
VERTEX
8
0
10
105.890013838974
20
45.3323894854017
30
0
0
VERTEX
8
0
10
106.419463908169
20
45.3294236110277
30
0
0
VERTEX
8
0
10
106.948913977364
20
45.3258687121493
30
0
0
VERTEX
8
0
10
107.478364046559
20
45.317860506782
30
0
0
VERTEX
8
0
10
108.007814115753
20
45.310076394592
30
0
0
VERTEX
8
0
10
108.537264184948
20
45.3008227135944
30
0
0
VERTEX
8
0
10
109.066714254143
20
45.2915051306947
30
0
0
VERTEX
8
0
10
109.596164323338
20
45.2783329149302
30
0
0
VERTEX
8
0
10
110.125614392533
20
45.2642456283473
30
0
0
VERTEX
8
0
10
110.655064461728
20
45.2494005713081
30
0
0
VERTEX
8
0
10
111.184514530923
20
45.2340513352979
30
0
0
VERTEX
8
0
10
111.713964600118
20
45.2144582129469
30
0
0
VERTEX
8
0
10
112.243414669313
20
45.1949302182427
30
0
0
VERTEX
8
0
10
112.772864738507
20
45.1739381059605
30
0
0
VERTEX
8
0
10
113.302314807702
20
45.1525547563936
30
0
0
VERTEX
8
0
10
113.831764876897
20
45.1279696598616
30
0
0
VERTEX
8
0
10
114.361214946092
20
45.1021856102811
30
0
0
VERTEX
8
0
10
114.890665015287
20
45.0755360285169
30
0
0
VERTEX
8
0
10
115.420115084482
20
45.0484157826364
30
0
0
VERTEX
8
0
10
115.949565153677
20
45.0172964179802
30
0
0
VERTEX
8
0
10
116.479015222872
20
44.9860873965538
30
0
0
VERTEX
8
0
10
117.008465292066
20
44.9534251168426
30
0
0
VERTEX
8
0
10
117.537915361261
20
44.9201151372029
30
0
0
VERTEX
8
0
10
118.067365430456
20
44.884123122218
30
0
0
VERTEX
8
0
10
118.596815499651
20
44.8467349468845
30
0
0
VERTEX
8
0
10
119.126265568846
20
44.8083941171765
30
0
0
VERTEX
8
0
10
119.655715638041
20
44.7695777521288
30
0
0
VERTEX
8
0
10
120.185165707236
20
44.727032786294
30
0
0
VERTEX
8
0
10
120.714615776431
20
44.6842507934937
30
0
0
VERTEX
8
0
10
121.244065845625
20
44.6400324969003
30
0
0
VERTEX
8
0
10
121.77351591482
20
44.5949708033327
30
0
0
VERTEX
8
0
10
122.302965984015
20
44.5476383864218
30
0
0
VERTEX
8
0
10
122.83241605321
20
44.4987849013844
30
0
0
VERTEX
8
0
10
123.361866122405
20
44.4489113767516
30
0
0
VERTEX
8
0
10
123.8913161916
20
44.3985304626202
30
0
0
VERTEX
8
0
10
124.420766260795
20
44.3447099117842
30
0
0
VERTEX
8
0
10
124.95021632999
20
44.290515764831
30
0
0
VERTEX
8
0
10
125.479666399184
20
44.2349096542716
30
0
0
VERTEX
8
0
10
126.009116468379
20
44.1783175335021
30
0
0
VERTEX
8
0
10
126.538566537574
20
44.1197790314113
30
0
0
VERTEX
8
0
10
127.068016606769
20
44.0596556447154
30
0
0
VERTEX
8
0
10
127.597466675964
20
43.9984646423633
30
0
0
VERTEX
8
0
10
128.126916745159
20
43.9367178488223
30
0
0
VERTEX
8
0
10
128.656366814354
20
43.8718335223596
30
0
0
VERTEX
8
0
10
129.185816883549
20
43.8064536272107
30
0
0
VERTEX
8
0
10
129.715266952743
20
43.739695531841
30
0
0
VERTEX
8
0
10
130.244717021938
20
43.6718564407982
30
0
0
VERTEX
8
0
10
130.774167091133
20
43.6023273880239
30
0
0
VERTEX
8
0
10
131.303617160328
20
43.5312023420667
30
0
0
VERTEX
8
0
10
131.833067229523
20
43.4589831035753
30
0
0
VERTEX
8
0
10
132.362517298718
20
43.3861531728501
30
0
0
VERTEX
8
0
10
132.891967367913
20
43.3104975310972
30
0
0
VERTEX
8
0
10
133.421417437108
20
43.2342434887439
30
0
0
VERTEX
8
0
10
133.950867506302
20
43.1566574727524
30
0
0
VERTEX
8
0
10
134.480317575497
20
43.0779398621067
30
0
0
VERTEX
8
0
10
135.009767644692
20
42.9977383800671
30
0
0
VERTEX
8
0
10
135.539217713887
20
42.9159768345448
30
0
0
VERTEX
8
0
10
136.068667783082
20
42.8331181169667
30
0
0
VERTEX
8
0
10
136.598117852277
20
42.7495976243955
30
0
0
VERTEX
8
0
10
137.127567921472
20
42.6635715192019
30
0
0
VERTEX
8
0
10
137.657017990667
20
42.5768691003889
30
0
0
VERTEX
8
0
10
138.186468059861
20
42.4888978663072
30
0
0
VERTEX
8
0
10
138.715918129056
20
42.399788023009
30
0
0
VERTEX
8
0
10
139.245368198251
20
42.3093672089427
30
0
0
VERTEX
8
0
10
139.774818267446
20
42.2174665138097
30
0
0
VERTEX
8
0
10
140.304268336641
20
42.1244937886941
30
0
0
VERTEX
8
0
10
140.833718405836
20
42.0308234526724
30
0
0
VERTEX
8
0
10
141.363168475031
20
41.9349768008846
30
0
0
VERTEX
8
0
10
141.892618544226
20
41.8384085975292
30
0
0
VERTEX
8
0
10
142.42206861342
20
41.7406582792478
30
0
0
VERTEX
8
0
10
142.951518682615
20
41.6418081324693
30
0
0
VERTEX
8
0
10
143.48096875181
20
41.541804653853
30
0
0
VERTEX
8
0
10
144.010418821005
20
41.4404464108937
30
0
0
VERTEX
8
0
10
144.5398688902
20
41.3380767614789
30
0
0
VERTEX
8
0
10
145.069318959395
20
41.2350026742551
30
0
0
VERTEX
8
0
10
145.59876902859
20
41.1300949092808
30
0
0
VERTEX
8
0
10
146.128219097785
20
41.024463989255
30
0
0
VERTEX
8
0
10
146.65766916698
20
40.9177711892045
30
0
0
VERTEX
8
0
10
147.187119236174
20
40.8100695384475
30
0
0
VERTEX
8
0
10
147.716569305369
20
40.7013774494734
30
0
0
VERTEX
8
0
10
148.246019374564
20
40.5915060999036
30
0
0
VERTEX
8
0
10
148.775469443759
20
40.4807313031773
30
0
0
VERTEX
8
0
10
149.304919512954
20
40.3692923597071
30
0
0
VERTEX
8
0
10
149.834369582149
20
40.2563848438766
30
0
0
VERTEX
8
0
10
150.363819651344
20
40.1428125700232
30
0
0
VERTEX
8
0
10
150.893269720539
20
40.0283478798557
30
0
0
VERTEX
8
0
10
151.422719789733
20
39.9130304970787
30
0
0
VERTEX
8
0
10
151.952169858928
20
39.7969169966014
30
0
0
VERTEX
8
0
10
152.481619928123
20
39.6798631406055
30
0
0
VERTEX
8
0
10
153.011069997318
20
39.5620807650634
30
0
0
VERTEX
8
0
10
153.540520066513
20
39.4437479114286
30
0
0
SEQEND
8
0
0
POLYLINE
8
0
62
3
70
0
10
0
20
0
30
0
0
VERTEX
8
0
10
12.7068016606769
20
26.4102016905637
30
0
0
VERTEX
8
0
10
13.2362517298717
20
27.4698547111274
30
0
0
VERTEX
8
0
10
13.7657017990666
20
27.8472755110483
30
0
0
VERTEX
8
0
10
14.2951518682615
20
28.790060508672
30
0
0
VERTEX
8
0
10
14.8246019374563
20
29.5551288801475
30
0
0
VERTEX
8
0
10
15.3540520066512
20
30.3069457042696
30
0
0
VERTEX
8
0
10
15.8835020758461
20
31.4379763956384
30
0
0
VERTEX
8
0
10
16.412952145041
20
31.6855610838541
30
0
0
VERTEX
8
0
10
16.9424022142358
20
32.4837498734062
30
0
0
VERTEX
8
0
10
17.4718522834307
20
33.314764380144
30
0
0
VERTEX
8
0
10
18.0013023526256
20
33.7994295723307
30
0
0
VERTEX
8
0
10
18.5307524218204
20
34.5502088402125
30
0
0
VERTEX
8
0
10
19.0602024910153
20
35.2157151882674
30
0
0
VERTEX
8
0
10
19.5896525602102
20
35.8701846145151
30
0
0
VERTEX
8
0
10
20.119102629405
20
36.7375387075569
30
0
0
VERTEX
8
0
10
20.6485526985999
20
37.1015359892006
30
0
0
VERTEX
8
0
10
21.1780027677948
20
37.7686031970785
30
0
0
VERTEX
8
0
10
21.7074528369897
20
38.4558246095509
30
0
0
VERTEX
8
0
10
22.2369029061845
20
38.9469176169437
30
0
0
VERTEX
8
0
10
22.7663529753794
20
39.5746303374836
30
0
0
VERTEX
8
0
10
23.2958030445743
20
40.1570606804788
30
0
0
VERTEX
8
0
10
23.8252531137691
20
40.7301380799224
30
0
0
VERTEX
8
0
10
24.354703182964
20
41.4318530916911
30
0
0
VERTEX
8
0
10
24.8841532521589
20
41.8234584608866
30
0
0
VERTEX
8
0
10
25.4136033213537
20
42.3945723989401
30
0
0
VERTEX
8
0
10
25.9430533905486
20
42.9782431524509
30
0
0
VERTEX
8
0
10
26.4725034597435
20
43.4435408026328
30
0
0
VERTEX
8
0
10
27.0019535289383
20
43.9808513747335
30
0
0
VERTEX
8
0
10
27.5314035981332
20
44.4930434706441
30
0
0
VERTEX
8
0
10
28.0608536673281
20
44.9972918006225
30
0
0
VERTEX
8
0
10
28.5903037365229
20
45.5831118979508
30
0
0
VERTEX
8
0
10
29.1197538057178
20
45.9678142076061
30
0
0
VERTEX
8
0
10
29.6492038749127
20
46.4636683802728
30
0
0
VERTEX
8
0
10
30.1786539441075
20
46.9675287672649
30
0
0
VERTEX
8
0
10
30.7081040133024
20
47.3973074599641
30
0
0
VERTEX
8
0
10
31.2375540824973
20
47.8639226066779
30
0
0
VERTEX
8
0
10
31.7670041516921
20
48.316682865752
30
0
0
VERTEX
8
0
10
32.296454220887
20
48.7627312175837
30
0
0
VERTEX
8
0
10
32.8259042900819
20
49.2622442326474
30
0
0
VERTEX
8
0
10
33.3553543592767
20
49.6267183802942
30
0
0
VERTEX
8
0
10
33.8848044284716
20
50.0618451428823
30
0
0
VERTEX
8
0
10
34.4142544976665
20
50.5022420325648
30
0
0
VERTEX
8
0
10
34.9437045668613
20
50.8955344610753
30
0
0
VERTEX
8
0
10
35.4731546360562
20
51.3054454089853
30
0
0
VERTEX
8
0
10
36.0026047052511
20
51.7082773493129
30
0
0
VERTEX
8
0
10
36.5320547744459
20
52.1055060162594
30
0
0
VERTEX
8
0
10
37.0615048436408
20
52.5386168430101
30
0
0
VERTEX
8
0
10
37.5909549128357
20
52.8789407724771
30
0
0
VERTEX
8
0
10
38.1204049820306
20
53.2647544286909
30
0
0
VERTEX
8
0
10
38.6498550512254
20
53.6542147914149
30
0
0
VERTEX
8
0
10
39.1793051204203
20
54.0138489017381
30
0
0
VERTEX
8
0
10
39.7087551896152
20
54.3780999043245
30
0
0
VERTEX
8
0
10
40.23820525881
20
54.7395991328722
30
0
0
VERTEX
8
0
10
40.7676553280049
20
55.0965129204006
30
0
0
VERTEX
8
0
10
41.2971053971998
20
55.4779451081635
30
0
0
VERTEX
8
0
10
41.8265554663946
20
55.7947476085619
30
0
0
VERTEX
8
0
10
42.3560055355895
20
56.1408694561356
30
0
0
VERTEX
8
0
10
42.8854556047844
20
56.4897201183329
30
0
0
VERTEX
8
0
10
43.4149056739792
20
56.8202682631689
30
0
0
VERTEX
8
0
10
43.9443557431741
20
57.1481977935402
30
0
0
VERTEX
8
0
10
44.473805812369
20
57.4762928015386
30
0
0
VERTEX
8
0
10
45.0032558815638
20
57.8007524281091
30
0
0
VERTEX
8
0
10
45.5327059507587
20
58.142220556397
30
0
0
VERTEX
8
0
10
46.0621560199536
20
58.438473648693
30
0
0
VERTEX
8
0
10
46.5916060891484
20
58.7534055609251
30
0
0
VERTEX
8
0
10
47.1210561583433
20
59.0706140869357
30
0
0
VERTEX
8
0
10
47.6505062275382
20
59.3774865255641
30
0
0
VERTEX
8
0
10
48.179956296733
20
59.6773855579554
30
0
0
VERTEX
8
0
10
48.7094063659279
20
59.9795327713952
30
0
0
VERTEX
8
0
10
49.2388564351228
20
60.2789530856042
30
0
0
VERTEX
8
0
10
49.7683065043176
20
60.5903612116309
30
0
0
VERTEX
8
0
10
50.2977565735125
20
60.8703589909049
30
0
0
VERTEX
8
0
10
50.8272066427074
20
61.1619378800433
30
0
0
VERTEX
8
0
10
51.3566567119022
20
61.4556789242544
30
0
0
VERTEX
8
0
10
51.8861067810971
20
61.7448062685744
30
0
0
VERTEX
8
0
10
52.415556850292
20
62.0244287072429
30
0
0
VERTEX
8
0
10
52.9450069194868
20
62.3079156340727
30
0
0
VERTEX
8
0
10
53.4744569886817
20
62.5896058876208
30
0
0
VERTEX
8
0
10
54.0039070578766
20
62.8799769925386
30
0
0
VERTEX
8
0
10
54.5333571270714
20
63.1491118559741
30
0
0
VERTEX
8
0
10
55.0628071962663
20
63.4251569632034
30
0
0
VERTEX
8
0
10
55.5922572654612
20
63.7036156670329
30
0
0
VERTEX
8
0
10
56.1217073346561
20
63.9818847700177
30
0
0
VERTEX
8
0
10
56.6511574038509
20
64.2495014764674
30
0
0
VERTEX
8
0
10
57.1806074730458
20
64.5226200394746
30
0
0
VERTEX
8
0
10
57.7100575422407
20
64.7953284375962
30
0
0
VERTEX
8
0
10
58.2395076114355
20
65.0752634529458
30
0
0
VERTEX
8
0
10
58.7689576806304
20
65.3426665272451
30
0
0
VERTEX
8
0
10
59.2984077498253
20
65.6146050918838
30
0
0
VERTEX
8
0
10
59.8278578190201
20
65.8894304405142
30
0
0
VERTEX
8
0
10
60.357307888215
20
66.1670087310384
30
0
0
VERTEX
8
0
10
60.8867579574099
20
66.4325797481871
30
0
0
VERTEX
8
0
10
61.4162080266047
20
66.703637948267
30
0
0
VERTEX
8
0
10
61.9456580957996
20
66.9736413089515
30
0
0
VERTEX
8
0
10
62.4751081649945
20
67.2473653953325
30
0
0
VERTEX
8
0
10
63.0045582341893
20
67.5118763203251
30
0
0
VERTEX
8
0
10
63.5340083033842
20
67.7762647553284
30
0
0
VERTEX
8
0
10
64.0634583725791
20
68.041827233485
30
0
0
VERTEX
8
0
10
64.5929084417739
20
68.3108509129808
30
0
0
VERTEX
8
0
10
65.1223585109688
20
68.5661779873304
30
0
0
VERTEX
8
0
10
65.6518085801637
20
68.8263727162418
30
0
0
VERTEX
8
0
10
66.1812586493585
20
69.0849339045408
30
0
0
VERTEX
8
0
10
66.7107087185534
20
69.3449043246066
30
0
0
VERTEX
8
0
10
67.2401587877483
20
69.5990215791411
30
0
0
VERTEX
8
0
10
67.7696088569431
20
69.8503951040146
30
0
0
VERTEX
8
0
10
68.299058926138
20
70.1021769388902
30
0
0
VERTEX
8
0
10
68.8285089953329
20
70.3582160904465
30
0
0
VERTEX
8
0
10
69.3579590645277
20
70.599809605605
30
0
0
VERTEX
8
0
10
69.8874091337226
20
70.8459117625016
30
0
0
VERTEX
8
0
10
70.4168592029175
20
71.0901231889869
30
0
0
VERTEX
8
0
10
70.9463092721123
20
71.3341299014292
30
0
0
VERTEX
8
0
10
71.4757593413072
20
71.5749340225931
30
0
0
VERTEX
8
0
10
72.0052094105021
20
71.8111843557108
30
0
0
VERTEX
8
0
10
72.5346594796969
20
72.0473225011131
30
0
0
VERTEX
8
0
10
73.0641095488918
20
72.2882643864485
30
0
0
VERTEX
8
0
10
73.5935596180867
20
72.5144951180122
30
0
0
VERTEX
8
0
10
74.1230096872816
20
72.7449103270393
30
0
0
VERTEX
8
0
10
74.6524597564764
20
72.9732925780679
30
0
0
VERTEX
8
0
10
75.1819098256713
20
73.2002930207841
30
0
0
VERTEX
8
0
10
75.7113598948661
20
73.4261026103335
30
0
0
VERTEX
8
0
10
76.240809964061
20
73.6461061253045
30
0
0
VERTEX
8
0
10
76.7702600332559
20
73.8656110937548
30
0
0
VERTEX
8
0
10
77.2997101024508
20
74.0902277266745
30
0
0
VERTEX
8
0
10
77.8291601716456
20
74.3001927512397
30
0
0
VERTEX
8
0
10
78.3586102408405
20
74.5140148320675
30
0
0
VERTEX
8
0
10
78.8880603100354
20
74.7257210018605
30
0
0
VERTEX
8
0
10
79.4175103792302
20
74.9351848675496
30
0
0
VERTEX
8
0
10
79.9469604484251
20
75.144945962858
30
0
0
VERTEX
8
0
10
80.47641051762
20
75.3480633760464
30
0
0
VERTEX
8
0
10
81.0058605868148
20
75.5503850664736
30
0
0
VERTEX
8
0
10
81.5353106560097
20
75.7579284196004
30
0
0
VERTEX
8
0
10
82.0647607252046
20
75.9522816970205
30
0
0
VERTEX
8
0
10
82.5942107943994
20
76.1478161311046
30
0
0
VERTEX
8
0
10
83.1236608635943
20
76.3423567936102
30
0
0
VERTEX
8
0
10
83.6531109327892
20
76.534035455771
30
0
0
VERTEX
8
0
10
84.182561001984
20
76.7270781009815
30
0
0
VERTEX
8
0
10
84.7120110711789
20
76.9129567969288
30
0
0
VERTEX
8
0
10
85.2414611403738
20
77.0978075467404
30
0
0
VERTEX
8
0
10
85.7709112095687
20
77.2878319148646
30
0
0
VERTEX
8
0
10
86.3003612787635
20
77.4639602492904
30
0
0
VERTEX
8
0
10
86.8298113479584
20
77.6432612925232
30
0
0
VERTEX
8
0
10
87.3592614171533
20
77.8203766684596
30
0
0
VERTEX
8
0
10
87.8887114863482
20
77.9941979603338
30
0
0
VERTEX
8
0
10
88.418161555543
20
78.1701127546668
30
0
0
VERTEX
8
0
10
88.9476116247379
20
78.3385898453618
30
0
0
VERTEX
8
0
10
89.4770616939328
20
78.5058567204579
30
0
0
VERTEX
8
0
10
90.0065117631277
20
78.6781253690002
30
0
0
VERTEX
8
0
10
90.5359618323225
20
78.8370872662949
30
0
0
VERTEX
8
0
10
91.0654119015174
20
78.9988697501867
30
0
0
VERTEX
8
0
10
91.5948619707123
20
79.1584614190365
30
0
0
VERTEX
8
0
10
92.1243120399072
20
79.3144752980707
30
0
0
VERTEX
8
0
10
92.653762109102
20
79.4730429118306
30
0
0
VERTEX
8
0
10
93.1832121782969
20
79.6240922481901
30
0
0
VERTEX
8
0
10
93.7126622474918
20
79.7737890403393
30
0
0
VERTEX
8
0
10
94.2421123166867
20
79.928220379565
30
0
0
VERTEX
8
0
10
94.7715623858816
20
80.0700271409736
30
0
0
VERTEX
8
0
10
95.3010124550764
20
80.2143010354457
30
0
0
VERTEX
8
0
10
95.8304625242713
20
80.3563927519707
30
0
0
VERTEX
8
0
10
96.3599125934662
20
80.4947415642865
30
0
0
VERTEX
8
0
10
96.8893626626611
20
80.6358899365489
30
0
0
VERTEX
8
0
10
97.4188127318559
20
80.7695915857406
30
0
0
VERTEX
8
0
10
97.9482628010508
20
80.9018313313244
30
0
0
VERTEX
8
0
10
98.4777128702457
20
81.0384664662145
30
0
0
VERTEX
8
0
10
99.0071629394406
20
81.1632267057356
30
0
0
VERTEX
8
0
10
99.5366130086355
20
81.2901033440356
30
0
0
VERTEX
8
0
10
100.06606307783
20
81.4148179641103
30
0
0
VERTEX
8
0
10
100.595513147025
20
81.5357201060881
30
0
0
VERTEX
8
0
10
101.12496321622
20
81.6594978312158
30
0
0
VERTEX
8
0
10
101.654413285415
20
81.7760203856375
30
0
0
VERTEX
8
0
10
102.18386335461
20
81.8909996933818
30
0
0
VERTEX
8
0
10
102.713313423805
20
82.0099827662855
30
0
0
VERTEX
8
0
10
103.242763493
20
82.1178883485818
30
0
0
VERTEX
8
0
10
103.772213562194
20
82.2275661554875
30
0
0
VERTEX
8
0
10
104.301663631389
20
82.335112368367
30
0
0
VERTEX
8
0
10
104.831113700584
20
82.4388539807183
30
0
0
VERTEX
8
0
10
105.360563769779
20
82.5454140102751
30
0
0
VERTEX
8
0
10
105.890013838974
20
82.6450049198825
30
0
0
VERTEX
8
0
10
106.419463908169
20
82.7429957328294
30
0
0
VERTEX
8
0
10
106.948913977364
20
82.8445625825055
30
0
0
VERTEX
8
0
10
107.478364046559
20
82.9358813565678
30
0
0
VERTEX
8
0
10
108.007814115753
20
83.0286383823764
30
0
0
VERTEX
8
0
10
108.537264184948
20
83.1193039356956
30
0
0
VERTEX
8
0
10
109.066714254143
20
83.2062358709978
30
0
0
VERTEX
8
0
10
109.596164323338
20
83.2958262993746
30
0
0
VERTEX
8
0
10
110.125614392533
20
83.3788076654847
30
0
0
VERTEX
8
0
10
110.655064461728
20
83.4601541251394
30
0
0
VERTEX
8
0
10
111.184514530923
20
83.5446267860123
30
0
0
VERTEX
8
0
10
111.713964600118
20
83.6197000952044
30
0
0
VERTEX
8
0
10
112.243414669313
20
83.6958913975084
30
0
0
VERTEX
8
0
10
112.772864738507
20
83.7700409969789
30
0
0
VERTEX
8
0
10
113.302314807702
20
83.840579597899
30
0
0
VERTEX
8
0
10
113.831764876897
20
83.9135396844014
30
0
0
VERTEX
8
0
10
114.361214946092
20
83.9803081145267
30
0
0
VERTEX
8
0
10
114.890665015287
20
84.0454272609892
30
0
0
VERTEX
8
0
10
115.420115084482
20
84.1132129041074
30
0
0
VERTEX
8
0
10
115.949565153677
20
84.1724567753487
30
0
0
VERTEX
8
0
10
116.479015222872
20
84.2325155744848
30
0
0
VERTEX
8
0
10
117.008465292066
20
84.2905924648935
30
0
0
VERTEX
8
0
10
117.537915361261
20
84.3452234003681
30
0
0
VERTEX
8
0
10
118.067365430456
20
84.40198377771
30
0
0
VERTEX
8
0
10
118.596815499651
20
84.4530135618948
30
0
0
VERTEX
8
0
10
119.126265568846
20
84.5023992161353
30
0
0
VERTEX
8
0
10
119.655715638041
20
84.5539927714668
30
0
0
VERTEX
8
0
10
120.185165707236
20
84.5979022308528
30
0
0
VERTEX
8
0
10
120.714615776431
20
84.6423442960468
30
0
0
VERTEX
8
0
10
121.244065845625
20
84.6848750325245
30
0
0
VERTEX
8
0
10
121.77351591482
20
84.7241598717172
30
0
0
VERTEX
8
0
10
122.302965984015
20
84.7652463969466
30
0
0
VERTEX
8
0
10
122.83241605321
20
84.8010956852955
30
0
0
VERTEX
8
0
10
123.361866122405
20
84.8353252536368
30
0
0
VERTEX
8
0
10
123.8913161916
20
84.87131537389
30
0
0
VERTEX
8
0
10
124.420766260795
20
84.9004716986125
30
0
0
VERTEX
8
0
10
124.95021632999
20
84.9299027822416
30
0
0
VERTEX
8
0
10
125.479666399184
20
84.9575050477085
30
0
0
VERTEX
8
0
10
126.009116468379
20
84.9820905552893
30
0
0
VERTEX
8
0
10
126.538566537574
20
85.0081316224037
30
0
0
VERTEX
8
0
10
127.068016606769
20
85.029451590699
30
0
0
VERTEX
8
0
10
127.597466675964
20
85.0491958265685
30
0
0
VERTEX
8
0
10
128.126916745159
20
85.0702741729224
30
0
0
VERTEX
8
0
10
128.656366814354
20
85.0853551741206
30
0
0
VERTEX
8
0
10
129.185816883549
20
85.1004816004079
30
0
0
VERTEX
8
0
10
129.715266952743
20
85.1138752101777
30
0
0
VERTEX
8
0
10
130.244717021938
20
85.1245056060513
30
0
0
VERTEX
8
0
10
130.774167091133
20
85.1362430482832
30
0
0
VERTEX
8
0
10
131.303617160328
20
85.1437903130563
30
0
0
VERTEX
8
0
10
131.833067229523
20
85.1498263428491
30
0
0
VERTEX
8
0
10
132.362517298718
20
85.1568004692231
30
0
0
VERTEX
8
0
10
132.891967367913
20
85.1585941780908
30
0
0
VERTEX
8
0
10
133.421417437108
20
85.1602369799689
30
0
0
VERTEX
8
0
10
133.950867506302
20
85.1602585065227
30
0
0
VERTEX
8
0
10
134.480317575497
20
85.1577912144023
30
0
0
VERTEX
8
0
10
135.009767644692
20
85.1560952493484
30
0
0
VERTEX
8
0
10
135.539217713887
20
85.1507481028172
30
0
0
VERTEX
8
0
10
136.068667783082
20
85.1439763391816
30
0
0
VERTEX
8
0
10
136.598117852277
20
85.1377867955383
30
0
0
VERTEX
8
0
10
137.127567921472
20
85.1272092667322
30
0
0
VERTEX
8
0
10
137.657017990667
20
85.1163226247179
30
0
0
VERTEX
8
0
10
138.186468059861
20
85.1039444515964
30
0
0
VERTEX
8
0
10
138.715918129056
20
85.0893702424749
30
0
0
VERTEX
8
0
10
139.245368198251
20
85.0752593413445
30
0
0
VERTEX
8
0
10
139.774818267446
20
85.0580388093576
30
0
0
VERTEX
8
0
10
140.304268336641
20
85.0395048306624
30
0
0
VERTEX
8
0
10
140.833718405836
20
85.0212475998127
30
0
0
VERTEX
8
0
10
141.363168475031
20
84.999366060239
30
0
0
VERTEX
8
0
10
141.892618544226
20
84.9770613471252
30
0
0
VERTEX
8
0
10
142.42206861342
20
84.9534165475577
30
0
0
VERTEX
8
0
10
142.951518682615
20
84.9278856028258
30
0
0
VERTEX
8
0
10
143.48096875181
20
84.90255284757
30
0
0
VERTEX
8
0
10
144.010418821005
20
84.8746502938493
30
0
0
VERTEX
8
0
10
144.5398688902
20
84.8455735424814
30
0
0
VERTEX
8
0
10
145.069318959395
20
84.8165297673223
30
0
0
VERTEX
8
0
10
145.59876902859
20
84.7845932426706
30
0
0
VERTEX
8
0
10
146.128219097785
20
84.7521709587279
30
0
0
VERTEX
8
0
10
146.65766916698
20
84.7185864590366
30
0
0
VERTEX
8
0
10
147.187119236174
20
84.6834430295971
30
0
0
VERTEX
8
0
10
147.716569305369
20
84.6482917895554
30
0
0
VERTEX
8
0
10
148.246019374564
20
84.611106165305
30
0
0
VERTEX
8
0
10
148.775469443759
20
84.572918821674
30
0
0
VERTEX
8
0
10
149.304919512954
20
84.5345954325993
30
0
0
VERTEX
8
0
10
149.834369582149
20
84.4940767968858
30
0
0
VERTEX
8
0
10
150.363819651344
20
84.4530706757179
30
0
0
VERTEX
8
0
10
150.893269720539
20
84.4111133642726
30
0
0
VERTEX
8
0
10
151.422719789733
20
84.3679441307765
30
0
0
VERTEX
8
0
10
151.952169858928
20
84.3246385880828
30
0
0
VERTEX
8
0
10
152.481619928123
20
84.2798294163445
30
0
0
VERTEX
8
0
10
153.011069997318
20
84.2342321316094
30
0
0
VERTEX
8
0
10
153.540520066513
20
84.1884206938752
30
0
0
SEQEND
8
0
0
POLYLINE
8
0
62
4
70
0
10
0
20
0
30
0
0
VERTEX
8
0
10
12.7068016606769
20
25.5824692932425
30
0
0
VERTEX
8
0
10
13.2362517298717
20
26.3866526708496
30
0
0
VERTEX
8
0
10
13.7657017990666
20
27.2040832084945
30
0
0
VERTEX
8
0
10
14.2951518682615
20
27.9955683309
30
0
0
VERTEX
8
0
10
14.8246019374563
20
28.792477421999
30
0
0
VERTEX
8
0
10
15.3540520066512
20
29.5711442830918
30
0
0
VERTEX
8
0
10
15.8835020758461
20
30.3326673605694
30
0
0
VERTEX
8
0
10
16.412952145041
20
31.1098733659951
30
0
0
VERTEX
8
0
10
16.9424022142358
20
31.8672083792271
30
0
0
VERTEX
8
0
10
17.4718522834307
20
32.6212094596671
30
0
0
VERTEX
8
0
10
18.0013023526256
20
33.2937391007966
30
0
0
VERTEX
8
0
10
18.5307524218204
20
33.9355140048477
30
0
0
VERTEX
8
0
10
19.0602024910153
20
34.5829720256691
30
0
0
VERTEX
8
0
10
19.5896525602102
20
35.2271816723073
30
0
0
VERTEX
8
0
10
20.119102629405
20
35.8605130289875
30
0
0
VERTEX
8
0
10
20.6485526985999
20
36.4886787550766
30
0
0
VERTEX
8
0
10
21.1780027677948
20
37.0964731922005
30
0
0
VERTEX
8
0
10
21.7074528369897
20
37.7013637793355
30
0
0
VERTEX
8
0
10
22.2369029061845
20
38.3194470468959
30
0
0
VERTEX
8
0
10
22.7663529753794
20
38.9132333876849
30
0
0
VERTEX
8
0
10
23.2958030445743
20
39.4611287911714
30
0
0
VERTEX
8
0
10
23.8252531137691
20
40.0036768784326
30
0
0
VERTEX
8
0
10
24.354703182964
20
40.5358082463746
30
0
0
VERTEX
8
0
10
24.8841532521589
20
41.0840394339653
30
0
0
VERTEX
8
0
10
25.4136033213537
20
41.6136981986107
30
0
0
VERTEX
8
0
10
25.9430533905486
20
42.1272139656143
30
0
0
VERTEX
8
0
10
26.4725034597435
20
42.6531488770866
30
0
0
VERTEX
8
0
10
27.0019535289383
20
43.155965652533
30
0
0
VERTEX
8
0
10
27.5314035981332
20
43.6641013085975
30
0
0
VERTEX
8
0
10
28.0608536673281
20
44.169349043732
30
0
0
VERTEX
8
0
10
28.5903037365229
20
44.6614805218726
30
0
0
VERTEX
8
0
10
29.1197538057178
20
45.1690785927874
30
0
0
VERTEX
8
0
10
29.6492038749127
20
45.6587858297147
30
0
0
VERTEX
8
0
10
30.1786539441075
20
46.1458706230323
30
0
0
VERTEX
8
0
10
30.7081040133024
20
46.6452449920382
30
0
0
VERTEX
8
0
10
31.2375540824973
20
47.1240390250057
30
0
0
VERTEX
8
0
10
31.7670041516921
20
47.6078538479058
30
0
0
VERTEX
8
0
10
32.296454220887
20
48.088886563294
30
0
0
VERTEX
8
0
10
32.8259042900819
20
48.5601960705624
30
0
0
VERTEX
8
0
10
33.3553543592767
20
49.046369590984
30
0
0
VERTEX
8
0
10
33.8848044284716
20
49.4919754974284
30
0
0
VERTEX
8
0
10
34.4142544976665
20
49.9347952394562
30
0
0
VERTEX
8
0
10
34.9437045668613
20
50.3893695074902
30
0
0
VERTEX
8
0
10
35.4731546360562
20
50.8231992243913
30
0
0
VERTEX
8
0
10
36.0026047052511
20
51.261847643269
30
0
0
VERTEX
8
0
10
36.5320547744459
20
51.68038853679
30
0
0
VERTEX
8
0
10
37.0615048436408
20
52.0897341589834
30
0
0
VERTEX
8
0
10
37.5909549128357
20
52.5134580894964
30
0
0
VERTEX
8
0
10
38.1204049820306
20
52.9212049163808
30
0
0
VERTEX
8
0
10
38.6498550512254
20
53.3267744797459
30
0
0
VERTEX
8
0
10
39.1793051204203
20
53.739223976698
30
0
0
VERTEX
8
0
10
39.7087551896152
20
54.1321854561469
30
0
0
VERTEX
8
0
10
40.23820525881
20
54.5298433573506
30
0
0
VERTEX
8
0
10
40.7676553280049
20
54.9252778791116
30
0
0
VERTEX
8
0
10
41.2971053971998
20
55.3121872683068
30
0
0
VERTEX
8
0
10
41.8265554663946
20
55.6997332295062
30
0
0
VERTEX
8
0
10
42.3560055355895
20
56.072358891199
30
0
0
VERTEX
8
0
10
42.8854556047844
20
56.4430588511266
30
0
0
VERTEX
8
0
10
43.4149056739792
20
56.8246070329241
30
0
0
VERTEX
8
0
10
43.9443557431741
20
57.1878330286926
30
0
0
VERTEX
8
0
10
44.473805812369
20
57.551265675186
30
0
0
VERTEX
8
0
10
45.0032558815638
20
57.9128235622462
30
0
0
VERTEX
8
0
10
45.5327059507587
20
58.2664263272484
30
0
0
VERTEX
8
0
10
46.0621560199536
20
58.6333461256733
30
0
0
VERTEX
8
0
10
46.5916060891484
20
58.9860963325767
30
0
0
VERTEX
8
0
10
47.1210561583433
20
59.3298402743748
30
0
0
VERTEX
8
0
10
47.6505062275382
20
59.6842364588541
30
0
0
VERTEX
8
0
10
48.179956296733
20
60.0213866257323
30
0
0
VERTEX
8
0
10
48.7094063659279
20
60.3630477880147
30
0
0
VERTEX
8
0
10
49.2388564351228
20
60.7030079555584
30
0
0
VERTEX
8
0
10
49.7683065043176
20
61.0282261828805
30
0
0
VERTEX
8
0
10
50.2977565735125
20
61.3665839688355
30
0
0
VERTEX
8
0
10
50.8272066427074
20
61.6916008036875
30
0
0
VERTEX
8
0
10
51.3566567119022
20
62.0151572159552
30
0
0
VERTEX
8
0
10
51.8861067810971
20
62.3488724904211
30
0
0
VERTEX
8
0
10
52.415556850292
20
62.6560791364682
30
0
0
VERTEX
8
0
10
52.9450069194868
20
62.9681855064249
30
0
0
VERTEX
8
0
10
53.4744569886817
20
63.2788589011717
30
0
0
VERTEX
8
0
10
54.0039070578766
20
63.5825856217816
30
0
0
VERTEX
8
0
10
54.5333571270714
20
63.8988677087407
30
0
0
VERTEX
8
0
10
55.0628071962663
20
64.1966933294375
30
0
0
VERTEX
8
0
10
55.5922572654612
20
64.4935819798277
30
0
0
VERTEX
8
0
10
56.1217073346561
20
64.8004088367549
30
0
0
VERTEX
8
0
10
56.6511574038509
20
65.0918070521818
30
0
0
VERTEX
8
0
10
57.1806074730458
20
65.3876639164529
30
0
0
VERTEX
8
0
10
57.7100575422407
20
65.6691522906916
30
0
0
VERTEX
8
0
10
58.2395076114355
20
65.9448826175362
30
0
0
VERTEX
8
0
10
58.7689576806304
20
66.2329167783833
30
0
0
VERTEX
8
0
10
59.2984077498253
20
66.5089680660438
30
0
0
VERTEX
8
0
10
59.8278578190201
20
66.7839594112443
30
0
0
VERTEX
8
0
10
60.357307888215
20
67.0642356458266
30
0
0
VERTEX
8
0
10
60.8867579574099
20
67.329992844114
30
0
0
VERTEX
8
0
10
61.4162080266047
20
67.600072538553
30
0
0
VERTEX
8
0
10
61.9456580957996
20
67.868974683621
30
0
0
VERTEX
8
0
10
62.4751081649945
20
68.1315304844765
30
0
0
VERTEX
8
0
10
63.0045582341893
20
68.3926996698989
30
0
0
VERTEX
8
0
10
63.5340083033842
20
68.6431934998434
30
0
0
VERTEX
8
0
10
64.0634583725791
20
68.8925887484877
30
0
0
VERTEX
8
0
10
64.5929084417739
20
69.1512030989035
30
0
0
VERTEX
8
0
10
65.1223585109688
20
69.3955076574226
30
0
0
VERTEX
8
0
10
65.6518085801637
20
69.6424124834347
30
0
0
VERTEX
8
0
10
66.1812586493585
20
69.8882198240402
30
0
0
VERTEX
8
0
10
66.7107087185534
20
70.127847751986
30
0
0
VERTEX
8
0
10
67.2401587877483
20
70.3786917864723
30
0
0
VERTEX
8
0
10
67.7696088569431
20
70.6182621414977
30
0
0
VERTEX
8
0
10
68.299058926138
20
70.8449739044154
30
0
0
VERTEX
8
0
10
68.8285089953329
20
71.0814519095905
30
0
0
VERTEX
8
0
10
69.3579590645277
20
71.3041632892105
30
0
0
VERTEX
8
0
10
69.8874091337226
20
71.5306733144143
30
0
0
VERTEX
8
0
10
70.4168592029175
20
71.7559364278531
30
0
0
VERTEX
8
0
10
70.9463092721123
20
71.9679082369316
30
0
0
VERTEX
8
0
10
71.4757593413072
20
72.191236449275
30
0
0
VERTEX
8
0
10
72.0052094105021
20
72.4037383979254
30
0
0
VERTEX
8
0
10
72.5346594796969
20
72.6150592764185
30
0
0
VERTEX
8
0
10
73.0641095488918
20
72.8346080262348
30
0
0
VERTEX
8
0
10
73.5935596180867
20
73.035117249671
30
0
0
VERTEX
8
0
10
74.1230096872816
20
73.2397680919923
30
0
0
VERTEX
8
0
10
74.6524597564764
20
73.4431553204871
30
0
0
VERTEX
8
0
10
75.1819098256713
20
73.6407644475917
30
0
0
VERTEX
8
0
10
75.7113598948661
20
73.8484100601113
30
0
0
VERTEX
8
0
10
76.240809964061
20
74.0412945811159
30
0
0
VERTEX
8
0
10
76.7702600332559
20
74.2334604847678
30
0
0
VERTEX
8
0
10
77.2997101024508
20
74.4333425224544
30
0
0
VERTEX
8
0
10
77.8291601716456
20
74.6206272434988
30
0
0
VERTEX
8
0
10
78.3586102408405
20
74.8111594242356
30
0
0
VERTEX
8
0
10
78.8880603100354
20
75.0062210790964
30
0
0
VERTEX
8
0
10
79.4175103792302
20
75.1950027668141
30
0
0
VERTEX
8
0
10
79.9469604484251
20
75.3931594824382
30
0
0
VERTEX
8
0
10
80.47641051762
20
75.5813798915065
30
0
0
VERTEX
8
0
10
81.0058605868148
20
75.7683331841078
30
0
0
VERTEX
8
0
10
81.5353106560097
20
75.9522244420793
30
0
0
VERTEX
8
0
10
82.0647607252046
20
76.1193254785719
30
0
0
VERTEX
8
0
10
82.5942107943994
20
76.3016085678299
30
0
0
VERTEX
8
0
10
83.1236608635943
20
76.476457621894
30
0
0
VERTEX
8
0
10
83.6531109327892
20
76.6459678791945
30
0
0
VERTEX
8
0
10
84.182561001984
20
76.827127540382
30
0
0
VERTEX
8
0
10
84.7120110711789
20
76.9984672499533
30
0
0
VERTEX
8
0
10
85.2414611403738
20
77.1685270627426
30
0
0
VERTEX
8
0
10
85.7709112095687
20
77.3451908548139
30
0
0
VERTEX
8
0
10
86.3003612787635
20
77.5105217088166
30
0
0
VERTEX
8
0
10
86.8298113479584
20
77.6901780841264
30
0
0
VERTEX
8
0
10
87.3592614171533
20
77.8668057853743
30
0
0
VERTEX
8
0
10
87.8887114863482
20
78.0382997363215
30
0
0
VERTEX
8
0
10
88.418161555543
20
78.2178106151016
30
0
0
VERTEX
8
0
10
88.9476116247379
20
78.3883837167439
30
0
0
VERTEX
8
0
10
89.4770616939328
20
78.5576320587573
30
0
0
VERTEX
8
0
10
90.0065117631277
20
78.7328931357405
30
0
0
VERTEX
8
0
10
90.5359618323225
20
78.897479734008
30
0
0
VERTEX
8
0
10
91.0654119015174
20
79.0644007222233
30
0
0
VERTEX
8
0
10
91.5948619707123
20
79.2299320286793
30
0
0
VERTEX
8
0
10
92.1243120399072
20
79.3891256549608
30
0
0
VERTEX
8
0
10
92.653762109102
20
79.5558804250994
30
0
0
VERTEX
8
0
10
93.1832121782969
20
79.7142457601043
30
0
0
VERTEX
8
0
10
93.7126622474918
20
79.8712827165519
30
0
0
VERTEX
8
0
10
94.2421123166867
20
80.033774376104
30
0
0
VERTEX
8
0
10
94.7715623858816
20
80.1862983494166
30
0
0
VERTEX
8
0
10
95.3010124550764
20
80.3408752807951
30
0
0
VERTEX
8
0
10
95.8304625242713
20
80.4940662285854
30
0
0
VERTEX
8
0
10
96.3599125934662
20
80.6426641052549
30
0
0
VERTEX
8
0
10
96.8893626626611
20
80.7979131373878
30
0
0
VERTEX
8
0
10
97.4188127318559
20
80.9202222619915
30
0
0
VERTEX
8
0
10
97.9482628010508
20
81.0454827409537
30
0
0
VERTEX
8
0
10
98.4777128702457
20
81.175692709454
30
0
0
VERTEX
8
0
10
99.0071629394406
20
81.2966871346731
30
0
0
VERTEX
8
0
10
99.5366130086355
20
81.4195032266082
30
0
0
VERTEX
8
0
10
100.06606307783
20
81.5631739317318
30
0
0
VERTEX
8
0
10
100.595513147025
20
81.6986415984028
30
0
0
VERTEX
8
0
10
101.12496321622
20
81.8400966595188
30
0
0
VERTEX
8
0
10
101.654413285415
20
81.9742825360288
30
0
0
VERTEX
8
0
10
102.18386335461
20
82.1071556962186
30
0
0
VERTEX
8
0
10
102.713313423805
20
82.2161722710744
30
0
0
VERTEX
8
0
10
103.242763493
20
82.321827409879
30
0
0
VERTEX
8
0
10
103.772213562194
20
82.4290449584656
30
0
0
VERTEX
8
0
10
104.301663631389
20
82.534949631015
30
0
0
VERTEX
8
0
10
104.831113700584
20
82.6368725006135
30
0
0
VERTEX
8
0
10
105.360563769779
20
82.7441702881336
30
0
0
VERTEX
8
0
10
105.890013838974
20
82.8448018407147
30
0
0
VERTEX
8
0
10
106.419463908169
20
82.9441775425562
30
0
0
VERTEX
8
0
10
106.948913977364
20
83.0474386435351
30
0
0
VERTEX
8
0
10
107.478364046559
20
83.142900032141
30
0
0
VERTEX
8
0
10
108.007814115753
20
83.2143255247988
30
0
0
VERTEX
8
0
10
108.537264184948
20
83.2894609722118
30
0
0
VERTEX
8
0
10
109.066714254143
20
83.3609508799679
30
0
0
VERTEX
8
0
10
109.596164323338
20
83.4372315641005
30
0
0
VERTEX
8
0
10
110.125614392533
20
83.5074502368794
30
0
0
VERTEX
8
0
10
110.655064461728
20
83.5943678928016
30
0
0
VERTEX
8
0
10
111.184514530923
20
83.6810610814701
30
0
0
VERTEX
8
0
10
111.713964600118
20
83.7606555660926
30
0
0
VERTEX
8
0
10
112.243414669313
20
83.8413195026553
30
0
0
VERTEX
8
0
10
112.772864738507
20
83.9207220440181
30
0
0
VERTEX
8
0
10
113.302314807702
20
83.9728237632552
30
0
0
VERTEX
8
0
10
113.831764876897
20
84.0340842894769
30
0
0
VERTEX
8
0
10
114.361214946092
20
84.0898408087753
30
0
0
VERTEX
8
0
10
114.890665015287
20
84.1444468281297
30
0
0
VERTEX
8
0
10
115.420115084482
20
84.2019999010768
30
0
0
VERTEX
8
0
10
115.949565153677
20
84.2636383906081
30
0
0
VERTEX
8
0
10
116.479015222872
20
84.3238906681775
30
0
0
VERTEX
8
0
10
117.008465292066
20
84.3829366842581
30
0
0
VERTEX
8
0
10
117.537915361261
20
84.4388822396119
30
0
0
VERTEX
8
0
10
118.067365430456
20
84.4983757865115
30
0
0
VERTEX
8
0
10
118.596815499651
20
84.546898004027
30
0
0
VERTEX
8
0
10
119.126265568846
20
84.5956096284809
30
0
0
VERTEX
8
0
10
119.655715638041
20
84.6467799639713
30
0
0
VERTEX
8
0
10
120.185165707236
20
84.6922448200608
30
0
0
VERTEX
8
0
10
120.714615776431
20
84.7383619449803
30
0
0
VERTEX
8
0
10
121.244065845625
20
84.7773362709311
30
0
0
VERTEX
8
0
10
121.77351591482
20
84.8148808716902
30
0
0
VERTEX
8
0
10
122.302965984015
20
84.8554223114558
30
0
0
VERTEX
8
0
10
122.83241605321
20
84.8915307694037
30
0
0
VERTEX
8
0
10
123.361866122405
20
84.9265540353912
30
0
0
VERTEX
8
0
10
123.8913161916
20
84.9650953458721
30
0
0
VERTEX
8
0
10
124.420766260795
20
84.9982479168875
30
0
0
VERTEX
8
0
10
124.95021632999
20
85.0318573124964
30
0
0
VERTEX
8
0
10
125.479666399184
20
85.0643615911279
30
0
0
VERTEX
8
0
10
126.009116468379
20
85.0943499617923
30
0
0
VERTEX
8
0
10
126.538566537574
20
85.1267843635568
30
0
0
VERTEX
8
0
10
127.068016606769
20
85.1553047676672
30
0
0
VERTEX
8
0
10
127.597466675964
20
85.1827814514781
30
0
0
VERTEX
8
0
10
128.126916745159
20
85.211853124642
30
0
0
VERTEX
8
0
10
128.656366814354
20
85.2365282590346
30
0
0
VERTEX
8
0
10
129.185816883549
20
85.2599740021321
30
0
0
VERTEX
8
0
10
129.715266952743
20
85.2827395392712
30
0
0
VERTEX
8
0
10
130.244717021938
20
85.3032719772176
30
0
0
VERTEX
8
0
10
130.774167091133
20
85.3257421859748
30
0
0
VERTEX
8
0
10
131.303617160328
20
85.3448122874223
30
0
0
VERTEX
8
0
10
131.833067229523
20
85.3628962377857
30
0
0
VERTEX
8
0
10
132.362517298718
20
85.3821887408911
30
0
0
VERTEX
8
0
10
132.891967367913
20
85.3977095916634
30
0
0
VERTEX
8
0
10
133.421417437108
20
85.4133401743085
30
0
0
VERTEX
8
0
10
133.950867506302
20
85.4279836424043
30
0
0
VERTEX
8
0
10
134.480317575497
20
85.4376627261828
30
0
0
VERTEX
8
0
10
135.009767644692
20
85.4495918071436
30
0
0
VERTEX
8
0
10
135.539217713887
20
85.4586216070387
30
0
0
VERTEX
8
0
10
136.068667783082
20
85.4667354180313
30
0
0
VERTEX
8
0
10
136.598117852277
20
85.4757117896809
30
0
0
VERTEX
8
0
10
137.127567921472
20
85.4815190040397
30
0
0
VERTEX
8
0
10
137.657017990667
20
85.4873018423842
30
0
0
VERTEX
8
0
10
138.186468059861
20
85.4921757885308
30
0
0
VERTEX
8
0
10
138.715918129056
20
85.4953719972189
30
0
0
VERTEX
8
0
10
139.245368198251
20
85.4996196596619
30
0
0
VERTEX
8
0
10
139.774818267446
20
85.4984266631883
30
0
0
VERTEX
8
0
10
140.304268336641
20
85.4972108814334
30
0
0
VERTEX
8
0
10
140.833718405836
20
85.4965539614041
30
0
0
VERTEX
8
0
10
141.363168475031
20
85.4933002229446
30
0
0
VERTEX
8
0
10
141.892618544226
20
85.4899147966605
30
0
0
VERTEX
8
0
10
142.42206861342
20
85.4841991139064
30
0
0
VERTEX
8
0
10
142.951518682615
20
85.4774959268237
30
0
0
VERTEX
8
0
10
143.48096875181
20
85.4714837279705
30
0
0
VERTEX
8
0
10
144.010418821005
20
85.4635071915966
30
0
0
VERTEX
8
0
10
144.5398688902
20
85.4547830170498
30
0
0
VERTEX
8
0
10
145.069318959395
20
85.4403114397735
30
0
0
VERTEX
8
0
10
145.59876902859
20
85.4254868192689
30
0
0
VERTEX
8
0
10
146.128219097785
20
85.4104618361899
30
0
0
VERTEX
8
0
10
146.65766916698
20
85.394725457212
30
0
0
VERTEX
8
0
10
147.187119236174
20
85.3778558446415
30
0
0
VERTEX
8
0
10
147.716569305369
20
85.3689438134948
30
0
0
VERTEX
8
0
10
148.246019374564
20
85.3563230953156
30
0
0
VERTEX
8
0
10
148.775469443759
20
85.3430489840775
30
0
0
VERTEX
8
0
10
149.304919512954
20
85.3298633939966
30
0
0
VERTEX
8
0
10
149.834369582149
20
85.3151041300139
30
0
0
VERTEX
8
0
10
150.363819651344
20
85.3000801915685
30
0
0
VERTEX
8
0
10
150.893269720539
20
85.2844373812376
30
0
0
VERTEX
8
0
10
151.422719789733
20
85.2678965944892
30
0
0
VERTEX
8
0
10
151.952169858928
20
85.2514931975868
30
0
0
VERTEX
8
0
10
152.481619928123
20
85.2339393573882
30
0
0
VERTEX
8
0
10
153.011069997318
20
85.2179381475753
30
0
0
VERTEX
8
0
10
153.540520066513
20
85.2012500543592
30
0
0
SEQEND
8
0
0
POLYLINE
8
0
62
2
70
0
10
0
20
0
30
0
0
VERTEX
8
0
10
12.7068016606769
20
0
30
0
0
VERTEX
8
0
10
13.2362517298717
20
2.47098980725857
30
0
0
VERTEX
8
0
10
13.7657017990666
20
0.824972825879961
30
0
0
VERTEX
8
0
10
14.2951518682615
20
2.73204778800829
30
0
0
VERTEX
8
0
10
14.8246019374563
20
1.47293941821749
30
0
0
VERTEX
8
0
10
15.3540520066512
20
3.01187547107086
30
0
0
VERTEX
8
0
10
15.8835020758461
20
1.97589597766661
30
0
0
VERTEX
8
0
10
16.412952145041
20
3.30709738783634
30
0
0
VERTEX
8
0
10
16.9424022142358
20
2.42799436084713
30
0
0
VERTEX
8
0
10
17.4718522834307
20
3.61510018168958
30
0
0
VERTEX
8
0
10
18.0013023526256
20
2.85519975560387
30
0
0
VERTEX
8
0
10
18.5307524218204
20
3.9338628743913
30
0
0
VERTEX
8
0
10
19.0602024910153
20
3.26861818930467
30
0
0
VERTEX
8
0
10
19.5896525602102
20
3.55914105241081
30
0
0
VERTEX
8
0
10
20.119102629405
20
3.67397436074557
30
0
0
VERTEX
8
0
10
20.6485526985999
20
3.93831535817542
30
0
0
VERTEX
8
0
10
21.1780027677948
20
4.07454753092272
30
0
0
VERTEX
8
0
10
21.7074528369897
20
4.31817775843127
30
0
0
VERTEX
8
0
10
22.2369029061845
20
4.47234601367223
30
0
0
VERTEX
8
0
10
22.7663529753794
20
4.69918852329924
30
0
0
VERTEX
8
0
10
23.2958030445743
20
4.86865570817916
30
0
0
VERTEX
8
0
10
23.8252531137691
20
5.08162408928943
30
0
0
VERTEX
8
0
10
24.354703182964
20
5.26432471896432
30
0
0
VERTEX
8
0
10
24.8841532521589
20
5.46564366874022
30
0
0
VERTEX
8
0
10
25.4136033213537
20
5.6599227952169
30
0
0
VERTEX
8
0
10
25.9430533905486
20
5.85132970613503
30
0
0
VERTEX
8
0
10
26.4725034597435
20
6.05583601371114
30
0
0
VERTEX
8
0
10
27.0019535289383
20
6.23871338365548
30
0
0
VERTEX
8
0
10
27.5314035981332
20
6.45232565103327
30
0
0
VERTEX
8
0
10
28.0608536673281
20
6.62779119364592
30
0
0
VERTEX
8
0
10
28.5903037365229
20
6.84956617476304
30
0
0
VERTEX
8
0
10
29.1197538057178
20
7.01853597800259
30
0
0
VERTEX
8
0
10
29.6492038749127
20
7.24767052036236
30
0
0
VERTEX
8
0
10
30.1786539441075
20
7.41090443245168
30
0
0
VERTEX
8
0
10
30.7081040133024
20
7.6467073459301
30
0
0
VERTEX
8
0
10
31.2375540824973
20
7.80484229521989
30
0
0
VERTEX
8
0
10
31.7670041516921
20
8.04671306831496
30
0
0
VERTEX
8
0
10
32.296454220887
20
8.2076692795351
30
0
0
VERTEX
8
0
10
32.8259042900819
20
8.4477004175606
30
0
0
VERTEX
8
0
10
33.3553543592767
20
8.60014531366194
30
0
0
VERTEX
8
0
10
33.8848044284716
20
8.84966461493799
30
0
0
VERTEX
8
0
10
34.4142544976665
20
8.99500976354297
30
0
0
VERTEX
8
0
10
34.9437045668613
20
9.25258789870971
30
0
0
VERTEX
8
0
10
35.4731546360562
20
9.39201301101872
30
0
0
VERTEX
8
0
10
36.0026047052511
20
9.6564428806741
30
0
0
VERTEX
8
0
10
36.5320547744459
20
9.79093856203728
30
0
0
VERTEX
8
0
10
37.0615048436408
20
10.0611950640386
30
0
0
VERTEX
8
0
10
37.5909549128357
20
10.1915966875219
30
0
0
VERTEX
8
0
10
38.1204049820306
20
10.4668047515054
30
0
0
VERTEX
8
0
10
38.6498550512254
20
10.5938195034181
30
0
0
VERTEX
8
0
10
39.1793051204203
20
10.8732285054374
30
0
0
VERTEX
8
0
10
39.7087551896152
20
10.9974571346996
30
0
0
VERTEX
8
0
10
40.23820525881
20
11.2804202757913
30
0
0
VERTEX
8
0
10
40.7676553280049
20
11.4023747029405
30
0
0
VERTEX
8
0
10
41.2971053971998
20
11.6883322801612
30
0
0
VERTEX
8
0
10
41.8265554663946
20
11.8084499449773
30
0
0
VERTEX
8
0
10
42.3560055355895
20
12.0969156978979
30
0
0
VERTEX
8
0
10
42.8854556047844
20
12.2155713206212
30
0
0
VERTEX
8
0
10
43.4149056739792
20
12.5061212239846
30
0
0
VERTEX
8
0
10
43.9443557431741
20
12.6236365020683
30
0
0
VERTEX
8
0
10
44.473805812369
20
12.8338974040203
30
0
0
VERTEX
8
0
10
45.0032558815638
20
13.0325511648461
30
0
0
VERTEX
8
0
10
45.5327059507587
20
13.2423781582479
30
0
0
VERTEX
8
0
10
46.0621560199536
20
13.4422280195506
30
0
0
VERTEX
8
0
10
46.5916060891484
20
13.6514634462443
30
0
0
VERTEX
8
0
10
47.1210561583433
20
13.8525860380162
30
0
0
VERTEX
8
0
10
47.6505062275382
20
14.0610967656043
30
0
0
VERTEX
8
0
10
48.179956296733
20
14.2635498391581
30
0
0
VERTEX
8
0
10
48.7094063659279
20
14.4712237867974
30
0
0
VERTEX
8
0
10
49.2388564351228
20
14.6750492076653
30
0
0
VERTEX
8
0
10
49.7683065043176
20
14.8817924481685
30
0
0
VERTEX
8
0
10
50.2977565735125
20
15.0870187259664
30
0
0
VERTEX
8
0
10
50.8272066427074
20
15.2927530651925
30
0
0
VERTEX
8
0
10
51.3566567119022
20
15.4993975046165
30
0
0
VERTEX
8
0
10
51.8861067810971
20
15.704058459088
30
0
0
VERTEX
8
0
10
52.415556850292
20
15.9121290009867
30
0
0
VERTEX
8
0
10
52.9450069194868
20
16.1156641104158
30
0
0
VERTEX
8
0
10
53.4744569886817
20
16.3251609195339
30
0
0
VERTEX
8
0
10
54.0039070578766
20
16.527528343163
30
0
0
VERTEX
8
0
10
54.5333571270714
20
16.738445190211
30
0
0
VERTEX
8
0
10
55.0628071962663
20
16.9396125471887
30
0
0
VERTEX
8
0
10
55.5922572654612
20
17.1519380247282
30
0
0
VERTEX
8
0
10
56.1217073346561
20
17.3518814462797
30
0
0
VERTEX
8
0
10
56.6511574038509
20
17.5656000532922
30
0
0
VERTEX
8
0
10
57.1806074730458
20
17.7759175944449
30
0
0
VERTEX
8
0
10
57.7100575422407
20
17.9793965473738
30
0
0
VERTEX
8
0
10
58.2395076114355
20
18.186381058926
30
0
0
VERTEX
8
0
10
58.7689576806304
20
18.3932977383772
30
0
0
VERTEX
8
0
10
59.2984077498253
20
18.5972197077807
30
0
0
VERTEX
8
0
10
59.8278578190201
20
18.8072792454041
30
0
0
VERTEX
8
0
10
60.357307888215
20
19.0083884927561
30
0
0
VERTEX
8
0
10
60.8867579574099
20
19.2213226312475
30
0
0
VERTEX
8
0
10
61.4162080266047
20
19.4198509780461
30
0
0
VERTEX
8
0
10
61.9456580957996
20
19.6354161122676
30
0
0
VERTEX
8
0
10
62.4751081649945
20
19.831579875954
30
0
0
VERTEX
8
0
10
63.0045582341893
20
20.049555456787
30
0
0
VERTEX
8
0
10
63.5340083033842
20
20.24355782634
30
0
0
VERTEX
8
0
10
64.0634583725791
20
20.4637451182333
30
0
0
VERTEX
8
0
10
64.5929084417739
20
20.6557784694371
30
0
0
VERTEX
8
0
10
65.1223585109688
20
20.8779996663271
30
0
0
VERTEX
8
0
10
65.6518085801637
20
21.06824788132
30
0
0
VERTEX
8
0
10
66.1812586493585
20
21.2923456020788
30
0
0
VERTEX
8
0
10
66.7107087185534
20
21.4809864701526
30
0
0
VERTEX
8
0
10
67.2401587877483
20
21.7068236760391
30
0
0
VERTEX
8
0
10
67.7696088569431
20
21.8940314711093
30
0
0
VERTEX
8
0
10
68.299058926138
20
22.1214918771153
30
0
0
VERTEX
8
0
10
68.8285089953329
20
22.3074402378359
30
0
0
VERTEX
8
0
10
69.3579590645277
20
22.536429331951
30
0
0
VERTEX
8
0
10
69.8874091337226
20
22.7212946178937
30
0
0
VERTEX
8
0
10
70.4168592029175
20
22.9286882711824
30
0
0
VERTEX
8
0
10
70.9463092721123
20
23.1357068390951
30
0
0
VERTEX
8
0
10
71.4757593413072
20
23.3435112348308
30
0
0
VERTEX
8
0
10
72.0052094105021
20
23.5508275563833
30
0
0
VERTEX
8
0
10
72.5346594796969
20
23.7590627654228
30
0
0
VERTEX
8
0
10
73.0641095488918
20
23.9668570785537
30
0
0
VERTEX
8
0
10
73.5935596180867
20
24.1755814332139
30
0
0
VERTEX
8
0
10
74.1230096872816
20
24.3840614306752
30
0
0
VERTEX
8
0
10
74.6524597564764
20
24.593381518574
30
0
0
VERTEX
8
0
10
75.1819098256713
20
24.8027960587056
30
0
0
VERTEX
8
0
10
75.7113598948661
20
25.0128822812199
30
0
0
VERTEX
8
0
10
76.240809964061
20
25.2235421817784
30
0
0
VERTEX
8
0
10
76.7702600332559
20
25.4346538311083
30
0
0
VERTEX
8
0
10
77.2997101024508
20
25.6469652973519
30
0
0
VERTEX
8
0
10
77.8291601716456
20
25.8594930807495
30
0
0
VERTEX
8
0
10
78.3586102408405
20
26.0740153809175
30
0
0
VERTEX
8
0
10
78.8880603100354
20
26.2885588579729
30
0
0
VERTEX
8
0
10
79.4175103792302
20
26.5061133562002
30
0
0
VERTEX
8
0
10
79.9469604484251
20
26.7236369924639
30
0
0
VERTEX
8
0
10
80.47641051762
20
26.9455411939577
30
0
0
VERTEX
8
0
10
81.0058605868148
20
27.1677403516469
30
0
0
VERTEX
8
0
10
81.5353106560097
20
27.3964175715042
30
0
0
VERTEX
8
0
10
82.0647607252046
20
27.6354303856134
30
0
0
VERTEX
8
0
10
82.5942107943994
20
27.8679098954545
30
0
0
VERTEX
8
0
10
83.1236608635943
20
28.1230864619078
30
0
0
VERTEX
8
0
10
83.6531109327892
20
28.3779671767986
30
0
0
VERTEX
8
0
10
84.182561001984
20
28.6351467191888
30
0
0
VERTEX
8
0
10
84.7120110711789
20
28.8677746237209
30
0
0
VERTEX
8
0
10
85.2414611403738
20
29.093094428511
30
0
0
VERTEX
8
0
10
85.7709112095687
20
29.3034968159189
30
0
0
VERTEX
8
0
10
86.3003612787635
20
29.5096100191657
30
0
0
VERTEX
8
0
10
86.8298113479584
20
29.7067256455694
30
0
0
VERTEX
8
0
10
87.3592614171533
20
29.8993899583493
30
0
0
VERTEX
8
0
10
87.8887114863482
20
30.0869052569074
30
0
0
VERTEX
8
0
10
88.418161555543
20
30.268927670562
30
0
0
VERTEX
8
0
10
88.9476116247379
20
30.4488004516157
30
0
0
VERTEX
8
0
10
89.4770616939328
20
30.6218689830463
30
0
0
VERTEX
8
0
10
90.0065117631277
20
30.7953069454413
30
0
0
VERTEX
8
0
10
90.5359618323225
20
30.9605617541548
30
0
0
VERTEX
8
0
10
91.0654119015174
20
31.1283770823965
30
0
0
VERTEX
8
0
10
91.5948619707123
20
31.2866456893116
30
0
0
VERTEX
8
0
10
92.1243120399072
20
31.4494155942547
30
0
0
VERTEX
8
0
10
92.653762109102
20
31.6013284367799
30
0
0
VERTEX
8
0
10
93.1832121782969
20
31.7594788109581
30
0
0
VERTEX
8
0
10
93.7126622474918
20
31.9055330263805
30
0
0
VERTEX
8
0
10
94.2421123166867
20
32.0593864494791
30
0
0
VERTEX
8
0
10
94.7715623858816
20
32.1999841345117
30
0
0
VERTEX
8
0
10
95.3010124550764
20
32.3431516266471
30
0
0
VERTEX
8
0
10
95.8304625242713
20
32.4852620725264
30
0
0
VERTEX
8
0
10
96.3599125934662
20
32.6242138325737
30
0
0
VERTEX
8
0
10
96.8893626626611
20
32.7618383683746
30
0
0
VERTEX
8
0
10
97.4188127318559
20
32.8967371074814
30
0
0
VERTEX
8
0
10
97.9482628010508
20
33.0301001954984
30
0
0
VERTEX
8
0
10
98.4777128702457
20
33.1610771239567
30
0
0
VERTEX
8
0
10
99.0071629394406
20
33.2903677067732
30
0
0
VERTEX
8
0
10
99.5366130086355
20
33.4175290319281
30
0
0
VERTEX
8
0
10
100.06606307783
20
33.5429066698489
30
0
0
VERTEX
8
0
10
100.595513147025
20
33.6663383696903
30
0
0
VERTEX
8
0
10
101.12496321622
20
33.7879378837742
30
0
0
VERTEX
8
0
10
101.654413285415
20
33.9077092767473
30
0
0
VERTEX
8
0
10
102.18386335461
20
34.0256443255876
30
0
0
VERTEX
8
0
10
102.713313423805
20
34.1418107783057
30
0
0
VERTEX
8
0
10
103.242763493
20
34.2561766546972
30
0
0
VERTEX
8
0
10
103.772213562194
20
34.3687816580727
30
0
0
VERTEX
8
0
10
104.301663631389
20
34.4796575019233
30
0
0
VERTEX
8
0
10
104.831113700584
20
34.5887342748505
30
0
0
VERTEX
8
0
10
105.360563769779
20
34.6961848402734
30
0
0
VERTEX
8
0
10
105.890013838974
20
34.8017575732712
30
0
0
VERTEX
8
0
10
106.419463908169
20
34.9058346483166
30
0
0
VERTEX
8
0
10
106.948913977364
20
35.0079194674319
30
0
0
VERTEX
8
0
10
107.478364046559
20
35.1086630182929
30
0
0
VERTEX
8
0
10
108.007814115753
20
35.2116517818612
30
0
0
VERTEX
8
0
10
108.537264184948
20
35.3047078203549
30
0
0
VERTEX
8
0
10
109.066714254143
20
35.4036618051204
30
0
0
VERTEX
8
0
10
109.596164323338
20
35.4939900051257
30
0
0
VERTEX
8
0
10
110.125614392533
20
35.5889575811723
30
0
0
VERTEX
8
0
10
110.655064461728
20
35.6765146058343
30
0
0
VERTEX
8
0
10
111.184514530923
20
35.7675344095713
30
0
0
VERTEX
8
0
10
111.713964600118
20
35.8522714853425
30
0
0
VERTEX
8
0
10
112.243414669313
20
35.9393728371981
30
0
0
VERTEX
8
0
10
112.772864738507
20
36.021235861911
30
0
0
VERTEX
8
0
10
113.302314807702
20
36.1044390734105
30
0
0
VERTEX
8
0
10
113.831764876897
20
36.1833686378432
30
0
0
VERTEX
8
0
10
114.361214946092
20
36.2626852183508
30
0
0
VERTEX
8
0
10
114.890665015287
20
36.3386165481255
30
0
0
VERTEX
8
0
10
115.420115084482
20
36.4140493181378
30
0
0
VERTEX
8
0
10
115.949565153677
20
36.4869121397454
30
0
0
VERTEX
8
0
10
116.479015222872
20
36.5584552548659
30
0
0
VERTEX
8
0
10
117.008465292066
20
36.6281735872041
30
0
0
VERTEX
8
0
10
117.537915361261
20
36.6958124742762
30
0
0
VERTEX
8
0
10
118.067365430456
20
36.7623043448226
30
0
0
VERTEX
8
0
10
118.596815499651
20
36.8260155494599
30
0
0
VERTEX
8
0
10
119.126265568846
20
36.8891926317636
30
0
0
VERTEX
8
0
10
119.655715638041
20
36.9489435739889
30
0
0
VERTEX
8
0
10
120.185165707236
20
37.0071106414995
30
0
0
VERTEX
8
0
10
120.714615776431
20
37.0644593733289
30
0
0
VERTEX
8
0
10
121.244065845625
20
37.1190009207228
30
0
0
VERTEX
8
0
10
121.77351591482
20
37.1724085179984
30
0
0
VERTEX
8
0
10
122.302965984015
20
37.2232192406575
30
0
0
VERTEX
8
0
10
122.83241605321
20
37.272618115991
30
0
0
VERTEX
8
0
10
123.361866122405
20
37.3195848174281
30
0
0
VERTEX
8
0
10
123.8913161916
20
37.3648953549787
30
0
0
VERTEX
8
0
10
124.420766260795
20
37.4078960148324
30
0
0
VERTEX
8
0
10
124.95021632999
20
37.4490257561935
30
0
0
VERTEX
8
0
10
125.479666399184
20
37.4879284432121
30
0
0
VERTEX
8
0
10
126.009116468379
20
37.5247710914061
30
0
0
VERTEX
8
0
10
126.538566537574
20
37.5594326918903
30
0
0
VERTEX
8
0
10
127.068016606769
20
37.5918669009982
30
0
0
VERTEX
8
0
10
127.597466675964
20
37.6221316251309
30
0
0
VERTEX
8
0
10
128.126916745159
20
37.6500195339434
30
0
0
VERTEX
8
0
10
128.656366814354
20
37.675717152082
30
0
0
VERTEX
8
0
10
129.185816883549
20
37.6989026081532
30
0
0
VERTEX
8
0
10
129.715266952743
20
37.7198463553945
30
0
0
VERTEX
8
0
10
130.244717021938
20
37.7381527599353
30
0
0
VERTEX
8
0
10
130.774167091133
20
37.7541368289252
30
0
0
VERTEX
8
0
10
131.303617160328
20
37.767364511544
30
0
0
VERTEX
8
0
10
131.833067229523
20
37.778161028542
30
0
0
VERTEX
8
0
10
132.362517298718
20
37.7860840315438
30
0
0
VERTEX
8
0
10
132.891967367913
20
37.7933486360428
30
0
0
VERTEX
8
0
10
133.421417437108
20
37.7938014875711
30
0
0
VERTEX
8
0
10
133.950867506302
20
37.7950703142584
30
0
0
VERTEX
8
0
10
134.480317575497
20
37.7899415854232
30
0
0
VERTEX
8
0
10
135.009767644692
20
37.7849223881642
30
0
0
VERTEX
8
0
10
135.539217713887
20
37.7738517366894
30
0
0
VERTEX
8
0
10
136.068667783082
20
37.7622074925415
30
0
0
VERTEX
8
0
10
136.598117852277
20
37.74478707533
30
0
0
VERTEX
8
0
10
137.127567921472
20
37.7261270261023
30
0
0
VERTEX
8
0
10
137.657017990667
20
37.7018912112331
30
0
0
VERTEX
8
0
10
138.186468059861
20
37.6757592059992
30
0
0
VERTEX
8
0
10
138.715918129056
20
37.6441710983951
30
0
0
VERTEX
8
0
10
139.245368198251
20
37.6100301487165
30
0
0
VERTEX
8
0
10
139.774818267446
20
37.5704635881343
30
0
0
VERTEX
8
0
10
140.304268336641
20
37.5276749712904
30
0
0
VERTEX
8
0
10
140.833718405836
20
37.4793899175451
30
0
0
VERTEX
8
0
10
141.363168475031
20
37.4271841945791
30
0
0
VERTEX
8
0
10
141.892618544226
20
37.3692921392404
30
0
0
VERTEX
8
0
10
142.42206861342
20
37.3067277549545
30
0
0
VERTEX
8
0
10
142.951518682615
20
37.2381415044243
30
0
0
VERTEX
8
0
10
143.48096875181
20
37.164043496208
30
0
0
VERTEX
8
0
10
144.010418821005
20
37.0834013042432
30
0
0
VERTEX
8
0
10
144.5398688902
20
36.9962664701154
30
0
0
VERTEX
8
0
10
145.069318959395
20
36.9018115914943
30
0
0
VERTEX
8
0
10
145.59876902859
20
36.7996533502814
30
0
0
VERTEX
8
0
10
146.128219097785
20
36.688916027748
30
0
0
VERTEX
8
0
10
146.65766916698
20
36.5691058591996
30
0
0
VERTEX
8
0
10
147.187119236174
20
36.4388775219361
30
0
0
VERTEX
8
0
10
147.716569305369
20
36.2972688774051
30
0
0
VERTEX
8
0
10
148.246019374564
20
36.1424902782469
30
0
0
VERTEX
8
0
10
148.775469443759
20
35.9726266785368
30
0
0
VERTEX
8
0
10
149.304919512954
20
35.7847841474645
30
0
0
VERTEX
8
0
10
149.834369582149
20
35.5752888407509
30
0
0
VERTEX
8
0
10
150.363819651344
20
35.3394945249795
30
0
0
VERTEX
8
0
10
150.893269720539
20
35.0741222028648
30
0
0
VERTEX
8
0
10
151.422719789733
20
34.7845410051325
30
0
0
VERTEX
8
0
10
151.952169858928
20
34.4908888454771
30
0
0
VERTEX
8
0
10
152.481619928123
20
34.2137402609815
30
0
0
VERTEX
8
0
10
153.011069997318
20
33.9594852491856
30
0
0
VERTEX
8
0
10
153.540520066513
20
33.7258373269419
30
0
0
SEQEND
8
0
0
POLYLINE
8
0
62
3
70
0
10
0
20
0
30
0
0
VERTEX
8
0
10
12.7068016606769
20
6.16290892465569
30
0
0
VERTEX
8
0
10
13.2362517298717
20
6.921571314156
30
0
0
VERTEX
8
0
10
13.7657017990666
20
6.7932601485008
30
0
0
VERTEX
8
0
10
14.2951518682615
20
7.51439170914726
30
0
0
VERTEX
8
0
10
14.8246019374563
20
7.42631523334988
30
0
0
VERTEX
8
0
10
15.3540520066512
20
8.11645325920016
30
0
0
VERTEX
8
0
10
15.8835020758461
20
8.06251610940895
30
0
0
VERTEX
8
0
10
16.412952145041
20
8.72667470260774
30
0
0
VERTEX
8
0
10
16.9424022142358
20
8.70208517573836
30
0
0
VERTEX
8
0
10
17.4718522834307
20
9.34417101627829
30
0
0
VERTEX
8
0
10
18.0013023526256
20
9.34510249001195
30
0
0
VERTEX
8
0
10
18.5307524218204
20
9.96820823284285
30
0
0
VERTEX
8
0
10
19.0602024910153
20
9.99155736811579
30
0
0
VERTEX
8
0
10
19.5896525602102
20
10.3432073243618
30
0
0
VERTEX
8
0
10
20.119102629405
20
10.6413818290598
30
0
0
VERTEX
8
0
10
20.6485526985999
20
10.9881471010663
30
0
0
VERTEX
8
0
10
21.1780027677948
20
11.2944720641215
30
0
0
VERTEX
8
0
10
21.7074528369897
20
11.637088533763
30
0
0
VERTEX
8
0
10
22.2369029061845
20
11.950702227254
30
0
0
VERTEX
8
0
10
22.7663529753794
20
12.2897657678597
30
0
0
VERTEX
8
0
10
23.2958030445743
20
12.6099333378218
30
0
0
VERTEX
8
0
10
23.8252531137691
20
12.9459313242352
30
0
0
VERTEX
8
0
10
24.354703182964
20
13.2720190611578
30
0
0
VERTEX
8
0
10
24.8841532521589
20
13.6053536109971
30
0
0
VERTEX
8
0
10
25.4136033213537
20
13.9368094776282
30
0
0
VERTEX
8
0
10
25.9430533905486
20
14.2678148612564
30
0
0
VERTEX
8
0
10
26.4725034597435
20
14.6041535417845
30
0
0
VERTEX
8
0
10
27.0019535289383
20
14.9331094131542
30
0
0
VERTEX
8
0
10
27.5314035981332
20
15.2739006793387
30
0
0
VERTEX
8
0
10
28.0608536673281
20
15.6010422647543
30
0
0
VERTEX
8
0
10
28.5903037365229
20
15.9459018116895
30
0
0
VERTEX
8
0
10
29.1197538057178
20
16.2714278519846
30
0
0
VERTEX
8
0
10
29.6492038749127
20
16.6200099968541
30
0
0
VERTEX
8
0
10
30.1786539441075
20
16.9440890077995
30
0
0
VERTEX
8
0
10
30.7081040133024
20
17.2960808129307
30
0
0
VERTEX
8
0
10
31.2375540824973
20
17.618856070652
30
0
0
VERTEX
8
0
10
31.7670041516921
20
17.9739725676043
30
0
0
VERTEX
8
0
10
32.296454220887
20
18.3072801871544
30
0
0
VERTEX
8
0
10
32.8259042900819
20
18.653546391175
30
0
0
VERTEX
8
0
10
33.3553543592767
20
18.9832929195233
30
0
0
VERTEX
8
0
10
33.8848044284716
20
19.3346662515628
30
0
0
VERTEX
8
0
10
34.4142544976665
20
19.6613680974189
30
0
0
VERTEX
8
0
10
34.9437045668613
20
20.0171989184022
30
0
0
VERTEX
8
0
10
35.4731546360562
20
20.341293010002
30
0
0
VERTEX
8
0
10
36.0026047052511
20
20.7010138944532
30
0
0
VERTEX
8
0
10
36.5320547744459
20
21.0228705594025
30
0
0
VERTEX
8
0
10
37.0615048436408
20
21.3859833274732
30
0
0
VERTEX
8
0
10
37.5909549128357
20
21.7059168141309
30
0
0
VERTEX
8
0
10
38.1204049820306
20
22.0719819114329
30
0
0
VERTEX
8
0
10
38.6498550512254
20
22.3902590342011
30
0
0
VERTEX
8
0
10
39.1793051204203
20
22.7588867834645
30
0
0
VERTEX
8
0
10
39.7087551896152
20
23.0757340660952
30
0
0
VERTEX
8
0
10
40.23820525881
20
23.4465774209277
30
0
0
VERTEX
8
0
10
40.7676553280049
20
23.7621870300794
30
0
0
VERTEX
8
0
10
41.2971053971998
20
24.1349355418727
30
0
0
VERTEX
8
0
10
41.8265554663946
20
24.4494702404354
30
0
0
VERTEX
8
0
10
42.3560055355895
20
24.8238450112231
30
0
0
VERTEX
8
0
10
42.8854556047844
20
25.1374423133501
30
0
0
VERTEX
8
0
10
43.4149056739792
20
25.5131917541527
30
0
0
VERTEX
8
0
10
43.9443557431741
20
25.8259674269062
30
0
0
VERTEX
8
0
10
44.473805812369
20
26.1706292708086
30
0
0
VERTEX
8
0
10
45.0032558815638
20
26.5149147058362
30
0
0
VERTEX
8
0
10
45.5327059507587
20
26.8598261935481
30
0
0
VERTEX
8
0
10
46.0621560199536
20
27.2041577096623
30
0
0
VERTEX
8
0
10
46.5916060891484
20
27.549191326145
30
0
0
VERTEX
8
0
10
47.1210561583433
20
27.8935740073979
30
0
0
VERTEX
8
0
10
47.6505062275382
20
28.2386143090523
30
0
0
VERTEX
8
0
10
48.179956296733
20
28.5830448259199
30
0
0
VERTEX
8
0
10
48.7094063659279
20
28.9279869081401
30
0
0
VERTEX
8
0
10
49.2388564351228
20
29.2724547617868
30
0
0
VERTEX
8
0
10
49.7683065043176
20
29.6172029559206
30
0
0
VERTEX
8
0
10
50.2977565735125
20
29.9616915489761
30
0
0
VERTEX
8
0
10
50.8272066427074
20
30.3061583134421
30
0
0
VERTEX
8
0
10
51.3566567119022
20
30.6506458767391
30
0
0
VERTEX
8
0
10
51.8861067810971
20
30.994750853681
30
0
0
VERTEX
8
0
10
52.415556850292
20
31.3392112537004
30
0
0
VERTEX
8
0
10
52.9450069194868
20
31.6828804679112
30
0
0
VERTEX
8
0
10
53.4744569886817
20
32.027283915734
30
0
0
VERTEX
8
0
10
54.0039070578766
20
32.3704490967817
30
0
0
VERTEX
8
0
10
54.5333571270714
20
32.714762776615
30
0
0
VERTEX
8
0
10
55.0628071962663
20
33.05736078933
30
0
0
VERTEX
8
0
10
55.5922572654612
20
33.4015494219265
30
0
0
VERTEX
8
0
10
56.1217073346561
20
33.7435217930815
30
0
0
VERTEX
8
0
10
56.6511574038509
20
34.087548148143
30
0
0
VERTEX
8
0
10
57.1806074730458
20
34.4430027783875
30
0
0
VERTEX
8
0
10
57.7100575422407
20
34.7726660503118
30
0
0
VERTEX
8
0
10
58.2395076114355
20
35.1258252715015
30
0
0
VERTEX
8
0
10
58.7689576806304
20
35.456813164039
30
0
0
VERTEX
8
0
10
59.2984077498253
20
35.8077691449499
30
0
0
VERTEX
8
0
10
59.8278578190201
20
36.1399026693063
30
0
0
VERTEX
8
0
10
60.357307888215
20
36.4887386813519
30
0
0
VERTEX
8
0
10
60.8867579574099
20
36.8218511668898
30
0
0
VERTEX
8
0
10
61.4162080266047
20
37.1686427262059
30
0
0
VERTEX
8
0
10
61.9456580957996
20
37.5025790417737
30
0
0
VERTEX
8
0
10
62.4751081649945
20
37.8473949983405
30
0
0
VERTEX
8
0
10
63.0045582341893
20
38.1820109329503
30
0
0
VERTEX
8
0
10
63.5340083033842
20
38.5249145311837
30
0
0
VERTEX
8
0
10
64.0634583725791
20
38.8600763354886
30
0
0
VERTEX
8
0
10
64.5929084417739
20
39.2011262735522
30
0
0
VERTEX
8
0
10
65.1223585109688
20
39.5367103702766
30
0
0
VERTEX
8
0
10
65.6518085801637
20
39.8759618895316
30
0
0
VERTEX
8
0
10
66.1812586493585
20
40.2118547694472
30
0
0
VERTEX
8
0
10
66.7107087185534
20
40.5493608130047
30
0
0
VERTEX
8
0
10
67.2401587877483
20
40.8854591443351
30
0
0
VERTEX
8
0
10
67.7696088569431
20
41.2212716345467
30
0
0
VERTEX
8
0
10
68.299058926138
20
41.557482629643
30
0
0
VERTEX
8
0
10
68.8285089953329
20
41.8916539318608
30
0
0
VERTEX
8
0
10
69.3579590645277
20
42.2278960381878
30
0
0
VERTEX
8
0
10
69.8874091337226
20
42.5604807049794
30
0
0
VERTEX
8
0
10
70.4168592029175
20
42.8922750596314
30
0
0
VERTEX
8
0
10
70.9463092721123
20
43.2277416554244
30
0
0
VERTEX
8
0
10
71.4757593413072
20
43.5592439943776
30
0
0
VERTEX
8
0
10
72.0052094105021
20
43.8934476730659
30
0
0
VERTEX
8
0
10
72.5346594796969
20
44.2246287003006
30
0
0
VERTEX
8
0
10
73.0641095488918
20
44.5576371011151
30
0
0
VERTEX
8
0
10
73.5935596180867
20
44.8884881535342
30
0
0
VERTEX
8
0
10
74.1230096872816
20
45.2203847055851
30
0
0
VERTEX
8
0
10
74.6524597564764
20
45.5509233804084
30
0
0
VERTEX
8
0
10
75.1819098256713
20
45.8818149187287
30
0
0
VERTEX
8
0
10
75.7113598948661
20
46.2120938021934
30
0
0
VERTEX
8
0
10
76.240809964061
20
46.5421221547918
30
0
0
VERTEX
8
0
10
76.7702600332559
20
46.8722428614705
30
0
0
VERTEX
8
0
10
77.2997101024508
20
47.2016035100414
30
0
0
VERTEX
8
0
10
77.8291601716456
20
47.5317404603963
30
0
0
VERTEX
8
0
10
78.3586102408405
20
47.8607147632947
30
0
0
VERTEX
8
0
10
78.8880603100354
20
48.1911584482516
30
0
0
VERTEX
8
0
10
79.4175103792302
20
48.52017456512
30
0
0
VERTEX
8
0
10
79.9469604484251
20
48.8514186782644
30
0
0
VERTEX
8
0
10
80.47641051762
20
49.1811823007498
30
0
0
VERTEX
8
0
10
81.0058605868148
20
49.5141279508237
30
0
0
VERTEX
8
0
10
81.5353106560097
20
49.8459625708115
30
0
0
VERTEX
8
0
10
82.0647607252046
20
50.1946095724005
30
0
0
VERTEX
8
0
10
82.5942107943994
20
50.5195546520851
30
0
0
VERTEX
8
0
10
83.1236608635943
20
50.875752185627
30
0
0
VERTEX
8
0
10
83.6531109327892
20
51.2117929329157
30
0
0
VERTEX
8
0
10
84.182561001984
20
51.567186959039
30
0
0
VERTEX
8
0
10
84.7120110711789
20
51.8886634386324
30
0
0
VERTEX
8
0
10
85.2414611403738
20
52.2234771902704
30
0
0
VERTEX
8
0
10
85.7709112095687
20
52.5299353422712
30
0
0
VERTEX
8
0
10
86.3003612787635
20
52.8510435155233
30
0
0
VERTEX
8
0
10
86.8298113479584
20
53.1474000839284
30
0
0
VERTEX
8
0
10
87.3592614171533
20
53.4579840552326
30
0
0
VERTEX
8
0
10
87.8887114863482
20
53.7462784719559
30
0
0
VERTEX
8
0
10
88.418161555543
20
54.0478986579819
30
0
0
VERTEX
8
0
10
88.9476116247379
20
54.3292195581487
30
0
0
VERTEX
8
0
10
89.4770616939328
20
54.6228207342216
30
0
0
VERTEX
8
0
10
90.0065117631277
20
54.8978433413655
30
0
0
VERTEX
8
0
10
90.5359618323225
20
55.1840680108129
30
0
0
VERTEX
8
0
10
91.0654119015174
20
55.4532487851823
30
0
0
VERTEX
8
0
10
91.5948619707123
20
55.7325661517906
30
0
0
VERTEX
8
0
10
92.1243120399072
20
55.996230919318
30
0
0
VERTEX
8
0
10
92.653762109102
20
56.2690002462385
30
0
0
VERTEX
8
0
10
93.1832121782969
20
56.5273901544965
30
0
0
VERTEX
8
0
10
93.7126622474918
20
56.7938957619977
30
0
0
VERTEX
8
0
10
94.2421123166867
20
57.0471936880449
30
0
0
VERTEX
8
0
10
94.7715623858816
20
57.3076659770159
30
0
0
VERTEX
8
0
10
95.3010124550764
20
57.5583597859134
30
0
0
VERTEX
8
0
10
95.8304625242713
20
57.8106417248006
30
0
0
VERTEX
8
0
10
96.3599125934662
20
58.056509859299
30
0
0
VERTEX
8
0
10
96.8893626626611
20
58.3030910507447
30
0
0
VERTEX
8
0
10
97.4188127318559
20
58.5442140949922
30
0
0
VERTEX
8
0
10
97.9482628010508
20
58.7852327509983
30
0
0
VERTEX
8
0
10
98.4777128702457
20
59.0216726996992
30
0
0
VERTEX
8
0
10
99.0071629394406
20
59.2572460152758
30
0
0
VERTEX
8
0
10
99.5366130086355
20
59.4890498899205
30
0
0
VERTEX
8
0
10
100.06606307783
20
59.7192774855772
30
0
0
VERTEX
8
0
10
100.595513147025
20
59.946480000292
30
0
0
VERTEX
8
0
10
101.12496321622
20
60.1714465413003
30
0
0
VERTEX
8
0
10
101.654413285415
20
60.3940721038931
30
0
0
VERTEX
8
0
10
102.18386335461
20
60.6138493306196
30
0
0
VERTEX
8
0
10
102.713313423805
20
60.8319135664218
30
0
0
VERTEX
8
0
10
103.242763493
20
61.0465618924658
30
0
0
VERTEX
8
0
10
103.772213562194
20
61.2600728176789
30
0
0
VERTEX
8
0
10
104.301663631389
20
61.4696426035005
30
0
0
VERTEX
8
0
10
104.831113700584
20
61.6786015356284
30
0
0
VERTEX
8
0
10
105.360563769779
20
61.8831341134453
30
0
0
VERTEX
8
0
10
105.890013838974
20
62.087536380783
30
0
0
VERTEX
8
0
10
106.419463908169
20
62.2870648849349
30
0
0
VERTEX
8
0
10
106.948913977364
20
62.4869003794637
30
0
0
VERTEX
8
0
10
107.478364046559
20
62.6814504218985
30
0
0
VERTEX
8
0
10
108.007814115753
20
62.8838578735935
30
0
0
VERTEX
8
0
10
108.537264184948
20
63.066294248154
30
0
0
VERTEX
8
0
10
109.066714254143
20
63.2634173527577
30
0
0
VERTEX
8
0
10
109.596164323338
20
63.4415886818841
30
0
0
VERTEX
8
0
10
110.125614392533
20
63.633444630095
30
0
0
VERTEX
8
0
10
110.655064461728
20
63.8073154401975
30
0
0
VERTEX
8
0
10
111.184514530923
20
63.9939150705476
30
0
0
VERTEX
8
0
10
111.713964600118
20
64.1634460992282
30
0
0
VERTEX
8
0
10
112.243414669313
20
64.3447941517369
30
0
0
VERTEX
8
0
10
112.772864738507
20
64.509942428958
30
0
0
VERTEX
8
0
10
113.302314807702
20
64.6860377366692
30
0
0
VERTEX
8
0
10
113.831764876897
20
64.8467566166293
30
0
0
VERTEX
8
0
10
114.361214946092
20
65.0175922408907
30
0
0
VERTEX
8
0
10
114.890665015287
20
65.1738313888018
30
0
0
VERTEX
8
0
10
115.420115084482
20
65.3393947023248
30
0
0
VERTEX
8
0
10
115.949565153677
20
65.4911000386113
30
0
0
VERTEX
8
0
10
116.479015222872
20
65.6513727588831
30
0
0
VERTEX
8
0
10
117.008465292066
20
65.7984863620271
30
0
0
VERTEX
8
0
10
117.537915361261
20
65.9534445362373
30
0
0
VERTEX
8
0
10
118.067365430456
20
66.0959045042819
30
0
0
VERTEX
8
0
10
118.596815499651
20
66.2455184457669
30
0
0
VERTEX
8
0
10
119.126265568846
20
66.3832587151993
30
0
0
VERTEX
8
0
10
119.655715638041
20
66.5274928900902
30
0
0
VERTEX
8
0
10
120.185165707236
20
66.6632045344356
30
0
0
VERTEX
8
0
10
120.714615776431
20
66.799255871272
30
0
0
VERTEX
8
0
10
121.244065845625
20
66.9301264602618
30
0
0
VERTEX
8
0
10
121.77351591482
20
67.0606844940517
30
0
0
VERTEX
8
0
10
122.302965984015
20
67.1866242421679
30
0
0
VERTEX
8
0
10
122.83241605321
20
67.3116443534585
30
0
0
VERTEX
8
0
10
123.361866122405
20
67.4325584174597
30
0
0
VERTEX
8
0
10
123.8913161916
20
67.5519887927011
30
0
0
VERTEX
8
0
10
124.420766260795
20
67.6677767820054
30
0
0
VERTEX
8
0
10
124.95021632999
20
67.7815580129585
30
0
0
VERTEX
8
0
10
125.479666399184
20
67.8921134211324
30
0
0
VERTEX
8
0
10
126.009116468379
20
68.0001780115679
30
0
0
VERTEX
8
0
10
126.538566537574
20
68.1053875545339
30
0
0
VERTEX
8
0
10
127.068016606769
20
68.207659318537
30
0
0
VERTEX
8
0
10
127.597466675964
20
68.3074021611899
30
0
0
VERTEX
8
0
10
128.126916745159
20
68.4037954929409
30
0
0
VERTEX
8
0
10
128.656366814354
20
68.4979423408211
30
0
0
VERTEX
8
0
10
129.185816883549
20
68.5883613299004
30
0
0
VERTEX
8
0
10
129.715266952743
20
68.676773355892
30
0
0
VERTEX
8
0
10
130.244717021938
20
68.7611107144177
30
0
0
VERTEX
8
0
10
130.774167091133
20
68.8436382815391
30
0
0
VERTEX
8
0
10
131.303617160328
20
68.9217740390731
30
0
0
VERTEX
8
0
10
131.833067229523
20
68.9982551683332
30
0
0
VERTEX
8
0
10
132.362517298718
20
69.0700550763132
30
0
0
VERTEX
8
0
10
132.891967367913
20
69.1436498004242
30
0
0
VERTEX
8
0
10
133.421417437108
20
69.2056271596904
30
0
0
VERTEX
8
0
10
133.950867506302
20
69.2724135486393
30
0
0
VERTEX
8
0
10
134.480317575497
20
69.3281284772855
30
0
0
VERTEX
8
0
10
135.009767644692
20
69.3879227522731
30
0
0
VERTEX
8
0
10
135.539217713887
20
69.4371562071266
30
0
0
VERTEX
8
0
10
136.068667783082
20
69.4897509123535
30
0
0
VERTEX
8
0
10
136.598117852277
20
69.5322591170689
30
0
0
VERTEX
8
0
10
137.127567921472
20
69.5774187046162
30
0
0
VERTEX
8
0
10
137.657017990667
20
69.61292809064
30
0
0
VERTEX
8
0
10
138.186468059861
20
69.6503831925038
30
0
0
VERTEX
8
0
10
138.715918129056
20
69.6785837930921
30
0
0
VERTEX
8
0
10
139.245368198251
20
69.7080236529927
30
0
0
VERTEX
8
0
10
139.774818267446
20
69.7285603004533
30
0
0
VERTEX
8
0
10
140.304268336641
20
69.7496225582744
30
0
0
VERTEX
8
0
10
140.833718405836
20
69.7620828735671
30
0
0
VERTEX
8
0
10
141.363168475031
20
69.7743394247121
30
0
0
VERTEX
8
0
10
141.892618544226
20
69.7782369684891
30
0
0
VERTEX
8
0
10
142.42206861342
20
69.7811737934968
30
0
0
VERTEX
8
0
10
142.951518682615
20
69.7759236308134
30
0
0
VERTEX
8
0
10
143.48096875181
20
69.768910960381
30
0
0
VERTEX
8
0
10
144.010418821005
20
69.7537927619522
30
0
0
VERTEX
8
0
10
144.5398688902
20
69.736038927425
30
0
0
VERTEX
8
0
10
145.069318959395
20
69.7101383790912
30
0
0
VERTEX
8
0
10
145.59876902859
20
69.6806142828075
30
0
0
VERTEX
8
0
10
146.128219097785
20
69.6434119030779
30
0
0
VERTEX
8
0
10
146.65766916698
20
69.6000300295807
30
0
0
VERTEX
8
0
10
147.187119236174
20
69.5490444550383
30
0
0
VERTEX
8
0
10
147.716569305369
20
69.4905755872314
30
0
0
VERTEX
8
0
10
148.246019374564
20
69.4232605126804
30
0
0
VERTEX
8
0
10
148.775469443759
20
69.3465082618416
30
0
0
VERTEX
8
0
10
149.304919512954
20
69.2586350796126
30
0
0
VERTEX
8
0
10
149.834369582149
20
69.1580260185413
30
0
0
VERTEX
8
0
10
150.363819651344
20
69.0423598149121
30
0
0
VERTEX
8
0
10
150.893269720539
20
68.9103305482132
30
0
0
VERTEX
8
0
10
151.422719789733
20
68.7651920205884
30
0
0
VERTEX
8
0
10
151.952169858928
20
68.6178622450561
30
0
0
VERTEX
8
0
10
152.481619928123
20
68.4792234516734
30
0
0
VERTEX
8
0
10
153.011069997318
20
68.3526230818079
30
0
0
VERTEX
8
0
10
153.540520066513
20
68.2368638590208
30
0
0
SEQEND
8
0
0
POLYLINE
8
0
62
4
70
0
10
0
20
0
30
0
0
VERTEX
8
0
10
12.7068016606769
20
6.93978913920856
30
0
0
VERTEX
8
0
10
13.2362517298717
20
7.26681218174172
30
0
0
VERTEX
8
0
10
13.7657017990666
20
7.57159940249166
30
0
0
VERTEX
8
0
10
14.2951518682615
20
7.8582800821637
30
0
0
VERTEX
8
0
10
14.8246019374563
20
8.16410251051064
30
0
0
VERTEX
8
0
10
15.3540520066512
20
8.45168127796805
30
0
0
VERTEX
8
0
10
15.8835020758461
20
8.75639091911114
30
0
0
VERTEX
8
0
10
16.412952145041
20
9.04286404283277
30
0
0
VERTEX
8
0
10
16.9424022142358
20
9.34866702090648
30
0
0
VERTEX
8
0
10
17.4718522834307
20
9.63597445653815
30
0
0
VERTEX
8
0
10
18.0013023526256
20
9.94269249961945
30
0
0
VERTEX
8
0
10
18.5307524218204
20
10.2318412555199
30
0
0
VERTEX
8
0
10
19.0602024910153
20
10.5403956418016
30
0
0
VERTEX
8
0
10
19.5896525602102
20
10.8374346722467
30
0
0
VERTEX
8
0
10
20.119102629405
20
11.1395893085724
30
0
0
VERTEX
8
0
10
20.6485526985999
20
11.4378150762469
30
0
0
VERTEX
8
0
10
21.1780027677948
20
11.7402641692506
30
0
0
VERTEX
8
0
10
21.7074528369897
20
12.0396399259629
30
0
0
VERTEX
8
0
10
22.2369029061845
20
12.3423386673902
30
0
0
VERTEX
8
0
10
22.7663529753794
20
12.6428276221361
30
0
0
VERTEX
8
0
10
23.2958030445743
20
12.9457318860703
30
0
0
VERTEX
8
0
10
23.8252531137691
20
13.251485403597
30
0
0
VERTEX
8
0
10
24.354703182964
20
13.5583788249562
30
0
0
VERTEX
8
0
10
24.8841532521589
20
13.8648053586692
30
0
0
VERTEX
8
0
10
25.4136033213537
20
14.1718066688818
30
0
0
VERTEX
8
0
10
25.9430533905486
20
14.4792242198448
30
0
0
VERTEX
8
0
10
26.4725034597435
20
14.7884026597127
30
0
0
VERTEX
8
0
10
27.0019535289383
20
15.098690831031
30
0
0
VERTEX
8
0
10
27.5314035981332
20
15.4077012428222
30
0
0
VERTEX
8
0
10
28.0608536673281
20
15.7189062459629
30
0
0
VERTEX
8
0
10
28.5903037365229
20
16.027902063104
30
0
0
VERTEX
8
0
10
29.1197538057178
20
16.350651486094
30
0
0
VERTEX
8
0
10
29.6492038749127
20
16.6692305851744
30
0
0
VERTEX
8
0
10
30.1786539441075
20
16.9918143897646
30
0
0
VERTEX
8
0
10
30.7081040133024
20
17.310348310996
30
0
0
VERTEX
8
0
10
31.2375540824973
20
17.633776843629
30
0
0
VERTEX
8
0
10
31.7670041516921
20
17.9554882814677
30
0
0
VERTEX
8
0
10
32.296454220887
20
18.2910645120123
30
0
0
VERTEX
8
0
10
32.8259042900819
20
18.6039136280569
30
0
0
VERTEX
8
0
10
33.3553543592767
20
18.9397629866773
30
0
0
VERTEX
8
0
10
33.8848044284716
20
19.2529712626868
30
0
0
VERTEX
8
0
10
34.4142544976665
20
19.5946071672361
30
0
0
VERTEX
8
0
10
34.9437045668613
20
19.9130920754852
30
0
0
VERTEX
8
0
10
35.4731546360562
20
20.254339350761
30
0
0
VERTEX
8
0
10
36.0026047052511
20
20.5731459030412
30
0
0
VERTEX
8
0
10
36.5320547744459
20
20.9145834686253
30
0
0
VERTEX
8
0
10
37.0615048436408
20
21.2359371255306
30
0
0
VERTEX
8
0
10
37.5909549128357
20
21.579533884685
30
0
0
VERTEX
8
0
10
38.1204049820306
20
21.9008675891805
30
0
0
VERTEX
8
0
10
38.6498550512254
20
22.2445864412348
30
0
0
VERTEX
8
0
10
39.1793051204203
20
22.5661226699082
30
0
0
VERTEX
8
0
10
39.7087551896152
20
22.9145643202084
30
0
0
VERTEX
8
0
10
40.23820525881
20
23.240347472882
30
0
0
VERTEX
8
0
10
40.7676553280049
20
23.5882839772285
30
0
0
VERTEX
8
0
10
41.2971053971998
20
23.9142253595446
30
0
0
VERTEX
8
0
10
41.8265554663946
20
24.2621925948631
30
0
0
VERTEX
8
0
10
42.3560055355895
20
24.5918084867334
30
0
0
VERTEX
8
0
10
42.8854556047844
20
24.9428724171714
30
0
0
VERTEX
8
0
10
43.4149056739792
20
25.2721238062275
30
0
0
VERTEX
8
0
10
43.9443557431741
20
25.6231616616728
30
0
0
VERTEX
8
0
10
44.473805812369
20
25.9606232926166
30
0
0
VERTEX
8
0
10
45.0032558815638
20
26.2876788196733
30
0
0
VERTEX
8
0
10
45.5327059507587
20
26.6119381124524
30
0
0
VERTEX
8
0
10
46.0621560199536
20
26.9405220166318
30
0
0
VERTEX
8
0
10
46.5916060891484
20
27.2650803668919
30
0
0
VERTEX
8
0
10
47.1210561583433
20
27.5929915385211
30
0
0
VERTEX
8
0
10
47.6505062275382
20
27.8847853190571
30
0
0
VERTEX
8
0
10
48.179956296733
20
28.183769231185
30
0
0
VERTEX
8
0
10
48.7094063659279
20
28.4806274586996
30
0
0
VERTEX
8
0
10
49.2388564351228
20
28.7789547861383
30
0
0
VERTEX
8
0
10
49.7683065043176
20
29.0760764180055
30
0
0
VERTEX
8
0
10
50.2977565735125
20
29.3627696439242
30
0
0
VERTEX
8
0
10
50.8272066427074
20
29.6508773283884
30
0
0
VERTEX
8
0
10
51.3566567119022
20
29.9385804563135
30
0
0
VERTEX
8
0
10
51.8861067810971
20
30.2269624765891
30
0
0
VERTEX
8
0
10
52.415556850292
20
30.5139772865181
30
0
0
VERTEX
8
0
10
52.9450069194868
20
30.7593357722492
30
0
0
VERTEX
8
0
10
53.4744569886817
20
31.0095687654786
30
0
0
VERTEX
8
0
10
54.0039070578766
20
31.2626807317202
30
0
0
VERTEX
8
0
10
54.5333571270714
20
31.5128533449302
30
0
0
VERTEX
8
0
10
55.0628071962663
20
31.7668063034484
30
0
0
VERTEX
8
0
10
55.5922572654612
20
32.039008637796
30
0
0
VERTEX
8
0
10
56.1217073346561
20
32.3120130320017
30
0
0
VERTEX
8
0
10
56.6511574038509
20
32.5799020172525
30
0
0
VERTEX
8
0
10
57.1806074730458
20
32.8617216509362
30
0
0
VERTEX
8
0
10
57.7100575422407
20
33.120338744204
30
0
0
VERTEX
8
0
10
58.2395076114355
20
33.4202787677463
30
0
0
VERTEX
8
0
10
58.7689576806304
20
33.6938098038574
30
0
0
VERTEX
8
0
10
59.2984077498253
20
33.9900043174068
30
0
0
VERTEX
8
0
10
59.8278578190201
20
34.2630233166063
30
0
0
VERTEX
8
0
10
60.357307888215
20
34.5585846387785
30
0
0
VERTEX
8
0
10
60.8867579574099
20
34.842537543316
30
0
0
VERTEX
8
0
10
61.4162080266047
20
35.146832768872
30
0
0
VERTEX
8
0
10
61.9456580957996
20
35.4280925302592
30
0
0
VERTEX
8
0
10
62.4751081649945
20
35.7315954608348
30
0
0
VERTEX
8
0
10
63.0045582341893
20
36.0121595198259
30
0
0
VERTEX
8
0
10
63.5340083033842
20
36.3471300780416
30
0
0
VERTEX
8
0
10
64.0634583725791
20
36.6533982646586
30
0
0
VERTEX
8
0
10
64.5929084417739
20
36.9816258049537
30
0
0
VERTEX
8
0
10
65.1223585109688
20
37.2871940331747
30
0
0
VERTEX
8
0
10
65.6518085801637
20
37.6145495654268
30
0
0
VERTEX
8
0
10
66.1812586493585
20
37.9323224398175
30
0
0
VERTEX
8
0
10
66.7107087185534
20
38.269321419089
30
0
0
VERTEX
8
0
10
67.2401587877483
20
38.5839939478296
30
0
0
VERTEX
8
0
10
67.7696088569431
20
38.9201390941796
30
0
0
VERTEX
8
0
10
68.299058926138
20
39.2341027172693
30
0
0
VERTEX
8
0
10
68.8285089953329
20
39.5874089073052
30
0
0
VERTEX
8
0
10
69.3579590645277
20
39.915303774433
30
0
0
VERTEX
8
0
10
69.8874091337226
20
40.2643795114299
30
0
0
VERTEX
8
0
10
70.4168592029175
20
40.6000594707465
30
0
0
VERTEX
8
0
10
70.9463092721123
20
40.9399764947328
30
0
0
VERTEX
8
0
10
71.4757593413072
20
41.2877919362611
30
0
0
VERTEX
8
0
10
72.0052094105021
20
41.636505938729
30
0
0
VERTEX
8
0
10
72.5346594796969
20
41.9817340807468
30
0
0
VERTEX
8
0
10
73.0641095488918
20
42.3293525424441
30
0
0
VERTEX
8
0
10
73.5935596180867
20
42.6743841392469
30
0
0
VERTEX
8
0
10
74.1230096872816
20
43.0361812919393
30
0
0
VERTEX
8
0
10
74.6524597564764
20
43.3932886330396
30
0
0
VERTEX
8
0
10
75.1819098256713
20
43.7510258705259
30
0
0
VERTEX
8
0
10
75.7113598948661
20
44.1080453754569
30
0
0
VERTEX
8
0
10
76.240809964061
20
44.4647759012742
30
0
0
VERTEX
8
0
10
76.7702600332559
20
44.832190435397
30
0
0
VERTEX
8
0
10
77.2997101024508
20
45.1963130914884
30
0
0
VERTEX
8
0
10
77.8291601716456
20
45.5614858157651
30
0
0
VERTEX
8
0
10
78.3586102408405
20
45.9246671184531
30
0
0
VERTEX
8
0
10
78.8880603100354
20
46.2897123145238
30
0
0
VERTEX
8
0
10
79.4175103792302
20
46.6410028346529
30
0
0
VERTEX
8
0
10
79.9469604484251
20
46.9971835469962
30
0
0
VERTEX
8
0
10
80.47641051762
20
47.3495733910466
30
0
0
VERTEX
8
0
10
81.0058605868148
20
47.7053310457195
30
0
0
VERTEX
8
0
10
81.5353106560097
20
48.0564667977372
30
0
0
VERTEX
8
0
10
82.0647607252046
20
48.3802369995876
30
0
0
VERTEX
8
0
10
82.5942107943994
20
48.6916286552128
30
0
0
VERTEX
8
0
10
83.1236608635943
20
49.0224416097492
30
0
0
VERTEX
8
0
10
83.6531109327892
20
49.3324636092779
30
0
0
VERTEX
8
0
10
84.182561001984
20
49.6612098035251
30
0
0
VERTEX
8
0
10
84.7120110711789
20
49.9617814142153
30
0
0
VERTEX
8
0
10
85.2414611403738
20
50.2819941510048
30
0
0
VERTEX
8
0
10
85.7709112095687
20
50.5814016067431
30
0
0
VERTEX
8
0
10
86.3003612787635
20
50.8985346610379
30
0
0
VERTEX
8
0
10
86.8298113479584
20
51.1952186788806
30
0
0
VERTEX
8
0
10
87.3592614171533
20
51.4848210697155
30
0
0
VERTEX
8
0
10
87.8887114863482
20
51.7598187330907
30
0
0
VERTEX
8
0
10
88.418161555543
20
52.0518471260585
30
0
0
VERTEX
8
0
10
88.9476116247379
20
52.3240519819679
30
0
0
VERTEX
8
0
10
89.4770616939328
20
52.6129734267371
30
0
0
VERTEX
8
0
10
90.0065117631277
20
52.8765823961969
30
0
0
VERTEX
8
0
10
90.5359618323225
20
53.1579395035646
30
0
0
VERTEX
8
0
10
91.0654119015174
20
53.420116808949
30
0
0
VERTEX
8
0
10
91.5948619707123
20
53.698385241871
30
0
0
VERTEX
8
0
10
92.1243120399072
20
53.9577928778556
30
0
0
VERTEX
8
0
10
92.653762109102
20
54.2476769658384
30
0
0
VERTEX
8
0
10
93.1832121782969
20
54.5155649276746
30
0
0
VERTEX
8
0
10
93.7126622474918
20
54.7989480965301
30
0
0
VERTEX
8
0
10
94.2421123166867
20
55.0641363279549
30
0
0
VERTEX
8
0
10
94.7715623858816
20
55.3445101033521
30
0
0
VERTEX
8
0
10
95.3010124550764
20
55.619254904858
30
0
0
VERTEX
8
0
10
95.8304625242713
20
55.8948713583584
30
0
0
VERTEX
8
0
10
96.3599125934662
20
56.1657427706388
30
0
0
VERTEX
8
0
10
96.8893626626611
20
56.4381761123354
30
0
0
VERTEX
8
0
10
97.4188127318559
20
56.7066079485016
30
0
0
VERTEX
8
0
10
97.9482628010508
20
56.9834342790631
30
0
0
VERTEX
8
0
10
98.4777128702457
20
57.2551372850052
30
0
0
VERTEX
8
0
10
99.0071629394406
20
57.527001255393
30
0
0
VERTEX
8
0
10
99.5366130086355
20
57.7962928956277
30
0
0
VERTEX
8
0
10
100.06606307783
20
58.0650728502197
30
0
0
VERTEX
8
0
10
100.595513147025
20
58.3304106745066
30
0
0
VERTEX
8
0
10
101.12496321622
20
58.594969734698
30
0
0
VERTEX
8
0
10
101.654413285415
20
58.858256610769
30
0
0
VERTEX
8
0
10
102.18386335461
20
59.1197575174921
30
0
0
VERTEX
8
0
10
102.713313423805
20
59.3805995059048
30
0
0
VERTEX
8
0
10
103.242763493
20
59.6343817846208
30
0
0
VERTEX
8
0
10
103.772213562194
20
59.8892733425664
30
0
0
VERTEX
8
0
10
104.301663631389
20
60.1411959608496
30
0
0
VERTEX
8
0
10
104.831113700584
20
60.3935964796142
30
0
0
VERTEX
8
0
10
105.360563769779
20
60.6424798741104
30
0
0
VERTEX
8
0
10
105.890013838974
20
60.8860509531577
30
0
0
VERTEX
8
0
10
106.419463908169
20
61.127208608171
30
0
0
VERTEX
8
0
10
106.948913977364
20
61.3698760492154
30
0
0
VERTEX
8
0
10
107.478364046559
20
61.6079875094266
30
0
0
VERTEX
8
0
10
108.007814115753
20
61.8528722469724
30
0
0
VERTEX
8
0
10
108.537264184948
20
62.078359307556
30
0
0
VERTEX
8
0
10
109.066714254143
20
62.3167367038424
30
0
0
VERTEX
8
0
10
109.596164323338
20
62.5408290593392
30
0
0
VERTEX
8
0
10
110.125614392533
20
62.776225149674
30
0
0
VERTEX
8
0
10
110.655064461728
20
62.9976478389748
30
0
0
VERTEX
8
0
10
111.184514530923
20
63.2219333006834
30
0
0
VERTEX
8
0
10
111.713964600118
20
63.4347216674821
30
0
0
VERTEX
8
0
10
112.243414669313
20
63.6581690236026
30
0
0
VERTEX
8
0
10
112.772864738507
20
63.8682428352478
30
0
0
VERTEX
8
0
10
113.302314807702
20
64.0886622569843
30
0
0
VERTEX
8
0
10
113.831764876897
20
64.2894318202177
30
0
0
VERTEX
8
0
10
114.361214946092
20
64.5020211296952
30
0
0
VERTEX
8
0
10
114.890665015287
20
64.7018359305779
30
0
0
VERTEX
8
0
10
115.420115084482
20
64.9113592229411
30
0
0
VERTEX
8
0
10
115.949565153677
20
65.1084122368558
30
0
0
VERTEX
8
0
10
116.479015222872
20
65.2865543115124
30
0
0
VERTEX
8
0
10
117.008465292066
20
65.4603535777975
30
0
0
VERTEX
8
0
10
117.537915361261
20
65.6432048368646
30
0
0
VERTEX
8
0
10
118.067365430456
20
65.814143962325
30
0
0
VERTEX
8
0
10
118.596815499651
20
65.9938251171716
30
0
0
VERTEX
8
0
10
119.126265568846
20
66.1568502979697
30
0
0
VERTEX
8
0
10
119.655715638041
20
66.3297268378933
30
0
0
VERTEX
8
0
10
120.185165707236
20
66.494937271252
30
0
0
VERTEX
8
0
10
120.714615776431
20
66.6609456032054
30
0
0
VERTEX
8
0
10
121.244065845625
20
66.8233255187255
30
0
0
VERTEX
8
0
10
121.77351591482
20
66.9453633051329
30
0
0
VERTEX
8
0
10
122.302965984015
20
67.0758928476602
30
0
0
VERTEX
8
0
10
122.83241605321
20
67.2062802327679
30
0
0
VERTEX
8
0
10
123.361866122405
20
67.3338986879535
30
0
0
VERTEX
8
0
10
123.8913161916
20
67.4609430036025
30
0
0
VERTEX
8
0
10
124.420766260795
20
67.5805066669052
30
0
0
VERTEX
8
0
10
124.95021632999
20
67.7005826291996
30
0
0
VERTEX
8
0
10
125.479666399184
20
67.8186542418802
30
0
0
VERTEX
8
0
10
126.009116468379
20
67.9353634856667
30
0
0
VERTEX
8
0
10
126.538566537574
20
68.0504111146261
30
0
0
VERTEX
8
0
10
127.068016606769
20
68.1380889378017
30
0
0
VERTEX
8
0
10
127.597466675964
20
68.232059142017
30
0
0
VERTEX
8
0
10
128.126916745159
20
68.3239942860759
30
0
0
VERTEX
8
0
10
128.656366814354
20
68.4148929692482
30
0
0
VERTEX
8
0
10
129.185816883549
20
68.5034464387933
30
0
0
VERTEX
8
0
10
129.715266952743
20
68.5758003193977
30
0
0
VERTEX
8
0
10
130.244717021938
20
68.6502015502657
30
0
0
VERTEX
8
0
10
130.774167091133
20
68.7240837267847
30
0
0
VERTEX
8
0
10
131.303617160328
20
68.7950951339492
30
0
0
VERTEX
8
0
10
131.833067229523
20
68.8657953233671
30
0
0
VERTEX
8
0
10
132.362517298718
20
68.9025045110246
30
0
0
VERTEX
8
0
10
132.891967367913
20
68.9509207075695
30
0
0
VERTEX
8
0
10
133.421417437108
20
68.9914810020168
30
0
0
VERTEX
8
0
10
133.950867506302
20
69.0364742647845
30
0
0
VERTEX
8
0
10
134.480317575497
20
69.0739128746083
30
0
0
VERTEX
8
0
10
135.009767644692
20
69.0914573497546
30
0
0
VERTEX
8
0
10
135.539217713887
20
69.1092958315368
30
0
0
VERTEX
8
0
10
136.068667783082
20
69.1309258584476
30
0
0
VERTEX
8
0
10
136.598117852277
20
69.1456679792252
30
0
0
VERTEX
8
0
10
137.127567921472
20
69.1638429306988
30
0
0
VERTEX
8
0
10
137.657017990667
20
69.1737294948869
30
0
0
VERTEX
8
0
10
138.186468059861
20
69.1872322393682
30
0
0
VERTEX
8
0
10
138.715918129056
20
69.1944669346406
30
0
0
VERTEX
8
0
10
139.245368198251
20
69.2044089205411
30
0
0
VERTEX
8
0
10
139.774818267446
20
69.2083955016628
30
0
0
VERTEX
8
0
10
140.304268336641
20
69.2011116171611
30
0
0
VERTEX
8
0
10
140.833718405836
20
69.1926138823438
30
0
0
VERTEX
8
0
10
141.363168475031
20
69.1861154011845
30
0
0
VERTEX
8
0
10
141.892618544226
20
69.1743350822293
30
0
0
VERTEX
8
0
10
142.42206861342
20
69.1641718307919
30
0
0
VERTEX
8
0
10
142.951518682615
20
69.1422763177917
30
0
0
VERTEX
8
0
10
143.48096875181
20
69.1238495058385
30
0
0
VERTEX
8
0
10
144.010418821005
20
69.1008089982743
30
0
0
VERTEX
8
0
10
144.5398688902
20
69.0786269256816
30
0
0
VERTEX
8
0
10
145.069318959395
20
69.0521601228922
30
0
0
VERTEX
8
0
10
145.59876902859
20
69.0126763547584
30
0
0
VERTEX
8
0
10
146.128219097785
20
68.9745223744775
30
0
0
VERTEX
8
0
10
146.65766916698
20
68.9349585632689
30
0
0
VERTEX
8
0
10
147.187119236174
20
68.8932206342946
30
0
0
VERTEX
8
0
10
147.716569305369
20
68.8481960908159
30
0
0
VERTEX
8
0
10
148.246019374564
20
68.7994587188292
30
0
0
VERTEX
8
0
10
148.775469443759
20
68.7489973660247
30
0
0
VERTEX
8
0
10
149.304919512954
20
68.696537953518
30
0
0
VERTEX
8
0
10
149.834369582149
20
68.6422480540831
30
0
0
VERTEX
8
0
10
150.363819651344
20
68.5854686934127
30
0
0
VERTEX
8
0
10
150.893269720539
20
68.5264106608321
30
0
0
VERTEX
8
0
10
151.422719789733
20
68.4658905822745
30
0
0
VERTEX
8
0
10
151.952169858928
20
68.4044807992231
30
0
0
VERTEX
8
0
10
152.481619928123
20
68.3427467800011
30
0
0
VERTEX
8
0
10
153.011069997318
20
68.2813851524181
30
0
0
VERTEX
8
0
10
153.540520066513
20
68.220472040674
30
0
0
SEQEND
8
0
0
ENDSEC
0
EOF
