0
SECTION
2
HEADER
9
$ACADVER
1
AC1009
0
ENDSEC
0
SECTION
2
ENTITIES
0
POLYLINE
8
0
62
0
70
1
10
0
20
0
30
0
0
VERTEX
8
0
10
0
20
0
30
0
0
VERTEX
8
0
10
0
20
122.682
30
0
0
VERTEX
8
0
10
179.2
20
122.682
30
0
0
VERTEX
8
0
10
179.2
20
0
30
0
0
SEQEND
8
0
0
TEXT
8
0
62
0
10
0
20
-12
30
0
40
8
1
0
50
0
0
LINE
8
0
62
0
10
6.89259930227817
20
0
30
0
11
6.89259930227817
21
3.2
31
0
0
LINE
8
0
62
0
10
6.89259930227817
20
122.682
30
0
11
6.89259930227817
21
119.482
31
0
0
LINE
8
0
62
0
10
13.7851986045563
20
0
30
0
11
13.7851986045563
21
3.2
31
0
0
LINE
8
0
62
0
10
13.7851986045563
20
122.682
30
0
11
13.7851986045563
21
119.482
31
0
0
LINE
8
0
62
0
10
20.6777979068345
20
0
30
0
11
20.6777979068345
21
3.2
31
0
0
LINE
8
0
62
0
10
20.6777979068345
20
122.682
30
0
11
20.6777979068345
21
119.482
31
0
0
LINE
8
0
62
0
10
27.5703972091127
20
0
30
0
11
27.5703972091127
21
3.2
31
0
0
LINE
8
0
62
0
10
27.5703972091127
20
122.682
30
0
11
27.5703972091127
21
119.482
31
0
0
LINE
8
0
62
0
10
34.4629965113909
20
0
30
0
11
34.4629965113909
21
6.4
31
0
0
LINE
8
0
62
0
10
34.4629965113909
20
122.682
30
0
11
34.4629965113909
21
116.282
31
0
0
TEXT
8
0
62
0
10
34.4629965113909
20
-12
30
0
40
8
1
0.5
50
0
0
LINE
8
0
62
0
10
41.355595813669
20
0
30
0
11
41.355595813669
21
3.2
31
0
0
LINE
8
0
62
0
10
41.355595813669
20
122.682
30
0
11
41.355595813669
21
119.482
31
0
0
LINE
8
0
62
0
10
48.2481951159472
20
0
30
0
11
48.2481951159472
21
3.2
31
0
0
LINE
8
0
62
0
10
48.2481951159472
20
122.682
30
0
11
48.2481951159472
21
119.482
31
0
0
LINE
8
0
62
0
10
55.1407944182254
20
0
30
0
11
55.1407944182254
21
3.2
31
0
0
LINE
8
0
62
0
10
55.1407944182254
20
122.682
30
0
11
55.1407944182254
21
119.482
31
0
0
LINE
8
0
62
0
10
62.0333937205036
20
0
30
0
11
62.0333937205036
21
3.2
31
0
0
LINE
8
0
62
0
10
62.0333937205036
20
122.682
30
0
11
62.0333937205036
21
119.482
31
0
0
LINE
8
0
62
0
10
68.9259930227817
20
0
30
0
11
68.9259930227817
21
6.4
31
0
0
LINE
8
0
62
0
10
68.9259930227817
20
122.682
30
0
11
68.9259930227817
21
116.282
31
0
0
TEXT
8
0
62
0
10
68.9259930227817
20
-12
30
0
40
8
1
1
50
0
0
LINE
8
0
62
0
10
75.8185923250599
20
0
30
0
11
75.8185923250599
21
3.2
31
0
0
LINE
8
0
62
0
10
75.8185923250599
20
122.682
30
0
11
75.8185923250599
21
119.482
31
0
0
LINE
8
0
62
0
10
82.7111916273381
20
0
30
0
11
82.7111916273381
21
3.2
31
0
0
LINE
8
0
62
0
10
82.7111916273381
20
122.682
30
0
11
82.7111916273381
21
119.482
31
0
0
LINE
8
0
62
0
10
89.6037909296162
20
0
30
0
11
89.6037909296162
21
3.2
31
0
0
LINE
8
0
62
0
10
89.6037909296162
20
122.682
30
0
11
89.6037909296162
21
119.482
31
0
0
LINE
8
0
62
0
10
96.4963902318944
20
0
30
0
11
96.4963902318944
21
3.2
31
0
0
LINE
8
0
62
0
10
96.4963902318944
20
122.682
30
0
11
96.4963902318944
21
119.482
31
0
0
LINE
8
0
62
0
10
103.388989534173
20
0
30
0
11
103.388989534173
21
6.4
31
0
0
LINE
8
0
62
0
10
103.388989534173
20
122.682
30
0
11
103.388989534173
21
116.282
31
0
0
TEXT
8
0
62
0
10
103.388989534173
20
-12
30
0
40
8
1
1.5
50
0
0
LINE
8
0
62
0
10
110.281588836451
20
0
30
0
11
110.281588836451
21
3.2
31
0
0
LINE
8
0
62
0
10
110.281588836451
20
122.682
30
0
11
110.281588836451
21
119.482
31
0
0
LINE
8
0
62
0
10
117.174188138729
20
0
30
0
11
117.174188138729
21
3.2
31
0
0
LINE
8
0
62
0
10
117.174188138729
20
122.682
30
0
11
117.174188138729
21
119.482
31
0
0
LINE
8
0
62
0
10
124.066787441007
20
0
30
0
11
124.066787441007
21
3.2
31
0
0
LINE
8
0
62
0
10
124.066787441007
20
122.682
30
0
11
124.066787441007
21
119.482
31
0
0
LINE
8
0
62
0
10
130.959386743285
20
0
30
0
11
130.959386743285
21
3.2
31
0
0
LINE
8
0
62
0
10
130.959386743285
20
122.682
30
0
11
130.959386743285
21
119.482
31
0
0
LINE
8
0
62
0
10
137.851986045563
20
0
30
0
11
137.851986045563
21
6.4
31
0
0
LINE
8
0
62
0
10
137.851986045563
20
122.682
30
0
11
137.851986045563
21
116.282
31
0
0
TEXT
8
0
62
0
10
137.851986045563
20
-12
30
0
40
8
1
2
50
0
0
LINE
8
0
62
0
10
144.744585347842
20
0
30
0
11
144.744585347842
21
3.2
31
0
0
LINE
8
0
62
0
10
144.744585347842
20
122.682
30
0
11
144.744585347842
21
119.482
31
0
0
LINE
8
0
62
0
10
151.63718465012
20
0
30
0
11
151.63718465012
21
3.2
31
0
0
LINE
8
0
62
0
10
151.63718465012
20
122.682
30
0
11
151.63718465012
21
119.482
31
0
0
LINE
8
0
62
0
10
158.529783952398
20
0
30
0
11
158.529783952398
21
3.2
31
0
0
LINE
8
0
62
0
10
158.529783952398
20
122.682
30
0
11
158.529783952398
21
119.482
31
0
0
LINE
8
0
62
0
10
165.422383254676
20
0
30
0
11
165.422383254676
21
3.2
31
0
0
LINE
8
0
62
0
10
165.422383254676
20
122.682
30
0
11
165.422383254676
21
119.482
31
0
0
LINE
8
0
62
0
10
172.314982556954
20
0
30
0
11
172.314982556954
21
6.4
31
0
0
LINE
8
0
62
0
10
172.314982556954
20
122.682
30
0
11
172.314982556954
21
116.282
31
0
0
TEXT
8
0
62
0
10
172.314982556954
20
-12
30
0
40
8
1
2.5
50
0
0
TEXT
8
0
62
0
10
-4
20
-4
30
0
40
8
1
0
50
0
0
LINE
8
0
62
0
10
0
20
4.90728
30
0
11
3.2
21
4.90728
31
0
0
LINE
8
0
62
0
10
179.2
20
4.90728
30
0
11
176
21
4.90728
31
0
0
LINE
8
0
62
0
10
0
20
9.81456
30
0
11
3.2
21
9.81456
31
0
0
LINE
8
0
62
0
10
179.2
20
9.81456
30
0
11
176
21
9.81456
31
0
0
LINE
8
0
62
0
10
0
20
14.72184
30
0
11
3.2
21
14.72184
31
0
0
LINE
8
0
62
0
10
179.2
20
14.72184
30
0
11
176
21
14.72184
31
0
0
LINE
8
0
62
0
10
0
20
19.62912
30
0
11
3.2
21
19.62912
31
0
0
LINE
8
0
62
0
10
179.2
20
19.62912
30
0
11
176
21
19.62912
31
0
0
LINE
8
0
62
0
10
0
20
24.5364
30
0
11
6.4
21
24.5364
31
0
0
LINE
8
0
62
0
10
179.2
20
24.5364
30
0
11
172.8
21
24.5364
31
0
0
TEXT
8
0
62
0
10
-4
20
20.5364
30
0
40
8
1
20
50
0
0
LINE
8
0
62
0
10
0
20
29.44368
30
0
11
3.2
21
29.44368
31
0
0
LINE
8
0
62
0
10
179.2
20
29.44368
30
0
11
176
21
29.44368
31
0
0
LINE
8
0
62
0
10
0
20
34.35096
30
0
11
3.2
21
34.35096
31
0
0
LINE
8
0
62
0
10
179.2
20
34.35096
30
0
11
176
21
34.35096
31
0
0
LINE
8
0
62
0
10
0
20
39.25824
30
0
11
3.2
21
39.25824
31
0
0
LINE
8
0
62
0
10
179.2
20
39.25824
30
0
11
176
21
39.25824
31
0
0
LINE
8
0
62
0
10
0
20
44.16552
30
0
11
3.2
21
44.16552
31
0
0
LINE
8
0
62
0
10
179.2
20
44.16552
30
0
11
176
21
44.16552
31
0
0
LINE
8
0
62
0
10
0
20
49.0728
30
0
11
6.4
21
49.0728
31
0
0
LINE
8
0
62
0
10
179.2
20
49.0728
30
0
11
172.8
21
49.0728
31
0
0
TEXT
8
0
62
0
10
-4
20
45.0728
30
0
40
8
1
40
50
0
0
LINE
8
0
62
0
10
0
20
53.98008
30
0
11
3.2
21
53.98008
31
0
0
LINE
8
0
62
0
10
179.2
20
53.98008
30
0
11
176
21
53.98008
31
0
0
LINE
8
0
62
0
10
0
20
58.88736
30
0
11
3.2
21
58.88736
31
0
0
LINE
8
0
62
0
10
179.2
20
58.88736
30
0
11
176
21
58.88736
31
0
0
LINE
8
0
62
0
10
0
20
63.79464
30
0
11
3.2
21
63.79464
31
0
0
LINE
8
0
62
0
10
179.2
20
63.79464
30
0
11
176
21
63.79464
31
0
0
LINE
8
0
62
0
10
0
20
68.70192
30
0
11
3.2
21
68.70192
31
0
0
LINE
8
0
62
0
10
179.2
20
68.70192
30
0
11
176
21
68.70192
31
0
0
LINE
8
0
62
0
10
0
20
73.6092
30
0
11
6.4
21
73.6092
31
0
0
LINE
8
0
62
0
10
179.2
20
73.6092
30
0
11
172.8
21
73.6092
31
0
0
TEXT
8
0
62
0
10
-4
20
69.6092
30
0
40
8
1
60
50
0
0
LINE
8
0
62
0
10
0
20
78.51648
30
0
11
3.2
21
78.51648
31
0
0
LINE
8
0
62
0
10
179.2
20
78.51648
30
0
11
176
21
78.51648
31
0
0
LINE
8
0
62
0
10
0
20
83.42376
30
0
11
3.2
21
83.42376
31
0
0
LINE
8
0
62
0
10
179.2
20
83.42376
30
0
11
176
21
83.42376
31
0
0
LINE
8
0
62
0
10
0
20
88.33104
30
0
11
3.2
21
88.33104
31
0
0
LINE
8
0
62
0
10
179.2
20
88.33104
30
0
11
176
21
88.33104
31
0
0
LINE
8
0
62
0
10
0
20
93.23832
30
0
11
3.2
21
93.23832
31
0
0
LINE
8
0
62
0
10
179.2
20
93.23832
30
0
11
176
21
93.23832
31
0
0
LINE
8
0
62
0
10
0
20
98.1456
30
0
11
6.4
21
98.1456
31
0
0
LINE
8
0
62
0
10
179.2
20
98.1456
30
0
11
172.8
21
98.1456
31
0
0
TEXT
8
0
62
0
10
-4
20
94.1456
30
0
40
8
1
80
50
0
0
LINE
8
0
62
0
10
0
20
103.05288
30
0
11
3.2
21
103.05288
31
0
0
LINE
8
0
62
0
10
179.2
20
103.05288
30
0
11
176
21
103.05288
31
0
0
LINE
8
0
62
0
10
0
20
107.96016
30
0
11
3.2
21
107.96016
31
0
0
LINE
8
0
62
0
10
179.2
20
107.96016
30
0
11
176
21
107.96016
31
0
0
LINE
8
0
62
0
10
0
20
112.86744
30
0
11
3.2
21
112.86744
31
0
0
LINE
8
0
62
0
10
179.2
20
112.86744
30
0
11
176
21
112.86744
31
0
0
LINE
8
0
62
0
10
0
20
117.77472
30
0
11
3.2
21
117.77472
31
0
0
LINE
8
0
62
0
10
179.2
20
117.77472
30
0
11
176
21
117.77472
31
0
0
TEXT
8
0
62
0
10
-4
20
118.682
30
0
40
8
1
100
50
0
0
TEXT
8
0
62
0
10
89.6
20
-32
30
0
40
10
1
R (kpc)
50
0
0
TEXT
8
0
62
0
10
-24
20
61.341
30
0
40
10
1
V (km/s)
50
90
0
TEXT
8
0
62
0
10
72.6
20
137.682
30
0
40
11
1
V vs. R
50
0
0
POLYLINE
8
0
62
5
70
0
10
0
20
0
30
0
0
VERTEX
8
0
10
8.96037909296163
20
11.3058899994387
30
0
0
VERTEX
8
0
10
9.64963902318944
20
11.7950650627298
30
0
0
VERTEX
8
0
10
10.3388989534173
20
12.2842401260209
30
0
0
VERTEX
8
0
10
11.0281588836451
20
12.7734151893121
30
0
0
VERTEX
8
0
10
11.7174188138729
20
13.2625902526032
30
0
0
VERTEX
8
0
10
12.4066787441007
20
13.7638995707991
30
0
0
VERTEX
8
0
10
13.0959386743285
20
14.2616157859889
30
0
0
VERTEX
8
0
10
13.7851986045564
20
14.7593320011788
30
0
0
VERTEX
8
0
10
14.4744585347842
20
15.2503199717365
30
0
0
VERTEX
8
0
10
15.163718465012
20
15.7366479843947
30
0
0
VERTEX
8
0
10
15.8529783952398
20
16.222975997053
30
0
0
VERTEX
8
0
10
16.5422383254676
20
16.7093040097112
30
0
0
VERTEX
8
0
10
17.2314982556954
20
17.163135702658
30
0
0
VERTEX
8
0
10
17.9207581859233
20
17.6067579558225
30
0
0
VERTEX
8
0
10
18.6100181161511
20
18.0503802089871
30
0
0
VERTEX
8
0
10
19.2992780463789
20
18.4940024621516
30
0
0
VERTEX
8
0
10
19.9885379766067
20
18.9190692450251
30
0
0
VERTEX
8
0
10
20.6777979068345
20
19.3427621437593
30
0
0
VERTEX
8
0
10
21.3670578370624
20
19.7664550424935
30
0
0
VERTEX
8
0
10
22.0563177672902
20
20.1901479412277
30
0
0
VERTEX
8
0
10
22.745577697518
20
20.5730839988212
30
0
0
VERTEX
8
0
10
23.4348376277458
20
20.9597652393275
30
0
0
VERTEX
8
0
10
24.1240975579736
20
21.3464464798338
30
0
0
VERTEX
8
0
10
24.8133574882014
20
21.7331277203402
30
0
0
VERTEX
8
0
10
25.5026174184293
20
22.0944724483707
30
0
0
VERTEX
8
0
10
26.1918773486571
20
22.4612243344467
30
0
0
VERTEX
8
0
10
26.8811372788849
20
22.8279762205226
30
0
0
VERTEX
8
0
10
27.5703972091127
20
23.1947281065986
30
0
0
VERTEX
8
0
10
28.2596571393405
20
23.5573761307362
30
0
0
VERTEX
8
0
10
28.9489170695683
20
23.9212809661792
30
0
0
VERTEX
8
0
10
29.6381769997962
20
24.2851858016223
30
0
0
VERTEX
8
0
10
30.327436930024
20
24.643867122681
30
0
0
VERTEX
8
0
10
31.0166968602518
20
24.9992308062253
30
0
0
VERTEX
8
0
10
31.7059567904796
20
25.3545944897696
30
0
0
VERTEX
8
0
10
32.3952167207074
20
25.7099581733139
30
0
0
VERTEX
8
0
10
33.0844766509353
20
26.0786750465632
30
0
0
VERTEX
8
0
10
33.7737365811631
20
26.451121033905
30
0
0
VERTEX
8
0
10
34.4629965113909
20
26.8235670212467
30
0
0
VERTEX
8
0
10
35.1522564416187
20
27.1960130085885
30
0
0
VERTEX
8
0
10
35.8415163718465
20
27.5657491041567
30
0
0
VERTEX
8
0
10
36.5307763020743
20
27.9353480408656
30
0
0
VERTEX
8
0
10
37.2200362323022
20
28.3049469775745
30
0
0
VERTEX
8
0
10
37.90929616253
20
28.6745459142833
30
0
0
VERTEX
8
0
10
38.5985560927578
20
29.0345620952034
30
0
0
VERTEX
8
0
10
39.2878160229856
20
29.3956198800135
30
0
0
VERTEX
8
0
10
39.9770759532134
20
29.7566776648236
30
0
0
VERTEX
8
0
10
40.6663358834413
20
30.1177354496337
30
0
0
VERTEX
8
0
10
41.3555958136691
20
30.4640787861012
30
0
0
VERTEX
8
0
10
42.0448557438969
20
30.8137483683797
30
0
0
VERTEX
8
0
10
42.7341156741247
20
31.1634179506582
30
0
0
VERTEX
8
0
10
43.4233756043525
20
31.5130875329367
30
0
0
VERTEX
8
0
10
44.1126355345803
20
31.8377792817649
30
0
0
VERTEX
8
0
10
44.8018954648082
20
32.1703665602459
30
0
0
VERTEX
8
0
10
45.491155395036
20
32.5029538387269
30
0
0
VERTEX
8
0
10
46.1804153252638
20
32.8319405536782
30
0
0
VERTEX
8
0
10
46.8696752554916
20
33.1588337308934
30
0
0
VERTEX
8
0
10
47.5589351857194
20
33.4857269081086
30
0
0
VERTEX
8
0
10
48.2481951159473
20
33.8126200853238
30
0
0
VERTEX
8
0
10
48.9374550461751
20
34.137228620618
30
0
0
VERTEX
8
0
10
49.6267149764029
20
34.4612747472003
30
0
0
VERTEX
8
0
10
50.3159749066307
20
34.7853208737826
30
0
0
VERTEX
8
0
10
51.0052348368585
20
35.1093670003649
30
0
0
VERTEX
8
0
10
51.6944947670863
20
35.4389511311011
30
0
0
VERTEX
8
0
10
52.3837546973142
20
35.7686913589492
30
0
0
VERTEX
8
0
10
53.073014627542
20
36.0984315867973
30
0
0
VERTEX
8
0
10
53.7622745577698
20
36.4281718146454
30
0
0
VERTEX
8
0
10
54.4515344879976
20
36.7481519557944
30
0
0
VERTEX
8
0
10
55.1407944182254
20
37.0693510317438
30
0
0
VERTEX
8
0
10
55.8300543484533
20
37.3905501076932
30
0
0
VERTEX
8
0
10
56.5193142786811
20
37.7117491836426
30
0
0
VERTEX
8
0
10
57.2085742089089
20
38.0217350924247
30
0
0
VERTEX
8
0
10
57.8978341391367
20
38.3343930164754
30
0
0
VERTEX
8
0
10
58.5870940693645
20
38.647050940526
30
0
0
VERTEX
8
0
10
59.2763539995923
20
38.9597088645766
30
0
0
VERTEX
8
0
10
59.9656139298202
20
39.3061434489882
30
0
0
VERTEX
8
0
10
60.654873860048
20
39.6415777781021
30
0
0
VERTEX
8
0
10
61.3441337902758
20
39.977012107216
30
0
0
VERTEX
8
0
10
62.0333937205036
20
40.3236027887395
30
0
0
VERTEX
8
0
10
62.7226536507314
20
40.6761194216509
30
0
0
VERTEX
8
0
10
63.4119135809593
20
41.0286360545623
30
0
0
VERTEX
8
0
10
64.1011735111871
20
41.3811526874737
30
0
0
VERTEX
8
0
10
64.7904334414149
20
41.7828881170957
30
0
0
VERTEX
8
0
10
65.4796933716427
20
42.1951928132982
30
0
0
VERTEX
8
0
10
66.1689533018705
20
42.6074975095007
30
0
0
VERTEX
8
0
10
66.8582132320983
20
43.0198022057033
30
0
0
VERTEX
8
0
10
67.5474731623262
20
43.4434193514272
30
0
0
VERTEX
8
0
10
68.236733092554
20
43.8671122501614
30
0
0
VERTEX
8
0
10
68.9259930227818
20
44.2908051488956
30
0
0
VERTEX
8
0
10
69.6152529530096
20
44.7144980476298
30
0
0
VERTEX
8
0
10
70.3045128832374
20
45.1514408365096
30
0
0
VERTEX
8
0
10
70.9937728134652
20
45.5865219377754
30
0
0
VERTEX
8
0
10
71.6830327436931
20
46.0216030390413
30
0
0
VERTEX
8
0
10
72.3722926739209
20
46.4566841403071
30
0
0
VERTEX
8
0
10
73.0615526041487
20
46.876577910803
30
0
0
VERTEX
8
0
10
73.7508125343765
20
47.3002708095372
30
0
0
VERTEX
8
0
10
74.4400724646043
20
47.7239637082714
30
0
0
VERTEX
8
0
10
75.1293323948321
20
48.1304469004182
30
0
0
VERTEX
8
0
10
75.81859232506
20
48.5199751915575
30
0
0
VERTEX
8
0
10
76.5078522552878
20
48.9095034826967
30
0
0
VERTEX
8
0
10
77.1971121855156
20
49.2990317738359
30
0
0
VERTEX
8
0
10
77.8863721157434
20
49.7019895815768
30
0
0
VERTEX
8
0
10
78.5756320459712
20
50.1114472271464
30
0
0
VERTEX
8
0
10
79.2648919761991
20
50.5209048727161
30
0
0
VERTEX
8
0
10
79.9541519064269
20
50.9303625182857
30
0
0
VERTEX
8
0
10
80.6434118366547
20
51.3470287514385
30
0
0
VERTEX
8
0
10
81.3326717668825
20
51.7650275489068
30
0
0
VERTEX
8
0
10
82.0219316971103
20
52.1830263463752
30
0
0
VERTEX
8
0
10
82.7111916273381
20
52.6010251438435
30
0
0
VERTEX
8
0
10
83.400451557566
20
53.0334600547307
30
0
0
VERTEX
8
0
10
84.0897114877938
20
53.4656941053636
30
0
0
VERTEX
8
0
10
84.7789714180216
20
53.8979281559965
30
0
0
VERTEX
8
0
10
85.4682313482494
20
54.3301622066295
30
0
0
VERTEX
8
0
10
86.1574912784772
20
54.7725110057818
30
0
0
VERTEX
8
0
10
86.8467512087051
20
55.2132862083135
30
0
0
VERTEX
8
0
10
87.5360111389329
20
55.6540614108451
30
0
0
VERTEX
8
0
10
88.2252710691607
20
56.0948366133768
30
0
0
VERTEX
8
0
10
88.9145309993885
20
56.4893404999579
30
0
0
VERTEX
8
0
10
89.6037909296163
20
56.8959510948946
30
0
0
VERTEX
8
0
10
90.2930508598441
20
57.3025616898313
30
0
0
VERTEX
8
0
10
90.982310790072
20
57.700212769654
30
0
0
VERTEX
8
0
10
91.6715707202998
20
58.0897410607932
30
0
0
VERTEX
8
0
10
92.3608306505276
20
58.4792693519324
30
0
0
VERTEX
8
0
10
93.0500905807554
20
58.8687976430717
30
0
0
VERTEX
8
0
10
93.7393505109832
20
59.2444826454854
30
0
0
VERTEX
8
0
10
94.428610441211
20
59.6140815821943
30
0
0
VERTEX
8
0
10
95.1178703714389
20
59.9836805189032
30
0
0
VERTEX
8
0
10
95.8071303016667
20
60.353279455612
30
0
0
VERTEX
8
0
10
96.4963902318945
20
60.6982586640097
30
0
0
VERTEX
8
0
10
97.1856501621223
20
61.0393870943894
30
0
0
VERTEX
8
0
10
97.8749100923501
20
61.3805155247692
30
0
0
VERTEX
8
0
10
98.564170022578
20
61.7216439551489
30
0
0
VERTEX
8
0
10
99.2534299528058
20
62.0657187185159
30
0
0
VERTEX
8
0
10
99.9426898830336
20
62.4096941995285
30
0
0
VERTEX
8
0
10
100.631949813261
20
62.7536696805412
30
0
0
VERTEX
8
0
10
101.321209743489
20
63.0976451615538
30
0
0
VERTEX
8
0
10
102.010469673717
20
63.3901602454181
30
0
0
VERTEX
8
0
10
102.699729603945
20
63.6914299669371
30
0
0
VERTEX
8
0
10
103.388989534173
20
63.9926996884561
30
0
0
VERTEX
8
0
10
104.078249464401
20
64.293969409975
30
0
0
VERTEX
8
0
10
104.767509394628
20
64.5717488116984
30
0
0
VERTEX
8
0
10
105.456769324856
20
64.8559362294199
30
0
0
VERTEX
8
0
10
106.146029255084
20
65.1401236471414
30
0
0
VERTEX
8
0
10
106.835289185312
20
65.3994732597042
30
0
0
VERTEX
8
0
10
107.52454911554
20
65.6381078672991
30
0
0
VERTEX
8
0
10
108.213809045767
20
65.8767424748941
30
0
0
VERTEX
8
0
10
108.903068975995
20
66.115377082489
30
0
0
VERTEX
8
0
10
109.592328906223
20
66.3336444602992
30
0
0
VERTEX
8
0
10
110.281588836451
20
66.543808561565
30
0
0
VERTEX
8
0
10
110.970848766679
20
66.7539726628309
30
0
0
VERTEX
8
0
10
111.660108696907
20
66.9641367640967
30
0
0
VERTEX
8
0
10
112.349368627134
20
67.0986683713267
30
0
0
VERTEX
8
0
10
113.038628557362
20
67.2234209536052
30
0
0
VERTEX
8
0
10
113.72788848759
20
67.3481735358837
30
0
0
VERTEX
8
0
10
114.417148417818
20
67.4729261181622
30
0
0
VERTEX
8
0
10
115.106408348046
20
67.5796460406972
30
0
0
VERTEX
8
0
10
115.795668278273
20
67.6873163191782
30
0
0
VERTEX
8
0
10
116.484928208501
20
67.7949865976592
30
0
0
VERTEX
8
0
10
117.174188138729
20
67.9026568761402
30
0
0
VERTEX
8
0
10
117.863448068957
20
67.9754291201549
30
0
0
VERTEX
8
0
10
118.552707999185
20
68.0546288923068
30
0
0
VERTEX
8
0
10
119.241967929412
20
68.1338286644587
30
0
0
VERTEX
8
0
10
119.93122785964
20
68.2130284366106
30
0
0
VERTEX
8
0
10
120.620487789868
20
68.1014683558337
30
0
0
VERTEX
8
0
10
121.309747720096
20
68.0440096976059
30
0
0
VERTEX
8
0
10
121.999007650324
20
67.986551039378
30
0
0
VERTEX
8
0
10
122.688267580552
20
67.9194235423952
30
0
0
VERTEX
8
0
10
123.377527510779
20
67.8448825803699
30
0
0
VERTEX
8
0
10
124.066787441007
20
67.7703416183446
30
0
0
VERTEX
8
0
10
124.756047371235
20
67.6958006563193
30
0
0
VERTEX
8
0
10
125.445307301463
20
67.621259694294
30
0
0
VERTEX
8
0
10
126.134567231691
20
67.5467187322686
30
0
0
VERTEX
8
0
10
126.823827161919
20
67.4721777702433
30
0
0
VERTEX
8
0
10
127.513087092146
20
67.397636808218
30
0
0
VERTEX
8
0
10
128.202347022374
20
67.3230958461927
30
0
0
VERTEX
8
0
10
128.891606952602
20
67.2485548841674
30
0
0
VERTEX
8
0
10
129.58086688283
20
67.1740139221421
30
0
0
VERTEX
8
0
10
130.270126813058
20
67.0994729601167
30
0
0
VERTEX
8
0
10
130.959386743285
20
67.0065446765275
30
0
0
VERTEX
8
0
10
131.648646673513
20
66.9149214107047
30
0
0
VERTEX
8
0
10
132.337906603741
20
66.823298144882
30
0
0
VERTEX
8
0
10
133.027166533969
20
66.7316748790592
30
0
0
VERTEX
8
0
10
133.716426464197
20
66.5726222519857
30
0
0
VERTEX
8
0
10
134.405686394424
20
66.4269050241376
30
0
0
VERTEX
8
0
10
135.094946324652
20
66.2811877962895
30
0
0
VERTEX
8
0
10
135.78420625488
20
66.1354705684414
30
0
0
VERTEX
8
0
10
136.473466185108
20
65.9857200666872
30
0
0
VERTEX
8
0
10
137.162726115336
20
65.8371557882062
30
0
0
VERTEX
8
0
10
137.851986045564
20
65.6885915097252
30
0
0
VERTEX
8
0
10
138.541245975791
20
65.5400272312442
30
0
0
VERTEX
8
0
10
139.230505906019
20
65.3914629527632
30
0
0
VERTEX
8
0
10
139.919765836247
20
65.2428986742822
30
0
0
VERTEX
8
0
10
140.609025766475
20
65.0943343958012
30
0
0
VERTEX
8
0
10
141.298285696703
20
64.9457701173201
30
0
0
VERTEX
8
0
10
141.98754562693
20
64.7972058388391
30
0
0
VERTEX
8
0
10
142.676805557158
20
64.6486415603581
30
0
0
VERTEX
8
0
10
143.366065487386
20
64.5000772818771
30
0
0
VERTEX
8
0
10
144.055325417614
20
64.3884632557748
30
0
0
VERTEX
8
0
10
144.744585347842
20
64.2797576861545
30
0
0
VERTEX
8
0
10
145.433845278069
20
64.1710521165343
30
0
0
VERTEX
8
0
10
146.123105208297
20
64.062346546914
30
0
0
VERTEX
8
0
10
146.812365138525
20
63.9630119689859
30
0
0
VERTEX
8
0
10
147.501625068753
20
63.8628475512644
30
0
0
VERTEX
8
0
10
148.190884998981
20
63.7626831335429
30
0
0
VERTEX
8
0
10
148.880144929208
20
63.6625187158214
30
0
0
VERTEX
8
0
10
149.569404859436
20
63.5659623221533
30
0
0
VERTEX
8
0
10
150.258664789664
20
63.4686449550647
30
0
0
VERTEX
8
0
10
150.947924719892
20
63.3713275879761
30
0
0
VERTEX
8
0
10
151.63718465012
20
63.2740102208875
30
0
0
VERTEX
8
0
10
152.326444580347
20
63.1848776222179
30
0
0
VERTEX
8
0
10
153.015704510575
20
63.0932543563951
30
0
0
VERTEX
8
0
10
153.704964440803
20
63.0016310905723
30
0
0
VERTEX
8
0
10
154.394224371031
20
62.9082781310169
30
0
0
VERTEX
8
0
10
155.083484301259
20
62.8138078145612
30
0
0
SEQEND
8
0
0
POLYLINE
8
0
62
6
70
0
10
0
20
0
30
0
0
VERTEX
8
0
10
8.96037909296163
20
1.07308107769695
30
0
0
VERTEX
8
0
10
9.64963902318944
20
1.4078375135853
30
0
0
VERTEX
8
0
10
10.3388989534173
20
1.74259394947365
30
0
0
VERTEX
8
0
10
11.0281588836451
20
2.077350385362
30
0
0
VERTEX
8
0
10
11.7174188138729
20
2.26620556307343
30
0
0
VERTEX
8
0
10
12.4066787441007
20
2.37953146916306
30
0
0
VERTEX
8
0
10
13.0959386743285
20
2.49285737525269
30
0
0
VERTEX
8
0
10
13.7851986045564
20
2.60618328134232
30
0
0
VERTEX
8
0
10
14.4744585347842
20
2.72121397914619
30
0
0
VERTEX
8
0
10
15.163718465012
20
2.83742540952594
30
0
0
VERTEX
8
0
10
15.8529783952398
20
2.95363683990569
30
0
0
VERTEX
8
0
10
16.5422383254676
20
3.06984827028544
30
0
0
VERTEX
8
0
10
17.2314982556954
20
3.1622290662101
30
0
0
VERTEX
8
0
10
17.9207581859233
20
3.24712293962782
30
0
0
VERTEX
8
0
10
18.6100181161511
20
3.33201681304554
30
0
0
VERTEX
8
0
10
19.2992780463789
20
3.41691068646325
30
0
0
VERTEX
8
0
10
19.9885379766067
20
3.49120143400037
30
0
0
VERTEX
8
0
10
20.6777979068345
20
3.56470710488644
30
0
0
VERTEX
8
0
10
21.3670578370624
20
3.63821277577252
30
0
0
VERTEX
8
0
10
22.0563177672902
20
3.71171844665859
30
0
0
VERTEX
8
0
10
22.745577697518
20
3.77268355103985
30
0
0
VERTEX
8
0
10
23.4348376277458
20
3.83480101939428
30
0
0
VERTEX
8
0
10
24.1240975579736
20
3.89691848774872
30
0
0
VERTEX
8
0
10
24.8133574882014
20
3.95903595610315
30
0
0
VERTEX
8
0
10
25.5026174184293
20
4.0609679440624
30
0
0
VERTEX
8
0
10
26.1918773486571
20
4.15440296937886
30
0
0
VERTEX
8
0
10
26.8811372788849
20
4.24783799469532
30
0
0
VERTEX
8
0
10
27.5703972091127
20
4.34127302001178
30
0
0
VERTEX
8
0
10
28.2596571393405
20
4.4675389408347
30
0
0
VERTEX
8
0
10
28.9489170695683
20
4.58375037121445
30
0
0
VERTEX
8
0
10
29.6381769997962
20
4.6999618015942
30
0
0
VERTEX
8
0
10
30.327436930024
20
4.8109497175896
30
0
0
VERTEX
8
0
10
31.0166968602518
20
4.91861999607061
30
0
0
VERTEX
8
0
10
31.7059567904796
20
5.02629027455162
30
0
0
VERTEX
8
0
10
32.3952167207074
20
5.13396055303263
30
0
0
VERTEX
8
0
10
33.0844766509353
20
5.21714998372112
30
0
0
VERTEX
8
0
10
33.7737365811631
20
5.29350270524011
30
0
0
VERTEX
8
0
10
34.4629965113909
20
5.3698554267591
30
0
0
VERTEX
8
0
10
35.1522564416187
20
5.44620814827809
30
0
0
VERTEX
8
0
10
35.8415163718465
20
5.52256086979708
30
0
0
VERTEX
8
0
10
36.5307763020743
20
5.59891359131607
30
0
0
VERTEX
8
0
10
37.2200362323022
20
5.67526631283505
30
0
0
VERTEX
8
0
10
37.90929616253
20
5.75161903435404
30
0
0
VERTEX
8
0
10
38.5985560927578
20
5.8567200232395
30
0
0
VERTEX
8
0
10
39.2878160229856
20
5.95869620045469
30
0
0
VERTEX
8
0
10
39.9770759532134
20
6.06067237766988
30
0
0
VERTEX
8
0
10
40.6663358834413
20
6.16264855488507
30
0
0
VERTEX
8
0
10
41.3555958136691
20
6.33083974964215
30
0
0
VERTEX
8
0
10
42.0448557438969
20
6.48406283824975
30
0
0
VERTEX
8
0
10
42.7341156741247
20
6.63728592685735
30
0
0
VERTEX
8
0
10
43.4233756043525
20
6.79050901546494
30
0
0
VERTEX
8
0
10
44.1126355345803
20
6.96870993752281
30
0
0
VERTEX
8
0
10
44.8018954648082
20
7.13901532992786
30
0
0
VERTEX
8
0
10
45.491155395036
20
7.30932072233292
30
0
0
VERTEX
8
0
10
46.1804153252638
20
7.48502696003254
30
0
0
VERTEX
8
0
10
46.8696752554916
20
7.66387350433634
30
0
0
VERTEX
8
0
10
47.5589351857194
20
7.84272004864014
30
0
0
VERTEX
8
0
10
48.2481951159473
20
8.02156659294394
30
0
0
VERTEX
8
0
10
48.9374550461751
20
8.18213600188049
30
0
0
VERTEX
8
0
10
49.6267149764029
20
8.33820614112099
30
0
0
VERTEX
8
0
10
50.3159749066307
20
8.4942762803615
30
0
0
VERTEX
8
0
10
51.0052348368585
20
8.650346419602
30
0
0
VERTEX
8
0
10
51.6944947670863
20
8.75380551938027
30
0
0
VERTEX
8
0
10
52.3837546973142
20
8.85578169659546
30
0
0
VERTEX
8
0
10
53.073014627542
20
8.95775787381065
30
0
0
VERTEX
8
0
10
53.7622745577698
20
9.05973405102584
30
0
0
VERTEX
8
0
10
54.4515344879976
20
9.20400393727019
30
0
0
VERTEX
8
0
10
55.1407944182254
20
9.34299177271323
30
0
0
VERTEX
8
0
10
55.8300543484533
20
9.48197960815627
30
0
0
VERTEX
8
0
10
56.5193142786811
20
9.62096744359931
30
0
0
VERTEX
8
0
10
57.2085742089089
20
9.78611933576581
30
0
0
VERTEX
8
0
10
57.8978341391367
20
9.94503652563924
30
0
0
VERTEX
8
0
10
58.5870940693645
20
10.1039537155127
30
0
0
VERTEX
8
0
10
59.2763539995923
20
10.2628709053861
30
0
0
VERTEX
8
0
10
59.9656139298202
20
10.4175660127144
30
0
0
VERTEX
8
0
10
60.654873860048
20
10.5736361519549
30
0
0
VERTEX
8
0
10
61.3441337902758
20
10.7297062911954
30
0
0
VERTEX
8
0
10
62.0333937205036
20
10.8746200780263
30
0
0
VERTEX
8
0
10
62.7226536507314
20
11.0136079134694
30
0
0
VERTEX
8
0
10
63.4119135809593
20
11.1525957489124
30
0
0
VERTEX
8
0
10
64.1011735111871
20
11.2915835843554
30
0
0
VERTEX
8
0
10
64.7904334414149
20
11.4352589242471
30
0
0
VERTEX
8
0
10
65.4796933716427
20
11.579940860956
30
0
0
VERTEX
8
0
10
66.1689533018705
20
11.7246227976648
30
0
0
VERTEX
8
0
10
66.8582132320983
20
11.8693047343737
30
0
0
VERTEX
8
0
10
67.5474731623262
20
12.025299120604
30
0
0
VERTEX
8
0
10
68.236733092554
20
12.1813692598445
30
0
0
VERTEX
8
0
10
68.9259930227818
20
12.337439399085
30
0
0
VERTEX
8
0
10
69.6152529530096
20
12.4935095383255
30
0
0
VERTEX
8
0
10
70.3045128832374
20
12.7092041832216
30
0
0
VERTEX
8
0
10
70.9937728134652
20
12.9165212338545
30
0
0
VERTEX
8
0
10
71.6830327436931
20
13.1238382844874
30
0
0
VERTEX
8
0
10
72.3722926739209
20
13.3311553351203
30
0
0
VERTEX
8
0
10
73.0615526041487
20
13.5878312107553
30
0
0
VERTEX
8
0
10
73.7508125343765
20
13.8321599196161
30
0
0
VERTEX
8
0
10
74.4400724646043
20
14.0764886284768
30
0
0
VERTEX
8
0
10
75.1293323948321
20
14.378183025962
30
0
0
VERTEX
8
0
10
75.81859232506
20
14.7363937601392
30
0
0
VERTEX
8
0
10
76.5078522552878
20
15.0946044943164
30
0
0
VERTEX
8
0
10
77.1971121855156
20
15.4528152284937
30
0
0
VERTEX
8
0
10
77.8863721157434
20
15.8398034982458
30
0
0
VERTEX
8
0
10
78.5756320459712
20
16.2407199919167
30
0
0
VERTEX
8
0
10
79.2648919761991
20
16.6416364855876
30
0
0
VERTEX
8
0
10
79.9541519064269
20
17.0425529792585
30
0
0
VERTEX
8
0
10
80.6434118366547
20
17.4626923731511
30
0
0
VERTEX
8
0
10
81.3326717668825
20
17.8863852718853
30
0
0
VERTEX
8
0
10
82.0219316971103
20
18.3100781706195
30
0
0
VERTEX
8
0
10
82.7111916273381
20
18.7337710693537
30
0
0
VERTEX
8
0
10
83.400451557566
20
19.0766217329423
30
0
0
VERTEX
8
0
10
84.0897114877938
20
19.420597213955
30
0
0
VERTEX
8
0
10
84.7789714180216
20
19.7645726949676
30
0
0
VERTEX
8
0
10
85.4682313482494
20
20.1085481759803
30
0
0
VERTEX
8
0
10
86.1574912784772
20
20.4457804913133
30
0
0
VERTEX
8
0
10
86.8467512087051
20
20.7840618710601
30
0
0
VERTEX
8
0
10
87.5360111389329
20
21.122343250807
30
0
0
VERTEX
8
0
10
88.2252710691607
20
21.4606246305538
30
0
0
VERTEX
8
0
10
88.9145309993885
20
21.8644570412305
30
0
0
VERTEX
8
0
10
89.6037909296163
20
22.2511382817368
30
0
0
VERTEX
8
0
10
90.2930508598441
20
22.6378195222431
30
0
0
VERTEX
8
0
10
90.982310790072
20
23.0304737728255
30
0
0
VERTEX
8
0
10
91.6715707202998
20
23.4285432158635
30
0
0
VERTEX
8
0
10
92.3608306505276
20
23.8266126589015
30
0
0
VERTEX
8
0
10
93.0500905807554
20
24.2246821019395
30
0
0
VERTEX
8
0
10
93.7393505109832
20
24.6049530309018
30
0
0
VERTEX
8
0
10
94.428610441211
20
24.9773990182436
30
0
0
VERTEX
8
0
10
95.1178703714389
20
25.3498450055854
30
0
0
VERTEX
8
0
10
95.8071303016667
20
25.7222909929272
30
0
0
VERTEX
8
0
10
96.4963902318945
20
26.07504119762
30
0
0
VERTEX
8
0
10
97.1856501621223
20
26.4247107798984
30
0
0
VERTEX
8
0
10
97.8749100923501
20
26.7743803621769
30
0
0
VERTEX
8
0
10
98.564170022578
20
27.1240499444554
30
0
0
VERTEX
8
0
10
99.2534299528058
20
27.4796121927082
30
0
0
VERTEX
8
0
10
99.9426898830336
20
27.8349758762525
30
0
0
VERTEX
8
0
10
100.631949813261
20
28.1903395597968
30
0
0
VERTEX
8
0
10
101.321209743489
20
28.5457032433411
30
0
0
VERTEX
8
0
10
102.010469673717
20
28.9319431651745
30
0
0
VERTEX
8
0
10
102.699729603945
20
29.312930304415
30
0
0
VERTEX
8
0
10
103.388989534173
20
29.6939174436555
30
0
0
VERTEX
8
0
10
104.078249464401
20
30.074904582896
30
0
0
VERTEX
8
0
10
104.767509394628
20
30.4676368820343
30
0
0
VERTEX
8
0
10
105.456769324856
20
30.8571651731736
30
0
0
VERTEX
8
0
10
106.146029255084
20
31.2466934643128
30
0
0
VERTEX
8
0
10
106.835289185312
20
31.6036221361812
30
0
0
VERTEX
8
0
10
107.52454911554
20
31.9333623640293
30
0
0
VERTEX
8
0
10
108.213809045767
20
32.2631025918774
30
0
0
VERTEX
8
0
10
108.903068975995
20
32.5928428197255
30
0
0
VERTEX
8
0
10
109.592328906223
20
32.9001790948104
30
0
0
VERTEX
8
0
10
110.281588836451
20
33.1986017656965
30
0
0
VERTEX
8
0
10
110.970848766679
20
33.4970244365826
30
0
0
VERTEX
8
0
10
111.660108696907
20
33.7954471074687
30
0
0
VERTEX
8
0
10
112.349368627134
20
34.0762221964131
30
0
0
VERTEX
8
0
10
113.038628557362
20
34.3547155128688
30
0
0
VERTEX
8
0
10
113.72788848759
20
34.6332088293245
30
0
0
VERTEX
8
0
10
114.417148417818
20
34.9117021457802
30
0
0
VERTEX
8
0
10
115.106408348046
20
35.1871900189453
30
0
0
VERTEX
8
0
10
115.795668278273
20
35.4628362847681
30
0
0
VERTEX
8
0
10
116.484928208501
20
35.7384825505908
30
0
0
VERTEX
8
0
10
117.174188138729
20
36.0141288164136
30
0
0
VERTEX
8
0
10
117.863448068957
20
36.2164892098572
30
0
0
VERTEX
8
0
10
118.552707999185
20
36.4323474123888
30
0
0
VERTEX
8
0
10
119.241967929412
20
36.6482056149205
30
0
0
VERTEX
8
0
10
119.93122785964
20
36.8640638174521
30
0
0
VERTEX
8
0
10
120.620487789868
20
36.7460922773583
30
0
0
VERTEX
8
0
10
121.309747720096
20
36.7227982267254
30
0
0
VERTEX
8
0
10
121.999007650324
20
36.6995041760925
30
0
0
VERTEX
8
0
10
122.688267580552
20
36.6600953942013
30
0
0
VERTEX
8
0
10
123.377527510779
20
36.6083308372393
30
0
0
VERTEX
8
0
10
124.066787441007
20
36.5565662802773
30
0
0
VERTEX
8
0
10
124.756047371235
20
36.5048017233153
30
0
0
VERTEX
8
0
10
125.445307301463
20
36.4614204994808
30
0
0
VERTEX
8
0
10
126.134567231691
20
36.4210441450504
30
0
0
VERTEX
8
0
10
126.823827161919
20
36.38066779062
30
0
0
VERTEX
8
0
10
127.513087092146
20
36.3402914361896
30
0
0
VERTEX
8
0
10
128.202347022374
20
36.2999150817592
30
0
0
VERTEX
8
0
10
128.891606952602
20
36.2595387273289
30
0
0
VERTEX
8
0
10
129.58086688283
20
36.2191623728985
30
0
0
VERTEX
8
0
10
130.270126813058
20
36.1787860184681
30
0
0
VERTEX
8
0
10
130.959386743285
20
36.1200223424738
30
0
0
VERTEX
8
0
10
131.648646673513
20
36.062563684246
30
0
0
VERTEX
8
0
10
132.337906603741
20
36.0051050260181
30
0
0
VERTEX
8
0
10
133.027166533969
20
35.9476463677903
30
0
0
VERTEX
8
0
10
133.716426464197
20
36.0179486045637
30
0
0
VERTEX
8
0
10
134.405686394424
20
36.0629837691207
30
0
0
VERTEX
8
0
10
135.094946324652
20
36.1080189336776
30
0
0
VERTEX
8
0
10
135.78420625488
20
36.1530540982346
30
0
0
VERTEX
8
0
10
136.473466185108
20
36.1577565237307
30
0
0
VERTEX
8
0
10
137.162726115336
20
36.1743211819585
30
0
0
VERTEX
8
0
10
137.851986045564
20
36.1908858401864
30
0
0
VERTEX
8
0
10
138.541245975791
20
36.1974269978388
30
0
0
VERTEX
8
0
10
139.230505906019
20
36.1969093522692
30
0
0
VERTEX
8
0
10
139.919765836247
20
36.1963917066996
30
0
0
VERTEX
8
0
10
140.609025766475
20
36.19587406113
30
0
0
VERTEX
8
0
10
141.298285696703
20
36.238455287266
30
0
0
VERTEX
8
0
10
141.98754562693
20
36.2948786543546
30
0
0
VERTEX
8
0
10
142.676805557158
20
36.3513020214432
30
0
0
VERTEX
8
0
10
143.366065487386
20
36.4077253885318
30
0
0
VERTEX
8
0
10
144.055325417614
20
36.4166412882764
30
0
0
VERTEX
8
0
10
144.744585347842
20
36.4218177439726
30
0
0
VERTEX
8
0
10
145.433845278069
20
36.4269941996688
30
0
0
VERTEX
8
0
10
146.123105208297
20
36.432170655365
30
0
0
VERTEX
8
0
10
146.812365138525
20
36.4310997832664
30
0
0
VERTEX
8
0
10
147.501625068753
20
36.4305821376968
30
0
0
VERTEX
8
0
10
148.190884998981
20
36.4300644921272
30
0
0
VERTEX
8
0
10
148.880144929208
20
36.4295468465576
30
0
0
VERTEX
8
0
10
149.569404859436
20
36.429029200988
30
0
0
VERTEX
8
0
10
150.258664789664
20
36.4285115554183
30
0
0
VERTEX
8
0
10
150.947924719892
20
36.4279939098487
30
0
0
VERTEX
8
0
10
151.63718465012
20
36.4274762642791
30
0
0
VERTEX
8
0
10
152.326444580347
20
36.4269586187095
30
0
0
VERTEX
8
0
10
153.015704510575
20
36.4264409731399
30
0
0
VERTEX
8
0
10
153.704964440803
20
36.4259233275702
30
0
0
VERTEX
8
0
10
154.394224371031
20
36.4254056820006
30
0
0
VERTEX
8
0
10
155.083484301259
20
36.424888036431
30
0
0
SEQEND
8
0
0
POLYLINE
8
0
62
6
70
0
10
0
20
0
30
0
0
VERTEX
8
0
10
8.96037909296163
20
13.0052407386296
30
0
0
VERTEX
8
0
10
9.64963902318944
20
13.6737799917942
30
0
0
VERTEX
8
0
10
10.3388989534173
20
14.3423192449588
30
0
0
VERTEX
8
0
10
11.0281588836451
20
15.0108584981233
30
0
0
VERTEX
8
0
10
11.7174188138729
20
15.6698570978952
30
0
0
VERTEX
8
0
10
12.4066787441007
20
16.3298551991611
30
0
0
VERTEX
8
0
10
13.0959386743285
20
16.9898533004269
30
0
0
VERTEX
8
0
10
13.7851986045564
20
17.6498514016927
30
0
0
VERTEX
8
0
10
14.4744585347842
20
18.3171786588657
30
0
0
VERTEX
8
0
10
15.163718465012
20
18.9828708613974
30
0
0
VERTEX
8
0
10
15.8529783952398
20
19.648563063929
30
0
0
VERTEX
8
0
10
16.5422383254676
20
20.3142552664607
30
0
0
VERTEX
8
0
10
17.2314982556954
20
20.9384580878957
30
0
0
VERTEX
8
0
10
17.9207581859233
20
21.5756797840983
30
0
0
VERTEX
8
0
10
18.6100181161511
20
22.2129014803008
30
0
0
VERTEX
8
0
10
19.2992780463789
20
22.8358331954409
30
0
0
VERTEX
8
0
10
19.9885379766067
20
23.4502784865801
30
0
0
VERTEX
8
0
10
20.6777979068345
20
24.0647237777194
30
0
0
VERTEX
8
0
10
21.3670578370624
20
24.6791690688586
30
0
0
VERTEX
8
0
10
22.0563177672902
20
25.2595552431651
30
0
0
VERTEX
8
0
10
22.745577697518
20
25.8312947748106
30
0
0
VERTEX
8
0
10
23.4348376277458
20
26.4030343064562
30
0
0
VERTEX
8
0
10
24.1240975579736
20
26.9747738381018
30
0
0
VERTEX
8
0
10
24.8133574882014
20
27.5465133697473
30
0
0
VERTEX
8
0
10
25.5026174184293
20
28.1182529013929
30
0
0
VERTEX
8
0
10
26.1918773486571
20
28.6899924330385
30
0
0
VERTEX
8
0
10
26.8811372788849
20
29.261731964684
30
0
0
VERTEX
8
0
10
27.5703972091127
20
29.8237535120267
30
0
0
VERTEX
8
0
10
28.2596571393405
20
30.3869518917736
30
0
0
VERTEX
8
0
10
28.9489170695683
20
30.9501502715204
30
0
0
VERTEX
8
0
10
29.6381769997962
20
31.5133486512672
30
0
0
VERTEX
8
0
10
30.327436930024
20
32.0690996545
30
0
0
VERTEX
8
0
10
31.0166968602518
20
32.6266039329811
30
0
0
VERTEX
8
0
10
31.7059567904796
20
33.1841082114621
30
0
0
VERTEX
8
0
10
32.3952167207074
20
33.7416124899431
30
0
0
VERTEX
8
0
10
33.0844766509353
20
34.3033248168372
30
0
0
VERTEX
8
0
10
33.7737365811631
20
34.8636761459511
30
0
0
VERTEX
8
0
10
34.4629965113909
20
35.424027475065
30
0
0
VERTEX
8
0
10
35.1522564416187
20
35.9825334462427
30
0
0
VERTEX
8
0
10
35.8415163718465
20
36.5400377247237
30
0
0
VERTEX
8
0
10
36.5307763020743
20
37.0975420032048
30
0
0
VERTEX
8
0
10
37.2200362323022
20
37.6550462816858
30
0
0
VERTEX
8
0
10
37.90929616253
20
38.2125505601668
30
0
0
VERTEX
8
0
10
38.5985560927578
20
38.7700548386478
30
0
0
VERTEX
8
0
10
39.2878160229856
20
39.3275591171288
30
0
0
VERTEX
8
0
10
39.9770759532134
20
39.8850633956098
30
0
0
VERTEX
8
0
10
40.6663358834413
20
40.4341254393459
30
0
0
VERTEX
8
0
10
41.3555958136691
20
40.9830885659282
30
0
0
VERTEX
8
0
10
42.0448557438969
20
41.5320516925105
30
0
0
VERTEX
8
0
10
42.7341156741247
20
42.0810148190927
30
0
0
VERTEX
8
0
10
43.4233756043525
20
42.6200826304619
30
0
0
VERTEX
8
0
10
44.1126355345803
20
43.1605046051455
30
0
0
VERTEX
8
0
10
44.8018954648082
20
43.700926579829
30
0
0
VERTEX
8
0
10
45.491155395036
20
44.2413485545126
30
0
0
VERTEX
8
0
10
46.1804153252638
20
44.7742049320753
30
0
0
VERTEX
8
0
10
46.8696752554916
20
45.308932805493
30
0
0
VERTEX
8
0
10
47.5589351857194
20
45.8436606789107
30
0
0
VERTEX
8
0
10
48.2481951159473
20
46.3783885523285
30
0
0
VERTEX
8
0
10
48.9374550461751
20
46.9045821083132
30
0
0
VERTEX
8
0
10
49.6267149764029
20
47.4336158804651
30
0
0
VERTEX
8
0
10
50.3159749066307
20
47.962649652617
30
0
0
VERTEX
8
0
10
51.0052348368585
20
48.4840655518105
30
0
0
VERTEX
8
0
10
51.6944947670863
20
49.0017111214307
30
0
0
VERTEX
8
0
10
52.3837546973142
20
49.519356691051
30
0
0
VERTEX
8
0
10
53.073014627542
20
50.0370022606712
30
0
0
VERTEX
8
0
10
53.7622745577698
20
50.5546478302915
30
0
0
VERTEX
8
0
10
54.4515344879976
20
51.0722933999117
30
0
0
VERTEX
8
0
10
55.1407944182254
20
51.589938969532
30
0
0
VERTEX
8
0
10
55.8300543484533
20
52.1075845391523
30
0
0
VERTEX
8
0
10
56.5193142786811
20
52.6194837316691
30
0
0
VERTEX
8
0
10
57.2085742089089
20
53.1314352000235
30
0
0
VERTEX
8
0
10
57.8978341391367
20
53.6433866683779
30
0
0
VERTEX
8
0
10
58.5870940693645
20
54.1553381367324
30
0
0
VERTEX
8
0
10
59.2763539995923
20
54.6773622512101
30
0
0
VERTEX
8
0
10
59.9656139298202
20
55.1978548714633
30
0
0
VERTEX
8
0
10
60.654873860048
20
55.7183474917164
30
0
0
VERTEX
8
0
10
61.3441337902758
20
56.2388401119696
30
0
0
VERTEX
8
0
10
62.0333937205036
20
56.774700367678
30
0
0
VERTEX
8
0
10
62.7226536507314
20
57.3065811904629
30
0
0
VERTEX
8
0
10
63.4119135809593
20
57.8384620132477
30
0
0
VERTEX
8
0
10
64.1011735111871
20
58.3851350199021
30
0
0
VERTEX
8
0
10
64.7904334414149
20
58.945486349016
30
0
0
VERTEX
8
0
10
65.4796933716427
20
59.50583767813
30
0
0
VERTEX
8
0
10
66.1689533018705
20
60.0661890072439
30
0
0
VERTEX
8
0
10
66.8582132320983
20
60.6402853861589
30
0
0
VERTEX
8
0
10
67.5474731623262
20
61.2205660697032
30
0
0
VERTEX
8
0
10
68.236733092554
20
61.8008467532475
30
0
0
VERTEX
8
0
10
68.9259930227818
20
62.3811274367918
30
0
0
VERTEX
8
0
10
69.6152529530096
20
62.9736478138315
30
0
0
VERTEX
8
0
10
70.3045128832374
20
63.5681637505403
30
0
0
VERTEX
8
0
10
70.9937728134652
20
64.1626796872492
30
0
0
VERTEX
8
0
10
71.6830327436931
20
64.757195623958
30
0
0
VERTEX
8
0
10
72.3722926739209
20
65.3458469629567
30
0
0
VERTEX
8
0
10
73.0615526041487
20
65.9346687983997
30
0
0
VERTEX
8
0
10
73.7508125343765
20
66.5234906338428
30
0
0
VERTEX
8
0
10
74.4400724646043
20
67.1123124692858
30
0
0
VERTEX
8
0
10
75.1293323948321
20
67.7079676227512
30
0
0
VERTEX
8
0
10
75.81859232506
20
68.30248355946
30
0
0
VERTEX
8
0
10
76.5078522552878
20
68.8969994961689
30
0
0
VERTEX
8
0
10
77.1971121855156
20
69.4915154328777
30
0
0
VERTEX
8
0
10
77.8863721157434
20
70.1016354462555
30
0
0
VERTEX
8
0
10
78.5756320459712
20
70.707539585496
30
0
0
VERTEX
8
0
10
79.2648919761991
20
71.3134437247365
30
0
0
VERTEX
8
0
10
79.9541519064269
20
71.9301161648096
30
0
0
VERTEX
8
0
10
80.6434118366547
20
72.5559496584805
30
0
0
VERTEX
8
0
10
81.3326717668825
20
73.1817831521514
30
0
0
VERTEX
8
0
10
82.0219316971103
20
73.8076166458223
30
0
0
VERTEX
8
0
10
82.7111916273381
20
74.4314274506467
30
0
0
VERTEX
8
0
10
83.400451557566
20
75.0544138936847
30
0
0
VERTEX
8
0
10
84.0897114877938
20
75.6774003367227
30
0
0
VERTEX
8
0
10
84.7789714180216
20
76.3003867797607
30
0
0
VERTEX
8
0
10
85.4682313482494
20
76.9183591247937
30
0
0
VERTEX
8
0
10
86.1574912784772
20
77.5356514665659
30
0
0
VERTEX
8
0
10
86.8467512087051
20
78.152943808338
30
0
0
VERTEX
8
0
10
87.5360111389329
20
78.7702361501102
30
0
0
VERTEX
8
0
10
88.2252710691607
20
79.3845370827238
30
0
0
VERTEX
8
0
10
88.9145309993885
20
79.998982373863
30
0
0
VERTEX
8
0
10
89.6037909296163
20
80.6134276650022
30
0
0
VERTEX
8
0
10
90.2930508598441
20
81.2278729561415
30
0
0
VERTEX
8
0
10
90.982310790072
20
81.831890939337
30
0
0
VERTEX
8
0
10
91.6715707202998
20
82.4377950785775
30
0
0
VERTEX
8
0
10
92.3608306505276
20
83.043699217818
30
0
0
VERTEX
8
0
10
93.0500905807554
20
83.6496033570585
30
0
0
VERTEX
8
0
10
93.7393505109832
20
84.2079859426515
30
0
0
VERTEX
8
0
10
94.428610441211
20
84.779725474297
30
0
0
VERTEX
8
0
10
95.1178703714389
20
85.3514650059426
30
0
0
VERTEX
8
0
10
95.8071303016667
20
85.9184122206069
30
0
0
VERTEX
8
0
10
96.4963902318945
20
86.4816106003537
30
0
0
VERTEX
8
0
10
97.1856501621223
20
87.0448089801005
30
0
0
VERTEX
8
0
10
97.8749100923501
20
87.6080073598474
30
0
0
VERTEX
8
0
10
98.564170022578
20
88.1587149446953
30
0
0
VERTEX
8
0
10
99.2534299528058
20
88.7048310206446
30
0
0
VERTEX
8
0
10
99.9426898830336
20
89.250947096594
30
0
0
VERTEX
8
0
10
100.631949813261
20
89.7970631725434
30
0
0
VERTEX
8
0
10
101.321209743489
20
90.3354807705751
30
0
0
VERTEX
8
0
10
102.010469673717
20
90.8730556946257
30
0
0
VERTEX
8
0
10
102.699729603945
20
91.4106306186764
30
0
0
VERTEX
8
0
10
103.388989534173
20
91.948205542727
30
0
0
VERTEX
8
0
10
104.078249464401
20
92.4735783889299
30
0
0
VERTEX
8
0
10
104.767509394628
20
92.9997651104489
30
0
0
VERTEX
8
0
10
105.456769324856
20
93.5259518319679
30
0
0
VERTEX
8
0
10
106.146029255084
20
94.0521385534869
30
0
0
VERTEX
8
0
10
106.835289185312
20
94.5182323215002
30
0
0
VERTEX
8
0
10
107.52454911554
20
94.9960191822597
30
0
0
VERTEX
8
0
10
108.213809045767
20
95.4738060430192
30
0
0
VERTEX
8
0
10
108.903068975995
20
95.9515929037786
30
0
0
VERTEX
8
0
10
109.592328906223
20
96.3811488872497
30
0
0
VERTEX
8
0
10
110.281588836451
20
96.8247711404143
30
0
0
VERTEX
8
0
10
110.970848766679
20
97.2683933935788
30
0
0
VERTEX
8
0
10
111.660108696907
20
97.6739150129083
30
0
0
VERTEX
8
0
10
112.349368627134
20
98.0520551015159
30
0
0
VERTEX
8
0
10
113.038628557362
20
98.4301951901235
30
0
0
VERTEX
8
0
10
113.72788848759
20
98.8083352787311
30
0
0
VERTEX
8
0
10
114.417148417818
20
99.1714890011661
30
0
0
VERTEX
8
0
10
115.106408348046
20
99.5296997353433
30
0
0
VERTEX
8
0
10
115.795668278273
20
99.8879104695205
30
0
0
VERTEX
8
0
10
116.484928208501
20
100.246121203698
30
0
0
VERTEX
8
0
10
117.174188138729
20
100.58595505061
30
0
0
VERTEX
8
0
10
117.863448068957
20
100.924236430357
30
0
0
VERTEX
8
0
10
118.552707999185
20
101.262517810104
30
0
0
VERTEX
8
0
10
119.241967929412
20
101.60079918985
30
0
0
VERTEX
8
0
10
119.93122785964
20
101.736954634851
30
0
0
VERTEX
8
0
10
120.620487789868
20
101.890177723458
30
0
0
VERTEX
8
0
10
121.309747720096
20
102.043400812066
30
0
0
VERTEX
8
0
10
121.999007650324
20
102.196623900673
30
0
0
VERTEX
8
0
10
122.688267580552
20
102.303125120303
30
0
0
VERTEX
8
0
10
123.377527510779
20
102.419336550683
30
0
0
VERTEX
8
0
10
124.066787441007
20
102.535547981062
30
0
0
VERTEX
8
0
10
124.756047371235
20
102.651759411442
30
0
0
VERTEX
8
0
10
125.445307301463
20
102.767970841822
30
0
0
VERTEX
8
0
10
126.134567231691
20
102.884182272202
30
0
0
VERTEX
8
0
10
126.823827161919
20
103.000393702581
30
0
0
VERTEX
8
0
10
127.513087092146
20
103.118320792562
30
0
0
VERTEX
8
0
10
128.202347022374
20
103.237379273574
30
0
0
VERTEX
8
0
10
128.891606952602
20
103.356437754587
30
0
0
VERTEX
8
0
10
129.58086688283
20
103.4754962356
30
0
0
VERTEX
8
0
10
130.270126813058
20
103.585754637586
30
0
0
VERTEX
8
0
10
130.959386743285
20
103.693424916067
30
0
0
VERTEX
8
0
10
131.648646673513
20
103.801095194548
30
0
0
VERTEX
8
0
10
132.337906603741
20
103.908765473029
30
0
0
VERTEX
8
0
10
133.027166533969
20
104.000329472034
30
0
0
VERTEX
8
0
10
133.716426464197
20
104.090917446717
30
0
0
VERTEX
8
0
10
134.405686394424
20
104.181505421401
30
0
0
VERTEX
8
0
10
135.094946324652
20
104.272093396084
30
0
0
VERTEX
8
0
10
135.78420625488
20
104.372187590974
30
0
0
VERTEX
8
0
10
136.473466185108
20
104.471316717556
30
0
0
VERTEX
8
0
10
137.162726115336
20
104.570445844139
30
0
0
VERTEX
8
0
10
137.851986045564
20
104.669574970721
30
0
0
VERTEX
8
0
10
138.541245975791
20
104.750438596179
30
0
0
VERTEX
8
0
10
139.230505906019
20
104.835332469597
30
0
0
VERTEX
8
0
10
139.919765836247
20
104.920226343015
30
0
0
VERTEX
8
0
10
140.609025766475
20
105.005120216432
30
0
0
VERTEX
8
0
10
141.298285696703
20
105.106563931374
30
0
0
VERTEX
8
0
10
141.98754562693
20
105.202846007323
30
0
0
VERTEX
8
0
10
142.676805557158
20
105.299128083272
30
0
0
VERTEX
8
0
10
143.366065487386
20
105.402509238838
30
0
0
VERTEX
8
0
10
144.055325417614
20
105.510179517319
30
0
0
VERTEX
8
0
10
144.744585347842
20
105.6178497958
30
0
0
VERTEX
8
0
10
145.433845278069
20
105.725520074281
30
0
0
VERTEX
8
0
10
146.123105208297
20
105.839967742942
30
0
0
VERTEX
8
0
10
146.812365138525
20
105.956179173322
30
0
0
VERTEX
8
0
10
147.501625068753
20
106.072390603701
30
0
0
VERTEX
8
0
10
148.190884998981
20
106.188602034081
30
0
0
VERTEX
8
0
10
148.880144929208
20
106.302069974245
30
0
0
VERTEX
8
0
10
149.569404859436
20
106.415434353991
30
0
0
VERTEX
8
0
10
150.258664789664
20
106.528798733738
30
0
0
VERTEX
8
0
10
150.947924719892
20
106.642163113485
30
0
0
VERTEX
8
0
10
151.63718465012
20
106.758755343604
30
0
0
VERTEX
8
0
10
152.326444580347
20
106.874966773984
30
0
0
VERTEX
8
0
10
153.015704510575
20
106.991178204364
30
0
0
VERTEX
8
0
10
153.704964440803
20
107.107389634743
30
0
0
VERTEX
8
0
10
154.394224371031
20
107.238741061003
30
0
0
VERTEX
8
0
10
155.083484301259
20
107.366563992003
30
0
0
SEQEND
8
0
0
POLYLINE
8
0
62
1
70
0
10
0
20
0
30
0
0
VERTEX
8
0
10
8.96037909296163
20
11.3567007391548
30
0
0
VERTEX
8
0
10
9.64963902318944
20
11.8787863983947
30
0
0
VERTEX
8
0
10
10.3388989534173
20
12.4072232649568
30
0
0
VERTEX
8
0
10
11.0281588836451
20
12.9412333346599
30
0
0
VERTEX
8
0
10
11.7174188138729
20
13.454812814103
30
0
0
VERTEX
8
0
10
12.4066787441007
20
13.9680743629099
30
0
0
VERTEX
8
0
10
13.0959386743285
20
14.4778459281939
30
0
0
VERTEX
8
0
10
13.7851986045564
20
14.987664008009
30
0
0
VERTEX
8
0
10
14.4744585347842
20
15.4911995907562
30
0
0
VERTEX
8
0
10
15.163718465012
20
15.9904056464925
30
0
0
VERTEX
8
0
10
15.8529783952398
20
16.4896610269285
30
0
0
VERTEX
8
0
10
16.5422383254676
20
16.9889613835433
30
0
0
VERTEX
8
0
10
17.2314982556954
20
17.4520176430989
30
0
0
VERTEX
8
0
10
17.9207581859233
20
17.9036793173911
30
0
0
VERTEX
8
0
10
18.6100181161511
20
18.3553415040802
30
0
0
VERTEX
8
0
10
19.2992780463789
20
18.8070041662498
30
0
0
VERTEX
8
0
10
19.9885379766067
20
19.2384944460532
30
0
0
VERTEX
8
0
10
20.6777979068345
20
19.6684921662459
30
0
0
VERTEX
8
0
10
21.3670578370624
20
20.0984909171985
30
0
0
VERTEX
8
0
10
22.0563177672902
20
20.5284906341388
30
0
0
VERTEX
8
0
10
22.745577697518
20
20.9161403322611
30
0
0
VERTEX
8
0
10
23.4348376277458
20
21.3076854150344
30
0
0
VERTEX
8
0
10
24.1240975579736
20
21.699233880867
30
0
0
VERTEX
8
0
10
24.8133574882014
20
22.0907855498698
30
0
0
VERTEX
8
0
10
25.5026174184293
20
22.4645759678324
30
0
0
VERTEX
8
0
10
26.1918773486571
20
22.842190407978
30
0
0
VERTEX
8
0
10
26.8811372788849
20
23.2198325996102
30
0
0
VERTEX
8
0
10
27.5703972091127
20
23.5975012103679
30
0
0
VERTEX
8
0
10
28.2596571393405
20
23.9772574401839
30
0
0
VERTEX
8
0
10
28.9489170695683
20
24.3564868264801
30
0
0
VERTEX
8
0
10
29.6381769997962
20
24.7358017932664
30
0
0
VERTEX
8
0
10
30.327436930024
20
25.1090705512078
30
0
0
VERTEX
8
0
10
31.0166968602518
20
25.4785078756325
30
0
0
VERTEX
8
0
10
31.7059567904796
20
25.847999065009
30
0
0
VERTEX
8
0
10
32.3952167207074
20
26.2175418419356
30
0
0
VERTEX
8
0
10
33.0844766509353
20
26.5954121257197
30
0
0
VERTEX
8
0
10
33.7737365811631
20
26.9755996196688
30
0
0
VERTEX
8
0
10
34.4629965113909
20
27.3557872313631
30
0
0
VERTEX
8
0
10
35.1522564416187
20
27.7359749559608
30
0
0
VERTEX
8
0
10
35.8415163718465
20
28.1135056909296
30
0
0
VERTEX
8
0
10
36.5307763020743
20
28.490902119226
30
0
0
VERTEX
8
0
10
37.2200362323022
20
28.8682987223858
30
0
0
VERTEX
8
0
10
37.90929616253
20
29.2456954936395
30
0
0
VERTEX
8
0
10
38.5985560927578
20
29.6193680805454
30
0
0
VERTEX
8
0
10
39.2878160229856
20
29.9934747660146
30
0
0
VERTEX
8
0
10
39.9770759532134
20
30.3676079946654
30
0
0
VERTEX
8
0
10
40.6663358834413
20
30.7417667973907
30
0
0
VERTEX
8
0
10
41.3555958136691
20
31.1149422018012
30
0
0
VERTEX
8
0
10
42.0448557438969
20
31.4885718856889
30
0
0
VERTEX
8
0
10
42.7341156741247
20
31.8623944932308
30
0
0
VERTEX
8
0
10
43.4233756043525
20
32.2364033128331
30
0
0
VERTEX
8
0
10
44.1126355345803
20
32.5915189549015
30
0
0
VERTEX
8
0
10
44.8018954648082
20
32.9529668543142
30
0
0
VERTEX
8
0
10
45.491155395036
20
33.3146841147314
30
0
0
VERTEX
8
0
10
46.1804153252638
20
33.6743515024814
30
0
0
VERTEX
8
0
10
46.8696752554916
20
34.0329724162245
30
0
0
VERTEX
8
0
10
47.5589351857194
20
34.3918909675779
30
0
0
VERTEX
8
0
10
48.2481951159473
20
34.7510979343024
30
0
0
VERTEX
8
0
10
48.9374550461751
20
35.1040984423416
30
0
0
VERTEX
8
0
10
49.6267149764029
20
35.4556785135168
30
0
0
VERTEX
8
0
10
50.3159749066307
20
35.8074193124711
30
0
0
VERTEX
8
0
10
51.0052348368585
20
36.1593161487525
30
0
0
VERTEX
8
0
10
51.6944947670863
20
36.504087008768
30
0
0
VERTEX
8
0
10
52.3837546973142
20
36.8486655252198
30
0
0
VERTEX
8
0
10
53.073014627542
20
37.193254618983
30
0
0
VERTEX
8
0
10
53.7622745577698
20
37.5378539987656
30
0
0
VERTEX
8
0
10
54.4515344879976
20
37.883246437488
30
0
0
VERTEX
8
0
10
55.1407944182254
20
38.2286316937925
30
0
0
VERTEX
8
0
10
55.8300543484533
20
38.5740997904735
30
0
0
VERTEX
8
0
10
56.5193142786811
20
38.9196485215471
30
0
0
VERTEX
8
0
10
57.2085742089089
20
39.2609280467537
30
0
0
VERTEX
8
0
10
57.8978341391367
20
39.6034018669848
30
0
0
VERTEX
8
0
10
58.5870940693645
20
39.94601891409
30
0
0
VERTEX
8
0
10
59.2763539995923
20
40.2887755340515
30
0
0
VERTEX
8
0
10
59.9656139298202
20
40.6632339400311
30
0
0
VERTEX
8
0
10
60.654873860048
20
41.0275087010075
30
0
0
VERTEX
8
0
10
61.3441337902758
20
41.3918843991889
30
0
0
VERTEX
8
0
10
62.0333937205036
20
41.7642227714758
30
0
0
VERTEX
8
0
10
62.7226536507314
20
42.1407908145545
30
0
0
VERTEX
8
0
10
63.4119135809593
20
42.5174007723472
30
0
0
VERTEX
8
0
10
64.1011735111871
20
42.8940515408197
30
0
0
VERTEX
8
0
10
64.7904334414149
20
43.319451590138
30
0
0
VERTEX
8
0
10
65.4796933716427
20
43.7553348392473
30
0
0
VERTEX
8
0
10
66.1689533018705
20
44.1912392196647
30
0
0
VERTEX
8
0
10
66.8582132320983
20
44.6271641121779
30
0
0
VERTEX
8
0
10
67.5474731623262
20
45.0770285609418
30
0
0
VERTEX
8
0
10
68.236733092554
20
45.5270171899384
30
0
0
VERTEX
8
0
10
68.9259930227818
20
45.9770359164609
30
0
0
VERTEX
8
0
10
69.6152529530096
20
46.4270838653013
30
0
0
VERTEX
8
0
10
70.3045128832374
20
46.9060388498501
30
0
0
VERTEX
8
0
10
70.9937728134652
20
47.3810880327573
30
0
0
VERTEX
8
0
10
71.6830327436931
20
47.8562752165321
30
0
0
VERTEX
8
0
10
72.3722926739209
20
48.331596330779
30
0
0
VERTEX
8
0
10
73.0615526041487
20
48.8061749539908
30
0
0
VERTEX
8
0
10
73.7508125343765
20
49.2812770400422
30
0
0
VERTEX
8
0
10
74.4400724646043
20
49.7566502503539
30
0
0
VERTEX
8
0
10
75.1293323948321
20
50.2321815767745
30
0
0
VERTEX
8
0
10
75.81859232506
20
50.7084735881807
30
0
0
VERTEX
8
0
10
76.5078522552878
20
51.1858048267658
30
0
0
VERTEX
8
0
10
77.1971121855156
20
51.6641464879045
30
0
0
VERTEX
8
0
10
77.8863721157434
20
52.164999216239
30
0
0
VERTEX
8
0
10
78.5756320459712
20
52.6774916739107
30
0
0
VERTEX
8
0
10
79.2648919761991
20
53.1912200844883
30
0
0
VERTEX
8
0
10
79.9541519064269
20
53.7061489803061
30
0
0
VERTEX
8
0
10
80.6434118366547
20
54.2352559367093
30
0
0
VERTEX
8
0
10
81.3326717668825
20
54.7680641910356
30
0
0
VERTEX
8
0
10
82.0219316971103
20
55.3021446354541
30
0
0
VERTEX
8
0
10
82.7111916273381
20
55.8374607648146
30
0
0
VERTEX
8
0
10
83.400451557566
20
56.3601400115231
30
0
0
VERTEX
8
0
10
84.0897114877938
20
56.88356566105
30
0
0
VERTEX
8
0
10
84.7789714180216
20
57.4075342905757
30
0
0
VERTEX
8
0
10
85.4682313482494
20
57.9320311670874
30
0
0
VERTEX
8
0
10
86.1574912784772
20
58.4641591214435
30
0
0
VERTEX
8
0
10
86.8467512087051
20
58.9956286667173
30
0
0
VERTEX
8
0
10
87.5360111389329
20
59.5275393068371
30
0
0
VERTEX
8
0
10
88.2252710691607
20
60.0598793223477
30
0
0
VERTEX
8
0
10
88.9145309993885
20
60.5730969311294
30
0
0
VERTEX
8
0
10
89.6037909296163
20
61.0922450547172
30
0
0
VERTEX
8
0
10
90.2930508598441
20
61.6121290732481
30
0
0
VERTEX
8
0
10
90.982310790072
20
62.1266229233824
30
0
0
VERTEX
8
0
10
91.6715707202998
20
62.6363684589679
30
0
0
VERTEX
8
0
10
92.3608306505276
20
63.1469113633691
30
0
0
VERTEX
8
0
10
93.0500905807554
20
63.6582324517493
30
0
0
VERTEX
8
0
10
93.7393505109832
20
64.1507009905902
30
0
0
VERTEX
8
0
10
94.428610441211
20
64.6352008166222
30
0
0
VERTEX
8
0
10
95.1178703714389
20
65.1203237891293
30
0
0
VERTEX
8
0
10
95.8071303016667
20
65.6060560845721
30
0
0
VERTEX
8
0
10
96.4963902318945
20
66.0619889066368
30
0
0
VERTEX
8
0
10
97.1856501621223
20
66.513698714325
30
0
0
VERTEX
8
0
10
97.8749100923501
20
66.9659251400662
30
0
0
VERTEX
8
0
10
98.564170022578
20
67.4186577878519
30
0
0
VERTEX
8
0
10
99.2534299528058
20
67.8769660953373
30
0
0
VERTEX
8
0
10
99.9426898830336
20
68.3356115953477
30
0
0
VERTEX
8
0
10
100.631949813261
20
68.7947549081405
30
0
0
VERTEX
8
0
10
101.321209743489
20
69.2543861325061
30
0
0
VERTEX
8
0
10
102.010469673717
20
69.6804832880246
30
0
0
VERTEX
8
0
10
102.699729603945
20
70.1130953122506
30
0
0
VERTEX
8
0
10
103.388989534173
20
70.5463985371865
30
0
0
VERTEX
8
0
10
104.078249464401
20
70.9803803044271
30
0
0
VERTEX
8
0
10
104.767509394628
20
71.3987929994378
30
0
0
VERTEX
8
0
10
105.456769324856
20
71.8223997560587
30
0
0
VERTEX
8
0
10
106.146029255084
20
72.2467408345705
30
0
0
VERTEX
8
0
10
106.835289185312
20
72.6352533882363
30
0
0
VERTEX
8
0
10
107.52454911554
20
72.9938410845162
30
0
0
VERTEX
8
0
10
108.213809045767
20
73.3529344195413
30
0
0
VERTEX
8
0
10
108.903068975995
20
73.7125260035976
30
0
0
VERTEX
8
0
10
109.592328906223
20
74.0444067560541
30
0
0
VERTEX
8
0
10
110.281588836451
20
74.3654867332657
30
0
0
VERTEX
8
0
10
110.970848766679
20
74.6869701646477
30
0
0
VERTEX
8
0
10
111.660108696907
20
75.0088518626592
30
0
0
VERTEX
8
0
10
112.349368627134
20
75.2556988963932
30
0
0
VERTEX
8
0
10
113.038628557362
20
75.4932765395419
30
0
0
VERTEX
8
0
10
113.72788848759
20
75.7313385094645
30
0
0
VERTEX
8
0
10
114.417148417818
20
75.9698802530493
30
0
0
VERTEX
8
0
10
115.106408348046
20
76.1915146221368
30
0
0
VERTEX
8
0
10
115.795668278273
20
76.4145637156475
30
0
0
VERTEX
8
0
10
116.484928208501
20
76.6381063361803
30
0
0
VERTEX
8
0
10
117.174188138729
20
76.8621381776754
30
0
0
VERTEX
8
0
10
117.863448068957
20
77.0213805040971
30
0
0
VERTEX
8
0
10
118.552707999185
20
77.1929300625815
30
0
0
VERTEX
8
0
10
119.241967929412
20
77.3647825775482
30
0
0
VERTEX
8
0
10
119.93122785964
20
77.5369360345831
30
0
0
VERTEX
8
0
10
120.620487789868
20
77.3827195818081
30
0
0
VERTEX
8
0
10
121.309747720096
20
77.321091335603
30
0
0
VERTEX
8
0
10
121.999007650324
20
77.2594636856934
30
0
0
VERTEX
8
0
10
122.688267580552
20
77.1816732692626
30
0
0
VERTEX
8
0
10
123.377527510779
20
77.0914909638732
30
0
0
VERTEX
8
0
10
124.066787441007
20
77.0013099971126
30
0
0
VERTEX
8
0
10
124.756047371235
20
76.9111303736896
30
0
0
VERTEX
8
0
10
125.445307301463
20
76.8249305075058
30
0
0
VERTEX
8
0
10
126.134567231691
20
76.7401568157892
30
0
0
VERTEX
8
0
10
126.823827161919
20
76.6553831244145
30
0
0
VERTEX
8
0
10
127.513087092146
20
76.5706094333829
30
0
0
VERTEX
8
0
10
128.202347022374
20
76.4858357426954
30
0
0
VERTEX
8
0
10
128.891606952602
20
76.4010620523533
30
0
0
VERTEX
8
0
10
129.58086688283
20
76.3162883623576
30
0
0
VERTEX
8
0
10
130.270126813058
20
76.2315146727096
30
0
0
VERTEX
8
0
10
130.959386743285
20
76.1218302690384
30
0
0
VERTEX
8
0
10
131.648646673513
20
76.0139145609611
30
0
0
VERTEX
8
0
10
132.337906603741
20
75.9059995184464
30
0
0
VERTEX
8
0
10
133.027166533969
20
75.798085144337
30
0
0
VERTEX
8
0
10
133.716426464197
20
75.691523007445
30
0
0
VERTEX
8
0
10
134.405686394424
20
75.5848695799474
30
0
0
VERTEX
8
0
10
135.094946324652
20
75.4783736377634
30
0
0
VERTEX
8
0
10
135.78420625488
20
75.3720358484435
30
0
0
VERTEX
8
0
10
136.473466185108
20
75.2429306283892
30
0
0
VERTEX
8
0
10
137.162726115336
20
75.120653586454
30
0
0
VERTEX
8
0
10
137.851986045564
20
74.9984751340248
30
0
0
VERTEX
8
0
10
138.541245975791
20
74.8715492743145
30
0
0
VERTEX
8
0
10
139.230505906019
20
74.7412849351614
30
0
0
VERTEX
8
0
10
139.919765836247
20
74.611088988216
30
0
0
VERTEX
8
0
10
140.609025766475
20
74.4809617921356
30
0
0
VERTEX
8
0
10
141.298285696703
20
74.3718945418158
30
0
0
VERTEX
8
0
10
141.98754562693
20
74.2697522619755
30
0
0
VERTEX
8
0
10
142.676805557158
20
74.1678098251111
30
0
0
VERTEX
8
0
10
143.366065487386
20
74.0660680563972
30
0
0
VERTEX
8
0
10
144.055325417614
20
73.9732787103509
30
0
0
VERTEX
8
0
10
144.744585347842
20
73.8812293885659
30
0
0
VERTEX
8
0
10
145.433845278069
20
73.789225745807
30
0
0
VERTEX
8
0
10
146.123105208297
20
73.6972679531511
30
0
0
VERTEX
8
0
10
146.812365138525
20
73.6104064080817
30
0
0
VERTEX
8
0
10
147.501625068753
20
73.5231297772852
30
0
0
VERTEX
8
0
10
148.190884998981
20
73.4358860455101
30
0
0
VERTEX
8
0
10
148.880144929208
20
73.3486753301506
30
0
0
VERTEX
8
0
10
149.569404859436
20
73.2646281261828
30
0
0
VERTEX
8
0
10
150.258664789664
20
73.1799518076864
30
0
0
VERTEX
8
0
10
150.947924719892
20
73.0953069667168
30
0
0
VERTEX
8
0
10
151.63718465012
20
73.0106937127541
30
0
0
VERTEX
8
0
10
152.326444580347
20
72.9332028252141
30
0
0
VERTEX
8
0
10
153.015704510575
20
72.853581567761
30
0
0
VERTEX
8
0
10
153.704964440803
20
72.7739885559297
30
0
0
VERTEX
8
0
10
154.394224371031
20
72.6929270046798
30
0
0
VERTEX
8
0
10
155.083484301259
20
72.6109283829312
30
0
0
SEQEND
8
0
0
POLYLINE
8
0
62
2
70
0
10
0
20
0
30
0
0
VERTEX
8
0
10
8.96037909296163
20
11.3567007391548
30
0
0
VERTEX
8
0
10
9.64963902318944
20
11.8787863983947
30
0
0
VERTEX
8
0
10
10.3388989534173
20
12.4072232649568
30
0
0
VERTEX
8
0
10
11.0281588836451
20
12.9412333346599
30
0
0
VERTEX
8
0
10
11.7174188138729
20
13.454812814103
30
0
0
VERTEX
8
0
10
12.4066787441007
20
13.9680743629099
30
0
0
VERTEX
8
0
10
13.0959386743285
20
14.4778459281939
30
0
0
VERTEX
8
0
10
13.7851986045564
20
14.987664008009
30
0
0
VERTEX
8
0
10
14.4744585347842
20
15.4911995907562
30
0
0
VERTEX
8
0
10
15.163718465012
20
15.9904056464925
30
0
0
VERTEX
8
0
10
15.8529783952398
20
16.4896610269285
30
0
0
VERTEX
8
0
10
16.5422383254676
20
16.9889613835433
30
0
0
VERTEX
8
0
10
17.2314982556954
20
17.4520176430989
30
0
0
VERTEX
8
0
10
17.9207581859233
20
17.9036793173911
30
0
0
VERTEX
8
0
10
18.6100181161511
20
18.3553415040802
30
0
0
VERTEX
8
0
10
19.2992780463789
20
18.8070041662498
30
0
0
VERTEX
8
0
10
19.9885379766067
20
19.2384944460532
30
0
0
VERTEX
8
0
10
20.6777979068345
20
19.6684921662459
30
0
0
VERTEX
8
0
10
21.3670578370624
20
20.0984909171985
30
0
0
VERTEX
8
0
10
22.0563177672902
20
20.5284906341388
30
0
0
VERTEX
8
0
10
22.745577697518
20
20.9161403322611
30
0
0
VERTEX
8
0
10
23.4348376277458
20
21.3076854150344
30
0
0
VERTEX
8
0
10
24.1240975579736
20
21.699233880867
30
0
0
VERTEX
8
0
10
24.8133574882014
20
22.0907855498698
30
0
0
VERTEX
8
0
10
25.5026174184293
20
22.4645759678324
30
0
0
VERTEX
8
0
10
26.1918773486571
20
22.842190407978
30
0
0
VERTEX
8
0
10
26.8811372788849
20
23.2198325996102
30
0
0
VERTEX
8
0
10
27.5703972091127
20
23.5975012103679
30
0
0
VERTEX
8
0
10
28.2596571393405
20
23.9772574401839
30
0
0
VERTEX
8
0
10
28.9489170695683
20
24.3564868264801
30
0
0
VERTEX
8
0
10
29.6381769997962
20
24.7358017932664
30
0
0
VERTEX
8
0
10
30.327436930024
20
25.1090705512078
30
0
0
VERTEX
8
0
10
31.0166968602518
20
25.4785078756325
30
0
0
VERTEX
8
0
10
31.7059567904796
20
25.847999065009
30
0
0
VERTEX
8
0
10
32.3952167207074
20
26.2175418419356
30
0
0
VERTEX
8
0
10
33.0844766509353
20
26.5954121257197
30
0
0
VERTEX
8
0
10
33.7737365811631
20
26.9755996196688
30
0
0
VERTEX
8
0
10
34.4629965113909
20
27.3557872313631
30
0
0
VERTEX
8
0
10
35.1522564416187
20
27.7359749559608
30
0
0
VERTEX
8
0
10
35.8415163718465
20
28.1135056909296
30
0
0
VERTEX
8
0
10
36.5307763020743
20
28.490902119226
30
0
0
VERTEX
8
0
10
37.2200362323022
20
28.8682987223858
30
0
0
VERTEX
8
0
10
37.90929616253
20
29.2456954936395
30
0
0
VERTEX
8
0
10
38.5985560927578
20
29.6193680805454
30
0
0
VERTEX
8
0
10
39.2878160229856
20
29.9934747660147
30
0
0
VERTEX
8
0
10
39.9770759532134
20
30.3676079946654
30
0
0
VERTEX
8
0
10
40.6663358834413
20
30.7417667973907
30
0
0
VERTEX
8
0
10
41.3555958136691
20
31.1149422018013
30
0
0
VERTEX
8
0
10
42.0448557438969
20
31.4885718856889
30
0
0
VERTEX
8
0
10
42.7341156741247
20
31.8623944932308
30
0
0
VERTEX
8
0
10
43.4233756043525
20
32.2364033128331
30
0
0
VERTEX
8
0
10
44.1126355345803
20
32.5915189549015
30
0
0
VERTEX
8
0
10
44.8018954648082
20
32.9529668543142
30
0
0
VERTEX
8
0
10
45.491155395036
20
33.3146841147314
30
0
0
VERTEX
8
0
10
46.1804153252638
20
33.6743515024814
30
0
0
VERTEX
8
0
10
46.8696752554916
20
34.0329724162245
30
0
0
VERTEX
8
0
10
47.5589351857194
20
34.3918909675779
30
0
0
VERTEX
8
0
10
48.2481951159473
20
34.7510979343024
30
0
0
VERTEX
8
0
10
48.9374550461751
20
35.1040984423416
30
0
0
VERTEX
8
0
10
49.6267149764029
20
35.4556785135168
30
0
0
VERTEX
8
0
10
50.3159749066307
20
35.8074193124711
30
0
0
VERTEX
8
0
10
51.0052348368585
20
36.1593161487525
30
0
0
VERTEX
8
0
10
51.6944947670863
20
36.504087008768
30
0
0
VERTEX
8
0
10
52.3837546973142
20
36.8486655252198
30
0
0
VERTEX
8
0
10
53.073014627542
20
37.193254618983
30
0
0
VERTEX
8
0
10
53.7622745577698
20
37.5378539987656
30
0
0
VERTEX
8
0
10
54.4515344879976
20
37.883246437488
30
0
0
VERTEX
8
0
10
55.1407944182254
20
38.2286316937925
30
0
0
VERTEX
8
0
10
55.8300543484533
20
38.5740997904735
30
0
0
VERTEX
8
0
10
56.5193142786811
20
38.9196485215471
30
0
0
VERTEX
8
0
10
57.2085742089089
20
39.2609280467537
30
0
0
VERTEX
8
0
10
57.8978341391367
20
39.6034018669848
30
0
0
VERTEX
8
0
10
58.5870940693645
20
39.94601891409
30
0
0
VERTEX
8
0
10
59.2763539995923
20
40.2887755340515
30
0
0
VERTEX
8
0
10
59.9656139298202
20
40.6632339400311
30
0
0
VERTEX
8
0
10
60.654873860048
20
41.0275087010075
30
0
0
VERTEX
8
0
10
61.3441337902758
20
41.3918843991889
30
0
0
VERTEX
8
0
10
62.0333937205036
20
41.7642227714758
30
0
0
VERTEX
8
0
10
62.7226536507314
20
42.1407908145545
30
0
0
VERTEX
8
0
10
63.4119135809593
20
42.5174007723472
30
0
0
VERTEX
8
0
10
64.1011735111871
20
42.8940515408197
30
0
0
VERTEX
8
0
10
64.7904334414149
20
43.319451590138
30
0
0
VERTEX
8
0
10
65.4796933716427
20
43.7553348392473
30
0
0
VERTEX
8
0
10
66.1689533018705
20
44.1912392196647
30
0
0
VERTEX
8
0
10
66.8582132320983
20
44.6271641121779
30
0
0
VERTEX
8
0
10
67.5474731623262
20
45.0770285609418
30
0
0
VERTEX
8
0
10
68.236733092554
20
45.5270171899384
30
0
0
VERTEX
8
0
10
68.9259930227818
20
45.9770359164609
30
0
0
VERTEX
8
0
10
69.6152529530096
20
46.4270838653013
30
0
0
VERTEX
8
0
10
70.3045128832374
20
46.9060388498501
30
0
0
VERTEX
8
0
10
70.9937728134652
20
47.3810880327573
30
0
0
VERTEX
8
0
10
71.6830327436931
20
47.8562752165321
30
0
0
VERTEX
8
0
10
72.3722926739209
20
48.331596330779
30
0
0
VERTEX
8
0
10
73.0615526041487
20
48.8061749539908
30
0
0
VERTEX
8
0
10
73.7508125343765
20
49.2812770400422
30
0
0
VERTEX
8
0
10
74.4400724646043
20
49.7566502503539
30
0
0
VERTEX
8
0
10
75.1293323948321
20
50.2321815767745
30
0
0
VERTEX
8
0
10
75.81859232506
20
50.7084735881807
30
0
0
VERTEX
8
0
10
76.5078522552878
20
51.1858048267658
30
0
0
VERTEX
8
0
10
77.1971121855156
20
51.6641464879045
30
0
0
VERTEX
8
0
10
77.8863721157434
20
52.164999216239
30
0
0
VERTEX
8
0
10
78.5756320459712
20
52.6774916739107
30
0
0
VERTEX
8
0
10
79.2648919761991
20
53.1912200844883
30
0
0
VERTEX
8
0
10
79.9541519064269
20
53.7061489803061
30
0
0
VERTEX
8
0
10
80.6434118366547
20
54.2352559367093
30
0
0
VERTEX
8
0
10
81.3326717668825
20
54.7680641910356
30
0
0
VERTEX
8
0
10
82.0219316971103
20
55.3021446354541
30
0
0
VERTEX
8
0
10
82.7111916273381
20
55.8374607648146
30
0
0
VERTEX
8
0
10
83.400451557566
20
56.3601400115231
30
0
0
VERTEX
8
0
10
84.0897114877938
20
56.88356566105
30
0
0
VERTEX
8
0
10
84.7789714180216
20
57.4075342905757
30
0
0
VERTEX
8
0
10
85.4682313482494
20
57.9320311670874
30
0
0
VERTEX
8
0
10
86.1574912784772
20
58.4641591214435
30
0
0
VERTEX
8
0
10
86.8467512087051
20
58.9956286667173
30
0
0
VERTEX
8
0
10
87.5360111389329
20
59.527539306837
30
0
0
VERTEX
8
0
10
88.2252710691607
20
60.0598793223477
30
0
0
VERTEX
8
0
10
88.9145309993885
20
60.5730969311294
30
0
0
VERTEX
8
0
10
89.6037909296163
20
61.0922450547172
30
0
0
VERTEX
8
0
10
90.2930508598441
20
61.6121290732481
30
0
0
VERTEX
8
0
10
90.982310790072
20
62.1266229233824
30
0
0
VERTEX
8
0
10
91.6715707202998
20
62.6363684589679
30
0
0
VERTEX
8
0
10
92.3608306505276
20
63.1469113633691
30
0
0
VERTEX
8
0
10
93.0500905807554
20
63.6582324517493
30
0
0
VERTEX
8
0
10
93.7393505109832
20
64.1507009905902
30
0
0
VERTEX
8
0
10
94.428610441211
20
64.6352008166222
30
0
0
VERTEX
8
0
10
95.1178703714389
20
65.1203237891294
30
0
0
VERTEX
8
0
10
95.8071303016667
20
65.6060560845721
30
0
0
VERTEX
8
0
10
96.4963902318945
20
66.0619889066368
30
0
0
VERTEX
8
0
10
97.1856501621223
20
66.513698714325
30
0
0
VERTEX
8
0
10
97.8749100923501
20
66.9659251400662
30
0
0
VERTEX
8
0
10
98.564170022578
20
67.4186577878519
30
0
0
VERTEX
8
0
10
99.2534299528058
20
67.8769660953373
30
0
0
VERTEX
8
0
10
99.9426898830336
20
68.3356115953477
30
0
0
VERTEX
8
0
10
100.631949813261
20
68.7947549081405
30
0
0
VERTEX
8
0
10
101.321209743489
20
69.2543861325061
30
0
0
VERTEX
8
0
10
102.010469673717
20
69.6804832880246
30
0
0
VERTEX
8
0
10
102.699729603945
20
70.1130953122506
30
0
0
VERTEX
8
0
10
103.388989534173
20
70.5463985371865
30
0
0
VERTEX
8
0
10
104.078249464401
20
70.9803803044271
30
0
0
VERTEX
8
0
10
104.767509394628
20
71.3987929994378
30
0
0
VERTEX
8
0
10
105.456769324856
20
71.8223997560587
30
0
0
VERTEX
8
0
10
106.146029255084
20
72.2467408345705
30
0
0
VERTEX
8
0
10
106.835289185312
20
72.6352533882363
30
0
0
VERTEX
8
0
10
107.52454911554
20
72.9938410845162
30
0
0
VERTEX
8
0
10
108.213809045767
20
73.3529344195413
30
0
0
VERTEX
8
0
10
108.903068975995
20
73.7125260035976
30
0
0
VERTEX
8
0
10
109.592328906223
20
74.0444067560541
30
0
0
VERTEX
8
0
10
110.281588836451
20
74.3654867332658
30
0
0
VERTEX
8
0
10
110.970848766679
20
74.6869701646477
30
0
0
VERTEX
8
0
10
111.660108696907
20
75.0088518626592
30
0
0
VERTEX
8
0
10
112.349368627134
20
75.2556988963932
30
0
0
VERTEX
8
0
10
113.038628557362
20
75.4932765395419
30
0
0
VERTEX
8
0
10
113.72788848759
20
75.7313385094645
30
0
0
VERTEX
8
0
10
114.417148417818
20
75.9698802530493
30
0
0
VERTEX
8
0
10
115.106408348046
20
76.1915146221368
30
0
0
VERTEX
8
0
10
115.795668278273
20
76.4145637156475
30
0
0
VERTEX
8
0
10
116.484928208501
20
76.6381063361803
30
0
0
VERTEX
8
0
10
117.174188138729
20
76.8621381776754
30
0
0
VERTEX
8
0
10
117.863448068957
20
77.0213805040971
30
0
0
VERTEX
8
0
10
118.552707999185
20
77.1929300625815
30
0
0
VERTEX
8
0
10
119.241967929412
20
77.3647825775482
30
0
0
VERTEX
8
0
10
119.93122785964
20
77.5369360345831
30
0
0
VERTEX
8
0
10
120.620487789868
20
77.3827195818081
30
0
0
VERTEX
8
0
10
121.309747720096
20
77.321091335603
30
0
0
VERTEX
8
0
10
121.999007650324
20
77.2594636856934
30
0
0
VERTEX
8
0
10
122.688267580552
20
77.1816732692626
30
0
0
VERTEX
8
0
10
123.377527510779
20
77.0914909638732
30
0
0
VERTEX
8
0
10
124.066787441007
20
77.0013099971126
30
0
0
VERTEX
8
0
10
124.756047371235
20
76.9111303736896
30
0
0
VERTEX
8
0
10
125.445307301463
20
76.8249305075058
30
0
0
VERTEX
8
0
10
126.134567231691
20
76.7401568157892
30
0
0
VERTEX
8
0
10
126.823827161919
20
76.6553831244145
30
0
0
VERTEX
8
0
10
127.513087092146
20
76.5706094333829
30
0
0
VERTEX
8
0
10
128.202347022374
20
76.4858357426954
30
0
0
VERTEX
8
0
10
128.891606952602
20
76.4010620523533
30
0
0
VERTEX
8
0
10
129.58086688283
20
76.3162883623576
30
0
0
VERTEX
8
0
10
130.270126813058
20
76.2315146727096
30
0
0
VERTEX
8
0
10
130.959386743285
20
76.1218302690384
30
0
0
VERTEX
8
0
10
131.648646673513
20
76.0139145609611
30
0
0
VERTEX
8
0
10
132.337906603741
20
75.9059995184464
30
0
0
VERTEX
8
0
10
133.027166533969
20
75.798085144337
30
0
0
VERTEX
8
0
10
133.716426464197
20
75.691523007445
30
0
0
VERTEX
8
0
10
134.405686394424
20
75.5848695799474
30
0
0
VERTEX
8
0
10
135.094946324652
20
75.4783736377634
30
0
0
VERTEX
8
0
10
135.78420625488
20
75.3720358484435
30
0
0
VERTEX
8
0
10
136.473466185108
20
75.2429306283892
30
0
0
VERTEX
8
0
10
137.162726115336
20
75.120653586454
30
0
0
VERTEX
8
0
10
137.851986045564
20
74.9984751340248
30
0
0
VERTEX
8
0
10
138.541245975791
20
74.8715492743145
30
0
0
VERTEX
8
0
10
139.230505906019
20
74.7412849351614
30
0
0
VERTEX
8
0
10
139.919765836247
20
74.611088988216
30
0
0
VERTEX
8
0
10
140.609025766475
20
74.4809617921356
30
0
0
VERTEX
8
0
10
141.298285696703
20
74.3718945418158
30
0
0
VERTEX
8
0
10
141.98754562693
20
74.2697522619755
30
0
0
VERTEX
8
0
10
142.676805557158
20
74.1678098251111
30
0
0
VERTEX
8
0
10
143.366065487386
20
74.0660680563972
30
0
0
VERTEX
8
0
10
144.055325417614
20
73.9732787103509
30
0
0
VERTEX
8
0
10
144.744585347842
20
73.881229388566
30
0
0
VERTEX
8
0
10
145.433845278069
20
73.789225745807
30
0
0
VERTEX
8
0
10
146.123105208297
20
73.6972679531511
30
0
0
VERTEX
8
0
10
146.812365138525
20
73.6104064080817
30
0
0
VERTEX
8
0
10
147.501625068753
20
73.5231297772852
30
0
0
VERTEX
8
0
10
148.190884998981
20
73.4358860455101
30
0
0
VERTEX
8
0
10
148.880144929208
20
73.3486753301506
30
0
0
VERTEX
8
0
10
149.569404859436
20
73.2646281261828
30
0
0
VERTEX
8
0
10
150.258664789664
20
73.1799518076864
30
0
0
VERTEX
8
0
10
150.947924719892
20
73.0953069667168
30
0
0
VERTEX
8
0
10
151.63718465012
20
73.0106937127541
30
0
0
VERTEX
8
0
10
152.326444580347
20
72.9332028252141
30
0
0
VERTEX
8
0
10
153.015704510575
20
72.853581567761
30
0
0
VERTEX
8
0
10
153.704964440803
20
72.7739885559297
30
0
0
VERTEX
8
0
10
154.394224371031
20
72.6929270046798
30
0
0
VERTEX
8
0
10
155.083484301259
20
72.6109283829312
30
0
0
SEQEND
8
0
0
POLYLINE
8
0
62
3
70
0
10
0
20
0
30
0
0
VERTEX
8
0
10
8.96037909296163
20
9.74363727958945
30
0
0
VERTEX
8
0
10
9.64963902318944
20
9.86791815085779
30
0
0
VERTEX
8
0
10
10.3388989534173
20
10.6980650731856
30
0
0
VERTEX
8
0
10
11.0281588836451
20
11.2423967163949
30
0
0
VERTEX
8
0
10
11.7174188138729
20
14.7802376798704
30
0
0
VERTEX
8
0
10
12.4066787441007
20
12.6035866692879
30
0
0
VERTEX
8
0
10
13.0959386743285
20
15.0304897845874
30
0
0
VERTEX
8
0
10
13.7851986045564
20
14.4486108539626
30
0
0
VERTEX
8
0
10
14.4744585347842
20
16.0021200335132
30
0
0
VERTEX
8
0
10
15.163718465012
20
15.863481422666
30
0
0
VERTEX
8
0
10
15.8529783952398
20
17.1669111133382
30
0
0
VERTEX
8
0
10
16.5422383254676
20
17.8177416722641
30
0
0
VERTEX
8
0
10
17.2314982556954
20
18.3807951085585
30
0
0
VERTEX
8
0
10
17.9207581859233
20
19.0580409278488
30
0
0
VERTEX
8
0
10
18.6100181161511
20
19.8623555474326
30
0
0
VERTEX
8
0
10
19.2992780463789
20
20.5623972943042
30
0
0
VERTEX
8
0
10
19.9885379766067
20
21.1744056609345
30
0
0
VERTEX
8
0
10
20.6777979068345
20
22.7271771385806
30
0
0
VERTEX
8
0
10
21.3670578370624
20
22.8087925056404
30
0
0
VERTEX
8
0
10
22.0563177672902
20
23.9147828460433
30
0
0
VERTEX
8
0
10
22.745577697518
20
24.1572578437717
30
0
0
VERTEX
8
0
10
23.4348376277458
20
25.2602309820562
30
0
0
VERTEX
8
0
10
24.1240975579736
20
25.6766108081477
30
0
0
VERTEX
8
0
10
24.8133574882014
20
26.5224915855858
30
0
0
VERTEX
8
0
10
25.5026174184293
20
27.1680474589608
30
0
0
VERTEX
8
0
10
26.1918773486571
20
27.9918682293347
30
0
0
VERTEX
8
0
10
26.8811372788849
20
28.5955644864179
30
0
0
VERTEX
8
0
10
27.5703972091127
20
29.2902938084728
30
0
0
VERTEX
8
0
10
28.2596571393405
20
30.0671773392356
30
0
0
VERTEX
8
0
10
28.9489170695683
20
30.7056801461185
30
0
0
VERTEX
8
0
10
29.6381769997962
20
31.7472728170907
30
0
0
VERTEX
8
0
10
30.327436930024
20
32.1317539902528
30
0
0
VERTEX
8
0
10
31.0166968602518
20
33.1153996021242
30
0
0
VERTEX
8
0
10
31.7059567904796
20
33.5469648801106
30
0
0
VERTEX
8
0
10
32.3952167207074
20
34.371875078818
30
0
0
VERTEX
8
0
10
33.0844766509353
20
34.9951199963498
30
0
0
VERTEX
8
0
10
33.7737365811631
20
35.7107597139279
30
0
0
VERTEX
8
0
10
34.4629965113909
20
36.3477542671228
30
0
0
VERTEX
8
0
10
35.1522564416187
20
37.0598747162592
30
0
0
VERTEX
8
0
10
35.8415163718465
20
37.7714697915724
30
0
0
VERTEX
8
0
10
36.5307763020743
20
38.4052069314802
30
0
0
VERTEX
8
0
10
37.2200362323022
20
39.0901421925514
30
0
0
VERTEX
8
0
10
37.90929616253
20
39.7723418077566
30
0
0
VERTEX
8
0
10
38.5985560927578
20
40.6073358303158
30
0
0
VERTEX
8
0
10
39.2878160229856
20
41.1013143129556
30
0
0
VERTEX
8
0
10
39.9770759532134
20
41.893609139449
30
0
0
VERTEX
8
0
10
40.6663358834413
20
42.4834464971349
30
0
0
VERTEX
8
0
10
41.3555958136691
20
43.1791229669448
30
0
0
VERTEX
8
0
10
42.0448557438969
20
43.7917404714393
30
0
0
VERTEX
8
0
10
42.7341156741247
20
44.4783099338447
30
0
0
VERTEX
8
0
10
43.4233756043525
20
45.0939941921959
30
0
0
VERTEX
8
0
10
44.1126355345803
20
45.751087907059
30
0
0
VERTEX
8
0
10
44.8018954648082
20
46.3989267212439
30
0
0
VERTEX
8
0
10
45.491155395036
20
47.0628943599604
30
0
0
VERTEX
8
0
10
46.1804153252638
20
47.6898250665294
30
0
0
VERTEX
8
0
10
46.8696752554916
20
48.318667944938
30
0
0
VERTEX
8
0
10
47.5589351857194
20
49.0694531920119
30
0
0
VERTEX
8
0
10
48.2481951159473
20
49.5965591014523
30
0
0
VERTEX
8
0
10
48.9374550461751
20
50.2909788794053
30
0
0
VERTEX
8
0
10
49.6267149764029
20
50.8687788189353
30
0
0
VERTEX
8
0
10
50.3159749066307
20
51.5412998242104
30
0
0
VERTEX
8
0
10
51.0052348368585
20
52.1329418355383
30
0
0
VERTEX
8
0
10
51.6944947670863
20
52.7477504392739
30
0
0
VERTEX
8
0
10
52.3837546973142
20
53.3600185557349
30
0
0
VERTEX
8
0
10
53.073014627542
20
53.9706742543042
30
0
0
VERTEX
8
0
10
53.7622745577698
20
54.5792737621849
30
0
0
VERTEX
8
0
10
54.4515344879976
20
55.1884842610793
30
0
0
VERTEX
8
0
10
55.1407944182254
20
55.8110049384146
30
0
0
VERTEX
8
0
10
55.8300543484533
20
56.4002042294749
30
0
0
VERTEX
8
0
10
56.5193142786811
20
57.056637536594
30
0
0
VERTEX
8
0
10
57.2085742089089
20
57.605307798967
30
0
0
VERTEX
8
0
10
57.8978341391367
20
58.2291823793767
30
0
0
VERTEX
8
0
10
58.5870940693645
20
58.793850928387
30
0
0
VERTEX
8
0
10
59.2763539995923
20
59.3968844219952
30
0
0
VERTEX
8
0
10
59.9656139298202
20
59.9925231438495
30
0
0
VERTEX
8
0
10
60.654873860048
20
60.5598504473129
30
0
0
VERTEX
8
0
10
61.3441337902758
20
61.1286746973736
30
0
0
VERTEX
8
0
10
62.0333937205036
20
61.7148185766976
30
0
0
VERTEX
8
0
10
62.7226536507314
20
62.2839357737303
30
0
0
VERTEX
8
0
10
63.4119135809593
20
62.856821708569
30
0
0
VERTEX
8
0
10
64.1011735111871
20
63.4287720815042
30
0
0
VERTEX
8
0
10
64.7904334414149
20
64.0055168804161
30
0
0
VERTEX
8
0
10
65.4796933716427
20
64.6001465430962
30
0
0
VERTEX
8
0
10
66.1689533018705
20
65.1257572081784
30
0
0
VERTEX
8
0
10
66.8582132320983
20
65.7087049022633
30
0
0
VERTEX
8
0
10
67.5474731623262
20
66.2486471198329
30
0
0
VERTEX
8
0
10
68.236733092554
20
66.8070807084258
30
0
0
VERTEX
8
0
10
68.9259930227818
20
67.3633789167654
30
0
0
VERTEX
8
0
10
69.6152529530096
20
67.9094635999446
30
0
0
VERTEX
8
0
10
70.3045128832374
20
68.4470304812776
30
0
0
VERTEX
8
0
10
70.9937728134652
20
68.9878045873985
30
0
0
VERTEX
8
0
10
71.6830327436931
20
69.5320584631739
30
0
0
VERTEX
8
0
10
72.3722926739209
20
70.0674490605494
30
0
0
VERTEX
8
0
10
73.0615526041487
20
70.6052975143672
30
0
0
VERTEX
8
0
10
73.7508125343765
20
71.1395899446906
30
0
0
VERTEX
8
0
10
74.4400724646043
20
71.6989245962159
30
0
0
VERTEX
8
0
10
75.1293323948321
20
72.2067162729489
30
0
0
VERTEX
8
0
10
75.81859232506
20
72.7381133785564
30
0
0
VERTEX
8
0
10
76.5078522552878
20
73.2606196312152
30
0
0
VERTEX
8
0
10
77.1971121855156
20
73.7776538864483
30
0
0
VERTEX
8
0
10
77.8863721157434
20
74.3062105976201
30
0
0
VERTEX
8
0
10
78.5756320459712
20
74.8103995103618
30
0
0
VERTEX
8
0
10
79.2648919761991
20
75.3285073984466
30
0
0
VERTEX
8
0
10
79.9541519064269
20
75.8393689418123
30
0
0
VERTEX
8
0
10
80.6434118366547
20
76.3449735405528
30
0
0
VERTEX
8
0
10
81.3326717668825
20
76.8552104227744
30
0
0
VERTEX
8
0
10
82.0219316971103
20
77.3586480137235
30
0
0
VERTEX
8
0
10
82.7111916273381
20
77.8651536386449
30
0
0
VERTEX
8
0
10
83.400451557566
20
78.3774866589945
30
0
0
VERTEX
8
0
10
84.0897114877938
20
78.8727406472563
30
0
0
VERTEX
8
0
10
84.7789714180216
20
79.3728287526924
30
0
0
VERTEX
8
0
10
85.4682313482494
20
79.8648525524184
30
0
0
VERTEX
8
0
10
86.1574912784772
20
80.3559359853044
30
0
0
VERTEX
8
0
10
86.8467512087051
20
80.8557703626597
30
0
0
VERTEX
8
0
10
87.5360111389329
20
81.3363867335079
30
0
0
VERTEX
8
0
10
88.2252710691607
20
81.823429521702
30
0
0
VERTEX
8
0
10
88.9145309993885
20
82.3157610768118
30
0
0
VERTEX
8
0
10
89.6037909296163
20
82.8030177949327
30
0
0
VERTEX
8
0
10
90.2930508598441
20
83.285520811304
30
0
0
VERTEX
8
0
10
90.982310790072
20
83.7725966778589
30
0
0
VERTEX
8
0
10
91.6715707202998
20
84.2592904332792
30
0
0
VERTEX
8
0
10
92.3608306505276
20
84.7545376135853
30
0
0
VERTEX
8
0
10
93.0500905807554
20
85.239226715988
30
0
0
VERTEX
8
0
10
93.7393505109832
20
85.7377111424783
30
0
0
VERTEX
8
0
10
94.428610441211
20
86.2422865220056
30
0
0
VERTEX
8
0
10
95.1178703714389
20
86.7267614763379
30
0
0
VERTEX
8
0
10
95.8071303016667
20
87.2196405831713
30
0
0
VERTEX
8
0
10
96.4963902318945
20
87.6815291182496
30
0
0
VERTEX
8
0
10
97.1856501621223
20
88.1501059933779
30
0
0
VERTEX
8
0
10
97.8749100923501
20
88.6097187939318
30
0
0
VERTEX
8
0
10
98.564170022578
20
89.0700015747821
30
0
0
VERTEX
8
0
10
99.2534299528058
20
89.525659867728
30
0
0
VERTEX
8
0
10
99.9426898830336
20
89.9725454804301
30
0
0
VERTEX
8
0
10
100.631949813261
20
90.424886588297
30
0
0
VERTEX
8
0
10
101.321209743489
20
90.8774450755913
30
0
0
VERTEX
8
0
10
102.010469673717
20
91.3333145901517
30
0
0
VERTEX
8
0
10
102.699729603945
20
91.7916848304592
30
0
0
VERTEX
8
0
10
103.388989534173
20
92.2608481149301
30
0
0
VERTEX
8
0
10
104.078249464401
20
92.6998531116265
30
0
0
VERTEX
8
0
10
104.767509394628
20
93.1264325783735
30
0
0
VERTEX
8
0
10
105.456769324856
20
93.5219617005559
30
0
0
VERTEX
8
0
10
106.146029255084
20
93.9126912528451
30
0
0
VERTEX
8
0
10
106.835289185312
20
94.2926772190579
30
0
0
VERTEX
8
0
10
107.52454911554
20
94.6586009491005
30
0
0
VERTEX
8
0
10
108.213809045767
20
95.017813547321
30
0
0
VERTEX
8
0
10
108.903068975995
20
95.3669779471823
30
0
0
VERTEX
8
0
10
109.592328906223
20
95.7033215166575
30
0
0
VERTEX
8
0
10
110.281588836451
20
96.0328809846303
30
0
0
VERTEX
8
0
10
110.970848766679
20
96.354876839729
30
0
0
VERTEX
8
0
10
111.660108696907
20
96.6664213038425
30
0
0
VERTEX
8
0
10
112.349368627134
20
96.9743255922384
30
0
0
VERTEX
8
0
10
113.038628557362
20
97.2673143569969
30
0
0
VERTEX
8
0
10
113.72788848759
20
97.5672842822348
30
0
0
VERTEX
8
0
10
114.417148417818
20
97.8391403570679
30
0
0
VERTEX
8
0
10
115.106408348046
20
98.1155468088306
30
0
0
VERTEX
8
0
10
115.795668278273
20
98.3849585356675
30
0
0
VERTEX
8
0
10
116.484928208501
20
98.6504740675924
30
0
0
VERTEX
8
0
10
117.174188138729
20
98.9078071201094
30
0
0
VERTEX
8
0
10
117.863448068957
20
99.1624675596356
30
0
0
VERTEX
8
0
10
118.552707999185
20
99.4175130390214
30
0
0
VERTEX
8
0
10
119.241967929412
20
99.6637129942894
30
0
0
VERTEX
8
0
10
119.93122785964
20
99.908591658275
30
0
0
VERTEX
8
0
10
120.620487789868
20
100.133519447493
30
0
0
VERTEX
8
0
10
121.309747720096
20
100.350989818466
30
0
0
VERTEX
8
0
10
121.999007650324
20
100.542728153141
30
0
0
VERTEX
8
0
10
122.688267580552
20
100.735498203212
30
0
0
VERTEX
8
0
10
123.377527510779
20
100.905977685211
30
0
0
VERTEX
8
0
10
124.066787441007
20
101.068471637514
30
0
0
VERTEX
8
0
10
124.756047371235
20
101.222179100312
30
0
0
VERTEX
8
0
10
125.445307301463
20
101.367601561691
30
0
0
VERTEX
8
0
10
126.134567231691
20
101.505012963963
30
0
0
VERTEX
8
0
10
126.823827161919
20
101.630558571552
30
0
0
VERTEX
8
0
10
127.513087092146
20
101.750703090316
30
0
0
VERTEX
8
0
10
128.202347022374
20
101.861954030893
30
0
0
VERTEX
8
0
10
128.891606952602
20
101.964433073823
30
0
0
VERTEX
8
0
10
129.58086688283
20
102.055776904049
30
0
0
VERTEX
8
0
10
130.270126813058
20
102.146344843471
30
0
0
VERTEX
8
0
10
130.959386743285
20
102.222713454301
30
0
0
VERTEX
8
0
10
131.648646673513
20
102.298108431268
30
0
0
VERTEX
8
0
10
132.337906603741
20
102.357913165676
30
0
0
VERTEX
8
0
10
133.027166533969
20
102.417630960351
30
0
0
VERTEX
8
0
10
133.716426464197
20
102.465760689727
30
0
0
VERTEX
8
0
10
134.405686394424
20
102.508685484446
30
0
0
VERTEX
8
0
10
135.094946324652
20
102.545514745235
30
0
0
VERTEX
8
0
10
135.78420625488
20
102.575767722208
30
0
0
VERTEX
8
0
10
136.473466185108
20
102.598499653681
30
0
0
VERTEX
8
0
10
137.162726115336
20
102.613717671076
30
0
0
VERTEX
8
0
10
137.851986045564
20
102.627428350094
30
0
0
VERTEX
8
0
10
138.541245975791
20
102.627411385716
30
0
0
VERTEX
8
0
10
139.230505906019
20
102.627051112382
30
0
0
VERTEX
8
0
10
139.919765836247
20
102.615677682159
30
0
0
VERTEX
8
0
10
140.609025766475
20
102.604964817441
30
0
0
VERTEX
8
0
10
141.298285696703
20
102.579729979357
30
0
0
VERTEX
8
0
10
141.98754562693
20
102.553219564313
30
0
0
VERTEX
8
0
10
142.676805557158
20
102.521895592411
30
0
0
VERTEX
8
0
10
143.366065487386
20
102.482184056744
30
0
0
VERTEX
8
0
10
144.055325417614
20
102.437660813314
30
0
0
VERTEX
8
0
10
144.744585347842
20
102.387847037997
30
0
0
VERTEX
8
0
10
145.433845278069
20
102.333649374287
30
0
0
VERTEX
8
0
10
146.123105208297
20
102.270939816536
30
0
0
VERTEX
8
0
10
146.812365138525
20
102.206072625772
30
0
0
VERTEX
8
0
10
147.501625068753
20
102.134472188603
30
0
0
VERTEX
8
0
10
148.190884998981
20
102.058485467239
30
0
0
VERTEX
8
0
10
148.880144929208
20
101.97436972825
30
0
0
VERTEX
8
0
10
149.569404859436
20
101.889839645415
30
0
0
VERTEX
8
0
10
150.258664789664
20
101.796375156294
30
0
0
VERTEX
8
0
10
150.947924719892
20
101.69915524108
30
0
0
VERTEX
8
0
10
151.63718465012
20
101.597327619875
30
0
0
VERTEX
8
0
10
152.326444580347
20
101.492280801905
30
0
0
VERTEX
8
0
10
153.015704510575
20
101.380503335157
30
0
0
VERTEX
8
0
10
153.704964440803
20
101.264516141288
30
0
0
VERTEX
8
0
10
154.394224371031
20
101.145057712698
30
0
0
VERTEX
8
0
10
155.083484301259
20
101.020482377374
30
0
0
SEQEND
8
0
0
POLYLINE
8
0
62
4
70
0
10
0
20
0
30
0
0
VERTEX
8
0
10
8.96037909296163
20
12.8560004385293
30
0
0
VERTEX
8
0
10
9.64963902318944
20
13.536958859152
30
0
0
VERTEX
8
0
10
10.3388989534173
20
14.224556993975
30
0
0
VERTEX
8
0
10
11.0281588836451
20
14.9192600086346
30
0
0
VERTEX
8
0
10
11.7174188138729
20
15.5908113380875
30
0
0
VERTEX
8
0
10
12.4066787441007
20
16.2775555186666
30
0
0
VERTEX
8
0
10
13.0959386743285
20
16.9468227115036
30
0
0
VERTEX
8
0
10
13.7851986045564
20
17.6310944962735
30
0
0
VERTEX
8
0
10
14.4744585347842
20
18.2973341159095
30
0
0
VERTEX
8
0
10
15.163718465012
20
18.9763066905417
30
0
0
VERTEX
8
0
10
15.8529783952398
20
19.6381368167688
30
0
0
VERTEX
8
0
10
16.5422383254676
20
20.3100046852395
30
0
0
VERTEX
8
0
10
17.2314982556954
20
20.9525554064184
30
0
0
VERTEX
8
0
10
17.9207581859233
20
21.5842995628004
30
0
0
VERTEX
8
0
10
18.6100181161511
20
22.2167393972788
30
0
0
VERTEX
8
0
10
19.2992780463789
20
22.849745674084
30
0
0
VERTEX
8
0
10
19.9885379766067
20
23.4692864105265
30
0
0
VERTEX
8
0
10
20.6777979068345
20
24.0770220007379
30
0
0
VERTEX
8
0
10
21.3670578370624
20
24.7012452538294
30
0
0
VERTEX
8
0
10
22.0563177672902
20
25.3122474114717
30
0
0
VERTEX
8
0
10
22.745577697518
20
25.9029871817752
30
0
0
VERTEX
8
0
10
23.4348376277458
20
26.4796917444467
30
0
0
VERTEX
8
0
10
24.1240975579736
20
27.0764026521227
30
0
0
VERTEX
8
0
10
24.8133574882014
20
27.6547464318734
30
0
0
VERTEX
8
0
10
25.5026174184293
20
28.2279996474205
30
0
0
VERTEX
8
0
10
26.1918773486571
20
28.8018312234142
30
0
0
VERTEX
8
0
10
26.8811372788849
20
29.380479706873
30
0
0
VERTEX
8
0
10
27.5703972091127
20
29.9556025440201
30
0
0
VERTEX
8
0
10
28.2596571393405
20
30.530994475528
30
0
0
VERTEX
8
0
10
28.9489170695683
20
31.1104571320879
30
0
0
VERTEX
8
0
10
29.6381769997962
20
31.6794434740905
30
0
0
VERTEX
8
0
10
30.327436930024
20
32.2597257929796
30
0
0
VERTEX
8
0
10
31.0166968602518
20
32.8185180109267
30
0
0
VERTEX
8
0
10
31.7059567904796
20
33.3993958061252
30
0
0
VERTEX
8
0
10
32.3952167207074
20
33.9572328447994
30
0
0
VERTEX
8
0
10
33.0844766509353
20
34.5407007270258
30
0
0
VERTEX
8
0
10
33.7737365811631
20
35.1075813410817
30
0
0
VERTEX
8
0
10
34.4629965113909
20
35.685429177477
30
0
0
VERTEX
8
0
10
35.1522564416187
20
36.2580089993703
30
0
0
VERTEX
8
0
10
35.8415163718465
20
36.8296237755223
30
0
0
VERTEX
8
0
10
36.5307763020743
20
37.4042424886985
30
0
0
VERTEX
8
0
10
37.2200362323022
20
37.9730409707835
30
0
0
VERTEX
8
0
10
37.90929616253
20
38.5443733247895
30
0
0
VERTEX
8
0
10
38.5985560927578
20
39.1031923270973
30
0
0
VERTEX
8
0
10
39.2878160229856
20
39.6805975112549
30
0
0
VERTEX
8
0
10
39.9770759532134
20
40.2364242027058
30
0
0
VERTEX
8
0
10
40.6663358834413
20
40.8109690823604
30
0
0
VERTEX
8
0
10
41.3555958136691
20
41.3683135617877
30
0
0
VERTEX
8
0
10
42.0448557438969
20
41.9411470509406
30
0
0
VERTEX
8
0
10
42.7341156741247
20
42.4936151490335
30
0
0
VERTEX
8
0
10
43.4233756043525
20
43.0587467004133
30
0
0
VERTEX
8
0
10
44.1126355345803
20
43.6061030739968
30
0
0
VERTEX
8
0
10
44.8018954648082
20
44.1569743133845
30
0
0
VERTEX
8
0
10
45.491155395036
20
44.7073570136787
30
0
0
VERTEX
8
0
10
46.1804153252638
20
45.2576998432534
30
0
0
VERTEX
8
0
10
46.8696752554916
20
45.8055646197547
30
0
0
VERTEX
8
0
10
47.5589351857194
20
46.3420083735792
30
0
0
VERTEX
8
0
10
48.2481951159473
20
46.8985284976177
30
0
0
VERTEX
8
0
10
48.9374550461751
20
47.4306990940184
30
0
0
VERTEX
8
0
10
49.6267149764029
20
47.9780865528943
30
0
0
VERTEX
8
0
10
50.3159749066307
20
48.5055644346015
30
0
0
VERTEX
8
0
10
51.0052348368585
20
49.0554838312039
30
0
0
VERTEX
8
0
10
51.6944947670863
20
49.5758198927177
30
0
0
VERTEX
8
0
10
52.3837546973142
20
50.1063778710788
30
0
0
VERTEX
8
0
10
53.073014627542
20
50.6350623646449
30
0
0
VERTEX
8
0
10
53.7622745577698
20
51.164326430799
30
0
0
VERTEX
8
0
10
54.4515344879976
20
51.6912172654553
30
0
0
VERTEX
8
0
10
55.1407944182254
20
52.2157588715132
30
0
0
VERTEX
8
0
10
55.8300543484533
20
52.7462436263093
30
0
0
VERTEX
8
0
10
56.5193142786811
20
53.2611510517356
30
0
0
VERTEX
8
0
10
57.2085742089089
20
53.790342276926
30
0
0
VERTEX
8
0
10
57.8978341391367
20
54.3029754464635
30
0
0
VERTEX
8
0
10
58.5870940693645
20
54.833239239113
30
0
0
VERTEX
8
0
10
59.2763539995923
20
55.3419686010007
30
0
0
VERTEX
8
0
10
59.9656139298202
20
55.8914135090461
30
0
0
VERTEX
8
0
10
60.654873860048
20
56.4177390355756
30
0
0
VERTEX
8
0
10
61.3441337902758
20
56.9496683406685
30
0
0
VERTEX
8
0
10
62.0333937205036
20
57.4835858318538
30
0
0
VERTEX
8
0
10
62.7226536507314
20
58.0228990894704
30
0
0
VERTEX
8
0
10
63.4119135809593
20
58.5611867735035
30
0
0
VERTEX
8
0
10
64.1011735111871
20
59.0949093907
30
0
0
VERTEX
8
0
10
64.7904334414149
20
59.6657228400869
30
0
0
VERTEX
8
0
10
65.4796933716427
20
60.2371005062737
30
0
0
VERTEX
8
0
10
66.1689533018705
20
60.8205074425155
30
0
0
VERTEX
8
0
10
66.8582132320983
20
61.3854943552639
30
0
0
VERTEX
8
0
10
67.5474731623262
20
61.978941333549
30
0
0
VERTEX
8
0
10
68.236733092554
20
62.5540228149688
30
0
0
VERTEX
8
0
10
68.9259930227818
20
63.1432228759242
30
0
0
VERTEX
8
0
10
69.6152529530096
20
63.7140070390472
30
0
0
VERTEX
8
0
10
70.3045128832374
20
64.3189351267258
30
0
0
VERTEX
8
0
10
70.9937728134652
20
64.9130164154286
30
0
0
VERTEX
8
0
10
71.6830327436931
20
65.5074279874027
30
0
0
VERTEX
8
0
10
72.3722926739209
20
66.102942494476
30
0
0
VERTEX
8
0
10
73.0615526041487
20
66.6955675705028
30
0
0
VERTEX
8
0
10
73.7508125343765
20
67.2877906785872
30
0
0
VERTEX
8
0
10
74.4400724646043
20
67.869922171896
30
0
0
VERTEX
8
0
10
75.1293323948321
20
68.4712590258436
30
0
0
VERTEX
8
0
10
75.81859232506
20
69.0517519167023
30
0
0
VERTEX
8
0
10
76.5078522552878
20
69.6477505221436
30
0
0
VERTEX
8
0
10
77.1971121855156
20
70.2297407290071
30
0
0
VERTEX
8
0
10
77.8863721157434
20
70.8429520050734
30
0
0
VERTEX
8
0
10
78.5756320459712
20
71.445693403713
30
0
0
VERTEX
8
0
10
79.2648919761991
20
72.0573148081802
30
0
0
VERTEX
8
0
10
79.9541519064269
20
72.670831089526
30
0
0
VERTEX
8
0
10
80.6434118366547
20
73.2903970713802
30
0
0
VERTEX
8
0
10
81.3326717668825
20
73.9116800042093
30
0
0
VERTEX
8
0
10
82.0219316971103
20
74.5339282142716
30
0
0
VERTEX
8
0
10
82.7111916273381
20
75.1583277173923
30
0
0
VERTEX
8
0
10
83.400451557566
20
75.7617294955192
30
0
0
VERTEX
8
0
10
84.0897114877938
20
76.3788290602936
30
0
0
VERTEX
8
0
10
84.7789714180216
20
76.9856310071838
30
0
0
VERTEX
8
0
10
85.4682313482494
20
77.6011809290127
30
0
0
VERTEX
8
0
10
86.1574912784772
20
78.2073796859583
30
0
0
VERTEX
8
0
10
86.8467512087051
20
78.8281863254895
30
0
0
VERTEX
8
0
10
87.5360111389329
20
79.4344138538481
30
0
0
VERTEX
8
0
10
88.2252710691607
20
80.0454660896612
30
0
0
VERTEX
8
0
10
88.9145309993885
20
80.6390409625626
30
0
0
VERTEX
8
0
10
89.6037909296163
20
81.2415885763712
30
0
0
VERTEX
8
0
10
90.2930508598441
20
81.8388488337261
30
0
0
VERTEX
8
0
10
90.982310790072
20
82.4299597954411
30
0
0
VERTEX
8
0
10
91.6715707202998
20
83.0206459151312
30
0
0
VERTEX
8
0
10
92.3608306505276
20
83.603612657763
30
0
0
VERTEX
8
0
10
93.0500905807554
20
84.1960167870997
30
0
0
VERTEX
8
0
10
93.7393505109832
20
84.7606988448288
30
0
0
VERTEX
8
0
10
94.428610441211
20
85.3350686896774
30
0
0
VERTEX
8
0
10
95.1178703714389
20
85.8915480327635
30
0
0
VERTEX
8
0
10
95.8071303016667
20
86.4591214922039
30
0
0
VERTEX
8
0
10
96.4963902318945
20
86.9929043611908
30
0
0
VERTEX
8
0
10
97.1856501621223
20
87.5288271541257
30
0
0
VERTEX
8
0
10
97.8749100923501
20
88.0594289158067
30
0
0
VERTEX
8
0
10
98.564170022578
20
88.5897982530695
30
0
0
VERTEX
8
0
10
99.2534299528058
20
89.1275010389219
30
0
0
VERTEX
8
0
10
99.9426898830336
20
89.6583422494073
30
0
0
VERTEX
8
0
10
100.631949813261
20
90.1897692653156
30
0
0
VERTEX
8
0
10
101.321209743489
20
90.7161358749637
30
0
0
VERTEX
8
0
10
102.010469673717
20
91.2260006015038
30
0
0
VERTEX
8
0
10
102.699729603945
20
91.7263334758494
30
0
0
VERTEX
8
0
10
103.388989534173
20
92.2359749079941
30
0
0
VERTEX
8
0
10
104.078249464401
20
92.7382493983897
30
0
0
VERTEX
8
0
10
104.767509394628
20
93.2322454572721
30
0
0
VERTEX
8
0
10
105.456769324856
20
93.7179904964742
30
0
0
VERTEX
8
0
10
106.146029255084
20
94.2102159914925
30
0
0
VERTEX
8
0
10
106.835289185312
20
94.6713512702138
30
0
0
VERTEX
8
0
10
107.52454911554
20
95.1060190533258
30
0
0
VERTEX
8
0
10
108.213809045767
20
95.5390236167745
30
0
0
VERTEX
8
0
10
108.903068975995
20
95.9736498941751
30
0
0
VERTEX
8
0
10
109.592328906223
20
96.3821961311517
30
0
0
VERTEX
8
0
10
110.281588836451
20
96.7752005999501
30
0
0
VERTEX
8
0
10
110.970848766679
20
97.1773274086662
30
0
0
VERTEX
8
0
10
111.660108696907
20
97.5687843510711
30
0
0
VERTEX
8
0
10
112.349368627134
20
97.9073012094814
30
0
0
VERTEX
8
0
10
113.038628557362
20
98.2279730634292
30
0
0
VERTEX
8
0
10
113.72788848759
20
98.5592081527847
30
0
0
VERTEX
8
0
10
114.417148417818
20
98.8764920652039
30
0
0
VERTEX
8
0
10
115.106408348046
20
99.1836458050949
30
0
0
VERTEX
8
0
10
115.795668278273
20
99.4903309724022
30
0
0
VERTEX
8
0
10
116.484928208501
20
99.7959444207583
30
0
0
VERTEX
8
0
10
117.174188138729
20
100.098118449949
30
0
0
VERTEX
8
0
10
117.863448068957
20
100.347955536878
30
0
0
VERTEX
8
0
10
118.552707999185
20
100.609710207538
30
0
0
VERTEX
8
0
10
119.241967929412
20
100.861985896769
30
0
0
VERTEX
8
0
10
119.93122785964
20
101.119784596672
30
0
0
VERTEX
8
0
10
120.620487789868
20
101.119670092479
30
0
0
VERTEX
8
0
10
121.309747720096
20
101.195716380636
30
0
0
VERTEX
8
0
10
121.999007650324
20
101.261123256146
30
0
0
VERTEX
8
0
10
122.688267580552
20
101.319238086746
30
0
0
VERTEX
8
0
10
123.377527510779
20
101.362128698078
30
0
0
VERTEX
8
0
10
124.066787441007
20
101.4039957062
30
0
0
VERTEX
8
0
10
124.756047371235
20
101.442998025346
30
0
0
VERTEX
8
0
10
125.445307301463
20
101.485053221284
30
0
0
VERTEX
8
0
10
126.134567231691
20
101.52626810621
30
0
0
VERTEX
8
0
10
126.823827161919
20
101.563686165243
30
0
0
VERTEX
8
0
10
127.513087092146
20
101.60017623707
30
0
0
VERTEX
8
0
10
128.202347022374
20
101.634147284922
30
0
0
VERTEX
8
0
10
128.891606952602
20
101.669217600092
30
0
0
VERTEX
8
0
10
129.58086688283
20
101.696834670707
30
0
0
VERTEX
8
0
10
130.270126813058
20
101.729380971846
30
0
0
VERTEX
8
0
10
130.959386743285
20
101.736007898329
30
0
0
VERTEX
8
0
10
131.648646673513
20
101.746178255186
30
0
0
VERTEX
8
0
10
132.337906603741
20
101.749397249494
30
0
0
VERTEX
8
0
10
133.027166533969
20
101.756199055505
30
0
0
VERTEX
8
0
10
133.716426464197
20
101.759041642838
30
0
0
VERTEX
8
0
10
134.405686394424
20
101.760454362769
30
0
0
VERTEX
8
0
10
135.094946324652
20
101.761362310642
30
0
0
VERTEX
8
0
10
135.78420625488
20
101.760275969118
30
0
0
VERTEX
8
0
10
136.473466185108
20
101.740164427476
30
0
0
VERTEX
8
0
10
137.162726115336
20
101.721019802499
30
0
0
VERTEX
8
0
10
137.851986045564
20
101.706526978
30
0
0
VERTEX
8
0
10
138.541245975791
20
101.680660463146
30
0
0
VERTEX
8
0
10
139.230505906019
20
101.654675451327
30
0
0
VERTEX
8
0
10
139.919765836247
20
101.62423860871
30
0
0
VERTEX
8
0
10
140.609025766475
20
101.595970546705
30
0
0
VERTEX
8
0
10
141.298285696703
20
101.57686549118
30
0
0
VERTEX
8
0
10
141.98754562693
20
101.563303487227
30
0
0
VERTEX
8
0
10
142.676805557158
20
101.549543785157
30
0
0
VERTEX
8
0
10
143.366065487386
20
101.532716414195
30
0
0
VERTEX
8
0
10
144.055325417614
20
101.520828808614
30
0
0
VERTEX
8
0
10
144.744585347842
20
101.508494655594
30
0
0
VERTEX
8
0
10
145.433845278069
20
101.495040845508
30
0
0
VERTEX
8
0
10
146.123105208297
20
101.47759489639
30
0
0
VERTEX
8
0
10
146.812365138525
20
101.46506753237
30
0
0
VERTEX
8
0
10
147.501625068753
20
101.449565883169
30
0
0
VERTEX
8
0
10
148.190884998981
20
101.43356049179
30
0
0
VERTEX
8
0
10
148.880144929208
20
101.413608210956
30
0
0
VERTEX
8
0
10
149.569404859436
20
101.3975591438
30
0
0
VERTEX
8
0
10
150.258664789664
20
101.377255658617
30
0
0
VERTEX
8
0
10
150.947924719892
20
101.356128244218
30
0
0
VERTEX
8
0
10
151.63718465012
20
101.333287745853
30
0
0
VERTEX
8
0
10
152.326444580347
20
101.315596559815
30
0
0
VERTEX
8
0
10
153.015704510575
20
101.29367005364
30
0
0
VERTEX
8
0
10
153.704964440803
20
101.270273370481
30
0
0
VERTEX
8
0
10
154.394224371031
20
101.245325316062
30
0
0
VERTEX
8
0
10
155.083484301259
20
101.217441390071
30
0
0
SEQEND
8
0
0
POLYLINE
8
0
62
2
70
0
10
0
20
0
30
0
0
VERTEX
8
0
10
8.96037909296163
20
7.0025952495157
30
0
0
VERTEX
8
0
10
9.64963902318944
20
7.23274575940293
30
0
0
VERTEX
8
0
10
10.3388989534173
20
8.07116159170517
30
0
0
VERTEX
8
0
10
11.0281588836451
20
8.04059360831677
30
0
0
VERTEX
8
0
10
11.7174188138729
20
11.7920750041735
30
0
0
VERTEX
8
0
10
12.4066787441007
20
9.13282181953216
30
0
0
VERTEX
8
0
10
13.0959386743285
20
11.8690516218352
30
0
0
VERTEX
8
0
10
13.7851986045564
20
10.3649154210685
30
0
0
VERTEX
8
0
10
14.4744585347842
20
12.2352514524724
30
0
0
VERTEX
8
0
10
15.163718465012
20
11.6553290013236
30
0
0
VERTEX
8
0
10
15.8529783952398
20
12.8407926755908
30
0
0
VERTEX
8
0
10
16.5422383254676
20
12.9892404385703
30
0
0
VERTEX
8
0
10
17.2314982556954
20
13.6287717884149
30
0
0
VERTEX
8
0
10
17.9207581859233
20
14.0750742556144
30
0
0
VERTEX
8
0
10
18.6100181161511
20
14.5480765395144
30
0
0
VERTEX
8
0
10
19.2992780463789
20
15.158267151005
30
0
0
VERTEX
8
0
10
19.9885379766067
20
15.5581321007228
30
0
0
VERTEX
8
0
10
20.6777979068345
20
17.1408674987704
30
0
0
VERTEX
8
0
10
21.3670578370624
20
16.6288161353598
30
0
0
VERTEX
8
0
10
22.0563177672902
20
17.8746573098326
30
0
0
VERTEX
8
0
10
22.745577697518
20
17.7385312899223
30
0
0
VERTEX
8
0
10
23.4348376277458
20
18.7010494160715
30
0
0
VERTEX
8
0
10
24.1240975579736
20
18.8720387093822
30
0
0
VERTEX
8
0
10
24.8133574882014
20
19.5992637684047
30
0
0
VERTEX
8
0
10
25.5026174184293
20
19.9850303035119
30
0
0
VERTEX
8
0
10
26.1918773486571
20
20.5519730182203
30
0
0
VERTEX
8
0
10
26.8811372788849
20
21.0443303016062
30
0
0
VERTEX
8
0
10
27.5703972091127
20
21.5451275626371
30
0
0
VERTEX
8
0
10
28.2596571393405
20
22.0979113613433
30
0
0
VERTEX
8
0
10
28.9489170695683
20
22.5675276489056
30
0
0
VERTEX
8
0
10
29.6381769997962
20
23.5621481753876
30
0
0
VERTEX
8
0
10
30.327436930024
20
23.610330507177
30
0
0
VERTEX
8
0
10
31.0166968602518
20
24.4493500738858
30
0
0
VERTEX
8
0
10
31.7059567904796
20
24.6665857370425
30
0
0
VERTEX
8
0
10
32.3952167207074
20
25.3706642020324
30
0
0
VERTEX
8
0
10
33.0844766509353
20
25.7308358111378
30
0
0
VERTEX
8
0
10
33.7737365811631
20
26.3182529716357
30
0
0
VERTEX
8
0
10
34.4629965113909
20
26.7588465943936
30
0
0
VERTEX
8
0
10
35.1522564416187
20
27.2855469935916
30
0
0
VERTEX
8
0
10
35.8415163718465
20
27.7748640668992
30
0
0
VERTEX
8
0
10
36.5307763020743
20
28.2670685329503
30
0
0
VERTEX
8
0
10
37.2200362323022
20
28.7830488513468
30
0
0
VERTEX
8
0
10
37.90929616253
20
29.2582621399907
30
0
0
VERTEX
8
0
10
38.5985560927578
20
30.0094687063558
30
0
0
VERTEX
8
0
10
39.2878160229856
20
30.2553419776145
30
0
0
VERTEX
8
0
10
39.9770759532134
20
30.9185937924564
30
0
0
VERTEX
8
0
10
40.6663358834413
20
31.2551592886021
30
0
0
VERTEX
8
0
10
41.3555958136691
20
31.8401623320408
30
0
0
VERTEX
8
0
10
42.0448557438969
20
32.2550900761383
30
0
0
VERTEX
8
0
10
42.7341156741247
20
32.7705286687882
30
0
0
VERTEX
8
0
10
43.4233756043525
20
33.2155749456292
30
0
0
VERTEX
8
0
10
44.1126355345803
20
33.7065553136664
30
0
0
VERTEX
8
0
10
44.8018954648082
20
34.1758470938143
30
0
0
VERTEX
8
0
10
45.491155395036
20
34.645542423772
30
0
0
VERTEX
8
0
10
46.1804153252638
20
35.1265864481168
30
0
0
VERTEX
8
0
10
46.8696752554916
20
35.58516488511
30
0
0
VERTEX
8
0
10
47.5589351857194
20
36.2025644075241
30
0
0
VERTEX
8
0
10
48.2481951159473
20
36.5234171856574
30
0
0
VERTEX
8
0
10
48.9374550461751
20
37.0843482452163
30
0
0
VERTEX
8
0
10
49.6267149764029
20
37.4585657214171
30
0
0
VERTEX
8
0
10
50.3159749066307
20
37.9682642759644
30
0
0
VERTEX
8
0
10
51.0052348368585
20
38.3891078942791
30
0
0
VERTEX
8
0
10
51.6944947670863
20
38.85231608022
30
0
0
VERTEX
8
0
10
52.3837546973142
20
39.2806787416163
30
0
0
VERTEX
8
0
10
53.073014627542
20
39.7347425023523
30
0
0
VERTEX
8
0
10
53.7622745577698
20
40.1748609068968
30
0
0
VERTEX
8
0
10
54.4515344879976
20
40.6139877123724
30
0
0
VERTEX
8
0
10
55.1407944182254
20
41.0580445642059
30
0
0
VERTEX
8
0
10
55.8300543484533
20
41.488674725456
30
0
0
VERTEX
8
0
10
56.5193142786811
20
42.0152594854913
30
0
0
VERTEX
8
0
10
57.2085742089089
20
42.3575821475105
30
0
0
VERTEX
8
0
10
57.8978341391367
20
42.8445546105926
30
0
0
VERTEX
8
0
10
58.5870940693645
20
43.2196238605155
30
0
0
VERTEX
8
0
10
59.2763539995923
20
43.6700906014784
30
0
0
VERTEX
8
0
10
59.9656139298202
20
44.0738313419212
30
0
0
VERTEX
8
0
10
60.654873860048
20
44.4906344123835
30
0
0
VERTEX
8
0
10
61.3441337902758
20
44.8906874670225
30
0
0
VERTEX
8
0
10
62.0333937205036
20
45.305075413829
30
0
0
VERTEX
8
0
10
62.7226536507314
20
45.7096951240056
30
0
0
VERTEX
8
0
10
63.4119135809593
20
46.1124113283771
30
0
0
VERTEX
8
0
10
64.1011735111871
20
46.5163880924311
30
0
0
VERTEX
8
0
10
64.7904334414149
20
46.9117357360538
30
0
0
VERTEX
8
0
10
65.4796933716427
20
47.3663027764573
30
0
0
VERTEX
8
0
10
66.1689533018705
20
47.70222701141
30
0
0
VERTEX
8
0
10
66.8582132320983
20
48.127081582455
30
0
0
VERTEX
8
0
10
67.5474731623262
20
48.4831385531038
30
0
0
VERTEX
8
0
10
68.236733092554
20
48.8802522044383
30
0
0
VERTEX
8
0
10
68.9259930227818
20
49.2537901695109
30
0
0
VERTEX
8
0
10
69.6152529530096
20
49.6249808499717
30
0
0
VERTEX
8
0
10
70.3045128832374
20
49.989009004475
30
0
0
VERTEX
8
0
10
70.9937728134652
20
50.3605035753686
30
0
0
VERTEX
8
0
10
71.6830327436931
20
50.7245943292144
30
0
0
VERTEX
8
0
10
72.3722926739209
20
51.0861190887032
30
0
0
VERTEX
8
0
10
73.0615526041487
20
51.4466549754099
30
0
0
VERTEX
8
0
10
73.7508125343765
20
51.801182317937
30
0
0
VERTEX
8
0
10
74.4400724646043
20
52.1921894748285
30
0
0
VERTEX
8
0
10
75.1293323948321
20
52.5050986754595
30
0
0
VERTEX
8
0
10
75.81859232506
20
52.872589420074
30
0
0
VERTEX
8
0
10
76.5078522552878
20
53.197318953677
30
0
0
VERTEX
8
0
10
77.1971121855156
20
53.5426075177762
30
0
0
VERTEX
8
0
10
77.8863721157434
20
53.8773347893555
30
0
0
VERTEX
8
0
10
78.5756320459712
20
54.2016405250444
30
0
0
VERTEX
8
0
10
79.2648919761991
20
54.5238333563806
30
0
0
VERTEX
8
0
10
79.9541519064269
20
54.8491284443561
30
0
0
VERTEX
8
0
10
80.6434118366547
20
55.1683808192691
30
0
0
VERTEX
8
0
10
81.3326717668825
20
55.484550652046
30
0
0
VERTEX
8
0
10
82.0219316971103
20
55.7982839181937
30
0
0
VERTEX
8
0
10
82.7111916273381
20
56.107422443622
30
0
0
VERTEX
8
0
10
83.400451557566
20
56.4384067904595
30
0
0
VERTEX
8
0
10
84.0897114877938
20
56.7172919665021
30
0
0
VERTEX
8
0
10
84.7789714180216
20
57.028819485805
30
0
0
VERTEX
8
0
10
85.4682313482494
20
57.3137375128364
30
0
0
VERTEX
8
0
10
86.1574912784772
20
57.6067185585337
30
0
0
VERTEX
8
0
10
86.8467512087051
20
57.8963651480216
30
0
0
VERTEX
8
0
10
87.5360111389329
20
58.1716490053791
30
0
0
VERTEX
8
0
10
88.2252710691607
20
58.4472984510573
30
0
0
VERTEX
8
0
10
88.9145309993885
20
58.7231856143029
30
0
0
VERTEX
8
0
10
89.6037909296163
20
58.9938073174779
30
0
0
VERTEX
8
0
10
90.2930508598441
20
59.2609310658033
30
0
0
VERTEX
8
0
10
90.982310790072
20
59.5246619455778
30
0
0
VERTEX
8
0
10
91.6715707202998
20
59.7845143508938
30
0
0
VERTEX
8
0
10
92.3608306505276
20
60.0565670231376
30
0
0
VERTEX
8
0
10
93.0500905807554
20
60.293589514642
30
0
0
VERTEX
8
0
10
93.7393505109832
20
60.548956386948
30
0
0
VERTEX
8
0
10
94.428610441211
20
60.7878347437861
30
0
0
VERTEX
8
0
10
95.1178703714389
20
61.02717231197
30
0
0
VERTEX
8
0
10
95.8071303016667
20
61.2669518295077
30
0
0
VERTEX
8
0
10
96.4963902318945
20
61.4908778461104
30
0
0
VERTEX
8
0
10
97.1856501621223
20
61.7161491128171
30
0
0
VERTEX
8
0
10
97.8749100923501
20
61.9397628129369
30
0
0
VERTEX
8
0
10
98.564170022578
20
62.1585589544701
30
0
0
VERTEX
8
0
10
99.2534299528058
20
62.3735443313768
30
0
0
VERTEX
8
0
10
99.9426898830336
20
62.5845286393297
30
0
0
VERTEX
8
0
10
100.631949813261
20
62.7919680612415
30
0
0
VERTEX
8
0
10
101.321209743489
20
63.0052132583197
30
0
0
VERTEX
8
0
10
102.010469673717
20
63.1948104004147
30
0
0
VERTEX
8
0
10
102.699729603945
20
63.3934181575429
30
0
0
VERTEX
8
0
10
103.388989534173
20
63.5818819785363
30
0
0
VERTEX
8
0
10
104.078249464401
20
63.7663746592715
30
0
0
VERTEX
8
0
10
104.767509394628
20
63.9530329834975
30
0
0
VERTEX
8
0
10
105.456769324856
20
64.1239199321353
30
0
0
VERTEX
8
0
10
106.146029255084
20
64.2963306834669
30
0
0
VERTEX
8
0
10
106.835289185312
20
64.4659462507676
30
0
0
VERTEX
8
0
10
107.52454911554
20
64.6311253151331
30
0
0
VERTEX
8
0
10
108.213809045767
20
64.7924159598106
30
0
0
VERTEX
8
0
10
108.903068975995
20
64.9495146491643
30
0
0
VERTEX
8
0
10
109.592328906223
20
65.1033850013603
30
0
0
VERTEX
8
0
10
110.281588836451
20
65.2590853962344
30
0
0
VERTEX
8
0
10
110.970848766679
20
65.3990413254404
30
0
0
VERTEX
8
0
10
111.660108696907
20
65.5423285464503
30
0
0
VERTEX
8
0
10
112.349368627134
20
65.6797710329961
30
0
0
VERTEX
8
0
10
113.038628557362
20
65.8114046356964
30
0
0
VERTEX
8
0
10
113.72788848759
20
65.9462810398153
30
0
0
VERTEX
8
0
10
114.417148417818
20
66.0672365282391
30
0
0
VERTEX
8
0
10
115.106408348046
20
66.1904374087526
30
0
0
VERTEX
8
0
10
115.795668278273
20
66.3115549654731
30
0
0
VERTEX
8
0
10
116.484928208501
20
66.4303801109429
30
0
0
VERTEX
8
0
10
117.174188138729
20
66.547932718858
30
0
0
VERTEX
8
0
10
117.863448068957
20
66.6651374143055
30
0
0
VERTEX
8
0
10
118.552707999185
20
66.7852173604463
30
0
0
VERTEX
8
0
10
119.241967929412
20
66.9121520895149
30
0
0
VERTEX
8
0
10
119.93122785964
20
67.0287437324824
30
0
0
VERTEX
8
0
10
120.620487789868
20
67.1321598940498
30
0
0
VERTEX
8
0
10
121.309747720096
20
67.218069698624
30
0
0
VERTEX
8
0
10
121.999007650324
20
67.2863830546285
30
0
0
VERTEX
8
0
10
122.688267580552
20
67.3487579185265
30
0
0
VERTEX
8
0
10
123.377527510779
20
67.3915239036087
30
0
0
VERTEX
8
0
10
124.066787441007
20
67.4290981864298
30
0
0
VERTEX
8
0
10
124.756047371235
20
67.4578554653839
30
0
0
VERTEX
8
0
10
125.445307301463
20
67.4781636512288
30
0
0
VERTEX
8
0
10
126.134567231691
20
67.490501894278
30
0
0
VERTEX
8
0
10
126.823827161919
20
67.4948726209393
30
0
0
VERTEX
8
0
10
127.513087092146
20
67.492593973565
30
0
0
VERTEX
8
0
10
128.202347022374
20
67.4845734585726
30
0
0
VERTEX
8
0
10
128.891606952602
20
67.4662863253155
30
0
0
VERTEX
8
0
10
129.58086688283
20
67.4424219663432
30
0
0
VERTEX
8
0
10
130.270126813058
20
67.4131773288487
30
0
0
VERTEX
8
0
10
130.959386743285
20
67.3744072554327
30
0
0
VERTEX
8
0
10
131.648646673513
20
67.3345167030194
30
0
0
VERTEX
8
0
10
132.337906603741
20
67.2816321167952
30
0
0
VERTEX
8
0
10
133.027166533969
20
67.2262836693678
30
0
0
VERTEX
8
0
10
133.716426464197
20
67.1650067225637
30
0
0
VERTEX
8
0
10
134.405686394424
20
67.0979962828715
30
0
0
VERTEX
8
0
10
135.094946324652
20
67.0253045933927
30
0
0
VERTEX
8
0
10
135.78420625488
20
66.9467295918693
30
0
0
VERTEX
8
0
10
136.473466185108
20
66.8631998747939
30
0
0
VERTEX
8
0
10
137.162726115336
20
66.7746510270951
30
0
0
VERTEX
8
0
10
137.851986045564
20
66.6792934004289
30
0
0
VERTEX
8
0
10
138.541245975791
20
66.5786246456883
30
0
0
VERTEX
8
0
10
139.230505906019
20
66.474131702777
30
0
0
VERTEX
8
0
10
139.919765836247
20
66.3618017207236
30
0
0
VERTEX
8
0
10
140.609025766475
20
66.2482214243039
30
0
0
VERTEX
8
0
10
141.298285696703
20
66.124659029784
30
0
0
VERTEX
8
0
10
141.98754562693
20
65.9986752207756
30
0
0
VERTEX
8
0
10
142.676805557158
20
65.8676503539478
30
0
0
VERTEX
8
0
10
143.366065487386
20
65.7318339684198
30
0
0
VERTEX
8
0
10
144.055325417614
20
65.5912148772207
30
0
0
VERTEX
8
0
10
144.744585347842
20
65.4456382295867
30
0
0
VERTEX
8
0
10
145.433845278069
20
65.2957844166409
30
0
0
VERTEX
8
0
10
146.123105208297
20
65.1412842946233
30
0
0
VERTEX
8
0
10
146.812365138525
20
64.981789879192
30
0
0
VERTEX
8
0
10
147.501625068753
20
64.8173460573985
30
0
0
VERTEX
8
0
10
148.190884998981
20
64.6496672424654
30
0
0
VERTEX
8
0
10
148.880144929208
20
64.4756444734109
30
0
0
VERTEX
8
0
10
149.569404859436
20
64.2998632924408
30
0
0
VERTEX
8
0
10
150.258664789664
20
64.1166225718335
30
0
0
VERTEX
8
0
10
150.947924719892
20
63.9308211512339
30
0
0
VERTEX
8
0
10
151.63718465012
20
63.7407431961797
30
0
0
VERTEX
8
0
10
152.326444580347
20
63.5466335023923
30
0
0
VERTEX
8
0
10
153.015704510575
20
63.3484949097638
30
0
0
VERTEX
8
0
10
153.704964440803
20
63.1462620892998
30
0
0
VERTEX
8
0
10
154.394224371031
20
62.9403982803789
30
0
0
VERTEX
8
0
10
155.083484301259
20
62.7305703857383
30
0
0
SEQEND
8
0
0
POLYLINE
8
0
62
3
70
0
10
0
20
0
30
0
0
VERTEX
8
0
10
8.96037909296163
20
8.95328972786804
30
0
0
VERTEX
8
0
10
9.64963902318944
20
9.40328526296051
30
0
0
VERTEX
8
0
10
10.3388989534173
20
10.3236671091443
30
0
0
VERTEX
8
0
10
11.0281588836451
20
10.5752407784644
30
0
0
VERTEX
8
0
10
11.7174188138729
20
13.861495372294
30
0
0
VERTEX
8
0
10
12.4066787441007
20
11.9640551521981
30
0
0
VERTEX
8
0
10
13.0959386743285
20
14.3941427163309
30
0
0
VERTEX
8
0
10
13.7851986045564
20
13.4598980784178
30
0
0
VERTEX
8
0
10
14.4744585347842
20
15.1889075452044
30
0
0
VERTEX
8
0
10
15.163718465012
20
15.0014222966237
30
0
0
VERTEX
8
0
10
15.8529783952398
20
16.1869515718962
30
0
0
VERTEX
8
0
10
16.5422383254676
20
16.568113441001
30
0
0
VERTEX
8
0
10
17.2314982556954
20
17.3331500714479
30
0
0
VERTEX
8
0
10
17.9207581859233
20
17.947627401201
30
0
0
VERTEX
8
0
10
18.6100181161511
20
18.5828994046205
30
0
0
VERTEX
8
0
10
19.2992780463789
20
19.3238292063244
30
0
0
VERTEX
8
0
10
19.9885379766067
20
19.9027810179513
30
0
0
VERTEX
8
0
10
20.6777979068345
20
21.4056995844718
30
0
0
VERTEX
8
0
10
21.3670578370624
20
21.2687215045729
30
0
0
VERTEX
8
0
10
22.0563177672902
20
22.5014118183373
30
0
0
VERTEX
8
0
10
22.745577697518
20
22.6636845147675
30
0
0
VERTEX
8
0
10
23.4348376277458
20
23.6709952435099
30
0
0
VERTEX
8
0
10
24.1240975579736
20
24.0756781633867
30
0
0
VERTEX
8
0
10
24.8133574882014
20
24.8965060861808
30
0
0
VERTEX
8
0
10
25.5026174184293
20
25.4605402947123
30
0
0
VERTEX
8
0
10
26.1918773486571
20
26.1634710790464
30
0
0
VERTEX
8
0
10
26.8811372788849
20
26.8088648908966
30
0
0
VERTEX
8
0
10
27.5703972091127
20
27.4603977609369
30
0
0
VERTEX
8
0
10
28.2596571393405
20
28.1506389012281
30
0
0
VERTEX
8
0
10
28.9489170695683
20
28.7782349442604
30
0
0
VERTEX
8
0
10
29.6381769997962
20
29.8072733011104
30
0
0
VERTEX
8
0
10
30.327436930024
20
30.1098764205587
30
0
0
VERTEX
8
0
10
31.0166968602518
20
31.0145826055155
30
0
0
VERTEX
8
0
10
31.7059567904796
20
31.4497411357357
30
0
0
VERTEX
8
0
10
32.3952167207074
20
32.2467350017763
30
0
0
VERTEX
8
0
10
33.0844766509353
20
32.7934337210928
30
0
0
VERTEX
8
0
10
33.7737365811631
20
33.4972427702055
30
0
0
VERTEX
8
0
10
34.4629965113909
20
34.0970297608082
30
0
0
VERTEX
8
0
10
35.1522564416187
20
34.760714126081
30
0
0
VERTEX
8
0
10
35.8415163718465
20
35.3959050509963
30
0
0
VERTEX
8
0
10
36.5307763020743
20
36.0326730577396
30
0
0
VERTEX
8
0
10
37.2200362323022
20
36.6858312495197
30
0
0
VERTEX
8
0
10
37.90929616253
20
37.309401198032
30
0
0
VERTEX
8
0
10
38.5985560927578
20
38.1377799661357
30
0
0
VERTEX
8
0
10
39.2878160229856
20
38.5878031535313
30
0
0
VERTEX
8
0
10
39.9770759532134
20
39.3452817715213
30
0
0
VERTEX
8
0
10
40.6663358834413
20
39.8652939901761
30
0
0
VERTEX
8
0
10
41.3555958136691
20
40.559569251677
30
0
0
VERTEX
8
0
10
42.0448557438969
20
41.1397063812544
30
0
0
VERTEX
8
0
10
42.7341156741247
20
41.7776220040876
30
0
0
VERTEX
8
0
10
43.4233756043525
20
42.3711392300811
30
0
0
VERTEX
8
0
10
44.1126355345803
20
42.9968412969528
30
0
0
VERTEX
8
0
10
44.8018954648082
20
43.6061876175913
30
0
0
VERTEX
8
0
10
45.491155395036
20
44.2149868913278
30
0
0
VERTEX
8
0
10
46.1804153252638
20
44.8302883192233
30
0
0
VERTEX
8
0
10
46.8696752554916
20
45.4301225784605
30
0
0
VERTEX
8
0
10
47.5589351857194
20
46.1425755127211
30
0
0
VERTEX
8
0
10
48.2481951159473
20
46.640569660668
30
0
0
VERTEX
8
0
10
48.9374550461751
20
47.306747191573
30
0
0
VERTEX
8
0
10
49.6267149764029
20
47.8448674687552
30
0
0
VERTEX
8
0
10
50.3159749066307
20
48.4688857991503
30
0
0
VERTEX
8
0
10
51.0052348368585
20
49.0417399913659
30
0
0
VERTEX
8
0
10
51.6944947670863
20
49.6273119102346
30
0
0
VERTEX
8
0
10
52.3837546973142
20
50.1958120637297
30
0
0
VERTEX
8
0
10
53.073014627542
20
50.7805387333681
30
0
0
VERTEX
8
0
10
53.7622745577698
20
51.3547905749383
30
0
0
VERTEX
8
0
10
54.4515344879976
20
51.9272465615871
30
0
0
VERTEX
8
0
10
55.1407944182254
20
52.5010764809548
30
0
0
VERTEX
8
0
10
55.8300543484533
20
53.0662605769846
30
0
0
VERTEX
8
0
10
56.5193142786811
20
53.6948892491158
30
0
0
VERTEX
8
0
10
57.2085742089089
20
54.1965316358808
30
0
0
VERTEX
8
0
10
57.8978341391367
20
54.7919419556896
30
0
0
VERTEX
8
0
10
58.5870940693645
20
55.3171196738513
30
0
0
VERTEX
8
0
10
59.2763539995923
20
55.8817355820052
30
0
0
VERTEX
8
0
10
59.9656139298202
20
56.427179394595
30
0
0
VERTEX
8
0
10
60.654873860048
20
56.9632113976138
30
0
0
VERTEX
8
0
10
61.3441337902758
20
57.4956606353807
30
0
0
VERTEX
8
0
10
62.0333937205036
20
58.0354107958803
30
0
0
VERTEX
8
0
10
62.7226536507314
20
58.567760577208
30
0
0
VERTEX
8
0
10
63.4119135809593
20
59.0974635848439
30
0
0
VERTEX
8
0
10
64.1011735111871
20
59.625607839999
30
0
0
VERTEX
8
0
10
64.7904334414149
20
60.1485776998603
30
0
0
VERTEX
8
0
10
65.4796933716427
20
60.7065618674528
30
0
0
VERTEX
8
0
10
66.1689533018705
20
61.1880301790259
30
0
0
VERTEX
8
0
10
66.8582132320983
20
61.7203802478606
30
0
0
VERTEX
8
0
10
67.5474731623262
20
62.2151592548312
30
0
0
VERTEX
8
0
10
68.236733092554
20
62.7234022031793
30
0
0
VERTEX
8
0
10
68.9259930227818
20
63.2293574274614
30
0
0
VERTEX
8
0
10
69.6152529530096
20
63.714897432269
30
0
0
VERTEX
8
0
10
70.3045128832374
20
64.2035637046718
30
0
0
VERTEX
8
0
10
70.9937728134652
20
64.6941932407038
30
0
0
VERTEX
8
0
10
71.6830327436931
20
65.1790728253745
30
0
0
VERTEX
8
0
10
72.3722926739209
20
65.6606686458381
30
0
0
VERTEX
8
0
10
73.0615526041487
20
66.1389210510674
30
0
0
VERTEX
8
0
10
73.7508125343765
20
66.6137491502814
30
0
0
VERTEX
8
0
10
74.4400724646043
20
67.1063124858255
30
0
0
VERTEX
8
0
10
75.1293323948321
20
67.5529021138153
30
0
0
VERTEX
8
0
10
75.81859232506
20
68.0245197375843
30
0
0
VERTEX
8
0
10
76.5078522552878
20
68.4776326602404
30
0
0
VERTEX
8
0
10
77.1971121855156
20
68.9293153097503
30
0
0
VERTEX
8
0
10
77.8863721157434
20
69.3874800610086
30
0
0
VERTEX
8
0
10
78.5756320459712
20
69.8201632997216
30
0
0
VERTEX
8
0
10
79.2648919761991
20
70.2590436622238
30
0
0
VERTEX
8
0
10
79.9541519064269
20
70.6965641512271
30
0
0
VERTEX
8
0
10
80.6434118366547
20
71.1292014949062
30
0
0
VERTEX
8
0
10
81.3326717668825
20
71.5580515301599
30
0
0
VERTEX
8
0
10
82.0219316971103
20
71.9824339687468
30
0
0
VERTEX
8
0
10
82.7111916273381
20
72.4041895559376
30
0
0
VERTEX
8
0
10
83.400451557566
20
72.8328926949501
30
0
0
VERTEX
8
0
10
84.0897114877938
20
73.2345703593996
30
0
0
VERTEX
8
0
10
84.7789714180216
20
73.645362777625
30
0
0
VERTEX
8
0
10
85.4682313482494
20
74.048811941119
30
0
0
VERTEX
8
0
10
86.1574912784772
20
74.4423900363556
30
0
0
VERTEX
8
0
10
86.8467512087051
20
74.8465563073062
30
0
0
VERTEX
8
0
10
87.5360111389329
20
75.2235686318363
30
0
0
VERTEX
8
0
10
88.2252710691607
20
75.6077745895777
30
0
0
VERTEX
8
0
10
88.9145309993885
20
75.9885185037457
30
0
0
VERTEX
8
0
10
89.6037909296163
20
76.3647965906555
30
0
0
VERTEX
8
0
10
90.2930508598441
20
76.7368838657012
30
0
0
VERTEX
8
0
10
90.982310790072
20
77.103795651025
30
0
0
VERTEX
8
0
10
91.6715707202998
20
77.4683319608853
30
0
0
VERTEX
8
0
10
92.3608306505276
20
77.8330494098626
30
0
0
VERTEX
8
0
10
93.0500905807554
20
78.1825520822134
30
0
0
VERTEX
8
0
10
93.7393505109832
20
78.531415015499
30
0
0
VERTEX
8
0
10
94.428610441211
20
78.879254868693
30
0
0
VERTEX
8
0
10
95.1178703714389
20
79.2127650645759
30
0
0
VERTEX
8
0
10
95.8071303016667
20
79.5581718994798
30
0
0
VERTEX
8
0
10
96.4963902318945
20
79.876801275116
30
0
0
VERTEX
8
0
10
97.1856501621223
20
80.2024062470888
30
0
0
VERTEX
8
0
10
97.8749100923501
20
80.5232489041487
30
0
0
VERTEX
8
0
10
98.564170022578
20
80.8397983458893
30
0
0
VERTEX
8
0
10
99.2534299528058
20
81.1518571463302
30
0
0
VERTEX
8
0
10
99.9426898830336
20
81.4583367226706
30
0
0
VERTEX
8
0
10
100.631949813261
20
81.7624000935171
30
0
0
VERTEX
8
0
10
101.321209743489
20
82.0625183015204
30
0
0
VERTEX
8
0
10
102.010469673717
20
82.3546784242875
30
0
0
VERTEX
8
0
10
102.699729603945
20
82.6404710539901
30
0
0
VERTEX
8
0
10
103.388989534173
20
82.9285220823838
30
0
0
VERTEX
8
0
10
104.078249464401
20
83.2003913075504
30
0
0
VERTEX
8
0
10
104.767509394628
20
83.4837943477243
30
0
0
VERTEX
8
0
10
105.456769324856
20
83.7421327077893
30
0
0
VERTEX
8
0
10
106.146029255084
20
84.0065784663987
30
0
0
VERTEX
8
0
10
106.835289185312
20
84.2655941642575
30
0
0
VERTEX
8
0
10
107.52454911554
20
84.5204538298815
30
0
0
VERTEX
8
0
10
108.213809045767
20
84.7707312004913
30
0
0
VERTEX
8
0
10
108.903068975995
20
85.0153818486555
30
0
0
VERTEX
8
0
10
109.592328906223
20
85.2575737769401
30
0
0
VERTEX
8
0
10
110.281588836451
20
85.4936615618903
30
0
0
VERTEX
8
0
10
110.970848766679
20
85.7262553609289
30
0
0
VERTEX
8
0
10
111.660108696907
20
85.9497180131073
30
0
0
VERTEX
8
0
10
112.349368627134
20
86.1770629565841
30
0
0
VERTEX
8
0
10
113.038628557362
20
86.3884871105992
30
0
0
VERTEX
8
0
10
113.72788848759
20
86.6105298683763
30
0
0
VERTEX
8
0
10
114.417148417818
20
86.8106660847758
30
0
0
VERTEX
8
0
10
115.106408348046
20
87.0164388888734
30
0
0
VERTEX
8
0
10
115.795668278273
20
87.217566903179
30
0
0
VERTEX
8
0
10
116.484928208501
20
87.4160338700455
30
0
0
VERTEX
8
0
10
117.174188138729
20
87.6118988800695
30
0
0
VERTEX
8
0
10
117.863448068957
20
87.8051828718727
30
0
0
VERTEX
8
0
10
118.552707999185
20
88.0003628839659
30
0
0
VERTEX
8
0
10
119.241967929412
20
88.1941676848455
30
0
0
VERTEX
8
0
10
119.93122785964
20
88.3867960239361
30
0
0
VERTEX
8
0
10
120.620487789868
20
88.5592066560946
30
0
0
VERTEX
8
0
10
121.309747720096
20
88.7245973543193
30
0
0
VERTEX
8
0
10
121.999007650324
20
88.8666645065136
30
0
0
VERTEX
8
0
10
122.688267580552
20
89.0102598930537
30
0
0
VERTEX
8
0
10
123.377527510779
20
89.129329618789
30
0
0
VERTEX
8
0
10
124.066787441007
20
89.2470831845618
30
0
0
VERTEX
8
0
10
124.756047371235
20
89.355193361148
30
0
0
VERTEX
8
0
10
125.445307301463
20
89.4556710613073
30
0
0
VERTEX
8
0
10
126.134567231691
20
89.5483337105298
30
0
0
VERTEX
8
0
10
126.823827161919
20
89.6326814358111
30
0
0
VERTEX
8
0
10
127.513087092146
20
89.7113118392626
30
0
0
VERTEX
8
0
10
128.202347022374
20
89.7801122350447
30
0
0
VERTEX
8
0
10
128.891606952602
20
89.8459462323959
30
0
0
VERTEX
8
0
10
129.58086688283
20
89.8995346440049
30
0
0
VERTEX
8
0
10
130.270126813058
20
89.9536328085291
30
0
0
VERTEX
8
0
10
130.959386743285
20
89.9928167947313
30
0
0
VERTEX
8
0
10
131.648646673513
20
90.0355035054095
30
0
0
VERTEX
8
0
10
132.337906603741
20
90.060978983914
30
0
0
VERTEX
8
0
10
133.027166533969
20
90.0863683557002
30
0
0
VERTEX
8
0
10
133.716426464197
20
90.1048970952749
30
0
0
VERTEX
8
0
10
134.405686394424
20
90.1180098903518
30
0
0
VERTEX
8
0
10
135.094946324652
20
90.1253457009626
30
0
0
VERTEX
8
0
10
135.78420625488
20
90.1263937342156
30
0
0
VERTEX
8
0
10
136.473466185108
20
90.1230268834117
30
0
0
VERTEX
8
0
10
137.162726115336
20
90.1117142891863
30
0
0
VERTEX
8
0
10
137.851986045564
20
90.0985904759251
30
0
0
VERTEX
8
0
10
138.541245975791
20
90.0755082068946
30
0
0
VERTEX
8
0
10
139.230505906019
20
90.0526488932288
30
0
0
VERTEX
8
0
10
139.919765836247
20
90.0182459092223
30
0
0
VERTEX
8
0
10
140.609025766475
20
89.9857884217261
30
0
0
VERTEX
8
0
10
141.298285696703
20
89.9404924509884
30
0
0
VERTEX
8
0
10
141.98754562693
20
89.8944477320351
30
0
0
VERTEX
8
0
10
142.676805557158
20
89.8428000485972
30
0
0
VERTEX
8
0
10
143.366065487386
20
89.7866475135639
30
0
0
VERTEX
8
0
10
144.055325417614
20
89.7257146963011
30
0
0
VERTEX
8
0
10
144.744585347842
20
89.6596567408514
30
0
0
VERTEX
8
0
10
145.433845278069
20
89.5897818464957
30
0
0
VERTEX
8
0
10
146.123105208297
20
89.5135048109026
30
0
0
VERTEX
8
0
10
146.812365138525
20
89.4355514499284
30
0
0
VERTEX
8
0
10
147.501625068753
20
89.349837789715
30
0
0
VERTEX
8
0
10
148.190884998981
20
89.2635825741267
30
0
0
VERTEX
8
0
10
148.880144929208
20
89.1688224196717
30
0
0
VERTEX
8
0
10
149.569404859436
20
89.0744477676793
30
0
0
VERTEX
8
0
10
150.258664789664
20
88.9710303858321
30
0
0
VERTEX
8
0
10
150.947924719892
20
88.8662545115146
30
0
0
VERTEX
8
0
10
151.63718465012
20
88.7570535786689
30
0
0
VERTEX
8
0
10
152.326444580347
20
88.6441874533308
30
0
0
VERTEX
8
0
10
153.015704510575
20
88.5275083521751
30
0
0
VERTEX
8
0
10
153.704964440803
20
88.4068500370781
30
0
0
VERTEX
8
0
10
154.394224371031
20
88.2830399423501
30
0
0
VERTEX
8
0
10
155.083484301259
20
88.1545169647772
30
0
0
SEQEND
8
0
0
POLYLINE
8
0
62
4
70
0
10
0
20
0
30
0
0
VERTEX
8
0
10
8.96037909296163
20
12.6074662562315
30
0
0
VERTEX
8
0
10
9.64963902318944
20
13.2375497109729
30
0
0
VERTEX
8
0
10
10.3388989534173
20
13.8685618798329
30
0
0
VERTEX
8
0
10
11.0281588836451
20
14.5032654097944
30
0
0
VERTEX
8
0
10
11.7174188138729
20
15.1322279014202
30
0
0
VERTEX
8
0
10
12.4066787441007
20
15.7852815208522
30
0
0
VERTEX
8
0
10
13.0959386743285
20
16.4228695106392
30
0
0
VERTEX
8
0
10
13.7851986045564
20
17.0755751211053
30
0
0
VERTEX
8
0
10
14.4744585347842
20
17.7080149523283
30
0
0
VERTEX
8
0
10
15.163718465012
20
18.3531486829181
30
0
0
VERTEX
8
0
10
15.8529783952398
20
18.9820018663566
30
0
0
VERTEX
8
0
10
16.5422383254676
20
19.6209800038591
30
0
0
VERTEX
8
0
10
17.2314982556954
20
20.2303706858399
30
0
0
VERTEX
8
0
10
17.9207581859233
20
20.8328476149133
30
0
0
VERTEX
8
0
10
18.6100181161511
20
21.4358075418601
30
0
0
VERTEX
8
0
10
19.2992780463789
20
22.037818386674
30
0
0
VERTEX
8
0
10
19.9885379766067
20
22.6273374236351
30
0
0
VERTEX
8
0
10
20.6777979068345
20
23.2064017771024
30
0
0
VERTEX
8
0
10
21.3670578370624
20
23.8023892355871
30
0
0
VERTEX
8
0
10
22.0563177672902
20
24.3813911367485
30
0
0
VERTEX
8
0
10
22.745577697518
20
24.9447166486997
30
0
0
VERTEX
8
0
10
23.4348376277458
20
25.493107410507
30
0
0
VERTEX
8
0
10
24.1240975579736
20
26.0606065028228
30
0
0
VERTEX
8
0
10
24.8133574882014
20
26.6089029376326
30
0
0
VERTEX
8
0
10
25.5026174184293
20
27.1478063319708
30
0
0
VERTEX
8
0
10
26.1918773486571
20
27.6884492625496
30
0
0
VERTEX
8
0
10
26.8811372788849
20
28.2306198518557
30
0
0
VERTEX
8
0
10
27.5703972091127
20
28.7728402393229
30
0
0
VERTEX
8
0
10
28.2596571393405
20
29.3102499849205
30
0
0
VERTEX
8
0
10
28.9489170695683
20
29.8516529757704
30
0
0
VERTEX
8
0
10
29.6381769997962
20
30.3820500366168
30
0
0
VERTEX
8
0
10
30.327436930024
20
30.9269645805006
30
0
0
VERTEX
8
0
10
31.0166968602518
20
31.4498832440098
30
0
0
VERTEX
8
0
10
31.7059567904796
20
31.9922057276858
30
0
0
VERTEX
8
0
10
32.3952167207074
20
32.5143547605677
30
0
0
VERTEX
8
0
10
33.0844766509353
20
33.06706330874
30
0
0
VERTEX
8
0
10
33.7737365811631
20
33.6017356348949
30
0
0
VERTEX
8
0
10
34.4629965113909
20
34.1478449567533
30
0
0
VERTEX
8
0
10
35.1522564416187
20
34.6904784541659
30
0
0
VERTEX
8
0
10
35.8415163718465
20
35.2320527945469
30
0
0
VERTEX
8
0
10
36.5307763020743
20
35.7730350180655
30
0
0
VERTEX
8
0
10
37.2200362323022
20
36.3119310515501
30
0
0
VERTEX
8
0
10
37.90929616253
20
36.8534272177452
30
0
0
VERTEX
8
0
10
38.5985560927578
20
37.375497919999
30
0
0
VERTEX
8
0
10
39.2878160229856
20
37.9174801663233
30
0
0
VERTEX
8
0
10
39.9770759532134
20
38.438933664004
30
0
0
VERTEX
8
0
10
40.6663358834413
20
38.9799265184198
30
0
0
VERTEX
8
0
10
41.3555958136691
20
39.4885149991318
30
0
0
VERTEX
8
0
10
42.0448557438969
20
40.0196413505401
30
0
0
VERTEX
8
0
10
42.7341156741247
20
40.5292581902502
30
0
0
VERTEX
8
0
10
43.4233756043525
20
41.0501364984909
30
0
0
VERTEX
8
0
10
44.1126355345803
20
41.5480526619055
30
0
0
VERTEX
8
0
10
44.8018954648082
20
42.0528662350307
30
0
0
VERTEX
8
0
10
45.491155395036
20
42.5569437836567
30
0
0
VERTEX
8
0
10
46.1804153252638
20
43.0559403080217
30
0
0
VERTEX
8
0
10
46.8696752554916
20
43.555715262024
30
0
0
VERTEX
8
0
10
47.5589351857194
20
44.043223222542
30
0
0
VERTEX
8
0
10
48.2481951159473
20
44.5497027194177
30
0
0
VERTEX
8
0
10
48.9374550461751
20
45.0336521167367
30
0
0
VERTEX
8
0
10
49.6267149764029
20
45.5364321658938
30
0
0
VERTEX
8
0
10
50.3159749066307
20
46.0180654392774
30
0
0
VERTEX
8
0
10
51.0052348368585
20
46.5192036435325
30
0
0
VERTEX
8
0
10
51.6944947670863
20
47.0030518148659
30
0
0
VERTEX
8
0
10
52.3837546973142
20
47.4978642453214
30
0
0
VERTEX
8
0
10
53.073014627542
20
47.9886456919711
30
0
0
VERTEX
8
0
10
53.7622745577698
20
48.4799625398431
30
0
0
VERTEX
8
0
10
54.4515344879976
20
48.9629411875276
30
0
0
VERTEX
8
0
10
55.1407944182254
20
49.4442796907529
30
0
0
VERTEX
8
0
10
55.8300543484533
20
49.9276588526405
30
0
0
VERTEX
8
0
10
56.5193142786811
20
50.398761178541
30
0
0
VERTEX
8
0
10
57.2085742089089
20
50.8797760943821
30
0
0
VERTEX
8
0
10
57.8978341391367
20
51.3422509385516
30
0
0
VERTEX
8
0
10
58.5870940693645
20
51.8231838926011
30
0
0
VERTEX
8
0
10
59.2763539995923
20
52.2833670810171
30
0
0
VERTEX
8
0
10
59.9656139298202
20
52.7872795103719
30
0
0
VERTEX
8
0
10
60.654873860048
20
53.2620464406898
30
0
0
VERTEX
8
0
10
61.3441337902758
20
53.7469875216972
30
0
0
VERTEX
8
0
10
62.0333937205036
20
54.2360764607644
30
0
0
VERTEX
8
0
10
62.7226536507314
20
54.7298185809529
30
0
0
VERTEX
8
0
10
63.4119135809593
20
55.2223206696553
30
0
0
VERTEX
8
0
10
64.1011735111871
20
55.7121041324746
30
0
0
VERTEX
8
0
10
64.7904334414149
20
56.240111921586
30
0
0
VERTEX
8
0
10
65.4796933716427
20
56.7640230393095
30
0
0
VERTEX
8
0
10
66.1689533018705
20
57.3050732428064
30
0
0
VERTEX
8
0
10
66.8582132320983
20
57.8264017392925
30
0
0
VERTEX
8
0
10
67.5474731623262
20
58.3732987083008
30
0
0
VERTEX
8
0
10
68.236733092554
20
58.9005064964688
30
0
0
VERTEX
8
0
10
68.9259930227818
20
59.4448586116992
30
0
0
VERTEX
8
0
10
69.6152529530096
20
59.9694569434807
30
0
0
VERTEX
8
0
10
70.3045128832374
20
60.51321492652
30
0
0
VERTEX
8
0
10
70.9937728134652
20
61.0515298832396
30
0
0
VERTEX
8
0
10
71.6830327436931
20
61.5898937391127
30
0
0
VERTEX
8
0
10
72.3722926739209
20
62.1269293043335
30
0
0
VERTEX
8
0
10
73.0615526041487
20
62.6499172087884
30
0
0
VERTEX
8
0
10
73.7508125343765
20
63.1770900325111
30
0
0
VERTEX
8
0
10
74.4400724646043
20
63.6930863225928
30
0
0
VERTEX
8
0
10
75.1293323948321
20
64.2117521635483
30
0
0
VERTEX
8
0
10
75.81859232506
20
64.699401590236
30
0
0
VERTEX
8
0
10
76.5078522552878
20
65.2025380013347
30
0
0
VERTEX
8
0
10
77.1971121855156
20
65.6873977495382
30
0
0
VERTEX
8
0
10
77.8863721157434
20
66.1977564089581
30
0
0
VERTEX
8
0
10
78.5756320459712
20
66.6947862339534
30
0
0
VERTEX
8
0
10
79.2648919761991
20
67.2000494167522
30
0
0
VERTEX
8
0
10
79.9541519064269
20
67.7013967206519
30
0
0
VERTEX
8
0
10
80.6434118366547
20
68.2079938473792
30
0
0
VERTEX
8
0
10
81.3326717668825
20
68.7141721544591
30
0
0
VERTEX
8
0
10
82.0219316971103
20
69.2177040251707
30
0
0
VERTEX
8
0
10
82.7111916273381
20
69.7222465083301
30
0
0
VERTEX
8
0
10
83.400451557566
20
70.227376304725
30
0
0
VERTEX
8
0
10
84.0897114877938
20
70.7462474897483
30
0
0
VERTEX
8
0
10
84.7789714180216
20
71.2484376405015
30
0
0
VERTEX
8
0
10
85.4682313482494
20
71.7643962393579
30
0
0
VERTEX
8
0
10
86.1574912784772
20
72.2714561436344
30
0
0
VERTEX
8
0
10
86.8467512087051
20
72.790966937051
30
0
0
VERTEX
8
0
10
87.5360111389329
20
73.2940589763296
30
0
0
VERTEX
8
0
10
88.2252710691607
20
73.8043330492381
30
0
0
VERTEX
8
0
10
88.9145309993885
20
74.2757565146422
30
0
0
VERTEX
8
0
10
89.6037909296163
20
74.7560171993741
30
0
0
VERTEX
8
0
10
90.2930508598441
20
75.2347989353939
30
0
0
VERTEX
8
0
10
90.982310790072
20
75.7041906219401
30
0
0
VERTEX
8
0
10
91.6715707202998
20
76.1680531268832
30
0
0
VERTEX
8
0
10
92.3608306505276
20
76.6225637901093
30
0
0
VERTEX
8
0
10
93.0500905807554
20
77.0891033121335
30
0
0
VERTEX
8
0
10
93.7393505109832
20
77.5300957610606
30
0
0
VERTEX
8
0
10
94.428610441211
20
77.978296459277
30
0
0
VERTEX
8
0
10
95.1178703714389
20
78.4116593203757
30
0
0
VERTEX
8
0
10
95.8071303016667
20
78.8567160776757
30
0
0
VERTEX
8
0
10
96.4963902318945
20
79.268240351998
30
0
0
VERTEX
8
0
10
97.1856501621223
20
79.6828066985992
30
0
0
VERTEX
8
0
10
97.8749100923501
20
80.0938642022161
30
0
0
VERTEX
8
0
10
98.564170022578
20
80.5043345282345
30
0
0
VERTEX
8
0
10
99.2534299528058
20
80.9155011470984
30
0
0
VERTEX
8
0
10
99.9426898830336
20
81.3240882315662
30
0
0
VERTEX
8
0
10
100.631949813261
20
81.7329913463521
30
0
0
VERTEX
8
0
10
101.321209743489
20
82.1335061786259
30
0
0
VERTEX
8
0
10
102.010469673717
20
82.5046750964043
30
0
0
VERTEX
8
0
10
102.699729603945
20
82.8692961328955
30
0
0
VERTEX
8
0
10
103.388989534173
20
83.243916728208
30
0
0
VERTEX
8
0
10
104.078249464401
20
83.6054368987671
30
0
0
VERTEX
8
0
10
104.767509394628
20
83.9587055373406
30
0
0
VERTEX
8
0
10
105.456769324856
20
84.3039746819845
30
0
0
VERTEX
8
0
10
106.146029255084
20
84.6541363138172
30
0
0
VERTEX
8
0
10
106.835289185312
20
84.9818994639168
30
0
0
VERTEX
8
0
10
107.52454911554
20
85.292942032198
30
0
0
VERTEX
8
0
10
108.213809045767
20
85.6023650459515
30
0
0
VERTEX
8
0
10
108.903068975995
20
85.9093637764267
30
0
0
VERTEX
8
0
10
109.592328906223
20
86.200670154474
30
0
0
VERTEX
8
0
10
110.281588836451
20
86.4783001589662
30
0
0
VERTEX
8
0
10
110.970848766679
20
86.7643309095995
30
0
0
VERTEX
8
0
10
111.660108696907
20
87.0388005880278
30
0
0
VERTEX
8
0
10
112.349368627134
20
87.2633093234582
30
0
0
VERTEX
8
0
10
113.038628557362
20
87.4689547773403
30
0
0
VERTEX
8
0
10
113.72788848759
20
87.6826572345872
30
0
0
VERTEX
8
0
10
114.417148417818
20
87.8851964926467
30
0
0
VERTEX
8
0
10
115.106408348046
20
88.0777792154466
30
0
0
VERTEX
8
0
10
115.795668278273
20
88.2680828219579
30
0
0
VERTEX
8
0
10
116.484928208501
20
88.457491393671
30
0
0
VERTEX
8
0
10
117.174188138729
20
88.6452947823894
30
0
0
VERTEX
8
0
10
117.863448068957
20
88.8041021392816
30
0
0
VERTEX
8
0
10
118.552707999185
20
88.9675846783379
30
0
0
VERTEX
8
0
10
119.241967929412
20
89.1245966321873
30
0
0
VERTEX
8
0
10
119.93122785964
20
89.2882437587163
30
0
0
VERTEX
8
0
10
120.620487789868
20
89.2962271528715
30
0
0
VERTEX
8
0
10
121.309747720096
20
89.3519587776613
30
0
0
VERTEX
8
0
10
121.999007650324
20
89.3979744634575
30
0
0
VERTEX
8
0
10
122.688267580552
20
89.4428268079222
30
0
0
VERTEX
8
0
10
123.377527510779
20
89.4726103150469
30
0
0
VERTEX
8
0
10
124.066787441007
20
89.5051829660385
30
0
0
VERTEX
8
0
10
124.756047371235
20
89.534963802526
30
0
0
VERTEX
8
0
10
125.445307301463
20
89.5636604763894
30
0
0
VERTEX
8
0
10
126.134567231691
20
89.590710656223
30
0
0
VERTEX
8
0
10
126.823827161919
20
89.6155930868958
30
0
0
VERTEX
8
0
10
127.513087092146
20
89.6398944553896
30
0
0
VERTEX
8
0
10
128.202347022374
20
89.6587984102363
30
0
0
VERTEX
8
0
10
128.891606952602
20
89.6825646258736
30
0
0
VERTEX
8
0
10
129.58086688283
20
89.6983511271778
30
0
0
VERTEX
8
0
10
130.270126813058
20
89.7187764595925
30
0
0
VERTEX
8
0
10
130.959386743285
20
89.7177426773358
30
0
0
VERTEX
8
0
10
131.648646673513
20
89.7221347229556
30
0
0
VERTEX
8
0
10
132.337906603741
20
89.7190898872755
30
0
0
VERTEX
8
0
10
133.027166533969
20
89.7178743600686
30
0
0
VERTEX
8
0
10
133.716426464197
20
89.6641979053715
30
0
0
VERTEX
8
0
10
134.405686394424
20
89.6194639155307
30
0
0
VERTEX
8
0
10
135.094946324652
20
89.5733349695541
30
0
0
VERTEX
8
0
10
135.78420625488
20
89.5254305312025
30
0
0
VERTEX
8
0
10
136.473466185108
20
89.4739500069753
30
0
0
VERTEX
8
0
10
137.162726115336
20
89.4192267615088
30
0
0
VERTEX
8
0
10
137.851986045564
20
89.3678851260312
30
0
0
VERTEX
8
0
10
138.541245975791
20
89.3105765768596
30
0
0
VERTEX
8
0
10
139.230505906019
20
89.2564441043424
30
0
0
VERTEX
8
0
10
139.919765836247
20
89.1965901611448
30
0
0
VERTEX
8
0
10
140.609025766475
20
89.1397085839327
30
0
0
VERTEX
8
0
10
141.298285696703
20
89.0773523778794
30
0
0
VERTEX
8
0
10
141.98754562693
20
89.016091167109
30
0
0
VERTEX
8
0
10
142.676805557158
20
88.9529550550287
30
0
0
VERTEX
8
0
10
143.366065487386
20
88.8888521932936
30
0
0
VERTEX
8
0
10
144.055325417614
20
88.8502707319035
30
0
0
VERTEX
8
0
10
144.744585347842
20
88.812216118055
30
0
0
VERTEX
8
0
10
145.433845278069
20
88.7733827138586
30
0
0
VERTEX
8
0
10
146.123105208297
20
88.7314198526962
30
0
0
VERTEX
8
0
10
146.812365138525
20
88.6980932568111
30
0
0
VERTEX
8
0
10
147.501625068753
20
88.6598469459533
30
0
0
VERTEX
8
0
10
148.190884998981
20
88.6232896015208
30
0
0
VERTEX
8
0
10
148.880144929208
20
88.5826532154664
30
0
0
VERTEX
8
0
10
149.569404859436
20
88.5461257855581
30
0
0
VERTEX
8
0
10
150.258664789664
20
88.5052080407124
30
0
0
VERTEX
8
0
10
150.947924719892
20
88.4646056798808
30
0
0
VERTEX
8
0
10
151.63718465012
20
88.422466524059
30
0
0
VERTEX
8
0
10
152.326444580347
20
88.3852142606925
30
0
0
VERTEX
8
0
10
153.015704510575
20
88.345043284798
30
0
0
VERTEX
8
0
10
153.704964440803
20
88.303602631492
30
0
0
VERTEX
8
0
10
154.394224371031
20
88.2601431178266
30
0
0
VERTEX
8
0
10
155.083484301259
20
88.2137679307361
30
0
0
SEQEND
8
0
0
POLYLINE
8
0
62
2
70
0
10
0
20
0
30
0
0
VERTEX
8
0
10
8.96037909296163
20
3.09839177815189
30
0
0
VERTEX
8
0
10
9.64963902318944
20
1.70865694514139
30
0
0
VERTEX
8
0
10
10.3388989534173
20
0.951900384671283
30
0
0
VERTEX
8
0
10
11.0281588836451
20
2.57517754175695
30
0
0
VERTEX
8
0
10
11.7174188138729
20
4.16665125155956
30
0
0
VERTEX
8
0
10
12.4066787441007
20
2.36437101306784
30
0
0
VERTEX
8
0
10
13.0959386743285
20
2.73028560194451
30
0
0
VERTEX
8
0
10
13.7851986045564
20
3.88657473925098
30
0
0
VERTEX
8
0
10
14.4744585347842
20
3.3987198285762
30
0
0
VERTEX
8
0
10
15.163718465012
20
3.37582669046512
30
0
0
VERTEX
8
0
10
15.8529783952398
20
4.00866359085199
30
0
0
VERTEX
8
0
10
16.5422383254676
20
4.98799255268296
30
0
0
VERTEX
8
0
10
17.2314982556954
20
4.20399216437369
30
0
0
VERTEX
8
0
10
17.9207581859233
20
4.44532948045169
30
0
0
VERTEX
8
0
10
18.6100181161511
20
5.11875855827046
30
0
0
VERTEX
8
0
10
19.2992780463789
20
4.96302808843458
30
0
0
VERTEX
8
0
10
19.9885379766067
20
5.0608541336193
30
0
0
VERTEX
8
0
10
20.6777979068345
20
5.46459858980301
30
0
0
VERTEX
8
0
10
21.3670578370624
20
6.1254640281889
30
0
0
VERTEX
8
0
10
22.0563177672902
20
5.75521705288579
30
0
0
VERTEX
8
0
10
22.745577697518
20
5.95296528349912
30
0
0
VERTEX
8
0
10
23.4348376277458
20
6.41820869632932
30
0
0
VERTEX
8
0
10
24.1240975579736
20
6.39215675506766
30
0
0
VERTEX
8
0
10
24.8133574882014
20
6.52144352448823
30
0
0
VERTEX
8
0
10
25.5026174184293
20
6.82191877845246
30
0
0
VERTEX
8
0
10
26.1918773486571
20
7.3062488897566
30
0
0
VERTEX
8
0
10
26.8811372788849
20
7.12674600373337
30
0
0
VERTEX
8
0
10
27.5703972091127
20
7.29607629444483
30
0
0
VERTEX
8
0
10
28.2596571393405
20
7.647530144
30
0
0
VERTEX
8
0
10
28.9489170695683
20
7.67615767247092
30
0
0
VERTEX
8
0
10
29.6381769997962
20
7.80943379583486
30
0
0
VERTEX
8
0
10
30.327436930024
20
8.0484423051478
30
0
0
VERTEX
8
0
10
31.0166968602518
20
8.42366968180126
30
0
0
VERTEX
8
0
10
31.7059567904796
20
8.34013286434877
30
0
0
VERTEX
8
0
10
32.3952167207074
20
8.48652061443939
30
0
0
VERTEX
8
0
10
33.0844766509353
20
8.76575447078624
30
0
0
VERTEX
8
0
10
33.7737365811631
20
8.81751819317027
30
0
0
VERTEX
8
0
10
34.4629965113909
20
8.944976728183
30
0
0
VERTEX
8
0
10
35.1522564416187
20
9.14189966060657
30
0
0
VERTEX
8
0
10
35.8415163718465
20
9.4439859735367
30
0
0
VERTEX
8
0
10
36.5307763020743
20
9.41206159230081
30
0
0
VERTEX
8
0
10
37.2200362323022
20
9.53950449504411
30
0
0
VERTEX
8
0
10
37.90929616253
20
9.76909716025779
30
0
0
VERTEX
8
0
10
38.5985560927578
20
9.83030144599718
30
0
0
VERTEX
8
0
10
39.2878160229856
20
9.94942358930002
30
0
0
VERTEX
8
0
10
39.9770759532134
20
10.1161666318611
30
0
0
VERTEX
8
0
10
40.6663358834413
20
10.3672210598023
30
0
0
VERTEX
8
0
10
41.3555958136691
20
10.3654707630129
30
0
0
VERTEX
8
0
10
42.0448557438969
20
10.4783606136492
30
0
0
VERTEX
8
0
10
42.7341156741247
20
10.6732075660211
30
0
0
VERTEX
8
0
10
43.4233756043525
20
10.7388977262273
30
0
0
VERTEX
8
0
10
44.1126355345803
20
10.8510393997008
30
0
0
VERTEX
8
0
10
44.8018954648082
20
10.9968868454768
30
0
0
VERTEX
8
0
10
45.491155395036
20
11.2126188829913
30
0
0
VERTEX
8
0
10
46.1804153252638
20
11.23142437048
30
0
0
VERTEX
8
0
10
46.8696752554916
20
11.3350418359035
30
0
0
VERTEX
8
0
10
47.5589351857194
20
11.5067802234593
30
0
0
VERTEX
8
0
10
48.2481951159473
20
11.5769384633368
30
0
0
VERTEX
8
0
10
48.9374550461751
20
11.6858967468745
30
0
0
VERTEX
8
0
10
49.6267149764029
20
11.8193427144183
30
0
0
VERTEX
8
0
10
50.3159749066307
20
12.0124099222233
30
0
0
VERTEX
8
0
10
51.0052348368585
20
12.0488866681095
30
0
0
VERTEX
8
0
10
51.6944947670863
20
12.1494510952191
30
0
0
VERTEX
8
0
10
52.3837546973142
20
12.3083266732931
30
0
0
VERTEX
8
0
10
53.073014627542
20
12.3859826504396
30
0
0
VERTEX
8
0
10
53.7622745577698
20
12.4971940544388
30
0
0
VERTEX
8
0
10
54.4515344879976
20
12.62660743801
30
0
0
VERTEX
8
0
10
55.1407944182254
20
12.808124587583
30
0
0
VERTEX
8
0
10
55.8300543484533
20
12.8634312922806
30
0
0
VERTEX
8
0
10
56.5193142786811
20
12.9679098945846
30
0
0
VERTEX
8
0
10
57.2085742089089
20
13.1235006783303
30
0
0
VERTEX
8
0
10
57.8978341391367
20
13.2135581085998
30
0
0
VERTEX
8
0
10
58.5870940693645
20
13.3334662401034
30
0
0
VERTEX
8
0
10
59.2763539995923
20
13.4671827528095
30
0
0
VERTEX
8
0
10
59.9656139298202
20
13.6472969642972
30
0
0
VERTEX
8
0
10
60.654873860048
20
13.7249454683608
30
0
0
VERTEX
8
0
10
61.3441337902758
20
13.8406798604369
30
0
0
VERTEX
8
0
10
62.0333937205036
20
14.0020226152984
30
0
0
VERTEX
8
0
10
62.7226536507314
20
14.1103458095751
30
0
0
VERTEX
8
0
10
63.4119135809593
20
14.2457828461836
30
0
0
VERTEX
8
0
10
64.1011735111871
20
14.3918764687999
30
0
0
VERTEX
8
0
10
64.7904334414149
20
14.579836946966
30
0
0
VERTEX
8
0
10
65.4796933716427
20
14.6844592740147
30
0
0
VERTEX
8
0
10
66.1689533018705
20
14.8186803830521
30
0
0
VERTEX
8
0
10
66.8582132320983
20
14.9940914277443
30
0
0
VERTEX
8
0
10
67.5474731623262
20
15.1267265561695
30
0
0
VERTEX
8
0
10
68.236733092554
20
15.2843220683786
30
0
0
VERTEX
8
0
10
68.9259930227818
20
15.4502494972218
30
0
0
VERTEX
8
0
10
69.6152529530096
20
15.6542628486974
30
0
0
VERTEX
8
0
10
70.3045128832374
20
15.7906942596947
30
0
0
VERTEX
8
0
10
70.9937728134652
20
15.9500678507199
30
0
0
VERTEX
8
0
10
71.6830327436931
20
16.1469080736399
30
0
0
VERTEX
8
0
10
72.3722926739209
20
16.3095080171318
30
0
0
VERTEX
8
0
10
73.0615526041487
20
16.4952632298336
30
0
0
VERTEX
8
0
10
73.7508125343765
20
16.6876079848073
30
0
0
VERTEX
8
0
10
74.4400724646043
20
16.9147584846573
30
0
0
VERTEX
8
0
10
75.1293323948321
20
17.0875171215793
30
0
0
VERTEX
8
0
10
75.81859232506
20
17.2779419134755
30
0
0
VERTEX
8
0
10
76.5078522552878
20
17.5026028881236
30
0
0
VERTEX
8
0
10
77.1971121855156
20
17.7002526153166
30
0
0
VERTEX
8
0
10
77.8863721157434
20
17.91951516673
30
0
0
VERTEX
8
0
10
78.5756320459712
20
18.1441192239077
30
0
0
VERTEX
8
0
10
79.2648919761991
20
18.4006766102432
30
0
0
VERTEX
8
0
10
79.9541519064269
20
18.614073639031
30
0
0
VERTEX
8
0
10
80.6434118366547
20
18.8410569323378
30
0
0
VERTEX
8
0
10
81.3326717668825
20
19.0995398441489
30
0
0
VERTEX
8
0
10
82.0219316971103
20
19.3373390239274
30
0
0
VERTEX
8
0
10
82.7111916273381
20
19.5955887201683
30
0
0
VERTEX
8
0
10
83.400451557566
20
19.8585593611858
30
0
0
VERTEX
8
0
10
84.0897114877938
20
20.1512412245338
30
0
0
VERTEX
8
0
10
84.7789714180216
20
20.4107154212945
30
0
0
VERTEX
8
0
10
85.4682313482494
20
20.681081187797
30
0
0
VERTEX
8
0
10
86.1574912784772
20
20.9810888522506
30
0
0
VERTEX
8
0
10
86.8467512087051
20
21.2665875495157
30
0
0
VERTEX
8
0
10
87.5360111389329
20
21.5724104003317
30
0
0
VERTEX
8
0
10
88.2252710691607
20
21.8837699030548
30
0
0
VERTEX
8
0
10
88.9145309993885
20
22.224246611056
30
0
0
VERTEX
8
0
10
89.6037909296163
20
22.5418975587565
30
0
0
VERTEX
8
0
10
90.2930508598441
20
22.8708831603277
30
0
0
VERTEX
8
0
10
90.982310790072
20
23.2310477250168
30
0
0
VERTEX
8
0
10
91.6715707202998
20
23.5865824932198
30
0
0
VERTEX
8
0
10
92.3608306505276
20
23.9689125492159
30
0
0
VERTEX
8
0
10
93.0500905807554
20
24.3682200959944
30
0
0
VERTEX
8
0
10
93.7393505109832
20
24.8136124198569
30
0
0
VERTEX
8
0
10
94.428610441211
20
25.2627466447928
30
0
0
VERTEX
8
0
10
95.1178703714389
20
25.7004658073596
30
0
0
VERTEX
8
0
10
95.8071303016667
20
26.1266381830251
30
0
0
VERTEX
8
0
10
96.4963902318945
20
26.5206232832959
30
0
0
VERTEX
8
0
10
97.1856501621223
20
26.9134661277856
30
0
0
VERTEX
8
0
10
97.8749100923501
20
27.2968891323487
30
0
0
VERTEX
8
0
10
98.564170022578
20
27.6929917602139
30
0
0
VERTEX
8
0
10
99.2534299528058
20
28.0705508880469
30
0
0
VERTEX
8
0
10
99.9426898830336
20
28.4494849236214
30
0
0
VERTEX
8
0
10
100.631949813261
20
28.8505231190469
30
0
0
VERTEX
8
0
10
101.321209743489
20
29.2541589563971
30
0
0
VERTEX
8
0
10
102.010469673717
20
29.6879918146439
30
0
0
VERTEX
8
0
10
102.699729603945
20
30.1515143841777
30
0
0
VERTEX
8
0
10
103.388989534173
20
30.6386628019746
30
0
0
VERTEX
8
0
10
104.078249464401
20
31.0635432044338
30
0
0
VERTEX
8
0
10
104.767509394628
20
31.4337090677756
30
0
0
VERTEX
8
0
10
105.456769324856
20
31.7785395649203
30
0
0
VERTEX
8
0
10
106.146029255084
20
32.0874150259629
30
0
0
VERTEX
8
0
10
106.835289185312
20
32.3800252405036
30
0
0
VERTEX
8
0
10
107.52454911554
20
32.6498751948708
30
0
0
VERTEX
8
0
10
108.213809045767
20
32.9131535972364
30
0
0
VERTEX
8
0
10
108.903068975995
20
33.15141091172
30
0
0
VERTEX
8
0
10
109.592328906223
20
33.3724654689697
30
0
0
VERTEX
8
0
10
110.281588836451
20
33.5909536835456
30
0
0
VERTEX
8
0
10
110.970848766679
20
33.7925766196741
30
0
0
VERTEX
8
0
10
111.660108696907
20
33.989121118524
30
0
0
VERTEX
8
0
10
112.349368627134
20
34.1726218979923
30
0
0
VERTEX
8
0
10
113.038628557362
20
34.3553427086018
30
0
0
VERTEX
8
0
10
113.72788848759
20
34.5221827229865
30
0
0
VERTEX
8
0
10
114.417148417818
20
34.6767885749828
30
0
0
VERTEX
8
0
10
115.106408348046
20
34.831563652219
30
0
0
VERTEX
8
0
10
115.795668278273
20
34.9748100063555
30
0
0
VERTEX
8
0
10
116.484928208501
20
35.1153734429946
30
0
0
VERTEX
8
0
10
117.174188138729
20
35.2460200331783
30
0
0
VERTEX
8
0
10
117.863448068957
20
35.3770448225014
30
0
0
VERTEX
8
0
10
118.552707999185
20
35.4966379335253
30
0
0
VERTEX
8
0
10
119.241967929412
20
35.60602441707
30
0
0
VERTEX
8
0
10
119.93122785964
20
35.716100200594
30
0
0
VERTEX
8
0
10
120.620487789868
20
35.8174878399658
30
0
0
VERTEX
8
0
10
121.309747720096
20
35.9169934025018
30
0
0
VERTEX
8
0
10
121.999007650324
20
36.0082280292547
30
0
0
VERTEX
8
0
10
122.688267580552
20
36.0999735075477
30
0
0
VERTEX
8
0
10
123.377527510779
20
36.1830855979004
30
0
0
VERTEX
8
0
10
124.066787441007
20
36.2571933965687
30
0
0
VERTEX
8
0
10
124.756047371235
20
36.3319061544425
30
0
0
VERTEX
8
0
10
125.445307301463
20
36.3997527022372
30
0
0
VERTEX
8
0
10
126.134567231691
20
36.465989132487
30
0
0
VERTEX
8
0
10
126.823827161919
20
36.5250327847596
30
0
0
VERTEX
8
0
10
127.513087092146
20
36.5843922416258
30
0
0
VERTEX
8
0
10
128.202347022374
20
36.6370468110036
30
0
0
VERTEX
8
0
10
128.891606952602
20
36.6815798030746
30
0
0
VERTEX
8
0
10
129.58086688283
20
36.7264347053763
30
0
0
VERTEX
8
0
10
130.270126813058
20
36.7656927541306
30
0
0
VERTEX
8
0
10
130.959386743285
20
36.8033983941528
30
0
0
VERTEX
8
0
10
131.648646673513
20
36.834715504959
30
0
0
VERTEX
8
0
10
132.337906603741
20
36.8660452122446
30
0
0
VERTEX
8
0
10
133.027166533969
20
36.8920530854677
30
0
0
VERTEX
8
0
10
133.716426464197
20
36.910677111104
30
0
0
VERTEX
8
0
10
134.405686394424
20
36.9292828507851
30
0
0
VERTEX
8
0
10
135.094946324652
20
36.9432154287134
30
0
0
VERTEX
8
0
10
135.78420625488
20
36.9555617381393
30
0
0
VERTEX
8
0
10
136.473466185108
20
36.962172359162
30
0
0
VERTEX
8
0
10
137.162726115336
20
36.9684698098882
30
0
0
VERTEX
8
0
10
137.851986045564
20
36.9704547426109
30
0
0
VERTEX
8
0
10
138.541245975791
20
36.9657204249563
30
0
0
VERTEX
8
0
10
139.230505906019
20
36.9606286070705
30
0
0
VERTEX
8
0
10
139.919765836247
20
36.9515534958359
30
0
0
VERTEX
8
0
10
140.609025766475
20
36.9408229667284
30
0
0
VERTEX
8
0
10
141.298285696703
20
36.9249179492422
30
0
0
VERTEX
8
0
10
141.98754562693
20
36.9083892621386
30
0
0
VERTEX
8
0
10
142.676805557158
20
36.8882892527116
30
0
0
VERTEX
8
0
10
143.366065487386
20
36.8620941765101
30
0
0
VERTEX
8
0
10
144.055325417614
20
36.8352299436997
30
0
0
VERTEX
8
0
10
144.744585347842
20
36.8049076417718
30
0
0
VERTEX
8
0
10
145.433845278069
20
36.7728548199539
30
0
0
VERTEX
8
0
10
146.123105208297
20
36.7361300249132
30
0
0
VERTEX
8
0
10
146.812365138525
20
36.6985049817509
30
0
0
VERTEX
8
0
10
147.501625068753
20
36.6578539154156
30
0
0
VERTEX
8
0
10
148.190884998981
20
36.611707779789
30
0
0
VERTEX
8
0
10
148.880144929208
20
36.5646221576908
30
0
0
VERTEX
8
0
10
149.569404859436
20
36.5144866825386
30
0
0
VERTEX
8
0
10
150.258664789664
20
36.46255732453
30
0
0
VERTEX
8
0
10
150.947924719892
20
36.4064204719217
30
0
0
VERTEX
8
0
10
151.63718465012
20
36.3491516728038
30
0
0
VERTEX
8
0
10
152.326444580347
20
36.2892601324127
30
0
0
VERTEX
8
0
10
153.015704510575
20
36.2244586360109
30
0
0
VERTEX
8
0
10
153.704964440803
20
36.1584976912114
30
0
0
VERTEX
8
0
10
154.394224371031
20
36.08981438252
30
0
0
VERTEX
8
0
10
155.083484301259
20
36.0192986871755
30
0
0
SEQEND
8
0
0
POLYLINE
8
0
62
3
70
0
10
0
20
0
30
0
0
VERTEX
8
0
10
8.96037909296163
20
3.84409553537083
30
0
0
VERTEX
8
0
10
9.64963902318944
20
2.99232934273925
30
0
0
VERTEX
8
0
10
10.3388989534173
20
2.80544002425385
30
0
0
VERTEX
8
0
10
11.0281588836451
20
3.81520201382715
30
0
0
VERTEX
8
0
10
11.7174188138729
20
5.1297535922628
30
0
0
VERTEX
8
0
10
12.4066787441007
20
3.96380893149683
30
0
0
VERTEX
8
0
10
13.0959386743285
20
4.32715595125542
30
0
0
VERTEX
8
0
10
13.7851986045564
20
5.25295148729267
30
0
0
VERTEX
8
0
10
14.4744585347842
20
5.03636110204551
30
0
0
VERTEX
8
0
10
15.163718465012
20
5.1582334113176
30
0
0
VERTEX
8
0
10
15.8529783952398
20
5.71711780378371
30
0
0
VERTEX
8
0
10
16.5422383254676
20
6.55511520155498
30
0
0
VERTEX
8
0
10
17.2314982556954
20
6.11682412886572
30
0
0
VERTEX
8
0
10
17.9207581859233
20
6.41027258977492
30
0
0
VERTEX
8
0
10
18.6100181161511
20
7.01348826265391
30
0
0
VERTEX
8
0
10
19.2992780463789
20
7.02864192384375
30
0
0
VERTEX
8
0
10
19.9885379766067
20
7.22736209451917
30
0
0
VERTEX
8
0
10
20.6777979068345
20
7.63679291245778
30
0
0
VERTEX
8
0
10
21.3670578370624
20
8.23908375526522
30
0
0
VERTEX
8
0
10
22.0563177672902
20
8.09958670272742
30
0
0
VERTEX
8
0
10
22.745577697518
20
8.36244645696194
30
0
0
VERTEX
8
0
10
23.4348376277458
20
8.81834754636946
30
0
0
VERTEX
8
0
10
24.1240975579736
20
8.92468842963782
30
0
0
VERTEX
8
0
10
24.8133574882014
20
9.14366144431379
30
0
0
VERTEX
8
0
10
25.5026174184293
20
9.47964612386346
30
0
0
VERTEX
8
0
10
26.1918773486571
20
9.9507521356097
30
0
0
VERTEX
8
0
10
26.8811372788849
20
9.94942568988472
30
0
0
VERTEX
8
0
10
27.5703972091127
20
10.1905773240669
30
0
0
VERTEX
8
0
10
28.2596571393405
20
10.5629864433174
30
0
0
VERTEX
8
0
10
28.9489170695683
20
10.7075667977689
30
0
0
VERTEX
8
0
10
29.6381769997962
20
10.9277531851563
30
0
0
VERTEX
8
0
10
30.327436930024
20
11.2180638449248
30
0
0
VERTEX
8
0
10
31.0166968602518
20
11.6071252519313
30
0
0
VERTEX
8
0
10
31.7059567904796
20
11.6753002172357
30
0
0
VERTEX
8
0
10
32.3952167207074
20
11.8984821787941
30
0
0
VERTEX
8
0
10
33.0844766509353
20
12.2167560481172
30
0
0
VERTEX
8
0
10
33.7737365811631
20
12.377119460513
30
0
0
VERTEX
8
0
10
34.4629965113909
20
12.5917354544043
30
0
0
VERTEX
8
0
10
35.1522564416187
20
12.8501777197711
30
0
0
VERTEX
8
0
10
35.8415163718465
20
13.1838475353942
30
0
0
VERTEX
8
0
10
36.5307763020743
20
13.2893337592169
30
0
0
VERTEX
8
0
10
37.2200362323022
20
13.4977406318852
30
0
0
VERTEX
8
0
10
37.90929616253
20
13.7785251430374
30
0
0
VERTEX
8
0
10
38.5985560927578
20
13.9450873963081
30
0
0
VERTEX
8
0
10
39.2878160229856
20
14.152720093208
30
0
0
VERTEX
8
0
10
39.9770759532134
20
14.3883038975592
30
0
0
VERTEX
8
0
10
40.6663358834413
20
14.6833770418032
30
0
0
VERTEX
8
0
10
41.3555958136691
20
14.8107394249226
30
0
0
VERTEX
8
0
10
42.0448557438969
20
15.0080342610904
30
0
0
VERTEX
8
0
10
42.7341156741247
20
15.2627112353841
30
0
0
VERTEX
8
0
10
43.4233756043525
20
15.4322672524448
30
0
0
VERTEX
8
0
10
44.1126355345803
20
15.6343750487217
30
0
0
VERTEX
8
0
10
44.8018954648082
20
15.8543622496394
30
0
0
VERTEX
8
0
10
45.491155395036
20
16.1229947508676
30
0
0
VERTEX
8
0
10
46.1804153252638
20
16.2654438639556
30
0
0
VERTEX
8
0
10
46.8696752554916
20
16.4559300703189
30
0
0
VERTEX
8
0
10
47.5589351857194
20
16.6935305317922
30
0
0
VERTEX
8
0
10
48.2481951159473
20
16.8664144509799
30
0
0
VERTEX
8
0
10
48.9374550461751
20
17.0661720019867
30
0
0
VERTEX
8
0
10
49.6267149764029
20
17.2771906115265
30
0
0
VERTEX
8
0
10
50.3159749066307
20
17.529195559354
30
0
0
VERTEX
8
0
10
51.0052348368585
20
17.6847777211615
30
0
0
VERTEX
8
0
10
51.6944947670863
20
17.8733066042132
30
0
0
VERTEX
8
0
10
52.3837546973142
20
18.1017134971001
30
0
0
VERTEX
8
0
10
53.073014627542
20
18.2803327489714
30
0
0
VERTEX
8
0
10
53.7622745577698
20
18.4819536145869
30
0
0
VERTEX
8
0
10
54.4515344879976
20
18.6903680960953
30
0
0
VERTEX
8
0
10
55.1407944182254
20
18.9342346181901
30
0
0
VERTEX
8
0
10
55.8300543484533
20
19.1037961018761
30
0
0
VERTEX
8
0
10
56.5193142786811
20
19.2955631041817
30
0
0
VERTEX
8
0
10
57.2085742089089
20
19.521973395502
30
0
0
VERTEX
8
0
10
57.8978341391367
20
19.7099157099937
30
0
0
VERTEX
8
0
10
58.5870940693645
20
19.9181620130525
30
0
0
VERTEX
8
0
10
59.2763539995923
20
20.130114440378
30
0
0
VERTEX
8
0
10
59.9656139298202
20
20.3734203985368
30
0
0
VERTEX
8
0
10
60.654873860048
20
20.5593782365049
30
0
0
VERTEX
8
0
10
61.3441337902758
20
20.7596695146733
30
0
0
VERTEX
8
0
10
62.0333937205036
20
20.9907104622052
30
0
0
VERTEX
8
0
10
62.7226536507314
20
21.1921229808863
30
0
0
VERTEX
8
0
10
63.4119135809593
20
21.4119086758018
30
0
0
VERTEX
8
0
10
64.1011735111871
20
21.6332156065171
30
0
0
VERTEX
8
0
10
64.7904334414149
20
21.882751011084
30
0
0
VERTEX
8
0
10
65.4796933716427
20
22.0882837636298
30
0
0
VERTEX
8
0
10
66.1689533018705
20
22.3022244350021
30
0
0
VERTEX
8
0
10
66.8582132320983
20
22.5439251682625
30
0
0
VERTEX
8
0
10
67.5474731623262
20
22.7630666673919
30
0
0
VERTEX
8
0
10
68.236733092554
20
22.9991488720846
30
0
0
VERTEX
8
0
10
68.9259930227818
20
23.2351711505217
30
0
0
VERTEX
8
0
10
69.6152529530096
20
23.4969591995996
30
0
0
VERTEX
8
0
10
70.3045128832374
20
23.725479749103
30
0
0
VERTEX
8
0
10
70.9937728134652
20
23.9578492925295
30
0
0
VERTEX
8
0
10
71.6830327436931
20
24.2156069457439
30
0
0
VERTEX
8
0
10
72.3722926739209
20
24.456573979896
30
0
0
VERTEX
8
0
10
73.0615526041487
20
24.7133801672897
30
0
0
VERTEX
8
0
10
73.7508125343765
20
24.9689743810617
30
0
0
VERTEX
8
0
10
74.4400724646043
20
25.2483388128527
30
0
0
VERTEX
8
0
10
75.1293323948321
20
25.5032407925626
30
0
0
VERTEX
8
0
10
75.81859232506
20
25.758452056417
30
0
0
VERTEX
8
0
10
76.5078522552878
20
26.0371314472
30
0
0
VERTEX
8
0
10
77.1971121855156
20
26.3038343957221
30
0
0
VERTEX
8
0
10
77.8863721157434
20
26.5855326100682
30
0
0
VERTEX
8
0
10
78.5756320459712
20
26.8652316517121
30
0
0
VERTEX
8
0
10
79.2648919761991
20
27.1670905793676
30
0
0
VERTEX
8
0
10
79.9541519064269
20
27.4518796934519
30
0
0
VERTEX
8
0
10
80.6434118366547
20
27.7343051040537
30
0
0
VERTEX
8
0
10
81.3326717668825
20
28.0386987989086
30
0
0
VERTEX
8
0
10
82.0219316971103
20
28.3353069940342
30
0
0
VERTEX
8
0
10
82.7111916273381
20
28.64638696097
30
0
0
VERTEX
8
0
10
83.400451557566
20
28.9551404187019
30
0
0
VERTEX
8
0
10
84.0897114877938
20
29.2849265234438
30
0
0
VERTEX
8
0
10
84.7789714180216
20
29.6041633145786
30
0
0
VERTEX
8
0
10
85.4682313482494
20
29.9193603429005
30
0
0
VERTEX
8
0
10
86.1574912784772
20
30.2556939062624
30
0
0
VERTEX
8
0
10
86.8467512087051
20
30.5883737697252
30
0
0
VERTEX
8
0
10
87.5360111389329
20
30.9357807264368
30
0
0
VERTEX
8
0
10
88.2252710691607
20
31.2815926753185
30
0
0
VERTEX
8
0
10
88.9145309993885
20
31.6485319921898
30
0
0
VERTEX
8
0
10
89.6037909296163
20
32.0118352740944
30
0
0
VERTEX
8
0
10
90.2930508598441
20
32.3717258018789
30
0
0
VERTEX
8
0
10
90.982310790072
20
32.7544294768844
30
0
0
VERTEX
8
0
10
91.6715707202998
20
33.1403917828045
30
0
0
VERTEX
8
0
10
92.3608306505276
20
33.5462079176549
30
0
0
VERTEX
8
0
10
93.0500905807554
20
33.9590094238861
30
0
0
VERTEX
8
0
10
93.7393505109832
20
34.4059873803168
30
0
0
VERTEX
8
0
10
94.428610441211
20
34.8682539841543
30
0
0
VERTEX
8
0
10
95.1178703714389
20
35.3110323694721
30
0
0
VERTEX
8
0
10
95.8071303016667
20
35.7458107681223
30
0
0
VERTEX
8
0
10
96.4963902318945
20
36.1627870409637
30
0
0
VERTEX
8
0
10
97.1856501621223
20
36.5788903443049
30
0
0
VERTEX
8
0
10
97.8749100923501
20
36.9822748172714
30
0
0
VERTEX
8
0
10
98.564170022578
20
37.3950823495236
30
0
0
VERTEX
8
0
10
99.2534299528058
20
37.8050242223667
30
0
0
VERTEX
8
0
10
99.9426898830336
20
38.2046897462088
30
0
0
VERTEX
8
0
10
100.631949813261
20
38.6208498800066
30
0
0
VERTEX
8
0
10
101.321209743489
20
39.0442455872788
30
0
0
VERTEX
8
0
10
102.010469673717
20
39.49026836647
30
0
0
VERTEX
8
0
10
102.699729603945
20
39.9532970853342
30
0
0
VERTEX
8
0
10
103.388989534173
20
40.4341974090963
30
0
0
VERTEX
8
0
10
104.078249464401
20
40.8773489011656
30
0
0
VERTEX
8
0
10
104.767509394628
20
41.2672815445993
30
0
0
VERTEX
8
0
10
105.456769324856
20
41.6366728962732
30
0
0
VERTEX
8
0
10
106.146029255084
20
41.9820003420632
30
0
0
VERTEX
8
0
10
106.835289185312
20
42.3133385267823
30
0
0
VERTEX
8
0
10
107.52454911554
20
42.6209293426588
30
0
0
VERTEX
8
0
10
108.213809045767
20
42.9221157801839
30
0
0
VERTEX
8
0
10
108.903068975995
20
43.2116342193356
30
0
0
VERTEX
8
0
10
109.592328906223
20
43.4772568475788
30
0
0
VERTEX
8
0
10
110.281588836451
20
43.7395480423509
30
0
0
VERTEX
8
0
10
110.970848766679
20
43.9917200458468
30
0
0
VERTEX
8
0
10
111.660108696907
20
44.23847851316
30
0
0
VERTEX
8
0
10
112.349368627134
20
44.4694686751079
30
0
0
VERTEX
8
0
10
113.038628557362
20
44.6985428953192
30
0
0
VERTEX
8
0
10
113.72788848759
20
44.9220555866437
30
0
0
VERTEX
8
0
10
114.417148417818
20
45.1265513830561
30
0
0
VERTEX
8
0
10
115.106408348046
20
45.3299006031868
30
0
0
VERTEX
8
0
10
115.795668278273
20
45.5268721696813
30
0
0
VERTEX
8
0
10
116.484928208501
20
45.7203790031511
30
0
0
VERTEX
8
0
10
117.174188138729
20
45.9010836902271
30
0
0
VERTEX
8
0
10
117.863448068957
20
46.0808510484864
30
0
0
VERTEX
8
0
10
118.552707999185
20
46.2577348251544
30
0
0
VERTEX
8
0
10
119.241967929412
20
46.4181481124079
30
0
0
VERTEX
8
0
10
119.93122785964
20
46.5779022258736
30
0
0
VERTEX
8
0
10
120.620487789868
20
46.7331641704756
30
0
0
VERTEX
8
0
10
121.309747720096
20
46.885679923189
30
0
0
VERTEX
8
0
10
121.999007650324
20
47.0271849461891
30
0
0
VERTEX
8
0
10
122.688267580552
20
47.1679364825347
30
0
0
VERTEX
8
0
10
123.377527510779
20
47.307282043187
30
0
0
VERTEX
8
0
10
124.066787441007
20
47.4319944993977
30
0
0
VERTEX
8
0
10
124.756047371235
20
47.5560612457283
30
0
0
VERTEX
8
0
10
125.445307301463
20
47.6767612295654
30
0
0
VERTEX
8
0
10
126.134567231691
20
47.7950163351985
30
0
0
VERTEX
8
0
10
126.823827161919
20
47.9035787200932
30
0
0
VERTEX
8
0
10
127.513087092146
20
48.0113122862952
30
0
0
VERTEX
8
0
10
128.202347022374
20
48.1184904798
30
0
0
VERTEX
8
0
10
128.891606952602
20
48.2125663875259
30
0
0
VERTEX
8
0
10
129.58086688283
20
48.30585130479
30
0
0
VERTEX
8
0
10
130.270126813058
20
48.3964844738715
30
0
0
VERTEX
8
0
10
130.959386743285
20
48.4848024777872
30
0
0
VERTEX
8
0
10
131.648646673513
20
48.5645044980683
30
0
0
VERTEX
8
0
10
132.337906603741
20
48.6432158896898
30
0
0
VERTEX
8
0
10
133.027166533969
20
48.7218366650089
30
0
0
VERTEX
8
0
10
133.716426464197
20
48.7887244470925
30
0
0
VERTEX
8
0
10
134.405686394424
20
48.8546302120021
30
0
0
VERTEX
8
0
10
135.094946324652
20
48.9183468306859
30
0
0
VERTEX
8
0
10
135.78420625488
20
48.9798047797819
30
0
0
VERTEX
8
0
10
136.473466185108
20
49.033581926657
30
0
0
VERTEX
8
0
10
137.162726115336
20
49.0861895256018
30
0
0
VERTEX
8
0
10
137.851986045564
20
49.1389157797076
30
0
0
VERTEX
8
0
10
138.541245975791
20
49.1811792152512
30
0
0
VERTEX
8
0
10
139.230505906019
20
49.2222718628104
30
0
0
VERTEX
8
0
10
139.919765836247
20
49.2614728727795
30
0
0
VERTEX
8
0
10
140.609025766475
20
49.2984450800283
30
0
0
VERTEX
8
0
10
141.298285696703
20
49.3285801570601
30
0
0
VERTEX
8
0
10
141.98754562693
20
49.3573815144065
30
0
0
VERTEX
8
0
10
142.676805557158
20
49.3863377391872
30
0
0
VERTEX
8
0
10
143.366065487386
20
49.4060317908182
30
0
0
VERTEX
8
0
10
144.055325417614
20
49.4243914999617
30
0
0
VERTEX
8
0
10
144.744585347842
20
49.4410474624976
30
0
0
VERTEX
8
0
10
145.433845278069
20
49.4555030603965
30
0
0
VERTEX
8
0
10
146.123105208297
20
49.4639018621266
30
0
0
VERTEX
8
0
10
146.812365138525
20
49.4708340179515
30
0
0
VERTEX
8
0
10
147.501625068753
20
49.4778424771743
30
0
0
VERTEX
8
0
10
148.190884998981
20
49.4767347538074
30
0
0
VERTEX
8
0
10
148.880144929208
20
49.4741668930647
30
0
0
VERTEX
8
0
10
149.569404859436
20
49.470012915415
30
0
0
VERTEX
8
0
10
150.258664789664
20
49.4637013075671
30
0
0
VERTEX
8
0
10
150.947924719892
20
49.4520675588386
30
0
0
VERTEX
8
0
10
151.63718465012
20
49.4388755892917
30
0
0
VERTEX
8
0
10
152.326444580347
20
49.425611712061
30
0
0
VERTEX
8
0
10
153.015704510575
20
49.4053309010809
30
0
0
VERTEX
8
0
10
153.704964440803
20
49.3835103637923
30
0
0
VERTEX
8
0
10
154.394224371031
20
49.3601819105484
30
0
0
VERTEX
8
0
10
155.083484301259
20
49.3347646033109
30
0
0
SEQEND
8
0
0
POLYLINE
8
0
62
4
70
0
10
0
20
0
30
0
0
VERTEX
8
0
10
8.96037909296163
20
2.51565933175579
30
0
0
VERTEX
8
0
10
9.64963902318944
20
2.83134823077212
30
0
0
VERTEX
8
0
10
10.3388989534173
20
3.16243783497641
30
0
0
VERTEX
8
0
10
11.0281588836451
20
3.49851563642426
30
0
0
VERTEX
8
0
10
11.7174188138729
20
3.75354191655231
30
0
0
VERTEX
8
0
10
12.4066787441007
20
3.97287062093846
30
0
0
VERTEX
8
0
10
13.0959386743285
20
4.1814061093909
30
0
0
VERTEX
8
0
10
13.7851986045564
20
4.39092557668821
30
0
0
VERTEX
8
0
10
14.4744585347842
20
4.60636974170991
30
0
0
VERTEX
8
0
10
15.163718465012
20
4.82308501233391
30
0
0
VERTEX
8
0
10
15.8529783952398
20
5.0338874421034
30
0
0
VERTEX
8
0
10
16.5422383254676
20
5.24532496634965
30
0
0
VERTEX
8
0
10
17.2314982556954
20
5.45359330831907
30
0
0
VERTEX
8
0
10
17.9207581859233
20
5.64574599769631
30
0
0
VERTEX
8
0
10
18.6100181161511
20
5.83863549769424
30
0
0
VERTEX
8
0
10
19.2992780463789
20
6.03700572521594
30
0
0
VERTEX
8
0
10
19.9885379766067
20
6.22984797055973
30
0
0
VERTEX
8
0
10
20.6777979068345
20
6.41606616110809
30
0
0
VERTEX
8
0
10
21.3670578370624
20
6.60286178618281
30
0
0
VERTEX
8
0
10
22.0563177672902
20
6.80129658641917
30
0
0
VERTEX
8
0
10
22.745577697518
20
6.98039083829095
30
0
0
VERTEX
8
0
10
23.4348376277458
20
7.16069475939803
30
0
0
VERTEX
8
0
10
24.1240975579736
20
7.3468611859019
30
0
0
VERTEX
8
0
10
24.8133574882014
20
7.53334485251131
30
0
0
VERTEX
8
0
10
25.5026174184293
20
7.7341176262441
30
0
0
VERTEX
8
0
10
26.1918773486571
20
7.930653141908
30
0
0
VERTEX
8
0
10
26.8811372788849
20
8.13908413680467
30
0
0
VERTEX
8
0
10
27.5703972091127
20
8.33437390196224
30
0
0
VERTEX
8
0
10
28.2596571393405
20
8.54698013839934
30
0
0
VERTEX
8
0
10
28.9489170695683
20
8.76010031801329
30
0
0
VERTEX
8
0
10
29.6381769997962
20
8.97319198505257
30
0
0
VERTEX
8
0
10
30.327436930024
20
9.17675160798693
30
0
0
VERTEX
8
0
10
31.0166968602518
20
9.37869758397557
30
0
0
VERTEX
8
0
10
31.7059567904796
20
9.59262283693291
30
0
0
VERTEX
8
0
10
32.3952167207074
20
9.79338536870021
30
0
0
VERTEX
8
0
10
33.0844766509353
20
9.98144933613056
30
0
0
VERTEX
8
0
10
33.7737365811631
20
10.1718056382977
30
0
0
VERTEX
8
0
10
34.4629965113909
20
10.3621687107604
30
0
0
VERTEX
8
0
10
35.1522564416187
20
10.5458011179556
30
0
0
VERTEX
8
0
10
35.8415163718465
20
10.729568645979
30
0
0
VERTEX
8
0
10
36.5307763020743
20
10.9255353072342
30
0
0
VERTEX
8
0
10
37.2200362323022
20
11.1083528876372
30
0
0
VERTEX
8
0
10
37.90929616253
20
11.291307156707
30
0
0
VERTEX
8
0
10
38.5985560927578
20
11.4948599557416
30
0
0
VERTEX
8
0
10
39.2878160229856
20
11.6967737725703
30
0
0
VERTEX
8
0
10
39.9770759532134
20
11.8919389249352
30
0
0
VERTEX
8
0
10
40.6663358834413
20
12.0872050557593
30
0
0
VERTEX
8
0
10
41.3555958136691
20
12.3286069817206
30
0
0
VERTEX
8
0
10
42.0448557438969
20
12.5494271631322
30
0
0
VERTEX
8
0
10
42.7341156741247
20
12.7705347962491
30
0
0
VERTEX
8
0
10
43.4233756043525
20
12.9977675339122
30
0
0
VERTEX
8
0
10
44.1126355345803
20
13.238260660055
30
0
0
VERTEX
8
0
10
44.8018954648082
20
13.4682894953856
30
0
0
VERTEX
8
0
10
45.491155395036
20
13.698697271756
30
0
0
VERTEX
8
0
10
46.1804153252638
20
13.9443680134344
30
0
0
VERTEX
8
0
10
46.8696752554916
20
14.1791896153486
30
0
0
VERTEX
8
0
10
47.5589351857194
20
14.4144451251591
30
0
0
VERTEX
8
0
10
48.2481951159473
20
14.6559190381692
30
0
0
VERTEX
8
0
10
48.9374550461751
20
14.8876255183979
30
0
0
VERTEX
8
0
10
49.6267149764029
20
15.1105967743823
30
0
0
VERTEX
8
0
10
50.3159749066307
20
15.3338656034824
30
0
0
VERTEX
8
0
10
51.0052348368585
20
15.5693348054778
30
0
0
VERTEX
8
0
10
51.6944947670863
20
15.7630910079281
30
0
0
VERTEX
8
0
10
52.3837546973142
20
15.9562525516599
30
0
0
VERTEX
8
0
10
53.073014627542
20
16.1554766355543
30
0
0
VERTEX
8
0
10
53.7622745577698
20
16.3548626179727
30
0
0
VERTEX
8
0
10
54.4515344879976
20
16.5714312191559
30
0
0
VERTEX
8
0
10
55.1407944182254
20
16.7853710233229
30
0
0
VERTEX
8
0
10
55.8300543484533
20
17.0116165657566
30
0
0
VERTEX
8
0
10
56.5193142786811
20
17.2254196762863
30
0
0
VERTEX
8
0
10
57.2085742089089
20
17.4542059932385
30
0
0
VERTEX
8
0
10
57.8978341391367
20
17.6857685980003
30
0
0
VERTEX
8
0
10
58.5870940693645
20
17.9176375866757
30
0
0
VERTEX
8
0
10
59.2763539995923
20
18.1434014260217
30
0
0
VERTEX
8
0
10
59.9656139298202
20
18.3671779523437
30
0
0
VERTEX
8
0
10
60.654873860048
20
18.6041846592674
30
0
0
VERTEX
8
0
10
61.3441337902758
20
18.828862325023
30
0
0
VERTEX
8
0
10
62.0333937205036
20
19.0475890923292
30
0
0
VERTEX
8
0
10
62.7226536507314
20
19.2692443246446
30
0
0
VERTEX
8
0
10
63.4119135809593
20
19.4912261332867
30
0
0
VERTEX
8
0
10
64.1011735111871
20
19.7070994574886
30
0
0
VERTEX
8
0
10
64.7904334414149
20
19.9260706883609
30
0
0
VERTEX
8
0
10
65.4796933716427
20
20.1582232797355
30
0
0
VERTEX
8
0
10
66.1689533018705
20
20.3779956374928
30
0
0
VERTEX
8
0
10
66.8582132320983
20
20.5982081532858
30
0
0
VERTEX
8
0
10
67.5474731623262
20
20.8313985785641
30
0
0
VERTEX
8
0
10
68.236733092554
20
21.0650446188721
30
0
0
VERTEX
8
0
10
68.9259930227818
20
21.292613268308
30
0
0
VERTEX
8
0
10
69.6152529530096
20
21.5206627889518
30
0
0
VERTEX
8
0
10
70.3045128832374
20
21.7962436005097
30
0
0
VERTEX
8
0
10
70.9937728134652
20
22.0547137606817
30
0
0
VERTEX
8
0
10
71.6830327436931
20
22.3138546811069
30
0
0
VERTEX
8
0
10
72.3722926739209
20
22.5797179265452
30
0
0
VERTEX
8
0
10
73.0615526041487
20
22.8754586245492
30
0
0
VERTEX
8
0
10
73.7508125343765
20
23.1581965927692
30
0
0
VERTEX
8
0
10
74.4400724646043
20
23.4417808692504
30
0
0
VERTEX
8
0
10
75.1293323948321
20
23.773182300046
30
0
0
VERTEX
8
0
10
75.81859232506
20
24.1274092399322
30
0
0
VERTEX
8
0
10
76.5078522552878
20
24.4834268634776
30
0
0
VERTEX
8
0
10
77.1971121855156
20
24.8471781045156
30
0
0
VERTEX
8
0
10
77.8863721157434
20
25.2305547940068
30
0
0
VERTEX
8
0
10
78.5756320459712
20
25.6182082735039
30
0
0
VERTEX
8
0
10
79.2648919761991
20
26.007882954044
30
0
0
VERTEX
8
0
10
79.9541519064269
20
26.4115613570141
30
0
0
VERTEX
8
0
10
80.6434118366547
20
26.8170072565239
30
0
0
VERTEX
8
0
10
81.3326717668825
20
27.2268063895126
30
0
0
VERTEX
8
0
10
82.0219316971103
20
27.6444552222332
30
0
0
VERTEX
8
0
10
82.7111916273381
20
28.0639014947423
30
0
0
VERTEX
8
0
10
83.400451557566
20
28.4245540599456
30
0
0
VERTEX
8
0
10
84.0897114877938
20
28.7870456063283
30
0
0
VERTEX
8
0
10
84.7789714180216
20
29.1624332894536
30
0
0
VERTEX
8
0
10
85.4682313482494
20
29.5265086655668
30
0
0
VERTEX
8
0
10
86.1574912784772
20
29.8869681336594
30
0
0
VERTEX
8
0
10
86.8467512087051
20
30.2548854193046
30
0
0
VERTEX
8
0
10
87.5360111389329
20
30.6236350402552
30
0
0
VERTEX
8
0
10
88.2252710691607
20
30.9870467238849
30
0
0
VERTEX
8
0
10
88.9145309993885
20
31.3969253516875
30
0
0
VERTEX
8
0
10
89.6037909296163
20
31.8077601679096
30
0
0
VERTEX
8
0
10
90.2930508598441
20
32.2074868249655
30
0
0
VERTEX
8
0
10
90.982310790072
20
32.6124791169729
30
0
0
VERTEX
8
0
10
91.6715707202998
20
33.0280991131173
30
0
0
VERTEX
8
0
10
92.3608306505276
20
33.4446822030035
30
0
0
VERTEX
8
0
10
93.0500905807554
20
33.8561573918953
30
0
0
VERTEX
8
0
10
93.7393505109832
20
34.2558070981334
30
0
0
VERTEX
8
0
10
94.428610441211
20
34.6620719170257
30
0
0
VERTEX
8
0
10
95.1178703714389
20
35.0566642179465
30
0
0
VERTEX
8
0
10
95.8071303016667
20
35.4513472049868
30
0
0
VERTEX
8
0
10
96.4963902318945
20
35.8372917600252
30
0
0
VERTEX
8
0
10
97.1856501621223
20
36.2207937462792
30
0
0
VERTEX
8
0
10
97.8749100923501
20
36.5983051265353
30
0
0
VERTEX
8
0
10
98.564170022578
20
36.9757282103501
30
0
0
VERTEX
8
0
10
99.2534299528058
20
37.3683437625611
30
0
0
VERTEX
8
0
10
99.9426898830336
20
37.7493179834586
30
0
0
VERTEX
8
0
10
100.631949813261
20
38.1302059489323
30
0
0
VERTEX
8
0
10
101.321209743489
20
38.5162883841432
30
0
0
VERTEX
8
0
10
102.010469673717
20
38.9250789720759
30
0
0
VERTEX
8
0
10
102.699729603945
20
39.3242928907971
30
0
0
VERTEX
8
0
10
103.388989534173
20
39.723109079921
30
0
0
VERTEX
8
0
10
104.078249464401
20
40.1312075876642
30
0
0
VERTEX
8
0
10
104.767509394628
20
40.5362474521158
30
0
0
VERTEX
8
0
10
105.456769324856
20
40.937777119875
30
0
0
VERTEX
8
0
10
106.146029255084
20
41.3429800827823
30
0
0
VERTEX
8
0
10
106.835289185312
20
41.7221945112306
30
0
0
VERTEX
8
0
10
107.52454911554
20
42.0745635706858
30
0
0
VERTEX
8
0
10
108.213809045767
20
42.4257013163748
30
0
0
VERTEX
8
0
10
108.903068975995
20
42.7846080914537
30
0
0
VERTEX
8
0
10
109.592328906223
20
43.1157998416284
30
0
0
VERTEX
8
0
10
110.281588836451
20
43.4389577772801
30
0
0
VERTEX
8
0
10
110.970848766679
20
43.7650984701352
30
0
0
VERTEX
8
0
10
111.660108696907
20
44.0898499877618
30
0
0
VERTEX
8
0
10
112.349368627134
20
44.3954330538916
30
0
0
VERTEX
8
0
10
113.038628557362
20
44.6980608338814
30
0
0
VERTEX
8
0
10
113.72788848759
20
45.0074341857636
30
0
0
VERTEX
8
0
10
114.417148417818
20
45.3073164132375
30
0
0
VERTEX
8
0
10
115.106408348046
20
45.6037323435875
30
0
0
VERTEX
8
0
10
115.795668278273
20
45.902848625484
30
0
0
VERTEX
8
0
10
116.484928208501
20
46.2006789903536
30
0
0
VERTEX
8
0
10
117.174188138729
20
46.4934944929209
30
0
0
VERTEX
8
0
10
117.863448068957
20
46.7284027510808
30
0
0
VERTEX
8
0
10
118.552707999185
20
46.9795983864007
30
0
0
VERTEX
8
0
10
119.241967929412
20
47.2223090730423
30
0
0
VERTEX
8
0
10
119.93122785964
20
47.4638848321684
30
0
0
VERTEX
8
0
10
120.620487789868
20
47.4486195360272
30
0
0
VERTEX
8
0
10
121.309747720096
20
47.5057941348753
30
0
0
VERTEX
8
0
10
121.999007650324
20
47.5585664725851
30
0
0
VERTEX
8
0
10
122.688267580552
20
47.5979909143939
30
0
0
VERTEX
8
0
10
123.377527510779
20
47.6333196157629
30
0
0
VERTEX
8
0
10
124.066787441007
20
47.6612270865849
30
0
0
VERTEX
8
0
10
124.756047371235
20
47.6882805860183
30
0
0
VERTEX
8
0
10
125.445307301463
20
47.7238593304955
30
0
0
VERTEX
8
0
10
126.134567231691
20
47.7607336594293
30
0
0
VERTEX
8
0
10
126.823827161919
20
47.7935960475444
30
0
0
VERTEX
8
0
10
127.513087092146
20
47.8255698704179
30
0
0
VERTEX
8
0
10
128.202347022374
20
47.8623000070605
30
0
0
VERTEX
8
0
10
128.891606952602
20
47.8922479065342
30
0
0
VERTEX
8
0
10
129.58086688283
20
47.9213103650829
30
0
0
VERTEX
8
0
10
130.270126813058
20
47.9521438885547
30
0
0
VERTEX
8
0
10
130.959386743285
20
47.9681347560244
30
0
0
VERTEX
8
0
10
131.648646673513
20
47.9814894547046
30
0
0
VERTEX
8
0
10
132.337906603741
20
47.9940074429537
30
0
0
VERTEX
8
0
10
133.027166533969
20
48.0106974177063
30
0
0
VERTEX
8
0
10
133.716426464197
20
48.1168803026041
30
0
0
VERTEX
8
0
10
134.405686394424
20
48.2031301847716
30
0
0
VERTEX
8
0
10
135.094946324652
20
48.2907084411667
30
0
0
VERTEX
8
0
10
135.78420625488
20
48.377174922829
30
0
0
VERTEX
8
0
10
136.473466185108
20
48.4300870108569
30
0
0
VERTEX
8
0
10
137.162726115336
20
48.4909038380826
30
0
0
VERTEX
8
0
10
137.851986045564
20
48.5551103183502
30
0
0
VERTEX
8
0
10
138.541245975791
20
48.6063537382768
30
0
0
VERTEX
8
0
10
139.230505906019
20
48.6514154672093
30
0
0
VERTEX
8
0
10
139.919765836247
20
48.697578753207
30
0
0
VERTEX
8
0
10
140.609025766475
20
48.7427285335832
30
0
0
VERTEX
8
0
10
141.298285696703
20
48.8168505370882
30
0
0
VERTEX
8
0
10
141.98754562693
20
48.9003080620916
30
0
0
VERTEX
8
0
10
142.676805557158
20
48.9865453971959
30
0
0
VERTEX
8
0
10
143.366065487386
20
49.0679575507702
30
0
0
VERTEX
8
0
10
144.055325417614
20
49.1132168856333
30
0
0
VERTEX
8
0
10
144.744585347842
20
49.1565331918835
30
0
0
VERTEX
8
0
10
145.433845278069
20
49.1988804524065
30
0
0
VERTEX
8
0
10
146.123105208297
20
49.2385763084231
30
0
0
VERTEX
8
0
10
146.812365138525
20
49.2727935270005
30
0
0
VERTEX
8
0
10
147.501625068753
20
49.3096943552036
30
0
0
VERTEX
8
0
10
148.190884998981
20
49.3424739372329
30
0
0
VERTEX
8
0
10
148.880144929208
20
49.3744213097598
30
0
0
VERTEX
8
0
10
149.569404859436
20
49.4069692319664
30
0
0
VERTEX
8
0
10
150.258664789664
20
49.4386095530894
30
0
0
VERTEX
8
0
10
150.947924719892
20
49.4679519948173
30
0
0
VERTEX
8
0
10
151.63718465012
20
49.4964909785086
30
0
0
VERTEX
8
0
10
152.326444580347
20
49.5268008896463
30
0
0
VERTEX
8
0
10
153.015704510575
20
49.5536166181932
30
0
0
VERTEX
8
0
10
153.704964440803
20
49.5796533956367
30
0
0
VERTEX
8
0
10
154.394224371031
20
49.6060786111542
30
0
0
VERTEX
8
0
10
155.083484301259
20
49.6316591402571
30
0
0
SEQEND
8
0
0
ENDSEC
0
EOF
