0
SECTION
2
HEADER
9
$ACADVER
1
AC1009
0
ENDSEC
0
SECTION
2
ENTITIES
0
POLYLINE
8
0
62
0
70
1
10
0
20
0
30
0
0
VERTEX
8
0
10
0
20
0
30
0
0
VERTEX
8
0
10
0
20
116.187
30
0
0
VERTEX
8
0
10
179.2
20
116.187
30
0
0
VERTEX
8
0
10
179.2
20
0
30
0
0
SEQEND
8
0
0
TEXT
8
0
62
0
10
0
20
-12
30
0
40
8
1
0
50
0
0
LINE
8
0
62
0
10
14.0224029797606
20
0
30
0
11
14.0224029797606
21
3.2
31
0
0
LINE
8
0
62
0
10
14.0224029797606
20
116.187
30
0
11
14.0224029797606
21
112.987
31
0
0
LINE
8
0
62
0
10
28.0448059595213
20
0
30
0
11
28.0448059595213
21
3.2
31
0
0
LINE
8
0
62
0
10
28.0448059595213
20
116.187
30
0
11
28.0448059595213
21
112.987
31
0
0
LINE
8
0
62
0
10
42.0672089392819
20
0
30
0
11
42.0672089392819
21
3.2
31
0
0
LINE
8
0
62
0
10
42.0672089392819
20
116.187
30
0
11
42.0672089392819
21
112.987
31
0
0
LINE
8
0
62
0
10
56.0896119190425
20
0
30
0
11
56.0896119190425
21
3.2
31
0
0
LINE
8
0
62
0
10
56.0896119190425
20
116.187
30
0
11
56.0896119190425
21
112.987
31
0
0
LINE
8
0
62
0
10
70.1120148988032
20
0
30
0
11
70.1120148988032
21
6.4
31
0
0
LINE
8
0
62
0
10
70.1120148988032
20
116.187
30
0
11
70.1120148988032
21
109.787
31
0
0
TEXT
8
0
62
0
10
70.1120148988032
20
-12
30
0
40
8
1
5
50
0
0
LINE
8
0
62
0
10
84.1344178785638
20
0
30
0
11
84.1344178785638
21
3.2
31
0
0
LINE
8
0
62
0
10
84.1344178785638
20
116.187
30
0
11
84.1344178785638
21
112.987
31
0
0
LINE
8
0
62
0
10
98.1568208583244
20
0
30
0
11
98.1568208583244
21
3.2
31
0
0
LINE
8
0
62
0
10
98.1568208583244
20
116.187
30
0
11
98.1568208583244
21
112.987
31
0
0
LINE
8
0
62
0
10
112.179223838085
20
0
30
0
11
112.179223838085
21
3.2
31
0
0
LINE
8
0
62
0
10
112.179223838085
20
116.187
30
0
11
112.179223838085
21
112.987
31
0
0
LINE
8
0
62
0
10
126.201626817846
20
0
30
0
11
126.201626817846
21
3.2
31
0
0
LINE
8
0
62
0
10
126.201626817846
20
116.187
30
0
11
126.201626817846
21
112.987
31
0
0
LINE
8
0
62
0
10
140.224029797606
20
0
30
0
11
140.224029797606
21
6.4
31
0
0
LINE
8
0
62
0
10
140.224029797606
20
116.187
30
0
11
140.224029797606
21
109.787
31
0
0
TEXT
8
0
62
0
10
140.224029797606
20
-12
30
0
40
8
1
10
50
0
0
LINE
8
0
62
0
10
154.246432777367
20
0
30
0
11
154.246432777367
21
3.2
31
0
0
LINE
8
0
62
0
10
154.246432777367
20
116.187
30
0
11
154.246432777367
21
112.987
31
0
0
LINE
8
0
62
0
10
168.268835757128
20
0
30
0
11
168.268835757128
21
3.2
31
0
0
LINE
8
0
62
0
10
168.268835757128
20
116.187
30
0
11
168.268835757128
21
112.987
31
0
0
TEXT
8
0
62
0
10
-4
20
-4
30
0
40
8
1
0
50
0
0
LINE
8
0
62
0
10
0
20
5.16386666666667
30
0
11
3.2
21
5.16386666666667
31
0
0
LINE
8
0
62
0
10
179.2
20
5.16386666666667
30
0
11
176
21
5.16386666666667
31
0
0
LINE
8
0
62
0
10
0
20
10.3277333333333
30
0
11
3.2
21
10.3277333333333
31
0
0
LINE
8
0
62
0
10
179.2
20
10.3277333333333
30
0
11
176
21
10.3277333333333
31
0
0
LINE
8
0
62
0
10
0
20
15.4916
30
0
11
3.2
21
15.4916
31
0
0
LINE
8
0
62
0
10
179.2
20
15.4916
30
0
11
176
21
15.4916
31
0
0
LINE
8
0
62
0
10
0
20
20.6554666666667
30
0
11
3.2
21
20.6554666666667
31
0
0
LINE
8
0
62
0
10
179.2
20
20.6554666666667
30
0
11
176
21
20.6554666666667
31
0
0
LINE
8
0
62
0
10
0
20
25.8193333333333
30
0
11
6.4
21
25.8193333333333
31
0
0
LINE
8
0
62
0
10
179.2
20
25.8193333333333
30
0
11
172.8
21
25.8193333333333
31
0
0
TEXT
8
0
62
0
10
-4
20
21.8193333333333
30
0
40
8
1
20
50
0
0
LINE
8
0
62
0
10
0
20
30.9832
30
0
11
3.2
21
30.9832
31
0
0
LINE
8
0
62
0
10
179.2
20
30.9832
30
0
11
176
21
30.9832
31
0
0
LINE
8
0
62
0
10
0
20
36.1470666666667
30
0
11
3.2
21
36.1470666666667
31
0
0
LINE
8
0
62
0
10
179.2
20
36.1470666666667
30
0
11
176
21
36.1470666666667
31
0
0
LINE
8
0
62
0
10
0
20
41.3109333333333
30
0
11
3.2
21
41.3109333333333
31
0
0
LINE
8
0
62
0
10
179.2
20
41.3109333333333
30
0
11
176
21
41.3109333333333
31
0
0
LINE
8
0
62
0
10
0
20
46.4748
30
0
11
3.2
21
46.4748
31
0
0
LINE
8
0
62
0
10
179.2
20
46.4748
30
0
11
176
21
46.4748
31
0
0
LINE
8
0
62
0
10
0
20
51.6386666666667
30
0
11
6.4
21
51.6386666666667
31
0
0
LINE
8
0
62
0
10
179.2
20
51.6386666666667
30
0
11
172.8
21
51.6386666666667
31
0
0
TEXT
8
0
62
0
10
-4
20
47.6386666666667
30
0
40
8
1
40
50
0
0
LINE
8
0
62
0
10
0
20
56.8025333333333
30
0
11
3.2
21
56.8025333333333
31
0
0
LINE
8
0
62
0
10
179.2
20
56.8025333333333
30
0
11
176
21
56.8025333333333
31
0
0
LINE
8
0
62
0
10
0
20
61.9664
30
0
11
3.2
21
61.9664
31
0
0
LINE
8
0
62
0
10
179.2
20
61.9664
30
0
11
176
21
61.9664
31
0
0
LINE
8
0
62
0
10
0
20
67.1302666666667
30
0
11
3.2
21
67.1302666666667
31
0
0
LINE
8
0
62
0
10
179.2
20
67.1302666666667
30
0
11
176
21
67.1302666666667
31
0
0
LINE
8
0
62
0
10
0
20
72.2941333333333
30
0
11
3.2
21
72.2941333333333
31
0
0
LINE
8
0
62
0
10
179.2
20
72.2941333333333
30
0
11
176
21
72.2941333333333
31
0
0
LINE
8
0
62
0
10
0
20
77.458
30
0
11
6.4
21
77.458
31
0
0
LINE
8
0
62
0
10
179.2
20
77.458
30
0
11
172.8
21
77.458
31
0
0
TEXT
8
0
62
0
10
-4
20
73.458
30
0
40
8
1
60
50
0
0
LINE
8
0
62
0
10
0
20
82.6218666666666
30
0
11
3.2
21
82.6218666666666
31
0
0
LINE
8
0
62
0
10
179.2
20
82.6218666666666
30
0
11
176
21
82.6218666666666
31
0
0
LINE
8
0
62
0
10
0
20
87.7857333333333
30
0
11
3.2
21
87.7857333333333
31
0
0
LINE
8
0
62
0
10
179.2
20
87.7857333333333
30
0
11
176
21
87.7857333333333
31
0
0
LINE
8
0
62
0
10
0
20
92.9496
30
0
11
3.2
21
92.9496
31
0
0
LINE
8
0
62
0
10
179.2
20
92.9496
30
0
11
176
21
92.9496
31
0
0
LINE
8
0
62
0
10
0
20
98.1134666666666
30
0
11
3.2
21
98.1134666666666
31
0
0
LINE
8
0
62
0
10
179.2
20
98.1134666666666
30
0
11
176
21
98.1134666666666
31
0
0
LINE
8
0
62
0
10
0
20
103.277333333333
30
0
11
6.4
21
103.277333333333
31
0
0
LINE
8
0
62
0
10
179.2
20
103.277333333333
30
0
11
172.8
21
103.277333333333
31
0
0
TEXT
8
0
62
0
10
-4
20
99.2773333333333
30
0
40
8
1
80
50
0
0
LINE
8
0
62
0
10
0
20
108.4412
30
0
11
3.2
21
108.4412
31
0
0
LINE
8
0
62
0
10
179.2
20
108.4412
30
0
11
176
21
108.4412
31
0
0
LINE
8
0
62
0
10
0
20
113.605066666667
30
0
11
3.2
21
113.605066666667
31
0
0
LINE
8
0
62
0
10
179.2
20
113.605066666667
30
0
11
176
21
113.605066666667
31
0
0
TEXT
8
0
62
0
10
89.6
20
-32
30
0
40
10
1
R (kpc)
50
0
0
TEXT
8
0
62
0
10
-24
20
58.0935
30
0
40
10
1
V (km/s)
50
90
0
TEXT
8
0
62
0
10
72.6
20
131.187
30
0
40
11
1
V vs. R
50
0
0
POLYLINE
8
0
62
5
70
0
10
0
20
0
30
0
0
VERTEX
8
0
10
5.60896119190425
20
34.5287850093363
30
0
0
VERTEX
8
0
10
6.31008134089228
20
36.2497085153947
30
0
0
VERTEX
8
0
10
7.01120148988032
20
37.970632021453
30
0
0
VERTEX
8
0
10
7.71232163886835
20
39.9168003340541
30
0
0
VERTEX
8
0
10
8.41344178785638
20
41.8979143415849
30
0
0
VERTEX
8
0
10
9.11456193684441
20
43.7566406913211
30
0
0
VERTEX
8
0
10
9.81568208583244
20
46.1227898888528
30
0
0
VERTEX
8
0
10
10.5168022348205
20
47.4177571710886
30
0
0
VERTEX
8
0
10
11.2179223838085
20
48.7199048642176
30
0
0
VERTEX
8
0
10
11.9190425327965
20
49.6372454678235
30
0
0
VERTEX
8
0
10
12.6201626817846
20
50.4813206238387
30
0
0
VERTEX
8
0
10
13.3212828307726
20
51.3253957798539
30
0
0
VERTEX
8
0
10
14.0224029797606
20
52.0581023488175
30
0
0
VERTEX
8
0
10
14.7235231287487
20
52.7826557954879
30
0
0
VERTEX
8
0
10
15.4246432777367
20
53.5072092421582
30
0
0
VERTEX
8
0
10
16.1257634267247
20
54.0411083738257
30
0
0
VERTEX
8
0
10
16.8268835757128
20
54.392041794669
30
0
0
VERTEX
8
0
10
17.5280037247008
20
54.7429752155123
30
0
0
VERTEX
8
0
10
18.2291238736888
20
55.0939086363556
30
0
0
VERTEX
8
0
10
18.9302440226769
20
55.3495612552826
30
0
0
VERTEX
8
0
10
19.6313641716649
20
55.572882523092
30
0
0
VERTEX
8
0
10
20.3324843206529
20
55.7962037909013
30
0
0
VERTEX
8
0
10
21.033604469641
20
56.0195250587107
30
0
0
VERTEX
8
0
10
21.734724618629
20
55.9862594295591
30
0
0
VERTEX
8
0
10
22.435844767617
20
55.94855583889
30
0
0
VERTEX
8
0
10
23.1369649166051
20
55.9108522482209
30
0
0
VERTEX
8
0
10
23.8380850655931
20
55.8731486575518
30
0
0
VERTEX
8
0
10
24.5392052145811
20
55.7788617345186
30
0
0
VERTEX
8
0
10
25.2403253635692
20
55.6947537245644
30
0
0
VERTEX
8
0
10
25.9414455125572
20
55.6106457146103
30
0
0
VERTEX
8
0
10
26.6425656615452
20
55.5265377046561
30
0
0
VERTEX
8
0
10
27.3436858105332
20
55.3833223803699
30
0
0
VERTEX
8
0
10
28.0448059595213
20
55.2586105035413
30
0
0
VERTEX
8
0
10
28.7459261085093
20
55.1338986267127
30
0
0
VERTEX
8
0
10
29.4470462574973
20
54.9830935714823
30
0
0
VERTEX
8
0
10
30.1481664064854
20
54.8206781039846
30
0
0
VERTEX
8
0
10
30.8492865554734
20
54.6582626364869
30
0
0
VERTEX
8
0
10
31.5504067044614
20
54.4958471689892
30
0
0
VERTEX
8
0
10
32.2515268534495
20
54.198798685475
30
0
0
VERTEX
8
0
10
32.9526470024375
20
53.8913694077115
30
0
0
VERTEX
8
0
10
33.6537671514255
20
53.583940129948
30
0
0
VERTEX
8
0
10
34.3548873004135
20
53.2765108521845
30
0
0
VERTEX
8
0
10
35.0560074494016
20
52.9555689621358
30
0
0
VERTEX
8
0
10
35.7571275983896
20
52.636538579551
30
0
0
VERTEX
8
0
10
36.4582477473776
20
52.3175081969662
30
0
0
VERTEX
8
0
10
37.1593678963657
20
51.9984778143814
30
0
0
VERTEX
8
0
10
37.8604880453537
20
51.6794474317966
30
0
0
VERTEX
8
0
10
38.5616081943417
20
51.3604170492118
30
0
0
VERTEX
8
0
10
39.2627283433297
20
51.041386666627
30
0
0
VERTEX
8
0
10
39.9638484923178
20
50.7334494582496
30
0
0
VERTEX
8
0
10
40.6649686413058
20
50.4318207328967
30
0
0
VERTEX
8
0
10
41.3660887902938
20
50.1301920075438
30
0
0
VERTEX
8
0
10
42.0672089392819
20
49.8285632821909
30
0
0
VERTEX
8
0
10
42.7683290882699
20
49.5674842387399
30
0
0
VERTEX
8
0
10
43.4694492372579
20
49.3122599326721
30
0
0
VERTEX
8
0
10
44.170569386246
20
49.0570356266042
30
0
0
VERTEX
8
0
10
44.871689535234
20
48.8018113205364
30
0
0
VERTEX
8
0
10
45.572809684222
20
48.5562465580781
30
0
0
VERTEX
8
0
10
46.27392983321
20
48.3097230806262
30
0
0
VERTEX
8
0
10
46.9750499821981
20
48.0631996031743
30
0
0
VERTEX
8
0
10
47.6761701311861
20
47.8166761257224
30
0
0
VERTEX
8
0
10
48.3772902801741
20
47.5740579888913
30
0
0
VERTEX
8
0
10
49.0784104291622
20
47.3304347876447
30
0
0
VERTEX
8
0
10
49.7795305781502
20
47.0868115863982
30
0
0
VERTEX
8
0
10
50.4806507271382
20
46.8516411709838
30
0
0
VERTEX
8
0
10
51.1817708761262
20
46.6225193507638
30
0
0
VERTEX
8
0
10
51.8828910251143
20
46.3933975305438
30
0
0
VERTEX
8
0
10
52.5840111741023
20
46.1642757103238
30
0
0
VERTEX
8
0
10
53.2851313230903
20
45.9565383393605
30
0
0
VERTEX
8
0
10
53.9862514720784
20
45.7535190049884
30
0
0
VERTEX
8
0
10
54.6873716210664
20
45.5504996706162
30
0
0
VERTEX
8
0
10
55.3884917700544
20
45.3474803362441
30
0
0
VERTEX
8
0
10
56.0896119190424
20
45.1383379165352
30
0
0
VERTEX
8
0
10
56.7907320680305
20
44.9295180297524
30
0
0
VERTEX
8
0
10
57.4918522170185
20
44.7206981429697
30
0
0
VERTEX
8
0
10
58.1929723660065
20
44.5118782561869
30
0
0
VERTEX
8
0
10
58.8940925149946
20
44.3142994756621
30
0
0
VERTEX
8
0
10
59.5952126639826
20
44.1141804174953
30
0
0
VERTEX
8
0
10
60.2963328129706
20
43.9140613593285
30
0
0
VERTEX
8
0
10
60.9974529619587
20
43.7016842854417
30
0
0
VERTEX
8
0
10
61.6985731109467
20
43.4783630176324
30
0
0
VERTEX
8
0
10
62.3996932599347
20
43.255041749823
30
0
0
VERTEX
8
0
10
63.1008134089227
20
43.0317204820137
30
0
0
VERTEX
8
0
10
63.8019335579108
20
42.7884395117608
30
0
0
VERTEX
8
0
10
64.5030537068988
20
42.5390157581036
30
0
0
VERTEX
8
0
10
65.2041738558868
20
42.2895920044464
30
0
0
VERTEX
8
0
10
65.9052940048749
20
42.0401682507892
30
0
0
VERTEX
8
0
10
66.6064141538629
20
41.7762283097974
30
0
0
VERTEX
8
0
10
67.3075343028509
20
41.5123031751136
30
0
0
VERTEX
8
0
10
68.008654451839
20
41.2483780404298
30
0
0
VERTEX
8
0
10
68.709774600827
20
40.984452905746
30
0
0
VERTEX
8
0
10
69.410894749815
20
40.7025841199729
30
0
0
VERTEX
8
0
10
70.112014898803
20
40.4241576042625
30
0
0
VERTEX
8
0
10
70.8131350477911
20
40.1457310885521
30
0
0
VERTEX
8
0
10
71.5142551967791
20
39.8673045728418
30
0
0
VERTEX
8
0
10
72.2153753457671
20
39.6102491719756
30
0
0
VERTEX
8
0
10
72.9164954947552
20
39.3463240372918
30
0
0
VERTEX
8
0
10
73.6176156437432
20
39.082398902608
30
0
0
VERTEX
8
0
10
74.3187357927312
20
38.8473059211271
30
0
0
VERTEX
8
0
10
75.0198559417192
20
38.6239846533177
30
0
0
VERTEX
8
0
10
75.7209760907073
20
38.4006633855084
30
0
0
VERTEX
8
0
10
76.4220962396953
20
38.177342117699
30
0
0
VERTEX
8
0
10
77.1232163886833
20
37.9650005789515
30
0
0
VERTEX
8
0
10
77.8243365376714
20
37.7532804159634
30
0
0
VERTEX
8
0
10
78.5254566866594
20
37.5415602529753
30
0
0
VERTEX
8
0
10
79.2265768356474
20
37.3298400899872
30
0
0
VERTEX
8
0
10
79.9276969846354
20
37.1318416270648
30
0
0
VERTEX
8
0
10
80.6288171336235
20
36.9317225688979
30
0
0
VERTEX
8
0
10
81.3299372826115
20
36.7316035107311
30
0
0
VERTEX
8
0
10
82.0310574315995
20
36.5314844525643
30
0
0
VERTEX
8
0
10
82.7321775805876
20
36.3437131476996
30
0
0
VERTEX
8
0
10
83.4332977295756
20
36.1522949181487
30
0
0
VERTEX
8
0
10
84.1344178785636
20
35.9608766885979
30
0
0
VERTEX
8
0
10
84.8355380275517
20
35.7808652649251
30
0
0
VERTEX
8
0
10
85.5366581765397
20
35.6068486926062
30
0
0
VERTEX
8
0
10
86.2377783255277
20
35.4328321202872
30
0
0
VERTEX
8
0
10
86.9388984745157
20
35.2588155479682
30
0
0
VERTEX
8
0
10
87.6400186235038
20
35.0951454839052
30
0
0
VERTEX
8
0
10
88.3411387724918
20
34.9327300164075
30
0
0
VERTEX
8
0
10
89.0422589214798
20
34.7703145489098
30
0
0
VERTEX
8
0
10
89.7433790704679
20
34.6078990814121
30
0
0
VERTEX
8
0
10
90.4444992194559
20
34.4520278535443
30
0
0
VERTEX
8
0
10
91.1456193684439
20
34.2954129384572
30
0
0
VERTEX
8
0
10
91.8467395174319
20
34.1387980233701
30
0
0
VERTEX
8
0
10
92.54785966642
20
33.982183108283
30
0
0
VERTEX
8
0
10
93.248979815408
20
33.8334834183278
30
0
0
VERTEX
8
0
10
93.950099964396
20
33.6826690556513
30
0
0
VERTEX
8
0
10
94.6512201133841
20
33.5318546929749
30
0
0
VERTEX
8
0
10
95.3523402623721
20
33.3862688176331
30
0
0
VERTEX
8
0
10
96.0534604113601
20
33.2441552835726
30
0
0
VERTEX
8
0
10
96.7545805603481
20
33.1020417495121
30
0
0
VERTEX
8
0
10
97.4557007093362
20
32.9599282154516
30
0
0
VERTEX
8
0
10
98.1568208583242
20
32.8250996469787
30
0
0
VERTEX
8
0
10
98.8579410073122
20
32.6916869415342
30
0
0
VERTEX
8
0
10
99.5590611563003
20
32.5582742360896
30
0
0
VERTEX
8
0
10
100.260181305288
20
32.4248615306451
30
0
0
VERTEX
8
0
10
100.961301454276
20
32.2976764544275
30
0
0
VERTEX
8
0
10
101.662421603264
20
32.1700643013936
30
0
0
VERTEX
8
0
10
102.363541752252
20
32.0424521483597
30
0
0
VERTEX
8
0
10
103.06466190124
20
31.9148399953258
30
0
0
VERTEX
8
0
10
103.765782050228
20
31.8100236864786
30
0
0
VERTEX
8
0
10
104.466902199216
20
31.6998131906766
30
0
0
VERTEX
8
0
10
105.168022348204
20
31.5896026948746
30
0
0
VERTEX
8
0
10
105.869142497193
20
31.4762231512523
30
0
0
VERTEX
8
0
10
106.570262646181
20
31.3602121030397
30
0
0
VERTEX
8
0
10
107.271382795169
20
31.244201054827
30
0
0
VERTEX
8
0
10
107.972502944157
20
31.1281900066144
30
0
0
VERTEX
8
0
10
108.673623093145
20
31.0030988917574
30
0
0
VERTEX
8
0
10
109.374743242133
20
30.8754867387235
30
0
0
VERTEX
8
0
10
110.075863391121
20
30.7478745856896
30
0
0
VERTEX
8
0
10
110.776983540109
20
30.6202624326557
30
0
0
VERTEX
8
0
10
111.478103689097
20
30.5162943549181
30
0
0
VERTEX
8
0
10
112.179223838085
20
30.4118844115267
30
0
0
VERTEX
8
0
10
112.880343987073
20
30.3074744681353
30
0
0
VERTEX
8
0
10
113.581464136061
20
30.2030645247439
30
0
0
VERTEX
8
0
10
114.282584285049
20
30.1059365856785
30
0
0
VERTEX
8
0
10
114.983704434037
20
30.0073271946977
30
0
0
VERTEX
8
0
10
115.684824583025
20
29.908717803717
30
0
0
VERTEX
8
0
10
116.385944732013
20
29.8101084127362
30
0
0
VERTEX
8
0
10
117.087064881001
20
29.7071725268415
30
0
0
VERTEX
8
0
10
117.788185029989
20
29.6056628596554
30
0
0
VERTEX
8
0
10
118.489305178977
20
29.5041531924693
30
0
0
VERTEX
8
0
10
119.190425327965
20
29.4089786596621
30
0
0
VERTEX
8
0
10
119.891545476953
20
29.316169821092
30
0
0
VERTEX
8
0
10
120.592665625941
20
29.2233609825219
30
0
0
VERTEX
8
0
10
121.293785774929
20
29.1305521439518
30
0
0
VERTEX
8
0
10
121.994905923917
20
29.0377433053816
30
0
0
VERTEX
8
0
10
122.696026072905
20
28.9449344668115
30
0
0
VERTEX
8
0
10
123.397146221893
20
28.8521256282414
30
0
0
VERTEX
8
0
10
124.098266370881
20
28.7593167896713
30
0
0
VERTEX
8
0
10
124.79938651987
20
28.6804387389473
30
0
0
VERTEX
8
0
10
125.500506668858
20
28.5992310051984
30
0
0
VERTEX
8
0
10
126.201626817846
20
28.5180232714496
30
0
0
VERTEX
8
0
10
126.902746966834
20
28.4368155377007
30
0
0
VERTEX
8
0
10
127.603867115822
20
28.3472714245268
30
0
0
VERTEX
8
0
10
128.30498726481
20
28.2602631383674
30
0
0
VERTEX
8
0
10
129.006107413798
20
28.1732548522079
30
0
0
VERTEX
8
0
10
129.707227562786
20
28.0881999723065
30
0
0
VERTEX
8
0
10
130.408347711774
20
28.0040919623524
30
0
0
VERTEX
8
0
10
131.109467860762
20
27.9199839523982
30
0
0
VERTEX
8
0
10
131.81058800975
20
27.835875942444
30
0
0
VERTEX
8
0
10
132.511708158738
20
27.7570457305081
30
0
0
VERTEX
8
0
10
133.212828307726
20
27.6787382729645
30
0
0
VERTEX
8
0
10
133.913948456714
20
27.600430815421
30
0
0
VERTEX
8
0
10
134.615068605702
20
27.5221233578774
30
0
0
VERTEX
8
0
10
135.31618875469
20
27.447140292094
30
0
0
VERTEX
8
0
10
136.017308903678
20
27.3717331107558
30
0
0
VERTEX
8
0
10
136.718429052666
20
27.2963259294175
30
0
0
VERTEX
8
0
10
137.419549201654
20
27.2209187480793
30
0
0
VERTEX
8
0
10
138.120669350642
20
27.1495214512521
30
0
0
VERTEX
8
0
10
138.82178949963
20
27.0770145461192
30
0
0
VERTEX
8
0
10
139.522909648618
20
27.0045076409863
30
0
0
VERTEX
8
0
10
140.224029797606
20
26.9320007358534
30
0
0
VERTEX
8
0
10
140.925149946594
20
26.8594938307205
30
0
0
VERTEX
8
0
10
141.626270095583
20
26.7869869255876
30
0
0
VERTEX
8
0
10
142.327390244571
20
26.7144800204547
30
0
0
VERTEX
8
0
10
143.028510393559
20
26.6444537091294
30
0
0
VERTEX
8
0
10
143.729630542547
20
26.5748470802018
30
0
0
VERTEX
8
0
10
144.430750691535
20
26.5052404512742
30
0
0
VERTEX
8
0
10
145.131870840523
20
26.4356338223466
30
0
0
VERTEX
8
0
10
145.832990989511
20
26.3660271934191
30
0
0
VERTEX
8
0
10
146.534111138499
20
26.2964205644915
30
0
0
VERTEX
8
0
10
147.235231287487
20
26.2268139355639
30
0
0
VERTEX
8
0
10
147.936351436475
20
26.1572073066363
30
0
0
VERTEX
8
0
10
148.637471585463
20
26.0953038363279
30
0
0
VERTEX
8
0
10
149.338591734451
20
26.0314977598109
30
0
0
VERTEX
8
0
10
150.039711883439
20
25.9676916832939
30
0
0
VERTEX
8
0
10
150.740832032427
20
25.903885606777
30
0
0
VERTEX
8
0
10
151.441952181415
20
25.84007953026
30
0
0
VERTEX
8
0
10
152.143072330403
20
25.776273453743
30
0
0
VERTEX
8
0
10
152.844192479391
20
25.7124673772261
30
0
0
VERTEX
8
0
10
153.545312628379
20
25.65149965345
30
0
0
VERTEX
8
0
10
154.246432777367
20
25.5912383589618
30
0
0
SEQEND
8
0
0
POLYLINE
8
0
62
6
70
0
10
0
20
0
30
0
0
VERTEX
8
0
10
5.60896119190425
20
1.8838116616668
30
0
0
VERTEX
8
0
10
6.31008134089228
20
2.95958970770423
30
0
0
VERTEX
8
0
10
7.01120148988032
20
4.03536775374167
30
0
0
VERTEX
8
0
10
7.71232163886835
20
5.11114579977911
30
0
0
VERTEX
8
0
10
8.41344178785638
20
6.21441990915355
30
0
0
VERTEX
8
0
10
9.11456193684441
20
7.32451542406596
30
0
0
VERTEX
8
0
10
9.81568208583244
20
8.43461093897837
30
0
0
VERTEX
8
0
10
10.5168022348205
20
9.12518635406509
30
0
0
VERTEX
8
0
10
11.2179223838085
20
9.93694143864196
30
0
0
VERTEX
8
0
10
11.9190425327965
20
10.7486965232188
30
0
0
VERTEX
8
0
10
12.6201626817846
20
11.2453283182269
30
0
0
VERTEX
8
0
10
13.3212828307726
20
11.8195830068796
30
0
0
VERTEX
8
0
10
14.0224029797606
20
12.3938376955322
30
0
0
VERTEX
8
0
10
14.7235231287487
20
12.9076566644973
30
0
0
VERTEX
8
0
10
15.4246432777367
20
13.3746011335533
30
0
0
VERTEX
8
0
10
16.1257634267247
20
13.8415456026092
30
0
0
VERTEX
8
0
10
16.8268835757128
20
14.3084900716651
30
0
0
VERTEX
8
0
10
17.5280037247008
20
14.6826789175069
30
0
0
VERTEX
8
0
10
18.2291238736888
20
15.0336123383501
30
0
0
VERTEX
8
0
10
18.9302440226769
20
15.3845457591934
30
0
0
VERTEX
8
0
10
19.6313641716649
20
15.7354791800367
30
0
0
VERTEX
8
0
10
20.3324843206529
20
16.1284739675184
30
0
0
VERTEX
8
0
10
21.033604469641
20
16.5200112552361
30
0
0
VERTEX
8
0
10
21.734724618629
20
16.9115485429539
30
0
0
VERTEX
8
0
10
22.435844767617
20
17.3030858306716
30
0
0
VERTEX
8
0
10
23.1369649166051
20
17.7204522509653
30
0
0
VERTEX
8
0
10
23.8380850655931
20
18.1322914721202
30
0
0
VERTEX
8
0
10
24.5392052145811
20
18.5441306932751
30
0
0
VERTEX
8
0
10
25.2403253635692
20
18.8822152830334
30
0
0
VERTEX
8
0
10
25.9414455125572
20
19.1490406939225
30
0
0
VERTEX
8
0
10
26.6425656615452
20
19.4158661048116
30
0
0
VERTEX
8
0
10
27.3436858105332
20
19.6826915157007
30
0
0
VERTEX
8
0
10
28.0448059595213
20
19.8695752675707
30
0
0
VERTEX
8
0
10
28.7459261085093
20
20.0290904588631
30
0
0
VERTEX
8
0
10
29.4470462574973
20
20.1886056501555
30
0
0
VERTEX
8
0
10
30.1481664064854
20
20.3481208414479
30
0
0
VERTEX
8
0
10
30.8492865554734
20
20.7495526737784
30
0
0
VERTEX
8
0
10
31.5504067044614
20
21.1555913425227
30
0
0
VERTEX
8
0
10
32.2515268534495
20
21.561630011267
30
0
0
VERTEX
8
0
10
32.9526470024375
20
21.9676686800113
30
0
0
VERTEX
8
0
10
33.6537671514255
20
22.5714753180817
30
0
0
VERTEX
8
0
10
34.3548873004135
20
23.1399294543237
30
0
0
VERTEX
8
0
10
35.0560074494016
20
23.7083835905657
30
0
0
VERTEX
8
0
10
35.7571275983896
20
24.2768377268077
30
0
0
VERTEX
8
0
10
36.4582477473776
20
24.7103458268325
30
0
0
VERTEX
8
0
10
37.1593678963657
20
25.1859911245044
30
0
0
VERTEX
8
0
10
37.8604880453537
20
25.6616364221762
30
0
0
VERTEX
8
0
10
38.5616081943417
20
26.0912292757671
30
0
0
VERTEX
8
0
10
39.2627283433297
20
26.5001682207167
30
0
0
VERTEX
8
0
10
39.9638484923178
20
26.9091071656663
30
0
0
VERTEX
8
0
10
40.6649686413058
20
27.3180461106159
30
0
0
VERTEX
8
0
10
41.3660887902938
20
27.5307776317923
30
0
0
VERTEX
8
0
10
42.0672089392819
20
27.7279964137538
30
0
0
VERTEX
8
0
10
42.7683290882699
20
27.9252151957153
30
0
0
VERTEX
8
0
10
43.4694492372579
20
28.1224339776768
30
0
0
VERTEX
8
0
10
44.170569386246
20
28.215081523578
30
0
0
VERTEX
8
0
10
44.871689535234
20
28.3223917431747
30
0
0
VERTEX
8
0
10
45.572809684222
20
28.4297019627714
30
0
0
VERTEX
8
0
10
46.27392983321
20
28.5370121823681
30
0
0
VERTEX
8
0
10
46.9750499821981
20
28.7011450199894
30
0
0
VERTEX
8
0
10
47.6761701311861
20
28.8490591064606
30
0
0
VERTEX
8
0
10
48.3772902801741
20
28.9969731929317
30
0
0
VERTEX
8
0
10
49.0784104291622
20
29.1541071542827
30
0
0
VERTEX
8
0
10
49.7795305781502
20
29.3165226217804
30
0
0
VERTEX
8
0
10
50.4806507271382
20
29.4789380892781
30
0
0
VERTEX
8
0
10
51.1817708761262
20
29.6413535567759
30
0
0
VERTEX
8
0
10
51.8828910251143
20
29.8923003947165
30
0
0
VERTEX
8
0
10
52.5840111741023
20
30.1562255294003
30
0
0
VERTEX
8
0
10
53.2851313230903
20
30.4201506640841
30
0
0
VERTEX
8
0
10
53.9862514720784
20
30.6840757987679
30
0
0
VERTEX
8
0
10
54.6873716210664
20
30.9865804591865
30
0
0
VERTEX
8
0
10
55.3884917700544
20
31.2853089083341
30
0
0
VERTEX
8
0
10
56.0896119190424
20
31.5840373574817
30
0
0
VERTEX
8
0
10
56.7907320680305
20
31.8827658066292
30
0
0
VERTEX
8
0
10
57.4918522170185
20
32.1151865508861
30
0
0
VERTEX
8
0
10
58.1929723660065
20
32.3646103045433
30
0
0
VERTEX
8
0
10
58.8940925149946
20
32.6140340582005
30
0
0
VERTEX
8
0
10
59.5952126639826
20
32.8432297745635
30
0
0
VERTEX
8
0
10
60.2963328129706
20
33.0578502137569
30
0
0
VERTEX
8
0
10
60.9974529619587
20
33.2724706529503
30
0
0
VERTEX
8
0
10
61.6985731109467
20
33.4870910921437
30
0
0
VERTEX
8
0
10
62.3996932599347
20
33.5381013170789
30
0
0
VERTEX
8
0
10
63.1008134089227
20
33.5526026981055
30
0
0
VERTEX
8
0
10
63.8019335579108
20
33.5671040791321
30
0
0
VERTEX
8
0
10
64.5030537068988
20
33.5816054601587
30
0
0
VERTEX
8
0
10
65.2041738558868
20
33.5410870462093
30
0
0
VERTEX
8
0
10
65.9052940048749
20
33.5033834555401
30
0
0
VERTEX
8
0
10
66.6064141538629
20
33.465679864871
30
0
0
VERTEX
8
0
10
67.3075343028509
20
33.4279762742019
30
0
0
VERTEX
8
0
10
68.008654451839
20
33.4389206078891
30
0
0
VERTEX
8
0
10
68.709774600827
20
33.4389206078891
30
0
0
VERTEX
8
0
10
69.410894749815
20
33.4389206078891
30
0
0
VERTEX
8
0
10
70.112014898803
20
33.4282290558777
30
0
0
VERTEX
8
0
10
70.8131350477911
20
33.4079271224405
30
0
0
VERTEX
8
0
10
71.5142551967791
20
33.3876251890033
30
0
0
VERTEX
8
0
10
72.2153753457671
20
33.3673232555661
30
0
0
VERTEX
8
0
10
72.9164954947552
20
33.256294171844
30
0
0
VERTEX
8
0
10
73.6176156437432
20
33.1170809139888
30
0
0
VERTEX
8
0
10
74.3187357927312
20
32.9778676561337
30
0
0
VERTEX
8
0
10
75.0198559417192
20
32.8386543982785
30
0
0
VERTEX
8
0
10
75.7209760907073
20
32.6733559897484
30
0
0
VERTEX
8
0
10
76.4220962396953
20
32.5080402460454
30
0
0
VERTEX
8
0
10
77.1232163886833
20
32.3427245023424
30
0
0
VERTEX
8
0
10
77.8243365376714
20
32.1774087586393
30
0
0
VERTEX
8
0
10
78.5254566866594
20
31.8830746732021
30
0
0
VERTEX
8
0
10
79.2265768356474
20
31.6133489861077
30
0
0
VERTEX
8
0
10
79.9276969846354
20
31.3436232990133
30
0
0
VERTEX
8
0
10
80.6288171336235
20
31.0738976119189
30
0
0
VERTEX
8
0
10
81.3299372826115
20
30.8212492671321
30
0
0
VERTEX
8
0
10
82.0310574315995
20
30.563124684859
30
0
0
VERTEX
8
0
10
82.7321775805876
20
30.3050001025858
30
0
0
VERTEX
8
0
10
83.4332977295756
20
30.2358943155883
30
0
0
VERTEX
8
0
10
84.1344178785636
20
30.2445951442042
30
0
0
VERTEX
8
0
10
84.8355380275517
20
30.2532959728201
30
0
0
VERTEX
8
0
10
85.5366581765397
20
30.2619968014361
30
0
0
VERTEX
8
0
10
86.2377783255277
20
30.3117983031549
30
0
0
VERTEX
8
0
10
86.9388984745157
20
30.3640032748506
30
0
0
VERTEX
8
0
10
87.6400186235038
20
30.4162082465463
30
0
0
VERTEX
8
0
10
88.3411387724918
20
30.468413218242
30
0
0
VERTEX
8
0
10
89.0422589214798
20
30.5822778671785
30
0
0
VERTEX
8
0
10
89.7433790704679
20
30.6866878105699
30
0
0
VERTEX
8
0
10
90.4444992194559
20
30.7910977539613
30
0
0
VERTEX
8
0
10
91.1456193684439
20
30.8955076973527
30
0
0
VERTEX
8
0
10
91.8467395174319
20
30.9834735192422
30
0
0
VERTEX
8
0
10
92.54785966642
20
31.0762823578124
30
0
0
VERTEX
8
0
10
93.248979815408
20
31.1690911963825
30
0
0
VERTEX
8
0
10
93.950099964396
20
31.1765689235031
30
0
0
VERTEX
8
0
10
94.6512201133841
20
31.1388653328339
30
0
0
VERTEX
8
0
10
95.3523402623721
20
31.1011617421648
30
0
0
VERTEX
8
0
10
96.0534604113601
20
31.0634581514957
30
0
0
VERTEX
8
0
10
96.7545805603481
20
31.0541536972193
30
0
0
VERTEX
8
0
10
97.4557007093362
20
31.0483531448087
30
0
0
VERTEX
8
0
10
98.1568208583242
20
31.0425525923981
30
0
0
VERTEX
8
0
10
98.8579410073122
20
31.0367520399874
30
0
0
VERTEX
8
0
10
99.5590611563003
20
31.0374859524229
30
0
0
VERTEX
8
0
10
100.260181305288
20
31.0374859524229
30
0
0
VERTEX
8
0
10
100.961301454276
20
31.0374859524229
30
0
0
VERTEX
8
0
10
101.662421603264
20
31.0374859524229
30
0
0
VERTEX
8
0
10
102.363541752252
20
31.0058641510309
30
0
0
VERTEX
8
0
10
103.06466190124
20
30.9826619413884
30
0
0
VERTEX
8
0
10
103.765782050228
20
30.9594597317459
30
0
0
VERTEX
8
0
10
104.466902199216
20
30.8980228042712
30
0
0
VERTEX
8
0
10
105.168022348204
20
30.8110145181117
30
0
0
VERTEX
8
0
10
105.869142497193
20
30.7240062319522
30
0
0
VERTEX
8
0
10
106.570262646181
20
30.6369979457927
30
0
0
VERTEX
8
0
10
107.271382795169
20
30.6541973418693
30
0
0
VERTEX
8
0
10
107.972502944157
20
30.6919009325384
30
0
0
VERTEX
8
0
10
108.673623093145
20
30.7296045232075
30
0
0
VERTEX
8
0
10
109.374743242133
20
30.7673081138766
30
0
0
VERTEX
8
0
10
110.075863391121
20
30.997765192283
30
0
0
VERTEX
8
0
10
110.776983540109
20
31.2152859076818
30
0
0
VERTEX
8
0
10
111.478103689097
20
31.4328066230805
30
0
0
VERTEX
8
0
10
112.179223838085
20
31.6503273384792
30
0
0
VERTEX
8
0
10
112.880343987073
20
31.7881652344547
30
0
0
VERTEX
8
0
10
113.581464136061
20
31.9447801495418
30
0
0
VERTEX
8
0
10
114.282584285049
20
32.1013950646289
30
0
0
VERTEX
8
0
10
114.983704434037
20
32.1900856094342
30
0
0
VERTEX
8
0
10
115.684824583025
20
32.2219886476927
30
0
0
VERTEX
8
0
10
116.385944732013
20
32.2538916859512
30
0
0
VERTEX
8
0
10
117.087064881001
20
32.2857947242096
30
0
0
VERTEX
8
0
10
117.788185029989
20
32.2859859527001
30
0
0
VERTEX
8
0
10
118.489305178977
20
32.2772851240841
30
0
0
VERTEX
8
0
10
119.190425327965
20
32.2685842954682
30
0
0
VERTEX
8
0
10
119.891545476953
20
32.2598834668522
30
0
0
VERTEX
8
0
10
120.592665625941
20
32.0505403408688
30
0
0
VERTEX
8
0
10
121.293785774929
20
31.8446207302913
30
0
0
VERTEX
8
0
10
121.994905923917
20
31.6387011197138
30
0
0
VERTEX
8
0
10
122.696026072905
20
31.4327815091364
30
0
0
VERTEX
8
0
10
123.397146221893
20
31.2850397348961
30
0
0
VERTEX
8
0
10
124.098266370881
20
31.1255245436037
30
0
0
VERTEX
8
0
10
124.79938651987
20
30.9660093523113
30
0
0
VERTEX
8
0
10
125.500506668858
20
30.8064941610189
30
0
0
VERTEX
8
0
10
126.201626817846
20
30.9451698887472
30
0
0
VERTEX
8
0
10
126.902746966834
20
30.9857737556216
30
0
0
VERTEX
8
0
10
127.603867115822
20
31.0263776224961
30
0
0
VERTEX
8
0
10
128.30498726481
20
31.0606610171674
30
0
0
VERTEX
8
0
10
129.006107413798
20
31.0925640554259
30
0
0
VERTEX
8
0
10
129.707227562786
20
31.1244670936844
30
0
0
VERTEX
8
0
10
130.408347711774
20
31.1563701319429
30
0
0
VERTEX
8
0
10
131.109467860762
20
31.2078193879319
30
0
0
VERTEX
8
0
10
131.81058800975
20
31.2600243596276
30
0
0
VERTEX
8
0
10
132.511708158738
20
31.3122293313233
30
0
0
VERTEX
8
0
10
133.212828307726
20
31.364434303019
30
0
0
VERTEX
8
0
10
133.913948456714
20
31.3679499407401
30
0
0
VERTEX
8
0
10
134.615068605702
20
31.3795510455613
30
0
0
VERTEX
8
0
10
135.31618875469
20
31.3911521503826
30
0
0
VERTEX
8
0
10
136.017308903678
20
31.4027532552039
30
0
0
VERTEX
8
0
10
136.718429052666
20
31.2436589648814
30
0
0
VERTEX
8
0
10
137.419549201654
20
31.1363487452846
30
0
0
VERTEX
8
0
10
138.120669350642
20
31.0290385256879
30
0
0
VERTEX
8
0
10
138.82178949963
20
30.9236768249575
30
0
0
VERTEX
8
0
10
139.522909648618
20
30.8192668815661
30
0
0
VERTEX
8
0
10
140.224029797606
20
30.7148569381747
30
0
0
VERTEX
8
0
10
140.925149946594
20
30.6104469947833
30
0
0
VERTEX
8
0
10
141.626270095583
20
30.5034030397747
30
0
0
VERTEX
8
0
10
142.327390244571
20
30.396092820178
30
0
0
VERTEX
8
0
10
143.028510393559
20
30.2887826005813
30
0
0
VERTEX
8
0
10
143.729630542547
20
30.1814723809846
30
0
0
VERTEX
8
0
10
144.430750691535
20
30.0907596832287
30
0
0
VERTEX
8
0
10
145.131870840523
20
29.9979508446585
30
0
0
VERTEX
8
0
10
145.832990989511
20
29.9051420060884
30
0
0
VERTEX
8
0
10
146.534111138499
20
29.8123331675183
30
0
0
VERTEX
8
0
10
147.235231287487
20
29.8436792396409
30
0
0
VERTEX
8
0
10
147.936351436475
20
29.8407789634356
30
0
0
VERTEX
8
0
10
148.637471585463
20
29.8378786872303
30
0
0
VERTEX
8
0
10
149.338591734451
20
29.8743631116499
30
0
0
VERTEX
8
0
10
150.039711883439
20
29.9352689119615
30
0
0
VERTEX
8
0
10
150.740832032427
20
29.9961747122732
30
0
0
VERTEX
8
0
10
151.441952181415
20
30.0570805125848
30
0
0
VERTEX
8
0
10
152.143072330403
20
30.0981806615706
30
0
0
VERTEX
8
0
10
152.844192479391
20
30.1358842522397
30
0
0
VERTEX
8
0
10
153.545312628379
20
30.1735878429088
30
0
0
VERTEX
8
0
10
154.246432777367
20
30.2112914335779
30
0
0
SEQEND
8
0
0
POLYLINE
8
0
62
6
70
0
10
0
20
0
30
0
0
VERTEX
8
0
10
5.60896119190425
20
40.6811072705705
30
0
0
VERTEX
8
0
10
6.31008134089228
20
43.198567157592
30
0
0
VERTEX
8
0
10
7.01120148988032
20
46.0396324535261
30
0
0
VERTEX
8
0
10
7.71232163886835
20
49.0784833576621
30
0
0
VERTEX
8
0
10
8.41344178785638
20
52.0363305284969
30
0
0
VERTEX
8
0
10
9.11456193684441
20
54.934440456183
30
0
0
VERTEX
8
0
10
9.81568208583244
20
57.6400740618094
30
0
0
VERTEX
8
0
10
10.5168022348205
20
61.2176021826785
30
0
0
VERTEX
8
0
10
11.2179223838085
20
62.7349077103452
30
0
0
VERTEX
8
0
10
11.9190425327965
20
64.3730480517227
30
0
0
VERTEX
8
0
10
12.6201626817846
20
65.9639462262122
30
0
0
VERTEX
8
0
10
13.3212828307726
20
67.7761619832146
30
0
0
VERTEX
8
0
10
14.0224029797606
20
69.6088142920628
30
0
0
VERTEX
8
0
10
14.7235231287487
20
71.6790405149346
30
0
0
VERTEX
8
0
10
15.4246432777367
20
73.4173344412658
30
0
0
VERTEX
8
0
10
16.1257634267247
20
75.1188298150514
30
0
0
VERTEX
8
0
10
16.8268835757128
20
76.3679248279981
30
0
0
VERTEX
8
0
10
17.5280037247008
20
77.6156881021075
30
0
0
VERTEX
8
0
10
18.2291238736888
20
78.825017571983
30
0
0
VERTEX
8
0
10
18.9302440226769
20
80.0320742832351
30
0
0
VERTEX
8
0
10
19.6313641716649
20
81.2002478517499
30
0
0
VERTEX
8
0
10
20.3324843206529
20
82.3533148059492
30
0
0
VERTEX
8
0
10
21.033604469641
20
83.5063817601486
30
0
0
VERTEX
8
0
10
21.734724618629
20
84.3213792382475
30
0
0
VERTEX
8
0
10
22.435844767617
20
85.1815101716869
30
0
0
VERTEX
8
0
10
23.1369649166051
20
86.0416411051263
30
0
0
VERTEX
8
0
10
23.8380850655931
20
86.8503375410975
30
0
0
VERTEX
8
0
10
24.5392052145811
20
87.6691821897318
30
0
0
VERTEX
8
0
10
25.2403253635692
20
88.4880268383661
30
0
0
VERTEX
8
0
10
25.9414455125572
20
89.1254106923703
30
0
0
VERTEX
8
0
10
26.6425656615452
20
89.7619522652418
30
0
0
VERTEX
8
0
10
27.3436858105332
20
90.3984938381134
30
0
0
VERTEX
8
0
10
28.0448059595213
20
91.035035410985
30
0
0
VERTEX
8
0
10
28.7459261085093
20
91.5882689228042
30
0
0
VERTEX
8
0
10
29.4470462574973
20
92.1654238876622
30
0
0
VERTEX
8
0
10
30.1481664064854
20
92.7425788525201
30
0
0
VERTEX
8
0
10
30.8492865554734
20
93.2585600753036
30
0
0
VERTEX
8
0
10
31.5504067044614
20
93.7400059253861
30
0
0
VERTEX
8
0
10
32.2515268534495
20
94.2214517754686
30
0
0
VERTEX
8
0
10
32.9526470024375
20
94.7028976255511
30
0
0
VERTEX
8
0
10
33.6537671514255
20
95.1513333229933
30
0
0
VERTEX
8
0
10
34.3548873004135
20
95.5950755824067
30
0
0
VERTEX
8
0
10
35.0560074494016
20
96.03881784182
30
0
0
VERTEX
8
0
10
35.7571275983896
20
96.4825601012335
30
0
0
VERTEX
8
0
10
36.4582477473776
20
96.829560302794
30
0
0
VERTEX
8
0
10
37.1593678963657
20
97.1862942760479
30
0
0
VERTEX
8
0
10
37.8604880453537
20
97.5430282493019
30
0
0
VERTEX
8
0
10
38.5616081943417
20
97.8997622225558
30
0
0
VERTEX
8
0
10
39.2627283433297
20
98.1900223195934
30
0
0
VERTEX
8
0
10
39.9638484923178
20
98.4974515973569
30
0
0
VERTEX
8
0
10
40.6649686413058
20
98.8048808751204
30
0
0
VERTEX
8
0
10
41.3660887902938
20
99.0682285943662
30
0
0
VERTEX
8
0
10
42.0672089392819
20
99.3002506907915
30
0
0
VERTEX
8
0
10
42.7683290882699
20
99.5322727872169
30
0
0
VERTEX
8
0
10
43.4694492372579
20
99.7642948836421
30
0
0
VERTEX
8
0
10
44.170569386246
20
99.9558410458087
30
0
0
VERTEX
8
0
10
44.871689535234
20
100.138558446744
30
0
0
VERTEX
8
0
10
45.572809684222
20
100.321275847679
30
0
0
VERTEX
8
0
10
46.27392983321
20
100.503993248614
30
0
0
VERTEX
8
0
10
46.9750499821981
20
100.668312069187
30
0
0
VERTEX
8
0
10
47.6761701311861
20
100.83362781289
30
0
0
VERTEX
8
0
10
48.3772902801741
20
100.998943556593
30
0
0
VERTEX
8
0
10
49.0784104291622
20
101.164259300296
30
0
0
VERTEX
8
0
10
49.7795305781502
20
101.30331158432
30
0
0
VERTEX
8
0
10
50.4806507271382
20
101.448325394586
30
0
0
VERTEX
8
0
10
51.1817708761262
20
101.593339204852
30
0
0
VERTEX
8
0
10
51.8828910251143
20
101.747575851259
30
0
0
VERTEX
8
0
10
52.5840111741023
20
101.909991318757
30
0
0
VERTEX
8
0
10
53.2851313230903
20
102.072406786254
30
0
0
VERTEX
8
0
10
53.9862514720784
20
102.234822253752
30
0
0
VERTEX
8
0
10
54.6873716210664
20
102.395015089142
30
0
0
VERTEX
8
0
10
55.3884917700544
20
102.554530280434
30
0
0
VERTEX
8
0
10
56.0896119190424
20
102.714045471727
30
0
0
VERTEX
8
0
10
56.7907320680305
20
102.873560663019
30
0
0
VERTEX
8
0
10
57.4918522170185
20
102.989453981429
30
0
0
VERTEX
8
0
10
58.1929723660065
20
103.105465029641
30
0
0
VERTEX
8
0
10
58.8940925149946
20
103.221476077854
30
0
0
VERTEX
8
0
10
59.5952126639826
20
103.337487126067
30
0
0
VERTEX
8
0
10
60.2963328129706
20
103.431936468621
30
0
0
VERTEX
8
0
10
60.9974529619587
20
103.530545859601
30
0
0
VERTEX
8
0
10
61.6985731109467
20
103.629155250582
30
0
0
VERTEX
8
0
10
62.3996932599347
20
103.727764641563
30
0
0
VERTEX
8
0
10
63.1008134089227
20
103.646651397391
30
0
0
VERTEX
8
0
10
63.8019335579108
20
103.623449187749
30
0
0
VERTEX
8
0
10
64.5030537068988
20
103.600246978106
30
0
0
VERTEX
8
0
10
65.2041738558868
20
103.57910909537
30
0
0
VERTEX
8
0
10
65.9052940048749
20
103.558807161933
30
0
0
VERTEX
8
0
10
66.6064141538629
20
103.538505228496
30
0
0
VERTEX
8
0
10
67.3075343028509
20
103.518203295058
30
0
0
VERTEX
8
0
10
68.008654451839
20
103.46765334539
30
0
0
VERTEX
8
0
10
68.709774600827
20
103.415448373694
30
0
0
VERTEX
8
0
10
69.410894749815
20
103.363243401999
30
0
0
VERTEX
8
0
10
70.112014898803
20
103.311038430303
30
0
0
VERTEX
8
0
10
70.8131350477911
20
103.255398146199
30
0
0
VERTEX
8
0
10
71.5142551967791
20
103.200292898298
30
0
0
VERTEX
8
0
10
72.2153753457671
20
103.145187650397
30
0
0
VERTEX
8
0
10
72.9164954947552
20
103.090082402496
30
0
0
VERTEX
8
0
10
73.6176156437432
20
102.985527492683
30
0
0
VERTEX
8
0
10
74.3187357927312
20
102.895618930318
30
0
0
VERTEX
8
0
10
75.0198559417192
20
102.805710367954
30
0
0
VERTEX
8
0
10
75.7209760907073
20
102.711989762179
30
0
0
VERTEX
8
0
10
76.4220962396953
20
102.616280647403
30
0
0
VERTEX
8
0
10
77.1232163886833
20
102.520571532628
30
0
0
VERTEX
8
0
10
77.8243365376714
20
102.424862417853
30
0
0
VERTEX
8
0
10
78.5254566866594
20
102.292872100694
30
0
0
VERTEX
8
0
10
79.2265768356474
20
102.156559119044
30
0
0
VERTEX
8
0
10
79.9276969846354
20
102.020246137394
30
0
0
VERTEX
8
0
10
80.6288171336235
20
101.883933155745
30
0
0
VERTEX
8
0
10
81.3299372826115
20
101.770559224543
30
0
0
VERTEX
8
0
10
82.0310574315995
20
101.65454817633
30
0
0
VERTEX
8
0
10
82.7321775805876
20
101.538537128118
30
0
0
VERTEX
8
0
10
83.4332977295756
20
101.422526079905
30
0
0
VERTEX
8
0
10
84.1344178785636
20
101.377840030934
30
0
0
VERTEX
8
0
10
84.8355380275517
20
101.314033954417
30
0
0
VERTEX
8
0
10
85.5366581765397
20
101.2502278779
30
0
0
VERTEX
8
0
10
86.2377783255277
20
101.207394399425
30
0
0
VERTEX
8
0
10
86.9388984745157
20
101.178391637372
30
0
0
VERTEX
8
0
10
87.6400186235038
20
101.149388875318
30
0
0
VERTEX
8
0
10
88.3411387724918
20
101.120386113265
30
0
0
VERTEX
8
0
10
89.0422589214798
20
101.088950141958
30
0
0
VERTEX
8
0
10
89.7433790704679
20
101.057047103699
30
0
0
VERTEX
8
0
10
90.4444992194559
20
101.025144065441
30
0
0
VERTEX
8
0
10
91.1456193684439
20
100.993241027182
30
0
0
VERTEX
8
0
10
91.8467395174319
20
100.964456690929
30
0
0
VERTEX
8
0
10
92.54785966642
20
100.935453928876
30
0
0
VERTEX
8
0
10
93.248979815408
20
100.906451166823
30
0
0
VERTEX
8
0
10
93.950099964396
20
100.87744840477
30
0
0
VERTEX
8
0
10
94.6512201133841
20
100.80279530564
30
0
0
VERTEX
8
0
10
95.3523402623721
20
100.738989229123
30
0
0
VERTEX
8
0
10
96.0534604113601
20
100.675183152606
30
0
0
VERTEX
8
0
10
96.7545805603481
20
100.608198253485
30
0
0
VERTEX
8
0
10
97.4557007093362
20
100.538591624557
30
0
0
VERTEX
8
0
10
98.1568208583242
20
100.46898499563
30
0
0
VERTEX
8
0
10
98.8579410073122
20
100.399378366702
30
0
0
VERTEX
8
0
10
99.5590611563003
20
100.336596449933
30
0
0
VERTEX
8
0
10
100.260181305288
20
100.275690649622
30
0
0
VERTEX
8
0
10
100.961301454276
20
100.21478484931
30
0
0
VERTEX
8
0
10
101.662421603264
20
100.153879048998
30
0
0
VERTEX
8
0
10
102.363541752252
20
100.092973248687
30
0
0
VERTEX
8
0
10
103.06466190124
20
100.032067448375
30
0
0
VERTEX
8
0
10
103.765782050228
20
99.9711616480635
30
0
0
VERTEX
8
0
10
104.466902199216
20
99.9102558477519
30
0
0
VERTEX
8
0
10
105.168022348204
20
99.8274747101107
30
0
0
VERTEX
8
0
10
105.869142497193
20
99.7491672525672
30
0
0
VERTEX
8
0
10
106.570262646181
20
99.6708597950236
30
0
0
VERTEX
8
0
10
107.271382795169
20
99.5925523374801
30
0
0
VERTEX
8
0
10
107.972502944157
20
99.5402331737719
30
0
0
VERTEX
8
0
10
108.673623093145
20
99.4793273734603
30
0
0
VERTEX
8
0
10
109.374743242133
20
99.4184215731486
30
0
0
VERTEX
8
0
10
110.075863391121
20
99.3977311510163
30
0
0
VERTEX
8
0
10
110.776983540109
20
99.3919305986056
30
0
0
VERTEX
8
0
10
111.478103689097
20
99.386130046195
30
0
0
VERTEX
8
0
10
112.179223838085
20
99.3803294937844
30
0
0
VERTEX
8
0
10
112.880343987073
20
99.3689247581687
30
0
0
VERTEX
8
0
10
113.581464136061
20
99.3573236533475
30
0
0
VERTEX
8
0
10
114.282584285049
20
99.3457225485262
30
0
0
VERTEX
8
0
10
114.983704434037
20
99.3341214437049
30
0
0
VERTEX
8
0
10
115.684824583025
20
99.2841569109955
30
0
0
VERTEX
8
0
10
116.385944732013
20
99.2406527679157
30
0
0
VERTEX
8
0
10
117.087064881001
20
99.197148624836
30
0
0
VERTEX
8
0
10
117.788185029989
20
99.1536444817563
30
0
0
VERTEX
8
0
10
118.489305178977
20
99.0558903363189
30
0
0
VERTEX
8
0
10
119.190425327965
20
98.97468260257
30
0
0
VERTEX
8
0
10
119.891545476953
20
98.8934748688211
30
0
0
VERTEX
8
0
10
120.592665625941
20
98.7770178493708
30
0
0
VERTEX
8
0
10
121.293785774929
20
98.6436051439262
30
0
0
VERTEX
8
0
10
121.994905923917
20
98.5101924384817
30
0
0
VERTEX
8
0
10
122.696026072905
20
98.3767797330371
30
0
0
VERTEX
8
0
10
123.397146221893
20
98.2618735323999
30
0
0
VERTEX
8
0
10
124.098266370881
20
98.1487627603926
30
0
0
VERTEX
8
0
10
124.79938651987
20
98.0356519883852
30
0
0
VERTEX
8
0
10
125.500506668858
20
97.9225412163779
30
0
0
VERTEX
8
0
10
126.201626817846
20
97.8860038648668
30
0
0
VERTEX
8
0
10
126.902746966834
20
97.8395994455818
30
0
0
VERTEX
8
0
10
127.603867115822
20
97.7931950262967
30
0
0
VERTEX
8
0
10
128.30498726481
20
97.7467906070116
30
0
0
VERTEX
8
0
10
129.006107413798
20
97.7003861877266
30
0
0
VERTEX
8
0
10
129.707227562786
20
97.6539817684415
30
0
0
VERTEX
8
0
10
130.408347711774
20
97.6075773491564
30
0
0
VERTEX
8
0
10
131.109467860762
20
97.5575729529741
30
0
0
VERTEX
8
0
10
131.81058800975
20
97.5053679812784
30
0
0
VERTEX
8
0
10
132.511708158738
20
97.4531630095827
30
0
0
VERTEX
8
0
10
133.212828307726
20
97.400958037887
30
0
0
VERTEX
8
0
10
133.913948456714
20
97.3363256601934
30
0
0
VERTEX
8
0
10
134.615068605702
20
97.2696193074711
30
0
0
VERTEX
8
0
10
135.31618875469
20
97.2029129547489
30
0
0
VERTEX
8
0
10
136.017308903678
20
97.1362066020266
30
0
0
VERTEX
8
0
10
136.718429052666
20
97.0282775879471
30
0
0
VERTEX
8
0
10
137.419549201654
20
96.9238676445557
30
0
0
VERTEX
8
0
10
138.120669350642
20
96.8194577011643
30
0
0
VERTEX
8
0
10
138.82178949963
20
96.7150477577729
30
0
0
VERTEX
8
0
10
139.522909648618
20
96.6260636811876
30
0
0
VERTEX
8
0
10
140.224029797606
20
96.5332548426175
30
0
0
VERTEX
8
0
10
140.925149946594
20
96.4404460040474
30
0
0
VERTEX
8
0
10
141.626270095583
20
96.3394287492414
30
0
0
VERTEX
8
0
10
142.327390244571
20
96.2321185296447
30
0
0
VERTEX
8
0
10
143.028510393559
20
96.124808310048
30
0
0
VERTEX
8
0
10
143.729630542547
20
96.0174980904513
30
0
0
VERTEX
8
0
10
144.430750691535
20
95.9288052788396
30
0
0
VERTEX
8
0
10
145.131870840523
20
95.8446972688855
30
0
0
VERTEX
8
0
10
145.832990989511
20
95.7605892589313
30
0
0
VERTEX
8
0
10
146.534111138499
20
95.6764812489771
30
0
0
VERTEX
8
0
10
147.235231287487
20
95.6224999265139
30
0
0
VERTEX
8
0
10
147.936351436475
20
95.5673946786129
30
0
0
VERTEX
8
0
10
148.637471585463
20
95.5122894307118
30
0
0
VERTEX
8
0
10
149.338591734451
20
95.4571841828108
30
0
0
VERTEX
8
0
10
150.039711883439
20
95.3909844504096
30
0
0
VERTEX
8
0
10
150.740832032427
20
95.3271783738927
30
0
0
VERTEX
8
0
10
151.441952181415
20
95.2633722973757
30
0
0
VERTEX
8
0
10
152.143072330403
20
95.2158833793615
30
0
0
VERTEX
8
0
10
152.844192479391
20
95.1839803411031
30
0
0
VERTEX
8
0
10
153.545312628379
20
95.1520773028446
30
0
0
VERTEX
8
0
10
154.246432777367
20
95.1201742645861
30
0
0
SEQEND
8
0
0
POLYLINE
8
0
62
1
70
0
10
0
20
0
30
0
0
VERTEX
8
0
10
5.60896119190425
20
34.5801350575384
30
0
0
VERTEX
8
0
10
6.31008134089228
20
36.3703249736516
30
0
0
VERTEX
8
0
10
7.01120148988032
20
38.1844613555898
30
0
0
VERTEX
8
0
10
7.71232163886835
20
40.2426982233465
30
0
0
VERTEX
8
0
10
8.41344178785638
20
42.3562774684233
30
0
0
VERTEX
8
0
10
9.11456193684441
20
44.3654384717063
30
0
0
VERTEX
8
0
10
9.81568208583244
20
46.8876786461347
30
0
0
VERTEX
8
0
10
10.5168022348205
20
48.2878113102338
30
0
0
VERTEX
8
0
10
11.2179223838085
20
49.7229517942511
30
0
0
VERTEX
8
0
10
11.9190425327965
20
50.7877014106883
30
0
0
VERTEX
8
0
10
12.6201626817846
20
51.7186730389665
30
0
0
VERTEX
8
0
10
13.3212828307726
20
52.6687648840863
30
0
0
VERTEX
8
0
10
14.0224029797606
20
53.5131127199974
30
0
0
VERTEX
8
0
10
14.7235231287487
20
54.337982603272
30
0
0
VERTEX
8
0
10
15.4246432777367
20
55.1534350368655
30
0
0
VERTEX
8
0
10
16.1257634267247
20
55.7855696299741
30
0
0
VERTEX
8
0
10
16.8268835757128
20
56.2425737206608
30
0
0
VERTEX
8
0
10
17.5280037247008
20
56.6778121987855
30
0
0
VERTEX
8
0
10
18.2291238736888
20
57.1082154227471
30
0
0
VERTEX
8
0
10
18.9302440226769
20
57.4478735843982
30
0
0
VERTEX
8
0
10
19.6313641716649
20
57.7576884661319
30
0
0
VERTEX
8
0
10
20.3324843206529
20
58.0804961238858
30
0
0
VERTEX
8
0
10
21.033604469641
20
58.4046056375406
30
0
0
VERTEX
8
0
10
21.734724618629
20
58.4847135500772
30
0
0
VERTEX
8
0
10
22.435844767617
20
58.5631085216707
30
0
0
VERTEX
8
0
10
23.1369649166051
20
58.6518356669348
30
0
0
VERTEX
8
0
10
23.8380850655931
20
58.7417120531807
30
0
0
VERTEX
8
0
10
24.5392052145811
20
58.7806617823227
30
0
0
VERTEX
8
0
10
25.2403253635692
20
58.8085337891934
30
0
0
VERTEX
8
0
10
25.9414455125572
20
58.8152163669692
30
0
0
VERTEX
8
0
10
26.6425656615452
20
58.82322879668
30
0
0
VERTEX
8
0
10
27.3436858105332
20
58.7768725196417
30
0
0
VERTEX
8
0
10
28.0448059595213
20
58.7223471609892
30
0
0
VERTEX
8
0
10
28.7459261085093
20
58.6592809569803
30
0
0
VERTEX
8
0
10
29.4470462574973
20
58.5723516412639
30
0
0
VERTEX
8
0
10
30.1481664064854
20
58.4752321035057
30
0
0
VERTEX
8
0
10
30.8492865554734
20
58.4642592581235
30
0
0
VERTEX
8
0
10
31.5504067044614
20
58.45815942807
30
0
0
VERTEX
8
0
10
32.2515268534495
20
58.3302123062433
30
0
0
VERTEX
8
0
10
32.9526470024375
20
58.1967195284509
30
0
0
VERTEX
8
0
10
33.6537671514255
20
58.1438744657132
30
0
0
VERTEX
8
0
10
34.3548873004135
20
58.0847909846804
30
0
0
VERTEX
8
0
10
35.0560074494016
20
58.0205113436698
30
0
0
VERTEX
8
0
10
35.7571275983896
20
57.9652485861168
30
0
0
VERTEX
8
0
10
36.4582477473776
20
57.8595096317043
30
0
0
VERTEX
8
0
10
37.1593678963657
20
57.7769490708563
30
0
0
VERTEX
8
0
10
37.8604880453537
20
57.6999555521474
30
0
0
VERTEX
8
0
10
38.5616081943417
20
57.607679041857
30
0
0
VERTEX
8
0
10
39.2627283433297
20
57.5107126418931
30
0
0
VERTEX
8
0
10
39.9638484923178
20
57.4280675487699
30
0
0
VERTEX
8
0
10
40.6649686413058
20
57.3554198462252
30
0
0
VERTEX
8
0
10
41.3660887902938
20
57.1924808670196
30
0
0
VERTEX
8
0
10
42.0672089392819
20
57.0239204535118
30
0
0
VERTEX
8
0
10
42.7683290882699
20
56.8924699541577
30
0
0
VERTEX
8
0
10
43.4694492372579
20
56.7676868693468
30
0
0
VERTEX
8
0
10
44.170569386246
20
56.5922571545973
30
0
0
VERTEX
8
0
10
44.871689535234
20
56.4249471618635
30
0
0
VERTEX
8
0
10
45.572809684222
20
56.26683777769
30
0
0
VERTEX
8
0
10
46.27392983321
20
56.1087373625838
30
0
0
VERTEX
8
0
10
46.9750499821981
20
55.9805937942162
30
0
0
VERTEX
8
0
10
47.6761701311861
20
55.8453465119547
30
0
0
VERTEX
8
0
10
48.3772902801741
20
55.7145891834625
30
0
0
VERTEX
8
0
10
49.0784104291622
20
55.588955927872
30
0
0
VERTEX
8
0
10
49.7795305781502
20
55.4673446633812
30
0
0
VERTEX
8
0
10
50.4806507271382
20
55.3541694119433
30
0
0
VERTEX
8
0
10
51.1817708761262
20
55.2473451967616
30
0
0
VERTEX
8
0
10
51.8828910251143
20
55.1896453813126
30
0
0
VERTEX
8
0
10
52.5840111741023
20
55.1410762502769
30
0
0
VERTEX
8
0
10
53.2851313230903
20
55.1125120327743
30
0
0
VERTEX
8
0
10
53.9862514720784
20
55.0898993370324
30
0
0
VERTEX
8
0
10
54.6873716210664
20
55.090981011382
30
0
0
VERTEX
8
0
10
55.3884917700544
20
55.0923272909752
30
0
0
VERTEX
8
0
10
56.0896119190424
20
55.091024365736
30
0
0
VERTEX
8
0
10
56.7907320680305
20
55.0923982584368
30
0
0
VERTEX
8
0
10
57.4918522170185
20
55.0574795063561
30
0
0
VERTEX
8
0
10
58.1929723660065
20
55.034310262404
30
0
0
VERTEX
8
0
10
58.8940925149946
20
55.0221078800888
30
0
0
VERTEX
8
0
10
59.5952126639826
20
54.9976240935197
30
0
0
VERTEX
8
0
10
60.2963328129706
20
54.9660462997481
30
0
0
VERTEX
8
0
10
60.9974529619587
20
54.9262643253286
30
0
0
VERTEX
8
0
10
61.6985731109467
20
54.8794435149132
30
0
0
VERTEX
8
0
10
62.3996932599347
20
54.7339280221472
30
0
0
VERTEX
8
0
10
63.1008134089227
20
54.5665292597859
30
0
0
VERTEX
8
0
10
63.8019335579108
20
54.3838306127005
30
0
0
VERTEX
8
0
10
64.5030537068988
20
54.1967903749839
30
0
0
VERTEX
8
0
10
65.2041738558868
20
53.9760512833601
30
0
0
VERTEX
8
0
10
65.9052940048749
20
53.7573478654186
30
0
0
VERTEX
8
0
10
66.6064141538629
20
53.5276095170553
30
0
0
VERTEX
8
0
10
67.3075343028509
20
53.2982261683365
30
0
0
VERTEX
8
0
10
68.008654451839
20
53.0998126398477
30
0
0
VERTEX
8
0
10
68.709774600827
20
52.8950545079975
30
0
0
VERTEX
8
0
10
69.410894749815
20
52.6769566837738
30
0
0
VERTEX
8
0
10
70.112014898803
20
52.4553049350252
30
0
0
VERTEX
8
0
10
70.8131350477911
20
52.2280510765301
30
0
0
VERTEX
8
0
10
71.5142551967791
20
52.001302768922
30
0
0
VERTEX
8
0
10
72.2153753457671
20
51.7914095261698
30
0
0
VERTEX
8
0
10
72.9164954947552
20
51.5180969882603
30
0
0
VERTEX
8
0
10
73.6176156437432
20
51.2267015554023
30
0
0
VERTEX
8
0
10
74.3187357927312
20
50.9573638689748
30
0
0
VERTEX
8
0
10
75.0198559417192
20
50.697035546364
30
0
0
VERTEX
8
0
10
75.7209760907073
20
50.4198288382651
30
0
0
VERTEX
8
0
10
76.4220962396953
20
50.1426179193941
30
0
0
VERTEX
8
0
10
77.1232163886833
20
49.8737716359431
30
0
0
VERTEX
8
0
10
77.8243365376714
20
49.6054010828148
30
0
0
VERTEX
8
0
10
78.5254566866594
20
49.2534181234639
30
0
0
VERTEX
8
0
10
79.2265768356474
20
48.9174896663908
30
0
0
VERTEX
8
0
10
79.9276969846354
20
48.5921432345587
30
0
0
VERTEX
8
0
10
80.6288171336235
20
48.2653006279052
30
0
0
VERTEX
8
0
10
81.3299372826115
20
47.9495579005297
30
0
0
VERTEX
8
0
10
82.0310574315995
20
47.6303889004717
30
0
0
VERTEX
8
0
10
82.7321775805876
20
47.3208042681018
30
0
0
VERTEX
8
0
10
83.4332977295756
20
47.1295844763374
30
0
0
VERTEX
8
0
10
84.1344178785636
20
46.9885112303993
30
0
0
VERTEX
8
0
10
84.8355380275517
20
46.8565068728537
30
0
0
VERTEX
8
0
10
85.5366581765397
20
46.7293925086586
30
0
0
VERTEX
8
0
10
86.2377783255277
20
46.6292902416024
30
0
0
VERTEX
8
0
10
86.9388984745157
20
46.5312450802768
30
0
0
VERTEX
8
0
10
87.6400186235038
20
46.4415219457087
30
0
0
VERTEX
8
0
10
88.3411387724918
20
46.3532073371062
30
0
0
VERTEX
8
0
10
89.0422589214798
20
46.3060524486318
30
0
0
VERTEX
8
0
10
89.7433790704679
20
46.2534267661606
30
0
0
VERTEX
8
0
10
90.4444992194559
20
46.2064273030862
30
0
0
VERTEX
8
0
10
91.1456193684439
20
46.1595899515634
30
0
0
VERTEX
8
0
10
91.8467395174319
20
46.1024203464205
30
0
0
VERTEX
8
0
10
92.54785966642
20
46.0491486782042
30
0
0
VERTEX
8
0
10
93.248979815408
20
46.0023569638195
30
0
0
VERTEX
8
0
10
93.950099964396
20
45.8966299912583
30
0
0
VERTEX
8
0
10
94.6512201133841
20
45.7604000568958
30
0
0
VERTEX
8
0
10
95.3523402623721
20
45.6281186032863
30
0
0
VERTEX
8
0
10
96.0534604113601
20
45.4984867094282
30
0
0
VERTEX
8
0
10
96.7545805603481
20
45.3883865084116
30
0
0
VERTEX
8
0
10
97.4557007093362
20
45.2808690395014
30
0
0
VERTEX
8
0
10
98.1568208583242
20
45.178836176753
30
0
0
VERTEX
8
0
10
98.8579410073122
20
45.0780031975124
30
0
0
VERTEX
8
0
10
99.5590611563003
20
44.981849178077
30
0
0
VERTEX
8
0
10
100.260181305288
20
44.8853782375548
30
0
0
VERTEX
8
0
10
100.961301454276
20
44.793587025396
30
0
0
VERTEX
8
0
10
101.662421603264
20
44.7016618416211
30
0
0
VERTEX
8
0
10
102.363541752252
20
44.5879171012967
30
0
0
VERTEX
8
0
10
103.06466190124
20
44.48013436245
30
0
0
VERTEX
8
0
10
103.765782050228
20
44.3888021218857
30
0
0
VERTEX
8
0
10
104.466902199216
20
44.2669850965373
30
0
0
VERTEX
8
0
10
105.168022348204
20
44.1273340918678
30
0
0
VERTEX
8
0
10
105.869142497193
20
43.9854201163121
30
0
0
VERTEX
8
0
10
106.570262646181
20
43.8416302876404
30
0
0
VERTEX
8
0
10
107.271382795169
20
43.7707655202502
30
0
0
VERTEX
8
0
10
107.972502944157
20
43.714494117405
30
0
0
VERTEX
8
0
10
108.673623093145
20
43.6520415907988
30
0
0
VERTEX
8
0
10
109.374743242133
20
43.5881053720772
30
0
0
VERTEX
8
0
10
110.075863391121
20
43.6611181539503
30
0
0
VERTEX
8
0
10
110.776983540109
20
43.7263598501295
30
0
0
VERTEX
8
0
10
111.478103689097
20
43.809423111472
30
0
0
VERTEX
8
0
10
112.179223838085
20
43.8933472646248
30
0
0
VERTEX
8
0
10
112.880343987073
20
43.9207292472435
30
0
0
VERTEX
8
0
10
113.581464136061
20
43.962416738487
30
0
0
VERTEX
8
0
10
114.282584285049
20
44.0098509744838
30
0
0
VERTEX
8
0
10
114.983704434037
20
44.0072868615227
30
0
0
VERTEX
8
0
10
115.684824583025
20
43.9634843145355
30
0
0
VERTEX
8
0
10
116.385944732013
20
43.9198826554461
30
0
0
VERTEX
8
0
10
117.087064881001
20
43.8735528594771
30
0
0
VERTEX
8
0
10
117.788185029989
20
43.8050243955819
30
0
0
VERTEX
8
0
10
118.489305178977
20
43.7300604914528
30
0
0
VERTEX
8
0
10
119.190425327965
20
43.65947272057
30
0
0
VERTEX
8
0
10
119.891545476953
20
43.5905711625116
30
0
0
VERTEX
8
0
10
120.592665625941
20
43.3732862861052
30
0
0
VERTEX
8
0
10
121.293785774929
20
43.1586484689638
30
0
0
VERTEX
8
0
10
121.994905923917
20
42.9441258475687
30
0
0
VERTEX
8
0
10
122.696026072905
20
42.729720156925
30
0
0
VERTEX
8
0
10
123.397146221893
20
42.5581821096937
30
0
0
VERTEX
8
0
10
124.098266370881
20
42.3780200141907
30
0
0
VERTEX
8
0
10
124.79938651987
20
42.2073607498259
30
0
0
VERTEX
8
0
10
125.500506668858
20
42.0351768948531
30
0
0
VERTEX
8
0
10
126.201626817846
20
42.081839203561
30
0
0
VERTEX
8
0
10
126.902746966834
20
42.0567551430182
30
0
0
VERTEX
8
0
10
127.603867115822
20
42.0262287814351
30
0
0
VERTEX
8
0
10
128.30498726481
20
41.9929414958413
30
0
0
VERTEX
8
0
10
129.006107413798
20
41.958072268733
30
0
0
VERTEX
8
0
10
129.707227562786
20
41.92468759037
30
0
0
VERTEX
8
0
10
130.408347711774
20
41.8921062544545
30
0
0
VERTEX
8
0
10
131.109467860762
20
41.8742581409146
30
0
0
VERTEX
8
0
10
131.81058800975
20
41.8571990516284
30
0
0
VERTEX
8
0
10
132.511708158738
20
41.8438680499652
30
0
0
VERTEX
8
0
10
133.212828307726
20
41.8310924018446
30
0
0
VERTEX
8
0
10
133.913948456714
20
41.7819586027464
30
0
0
VERTEX
8
0
10
134.615068605702
20
41.7389925363228
30
0
0
VERTEX
8
0
10
135.31618875469
20
41.6983206321593
30
0
0
VERTEX
8
0
10
136.017308903678
20
41.6574685439917
30
0
0
VERTEX
8
0
10
136.718429052666
20
41.4880179661406
30
0
0
VERTEX
8
0
10
137.419549201654
20
41.3575945949172
30
0
0
VERTEX
8
0
10
138.120669350642
20
41.2298162360764
30
0
0
VERTEX
8
0
10
138.82178949963
20
41.1027797734553
30
0
0
VERTEX
8
0
10
139.522909648618
20
40.9764645137826
30
0
0
VERTEX
8
0
10
140.224029797606
20
40.850154226986
30
0
0
VERTEX
8
0
10
140.925149946594
20
40.7238489593377
30
0
0
VERTEX
8
0
10
141.626270095583
20
40.5955695311513
30
0
0
VERTEX
8
0
10
142.327390244571
20
40.467096529108
30
0
0
VERTEX
8
0
10
143.028510393559
20
40.3402685276538
30
0
0
VERTEX
8
0
10
143.729630542547
20
40.21372616931
30
0
0
VERTEX
8
0
10
144.430750691535
20
40.0996457552144
30
0
0
VERTEX
8
0
10
145.131870840523
20
39.9839941785178
30
0
0
VERTEX
8
0
10
145.832990989511
20
39.8683446905992
30
0
0
VERTEX
8
0
10
146.534111138499
20
39.7526973096886
30
0
0
VERTEX
8
0
10
147.235231287487
20
39.7302272806142
30
0
0
VERTEX
8
0
10
147.936351436475
20
39.6821317878333
30
0
0
VERTEX
8
0
10
148.637471585463
20
39.6391711172691
30
0
0
VERTEX
8
0
10
149.338591734451
20
39.6246949129674
30
0
0
VERTEX
8
0
10
150.039711883439
20
39.6287942813059
30
0
0
VERTEX
8
0
10
150.740832032427
20
39.6330895452046
30
0
0
VERTEX
8
0
10
151.441952181415
20
39.6375806409797
30
0
0
VERTEX
8
0
10
152.143072330403
20
39.6272223641612
30
0
0
VERTEX
8
0
10
152.844192479391
20
39.6144228569508
30
0
0
VERTEX
8
0
10
153.545312628379
20
39.6035962733775
30
0
0
VERTEX
8
0
10
154.246432777367
20
39.5933531142511
30
0
0
SEQEND
8
0
0
POLYLINE
8
0
62
2
70
0
10
0
20
0
30
0
0
VERTEX
8
0
10
5.60896119190425
20
34.5801350575384
30
0
0
VERTEX
8
0
10
6.31008134089228
20
36.3703249736516
30
0
0
VERTEX
8
0
10
7.01120148988032
20
38.1844613555898
30
0
0
VERTEX
8
0
10
7.71232163886835
20
40.2426982233465
30
0
0
VERTEX
8
0
10
8.41344178785638
20
42.3562774684233
30
0
0
VERTEX
8
0
10
9.11456193684441
20
44.3654384717063
30
0
0
VERTEX
8
0
10
9.81568208583244
20
46.8876786461347
30
0
0
VERTEX
8
0
10
10.5168022348205
20
48.2878113102338
30
0
0
VERTEX
8
0
10
11.2179223838085
20
49.7229517942511
30
0
0
VERTEX
8
0
10
11.9190425327965
20
50.7877014106883
30
0
0
VERTEX
8
0
10
12.6201626817846
20
51.7186730389665
30
0
0
VERTEX
8
0
10
13.3212828307726
20
52.6687648840863
30
0
0
VERTEX
8
0
10
14.0224029797606
20
53.5131127199974
30
0
0
VERTEX
8
0
10
14.7235231287487
20
54.337982603272
30
0
0
VERTEX
8
0
10
15.4246432777367
20
55.1534350368655
30
0
0
VERTEX
8
0
10
16.1257634267247
20
55.7855696299741
30
0
0
VERTEX
8
0
10
16.8268835757128
20
56.2425737206608
30
0
0
VERTEX
8
0
10
17.5280037247008
20
56.6778121987855
30
0
0
VERTEX
8
0
10
18.2291238736888
20
57.1082154227471
30
0
0
VERTEX
8
0
10
18.9302440226769
20
57.4478735843982
30
0
0
VERTEX
8
0
10
19.6313641716649
20
57.7576884661319
30
0
0
VERTEX
8
0
10
20.3324843206529
20
58.0804961238858
30
0
0
VERTEX
8
0
10
21.033604469641
20
58.4046056375406
30
0
0
VERTEX
8
0
10
21.734724618629
20
58.4847135500772
30
0
0
VERTEX
8
0
10
22.435844767617
20
58.5631085216707
30
0
0
VERTEX
8
0
10
23.1369649166051
20
58.6518356669348
30
0
0
VERTEX
8
0
10
23.8380850655931
20
58.7417120531807
30
0
0
VERTEX
8
0
10
24.5392052145811
20
58.7806617823227
30
0
0
VERTEX
8
0
10
25.2403253635692
20
58.8085337891934
30
0
0
VERTEX
8
0
10
25.9414455125572
20
58.8152163669692
30
0
0
VERTEX
8
0
10
26.6425656615452
20
58.82322879668
30
0
0
VERTEX
8
0
10
27.3436858105332
20
58.7768725196417
30
0
0
VERTEX
8
0
10
28.0448059595213
20
58.7223471609892
30
0
0
VERTEX
8
0
10
28.7459261085093
20
58.6592809569803
30
0
0
VERTEX
8
0
10
29.4470462574973
20
58.5723516412639
30
0
0
VERTEX
8
0
10
30.1481664064854
20
58.4752321035057
30
0
0
VERTEX
8
0
10
30.8492865554734
20
58.4642592581235
30
0
0
VERTEX
8
0
10
31.5504067044614
20
58.45815942807
30
0
0
VERTEX
8
0
10
32.2515268534495
20
58.3302123062433
30
0
0
VERTEX
8
0
10
32.9526470024375
20
58.1967195284508
30
0
0
VERTEX
8
0
10
33.6537671514255
20
58.1438744657133
30
0
0
VERTEX
8
0
10
34.3548873004135
20
58.0847909846804
30
0
0
VERTEX
8
0
10
35.0560074494016
20
58.0205113436698
30
0
0
VERTEX
8
0
10
35.7571275983896
20
57.9652485861167
30
0
0
VERTEX
8
0
10
36.4582477473776
20
57.8595096317043
30
0
0
VERTEX
8
0
10
37.1593678963657
20
57.7769490708563
30
0
0
VERTEX
8
0
10
37.8604880453537
20
57.6999555521474
30
0
0
VERTEX
8
0
10
38.5616081943417
20
57.607679041857
30
0
0
VERTEX
8
0
10
39.2627283433297
20
57.5107126418931
30
0
0
VERTEX
8
0
10
39.9638484923178
20
57.4280675487699
30
0
0
VERTEX
8
0
10
40.6649686413058
20
57.3554198462252
30
0
0
VERTEX
8
0
10
41.3660887902938
20
57.1924808670196
30
0
0
VERTEX
8
0
10
42.0672089392819
20
57.0239204535118
30
0
0
VERTEX
8
0
10
42.7683290882699
20
56.8924699541577
30
0
0
VERTEX
8
0
10
43.4694492372579
20
56.7676868693468
30
0
0
VERTEX
8
0
10
44.170569386246
20
56.5922571545973
30
0
0
VERTEX
8
0
10
44.871689535234
20
56.4249471618635
30
0
0
VERTEX
8
0
10
45.572809684222
20
56.26683777769
30
0
0
VERTEX
8
0
10
46.27392983321
20
56.1087373625838
30
0
0
VERTEX
8
0
10
46.9750499821981
20
55.9805937942162
30
0
0
VERTEX
8
0
10
47.6761701311861
20
55.8453465119547
30
0
0
VERTEX
8
0
10
48.3772902801741
20
55.7145891834625
30
0
0
VERTEX
8
0
10
49.0784104291622
20
55.588955927872
30
0
0
VERTEX
8
0
10
49.7795305781502
20
55.4673446633812
30
0
0
VERTEX
8
0
10
50.4806507271382
20
55.3541694119433
30
0
0
VERTEX
8
0
10
51.1817708761262
20
55.2473451967616
30
0
0
VERTEX
8
0
10
51.8828910251143
20
55.1896453813126
30
0
0
VERTEX
8
0
10
52.5840111741023
20
55.1410762502769
30
0
0
VERTEX
8
0
10
53.2851313230903
20
55.1125120327743
30
0
0
VERTEX
8
0
10
53.9862514720784
20
55.0898993370324
30
0
0
VERTEX
8
0
10
54.6873716210664
20
55.090981011382
30
0
0
VERTEX
8
0
10
55.3884917700544
20
55.0923272909752
30
0
0
VERTEX
8
0
10
56.0896119190424
20
55.091024365736
30
0
0
VERTEX
8
0
10
56.7907320680305
20
55.0923982584368
30
0
0
VERTEX
8
0
10
57.4918522170185
20
55.0574795063561
30
0
0
VERTEX
8
0
10
58.1929723660065
20
55.034310262404
30
0
0
VERTEX
8
0
10
58.8940925149946
20
55.0221078800888
30
0
0
VERTEX
8
0
10
59.5952126639826
20
54.9976240935197
30
0
0
VERTEX
8
0
10
60.2963328129706
20
54.9660462997481
30
0
0
VERTEX
8
0
10
60.9974529619587
20
54.9262643253286
30
0
0
VERTEX
8
0
10
61.6985731109467
20
54.8794435149132
30
0
0
VERTEX
8
0
10
62.3996932599347
20
54.7339280221472
30
0
0
VERTEX
8
0
10
63.1008134089227
20
54.5665292597859
30
0
0
VERTEX
8
0
10
63.8019335579108
20
54.3838306127005
30
0
0
VERTEX
8
0
10
64.5030537068988
20
54.1967903749839
30
0
0
VERTEX
8
0
10
65.2041738558868
20
53.9760512833601
30
0
0
VERTEX
8
0
10
65.9052940048749
20
53.7573478654186
30
0
0
VERTEX
8
0
10
66.6064141538629
20
53.5276095170553
30
0
0
VERTEX
8
0
10
67.3075343028509
20
53.2982261683365
30
0
0
VERTEX
8
0
10
68.008654451839
20
53.0998126398477
30
0
0
VERTEX
8
0
10
68.709774600827
20
52.8950545079975
30
0
0
VERTEX
8
0
10
69.410894749815
20
52.6769566837738
30
0
0
VERTEX
8
0
10
70.112014898803
20
52.4553049350252
30
0
0
VERTEX
8
0
10
70.8131350477911
20
52.2280510765301
30
0
0
VERTEX
8
0
10
71.5142551967791
20
52.001302768922
30
0
0
VERTEX
8
0
10
72.2153753457671
20
51.7914095261698
30
0
0
VERTEX
8
0
10
72.9164954947552
20
51.5180969882603
30
0
0
VERTEX
8
0
10
73.6176156437432
20
51.2267015554023
30
0
0
VERTEX
8
0
10
74.3187357927312
20
50.9573638689748
30
0
0
VERTEX
8
0
10
75.0198559417192
20
50.697035546364
30
0
0
VERTEX
8
0
10
75.7209760907073
20
50.4198288382651
30
0
0
VERTEX
8
0
10
76.4220962396953
20
50.1426179193941
30
0
0
VERTEX
8
0
10
77.1232163886833
20
49.8737716359431
30
0
0
VERTEX
8
0
10
77.8243365376714
20
49.6054010828148
30
0
0
VERTEX
8
0
10
78.5254566866594
20
49.2534181234639
30
0
0
VERTEX
8
0
10
79.2265768356474
20
48.9174896663908
30
0
0
VERTEX
8
0
10
79.9276969846354
20
48.5921432345587
30
0
0
VERTEX
8
0
10
80.6288171336235
20
48.2653006279052
30
0
0
VERTEX
8
0
10
81.3299372826115
20
47.9495579005297
30
0
0
VERTEX
8
0
10
82.0310574315995
20
47.6303889004717
30
0
0
VERTEX
8
0
10
82.7321775805876
20
47.3208042681018
30
0
0
VERTEX
8
0
10
83.4332977295756
20
47.1295844763374
30
0
0
VERTEX
8
0
10
84.1344178785636
20
46.9885112303993
30
0
0
VERTEX
8
0
10
84.8355380275517
20
46.8565068728537
30
0
0
VERTEX
8
0
10
85.5366581765397
20
46.7293925086586
30
0
0
VERTEX
8
0
10
86.2377783255277
20
46.6292902416024
30
0
0
VERTEX
8
0
10
86.9388984745157
20
46.5312450802768
30
0
0
VERTEX
8
0
10
87.6400186235038
20
46.4415219457087
30
0
0
VERTEX
8
0
10
88.3411387724918
20
46.3532073371062
30
0
0
VERTEX
8
0
10
89.0422589214798
20
46.3060524486318
30
0
0
VERTEX
8
0
10
89.7433790704679
20
46.2534267661606
30
0
0
VERTEX
8
0
10
90.4444992194559
20
46.2064273030862
30
0
0
VERTEX
8
0
10
91.1456193684439
20
46.1595899515634
30
0
0
VERTEX
8
0
10
91.8467395174319
20
46.1024203464205
30
0
0
VERTEX
8
0
10
92.54785966642
20
46.0491486782042
30
0
0
VERTEX
8
0
10
93.248979815408
20
46.0023569638195
30
0
0
VERTEX
8
0
10
93.950099964396
20
45.8966299912583
30
0
0
VERTEX
8
0
10
94.6512201133841
20
45.7604000568958
30
0
0
VERTEX
8
0
10
95.3523402623721
20
45.6281186032863
30
0
0
VERTEX
8
0
10
96.0534604113601
20
45.4984867094282
30
0
0
VERTEX
8
0
10
96.7545805603481
20
45.3883865084116
30
0
0
VERTEX
8
0
10
97.4557007093362
20
45.2808690395014
30
0
0
VERTEX
8
0
10
98.1568208583242
20
45.178836176753
30
0
0
VERTEX
8
0
10
98.8579410073122
20
45.0780031975124
30
0
0
VERTEX
8
0
10
99.5590611563003
20
44.981849178077
30
0
0
VERTEX
8
0
10
100.260181305288
20
44.8853782375547
30
0
0
VERTEX
8
0
10
100.961301454276
20
44.7935870253961
30
0
0
VERTEX
8
0
10
101.662421603264
20
44.7016618416211
30
0
0
VERTEX
8
0
10
102.363541752252
20
44.5879171012967
30
0
0
VERTEX
8
0
10
103.06466190124
20
44.48013436245
30
0
0
VERTEX
8
0
10
103.765782050228
20
44.3888021218857
30
0
0
VERTEX
8
0
10
104.466902199216
20
44.2669850965373
30
0
0
VERTEX
8
0
10
105.168022348204
20
44.1273340918678
30
0
0
VERTEX
8
0
10
105.869142497193
20
43.9854201163121
30
0
0
VERTEX
8
0
10
106.570262646181
20
43.8416302876404
30
0
0
VERTEX
8
0
10
107.271382795169
20
43.7707655202502
30
0
0
VERTEX
8
0
10
107.972502944157
20
43.714494117405
30
0
0
VERTEX
8
0
10
108.673623093145
20
43.6520415907988
30
0
0
VERTEX
8
0
10
109.374743242133
20
43.5881053720773
30
0
0
VERTEX
8
0
10
110.075863391121
20
43.6611181539503
30
0
0
VERTEX
8
0
10
110.776983540109
20
43.7263598501295
30
0
0
VERTEX
8
0
10
111.478103689097
20
43.809423111472
30
0
0
VERTEX
8
0
10
112.179223838085
20
43.8933472646248
30
0
0
VERTEX
8
0
10
112.880343987073
20
43.9207292472435
30
0
0
VERTEX
8
0
10
113.581464136061
20
43.962416738487
30
0
0
VERTEX
8
0
10
114.282584285049
20
44.0098509744838
30
0
0
VERTEX
8
0
10
114.983704434037
20
44.0072868615227
30
0
0
VERTEX
8
0
10
115.684824583025
20
43.9634843145355
30
0
0
VERTEX
8
0
10
116.385944732013
20
43.9198826554461
30
0
0
VERTEX
8
0
10
117.087064881001
20
43.8735528594771
30
0
0
VERTEX
8
0
10
117.788185029989
20
43.8050243955819
30
0
0
VERTEX
8
0
10
118.489305178977
20
43.7300604914528
30
0
0
VERTEX
8
0
10
119.190425327965
20
43.65947272057
30
0
0
VERTEX
8
0
10
119.891545476953
20
43.5905711625116
30
0
0
VERTEX
8
0
10
120.592665625941
20
43.3732862861052
30
0
0
VERTEX
8
0
10
121.293785774929
20
43.1586484689638
30
0
0
VERTEX
8
0
10
121.994905923917
20
42.9441258475687
30
0
0
VERTEX
8
0
10
122.696026072905
20
42.729720156925
30
0
0
VERTEX
8
0
10
123.397146221893
20
42.5581821096937
30
0
0
VERTEX
8
0
10
124.098266370881
20
42.3780200141907
30
0
0
VERTEX
8
0
10
124.79938651987
20
42.2073607498259
30
0
0
VERTEX
8
0
10
125.500506668858
20
42.0351768948531
30
0
0
VERTEX
8
0
10
126.201626817846
20
42.081839203561
30
0
0
VERTEX
8
0
10
126.902746966834
20
42.0567551430182
30
0
0
VERTEX
8
0
10
127.603867115822
20
42.0262287814351
30
0
0
VERTEX
8
0
10
128.30498726481
20
41.9929414958413
30
0
0
VERTEX
8
0
10
129.006107413798
20
41.958072268733
30
0
0
VERTEX
8
0
10
129.707227562786
20
41.92468759037
30
0
0
VERTEX
8
0
10
130.408347711774
20
41.8921062544545
30
0
0
VERTEX
8
0
10
131.109467860762
20
41.8742581409146
30
0
0
VERTEX
8
0
10
131.81058800975
20
41.8571990516284
30
0
0
VERTEX
8
0
10
132.511708158738
20
41.8438680499652
30
0
0
VERTEX
8
0
10
133.212828307726
20
41.8310924018446
30
0
0
VERTEX
8
0
10
133.913948456714
20
41.7819586027464
30
0
0
VERTEX
8
0
10
134.615068605702
20
41.7389925363228
30
0
0
VERTEX
8
0
10
135.31618875469
20
41.6983206321593
30
0
0
VERTEX
8
0
10
136.017308903678
20
41.6574685439917
30
0
0
VERTEX
8
0
10
136.718429052666
20
41.4880179661406
30
0
0
VERTEX
8
0
10
137.419549201654
20
41.3575945949172
30
0
0
VERTEX
8
0
10
138.120669350642
20
41.2298162360764
30
0
0
VERTEX
8
0
10
138.82178949963
20
41.1027797734553
30
0
0
VERTEX
8
0
10
139.522909648618
20
40.9764645137826
30
0
0
VERTEX
8
0
10
140.224029797606
20
40.850154226986
30
0
0
VERTEX
8
0
10
140.925149946594
20
40.7238489593377
30
0
0
VERTEX
8
0
10
141.626270095583
20
40.5955695311513
30
0
0
VERTEX
8
0
10
142.327390244571
20
40.467096529108
30
0
0
VERTEX
8
0
10
143.028510393559
20
40.3402685276538
30
0
0
VERTEX
8
0
10
143.729630542547
20
40.21372616931
30
0
0
VERTEX
8
0
10
144.430750691535
20
40.0996457552144
30
0
0
VERTEX
8
0
10
145.131870840523
20
39.9839941785178
30
0
0
VERTEX
8
0
10
145.832990989511
20
39.8683446905992
30
0
0
VERTEX
8
0
10
146.534111138499
20
39.7526973096886
30
0
0
VERTEX
8
0
10
147.235231287487
20
39.7302272806142
30
0
0
VERTEX
8
0
10
147.936351436475
20
39.6821317878333
30
0
0
VERTEX
8
0
10
148.637471585463
20
39.6391711172691
30
0
0
VERTEX
8
0
10
149.338591734451
20
39.6246949129674
30
0
0
VERTEX
8
0
10
150.039711883439
20
39.6287942813059
30
0
0
VERTEX
8
0
10
150.740832032427
20
39.6330895452046
30
0
0
VERTEX
8
0
10
151.441952181415
20
39.6375806409797
30
0
0
VERTEX
8
0
10
152.143072330403
20
39.6272223641612
30
0
0
VERTEX
8
0
10
152.844192479391
20
39.6144228569508
30
0
0
VERTEX
8
0
10
153.545312628379
20
39.6035962733775
30
0
0
VERTEX
8
0
10
154.246432777367
20
39.5933531142511
30
0
0
SEQEND
8
0
0
POLYLINE
8
0
62
3
70
0
10
0
20
0
30
0
0
VERTEX
8
0
10
5.60896119190425
20
40.333980704993
30
0
0
VERTEX
8
0
10
6.31008134089228
20
43.8300064068987
30
0
0
VERTEX
8
0
10
7.01120148988032
20
47.1365942145676
30
0
0
VERTEX
8
0
10
7.71232163886835
20
49.6827538505055
30
0
0
VERTEX
8
0
10
8.41344178785638
20
52.4182444188074
30
0
0
VERTEX
8
0
10
9.11456193684441
20
55.009589772585
30
0
0
VERTEX
8
0
10
9.81568208583244
20
57.1545218333497
30
0
0
VERTEX
8
0
10
10.5168022348205
20
59.3301180644648
30
0
0
VERTEX
8
0
10
11.2179223838085
20
61.3859464199478
30
0
0
VERTEX
8
0
10
11.9190425327965
20
63.1518463815383
30
0
0
VERTEX
8
0
10
12.6201626817846
20
64.8894147272743
30
0
0
VERTEX
8
0
10
13.3212828307726
20
66.5274743383583
30
0
0
VERTEX
8
0
10
14.0224029797606
20
67.9665080945857
30
0
0
VERTEX
8
0
10
14.7235231287487
20
69.3576968281964
30
0
0
VERTEX
8
0
10
15.4246432777367
20
70.6684200472841
30
0
0
VERTEX
8
0
10
16.1257634267247
20
71.8393593374307
30
0
0
VERTEX
8
0
10
16.8268835757128
20
72.9607791216906
30
0
0
VERTEX
8
0
10
17.5280037247008
20
74.0201362824563
30
0
0
VERTEX
8
0
10
18.2291238736888
20
74.9820175442871
30
0
0
VERTEX
8
0
10
18.9302440226769
20
75.9013526231213
30
0
0
VERTEX
8
0
10
19.6313641716649
20
76.7764685255143
30
0
0
VERTEX
8
0
10
20.3324843206529
20
77.5866456140354
30
0
0
VERTEX
8
0
10
21.033604469641
20
78.3655742242886
30
0
0
VERTEX
8
0
10
21.734724618629
20
79.1176444574685
30
0
0
VERTEX
8
0
10
22.435844767617
20
79.8315219814997
30
0
0
VERTEX
8
0
10
23.1369649166051
20
80.5279486686366
30
0
0
VERTEX
8
0
10
23.8380850655931
20
81.2151534798853
30
0
0
VERTEX
8
0
10
24.5392052145811
20
81.8887835152738
30
0
0
VERTEX
8
0
10
25.2403253635692
20
82.5633737062925
30
0
0
VERTEX
8
0
10
25.9414455125572
20
83.2558585428675
30
0
0
VERTEX
8
0
10
26.6425656615452
20
83.9682154543824
30
0
0
VERTEX
8
0
10
27.3436858105332
20
84.6858322778533
30
0
0
VERTEX
8
0
10
28.0448059595213
20
85.4049860743927
30
0
0
VERTEX
8
0
10
28.7459261085093
20
86.1166148895986
30
0
0
VERTEX
8
0
10
29.4470462574973
20
86.8148100014151
30
0
0
VERTEX
8
0
10
30.1481664064854
20
87.502959153107
30
0
0
VERTEX
8
0
10
30.8492865554734
20
88.1772170741745
30
0
0
VERTEX
8
0
10
31.5504067044614
20
88.8313018561947
30
0
0
VERTEX
8
0
10
32.2515268534495
20
89.470145301686
30
0
0
VERTEX
8
0
10
32.9526470024375
20
90.0923221143949
30
0
0
VERTEX
8
0
10
33.6537671514255
20
90.6909237415253
30
0
0
VERTEX
8
0
10
34.3548873004135
20
91.2714015776591
30
0
0
VERTEX
8
0
10
35.0560074494016
20
91.833779624068
30
0
0
VERTEX
8
0
10
35.7571275983896
20
92.3708620949481
30
0
0
VERTEX
8
0
10
36.4582477473776
20
92.8881627866914
30
0
0
VERTEX
8
0
10
37.1593678963657
20
93.3866021749287
30
0
0
VERTEX
8
0
10
37.8604880453537
20
93.8590533831169
30
0
0
VERTEX
8
0
10
38.5616081943417
20
94.3108371769248
30
0
0
VERTEX
8
0
10
39.2627283433297
20
94.7434067426453
30
0
0
VERTEX
8
0
10
39.9638484923178
20
95.149996612774
30
0
0
VERTEX
8
0
10
40.6649686413058
20
95.5355825181617
30
0
0
VERTEX
8
0
10
41.3660887902938
20
95.9018992005845
30
0
0
VERTEX
8
0
10
42.0672089392819
20
96.242764560788
30
0
0
VERTEX
8
0
10
42.7683290882699
20
96.5627211405358
30
0
0
VERTEX
8
0
10
43.4694492372579
20
96.863610935888
30
0
0
VERTEX
8
0
10
44.170569386246
20
97.1399944432537
30
0
0
VERTEX
8
0
10
44.871689535234
20
97.3959370447188
30
0
0
VERTEX
8
0
10
45.572809684222
20
97.6332706151038
30
0
0
VERTEX
8
0
10
46.27392983321
20
97.8474046916984
30
0
0
VERTEX
8
0
10
46.9750499821981
20
98.0419169055383
30
0
0
VERTEX
8
0
10
47.6761701311861
20
98.2185565398939
30
0
0
VERTEX
8
0
10
48.3772902801741
20
98.3736449816426
30
0
0
VERTEX
8
0
10
49.0784104291622
20
98.5102889695073
30
0
0
VERTEX
8
0
10
49.7795305781502
20
98.6301204384923
30
0
0
VERTEX
8
0
10
50.4806507271382
20
98.7303998077448
30
0
0
VERTEX
8
0
10
51.1817708761262
20
98.8138046784474
30
0
0
VERTEX
8
0
10
51.8828910251143
20
98.8818490998796
30
0
0
VERTEX
8
0
10
52.5840111741023
20
98.9327316701941
30
0
0
VERTEX
8
0
10
53.2851313230903
20
98.968768228467
30
0
0
VERTEX
8
0
10
53.9862514720784
20
98.9913891055816
30
0
0
VERTEX
8
0
10
54.6873716210664
20
98.9997112459267
30
0
0
VERTEX
8
0
10
55.3884917700544
20
98.9957874936952
30
0
0
VERTEX
8
0
10
56.0896119190424
20
98.9810405826079
30
0
0
VERTEX
8
0
10
56.7907320680305
20
98.9554827105067
30
0
0
VERTEX
8
0
10
57.4918522170185
20
98.9210518075012
30
0
0
VERTEX
8
0
10
58.1929723660065
20
98.8793063416355
30
0
0
VERTEX
8
0
10
58.8940925149946
20
98.8311688582911
30
0
0
VERTEX
8
0
10
59.5952126639826
20
98.7787213630334
30
0
0
VERTEX
8
0
10
60.2963328129706
20
98.7239682941407
30
0
0
VERTEX
8
0
10
60.9974529619587
20
98.6689721491908
30
0
0
VERTEX
8
0
10
61.6985731109467
20
98.6166652942776
30
0
0
VERTEX
8
0
10
62.3996932599347
20
98.5707216045283
30
0
0
VERTEX
8
0
10
63.1008134089227
20
98.5366327558628
30
0
0
VERTEX
8
0
10
63.8019335579108
20
98.5193343357561
30
0
0
VERTEX
8
0
10
64.5030537068988
20
98.5157188837103
30
0
0
VERTEX
8
0
10
65.2041738558868
20
98.5219581943997
30
0
0
VERTEX
8
0
10
65.9052940048749
20
98.5358500756922
30
0
0
VERTEX
8
0
10
66.6064141538629
20
98.5559348074853
30
0
0
VERTEX
8
0
10
67.3075343028509
20
98.5811397678955
30
0
0
VERTEX
8
0
10
68.008654451839
20
98.6106283962921
30
0
0
VERTEX
8
0
10
68.709774600827
20
98.6437224412036
30
0
0
VERTEX
8
0
10
69.410894749815
20
98.6798567308948
30
0
0
VERTEX
8
0
10
70.112014898803
20
98.7185506042336
30
0
0
VERTEX
8
0
10
70.8131350477911
20
98.759388757018
30
0
0
VERTEX
8
0
10
71.5142551967791
20
98.8020078055145
30
0
0
VERTEX
8
0
10
72.2153753457671
20
98.8460865177873
30
0
0
VERTEX
8
0
10
72.9164954947552
20
98.8913385031909
30
0
0
VERTEX
8
0
10
73.6176156437432
20
98.9375066088136
30
0
0
VERTEX
8
0
10
74.3187357927312
20
98.9843585368816
30
0
0
VERTEX
8
0
10
75.0198559417192
20
99.0316833575248
30
0
0
VERTEX
8
0
10
75.7209760907073
20
99.0792886923456
30
0
0
VERTEX
8
0
10
76.4220962396953
20
99.1269984100506
30
0
0
VERTEX
8
0
10
77.1232163886833
20
99.174650719275
30
0
0
VERTEX
8
0
10
77.8243365376714
20
99.2220965740574
30
0
0
VERTEX
8
0
10
78.5254566866594
20
99.2691983285141
30
0
0
VERTEX
8
0
10
79.2265768356474
20
99.3158285925177
30
0
0
VERTEX
8
0
10
79.9276969846354
20
99.3618692511206
30
0
0
VERTEX
8
0
10
80.6288171336235
20
99.4072106186768
30
0
0
VERTEX
8
0
10
81.3299372826115
20
99.4517507047271
30
0
0
VERTEX
8
0
10
82.0310574315995
20
99.4953945733228
30
0
0
VERTEX
8
0
10
82.7321775805876
20
99.5380537810666
30
0
0
VERTEX
8
0
10
83.4332977295756
20
99.5796458819051
30
0
0
VERTEX
8
0
10
84.1344178785636
20
99.6200939888576
30
0
0
VERTEX
8
0
10
84.8355380275517
20
99.6593263846476
30
0
0
VERTEX
8
0
10
85.5366581765397
20
99.6972761744967
30
0
0
VERTEX
8
0
10
86.2377783255277
20
99.7338809755114
30
0
0
VERTEX
8
0
10
86.9388984745157
20
99.7690826379487
30
0
0
VERTEX
8
0
10
87.6400186235038
20
99.8028269943957
30
0
0
VERTEX
8
0
10
88.3411387724918
20
99.8350636334938
30
0
0
VERTEX
8
0
10
89.0422589214798
20
99.8657456953144
30
0
0
VERTEX
8
0
10
89.7433790704679
20
99.8948296859589
30
0
0
VERTEX
8
0
10
90.4444992194559
20
99.922275309217
30
0
0
VERTEX
8
0
10
91.1456193684439
20
99.9480453134915
30
0
0
VERTEX
8
0
10
91.8467395174319
20
99.9721053523755
30
0
0
VERTEX
8
0
10
92.54785966642
20
99.9944238575074
30
0
0
VERTEX
8
0
10
93.248979815408
20
100.01497192252
30
0
0
VERTEX
8
0
10
93.950099964396
20
100.033723196973
30
0
0
VERTEX
8
0
10
94.6512201133841
20
100.050653789415
30
0
0
VERTEX
8
0
10
95.3523402623721
20
100.065742178693
30
0
0
VERTEX
8
0
10
96.0534604113601
20
100.078969132833
30
0
0
VERTEX
8
0
10
96.7545805603481
20
100.09031763483
30
0
0
VERTEX
8
0
10
97.4557007093362
20
100.099772814813
30
0
0
VERTEX
8
0
10
98.1568208583242
20
100.10732188804
30
0
0
VERTEX
8
0
10
98.8579410073122
20
100.112954098328
30
0
0
VERTEX
8
0
10
99.5590611563003
20
100.116660666485
30
0
0
VERTEX
8
0
10
100.260181305288
20
100.11843474342
30
0
0
VERTEX
8
0
10
100.961301454276
20
100.118271367598
30
0
0
VERTEX
8
0
10
101.662421603264
20
100.116167426572
30
0
0
VERTEX
8
0
10
102.363541752252
20
100.112121622347
30
0
0
VERTEX
8
0
10
103.06466190124
20
100.106134440349
30
0
0
VERTEX
8
0
10
103.765782050228
20
100.098208121809
30
0
0
VERTEX
8
0
10
104.466902199216
20
100.088346639395
30
0
0
VERTEX
8
0
10
105.168022348204
20
100.076555675935
30
0
0
VERTEX
8
0
10
105.869142497193
20
100.062842606108
30
0
0
VERTEX
8
0
10
106.570262646181
20
100.04721648098
30
0
0
VERTEX
8
0
10
107.271382795169
20
100.029688015311
30
0
0
VERTEX
8
0
10
107.972502944157
20
100.010269577531
30
0
0
VERTEX
8
0
10
108.673623093145
20
99.9889751823442
30
0
0
VERTEX
8
0
10
109.374743242133
20
99.965820485895
30
0
0
VERTEX
8
0
10
110.075863391121
20
99.9408227834853
30
0
0
VERTEX
8
0
10
110.776983540109
20
99.9140010098095
30
0
0
VERTEX
8
0
10
111.478103689097
20
99.8853757417209
30
0
0
VERTEX
8
0
10
112.179223838085
20
99.8549692035361
30
0
0
VERTEX
8
0
10
112.880343987073
20
99.8228052749198
30
0
0
VERTEX
8
0
10
113.581464136061
20
99.7889095013967
30
0
0
VERTEX
8
0
10
114.282584285049
20
99.7533091075655
30
0
0
VERTEX
8
0
10
114.983704434037
20
99.7160330131101
30
0
0
VERTEX
8
0
10
115.684824583025
20
99.6771118517268
30
0
0
VERTEX
8
0
10
116.385944732013
20
99.6365779931132
30
0
0
VERTEX
8
0
10
117.087064881001
20
99.5944655681976
30
0
0
VERTEX
8
0
10
117.788185029989
20
99.5508104978267
30
0
0
VERTEX
8
0
10
118.489305178977
20
99.5056505251613
30
0
0
VERTEX
8
0
10
119.190425327965
20
99.4590252520918
30
0
0
VERTEX
8
0
10
119.891545476953
20
99.4109761800333
30
0
0
VERTEX
8
0
10
120.592665625941
20
99.3615467555341
30
0
0
VERTEX
8
0
10
121.293785774929
20
99.310782421212
30
0
0
VERTEX
8
0
10
121.994905923917
20
99.2587306726348
30
0
0
VERTEX
8
0
10
122.696026072905
20
99.2054411218822
30
0
0
VERTEX
8
0
10
123.397146221893
20
99.1509655686757
30
0
0
VERTEX
8
0
10
124.098266370881
20
99.0953580801493
30
0
0
VERTEX
8
0
10
124.79938651987
20
99.0386750805735
30
0
0
VERTEX
8
0
10
125.500506668858
20
98.9809754526222
30
0
0
VERTEX
8
0
10
126.201626817846
20
98.9223206521688
30
0
0
VERTEX
8
0
10
126.902746966834
20
98.8627748390648
30
0
0
VERTEX
8
0
10
127.603867115822
20
98.8024050269945
30
0
0
VERTEX
8
0
10
128.30498726481
20
98.7412812563319
30
0
0
VERTEX
8
0
10
129.006107413798
20
98.6794767950473
30
0
0
VERTEX
8
0
10
129.707227562786
20
98.6170683742343
30
0
0
VERTEX
8
0
10
130.408347711774
20
98.5541364669477
30
0
0
VERTEX
8
0
10
131.109467860762
20
98.4907656220231
30
0
0
VERTEX
8
0
10
131.81058800975
20
98.4270448688734
30
0
0
VERTEX
8
0
10
132.511708158738
20
98.3630682156397
30
0
0
VERTEX
8
0
10
133.212828307726
20
98.2989352728136
30
0
0
VERTEX
8
0
10
133.913948456714
20
98.2347520497665
30
0
0
VERTEX
8
0
10
134.615068605702
20
98.170631996704
30
0
0
VERTEX
8
0
10
135.31618875469
20
98.1066974074801
30
0
0
VERTEX
8
0
10
136.017308903678
20
98.043081376109
30
0
0
VERTEX
8
0
10
136.718429052666
20
97.979930647359
30
0
0
VERTEX
8
0
10
137.419549201654
20
97.9174099955422
30
0
0
VERTEX
8
0
10
138.120669350642
20
97.8557093345102
30
0
0
VERTEX
8
0
10
138.82178949963
20
97.7950554705763
30
0
0
VERTEX
8
0
10
139.522909648618
20
97.7357273721745
30
0
0
VERTEX
8
0
10
140.224029797606
20
97.6780399683313
30
0
0
VERTEX
8
0
10
140.925149946594
20
97.622184980648
30
0
0
VERTEX
8
0
10
141.626270095583
20
97.5680705502656
30
0
0
VERTEX
8
0
10
142.327390244571
20
97.5154828864899
30
0
0
VERTEX
8
0
10
143.028510393559
20
97.4642401663568
30
0
0
VERTEX
8
0
10
143.729630542547
20
97.4142072087381
30
0
0
VERTEX
8
0
10
144.430750691535
20
97.3652808549167
30
0
0
VERTEX
8
0
10
145.131870840523
20
97.3173789498024
30
0
0
VERTEX
8
0
10
145.832990989511
20
97.2704337636622
30
0
0
VERTEX
8
0
10
146.534111138499
20
97.2243879933924
30
0
0
VERTEX
8
0
10
147.235231287487
20
97.1791921951043
30
0
0
VERTEX
8
0
10
147.936351436475
20
97.1348030471527
30
0
0
VERTEX
8
0
10
148.637471585463
20
97.0911821229176
30
0
0
VERTEX
8
0
10
149.338591734451
20
97.048294992755
30
0
0
VERTEX
8
0
10
150.039711883439
20
97.006110547723
30
0
0
VERTEX
8
0
10
150.740832032427
20
96.9646004780758
30
0
0
VERTEX
8
0
10
151.441952181415
20
96.9237388629848
30
0
0
VERTEX
8
0
10
152.143072330403
20
96.8835018422035
30
0
0
VERTEX
8
0
10
152.844192479391
20
96.8438673494079
30
0
0
VERTEX
8
0
10
153.545312628379
20
96.8048148928202
30
0
0
VERTEX
8
0
10
154.246432777367
20
96.766325372671
30
0
0
SEQEND
8
0
0
POLYLINE
8
0
62
4
70
0
10
0
20
0
30
0
0
VERTEX
8
0
10
5.60896119190425
20
40.1875491966085
30
0
0
VERTEX
8
0
10
6.31008134089228
20
42.8227012048846
30
0
0
VERTEX
8
0
10
7.01120148988032
20
45.4507328303247
30
0
0
VERTEX
8
0
10
7.71232163886835
20
48.2620230354705
30
0
0
VERTEX
8
0
10
8.41344178785638
20
51.0682350716961
30
0
0
VERTEX
8
0
10
9.11456193684441
20
53.7495703234568
30
0
0
VERTEX
8
0
10
9.81568208583244
20
56.826850327568
30
0
0
VERTEX
8
0
10
10.5168022348205
20
58.930366096086
30
0
0
VERTEX
8
0
10
11.2179223838085
20
61.0300695746266
30
0
0
VERTEX
8
0
10
11.9190425327965
20
62.8074440442817
30
0
0
VERTEX
8
0
10
12.6201626817846
20
64.4367910332252
30
0
0
VERTEX
8
0
10
13.3212828307726
20
66.0533930008919
30
0
0
VERTEX
8
0
10
14.0224029797606
20
67.5676329377119
30
0
0
VERTEX
8
0
10
14.7235231287487
20
69.029416365797
30
0
0
VERTEX
8
0
10
15.4246432777367
20
70.4576773601701
30
0
0
VERTEX
8
0
10
16.1257634267247
20
71.7264900511316
30
0
0
VERTEX
8
0
10
16.8268835757128
20
72.8274556876201
30
0
0
VERTEX
8
0
10
17.5280037247008
20
73.8908943647431
30
0
0
VERTEX
8
0
10
18.2291238736888
20
74.9385933254661
30
0
0
VERTEX
8
0
10
18.9302440226769
20
75.889927353606
30
0
0
VERTEX
8
0
10
19.6313641716649
20
76.801303222676
30
0
0
VERTEX
8
0
10
20.3324843206529
20
77.7132266429548
30
0
0
VERTEX
8
0
10
21.033604469641
20
78.6027532481943
30
0
0
VERTEX
8
0
10
21.734724618629
20
79.2974076742418
30
0
0
VERTEX
8
0
10
22.435844767617
20
79.9859528108342
30
0
0
VERTEX
8
0
10
23.1369649166051
20
80.6642061712158
30
0
0
VERTEX
8
0
10
23.8380850655931
20
81.3332879118932
30
0
0
VERTEX
8
0
10
24.5392052145811
20
81.9629363585492
30
0
0
VERTEX
8
0
10
25.2403253635692
20
82.5702218721755
30
0
0
VERTEX
8
0
10
25.9414455125572
20
83.1555107451234
30
0
0
VERTEX
8
0
10
26.6425656615452
20
83.7412950778603
30
0
0
VERTEX
8
0
10
27.3436858105332
20
84.2761360025875
30
0
0
VERTEX
8
0
10
28.0448059595213
20
84.7985842751336
30
0
0
VERTEX
8
0
10
28.7459261085093
20
85.3136906397492
30
0
0
VERTEX
8
0
10
29.4470462574973
20
85.7991757430472
30
0
0
VERTEX
8
0
10
30.1481664064854
20
86.2701508898363
30
0
0
VERTEX
8
0
10
30.8492865554734
20
86.7965165029634
30
0
0
VERTEX
8
0
10
31.5504067044614
20
87.3116788578681
30
0
0
VERTEX
8
0
10
32.2515268534495
20
87.7365087864275
30
0
0
VERTEX
8
0
10
32.9526470024375
20
88.1540154255196
30
0
0
VERTEX
8
0
10
33.6537671514255
20
88.61061630967
30
0
0
VERTEX
8
0
10
34.3548873004135
20
89.0535179718456
30
0
0
VERTEX
8
0
10
35.0560074494016
20
89.4876790444219
30
0
0
VERTEX
8
0
10
35.7571275983896
20
89.9131127439235
30
0
0
VERTEX
8
0
10
36.4582477473776
20
90.2960806121388
30
0
0
VERTEX
8
0
10
37.1593678963657
20
90.6878934917005
30
0
0
VERTEX
8
0
10
37.8604880453537
20
91.0689084264702
30
0
0
VERTEX
8
0
10
38.5616081943417
20
91.4300178450818
30
0
0
VERTEX
8
0
10
39.2627283433297
20
91.7814376145814
30
0
0
VERTEX
8
0
10
39.9638484923178
20
92.12782818594
30
0
0
VERTEX
8
0
10
40.6649686413058
20
92.4700449615766
30
0
0
VERTEX
8
0
10
41.3660887902938
20
92.7491407342913
30
0
0
VERTEX
8
0
10
42.0672089392819
20
93.0117156268885
30
0
0
VERTEX
8
0
10
42.7683290882699
20
93.2871234377011
30
0
0
VERTEX
8
0
10
43.4694492372579
20
93.559144499956
30
0
0
VERTEX
8
0
10
44.170569386246
20
93.7878389254433
30
0
0
VERTEX
8
0
10
44.871689535234
20
94.0118076955993
30
0
0
VERTEX
8
0
10
45.572809684222
20
94.2338429167049
30
0
0
VERTEX
8
0
10
46.27392983321
20
94.444049008005
30
0
0
VERTEX
8
0
10
46.9750499821981
20
94.6625749931805
30
0
0
VERTEX
8
0
10
47.6761701311861
20
94.869227399023
30
0
0
VERTEX
8
0
10
48.3772902801741
20
95.0674153323052
30
0
0
VERTEX
8
0
10
49.0784104291622
20
95.2595446375734
30
0
0
VERTEX
8
0
10
49.7795305781502
20
95.4464747820573
30
0
0
VERTEX
8
0
10
50.4806507271382
20
95.628138977122
30
0
0
VERTEX
8
0
10
51.1817708761262
20
95.8049998731302
30
0
0
VERTEX
8
0
10
51.8828910251143
20
96.0028408631923
30
0
0
VERTEX
8
0
10
52.5840111741023
20
96.1966654185664
30
0
0
VERTEX
8
0
10
53.2851313230903
20
96.3940603215737
30
0
0
VERTEX
8
0
10
53.9862514720784
20
96.587917003345
30
0
0
VERTEX
8
0
10
54.6873716210664
20
96.7872064671342
30
0
0
VERTEX
8
0
10
55.3884917700544
20
96.9796777166596
30
0
0
VERTEX
8
0
10
56.0896119190424
20
97.164468662447
30
0
0
VERTEX
8
0
10
56.7907320680305
20
97.3440982695882
30
0
0
VERTEX
8
0
10
57.4918522170185
20
97.4974596624887
30
0
0
VERTEX
8
0
10
58.1929723660065
20
97.6523923555018
30
0
0
VERTEX
8
0
10
58.8940925149946
20
97.8083918597138
30
0
0
VERTEX
8
0
10
59.5952126639826
20
97.9531080559434
30
0
0
VERTEX
8
0
10
60.2963328129706
20
98.0900407487118
30
0
0
VERTEX
8
0
10
60.9974529619587
20
98.2189224605004
30
0
0
VERTEX
8
0
10
61.6985731109467
20
98.3410600492593
30
0
0
VERTEX
8
0
10
62.3996932599347
20
98.4060102328142
30
0
0
VERTEX
8
0
10
63.1008134089227
20
98.4573990708668
30
0
0
VERTEX
8
0
10
63.8019335579108
20
98.4994367024918
30
0
0
VERTEX
8
0
10
64.5030537068988
20
98.5383502149109
30
0
0
VERTEX
8
0
10
65.2041738558868
20
98.5580621902553
30
0
0
VERTEX
8
0
10
65.9052940048749
20
98.5782608963467
30
0
0
VERTEX
8
0
10
66.6064141538629
20
98.591804091923
30
0
0
VERTEX
8
0
10
67.3075343028509
20
98.6048970236062
30
0
0
VERTEX
8
0
10
68.008654451839
20
98.6339856815682
30
0
0
VERTEX
8
0
10
68.709774600827
20
98.658829202062
30
0
0
VERTEX
8
0
10
69.410894749815
20
98.6757075648706
30
0
0
VERTEX
8
0
10
70.112014898803
20
98.6898867497733
30
0
0
VERTEX
8
0
10
70.8131350477911
20
98.7002813278434
30
0
0
VERTEX
8
0
10
71.5142551967791
20
98.7101227023183
30
0
0
VERTEX
8
0
10
72.2153753457671
20
98.7279581949957
30
0
0
VERTEX
8
0
10
72.9164954947552
20
98.7117323888656
30
0
0
VERTEX
8
0
10
73.6176156437432
20
98.6854580672726
30
0
0
VERTEX
8
0
10
74.3187357927312
20
98.6699890137694
30
0
0
VERTEX
8
0
10
75.0198559417192
20
98.658421961309
30
0
0
VERTEX
8
0
10
75.7209760907073
20
98.6374303935902
30
0
0
VERTEX
8
0
10
76.4220962396953
20
98.6157090834631
30
0
0
VERTEX
8
0
10
77.1232163886833
20
98.5974709303632
30
0
0
VERTEX
8
0
10
77.8243365376714
20
98.5786606186653
30
0
0
VERTEX
8
0
10
78.5254566866594
20
98.5171893334223
30
0
0
VERTEX
8
0
10
79.2265768356474
20
98.463334415107
30
0
0
VERTEX
8
0
10
79.9276969846354
20
98.414225323916
30
0
0
VERTEX
8
0
10
80.6288171336235
20
98.3638213556109
30
0
0
VERTEX
8
0
10
81.3299372826115
20
98.3182629676175
30
0
0
VERTEX
8
0
10
82.0310574315995
20
98.2703943225649
30
0
0
VERTEX
8
0
10
82.7321775805876
20
98.2264993355102
30
0
0
VERTEX
8
0
10
83.4332977295756
20
98.2386207240552
30
0
0
VERTEX
8
0
10
84.1344178785636
20
98.2733991070517
30
0
0
VERTEX
8
0
10
84.8355380275517
20
98.3109987931939
30
0
0
VERTEX
8
0
10
85.5366581765397
20
98.3493842558943
30
0
0
VERTEX
8
0
10
86.2377783255277
20
98.3990075451865
30
0
0
VERTEX
8
0
10
86.9388984745157
20
98.4479633298933
30
0
0
VERTEX
8
0
10
87.6400186235038
20
98.4991923923178
30
0
0
VERTEX
8
0
10
88.3411387724918
20
98.54940949348
30
0
0
VERTEX
8
0
10
89.0422589214798
20
98.6172652663618
30
0
0
VERTEX
8
0
10
89.7433790704679
20
98.680793815837
30
0
0
VERTEX
8
0
10
90.4444992194559
20
98.7451998508891
30
0
0
VERTEX
8
0
10
91.1456193684439
20
98.8079170668741
30
0
0
VERTEX
8
0
10
91.8467395174319
20
98.8640512522441
30
0
0
VERTEX
8
0
10
92.54785966642
20
98.9202529136584
30
0
0
VERTEX
8
0
10
93.248979815408
20
98.9777142382244
30
0
0
VERTEX
8
0
10
93.950099964396
20
99.0060814594816
30
0
0
VERTEX
8
0
10
94.6512201133841
20
99.0187049962664
30
0
0
VERTEX
8
0
10
95.3523402623721
20
99.0315862422753
30
0
0
VERTEX
8
0
10
96.0534604113601
20
99.0441142909136
30
0
0
VERTEX
8
0
10
96.7545805603481
20
99.0640151637584
30
0
0
VERTEX
8
0
10
97.4557007093362
20
99.0834758261416
30
0
0
VERTEX
8
0
10
98.1568208583242
20
99.1038150585816
30
0
0
VERTEX
8
0
10
98.8579410073122
20
99.1230716132918
30
0
0
VERTEX
8
0
10
99.5590611563003
20
99.1428265379278
30
0
0
VERTEX
8
0
10
100.260181305288
20
99.1608108540428
30
0
0
VERTEX
8
0
10
100.961301454276
20
99.1792902617258
30
0
0
VERTEX
8
0
10
101.662421603264
20
99.1960901545653
30
0
0
VERTEX
8
0
10
102.363541752252
20
99.2014716652856
30
0
0
VERTEX
8
0
10
103.06466190124
20
99.2079741006186
30
0
0
VERTEX
8
0
10
103.765782050228
20
99.2202800233003
30
0
0
VERTEX
8
0
10
104.466902199216
20
99.2174033838115
30
0
0
VERTEX
8
0
10
105.168022348204
20
99.2050936395398
30
0
0
VERTEX
8
0
10
105.869142497193
20
99.1903392198223
30
0
0
VERTEX
8
0
10
106.570262646181
20
99.1733333810716
30
0
0
VERTEX
8
0
10
107.271382795169
20
99.1870839648044
30
0
0
VERTEX
8
0
10
107.972502944157
20
99.205719632582
30
0
0
VERTEX
8
0
10
108.673623093145
20
99.2200871293693
30
0
0
VERTEX
8
0
10
109.374743242133
20
99.2322798861693
30
0
0
VERTEX
8
0
10
110.075863391121
20
99.3031065327529
30
0
0
VERTEX
8
0
10
110.776983540109
20
99.3689940319768
30
0
0
VERTEX
8
0
10
111.478103689097
20
99.4412281971658
30
0
0
VERTEX
8
0
10
112.179223838085
20
99.5123772994772
30
0
0
VERTEX
8
0
10
112.880343987073
20
99.5571290084938
30
0
0
VERTEX
8
0
10
113.581464136061
20
99.6067425689351
30
0
0
VERTEX
8
0
10
114.282584285049
20
99.6574707659599
30
0
0
VERTEX
8
0
10
114.983704434037
20
99.6847208691221
30
0
0
VERTEX
8
0
10
115.684824583025
20
99.6924023198582
30
0
0
VERTEX
8
0
10
116.385944732013
20
99.6988465188461
30
0
0
VERTEX
8
0
10
117.087064881001
20
99.7027896630021
30
0
0
VERTEX
8
0
10
117.788185029989
20
99.6957051492828
30
0
0
VERTEX
8
0
10
118.489305178977
20
99.6845772090232
30
0
0
VERTEX
8
0
10
119.190425327965
20
99.6741817483747
30
0
0
VERTEX
8
0
10
119.891545476953
20
99.6633614478365
30
0
0
VERTEX
8
0
10
120.592665625941
20
99.586689957292
30
0
0
VERTEX
8
0
10
121.293785774929
20
99.5104277721142
30
0
0
VERTEX
8
0
10
121.994905923917
20
99.4334958928495
30
0
0
VERTEX
8
0
10
122.696026072905
20
99.3559242805582
30
0
0
VERTEX
8
0
10
123.397146221893
20
99.2960583996076
30
0
0
VERTEX
8
0
10
124.098266370881
20
99.231740125107
30
0
0
VERTEX
8
0
10
124.79938651987
20
99.1707552302234
30
0
0
VERTEX
8
0
10
125.500506668858
20
99.1084179201314
30
0
0
VERTEX
8
0
10
126.201626817846
20
99.1381104547733
30
0
0
VERTEX
8
0
10
126.902746966834
20
99.1364679914606
30
0
0
VERTEX
8
0
10
127.603867115822
20
99.1316715389808
30
0
0
VERTEX
8
0
10
128.30498726481
20
99.1248994479633
30
0
0
VERTEX
8
0
10
129.006107413798
20
99.116691845959
30
0
0
VERTEX
8
0
10
129.707227562786
20
99.1083866491247
30
0
0
VERTEX
8
0
10
130.408347711774
20
99.0997346155129
30
0
0
VERTEX
8
0
10
131.109467860762
20
99.0966613030534
30
0
0
VERTEX
8
0
10
131.81058800975
20
99.093310231156
30
0
0
VERTEX
8
0
10
132.511708158738
20
99.0909646408642
30
0
0
VERTEX
8
0
10
133.212828307726
20
99.0883270561574
30
0
0
VERTEX
8
0
10
133.913948456714
20
99.069867785604
30
0
0
VERTEX
8
0
10
134.615068605702
20
99.0535890513783
30
0
0
VERTEX
8
0
10
135.31618875469
20
99.0378987163998
30
0
0
VERTEX
8
0
10
136.017308903678
20
99.0217998523218
30
0
0
VERTEX
8
0
10
136.718429052666
20
98.9514284206999
30
0
0
VERTEX
8
0
10
137.419549201654
20
98.897359814754
30
0
0
VERTEX
8
0
10
138.120669350642
20
98.8443340933698
30
0
0
VERTEX
8
0
10
138.82178949963
20
98.7916005513613
30
0
0
VERTEX
8
0
10
139.522909648618
20
98.7391979985171
30
0
0
VERTEX
8
0
10
140.224029797606
20
98.6868746133913
30
0
0
VERTEX
8
0
10
140.925149946594
20
98.6346656937253
30
0
0
VERTEX
8
0
10
141.626270095583
20
98.5817726691032
30
0
0
VERTEX
8
0
10
142.327390244571
20
98.528937772225
30
0
0
VERTEX
8
0
10
143.028510393559
20
98.4769158162558
30
0
0
VERTEX
8
0
10
143.729630542547
20
98.4251464686342
30
0
0
VERTEX
8
0
10
144.430750691535
20
98.3785915473661
30
0
0
VERTEX
8
0
10
145.131870840523
20
98.3315080513456
30
0
0
VERTEX
8
0
10
145.832990989511
20
98.2845389344557
30
0
0
VERTEX
8
0
10
146.534111138499
20
98.2376843608749
30
0
0
VERTEX
8
0
10
147.235231287487
20
98.2285938256302
30
0
0
VERTEX
8
0
10
147.936351436475
20
98.2091506348484
30
0
0
VERTEX
8
0
10
148.637471585463
20
98.1917999226794
30
0
0
VERTEX
8
0
10
149.338591734451
20
98.1859568988209
30
0
0
VERTEX
8
0
10
150.039711883439
20
98.1876113436999
30
0
0
VERTEX
8
0
10
150.740832032427
20
98.1893450028544
30
0
0
VERTEX
8
0
10
151.441952181415
20
98.1911578720892
30
0
0
VERTEX
8
0
10
152.143072330403
20
98.1869769240813
30
0
0
VERTEX
8
0
10
152.844192479391
20
98.1818118771532
30
0
0
VERTEX
8
0
10
153.545312628379
20
98.1774440641844
30
0
0
VERTEX
8
0
10
154.246432777367
20
98.1733125448112
30
0
0
SEQEND
8
0
0
POLYLINE
8
0
62
2
70
0
10
0
20
0
30
0
0
VERTEX
8
0
10
5.60896119190425
20
34.2537010026901
30
0
0
VERTEX
8
0
10
6.31008134089228
20
36.9930970328548
30
0
0
VERTEX
8
0
10
7.01120148988032
20
39.556429916524
30
0
0
VERTEX
8
0
10
7.71232163886835
20
41.2419589721678
30
0
0
VERTEX
8
0
10
8.41344178785638
20
43.2123246539839
30
0
0
VERTEX
8
0
10
9.11456193684441
20
45.0526850476983
30
0
0
VERTEX
8
0
10
9.81568208583244
20
46.3757806475596
30
0
0
VERTEX
8
0
10
10.5168022348205
20
47.7916852005404
30
0
0
VERTEX
8
0
10
11.2179223838085
20
49.1000604048667
30
0
0
VERTEX
8
0
10
11.9190425327965
20
50.0716193506043
30
0
0
VERTEX
8
0
10
12.6201626817846
20
51.0586459042832
30
0
0
VERTEX
8
0
10
13.3212828307726
20
51.9562087688629
30
0
0
VERTEX
8
0
10
14.0224029797606
20
52.6215537153968
30
0
0
VERTEX
8
0
10
14.7235231287487
20
53.2714492376332
30
0
0
VERTEX
8
0
10
15.4246432777367
20
53.8490148864251
30
0
0
VERTEX
8
0
10
16.1257634267247
20
54.2621437161063
30
0
0
VERTEX
8
0
10
16.8268835757128
20
54.6506853385318
30
0
0
VERTEX
8
0
10
17.5280037247008
20
54.9839913386646
30
0
0
VERTEX
8
0
10
18.2291238736888
20
55.2011210631512
30
0
0
VERTEX
8
0
10
18.9302440226769
20
55.3959250298516
30
0
0
VERTEX
8
0
10
19.6313641716649
20
55.5529433471693
30
0
0
VERTEX
8
0
10
20.3324843206529
20
55.6312296607514
30
0
0
VERTEX
8
0
10
21.033604469641
20
55.696137531942
30
0
0
VERTEX
8
0
10
21.734724618629
20
55.7415400153291
30
0
0
VERTEX
8
0
10
22.435844767617
20
55.7399782903422
30
0
0
VERTEX
8
0
10
23.1369649166051
20
55.7389989112195
30
0
0
VERTEX
8
0
10
23.8380850655931
20
55.7391360100272
30
0
0
VERTEX
8
0
10
24.5392052145811
20
55.7236359550489
30
0
0
VERTEX
8
0
10
25.2403253635692
20
55.7315950426206
30
0
0
VERTEX
8
0
10
25.9414455125572
20
55.7778970799714
30
0
0
VERTEX
8
0
10
26.6425656615452
20
55.8568392831655
30
0
0
VERTEX
8
0
10
27.3436858105332
20
55.9659467948263
30
0
0
VERTEX
8
0
10
28.0448059595213
20
56.0913212014159
30
0
0
VERTEX
8
0
10
28.7459261085093
20
56.2114172484461
30
0
0
VERTEX
8
0
10
29.4470462574973
20
56.3351778453429
30
0
0
VERTEX
8
0
10
30.1481664064854
20
56.4593406399673
30
0
0
VERTEX
8
0
10
30.8492865554734
20
56.5702954181712
30
0
0
VERTEX
8
0
10
31.5504067044614
20
56.6749869068634
30
0
0
VERTEX
8
0
10
32.2515268534495
20
56.7728893641067
30
0
0
VERTEX
8
0
10
32.9526470024375
20
56.8544521365616
30
0
0
VERTEX
8
0
10
33.6537671514255
20
56.9241855629916
30
0
0
VERTEX
8
0
10
34.3548873004135
20
56.9829089311002
30
0
0
VERTEX
8
0
10
35.0560074494016
20
57.0238114024894
30
0
0
VERTEX
8
0
10
35.7571275983896
20
57.0494308578126
30
0
0
VERTEX
8
0
10
36.4582477473776
20
57.061309916874
30
0
0
VERTEX
8
0
10
37.1593678963657
20
57.0546138745664
30
0
0
VERTEX
8
0
10
37.8604880453537
20
57.0304249317035
30
0
0
VERTEX
8
0
10
38.5616081943417
20
56.9906510631991
30
0
0
VERTEX
8
0
10
39.2627283433297
20
56.9319147065293
30
0
0
VERTEX
8
0
10
39.9638484923178
20
56.8542905174448
30
0
0
VERTEX
8
0
10
40.6649686413058
20
56.7598259469883
30
0
0
VERTEX
8
0
10
41.3660887902938
20
56.6462256755084
30
0
0
VERTEX
8
0
10
42.0672089392819
20
56.5129216742591
30
0
0
VERTEX
8
0
10
42.7683290882699
20
56.3619554389886
30
0
0
VERTEX
8
0
10
43.4694492372579
20
56.1918370041768
30
0
0
VERTEX
8
0
10
44.170569386246
20
56.001646089395
30
0
0
VERTEX
8
0
10
44.871689535234
20
55.7933281894994
30
0
0
VERTEX
8
0
10
45.572809684222
20
55.5659945824133
30
0
0
VERTEX
8
0
10
46.27392983321
20
55.3186024488532
30
0
0
VERTEX
8
0
10
46.9750499821981
20
55.05295352831
30
0
0
VERTEX
8
0
10
47.6761701311861
20
54.7686144301951
30
0
0
VERTEX
8
0
10
48.3772902801741
20
54.4646029171716
30
0
0
VERTEX
8
0
10
49.0784104291622
20
54.142565536833
30
0
0
VERTEX
8
0
10
49.7795305781502
20
53.8024291020446
30
0
0
VERTEX
8
0
10
50.4806507271382
20
53.4434227419577
30
0
0
VERTEX
8
0
10
51.1817708761262
20
53.0670626346039
30
0
0
VERTEX
8
0
10
51.8828910251143
20
52.6735906897924
30
0
0
VERTEX
8
0
10
52.5840111741023
20
52.2625820331364
30
0
0
VERTEX
8
0
10
53.2851313230903
20
51.8354907670596
30
0
0
VERTEX
8
0
10
53.9862514720784
20
51.3928869955185
30
0
0
VERTEX
8
0
10
54.6873716210664
20
50.9348331234089
30
0
0
VERTEX
8
0
10
55.3884917700544
20
50.4628530494502
30
0
0
VERTEX
8
0
10
56.0896119190424
20
49.9779416534548
30
0
0
VERTEX
8
0
10
56.7907320680305
20
49.4808387965729
30
0
0
VERTEX
8
0
10
57.4918522170185
20
48.9733849376948
30
0
0
VERTEX
8
0
10
58.1929723660065
20
48.457250313678
30
0
0
VERTEX
8
0
10
58.8940925149946
20
47.9341984098701
30
0
0
VERTEX
8
0
10
59.5952126639826
20
47.4069055324631
30
0
0
VERTEX
8
0
10
60.2963328129706
20
46.8783700450943
30
0
0
VERTEX
8
0
10
60.9974529619587
20
46.3523051686729
30
0
0
VERTEX
8
0
10
61.6985731109467
20
45.8338088044968
30
0
0
VERTEX
8
0
10
62.3996932599347
20
45.329989713763
30
0
0
VERTEX
8
0
10
63.1008134089227
20
44.8522558297379
30
0
0
VERTEX
8
0
10
63.8019335579108
20
44.4114099242969
30
0
0
VERTEX
8
0
10
64.5030537068988
20
44.0013721286324
30
0
0
VERTEX
8
0
10
65.2041738558868
20
43.6144364061786
30
0
0
VERTEX
8
0
10
65.9052940048749
20
43.246301166323
30
0
0
VERTEX
8
0
10
66.6064141538629
20
42.8941941110442
30
0
0
VERTEX
8
0
10
67.3075343028509
20
42.5561253513071
30
0
0
VERTEX
8
0
10
68.008654451839
20
42.2305740475615
30
0
0
VERTEX
8
0
10
68.709774600827
20
41.9163290034995
30
0
0
VERTEX
8
0
10
69.410894749815
20
41.6123969438848
30
0
0
VERTEX
8
0
10
70.112014898803
20
41.3179451635629
30
0
0
VERTEX
8
0
10
70.8131350477911
20
41.0322634425766
30
0
0
VERTEX
8
0
10
71.5142551967791
20
40.7547375693057
30
0
0
VERTEX
8
0
10
72.2153753457671
20
40.4848302558836
30
0
0
VERTEX
8
0
10
72.9164954947552
20
40.2220669728055
30
0
0
VERTEX
8
0
10
73.6176156437432
20
39.9660251764126
30
0
0
VERTEX
8
0
10
74.3187357927312
20
39.7163259472933
30
0
0
VERTEX
8
0
10
75.0198559417192
20
39.4726273855508
30
0
0
VERTEX
8
0
10
75.7209760907073
20
39.2346193142775
30
0
0
VERTEX
8
0
10
76.4220962396953
20
39.0020189755815
30
0
0
VERTEX
8
0
10
77.1232163886833
20
38.774567492133
30
0
0
VERTEX
8
0
10
77.8243365376714
20
38.5520269277628
30
0
0
VERTEX
8
0
10
78.5254566866594
20
38.3341778229308
30
0
0
VERTEX
8
0
10
79.2265768356474
20
38.1208171110159
30
0
0
VERTEX
8
0
10
79.9276969846354
20
37.9117563432046
30
0
0
VERTEX
8
0
10
80.6288171336235
20
37.7068201658331
30
0
0
VERTEX
8
0
10
81.3299372826115
20
37.5058450060374
30
0
0
VERTEX
8
0
10
82.0310574315995
20
37.3086779306505
30
0
0
VERTEX
8
0
10
82.7321775805876
20
37.1151756502281
30
0
0
VERTEX
8
0
10
83.4332977295756
20
36.9252036454674
30
0
0
VERTEX
8
0
10
84.1344178785636
20
36.7386353974823
30
0
0
VERTEX
8
0
10
84.8355380275517
20
36.5553517067097
30
0
0
VERTEX
8
0
10
85.5366581765397
20
36.3752400878618
30
0
0
VERTEX
8
0
10
86.2377783255277
20
36.1981942304474
30
0
0
VERTEX
8
0
10
86.9388984745157
20
36.0241135160945
30
0
0
VERTEX
8
0
10
87.6400186235038
20
35.8529025852914
30
0
0
VERTEX
8
0
10
88.3411387724918
20
35.684470947301
30
0
0
VERTEX
8
0
10
89.0422589214798
20
35.5187326279353
30
0
0
VERTEX
8
0
10
89.7433790704679
20
35.3556058506551
30
0
0
VERTEX
8
0
10
90.4444992194559
20
35.1950127470993
30
0
0
VERTEX
8
0
10
91.1456193684439
20
35.0368790936911
30
0
0
VERTEX
8
0
10
91.8467395174319
20
34.88113407142
30
0
0
VERTEX
8
0
10
92.54785966642
20
34.7277100462808
30
0
0
VERTEX
8
0
10
93.248979815408
20
34.5765423681782
30
0
0
VERTEX
8
0
10
93.950099964396
20
34.4275691863761
30
0
0
VERTEX
8
0
10
94.6512201133841
20
34.2807312798142
30
0
0
VERTEX
8
0
10
95.3523402623721
20
34.1359719008123
30
0
0
VERTEX
8
0
10
96.0534604113601
20
33.9932366308571
30
0
0
VERTEX
8
0
10
96.7545805603481
20
33.8524732473211
30
0
0
VERTEX
8
0
10
97.4557007093362
20
33.7136316000892
30
0
0
VERTEX
8
0
10
98.1568208583242
20
33.5766634971849
30
0
0
VERTEX
8
0
10
98.8579410073122
20
33.4415225985869
30
0
0
VERTEX
8
0
10
99.5590611563003
20
33.3081643175109
30
0
0
VERTEX
8
0
10
100.260181305288
20
33.1765457285117
30
0
0
VERTEX
8
0
10
100.961301454276
20
33.046625481823
30
0
0
VERTEX
8
0
10
101.662421603264
20
32.9183637234136
30
0
0
VERTEX
8
0
10
102.363541752252
20
32.79172202029
30
0
0
VERTEX
8
0
10
103.06466190124
20
32.6666632906211
30
0
0
VERTEX
8
0
10
103.765782050228
20
32.5431517383018
30
0
0
VERTEX
8
0
10
104.466902199216
20
32.4211527916072
30
0
0
VERTEX
8
0
10
105.168022348204
20
32.3006330456243
30
0
0
VERTEX
8
0
10
105.869142497193
20
32.1815602081738
30
0
0
VERTEX
8
0
10
106.570262646181
20
32.063903048961
30
0
0
VERTEX
8
0
10
107.271382795169
20
31.9476313517213
30
0
0
VERTEX
8
0
10
107.972502944157
20
31.8327158691395
30
0
0
VERTEX
8
0
10
108.673623093145
20
31.7191282803484
30
0
0
VERTEX
8
0
10
109.374743242133
20
31.6068411508244
30
0
0
VERTEX
8
0
10
110.075863391121
20
31.4958278945129
30
0
0
VERTEX
8
0
10
110.776983540109
20
31.386062738033
30
0
0
VERTEX
8
0
10
111.478103689097
20
31.2775206868197
30
0
0
VERTEX
8
0
10
112.179223838085
20
31.1701774930759
30
0
0
VERTEX
8
0
10
112.880343987073
20
31.0640096254151
30
0
0
VERTEX
8
0
10
113.581464136061
20
30.9589942400851
30
0
0
VERTEX
8
0
10
114.282584285049
20
30.8551091536721
30
0
0
VERTEX
8
0
10
114.983704434037
20
30.752332817192
30
0
0
VERTEX
8
0
10
115.684824583025
20
30.6506442914814
30
0
0
VERTEX
8
0
10
116.385944732013
20
30.5500232238096
30
0
0
VERTEX
8
0
10
117.087064881001
20
30.4504498256367
30
0
0
VERTEX
8
0
10
117.788185029989
20
30.3519048514499
30
0
0
VERTEX
8
0
10
118.489305178977
20
30.2543695786119
30
0
0
VERTEX
8
0
10
119.190425327965
20
30.1578257881648
30
0
0
VERTEX
8
0
10
119.891545476953
20
30.0622557465321
30
0
0
VERTEX
8
0
10
120.592665625941
20
29.9676421880687
30
0
0
VERTEX
8
0
10
121.293785774929
20
29.8739682984095
30
0
0
VERTEX
8
0
10
121.994905923917
20
29.781217698573
30
0
0
VERTEX
8
0
10
122.696026072905
20
29.6893744297782
30
0
0
VERTEX
8
0
10
123.397146221893
20
29.5984229389338
30
0
0
VERTEX
8
0
10
124.098266370881
20
29.5083480647664
30
0
0
VERTEX
8
0
10
124.79938651987
20
29.4191350245506
30
0
0
VERTEX
8
0
10
125.500506668858
20
29.3307694014097
30
0
0
VERTEX
8
0
10
126.201626817846
20
29.2432371321597
30
0
0
VERTEX
8
0
10
126.902746966834
20
29.1565244956627
30
0
0
VERTEX
8
0
10
127.603867115822
20
29.0706181016705
30
0
0
VERTEX
8
0
10
128.30498726481
20
28.985504880127
30
0
0
VERTEX
8
0
10
129.006107413798
20
28.9011720709107
30
0
0
VERTEX
8
0
10
129.707227562786
20
28.817607213993
30
0
0
VERTEX
8
0
10
130.408347711774
20
28.7347981399928
30
0
0
VERTEX
8
0
10
131.109467860762
20
28.6527329611074
30
0
0
VERTEX
8
0
10
131.81058800975
20
28.5714000624015
30
0
0
VERTEX
8
0
10
132.511708158738
20
28.4907880934377
30
0
0
VERTEX
8
0
10
133.212828307726
20
28.410885960231
30
0
0
VERTEX
8
0
10
133.913948456714
20
28.3316828175132
30
0
0
VERTEX
8
0
10
134.615068605702
20
28.2531680612924
30
0
0
VERTEX
8
0
10
135.31618875469
20
28.1753313216937
30
0
0
VERTEX
8
0
10
136.017308903678
20
28.0981624560672
30
0
0
VERTEX
8
0
10
136.718429052666
20
28.0216515423539
30
0
0
VERTEX
8
0
10
137.419549201654
20
27.945788872695
30
0
0
VERTEX
8
0
10
138.120669350642
20
27.8705649472741
30
0
0
VERTEX
8
0
10
138.82178949963
20
27.7959704683851
30
0
0
VERTEX
8
0
10
139.522909648618
20
27.7219963347105
30
0
0
VERTEX
8
0
10
140.224029797606
20
27.6486336358059
30
0
0
VERTEX
8
0
10
140.925149946594
20
27.5758736467785
30
0
0
VERTEX
8
0
10
141.626270095583
20
27.5037078231535
30
0
0
VERTEX
8
0
10
142.327390244571
20
27.4321277959186
30
0
0
VERTEX
8
0
10
143.028510393559
20
27.3611253667397
30
0
0
VERTEX
8
0
10
143.729630542547
20
27.2906925033416
30
0
0
VERTEX
8
0
10
144.430750691535
20
27.2208213350453
30
0
0
VERTEX
8
0
10
145.131870840523
20
27.1515041484563
30
0
0
VERTEX
8
0
10
145.832990989511
20
27.0827333832976
30
0
0
VERTEX
8
0
10
146.534111138499
20
27.0145016283816
30
0
0
VERTEX
8
0
10
147.235231287487
20
26.9468016177146
30
0
0
VERTEX
8
0
10
147.936351436475
20
26.87962622673
30
0
0
VERTEX
8
0
10
148.637471585463
20
26.8129684686433
30
0
0
VERTEX
8
0
10
149.338591734451
20
26.7468214909263
30
0
0
VERTEX
8
0
10
150.039711883439
20
26.6811785718927
30
0
0
VERTEX
8
0
10
150.740832032427
20
26.6160331173948
30
0
0
VERTEX
8
0
10
151.441952181415
20
26.5513786576228
30
0
0
VERTEX
8
0
10
152.143072330403
20
26.4872088440065
30
0
0
VERTEX
8
0
10
152.844192479391
20
26.4235174462128
30
0
0
VERTEX
8
0
10
153.545312628379
20
26.3602983492366
30
0
0
VERTEX
8
0
10
154.246432777367
20
26.2975455505818
30
0
0
SEQEND
8
0
0
POLYLINE
8
0
62
3
70
0
10
0
20
0
30
0
0
VERTEX
8
0
10
5.60896119190425
20
39.5103540743365
30
0
0
VERTEX
8
0
10
6.31008134089228
20
42.8937669045746
30
0
0
VERTEX
8
0
10
7.01120148988032
20
46.0855273241522
30
0
0
VERTEX
8
0
10
7.71232163886835
20
48.5005442731807
30
0
0
VERTEX
8
0
10
8.41344178785638
20
51.1102524753422
30
0
0
VERTEX
8
0
10
9.11456193684441
20
53.5732887876065
30
0
0
VERTEX
8
0
10
9.81568208583244
20
55.5786139344849
30
0
0
VERTEX
8
0
10
10.5168022348205
20
57.6159185126061
30
0
0
VERTEX
8
0
10
11.2179223838085
20
59.5305207931956
30
0
0
VERTEX
8
0
10
11.9190425327965
20
61.1464674893964
30
0
0
VERTEX
8
0
10
12.6201626817846
20
62.7332804031314
30
0
0
VERTEX
8
0
10
13.3212828307726
20
64.2173719279588
30
0
0
VERTEX
8
0
10
14.0224029797606
20
65.4952650441661
30
0
0
VERTEX
8
0
10
14.7235231287487
20
66.7233504938908
30
0
0
VERTEX
8
0
10
15.4246432777367
20
67.867670864113
30
0
0
VERTEX
8
0
10
16.1257634267247
20
68.8661669553956
30
0
0
VERTEX
8
0
10
16.8268835757128
20
69.8126287297832
30
0
0
VERTEX
8
0
10
17.5280037247008
20
70.6938749233162
30
0
0
VERTEX
8
0
10
18.2291238736888
20
71.4726178928992
30
0
0
VERTEX
8
0
10
18.9302440226769
20
72.2062250186639
30
0
0
VERTEX
8
0
10
19.6313641716649
20
72.8928844065116
30
0
0
VERTEX
8
0
10
20.3324843206529
20
73.5106555642823
30
0
0
VERTEX
8
0
10
21.033604469641
20
74.0949500305241
30
0
0
VERTEX
8
0
10
21.734724618629
20
74.6504089907047
30
0
0
VERTEX
8
0
10
22.435844767617
20
75.1650031825835
30
0
0
VERTEX
8
0
10
23.1369649166051
20
75.6607328291405
30
0
0
VERTEX
8
0
10
23.8380850655931
20
76.1464309016434
30
0
0
VERTEX
8
0
10
24.5392052145811
20
76.6175500403273
30
0
0
VERTEX
8
0
10
25.2403253635692
20
77.089727203608
30
0
0
VERTEX
8
0
10
25.9414455125572
20
77.5812960213725
30
0
0
VERTEX
8
0
10
26.6425656615452
20
78.0946431508339
30
0
0
VERTEX
8
0
10
27.3436858105332
20
78.6142886140245
30
0
0
VERTEX
8
0
10
28.0448059595213
20
79.1363770154396
30
0
0
VERTEX
8
0
10
28.7459261085093
20
79.6512445010893
30
0
0
VERTEX
8
0
10
29.4470462574973
20
80.1525666946632
30
0
0
VERTEX
8
0
10
30.1481664064854
20
80.644056740245
30
0
0
VERTEX
8
0
10
30.8492865554734
20
81.1215884997059
30
0
0
VERTEX
8
0
10
31.5504067044614
20
81.5783498668049
30
0
0
VERTEX
8
0
10
32.2515268534495
20
82.0197098128395
30
0
0
VERTEX
8
0
10
32.9526470024375
20
82.4441259196265
30
0
0
VERTEX
8
0
10
33.6537671514255
20
82.8440396659654
30
0
0
VERTEX
8
0
10
34.3548873004135
20
83.2253909454982
30
0
0
VERTEX
8
0
10
35.0560074494016
20
83.5881970902232
30
0
0
VERTEX
8
0
10
35.7571275983896
20
83.9245269740299
30
0
0
VERTEX
8
0
10
36.4582477473776
20
84.240403620463
30
0
0
VERTEX
8
0
10
37.1593678963657
20
84.5368176705586
30
0
0
VERTEX
8
0
10
37.8604880453537
20
84.8058585803193
30
0
0
VERTEX
8
0
10
38.5616081943417
20
85.0533564743836
30
0
0
VERTEX
8
0
10
39.2627283433297
20
85.280886403584
30
0
0
VERTEX
8
0
10
39.9638484923178
20
85.4808850470101
30
0
0
VERTEX
8
0
10
40.6649686413058
20
85.6588225103626
30
0
0
VERTEX
8
0
10
41.3660887902938
20
85.8165874311139
30
0
0
VERTEX
8
0
10
42.0672089392819
20
85.9472160800887
30
0
0
VERTEX
8
0
10
42.7683290882699
20
86.0557192303732
30
0
0
VERTEX
8
0
10
43.4694492372579
20
86.1441094967261
30
0
0
VERTEX
8
0
10
44.170569386246
20
86.2062088910176
30
0
0
VERTEX
8
0
10
44.871689535234
20
86.246517133537
30
0
0
VERTEX
8
0
10
45.572809684222
20
86.2670421058862
30
0
0
VERTEX
8
0
10
46.27392983321
20
86.2625219469762
30
0
0
VERTEX
8
0
10
46.9750499821981
20
86.2369303486282
30
0
0
VERTEX
8
0
10
47.6761701311861
20
86.1921906810202
30
0
0
VERTEX
8
0
10
48.3772902801741
20
86.1240415426838
30
0
0
VERTEX
8
0
10
49.0784104291622
20
86.0359467925673
30
0
0
VERTEX
8
0
10
49.7795305781502
20
85.929707713894
30
0
0
VERTEX
8
0
10
50.4806507271382
20
85.8021102665405
30
0
0
VERTEX
8
0
10
51.1817708761262
20
85.6561540962593
30
0
0
VERTEX
8
0
10
51.8828910251143
20
85.4935205037953
30
0
0
VERTEX
8
0
10
52.5840111741023
20
85.3120606525377
30
0
0
VERTEX
8
0
10
53.2851313230903
20
85.1143872073519
30
0
0
VERTEX
8
0
10
53.9862514720784
20
84.9021055252645
30
0
0
VERTEX
8
0
10
54.6873716210664
20
84.6741311279042
30
0
0
VERTEX
8
0
10
55.3884917700544
20
84.4328069901816
30
0
0
VERTEX
8
0
10
56.0896119190424
20
84.179759102501
30
0
0
VERTEX
8
0
10
56.7907320680305
20
83.914966501736
30
0
0
VERTEX
8
0
10
57.4918522170185
20
83.6406833581458
30
0
0
VERTEX
8
0
10
58.1929723660065
20
83.3587382777271
30
0
0
VERTEX
8
0
10
58.8940925149946
20
83.0702233310588
30
0
0
VERTEX
8
0
10
59.5952126639826
20
82.7776257497999
30
0
0
VERTEX
8
0
10
60.2963328129706
20
82.4833685519459
30
0
0
VERTEX
8
0
10
60.9974529619587
20
82.1899725111399
30
0
0
VERTEX
8
0
10
61.6985731109467
20
81.9010350157746
30
0
0
VERTEX
8
0
10
62.3996932599347
20
81.6210906646547
30
0
0
VERTEX
8
0
10
63.1008134089227
20
81.3569273018819
30
0
0
VERTEX
8
0
10
63.8019335579108
20
81.1147319955741
30
0
0
VERTEX
8
0
10
64.5030537068988
20
80.8909586955636
30
0
0
VERTEX
8
0
10
65.2041738558868
20
80.6811348035222
30
0
0
VERTEX
8
0
10
65.9052940048749
20
80.482724946025
30
0
0
VERTEX
8
0
10
66.6064141538629
20
80.2940741188629
30
0
0
VERTEX
8
0
10
67.3075343028509
20
80.11398289366
30
0
0
VERTEX
8
0
10
68.008654451839
20
79.9415275970886
30
0
0
VERTEX
8
0
10
68.709774600827
20
79.7759681063107
30
0
0
VERTEX
8
0
10
69.410894749815
20
79.6166944150844
30
0
0
VERTEX
8
0
10
70.112014898803
20
79.4631930059992
30
0
0
VERTEX
8
0
10
70.8131350477911
20
79.3150243862442
30
0
0
VERTEX
8
0
10
71.5142551967791
20
79.1718073843996
30
0
0
VERTEX
8
0
10
72.2153753457671
20
79.0332077738036
30
0
0
VERTEX
8
0
10
72.9164954947552
20
78.8989297882701
30
0
0
VERTEX
8
0
10
73.6176156437432
20
78.7687096413997
30
0
0
VERTEX
8
0
10
74.3187357927312
20
78.6423104754758
30
0
0
VERTEX
8
0
10
75.0198559417192
20
78.5195183561899
30
0
0
VERTEX
8
0
10
75.7209760907073
20
78.4001390490207
30
0
0
VERTEX
8
0
10
76.4220962396953
20
78.2839953907635
30
0
0
VERTEX
8
0
10
77.1232163886833
20
78.17092512163
30
0
0
VERTEX
8
0
10
77.8243365376714
20
78.0607790789231
30
0
0
VERTEX
8
0
10
78.5254566866594
20
77.9534196782255
30
0
0
VERTEX
8
0
10
79.2265768356474
20
77.8487196258296
30
0
0
VERTEX
8
0
10
79.9276969846354
20
77.7465608190872
30
0
0
VERTEX
8
0
10
80.6288171336235
20
77.6468334009055
30
0
0
VERTEX
8
0
10
81.3299372826115
20
77.549434941761
30
0
0
VERTEX
8
0
10
82.0310574315995
20
77.4542697280306
30
0
0
VERTEX
8
0
10
82.7321775805876
20
77.3612481396
30
0
0
VERTEX
8
0
10
83.4332977295756
20
77.2702861029305
30
0
0
VERTEX
8
0
10
84.1344178785636
20
77.1813046082964
30
0
0
VERTEX
8
0
10
84.8355380275517
20
77.0942292819036
30
0
0
VERTEX
8
0
10
85.5366581765397
20
77.0089900051875
30
0
0
VERTEX
8
0
10
86.2377783255277
20
76.9255205748697
30
0
0
VERTEX
8
0
10
86.9388984745157
20
76.8437583983889
30
0
0
VERTEX
8
0
10
87.6400186235038
20
76.7636442201638
30
0
0
VERTEX
8
0
10
88.3411387724918
20
76.6851218748349
30
0
0
VERTEX
8
0
10
89.0422589214798
20
76.6081380642048
30
0
0
VERTEX
8
0
10
89.7433790704679
20
76.5326421550725
30
0
0
VERTEX
8
0
10
90.4444992194559
20
76.458585995544
30
0
0
VERTEX
8
0
10
91.1456193684439
20
76.3859237477394
30
0
0
VERTEX
8
0
10
91.8467395174319
20
76.3146117350923
30
0
0
VERTEX
8
0
10
92.54785966642
20
76.244608302673
30
0
0
VERTEX
8
0
10
93.248979815408
20
76.1758736891671
30
0
0
VERTEX
8
0
10
93.950099964396
20
76.1083699093091
30
0
0
VERTEX
8
0
10
94.6512201133841
20
76.0420606457264
30
0
0
VERTEX
8
0
10
95.3523402623721
20
75.9769111492601
30
0
0
VERTEX
8
0
10
96.0534604113601
20
75.9128881469473
30
0
0
VERTEX
8
0
10
96.7545805603481
20
75.8499597569445
30
0
0
VERTEX
8
0
10
97.4557007093362
20
75.7880954097411
30
0
0
VERTEX
8
0
10
98.1568208583242
20
75.7272657751004
30
0
0
VERTEX
8
0
10
98.8579410073122
20
75.6674426942082
30
0
0
VERTEX
8
0
10
99.5590611563003
20
75.6085991165808
30
0
0
VERTEX
8
0
10
100.260181305288
20
75.5507090413156
30
0
0
VERTEX
8
0
10
100.961301454276
20
75.4937474623254
30
0
0
VERTEX
8
0
10
101.662421603264
20
75.4376903172179
30
0
0
VERTEX
8
0
10
102.363541752252
20
75.3825144395268
30
0
0
VERTEX
8
0
10
103.06466190124
20
75.3281975140274
30
0
0
VERTEX
8
0
10
103.765782050228
20
75.2747180348862
30
0
0
VERTEX
8
0
10
104.466902199216
20
75.2220552664325
30
0
0
VERTEX
8
0
10
105.168022348204
20
75.1701892063442
30
0
0
VERTEX
8
0
10
105.869142497193
20
75.1191005510703
30
0
0
VERTEX
8
0
10
106.570262646181
20
75.0687706633236
30
0
0
VERTEX
8
0
10
107.271382795169
20
75.0191815414897
30
0
0
VERTEX
8
0
10
107.972502944157
20
74.9703157908173
30
0
0
VERTEX
8
0
10
108.673623093145
20
74.9221565962613
30
0
0
VERTEX
8
0
10
109.374743242133
20
74.8746876968641
30
0
0
VERTEX
8
0
10
110.075863391121
20
74.8278933615685
30
0
0
VERTEX
8
0
10
110.776983540109
20
74.7817583663638
30
0
0
VERTEX
8
0
10
111.478103689097
20
74.736267972678
30
0
0
VERTEX
8
0
10
112.179223838085
20
74.6914079069297
30
0
0
VERTEX
8
0
10
112.880343987073
20
74.6471643411682
30
0
0
VERTEX
8
0
10
113.581464136061
20
74.603523874728
30
0
0
VERTEX
8
0
10
114.282584285049
20
74.5604735168341
30
0
0
VERTEX
8
0
10
114.983704434037
20
74.5180006700988
30
0
0
VERTEX
8
0
10
115.684824583025
20
74.4760931148541
30
0
0
VERTEX
8
0
10
116.385944732013
20
74.4347389942681
30
0
0
VERTEX
8
0
10
117.087064881001
20
74.3939268001973
30
0
0
VERTEX
8
0
10
117.788185029989
20
74.3536453597332
30
0
0
VERTEX
8
0
10
118.489305178977
20
74.3138838223972
30
0
0
VERTEX
8
0
10
119.190425327965
20
74.2746316479509
30
0
0
VERTEX
8
0
10
119.891545476953
20
74.2358785947831
30
0
0
VERTEX
8
0
10
120.592665625941
20
74.1976147088409
30
0
0
VERTEX
8
0
10
121.293785774929
20
74.1598303130736
30
0
0
VERTEX
8
0
10
121.994905923917
20
74.1225159973628
30
0
0
VERTEX
8
0
10
122.696026072905
20
74.0856626089087
30
0
0
VERTEX
8
0
10
123.397146221893
20
74.0492612430504
30
0
0
VERTEX
8
0
10
124.098266370881
20
74.0133032344924
30
0
0
VERTEX
8
0
10
124.79938651987
20
73.977780148922
30
0
0
VERTEX
8
0
10
125.500506668858
20
73.9426837749901
30
0
0
VERTEX
8
0
10
126.201626817846
20
73.9080061166395
30
0
0
VERTEX
8
0
10
126.902746966834
20
73.8737393857634
30
0
0
VERTEX
8
0
10
127.603867115822
20
73.8398759951741
30
0
0
VERTEX
8
0
10
128.30498726481
20
73.8064085518687
30
0
0
VERTEX
8
0
10
129.006107413798
20
73.773329850576
30
0
0
VERTEX
8
0
10
129.707227562786
20
73.7406328675681
30
0
0
VERTEX
8
0
10
130.408347711774
20
73.7083107547285
30
0
0
VERTEX
8
0
10
131.109467860762
20
73.6763568338584
30
0
0
VERTEX
8
0
10
131.81058800975
20
73.6447645912138
30
0
0
VERTEX
8
0
10
132.511708158738
20
73.6135276722605
30
0
0
VERTEX
8
0
10
133.212828307726
20
73.5826398766362
30
0
0
VERTEX
8
0
10
133.913948456714
20
73.5520951533106
30
0
0
VERTEX
8
0
10
134.615068605702
20
73.5218875959339
30
0
0
VERTEX
8
0
10
135.31618875469
20
73.4920114383647
30
0
0
VERTEX
8
0
10
136.017308903678
20
73.4624610503694
30
0
0
VERTEX
8
0
10
136.718429052666
20
73.4332309334855
30
0
0
VERTEX
8
0
10
137.419549201654
20
73.4043157170391
30
0
0
VERTEX
8
0
10
138.120669350642
20
73.3757101543129
30
0
0
VERTEX
8
0
10
138.82178949963
20
73.3474091188559
30
0
0
VERTEX
8
0
10
139.522909648618
20
73.3194076009293
30
0
0
VERTEX
8
0
10
140.224029797606
20
73.2917007040805
30
0
0
VERTEX
8
0
10
140.925149946594
20
73.2642836418441
30
0
0
VERTEX
8
0
10
141.626270095583
20
73.2371517345595
30
0
0
VERTEX
8
0
10
142.327390244571
20
73.2103004063027
30
0
0
VERTEX
8
0
10
143.028510393559
20
73.183725181928
30
0
0
VERTEX
8
0
10
143.729630542547
20
73.1574216842108
30
0
0
VERTEX
8
0
10
144.430750691535
20
73.1313856310951
30
0
0
VERTEX
8
0
10
145.131870840523
20
73.1056128330317
30
0
0
VERTEX
8
0
10
145.832990989511
20
73.0800991904108
30
0
0
VERTEX
8
0
10
146.534111138499
20
73.0548406910817
30
0
0
VERTEX
8
0
10
147.235231287487
20
73.0298334079571
30
0
0
VERTEX
8
0
10
147.936351436475
20
73.0050734966976
30
0
0
VERTEX
8
0
10
148.637471585463
20
72.9805571934741
30
0
0
VERTEX
8
0
10
149.338591734451
20
72.9562808128057
30
0
0
VERTEX
8
0
10
150.039711883439
20
72.9322407454669
30
0
0
VERTEX
8
0
10
150.740832032427
20
72.9084334564648
30
0
0
VERTEX
8
0
10
151.441952181415
20
72.8848554830834
30
0
0
VERTEX
8
0
10
152.143072330403
20
72.8615034329893
30
0
0
VERTEX
8
0
10
152.844192479391
20
72.838373982399
30
0
0
VERTEX
8
0
10
153.545312628379
20
72.8154638743054
30
0
0
VERTEX
8
0
10
154.246432777367
20
72.7927699167606
30
0
0
SEQEND
8
0
0
POLYLINE
8
0
62
4
70
0
10
0
20
0
30
0
0
VERTEX
8
0
10
5.60896119190425
20
39.749075975659
30
0
0
VERTEX
8
0
10
6.31008134089228
20
42.2543178696905
30
0
0
VERTEX
8
0
10
7.01120148988032
20
44.7317960416626
30
0
0
VERTEX
8
0
10
7.71232163886835
20
47.378840887484
30
0
0
VERTEX
8
0
10
8.41344178785638
20
50.0038811720321
30
0
0
VERTEX
8
0
10
9.11456193684441
20
52.4880600337121
30
0
0
VERTEX
8
0
10
9.81568208583244
20
55.367689525022
30
0
0
VERTEX
8
0
10
10.5168022348205
20
57.3061304476235
30
0
0
VERTEX
8
0
10
11.2179223838085
20
59.2173631980178
30
0
0
VERTEX
8
0
10
11.9190425327965
20
60.7912786481167
30
0
0
VERTEX
8
0
10
12.6201626817846
20
62.2642986026965
30
0
0
VERTEX
8
0
10
13.3212828307726
20
63.7080801755851
30
0
0
VERTEX
8
0
10
14.0224029797606
20
65.0434304748999
30
0
0
VERTEX
8
0
10
14.7235231287487
20
66.333754228732
30
0
0
VERTEX
8
0
10
15.4246432777367
20
67.5967882755183
30
0
0
VERTEX
8
0
10
16.1257634267247
20
68.6921400506101
30
0
0
VERTEX
8
0
10
16.8268835757128
20
69.610343576112
30
0
0
VERTEX
8
0
10
17.5280037247008
20
70.5065811367231
30
0
0
VERTEX
8
0
10
18.2291238736888
20
71.3898459913369
30
0
0
VERTEX
8
0
10
18.9302440226769
20
72.1706613014268
30
0
0
VERTEX
8
0
10
19.6313641716649
20
72.9080815444532
30
0
0
VERTEX
8
0
10
20.3324843206529
20
73.635583282806
30
0
0
VERTEX
8
0
10
21.033604469641
20
74.338341869135
30
0
0
VERTEX
8
0
10
21.734724618629
20
74.8333182754369
30
0
0
VERTEX
8
0
10
22.435844767617
20
75.3198076477056
30
0
0
VERTEX
8
0
10
23.1369649166051
20
75.7874256835527
30
0
0
VERTEX
8
0
10
23.8380850655931
20
76.2445827375514
30
0
0
VERTEX
8
0
10
24.5392052145811
20
76.6577248979501
30
0
0
VERTEX
8
0
10
25.2403253635692
20
77.0630971786881
30
0
0
VERTEX
8
0
10
25.9414455125572
20
77.4611361037769
30
0
0
VERTEX
8
0
10
26.6425656615452
20
77.858738646457
30
0
0
VERTEX
8
0
10
27.3436858105332
20
78.2005854935613
30
0
0
VERTEX
8
0
10
28.0448059595213
20
78.5483538197426
30
0
0
VERTEX
8
0
10
28.7459261085093
20
78.8945124788412
30
0
0
VERTEX
8
0
10
29.4470462574973
20
79.2080946846117
30
0
0
VERTEX
8
0
10
30.1481664064854
20
79.5054305680102
30
0
0
VERTEX
8
0
10
30.8492865554734
20
79.7999966883184
30
0
0
VERTEX
8
0
10
31.5504067044614
20
80.0797751293266
30
0
0
VERTEX
8
0
10
32.2515268534495
20
80.2594643016134
30
0
0
VERTEX
8
0
10
32.9526470024375
20
80.4293781372272
30
0
0
VERTEX
8
0
10
33.6537671514255
20
80.5854245258781
30
0
0
VERTEX
8
0
10
34.3548873004135
20
80.7328953795408
30
0
0
VERTEX
8
0
10
35.0560074494016
20
80.8675701998695
30
0
0
VERTEX
8
0
10
35.7571275983896
20
80.9894675883901
30
0
0
VERTEX
8
0
10
36.4582477473776
20
81.1022452010337
30
0
0
VERTEX
8
0
10
37.1593678963657
20
81.2101365132587
30
0
0
VERTEX
8
0
10
37.8604880453537
20
81.3039332905257
30
0
0
VERTEX
8
0
10
38.5616081943417
20
81.3881537966074
30
0
0
VERTEX
8
0
10
39.2627283433297
20
81.4666178657345
30
0
0
VERTEX
8
0
10
39.9638484923178
20
81.5380540122887
30
0
0
VERTEX
8
0
10
40.6649686413058
20
81.6034593308668
30
0
0
VERTEX
8
0
10
41.3660887902938
20
81.6622798221713
30
0
0
VERTEX
8
0
10
42.0672089392819
20
81.7074008552702
30
0
0
VERTEX
8
0
10
42.7683290882699
20
81.7670611255413
30
0
0
VERTEX
8
0
10
43.4694492372579
20
81.8228820975366
30
0
0
VERTEX
8
0
10
44.170569386246
20
81.8652480061585
30
0
0
VERTEX
8
0
10
44.871689535234
20
81.8973933368427
30
0
0
VERTEX
8
0
10
45.572809684222
20
81.9276014513718
30
0
0
VERTEX
8
0
10
46.27392983321
20
81.9445194011477
30
0
0
VERTEX
8
0
10
46.9750499821981
20
81.9515199362311
30
0
0
VERTEX
8
0
10
47.6761701311861
20
81.9507603595122
30
0
0
VERTEX
8
0
10
48.3772902801741
20
81.9405183913987
30
0
0
VERTEX
8
0
10
49.0784104291622
20
81.920307584693
30
0
0
VERTEX
8
0
10
49.7795305781502
20
81.8924973113391
30
0
0
VERTEX
8
0
10
50.4806507271382
20
81.8588967200914
30
0
0
VERTEX
8
0
10
51.1817708761262
20
81.8200642172169
30
0
0
VERTEX
8
0
10
51.8828910251143
20
81.7739703475632
30
0
0
VERTEX
8
0
10
52.5840111741023
20
81.7184836121593
30
0
0
VERTEX
8
0
10
53.2851313230903
20
81.6672775520173
30
0
0
VERTEX
8
0
10
53.9862514720784
20
81.6120284653485
30
0
0
VERTEX
8
0
10
54.6873716210664
20
81.5487539892475
30
0
0
VERTEX
8
0
10
55.3884917700544
20
81.4787906832011
30
0
0
VERTEX
8
0
10
56.0896119190424
20
81.3996728525754
30
0
0
VERTEX
8
0
10
56.7907320680305
20
81.3143885506182
30
0
0
VERTEX
8
0
10
57.4918522170185
20
81.2238408520342
30
0
0
VERTEX
8
0
10
58.1929723660065
20
81.1287954131316
30
0
0
VERTEX
8
0
10
58.8940925149946
20
81.0353735420147
30
0
0
VERTEX
8
0
10
59.5952126639826
20
80.9368985476796
30
0
0
VERTEX
8
0
10
60.2963328129706
20
80.8354457813044
30
0
0
VERTEX
8
0
10
60.9974529619587
20
80.7247954244331
30
0
0
VERTEX
8
0
10
61.6985731109467
20
80.6065106416411
30
0
0
VERTEX
8
0
10
62.3996932599347
20
80.4872232756035
30
0
0
VERTEX
8
0
10
63.1008134089227
20
80.3676162059669
30
0
0
VERTEX
8
0
10
63.8019335579108
20
80.2376281497744
30
0
0
VERTEX
8
0
10
64.5030537068988
20
80.1048956753155
30
0
0
VERTEX
8
0
10
65.2041738558868
20
79.9727206118315
30
0
0
VERTEX
8
0
10
65.9052940048749
20
79.8411059337473
30
0
0
VERTEX
8
0
10
66.6064141538629
20
79.7024447677851
30
0
0
VERTEX
8
0
10
67.3075343028509
20
79.5644252481725
30
0
0
VERTEX
8
0
10
68.008654451839
20
79.4270428829861
30
0
0
VERTEX
8
0
10
68.709774600827
20
79.2903009841229
30
0
0
VERTEX
8
0
10
69.410894749815
20
79.1449733350954
30
0
0
VERTEX
8
0
10
70.112014898803
20
79.0021453391219
30
0
0
VERTEX
8
0
10
70.8131350477911
20
78.8600416865465
30
0
0
VERTEX
8
0
10
71.5142551967791
20
78.7186663001427
30
0
0
VERTEX
8
0
10
72.2153753457671
20
78.5887923920166
30
0
0
VERTEX
8
0
10
72.9164954947552
20
78.4561002434934
30
0
0
VERTEX
8
0
10
73.6176156437432
20
78.3240726351233
30
0
0
VERTEX
8
0
10
74.3187357927312
20
78.2070305503228
30
0
0
VERTEX
8
0
10
75.0198559417192
20
78.0963420441011
30
0
0
VERTEX
8
0
10
75.7209760907073
20
77.9861359384899
30
0
0
VERTEX
8
0
10
76.4220962396953
20
77.8764142814838
30
0
0
VERTEX
8
0
10
77.1232163886833
20
77.7725383353873
30
0
0
VERTEX
8
0
10
77.8243365376714
20
77.6694060253834
30
0
0
VERTEX
8
0
10
78.5254566866594
20
77.5667144875768
30
0
0
VERTEX
8
0
10
79.2265768356474
20
77.46446547491
30
0
0
VERTEX
8
0
10
79.9276969846354
20
77.3692452644261
30
0
0
VERTEX
8
0
10
80.6288171336235
20
77.2734015174403
30
0
0
VERTEX
8
0
10
81.3299372826115
20
77.1779576474985
30
0
0
VERTEX
8
0
10
82.0310574315995
20
77.0829151399807
30
0
0
VERTEX
8
0
10
82.7321775805876
20
76.9941032516891
30
0
0
VERTEX
8
0
10
83.4332977295756
20
76.9039327864206
30
0
0
VERTEX
8
0
10
84.1344178785636
20
76.814133480643
30
0
0
VERTEX
8
0
10
84.8355380275517
20
76.7300252135773
30
0
0
VERTEX
8
0
10
85.5366581765397
20
76.6490321138345
30
0
0
VERTEX
8
0
10
86.2377783255277
20
76.5683488279195
30
0
0
VERTEX
8
0
10
86.9388984745157
20
76.4879763362527
30
0
0
VERTEX
8
0
10
87.6400186235038
20
76.4126670566207
30
0
0
VERTEX
8
0
10
88.3411387724918
20
76.3382084972443
30
0
0
VERTEX
8
0
10
89.0422589214798
20
76.2640231301734
30
0
0
VERTEX
8
0
10
89.7433790704679
20
76.1901117534205
30
0
0
VERTEX
8
0
10
90.4444992194559
20
76.1194368961759
30
0
0
VERTEX
8
0
10
91.1456193684439
20
76.048680453962
30
0
0
VERTEX
8
0
10
91.8467395174319
20
75.9781809511781
30
0
0
VERTEX
8
0
10
92.54785966642
20
75.9079391037219
30
0
0
VERTEX
8
0
10
93.248979815408
20
75.8414863408397
30
0
0
VERTEX
8
0
10
93.950099964396
20
75.7743270830038
30
0
0
VERTEX
8
0
10
94.6512201133841
20
75.7074086818475
30
0
0
VERTEX
8
0
10
95.3523402623721
20
75.6430393078754
30
0
0
VERTEX
8
0
10
96.0534604113601
20
75.5804228004037
30
0
0
VERTEX
8
0
10
96.7545805603481
20
75.5180218103993
30
0
0
VERTEX
8
0
10
97.4557007093362
20
75.4558368725522
30
0
0
VERTEX
8
0
10
98.1568208583242
20
75.3970398424473
30
0
0
VERTEX
8
0
10
98.8579410073122
20
75.3390525906236
30
0
0
VERTEX
8
0
10
99.5590611563003
20
75.2812571056164
30
0
0
VERTEX
8
0
10
100.260181305288
20
75.2236538294372
30
0
0
VERTEX
8
0
10
100.961301454276
20
75.1689188064081
30
0
0
VERTEX
8
0
10
101.662421603264
20
75.1141763405904
30
0
0
VERTEX
8
0
10
102.363541752252
20
75.0596109092594
30
0
0
VERTEX
8
0
10
103.06466190124
20
75.0052228987872
30
0
0
VERTEX
8
0
10
103.765782050228
20
74.9606834087298
30
0
0
VERTEX
8
0
10
104.466902199216
20
74.9139813819376
30
0
0
VERTEX
8
0
10
105.168022348204
20
74.8674124608934
30
0
0
VERTEX
8
0
10
105.869142497193
20
74.8196436374628
30
0
0
VERTEX
8
0
10
106.570262646181
20
74.7709124815068
30
0
0
VERTEX
8
0
10
107.271382795169
20
74.7223296593726
30
0
0
VERTEX
8
0
10
107.972502944157
20
74.6738954605784
30
0
0
VERTEX
8
0
10
108.673623093145
20
74.6218372265223
30
0
0
VERTEX
8
0
10
109.374743242133
20
74.5689086115828
30
0
0
VERTEX
8
0
10
110.075863391121
20
74.5161609431591
30
0
0
VERTEX
8
0
10
110.776983540109
20
74.4635946057816
30
0
0
VERTEX
8
0
10
111.478103689097
20
74.4209021130859
30
0
0
VERTEX
8
0
10
112.179223838085
20
74.3781497728302
30
0
0
VERTEX
8
0
10
112.880343987073
20
74.3355194964437
30
0
0
VERTEX
8
0
10
113.581464136061
20
74.2930114940519
30
0
0
VERTEX
8
0
10
114.282584285049
20
74.253578148601
30
0
0
VERTEX
8
0
10
114.983704434037
20
74.2136519485407
30
0
0
VERTEX
8
0
10
115.684824583025
20
74.1738353520422
30
0
0
VERTEX
8
0
10
116.385944732013
20
74.1341285357061
30
0
0
VERTEX
8
0
10
117.087064881001
20
74.0927968814042
30
0
0
VERTEX
8
0
10
117.788185029989
20
74.0521554279758
30
0
0
VERTEX
8
0
10
118.489305178977
20
74.0116308817351
30
0
0
VERTEX
8
0
10
119.190425327965
20
73.9737418005467
30
0
0
VERTEX
8
0
10
119.891545476953
20
73.9368937888831
30
0
0
VERTEX
8
0
10
120.592665625941
20
73.9001439598345
30
0
0
VERTEX
8
0
10
121.293785774929
20
73.8634924599493
30
0
0
VERTEX
8
0
10
121.994905923917
20
73.8269394356744
30
0
0
VERTEX
8
0
10
122.696026072905
20
73.7904850333531
30
0
0
VERTEX
8
0
10
123.397146221893
20
73.7541293992231
30
0
0
VERTEX
8
0
10
124.098266370881
20
73.7178726794132
30
0
0
VERTEX
8
0
10
124.79938651987
20
73.6871360308433
30
0
0
VERTEX
8
0
10
125.500506668858
20
73.6555664173335
30
0
0
VERTEX
8
0
10
126.201626817846
20
73.6240728395301
30
0
0
VERTEX
8
0
10
126.902746966834
20
73.5926553950509
30
0
0
VERTEX
8
0
10
127.603867115822
20
73.5581011676165
30
0
0
VERTEX
8
0
10
128.30498726481
20
73.5246144010239
30
0
0
VERTEX
8
0
10
129.006107413798
20
73.4912153875343
30
0
0
VERTEX
8
0
10
129.707227562786
20
73.4586511437133
30
0
0
VERTEX
8
0
10
130.408347711774
20
73.4265321039021
30
0
0
VERTEX
8
0
10
131.109467860762
20
73.3944953935353
30
0
0
VERTEX
8
0
10
131.81058800975
20
73.3625411204699
30
0
0
VERTEX
8
0
10
132.511708158738
20
73.332666921741
30
0
0
VERTEX
8
0
10
133.212828307726
20
73.3030627092263
30
0
0
VERTEX
8
0
10
133.913948456714
20
73.2735302231736
30
0
0
VERTEX
8
0
10
134.615068605702
20
73.2440695503447
30
0
0
VERTEX
8
0
10
135.31618875469
20
73.2159269584385
30
0
0
VERTEX
8
0
10
136.017308903678
20
73.1876917497467
30
0
0
VERTEX
8
0
10
136.718429052666
20
73.159523367874
30
0
0
VERTEX
8
0
10
137.419549201654
20
73.1314218900402
30
0
0
VERTEX
8
0
10
138.120669350642
20
73.1048764803108
30
0
0
VERTEX
8
0
10
138.82178949963
20
73.0779800411878
30
0
0
VERTEX
8
0
10
139.522909648618
20
73.0511456659072
30
0
0
VERTEX
8
0
10
140.224029797606
20
73.0243734228888
30
0
0
VERTEX
8
0
10
140.925149946594
20
72.9976633804946
30
0
0
VERTEX
8
0
10
141.626270095583
20
72.9710156070278
30
0
0
VERTEX
8
0
10
142.327390244571
20
72.9444301707317
30
0
0
VERTEX
8
0
10
143.028510393559
20
72.9188135094603
30
0
0
VERTEX
8
0
10
143.729630542547
20
72.893408121075
30
0
0
VERTEX
8
0
10
144.430750691535
20
72.8680603663179
30
0
0
VERTEX
8
0
10
145.131870840523
20
72.8427703053549
30
0
0
VERTEX
8
0
10
145.832990989511
20
72.8175379982983
30
0
0
VERTEX
8
0
10
146.534111138499
20
72.7923635052063
30
0
0
VERTEX
8
0
10
147.235231287487
20
72.7672468860833
30
0
0
VERTEX
8
0
10
147.936351436475
20
72.7421882008774
30
0
0
VERTEX
8
0
10
148.637471585463
20
72.7199514059227
30
0
0
VERTEX
8
0
10
149.338591734451
20
72.6970792108495
30
0
0
VERTEX
8
0
10
150.039711883439
20
72.6742558374569
30
0
0
VERTEX
8
0
10
150.740832032427
20
72.651481331756
30
0
0
VERTEX
8
0
10
151.441952181415
20
72.6287557397182
30
0
0
VERTEX
8
0
10
152.143072330403
20
72.6060791072734
30
0
0
VERTEX
8
0
10
152.844192479391
20
72.5834514803093
30
0
0
VERTEX
8
0
10
153.545312628379
20
72.5618762480715
30
0
0
VERTEX
8
0
10
154.246432777367
20
72.5405950548706
30
0
0
SEQEND
8
0
0
POLYLINE
8
0
62
2
70
0
10
0
20
0
30
0
0
VERTEX
8
0
10
5.60896119190425
20
5.85325527350621
30
0
0
VERTEX
8
0
10
6.31008134089228
20
6.4495762459845
30
0
0
VERTEX
8
0
10
7.01120148988032
20
7.03074253624068
30
0
0
VERTEX
8
0
10
7.71232163886835
20
7.59794334849895
30
0
0
VERTEX
8
0
10
8.41344178785638
20
8.1521134433097
30
0
0
VERTEX
8
0
10
9.11456193684441
20
8.69404150965031
30
0
0
VERTEX
8
0
10
9.81568208583244
20
9.22441466975969
30
0
0
VERTEX
8
0
10
10.5168022348205
20
9.74383949733378
30
0
0
VERTEX
8
0
10
11.2179223838085
20
10.2528546737377
30
0
0
VERTEX
8
0
10
11.9190425327965
20
10.7519404858492
30
0
0
VERTEX
8
0
10
12.6201626817846
20
11.241526778922
30
0
0
VERTEX
8
0
10
13.3212828307726
20
11.7219998162492
30
0
0
VERTEX
8
0
10
14.0224029797606
20
12.1937081860591
30
0
0
VERTEX
8
0
10
14.7235231287487
20
12.6569678448355
30
0
0
VERTEX
8
0
10
15.4246432777367
20
13.1120663938558
30
0
0
VERTEX
8
0
10
16.1257634267247
20
13.5592666922196
30
0
0
VERTEX
8
0
10
16.8268835757128
20
13.9988099088674
30
0
0
VERTEX
8
0
10
17.5280037247008
20
14.4309181053127
30
0
0
VERTEX
8
0
10
18.2291238736888
20
14.8557964294884
30
0
0
VERTEX
8
0
10
18.9302440226769
20
15.2736349877778
30
0
0
VERTEX
8
0
10
19.6313641716649
20
15.6846104498907
30
0
0
VERTEX
8
0
10
20.3324843206529
20
16.0888874322652
30
0
0
VERTEX
8
0
10
21.033604469641
20
16.486619696154
30
0
0
VERTEX
8
0
10
21.734724618629
20
16.8779511907562
30
0
0
VERTEX
8
0
10
22.435844767617
20
17.2630169651434
30
0
0
VERTEX
8
0
10
23.1369649166051
20
17.6419439694823
30
0
0
VERTEX
8
0
10
23.8380850655931
20
18.014851761724
30
0
0
VERTEX
8
0
10
24.5392052145811
20
18.3818531332614
30
0
0
VERTEX
8
0
10
25.2403253635692
20
18.7430546652529
30
0
0
VERTEX
8
0
10
25.9414455125572
20
19.0985572244907
30
0
0
VERTEX
8
0
10
26.6425656615452
20
19.4484564075791
30
0
0
VERTEX
8
0
10
27.3436858105332
20
19.7928429391779
30
0
0
VERTEX
8
0
10
28.0448059595213
20
20.1318030309161
30
0
0
VERTEX
8
0
10
28.7459261085093
20
20.4654187052122
30
0
0
VERTEX
8
0
10
29.4470462574973
20
20.7937680884673
30
0
0
VERTEX
8
0
10
30.1481664064854
20
21.1169256771479
30
0
0
VERTEX
8
0
10
30.8492865554734
20
21.4349625798319
30
0
0
VERTEX
8
0
10
31.5504067044614
20
21.7479467378278
30
0
0
VERTEX
8
0
10
32.2515268534495
20
22.0559431268823
30
0
0
VERTEX
8
0
10
32.9526470024375
20
22.3590139417135
30
0
0
VERTEX
8
0
10
33.6537671514255
20
22.6572187654688
30
0
0
VERTEX
8
0
10
34.3548873004135
20
22.9506147253714
30
0
0
VERTEX
8
0
10
35.0560074494016
20
23.2392566361033
30
0
0
VERTEX
8
0
10
35.7571275983896
20
23.523197132031
30
0
0
VERTEX
8
0
10
36.4582477473776
20
23.8024867895087
30
0
0
VERTEX
8
0
10
37.1593678963657
20
24.0771742398653
30
0
0
VERTEX
8
0
10
37.8604880453537
20
24.3473062743107
30
0
0
VERTEX
8
0
10
38.5616081943417
20
24.6129279412817
30
0
0
VERTEX
8
0
10
39.2627283433297
20
24.874082636952
30
0
0
VERTEX
8
0
10
39.9638484923178
20
25.1308121893603
30
0
0
VERTEX
8
0
10
40.6649686413058
20
25.3831569370883
30
0
0
VERTEX
8
0
10
41.3660887902938
20
25.631155802528
30
0
0
VERTEX
8
0
10
42.0672089392819
20
25.8748463603862
30
0
0
VERTEX
8
0
10
42.7683290882699
20
26.1142649018155
30
0
0
VERTEX
8
0
10
43.4694492372579
20
26.3494464945219
30
0
0
VERTEX
8
0
10
44.170569386246
20
26.5804250391274
30
0
0
VERTEX
8
0
10
44.871689535234
20
26.8072333220413
30
0
0
VERTEX
8
0
10
45.572809684222
20
27.029903065308
30
0
0
VERTEX
8
0
10
46.27392983321
20
27.2484649733469
30
0
0
VERTEX
8
0
10
46.9750499821981
20
27.4629487771388
30
0
0
VERTEX
8
0
10
47.6761701311861
20
27.6733832758069
30
0
0
VERTEX
8
0
10
48.3772902801741
20
27.8797963759794
30
0
0
VERTEX
8
0
10
49.0784104291622
20
28.0822151287719
30
0
0
VERTEX
8
0
10
49.7795305781502
20
28.2806657650665
30
0
0
VERTEX
8
0
10
50.4806507271382
20
28.4751737287044
30
0
0
VERTEX
8
0
10
51.1817708761262
20
28.6657637080375
30
0
0
VERTEX
8
0
10
51.8828910251143
20
28.85245966581
30
0
0
VERTEX
8
0
10
52.5840111741023
20
29.035284867615
30
0
0
VERTEX
8
0
10
53.2851313230903
20
29.2142619088965
30
0
0
VERTEX
8
0
10
53.9862514720784
20
29.3894127406084
30
0
0
VERTEX
8
0
10
54.6873716210664
20
29.5607586937842
30
0
0
VERTEX
8
0
10
55.3884917700544
20
29.7283205027671
30
0
0
VERTEX
8
0
10
56.0896119190424
20
29.8921183275829
30
0
0
VERTEX
8
0
10
56.7907320680305
20
30.0521717751635
30
0
0
VERTEX
8
0
10
57.4918522170185
20
30.2084999197395
30
0
0
VERTEX
8
0
10
58.1929723660065
20
30.3611213222804
30
0
0
VERTEX
8
0
10
58.8940925149946
20
30.5100540491828
30
0
0
VERTEX
8
0
10
59.5952126639826
20
30.6553156901813
30
0
0
VERTEX
8
0
10
60.2963328129706
20
30.7969233755552
30
0
0
VERTEX
8
0
10
60.9974529619587
20
30.9348937926424
30
0
0
VERTEX
8
0
10
61.6985731109467
20
31.0692432017733
30
0
0
VERTEX
8
0
10
62.3996932599347
20
31.1999874516066
30
0
0
VERTEX
8
0
10
63.1008134089227
20
31.3271419939111
30
0
0
VERTEX
8
0
10
63.8019335579108
20
31.4507218979033
30
0
0
VERTEX
8
0
10
64.5030537068988
20
31.5707418640322
30
0
0
VERTEX
8
0
10
65.2041738558868
20
31.687216237406
30
0
0
VERTEX
8
0
10
65.9052940048749
20
31.8001590207722
30
0
0
VERTEX
8
0
10
66.6064141538629
20
31.9095838871581
30
0
0
VERTEX
8
0
10
67.3075343028509
20
32.015504192131
30
0
0
VERTEX
8
0
10
68.008654451839
20
32.1179329857972
30
0
0
VERTEX
8
0
10
68.709774600827
20
32.2168830244328
30
0
0
VERTEX
8
0
10
69.410894749815
20
32.3123667819429
30
0
0
VERTEX
8
0
10
70.112014898803
20
32.404396461049
30
0
0
VERTEX
8
0
10
70.8131350477911
20
32.4929840041818
30
0
0
VERTEX
8
0
10
71.5142551967791
20
32.5781411043716
30
0
0
VERTEX
8
0
10
72.2153753457671
20
32.6598792157718
30
0
0
VERTEX
8
0
10
72.9164954947552
20
32.7382095641868
30
0
0
VERTEX
8
0
10
73.6176156437432
20
32.8131431573725
30
0
0
VERTEX
8
0
10
74.3187357927312
20
32.8846907953231
30
0
0
VERTEX
8
0
10
75.0198559417192
20
32.9528630804687
30
0
0
VERTEX
8
0
10
75.7209760907073
20
33.0176704277347
30
0
0
VERTEX
8
0
10
76.4220962396953
20
33.0791230746928
30
0
0
VERTEX
8
0
10
77.1232163886833
20
33.1372310916075
30
0
0
VERTEX
8
0
10
77.8243365376714
20
33.1920043915634
30
0
0
VERTEX
8
0
10
78.5254566866594
20
33.2434527405497
30
0
0
VERTEX
8
0
10
79.2265768356474
20
33.2915857676844
30
0
0
VERTEX
8
0
10
79.9276969846354
20
33.3364129754784
30
0
0
VERTEX
8
0
10
80.6288171336235
20
33.3779437501928
30
0
0
VERTEX
8
0
10
81.3299372826115
20
33.4161873723642
30
0
0
VERTEX
8
0
10
82.0310574315995
20
33.4511530274513
30
0
0
VERTEX
8
0
10
82.7321775805876
20
33.4828498166783
30
0
0
VERTEX
8
0
10
83.4332977295756
20
33.5112867681
30
0
0
VERTEX
8
0
10
84.1344178785636
20
33.5364728478585
30
0
0
VERTEX
8
0
10
84.8355380275517
20
33.5584169717658
30
0
0
VERTEX
8
0
10
85.5366581765397
20
33.5771280171339
30
0
0
VERTEX
8
0
10
86.2377783255277
20
33.5926148349633
30
0
0
VERTEX
8
0
10
86.9388984745157
20
33.6048862624789
30
0
0
VERTEX
8
0
10
87.6400186235038
20
33.6139511360654
30
0
0
VERTEX
8
0
10
88.3411387724918
20
33.6198183046568
30
0
0
VERTEX
8
0
10
89.0422589214798
20
33.6224966435559
30
0
0
VERTEX
8
0
10
89.7433790704679
20
33.6219950688341
30
0
0
VERTEX
8
0
10
90.4444992194559
20
33.6183225522311
30
0
0
VERTEX
8
0
10
91.1456193684439
20
33.6114881367076
30
0
0
VERTEX
8
0
10
91.8467395174319
20
33.601500952633
30
0
0
VERTEX
8
0
10
92.54785966642
20
33.5883702346735
30
0
0
VERTEX
8
0
10
93.248979815408
20
33.5721053395091
30
0
0
VERTEX
8
0
10
93.950099964396
20
33.5527157642852
30
0
0
VERTEX
8
0
10
94.6512201133841
20
33.5302111660528
30
0
0
VERTEX
8
0
10
95.3523402623721
20
33.5046013821091
30
0
0
VERTEX
8
0
10
96.0534604113601
20
33.4758964514092
30
0
0
VERTEX
8
0
10
96.7545805603481
20
33.4441066370758
30
0
0
VERTEX
8
0
10
97.4557007093362
20
33.4092424501601
30
0
0
VERTEX
8
0
10
98.1568208583242
20
33.3713146746245
30
0
0
VERTEX
8
0
10
98.8579410073122
20
33.330334393811
30
0
0
VERTEX
8
0
10
99.5590611563003
20
33.2863130183469
30
0
0
VERTEX
8
0
10
100.260181305288
20
33.2392623157244
30
0
0
VERTEX
8
0
10
100.961301454276
20
33.1891944415978
30
0
0
VERTEX
8
0
10
101.662421603264
20
33.1361219729845
30
0
0
VERTEX
8
0
10
102.363541752252
20
33.0800579434995
30
0
0
VERTEX
8
0
10
103.06466190124
20
33.0210158807851
30
0
0
VERTEX
8
0
10
103.765782050228
20
32.9590098463018
30
0
0
VERTEX
8
0
10
104.466902199216
20
32.8940544777029
30
0
0
VERTEX
8
0
10
105.168022348204
20
32.8261650339482
30
0
0
VERTEX
8
0
10
105.869142497193
20
32.7553574434397
30
0
0
VERTEX
8
0
10
106.570262646181
20
32.681648355368
30
0
0
VERTEX
8
0
10
107.271382795169
20
32.6050551945936
30
0
0
VERTEX
8
0
10
107.972502944157
20
32.5255962203177
30
0
0
VERTEX
8
0
10
108.673623093145
20
32.4432905888943
30
0
0
VERTEX
8
0
10
109.374743242133
20
32.3581584210999
30
0
0
VERTEX
8
0
10
110.075863391121
20
32.2702208743164
30
0
0
VERTEX
8
0
10
110.776983540109
20
32.1795002199919
30
0
0
VERTEX
8
0
10
111.478103689097
20
32.0860199269013
30
0
0
VERTEX
8
0
10
112.179223838085
20
31.9898047507128
30
0
0
VERTEX
8
0
10
112.880343987073
20
31.890880830458
30
0
0
VERTEX
8
0
10
113.581464136061
20
31.7892757925472
30
0
0
VERTEX
8
0
10
114.282584285049
20
31.6850188630622
30
0
0
VERTEX
8
0
10
114.983704434037
20
31.5781409891378
30
0
0
VERTEX
8
0
10
115.684824583025
20
31.4686749703364
30
0
0
VERTEX
8
0
10
116.385944732013
20
31.3566556010389
30
0
0
VERTEX
8
0
10
117.087064881001
20
31.2421198250017
30
0
0
VERTEX
8
0
10
117.788185029989
20
31.1251069033911
30
0
0
VERTEX
8
0
10
118.489305178977
20
31.0056585977578
30
0
0
VERTEX
8
0
10
119.190425327965
20
30.8838193696488
30
0
0
VERTEX
8
0
10
119.891545476953
20
30.7596365987822
30
0
0
VERTEX
8
0
10
120.592665625941
20
30.6331608220031
30
0
0
VERTEX
8
0
10
121.293785774929
20
30.5044459955819
30
0
0
VERTEX
8
0
10
121.994905923917
20
30.3735497838393
30
0
0
VERTEX
8
0
10
122.696026072905
20
30.2405338775754
30
0
0
VERTEX
8
0
10
123.397146221893
20
30.1054643463984
30
0
0
VERTEX
8
0
10
124.098266370881
20
29.9684120298022
30
0
0
VERTEX
8
0
10
124.79938651987
20
29.8294529727871
30
0
0
VERTEX
8
0
10
125.500506668858
20
29.6886689129725
30
0
0
VERTEX
8
0
10
126.201626817846
20
29.5461478276663
30
0
0
VERTEX
8
0
10
126.902746966834
20
29.4019845512396
30
0
0
VERTEX
8
0
10
127.603867115822
20
29.2562814756461
30
0
0
VERTEX
8
0
10
128.30498726481
20
29.1091493501695
30
0
0
VERTEX
8
0
10
129.006107413798
20
28.9607082008246
30
0
0
VERTEX
8
0
10
129.707227562786
20
28.8110883957228
30
0
0
VERTEX
8
0
10
130.408347711774
20
28.6604318908323
30
0
0
VERTEX
8
0
10
131.109467860762
20
28.5088937019946
30
0
0
VERTEX
8
0
10
131.81058800975
20
28.3566436655138
30
0
0
VERTEX
8
0
10
132.511708158738
20
28.2038685739267
30
0
0
VERTEX
8
0
10
133.212828307726
20
28.0507748104613
30
0
0
VERTEX
8
0
10
133.913948456714
20
27.8975916636455
30
0
0
VERTEX
8
0
10
134.615068605702
20
27.7445755981335
30
0
0
VERTEX
8
0
10
135.31618875469
20
27.592015919431
30
0
0
VERTEX
8
0
10
136.017308903678
20
27.4402425611579
30
0
0
VERTEX
8
0
10
136.718429052666
20
27.2896372779502
30
0
0
VERTEX
8
0
10
137.419549201654
20
27.1406506345462
30
0
0
VERTEX
8
0
10
138.120669350642
20
26.9938293574446
30
0
0
VERTEX
8
0
10
138.82178949963
20
26.8498615605219
30
0
0
VERTEX
8
0
10
139.522909648618
20
26.7096377146009
30
0
0
VERTEX
8
0
10
140.224029797606
20
26.5742060942043
30
0
0
VERTEX
8
0
10
140.925149946594
20
26.4442203621652
30
0
0
VERTEX
8
0
10
141.626270095583
20
26.3193618816263
30
0
0
VERTEX
8
0
10
142.327390244571
20
26.1988948268218
30
0
0
VERTEX
8
0
10
143.028510393559
20
26.0822017105943
30
0
0
VERTEX
8
0
10
143.729630542547
20
25.9688310064807
30
0
0
VERTEX
8
0
10
144.430750691535
20
25.8584438173015
30
0
0
VERTEX
8
0
10
145.131870840523
20
25.7507744146016
30
0
0
VERTEX
8
0
10
145.832990989511
20
25.64560687272
30
0
0
VERTEX
8
0
10
146.534111138499
20
25.5427609562615
30
0
0
VERTEX
8
0
10
147.235231287487
20
25.4420831119856
30
0
0
VERTEX
8
0
10
147.936351436475
20
25.3434404082998
30
0
0
VERTEX
8
0
10
148.637471585463
20
25.2467162762552
30
0
0
VERTEX
8
0
10
149.338591734451
20
25.1518074090502
30
0
0
VERTEX
8
0
10
150.039711883439
20
25.0586214389465
30
0
0
VERTEX
8
0
10
150.740832032427
20
24.9670751545957
30
0
0
VERTEX
8
0
10
151.441952181415
20
24.8770931052693
30
0
0
VERTEX
8
0
10
152.143072330403
20
24.7886064890877
30
0
0
VERTEX
8
0
10
152.844192479391
20
24.7015522542211
30
0
0
VERTEX
8
0
10
153.545312628379
20
24.6158723627874
30
0
0
VERTEX
8
0
10
154.246432777367
20
24.5315131810759
30
0
0
SEQEND
8
0
0
POLYLINE
8
0
62
3
70
0
10
0
20
0
30
0
0
VERTEX
8
0
10
5.60896119190425
20
8.10937238208427
30
0
0
VERTEX
8
0
10
6.31008134089228
20
9.01078367095771
30
0
0
VERTEX
8
0
10
7.01120148988032
20
9.89862037880163
30
0
0
VERTEX
8
0
10
7.71232163886835
20
10.7737289447601
30
0
0
VERTEX
8
0
10
8.41344178785638
20
11.6367710236393
30
0
0
VERTEX
8
0
10
9.11456193684441
20
12.4883023437055
30
0
0
VERTEX
8
0
10
9.81568208583244
20
13.3288048646653
30
0
0
VERTEX
8
0
10
10.5168022348205
20
14.1587020412206
30
0
0
VERTEX
8
0
10
11.2179223838085
20
14.9783681341994
30
0
0
VERTEX
8
0
10
11.9190425327965
20
15.7881352592887
30
0
0
VERTEX
8
0
10
12.6201626817846
20
16.5882992952951
30
0
0
VERTEX
8
0
10
13.3212828307726
20
17.3791249637931
30
0
0
VERTEX
8
0
10
14.0224029797606
20
18.1608501829019
30
0
0
VERTEX
8
0
10
14.7235231287487
20
18.9336897666937
30
0
0
VERTEX
8
0
10
15.4246432777367
20
19.6978385479174
30
0
0
VERTEX
8
0
10
16.1257634267247
20
20.4534740052655
30
0
0
VERTEX
8
0
10
16.8268835757128
20
21.200758474205
30
0
0
VERTEX
8
0
10
17.5280037247008
20
21.9398410112731
30
0
0
VERTEX
8
0
10
18.2291238736888
20
22.6708589724208
30
0
0
VERTEX
8
0
10
18.9302440226769
20
23.3939393555999
30
0
0
VERTEX
8
0
10
19.6313641716649
20
24.1091999483233
30
0
0
VERTEX
8
0
10
20.3324843206529
20
24.8167503139991
30
0
0
VERTEX
8
0
10
21.033604469641
20
25.5166926437698
30
0
0
VERTEX
8
0
10
21.734724618629
20
26.2091224961638
30
0
0
VERTEX
8
0
10
22.435844767617
20
26.894129442034
30
0
0
VERTEX
8
0
10
23.1369649166051
20
27.5717976297521
30
0
0
VERTEX
8
0
10
23.8380850655931
20
28.2422062824872
30
0
0
VERTEX
8
0
10
24.5392052145811
20
28.9054301374208
30
0
0
VERTEX
8
0
10
25.2403253635692
20
29.5615398353708
30
0
0
VERTEX
8
0
10
25.9414455125572
20
30.2106022673189
30
0
0
VERTEX
8
0
10
26.6425656615452
20
30.8526808841226
30
0
0
VERTEX
8
0
10
27.3436858105332
20
31.4878359736513
30
0
0
VERTEX
8
0
10
28.0448059595213
20
32.1161249100419
30
0
0
VERTEX
8
0
10
28.7459261085093
20
32.7376023781695
30
0
0
VERTEX
8
0
10
29.4470462574973
20
33.352320576526
30
0
0
VERTEX
8
0
10
30.1481664064854
20
33.9603294010298
30
0
0
VERTEX
8
0
10
30.8492865554734
20
34.561676611971
30
0
0
VERTEX
8
0
10
31.5504067044614
20
35.156407985964
30
0
0
VERTEX
8
0
10
32.2515268534495
20
35.7445674546833
30
0
0
VERTEX
8
0
10
32.9526470024375
20
36.3261972316489
30
0
0
VERTEX
8
0
10
33.6537671514255
20
36.9013379285237
30
0
0
VERTEX
8
0
10
34.3548873004135
20
37.4700286618427
30
0
0
VERTEX
8
0
10
35.0560074494016
20
38.0323071512616
30
0
0
VERTEX
8
0
10
35.7571275983896
20
38.5882098101123
30
0
0
VERTEX
8
0
10
36.4582477473776
20
39.1377718291211
30
0
0
VERTEX
8
0
10
37.1593678963657
20
39.6810272537535
30
0
0
VERTEX
8
0
10
37.8604880453537
20
40.2180090560147
30
0
0
VERTEX
8
0
10
38.5616081943417
20
40.7487492010962
30
0
0
VERTEX
8
0
10
39.2627283433297
20
41.2732787093699
30
0
0
VERTEX
8
0
10
39.9638484923178
20
41.7916277140621
30
0
0
VERTEX
8
0
10
40.6649686413058
20
42.3038255152261
30
0
0
VERTEX
8
0
10
41.3660887902938
20
42.8099006300768
30
0
0
VERTEX
8
0
10
42.0672089392819
20
43.309880840125
30
0
0
VERTEX
8
0
10
42.7683290882699
20
43.8037932353816
30
0
0
VERTEX
8
0
10
43.4694492372579
20
44.2916642558749
30
0
0
VERTEX
8
0
10
44.170569386246
20
44.7735197306799
30
0
0
VERTEX
8
0
10
44.871689535234
20
45.2493849146409
30
0
0
VERTEX
8
0
10
45.572809684222
20
45.7192845230909
30
0
0
VERTEX
8
0
10
46.27392983321
20
46.1832427645402
30
0
0
VERTEX
8
0
10
46.9750499821981
20
46.6412833716904
30
0
0
VERTEX
8
0
10
47.6761701311861
20
47.0934296307562
30
0
0
VERTEX
8
0
10
48.3772902801741
20
47.5397044093497
30
0
0
VERTEX
8
0
10
49.0784104291622
20
47.9801301828409
30
0
0
VERTEX
8
0
10
49.7795305781502
20
48.4147290596183
30
0
0
VERTEX
8
0
10
50.4806507271382
20
48.8435228050308
30
0
0
VERTEX
8
0
10
51.1817708761262
20
49.2665328642907
30
0
0
VERTEX
8
0
10
51.8828910251143
20
49.6837803843318
30
0
0
VERTEX
8
0
10
52.5840111741023
20
50.0952862347782
30
0
0
VERTEX
8
0
10
53.2851313230903
20
50.5010710280187
30
0
0
VERTEX
8
0
10
53.9862514720784
20
50.9011551384594
30
0
0
VERTEX
8
0
10
54.6873716210664
20
51.2955587211148
30
0
0
VERTEX
8
0
10
55.3884917700544
20
51.6843017293995
30
0
0
VERTEX
8
0
10
56.0896119190424
20
52.0674039324102
30
0
0
VERTEX
8
0
10
56.7907320680305
20
52.4448849315346
30
0
0
VERTEX
8
0
10
57.4918522170185
20
52.8167641765825
30
0
0
VERTEX
8
0
10
58.1929723660065
20
53.1830609813726
30
0
0
VERTEX
8
0
10
58.8940925149946
20
53.5437945389012
30
0
0
VERTEX
8
0
10
59.5952126639826
20
53.8989839360805
30
0
0
VERTEX
8
0
10
60.2963328129706
20
54.2486481681006
30
0
0
VERTEX
8
0
10
60.9974529619587
20
54.5928061524213
30
0
0
VERTEX
8
0
10
61.6985731109467
20
54.9314767424692
30
0
0
VERTEX
8
0
10
62.3996932599347
20
55.2646787410335
30
0
0
VERTEX
8
0
10
63.1008134089227
20
55.5924309133904
30
0
0
VERTEX
8
0
10
63.8019335579108
20
55.9147520002252
30
0
0
VERTEX
8
0
10
64.5030537068988
20
56.2316607302937
30
0
0
VERTEX
8
0
10
65.2041738558868
20
56.5431758329413
30
0
0
VERTEX
8
0
10
65.9052940048749
20
56.8493160504309
30
0
0
VERTEX
8
0
10
66.6064141538629
20
57.1501001501471
30
0
0
VERTEX
8
0
10
67.3075343028509
20
57.4455469366573
30
0
0
VERTEX
8
0
10
68.008654451839
20
57.735675263701
30
0
0
VERTEX
8
0
10
68.709774600827
20
58.0205040460536
30
0
0
VERTEX
8
0
10
69.410894749815
20
58.3000522713744
30
0
0
VERTEX
8
0
10
70.112014898803
20
58.5743390119936
30
0
0
VERTEX
8
0
10
70.8131350477911
20
58.8433834366218
30
0
0
VERTEX
8
0
10
71.5142551967791
20
59.1072048221575
30
0
0
VERTEX
8
0
10
72.2153753457671
20
59.3658225653842
30
0
0
VERTEX
8
0
10
72.9164954947552
20
59.6192561947759
30
0
0
VERTEX
8
0
10
73.6176156437432
20
59.8675253822796
30
0
0
VERTEX
8
0
10
74.3187357927312
20
60.1106499552017
30
0
0
VERTEX
8
0
10
75.0198559417192
20
60.3486499081547
30
0
0
VERTEX
8
0
10
75.7209760907073
20
60.5815454150469
30
0
0
VERTEX
8
0
10
76.4220962396953
20
60.8093568412386
30
0
0
VERTEX
8
0
10
77.1232163886833
20
61.0321047557653
30
0
0
VERTEX
8
0
10
77.8243365376714
20
61.2498099437307
30
0
0
VERTEX
8
0
10
78.5254566866594
20
61.4624934188023
30
0
0
VERTEX
8
0
10
79.2265768356474
20
61.6701764359186
30
0
0
VERTEX
8
0
10
79.9276969846354
20
61.8728805041496
30
0
0
VERTEX
8
0
10
80.6288171336235
20
62.0706273997451
30
0
0
VERTEX
8
0
10
81.3299372826115
20
62.2634391794155
30
0
0
VERTEX
8
0
10
82.0310574315995
20
62.4513381938183
30
0
0
VERTEX
8
0
10
82.7321775805876
20
62.6343471012969
30
0
0
VERTEX
8
0
10
83.4332977295756
20
62.8124888818847
30
0
0
VERTEX
8
0
10
84.1344178785636
20
62.9857868515602
30
0
0
VERTEX
8
0
10
84.8355380275517
20
63.1542646768293
30
0
0
VERTEX
8
0
10
85.5366581765397
20
63.3179463895884
30
0
0
VERTEX
8
0
10
86.2377783255277
20
63.4768564023358
30
0
0
VERTEX
8
0
10
86.9388984745157
20
63.6310195237187
30
0
0
VERTEX
8
0
10
87.6400186235038
20
63.7804609744503
30
0
0
VERTEX
8
0
10
88.3411387724918
20
63.9252064036203
30
0
0
VERTEX
8
0
10
89.0422589214798
20
64.065281905389
30
0
0
VERTEX
8
0
10
89.7433790704679
20
64.200714036141
30
0
0
VERTEX
8
0
10
90.4444992194559
20
64.331529832058
30
0
0
VERTEX
8
0
10
91.1456193684439
20
64.4577568271834
30
0
0
VERTEX
8
0
10
91.8467395174319
20
64.5794230719708
30
0
0
VERTEX
8
0
10
92.54785966642
20
64.6965571523464
30
0
0
VERTEX
8
0
10
93.248979815408
20
64.8091882093467
30
0
0
VERTEX
8
0
10
93.950099964396
20
64.9173459592769
30
0
0
VERTEX
8
0
10
94.6512201133841
20
65.0210607145183
30
0
0
VERTEX
8
0
10
95.3523402623721
20
65.12036340493
30
0
0
VERTEX
8
0
10
96.0534604113601
20
65.215285599923
30
0
0
VERTEX
8
0
10
96.7545805603481
20
65.3058595312165
30
0
0
VERTEX
8
0
10
97.4557007093362
20
65.3921181163388
30
0
0
VERTEX
8
0
10
98.1568208583242
20
65.4740949828478
30
0
0
VERTEX
8
0
10
98.8579410073122
20
65.5518244933931
30
0
0
VERTEX
8
0
10
99.5590611563003
20
65.6253417715766
30
0
0
VERTEX
8
0
10
100.260181305288
20
65.6946827287181
30
0
0
VERTEX
8
0
10
100.961301454276
20
65.7598840915237
30
0
0
VERTEX
8
0
10
101.662421603264
20
65.8209834307342
30
0
0
VERTEX
8
0
10
102.363541752252
20
65.8780191907904
30
0
0
VERTEX
8
0
10
103.06466190124
20
65.9310307205716
30
0
0
VERTEX
8
0
10
103.765782050228
20
65.9800583052587
30
0
0
VERTEX
8
0
10
104.466902199216
20
66.0251431994017
30
0
0
VERTEX
8
0
10
105.168022348204
20
66.0663276612302
30
0
0
VERTEX
8
0
10
105.869142497193
20
66.1036549883057
30
0
0
VERTEX
8
0
10
106.570262646181
20
66.1371695545662
30
0
0
VERTEX
8
0
10
107.271382795169
20
66.1669168488711
30
0
0
VERTEX
8
0
10
107.972502944157
20
66.192943515117
30
0
0
VERTEX
8
0
10
108.673623093145
20
66.2152973940368
30
0
0
VERTEX
8
0
10
109.374743242133
20
66.2340275667669
30
0
0
VERTEX
8
0
10
110.075863391121
20
66.2491844003361
30
0
0
VERTEX
8
0
10
110.776983540109
20
66.2608195951649
30
0
0
VERTEX
8
0
10
111.478103689097
20
66.268986234745
30
0
0
VERTEX
8
0
10
112.179223838085
20
66.2737388376405
30
0
0
VERTEX
8
0
10
112.880343987073
20
66.2751334119909
30
0
0
VERTEX
8
0
10
113.581464136061
20
66.2732275127056
30
0
0
VERTEX
8
0
10
114.282584285049
20
66.2680803015674
30
0
0
VERTEX
8
0
10
114.983704434037
20
66.259752610486
30
0
0
VERTEX
8
0
10
115.684824583025
20
66.2483070081737
30
0
0
VERTEX
8
0
10
116.385944732013
20
66.2338078705499
30
0
0
VERTEX
8
0
10
117.087064881001
20
66.2163214552257
30
0
0
VERTEX
8
0
10
117.788185029989
20
66.1959159804683
30
0
0
VERTEX
8
0
10
118.489305178977
20
66.1726617090985
30
0
0
VERTEX
8
0
10
119.190425327965
20
66.1466310378498
30
0
0
VERTEX
8
0
10
119.891545476953
20
66.1178985927999
30
0
0
VERTEX
8
0
10
120.592665625941
20
66.0865413315796
30
0
0
VERTEX
8
0
10
121.293785774929
20
66.0526386531941
30
0
0
VERTEX
8
0
10
121.994905923917
20
66.0162725164284
30
0
0
VERTEX
8
0
10
122.696026072905
20
65.9775275679999
30
0
0
VERTEX
8
0
10
123.397146221893
20
65.9364912818326
30
0
0
VERTEX
8
0
10
124.098266370881
20
65.893254111116
30
0
0
VERTEX
8
0
10
124.79938651987
20
65.8479096551529
30
0
0
VERTEX
8
0
10
125.500506668858
20
65.8005548434388
30
0
0
VERTEX
8
0
10
126.201626817846
20
65.7512901399911
30
0
0
VERTEX
8
0
10
126.902746966834
20
65.7002197716564
30
0
0
VERTEX
8
0
10
127.603867115822
20
65.6474519850967
30
0
0
VERTEX
8
0
10
128.30498726481
20
65.5930993383959
30
0
0
VERTEX
8
0
10
129.006107413798
20
65.5372790349307
30
0
0
VERTEX
8
0
10
129.707227562786
20
65.480113309454
30
0
0
VERTEX
8
0
10
130.408347711774
20
65.4217298795296
30
0
0
VERTEX
8
0
10
131.109467860762
20
65.3622624799835
30
0
0
VERTEX
8
0
10
131.81058800975
20
65.3018515045624
30
0
0
VERTEX
8
0
10
132.511708158738
20
65.2406447886587
30
0
0
VERTEX
8
0
10
133.212828307726
20
65.1787985817019
30
0
0
VERTEX
8
0
10
133.913948456714
20
65.1164787810079
30
0
0
VERTEX
8
0
10
134.615068605702
20
65.0538625368482
30
0
0
VERTEX
8
0
10
135.31618875469
20
64.9911404034899
30
0
0
VERTEX
8
0
10
136.017308903678
20
64.928519328145
30
0
0
VERTEX
8
0
10
136.718429052666
20
64.8662269931793
30
0
0
VERTEX
8
0
10
137.419549201654
20
64.8045184716958
30
0
0
VERTEX
8
0
10
138.120669350642
20
64.7436870181982
30
0
0
VERTEX
8
0
10
138.82178949963
20
64.6840818907115
30
0
0
VERTEX
8
0
10
139.522909648618
20
64.6261315105338
30
0
0
VERTEX
8
0
10
140.224029797606
20
64.5703190324968
30
0
0
VERTEX
8
0
10
140.925149946594
20
64.5169415180482
30
0
0
VERTEX
8
0
10
141.626270095583
20
64.4658669119613
30
0
0
VERTEX
8
0
10
142.327390244571
20
64.4167782258956
30
0
0
VERTEX
8
0
10
143.028510393559
20
64.3694063954401
30
0
0
VERTEX
8
0
10
143.729630542547
20
64.3235525964286
30
0
0
VERTEX
8
0
10
144.430750691535
20
64.2790662006914
30
0
0
VERTEX
8
0
10
145.131870840523
20
64.2358281488323
30
0
0
VERTEX
8
0
10
145.832990989511
20
64.1937410258252
30
0
0
VERTEX
8
0
10
146.534111138499
20
64.1527230309859
30
0
0
VERTEX
8
0
10
147.235231287487
20
64.1127041084607
30
0
0
VERTEX
8
0
10
147.936351436475
20
64.0736233309067
30
0
0
VERTEX
8
0
10
148.637471585463
20
64.0354270521842
30
0
0
VERTEX
8
0
10
149.338591734451
20
63.9980675564804
30
0
0
VERTEX
8
0
10
150.039711883439
20
63.9615020417932
30
0
0
VERTEX
8
0
10
150.740832032427
20
63.9256918366716
30
0
0
VERTEX
8
0
10
151.441952181415
20
63.8906017845358
30
0
0
VERTEX
8
0
10
152.143072330403
20
63.856199751416
30
0
0
VERTEX
8
0
10
152.844192479391
20
63.8224562265501
30
0
0
VERTEX
8
0
10
153.545312628379
20
63.7893439941416
30
0
0
VERTEX
8
0
10
154.246432777367
20
63.7568378605399
30
0
0
SEQEND
8
0
0
POLYLINE
8
0
62
4
70
0
10
0
20
0
30
0
0
VERTEX
8
0
10
5.60896119190425
20
5.92030991681302
30
0
0
VERTEX
8
0
10
6.31008134089228
20
6.95387372979834
30
0
0
VERTEX
8
0
10
7.01120148988032
20
8.05205176962126
30
0
0
VERTEX
8
0
10
7.71232163886835
20
9.19066393873484
30
0
0
VERTEX
8
0
10
8.41344178785638
20
10.3719092298046
30
0
0
VERTEX
8
0
10
9.11456193684441
20
11.5766948587953
30
0
0
VERTEX
8
0
10
9.81568208583244
20
12.794915975206
30
0
0
VERTEX
8
0
10
10.5168022348205
20
13.7402860719374
30
0
0
VERTEX
8
0
10
11.2179223838085
20
14.7639184554039
30
0
0
VERTEX
8
0
10
11.9190425327965
20
15.7859262541863
30
0
0
VERTEX
8
0
10
12.6201626817846
20
16.5908757506584
30
0
0
VERTEX
8
0
10
13.3212828307726
20
17.4450923549148
30
0
0
VERTEX
8
0
10
14.0224029797606
20
18.2958239186498
30
0
0
VERTEX
8
0
10
14.7235231287487
20
19.1021824335531
30
0
0
VERTEX
8
0
10
15.4246432777367
20
19.8735631889348
30
0
0
VERTEX
8
0
10
16.1257634267247
20
20.6416876810605
30
0
0
VERTEX
8
0
10
16.8268835757128
20
21.4065029640039
30
0
0
VERTEX
8
0
10
17.5280037247008
20
22.1062499405101
30
0
0
VERTEX
8
0
10
18.2291238736888
20
22.7877743303901
30
0
0
VERTEX
8
0
10
18.9302440226769
20
23.4665021051356
30
0
0
VERTEX
8
0
10
19.6313641716649
20
24.1423242917657
30
0
0
VERTEX
8
0
10
20.3324843206529
20
24.8424328490628
30
0
0
VERTEX
8
0
10
21.033604469641
20
25.5382800192991
30
0
0
VERTEX
8
0
10
21.734724618629
20
26.230770856802
30
0
0
VERTEX
8
0
10
22.435844767617
20
26.9198666967286
30
0
0
VERTEX
8
0
10
23.1369649166051
20
27.6220974129842
30
0
0
VERTEX
8
0
10
23.8380850655931
20
28.3172619745552
30
0
0
VERTEX
8
0
10
24.5392052145811
20
29.0088977726799
30
0
0
VERTEX
8
0
10
25.2403253635692
20
29.649967845655
30
0
0
VERTEX
8
0
10
25.9414455125572
20
30.2425422343177
30
0
0
VERTEX
8
0
10
26.6425656615452
20
30.8321474714294
30
0
0
VERTEX
8
0
10
27.3436858105332
20
31.4187130225101
30
0
0
VERTEX
8
0
10
28.0448059595213
20
31.9524022144732
30
0
0
VERTEX
8
0
10
28.7459261085093
20
32.4666245751048
30
0
0
VERTEX
8
0
10
29.4470462574973
20
32.9784216514358
30
0
0
VERTEX
8
0
10
30.1481664064854
20
33.4876909438442
30
0
0
VERTEX
8
0
10
30.8492865554734
20
34.140823153427
30
0
0
VERTEX
8
0
10
31.5504067044614
20
34.7930866727282
30
0
0
VERTEX
8
0
10
32.2515268534495
20
35.4416896330988
30
0
0
VERTEX
8
0
10
32.9526470024375
20
36.0866397452252
30
0
0
VERTEX
8
0
10
33.6537671514255
20
36.8487540734224
30
0
0
VERTEX
8
0
10
34.3548873004135
20
37.5862829606487
30
0
0
VERTEX
8
0
10
35.0560074494016
20
38.3207618756026
30
0
0
VERTEX
8
0
10
35.7571275983896
20
39.0521956239417
30
0
0
VERTEX
8
0
10
36.4582477473776
20
39.6964481693925
30
0
0
VERTEX
8
0
10
37.1593678963657
20
40.3634457580111
30
0
0
VERTEX
8
0
10
37.8604880453537
20
41.0270217476062
30
0
0
VERTEX
8
0
10
38.5616081943417
20
41.6583315164177
30
0
0
VERTEX
8
0
10
39.2627283433297
20
42.2731884782505
30
0
0
VERTEX
8
0
10
39.9638484923178
20
42.8845248795783
30
0
0
VERTEX
8
0
10
40.6649686413058
20
43.4923515164629
30
0
0
VERTEX
8
0
10
41.3660887902938
20
43.9735734412701
30
0
0
VERTEX
8
0
10
42.0672089392819
20
44.4418709027127
30
0
0
VERTEX
8
0
10
42.7683290882699
20
44.9069606427877
30
0
0
VERTEX
8
0
10
43.4694492372579
20
45.3688162157253
30
0
0
VERTEX
8
0
10
44.170569386246
20
45.7628659416679
30
0
0
VERTEX
8
0
10
44.871689535234
20
46.1631557719446
30
0
0
VERTEX
8
0
10
45.572809684222
20
46.5605548858194
30
0
0
VERTEX
8
0
10
46.27392983321
20
46.9550224485238
30
0
0
VERTEX
8
0
10
46.9750499821981
20
47.3809189915206
30
0
0
VERTEX
8
0
10
47.6761701311861
20
47.7937567448441
30
0
0
VERTEX
8
0
10
48.3772902801741
20
48.203370252648
30
0
0
VERTEX
8
0
10
49.0784104291622
20
48.615265604408
30
0
0
VERTEX
8
0
10
49.7795305781502
20
49.0270173724061
30
0
0
VERTEX
8
0
10
50.4806507271382
20
49.4354325559832
30
0
0
VERTEX
8
0
10
51.1817708761262
20
49.8404965081708
30
0
0
VERTEX
8
0
10
51.8828910251143
20
50.2947634192595
30
0
0
VERTEX
8
0
10
52.5840111741023
20
50.7532055517763
30
0
0
VERTEX
8
0
10
53.2851313230903
20
51.2081111008887
30
0
0
VERTEX
8
0
10
53.9862514720784
20
51.6594862616365
30
0
0
VERTEX
8
0
10
54.6873716210664
20
52.1302604876749
30
0
0
VERTEX
8
0
10
55.3884917700544
20
52.5952902723262
30
0
0
VERTEX
8
0
10
56.0896119190424
20
53.0568301913085
30
0
0
VERTEX
8
0
10
56.7907320680305
20
53.5148921568411
30
0
0
VERTEX
8
0
10
57.4918522170185
20
53.9299760604623
30
0
0
VERTEX
8
0
10
58.1929723660065
20
54.3517091503765
30
0
0
VERTEX
8
0
10
58.8940925149946
20
54.7699712715779
30
0
0
VERTEX
8
0
10
59.5952126639826
20
55.1727272418353
30
0
0
VERTEX
8
0
10
60.2963328129706
20
55.5633584246105
30
0
0
VERTEX
8
0
10
60.9974529619587
20
55.9505507835733
30
0
0
VERTEX
8
0
10
61.6985731109467
20
56.3343104492371
30
0
0
VERTEX
8
0
10
62.3996932599347
20
56.6175744740437
30
0
0
VERTEX
8
0
10
63.1008134089227
20
56.876231390365
30
0
0
VERTEX
8
0
10
63.8019335579108
20
57.1319705559568
30
0
0
VERTEX
8
0
10
64.5030537068988
20
57.3847728227904
30
0
0
VERTEX
8
0
10
65.2041738558868
20
57.6025657470237
30
0
0
VERTEX
8
0
10
65.9052940048749
20
57.8192988942649
30
0
0
VERTEX
8
0
10
66.6064141538629
20
58.0333019234499
30
0
0
VERTEX
8
0
10
67.3075343028509
20
58.2445529810638
30
0
0
VERTEX
8
0
10
68.008654451839
20
58.480834384404
30
0
0
VERTEX
8
0
10
68.709774600827
20
58.707859349229
30
0
0
VERTEX
8
0
10
69.410894749815
20
58.9318967895561
30
0
0
VERTEX
8
0
10
70.112014898803
20
59.146891537082
30
0
0
VERTEX
8
0
10
70.8131350477911
20
59.3535117696635
30
0
0
VERTEX
8
0
10
71.5142551967791
20
59.5571985559555
30
0
0
VERTEX
8
0
10
72.2153753457671
20
59.7579403905232
30
0
0
VERTEX
8
0
10
72.9164954947552
20
59.9053123336649
30
0
0
VERTEX
8
0
10
73.6176156437432
20
60.034650659393
30
0
0
VERTEX
8
0
10
74.3187357927312
20
60.1616747147072
30
0
0
VERTEX
8
0
10
75.0198559417192
20
60.2863631613856
30
0
0
VERTEX
8
0
10
75.7209760907073
20
60.3945798564218
30
0
0
VERTEX
8
0
10
76.4220962396953
20
60.5005964986538
30
0
0
VERTEX
8
0
10
77.1232163886833
20
60.6044021068975
30
0
0
VERTEX
8
0
10
77.8243365376714
20
60.7059774407276
30
0
0
VERTEX
8
0
10
78.5254566866594
20
60.7374793497403
30
0
0
VERTEX
8
0
10
79.2265768356474
20
60.7806285984908
30
0
0
VERTEX
8
0
10
79.9276969846354
20
60.8223612935208
30
0
0
VERTEX
8
0
10
80.6288171336235
20
60.8626549667608
30
0
0
VERTEX
8
0
10
81.3299372826115
20
60.9101279454453
30
0
0
VERTEX
8
0
10
82.0310574315995
20
60.9532164355166
30
0
0
VERTEX
8
0
10
82.7321775805876
20
60.9946984268078
30
0
0
VERTEX
8
0
10
83.4332977295756
20
61.1278310080316
30
0
0
VERTEX
8
0
10
84.1344178785636
20
61.2964099248222
30
0
0
VERTEX
8
0
10
84.8355380275517
20
61.4618232274244
30
0
0
VERTEX
8
0
10
85.5366581765397
20
61.6240801921288
30
0
0
VERTEX
8
0
10
86.2377783255277
20
61.8033384506348
30
0
0
VERTEX
8
0
10
86.9388984745157
20
61.9805692115591
30
0
0
VERTEX
8
0
10
87.6400186235038
20
62.1546073532193
30
0
0
VERTEX
8
0
10
88.3411387724918
20
62.3254685898539
30
0
0
VERTEX
8
0
10
89.0422589214798
20
62.5233059315992
30
0
0
VERTEX
8
0
10
89.7433790704679
20
62.7133633217437
30
0
0
VERTEX
8
0
10
90.4444992194559
20
62.9002847386331
30
0
0
VERTEX
8
0
10
91.1456193684439
20
63.0840921017767
30
0
0
VERTEX
8
0
10
91.8467395174319
20
63.2567518084542
30
0
0
VERTEX
8
0
10
92.54785966642
20
63.4287097261784
30
0
0
VERTEX
8
0
10
93.248979815408
20
63.5976168219835
30
0
0
VERTEX
8
0
10
93.950099964396
20
63.7217036893983
30
0
0
VERTEX
8
0
10
94.6512201133841
20
63.8207819586798
30
0
0
VERTEX
8
0
10
95.3523402623721
20
63.9170218167932
30
0
0
VERTEX
8
0
10
96.0534604113601
20
64.0104387188822
30
0
0
VERTEX
8
0
10
96.7545805603481
20
64.1147992448654
30
0
0
VERTEX
8
0
10
97.4557007093362
20
64.2180026445262
30
0
0
VERTEX
8
0
10
98.1568208583242
20
64.3183686217395
30
0
0
VERTEX
8
0
10
98.8579410073122
20
64.4159179147594
30
0
0
VERTEX
8
0
10
99.5590611563003
20
64.5138154392352
30
0
0
VERTEX
8
0
10
100.260181305288
20
64.6085777105505
30
0
0
VERTEX
8
0
10
100.961301454276
20
64.7005816225426
30
0
0
VERTEX
8
0
10
101.662421603264
20
64.7898511699736
30
0
0
VERTEX
8
0
10
102.363541752252
20
64.8612888455745
30
0
0
VERTEX
8
0
10
103.06466190124
20
64.9341101660156
30
0
0
VERTEX
8
0
10
103.765782050228
20
65.0043068634556
30
0
0
VERTEX
8
0
10
104.466902199216
20
65.0537356939068
30
0
0
VERTEX
8
0
10
105.168022348204
20
65.0885639374562
30
0
0
VERTEX
8
0
10
105.869142497193
20
65.1209975392461
30
0
0
VERTEX
8
0
10
106.570262646181
20
65.1510606252579
30
0
0
VERTEX
8
0
10
107.271382795169
20
65.227686420087
30
0
0
VERTEX
8
0
10
107.972502944157
20
65.3114396148261
30
0
0
VERTEX
8
0
10
108.673623093145
20
65.3927144175713
30
0
0
VERTEX
8
0
10
109.374743242133
20
65.4715452687995
30
0
0
VERTEX
8
0
10
110.075863391121
20
65.6387745570291
30
0
0
VERTEX
8
0
10
110.776983540109
20
65.797948701406
30
0
0
VERTEX
8
0
10
111.478103689097
20
65.9551908043278
30
0
0
VERTEX
8
0
10
112.179223838085
20
66.1105443341978
30
0
0
VERTEX
8
0
10
112.880343987073
20
66.2257689846461
30
0
0
VERTEX
8
0
10
113.581464136061
20
66.3479585845621
30
0
0
VERTEX
8
0
10
114.282584285049
20
66.4681699131077
30
0
0
VERTEX
8
0
10
114.983704434037
20
66.553568192965
30
0
0
VERTEX
8
0
10
115.684824583025
20
66.6094379909678
30
0
0
VERTEX
8
0
10
116.385944732013
20
66.6632656223787
30
0
0
VERTEX
8
0
10
117.087064881001
20
66.7150936211276
30
0
0
VERTEX
8
0
10
117.788185029989
20
66.7496209853183
30
0
0
VERTEX
8
0
10
118.489305178977
20
66.7779411749681
30
0
0
VERTEX
8
0
10
119.190425327965
20
66.8044012863979
30
0
0
VERTEX
8
0
10
119.891545476953
20
66.8290457206559
30
0
0
VERTEX
8
0
10
120.592665625941
20
66.7553558852437
30
0
0
VERTEX
8
0
10
121.293785774929
20
66.6821544118677
30
0
0
VERTEX
8
0
10
121.994905923917
20
66.6078307636164
30
0
0
VERTEX
8
0
10
122.696026072905
20
66.5324282450784
30
0
0
VERTEX
8
0
10
123.397146221893
20
66.4833483683016
30
0
0
VERTEX
8
0
10
124.098266370881
20
66.4275055671865
30
0
0
VERTEX
8
0
10
124.79938651987
20
66.3705105939745
30
0
0
VERTEX
8
0
10
125.500506668858
20
66.312412400494
30
0
0
VERTEX
8
0
10
126.201626817846
20
66.3917226999149
30
0
0
VERTEX
8
0
10
126.902746966834
20
66.4240947076224
30
0
0
VERTEX
8
0
10
127.603867115822
20
66.4552033683373
30
0
0
VERTEX
8
0
10
128.30498726481
20
66.4821537538427
30
0
0
VERTEX
8
0
10
129.006107413798
20
66.5068407259721
30
0
0
VERTEX
8
0
10
129.707227562786
20
66.5304357143302
30
0
0
VERTEX
8
0
10
130.408347711774
20
66.5529998126284
30
0
0
VERTEX
8
0
10
131.109467860762
20
66.5837542298451
30
0
0
VERTEX
8
0
10
131.81058800975
20
66.6139752072754
30
0
0
VERTEX
8
0
10
132.511708158738
20
66.643373531072
30
0
0
VERTEX
8
0
10
133.212828307726
20
66.6720147905795
30
0
0
VERTEX
8
0
10
133.913948456714
20
66.6770460630247
30
0
0
VERTEX
8
0
10
134.615068605702
20
66.6852290965818
30
0
0
VERTEX
8
0
10
135.31618875469
20
66.6928288632029
30
0
0
VERTEX
8
0
10
136.017308903678
20
66.6999147101204
30
0
0
VERTEX
8
0
10
136.718429052666
20
66.6263410903104
30
0
0
VERTEX
8
0
10
137.419549201654
20
66.5768947208404
30
0
0
VERTEX
8
0
10
138.120669350642
20
66.5272832540169
30
0
0
VERTEX
8
0
10
138.82178949963
20
66.4784865396279
30
0
0
VERTEX
8
0
10
139.522909648618
20
66.4301086728659
30
0
0
VERTEX
8
0
10
140.224029797606
20
66.3817754142935
30
0
0
VERTEX
8
0
10
140.925149946594
20
66.333539160073
30
0
0
VERTEX
8
0
10
141.626270095583
20
66.2842121765178
30
0
0
VERTEX
8
0
10
142.327390244571
20
66.2348977925551
30
0
0
VERTEX
8
0
10
143.028510393559
20
66.1857204014164
30
0
0
VERTEX
8
0
10
143.729630542547
20
66.1366805174443
30
0
0
VERTEX
8
0
10
144.430750691535
20
66.0953330674273
30
0
0
VERTEX
8
0
10
145.131870840523
20
66.0531323246155
30
0
0
VERTEX
8
0
10
145.832990989511
20
66.0110350882709
30
0
0
VERTEX
8
0
10
146.534111138499
20
65.969041556724
30
0
0
VERTEX
8
0
10
147.235231287487
20
65.9832132104858
30
0
0
VERTEX
8
0
10
147.936351436475
20
65.9819014894728
30
0
0
VERTEX
8
0
10
148.637471585463
20
65.9805898698681
30
0
0
VERTEX
8
0
10
149.338591734451
20
65.9970969539463
30
0
0
VERTEX
8
0
10
150.039711883439
20
66.0246890174678
30
0
0
VERTEX
8
0
10
150.740832032427
20
66.0523257152319
30
0
0
VERTEX
8
0
10
151.441952181415
20
66.0800069912367
30
0
0
VERTEX
8
0
10
152.143072330403
20
66.0987118948504
30
0
0
VERTEX
8
0
10
152.844192479391
20
66.1158888217218
30
0
0
VERTEX
8
0
10
153.545312628379
20
66.1330827826408
30
0
0
VERTEX
8
0
10
154.246432777367
20
66.1502937643247
30
0
0
SEQEND
8
0
0
ENDSEC
0
EOF
