0
SECTION
2
HEADER
9
$ACADVER
1
AC1009
0
ENDSEC
0
SECTION
2
ENTITIES
0
POLYLINE
8
0
62
0
70
1
10
0
20
0
30
0
0
VERTEX
8
0
10
0
20
0
30
0
0
VERTEX
8
0
10
0
20
120.958
30
0
0
VERTEX
8
0
10
179.2
20
120.958
30
0
0
VERTEX
8
0
10
179.2
20
0
30
0
0
SEQEND
8
0
0
TEXT
8
0
62
0
10
0
20
-12
30
0
40
8
1
0
50
0
0
LINE
8
0
62
0
10
7.79649070903688
20
0
30
0
11
7.79649070903688
21
3.2
31
0
0
LINE
8
0
62
0
10
7.79649070903688
20
120.958
30
0
11
7.79649070903688
21
117.758
31
0
0
LINE
8
0
62
0
10
15.5929814180738
20
0
30
0
11
15.5929814180738
21
3.2
31
0
0
LINE
8
0
62
0
10
15.5929814180738
20
120.958
30
0
11
15.5929814180738
21
117.758
31
0
0
LINE
8
0
62
0
10
23.3894721271106
20
0
30
0
11
23.3894721271106
21
3.2
31
0
0
LINE
8
0
62
0
10
23.3894721271106
20
120.958
30
0
11
23.3894721271106
21
117.758
31
0
0
LINE
8
0
62
0
10
31.1859628361475
20
0
30
0
11
31.1859628361475
21
3.2
31
0
0
LINE
8
0
62
0
10
31.1859628361475
20
120.958
30
0
11
31.1859628361475
21
117.758
31
0
0
LINE
8
0
62
0
10
38.9824535451844
20
0
30
0
11
38.9824535451844
21
6.4
31
0
0
LINE
8
0
62
0
10
38.9824535451844
20
120.958
30
0
11
38.9824535451844
21
114.558
31
0
0
TEXT
8
0
62
0
10
38.9824535451844
20
-12
30
0
40
8
1
2
50
0
0
LINE
8
0
62
0
10
46.7789442542213
20
0
30
0
11
46.7789442542213
21
3.2
31
0
0
LINE
8
0
62
0
10
46.7789442542213
20
120.958
30
0
11
46.7789442542213
21
117.758
31
0
0
LINE
8
0
62
0
10
54.5754349632582
20
0
30
0
11
54.5754349632582
21
3.2
31
0
0
LINE
8
0
62
0
10
54.5754349632582
20
120.958
30
0
11
54.5754349632582
21
117.758
31
0
0
LINE
8
0
62
0
10
62.371925672295
20
0
30
0
11
62.371925672295
21
3.2
31
0
0
LINE
8
0
62
0
10
62.371925672295
20
120.958
30
0
11
62.371925672295
21
117.758
31
0
0
LINE
8
0
62
0
10
70.1684163813319
20
0
30
0
11
70.1684163813319
21
3.2
31
0
0
LINE
8
0
62
0
10
70.1684163813319
20
120.958
30
0
11
70.1684163813319
21
117.758
31
0
0
LINE
8
0
62
0
10
77.9649070903688
20
0
30
0
11
77.9649070903688
21
6.4
31
0
0
LINE
8
0
62
0
10
77.9649070903688
20
120.958
30
0
11
77.9649070903688
21
114.558
31
0
0
TEXT
8
0
62
0
10
77.9649070903688
20
-12
30
0
40
8
1
4
50
0
0
LINE
8
0
62
0
10
85.7613977994057
20
0
30
0
11
85.7613977994057
21
3.2
31
0
0
LINE
8
0
62
0
10
85.7613977994057
20
120.958
30
0
11
85.7613977994057
21
117.758
31
0
0
LINE
8
0
62
0
10
93.5578885084425
20
0
30
0
11
93.5578885084425
21
3.2
31
0
0
LINE
8
0
62
0
10
93.5578885084425
20
120.958
30
0
11
93.5578885084425
21
117.758
31
0
0
LINE
8
0
62
0
10
101.354379217479
20
0
30
0
11
101.354379217479
21
3.2
31
0
0
LINE
8
0
62
0
10
101.354379217479
20
120.958
30
0
11
101.354379217479
21
117.758
31
0
0
LINE
8
0
62
0
10
109.150869926516
20
0
30
0
11
109.150869926516
21
3.2
31
0
0
LINE
8
0
62
0
10
109.150869926516
20
120.958
30
0
11
109.150869926516
21
117.758
31
0
0
LINE
8
0
62
0
10
116.947360635553
20
0
30
0
11
116.947360635553
21
6.4
31
0
0
LINE
8
0
62
0
10
116.947360635553
20
120.958
30
0
11
116.947360635553
21
114.558
31
0
0
TEXT
8
0
62
0
10
116.947360635553
20
-12
30
0
40
8
1
6
50
0
0
LINE
8
0
62
0
10
124.74385134459
20
0
30
0
11
124.74385134459
21
3.2
31
0
0
LINE
8
0
62
0
10
124.74385134459
20
120.958
30
0
11
124.74385134459
21
117.758
31
0
0
LINE
8
0
62
0
10
132.540342053627
20
0
30
0
11
132.540342053627
21
3.2
31
0
0
LINE
8
0
62
0
10
132.540342053627
20
120.958
30
0
11
132.540342053627
21
117.758
31
0
0
LINE
8
0
62
0
10
140.336832762664
20
0
30
0
11
140.336832762664
21
3.2
31
0
0
LINE
8
0
62
0
10
140.336832762664
20
120.958
30
0
11
140.336832762664
21
117.758
31
0
0
LINE
8
0
62
0
10
148.133323471701
20
0
30
0
11
148.133323471701
21
3.2
31
0
0
LINE
8
0
62
0
10
148.133323471701
20
120.958
30
0
11
148.133323471701
21
117.758
31
0
0
LINE
8
0
62
0
10
155.929814180738
20
0
30
0
11
155.929814180738
21
6.4
31
0
0
LINE
8
0
62
0
10
155.929814180738
20
120.958
30
0
11
155.929814180738
21
114.558
31
0
0
TEXT
8
0
62
0
10
155.929814180738
20
-12
30
0
40
8
1
8
50
0
0
LINE
8
0
62
0
10
163.726304889774
20
0
30
0
11
163.726304889774
21
3.2
31
0
0
LINE
8
0
62
0
10
163.726304889774
20
120.958
30
0
11
163.726304889774
21
117.758
31
0
0
LINE
8
0
62
0
10
171.522795598811
20
0
30
0
11
171.522795598811
21
3.2
31
0
0
LINE
8
0
62
0
10
171.522795598811
20
120.958
30
0
11
171.522795598811
21
117.758
31
0
0
TEXT
8
0
62
0
10
-4
20
-4
30
0
40
8
1
0
50
0
0
LINE
8
0
62
0
10
0
20
4.03193333333333
30
0
11
3.2
21
4.03193333333333
31
0
0
LINE
8
0
62
0
10
179.2
20
4.03193333333333
30
0
11
176
21
4.03193333333333
31
0
0
LINE
8
0
62
0
10
0
20
8.06386666666667
30
0
11
3.2
21
8.06386666666667
31
0
0
LINE
8
0
62
0
10
179.2
20
8.06386666666667
30
0
11
176
21
8.06386666666667
31
0
0
LINE
8
0
62
0
10
0
20
12.0958
30
0
11
3.2
21
12.0958
31
0
0
LINE
8
0
62
0
10
179.2
20
12.0958
30
0
11
176
21
12.0958
31
0
0
LINE
8
0
62
0
10
0
20
16.1277333333333
30
0
11
3.2
21
16.1277333333333
31
0
0
LINE
8
0
62
0
10
179.2
20
16.1277333333333
30
0
11
176
21
16.1277333333333
31
0
0
LINE
8
0
62
0
10
0
20
20.1596666666667
30
0
11
6.4
21
20.1596666666667
31
0
0
LINE
8
0
62
0
10
179.2
20
20.1596666666667
30
0
11
172.8
21
20.1596666666667
31
0
0
TEXT
8
0
62
0
10
-4
20
16.1596666666667
30
0
40
8
1
20
50
0
0
LINE
8
0
62
0
10
0
20
24.1916
30
0
11
3.2
21
24.1916
31
0
0
LINE
8
0
62
0
10
179.2
20
24.1916
30
0
11
176
21
24.1916
31
0
0
LINE
8
0
62
0
10
0
20
28.2235333333333
30
0
11
3.2
21
28.2235333333333
31
0
0
LINE
8
0
62
0
10
179.2
20
28.2235333333333
30
0
11
176
21
28.2235333333333
31
0
0
LINE
8
0
62
0
10
0
20
32.2554666666667
30
0
11
3.2
21
32.2554666666667
31
0
0
LINE
8
0
62
0
10
179.2
20
32.2554666666667
30
0
11
176
21
32.2554666666667
31
0
0
LINE
8
0
62
0
10
0
20
36.2874
30
0
11
3.2
21
36.2874
31
0
0
LINE
8
0
62
0
10
179.2
20
36.2874
30
0
11
176
21
36.2874
31
0
0
LINE
8
0
62
0
10
0
20
40.3193333333333
30
0
11
6.4
21
40.3193333333333
31
0
0
LINE
8
0
62
0
10
179.2
20
40.3193333333333
30
0
11
172.8
21
40.3193333333333
31
0
0
TEXT
8
0
62
0
10
-4
20
36.3193333333333
30
0
40
8
1
40
50
0
0
LINE
8
0
62
0
10
0
20
44.3512666666667
30
0
11
3.2
21
44.3512666666667
31
0
0
LINE
8
0
62
0
10
179.2
20
44.3512666666667
30
0
11
176
21
44.3512666666667
31
0
0
LINE
8
0
62
0
10
0
20
48.3832
30
0
11
3.2
21
48.3832
31
0
0
LINE
8
0
62
0
10
179.2
20
48.3832
30
0
11
176
21
48.3832
31
0
0
LINE
8
0
62
0
10
0
20
52.4151333333333
30
0
11
3.2
21
52.4151333333333
31
0
0
LINE
8
0
62
0
10
179.2
20
52.4151333333333
30
0
11
176
21
52.4151333333333
31
0
0
LINE
8
0
62
0
10
0
20
56.4470666666667
30
0
11
3.2
21
56.4470666666667
31
0
0
LINE
8
0
62
0
10
179.2
20
56.4470666666667
30
0
11
176
21
56.4470666666667
31
0
0
LINE
8
0
62
0
10
0
20
60.479
30
0
11
6.4
21
60.479
31
0
0
LINE
8
0
62
0
10
179.2
20
60.479
30
0
11
172.8
21
60.479
31
0
0
TEXT
8
0
62
0
10
-4
20
56.479
30
0
40
8
1
60
50
0
0
LINE
8
0
62
0
10
0
20
64.5109333333333
30
0
11
3.2
21
64.5109333333333
31
0
0
LINE
8
0
62
0
10
179.2
20
64.5109333333333
30
0
11
176
21
64.5109333333333
31
0
0
LINE
8
0
62
0
10
0
20
68.5428666666667
30
0
11
3.2
21
68.5428666666667
31
0
0
LINE
8
0
62
0
10
179.2
20
68.5428666666667
30
0
11
176
21
68.5428666666667
31
0
0
LINE
8
0
62
0
10
0
20
72.5748
30
0
11
3.2
21
72.5748
31
0
0
LINE
8
0
62
0
10
179.2
20
72.5748
30
0
11
176
21
72.5748
31
0
0
LINE
8
0
62
0
10
0
20
76.6067333333333
30
0
11
3.2
21
76.6067333333333
31
0
0
LINE
8
0
62
0
10
179.2
20
76.6067333333333
30
0
11
176
21
76.6067333333333
31
0
0
LINE
8
0
62
0
10
0
20
80.6386666666667
30
0
11
6.4
21
80.6386666666667
31
0
0
LINE
8
0
62
0
10
179.2
20
80.6386666666667
30
0
11
172.8
21
80.6386666666667
31
0
0
TEXT
8
0
62
0
10
-4
20
76.6386666666667
30
0
40
8
1
80
50
0
0
LINE
8
0
62
0
10
0
20
84.6706
30
0
11
3.2
21
84.6706
31
0
0
LINE
8
0
62
0
10
179.2
20
84.6706
30
0
11
176
21
84.6706
31
0
0
LINE
8
0
62
0
10
0
20
88.7025333333333
30
0
11
3.2
21
88.7025333333333
31
0
0
LINE
8
0
62
0
10
179.2
20
88.7025333333333
30
0
11
176
21
88.7025333333333
31
0
0
LINE
8
0
62
0
10
0
20
92.7344666666666
30
0
11
3.2
21
92.7344666666666
31
0
0
LINE
8
0
62
0
10
179.2
20
92.7344666666666
30
0
11
176
21
92.7344666666666
31
0
0
LINE
8
0
62
0
10
0
20
96.7664
30
0
11
3.2
21
96.7664
31
0
0
LINE
8
0
62
0
10
179.2
20
96.7664
30
0
11
176
21
96.7664
31
0
0
LINE
8
0
62
0
10
0
20
100.798333333333
30
0
11
6.4
21
100.798333333333
31
0
0
LINE
8
0
62
0
10
179.2
20
100.798333333333
30
0
11
172.8
21
100.798333333333
31
0
0
TEXT
8
0
62
0
10
-4
20
96.7983333333333
30
0
40
8
1
100
50
0
0
LINE
8
0
62
0
10
0
20
104.830266666667
30
0
11
3.2
21
104.830266666667
31
0
0
LINE
8
0
62
0
10
179.2
20
104.830266666667
30
0
11
176
21
104.830266666667
31
0
0
LINE
8
0
62
0
10
0
20
108.8622
30
0
11
3.2
21
108.8622
31
0
0
LINE
8
0
62
0
10
179.2
20
108.8622
30
0
11
176
21
108.8622
31
0
0
LINE
8
0
62
0
10
0
20
112.894133333333
30
0
11
3.2
21
112.894133333333
31
0
0
LINE
8
0
62
0
10
179.2
20
112.894133333333
30
0
11
176
21
112.894133333333
31
0
0
LINE
8
0
62
0
10
0
20
116.926066666667
30
0
11
3.2
21
116.926066666667
31
0
0
LINE
8
0
62
0
10
179.2
20
116.926066666667
30
0
11
176
21
116.926066666667
31
0
0
TEXT
8
0
62
0
10
-4
20
116.958
30
0
40
8
1
120
50
0
0
TEXT
8
0
62
0
10
89.6
20
-32
30
0
40
10
1
R (kpc)
50
0
0
TEXT
8
0
62
0
10
-24
20
60.479
30
0
40
10
1
V (km/s)
50
90
0
TEXT
8
0
62
0
10
72.6
20
135.958
30
0
40
11
1
V vs. R
50
0
0
POLYLINE
8
0
62
5
70
0
10
0
20
0
30
0
0
VERTEX
8
0
10
3.31350855134067
20
24.3768939244999
30
0
0
VERTEX
8
0
10
3.5084208190666
20
24.9304500993295
30
0
0
VERTEX
8
0
10
3.70333308679252
20
25.5525208714465
30
0
0
VERTEX
8
0
10
3.89824535451844
20
26.1618659758334
30
0
0
VERTEX
8
0
10
4.09315762224436
20
26.7712110802203
30
0
0
VERTEX
8
0
10
4.28806988997029
20
27.3805561846071
30
0
0
VERTEX
8
0
10
4.48298215769621
20
27.989901288994
30
0
0
VERTEX
8
0
10
4.67789442542213
20
28.4842990346513
30
0
0
VERTEX
8
0
10
4.87280669314805
20
29.0053568039137
30
0
0
VERTEX
8
0
10
5.06771896087397
20
29.5264145731761
30
0
0
VERTEX
8
0
10
5.2626312285999
20
30.0474723424385
30
0
0
VERTEX
8
0
10
5.45754349632582
20
30.5685301117009
30
0
0
VERTEX
8
0
10
5.65245576405174
20
31.0492429716033
30
0
0
VERTEX
8
0
10
5.84736803177766
20
31.5172200117724
30
0
0
VERTEX
8
0
10
6.04228029950359
20
31.9851970519416
30
0
0
VERTEX
8
0
10
6.23719256722951
20
32.4531740921107
30
0
0
VERTEX
8
0
10
6.43210483495543
20
32.9211511322798
30
0
0
VERTEX
8
0
10
6.62701710268135
20
33.389128172449
30
0
0
VERTEX
8
0
10
6.82192937040727
20
33.8312635955345
30
0
0
VERTEX
8
0
10
7.0168416381332
20
34.2563427403548
30
0
0
VERTEX
8
0
10
7.21175390585912
20
34.6814218851751
30
0
0
VERTEX
8
0
10
7.40666617358504
20
35.1065010299954
30
0
0
VERTEX
8
0
10
7.60157844131096
20
35.5315801748157
30
0
0
VERTEX
8
0
10
7.79649070903688
20
35.956659319636
30
0
0
VERTEX
8
0
10
7.99140297676281
20
36.3817384644562
30
0
0
VERTEX
8
0
10
8.18631524448873
20
36.7620857243529
30
0
0
VERTEX
8
0
10
8.38122751221465
20
37.1562027518691
30
0
0
VERTEX
8
0
10
8.57613977994057
20
37.5503197793853
30
0
0
VERTEX
8
0
10
8.7710520476665
20
37.9444368069015
30
0
0
VERTEX
8
0
10
8.96596431539242
20
38.3385538344176
30
0
0
VERTEX
8
0
10
9.16087658311834
20
38.7326708619338
30
0
0
VERTEX
8
0
10
9.35578885084426
20
39.1149213173747
30
0
0
VERTEX
8
0
10
9.55070111857018
20
39.4913611818626
30
0
0
VERTEX
8
0
10
9.74561338629611
20
39.8678010463505
30
0
0
VERTEX
8
0
10
9.94052565402203
20
40.2442409108384
30
0
0
VERTEX
8
0
10
10.135437921748
20
40.6206807753263
30
0
0
VERTEX
8
0
10
10.3303501894739
20
40.9971206398142
30
0
0
VERTEX
8
0
10
10.5252624571998
20
41.3735605043021
30
0
0
VERTEX
8
0
10
10.7201747249257
20
41.7500003687901
30
0
0
VERTEX
8
0
10
10.9150869926516
20
42.0188032530972
30
0
0
VERTEX
8
0
10
11.1099992603776
20
42.3112889032029
30
0
0
VERTEX
8
0
10
11.3049115281035
20
42.6037745533086
30
0
0
VERTEX
8
0
10
11.4998237958294
20
42.8962602034144
30
0
0
VERTEX
8
0
10
11.6947360635553
20
43.1887458535201
30
0
0
VERTEX
8
0
10
11.8896483312813
20
43.4812315036258
30
0
0
VERTEX
8
0
10
12.0845605990072
20
43.7737171537315
30
0
0
VERTEX
8
0
10
12.2794728667331
20
44.0662028038372
30
0
0
VERTEX
8
0
10
12.474385134459
20
44.3329811517
30
0
0
VERTEX
8
0
10
12.6692974021849
20
44.5865961598527
30
0
0
VERTEX
8
0
10
12.8642096699109
20
44.8402111680054
30
0
0
VERTEX
8
0
10
13.0591219376368
20
45.093826176158
30
0
0
VERTEX
8
0
10
13.2540342053627
20
45.3474411843107
30
0
0
VERTEX
8
0
10
13.4489464730886
20
45.6010561924633
30
0
0
VERTEX
8
0
10
13.6438587408145
20
45.854671200616
30
0
0
VERTEX
8
0
10
13.8387710085405
20
46.1082862087687
30
0
0
VERTEX
8
0
10
14.0336832762664
20
46.3619012169213
30
0
0
VERTEX
8
0
10
14.2285955439923
20
46.615516225074
30
0
0
VERTEX
8
0
10
14.4235078117182
20
46.8691312332267
30
0
0
VERTEX
8
0
10
14.6184200794442
20
47.0832256241807
30
0
0
VERTEX
8
0
10
14.8133323471701
20
47.303722381954
30
0
0
VERTEX
8
0
10
15.008244614896
20
47.5242191397273
30
0
0
VERTEX
8
0
10
15.2031568826219
20
47.7447158975006
30
0
0
VERTEX
8
0
10
15.3980691503478
20
47.9652126552739
30
0
0
VERTEX
8
0
10
15.5929814180738
20
48.1857094130472
30
0
0
VERTEX
8
0
10
15.7878936857997
20
48.4062061708205
30
0
0
VERTEX
8
0
10
15.9828059535256
20
48.6267029285938
30
0
0
VERTEX
8
0
10
16.1777182212515
20
48.8471996863671
30
0
0
VERTEX
8
0
10
16.3726304889775
20
49.0676964441404
30
0
0
VERTEX
8
0
10
16.5675427567034
20
49.2881932019137
30
0
0
VERTEX
8
0
10
16.7624550244293
20
49.508689959687
30
0
0
VERTEX
8
0
10
16.9573672921552
20
49.6763731925163
30
0
0
VERTEX
8
0
10
17.1522795598811
20
49.8367165654393
30
0
0
VERTEX
8
0
10
17.3471918276071
20
49.9970599383622
30
0
0
VERTEX
8
0
10
17.542104095333
20
50.1574033112852
30
0
0
VERTEX
8
0
10
17.7370163630589
20
50.3177466842082
30
0
0
VERTEX
8
0
10
17.9319286307848
20
50.4780900571311
30
0
0
VERTEX
8
0
10
18.1268408985108
20
50.6384334300541
30
0
0
VERTEX
8
0
10
18.3217531662367
20
50.7987768029771
30
0
0
VERTEX
8
0
10
18.5166654339626
20
50.9591201759
30
0
0
VERTEX
8
0
10
18.7115777016885
20
51.119463548823
30
0
0
VERTEX
8
0
10
18.9064899694144
20
51.2798069217459
30
0
0
VERTEX
8
0
10
19.1014022371404
20
51.4401502946689
30
0
0
VERTEX
8
0
10
19.2963145048663
20
51.6004936675919
30
0
0
VERTEX
8
0
10
19.4912267725922
20
51.7608370405148
30
0
0
VERTEX
8
0
10
19.6861390403181
20
51.8804240530842
30
0
0
VERTEX
8
0
10
19.8810513080441
20
52.0101490934892
30
0
0
VERTEX
8
0
10
20.07596357577
20
52.1398741338942
30
0
0
VERTEX
8
0
10
20.2708758434959
20
52.2695991742992
30
0
0
VERTEX
8
0
10
20.4657881112218
20
52.3993242147043
30
0
0
VERTEX
8
0
10
20.6607003789477
20
52.5290492551093
30
0
0
VERTEX
8
0
10
20.8556126466737
20
52.6587742955143
30
0
0
VERTEX
8
0
10
21.0505249143996
20
52.7884993359193
30
0
0
VERTEX
8
0
10
21.2454371821255
20
52.9182243763243
30
0
0
VERTEX
8
0
10
21.4403494498514
20
53.0479494167293
30
0
0
VERTEX
8
0
10
21.6352617175774
20
53.1776744571343
30
0
0
VERTEX
8
0
10
21.8301739853033
20
53.3073994975393
30
0
0
VERTEX
8
0
10
22.0250862530292
20
53.4371245379443
30
0
0
VERTEX
8
0
10
22.2199985207551
20
53.5624263011835
30
0
0
VERTEX
8
0
10
22.414910788481
20
53.6865111224405
30
0
0
VERTEX
8
0
10
22.609823056207
20
53.8105959436974
30
0
0
VERTEX
8
0
10
22.8047353239329
20
53.9346807649544
30
0
0
VERTEX
8
0
10
22.9996475916588
20
54.0587655862114
30
0
0
VERTEX
8
0
10
23.1945598593847
20
54.1828504074683
30
0
0
VERTEX
8
0
10
23.3894721271107
20
54.3069352287253
30
0
0
VERTEX
8
0
10
23.5843843948366
20
54.4310200499823
30
0
0
VERTEX
8
0
10
23.7792966625625
20
54.5551048712392
30
0
0
VERTEX
8
0
10
23.9742089302884
20
54.6791896924962
30
0
0
VERTEX
8
0
10
24.1691211980143
20
54.8032745137532
30
0
0
VERTEX
8
0
10
24.3640334657403
20
54.9273593350101
30
0
0
VERTEX
8
0
10
24.5589457334662
20
55.0514441562671
30
0
0
VERTEX
8
0
10
24.7538580011921
20
55.1755289775241
30
0
0
VERTEX
8
0
10
24.948770268918
20
55.3055958183996
30
0
0
VERTEX
8
0
10
25.143682536644
20
55.434515113212
30
0
0
VERTEX
8
0
10
25.3385948043699
20
55.5634344080245
30
0
0
VERTEX
8
0
10
25.5335070720958
20
55.6923537028369
30
0
0
VERTEX
8
0
10
25.7284193398217
20
55.8212729976493
30
0
0
VERTEX
8
0
10
25.9233316075476
20
55.9501922924618
30
0
0
VERTEX
8
0
10
26.1182438752736
20
56.0791115872742
30
0
0
VERTEX
8
0
10
26.3131561429995
20
56.2080308820866
30
0
0
VERTEX
8
0
10
26.5080684107254
20
56.3369501768991
30
0
0
VERTEX
8
0
10
26.7029806784513
20
56.4658694717115
30
0
0
VERTEX
8
0
10
26.8978929461773
20
56.5947887665239
30
0
0
VERTEX
8
0
10
27.0928052139032
20
56.7237080613364
30
0
0
VERTEX
8
0
10
27.2877174816291
20
56.8526273561488
30
0
0
VERTEX
8
0
10
27.482629749355
20
56.9976812130213
30
0
0
VERTEX
8
0
10
27.6775420170809
20
57.1499671300185
30
0
0
VERTEX
8
0
10
27.8724542848069
20
57.3022530470157
30
0
0
VERTEX
8
0
10
28.0673665525328
20
57.4545389640129
30
0
0
VERTEX
8
0
10
28.2622788202587
20
57.60682488101
30
0
0
VERTEX
8
0
10
28.4571910879846
20
57.7591107980072
30
0
0
VERTEX
8
0
10
28.6521033557106
20
57.9113967150044
30
0
0
VERTEX
8
0
10
28.8470156234365
20
58.0636826320016
30
0
0
VERTEX
8
0
10
29.0419278911624
20
58.2159685489988
30
0
0
VERTEX
8
0
10
29.2368401588883
20
58.368254465996
30
0
0
VERTEX
8
0
10
29.4317524266142
20
58.5205403829932
30
0
0
VERTEX
8
0
10
29.6266646943402
20
58.6728262999903
30
0
0
VERTEX
8
0
10
29.8215769620661
20
58.8251122169875
30
0
0
VERTEX
8
0
10
30.016489229792
20
58.9773981339847
30
0
0
VERTEX
8
0
10
30.2114014975179
20
59.1287625802412
30
0
0
VERTEX
8
0
10
30.4063137652439
20
59.2802427516458
30
0
0
VERTEX
8
0
10
30.6012260329698
20
59.4317229230504
30
0
0
VERTEX
8
0
10
30.7961383006957
20
59.583203094455
30
0
0
VERTEX
8
0
10
30.9910505684216
20
59.7346832658596
30
0
0
VERTEX
8
0
10
31.1859628361475
20
59.8861634372642
30
0
0
VERTEX
8
0
10
31.3808751038735
20
60.0376436086688
30
0
0
VERTEX
8
0
10
31.5757873715994
20
60.1891237800734
30
0
0
VERTEX
8
0
10
31.7706996393253
20
60.340603951478
30
0
0
VERTEX
8
0
10
31.9656119070512
20
60.4920841228827
30
0
0
VERTEX
8
0
10
32.1605241747772
20
60.6435642942873
30
0
0
VERTEX
8
0
10
32.3554364425031
20
60.7950444656919
30
0
0
VERTEX
8
0
10
32.550348710229
20
60.9465246370965
30
0
0
VERTEX
8
0
10
32.7452609779549
20
61.1100256004999
30
0
0
VERTEX
8
0
10
32.9401732456808
20
61.281649411719
30
0
0
VERTEX
8
0
10
33.1350855134068
20
61.453273222938
30
0
0
VERTEX
8
0
10
33.3299977811327
20
61.6248970341571
30
0
0
VERTEX
8
0
10
33.5249100488586
20
61.7965208453761
30
0
0
VERTEX
8
0
10
33.7198223165845
20
61.9681446565952
30
0
0
VERTEX
8
0
10
33.9147345843105
20
62.1397684678142
30
0
0
VERTEX
8
0
10
34.1096468520364
20
62.3113922790333
30
0
0
VERTEX
8
0
10
34.3045591197623
20
62.4830160902523
30
0
0
VERTEX
8
0
10
34.4994713874882
20
62.6546399014714
30
0
0
VERTEX
8
0
10
34.6943836552141
20
62.8262637126904
30
0
0
VERTEX
8
0
10
34.8892959229401
20
62.9978875239095
30
0
0
VERTEX
8
0
10
35.084208190666
20
63.1695113351285
30
0
0
VERTEX
8
0
10
35.2791204583919
20
63.3411351463476
30
0
0
VERTEX
8
0
10
35.4740327261178
20
63.5525341666269
30
0
0
VERTEX
8
0
10
35.6689449938438
20
63.7620433682322
30
0
0
VERTEX
8
0
10
35.8638572615697
20
63.9715525698375
30
0
0
VERTEX
8
0
10
36.0587695292956
20
64.1810617714428
30
0
0
VERTEX
8
0
10
36.2536817970215
20
64.3905709730481
30
0
0
VERTEX
8
0
10
36.4485940647474
20
64.6000801746534
30
0
0
VERTEX
8
0
10
36.6435063324734
20
64.8095893762587
30
0
0
VERTEX
8
0
10
36.8384186001993
20
65.019098577864
30
0
0
VERTEX
8
0
10
37.0333308679252
20
65.2286077794693
30
0
0
VERTEX
8
0
10
37.2282431356511
20
65.4381169810746
30
0
0
VERTEX
8
0
10
37.4231554033771
20
65.6476261826799
30
0
0
VERTEX
8
0
10
37.618067671103
20
65.8571353842852
30
0
0
VERTEX
8
0
10
37.8129799388289
20
66.0666445858905
30
0
0
VERTEX
8
0
10
38.0078922065548
20
66.2664550376205
30
0
0
VERTEX
8
0
10
38.2028044742807
20
66.4672951840264
30
0
0
VERTEX
8
0
10
38.3977167420067
20
66.6681353304323
30
0
0
VERTEX
8
0
10
38.5926290097326
20
66.8689754768382
30
0
0
VERTEX
8
0
10
38.7875412774585
20
67.0698156232442
30
0
0
VERTEX
8
0
10
38.9824535451844
20
67.2706557696501
30
0
0
VERTEX
8
0
10
39.1773658129104
20
67.471495916056
30
0
0
VERTEX
8
0
10
39.3722780806363
20
67.6723360624619
30
0
0
VERTEX
8
0
10
39.5671903483622
20
67.8731762088678
30
0
0
VERTEX
8
0
10
39.7621026160881
20
68.0740163552737
30
0
0
VERTEX
8
0
10
39.957014883814
20
68.2748565016797
30
0
0
VERTEX
8
0
10
40.1519271515399
20
68.4756966480856
30
0
0
VERTEX
8
0
10
40.3468394192659
20
68.6611214013172
30
0
0
VERTEX
8
0
10
40.5417516869918
20
68.842774826722
30
0
0
VERTEX
8
0
10
40.7366639547177
20
69.0244282521267
30
0
0
VERTEX
8
0
10
40.9315762224436
20
69.2060816775315
30
0
0
VERTEX
8
0
10
41.1264884901695
20
69.3877351029362
30
0
0
VERTEX
8
0
10
41.3214007578954
20
69.569388528341
30
0
0
VERTEX
8
0
10
41.5163130256214
20
69.7510419537457
30
0
0
VERTEX
8
0
10
41.7112252933473
20
69.9326953791505
30
0
0
VERTEX
8
0
10
41.9061375610732
20
70.1143488045552
30
0
0
VERTEX
8
0
10
42.1010498287991
20
70.29600222996
30
0
0
VERTEX
8
0
10
42.295962096525
20
70.4776556553648
30
0
0
VERTEX
8
0
10
42.490874364251
20
70.6593090807695
30
0
0
VERTEX
8
0
10
42.6857866319769
20
70.8409625061743
30
0
0
VERTEX
8
0
10
42.8806988997028
20
70.9745053861378
30
0
0
VERTEX
8
0
10
43.0756111674287
20
71.1010074441725
30
0
0
VERTEX
8
0
10
43.2705234351546
20
71.2275095022072
30
0
0
VERTEX
8
0
10
43.4654357028805
20
71.3540115602419
30
0
0
VERTEX
8
0
10
43.6603479706065
20
71.4805136182766
30
0
0
VERTEX
8
0
10
43.8552602383324
20
71.6070156763113
30
0
0
VERTEX
8
0
10
44.0501725060583
20
71.733517734346
30
0
0
VERTEX
8
0
10
44.2450847737842
20
71.8600197923807
30
0
0
VERTEX
8
0
10
44.4399970415101
20
71.9865218504154
30
0
0
VERTEX
8
0
10
44.6349093092361
20
72.1130239084501
30
0
0
VERTEX
8
0
10
44.829821576962
20
72.2395259664848
30
0
0
VERTEX
8
0
10
45.0247338446879
20
72.3660280245195
30
0
0
VERTEX
8
0
10
45.2196461124138
20
72.4925300825542
30
0
0
VERTEX
8
0
10
45.4145583801397
20
72.6190321405889
30
0
0
VERTEX
8
0
10
45.6094706478656
20
72.612035730639
30
0
0
VERTEX
8
0
10
45.8043829155916
20
72.6378195896015
30
0
0
VERTEX
8
0
10
45.9992951833175
20
72.663603448564
30
0
0
VERTEX
8
0
10
46.1942074510434
20
72.6893873075265
30
0
0
VERTEX
8
0
10
46.3891197187693
20
72.715171166489
30
0
0
VERTEX
8
0
10
46.5840319864952
20
72.7409550254514
30
0
0
VERTEX
8
0
10
46.7789442542211
20
72.7667388844139
30
0
0
VERTEX
8
0
10
46.9738565219471
20
72.7925227433764
30
0
0
VERTEX
8
0
10
47.168768789673
20
72.8183066023389
30
0
0
VERTEX
8
0
10
47.3636810573989
20
72.8440904613014
30
0
0
VERTEX
8
0
10
47.5585933251248
20
72.8698743202639
30
0
0
VERTEX
8
0
10
47.7535055928507
20
72.8956581792263
30
0
0
VERTEX
8
0
10
47.9484178605767
20
72.9214420381888
30
0
0
VERTEX
8
0
10
48.1433301283026
20
72.9189952064127
30
0
0
VERTEX
8
0
10
48.3382423960285
20
72.9085205137092
30
0
0
VERTEX
8
0
10
48.5331546637544
20
72.8980458210057
30
0
0
VERTEX
8
0
10
48.7280669314803
20
72.8875711283022
30
0
0
VERTEX
8
0
10
48.9229791992062
20
72.8770964355987
30
0
0
VERTEX
8
0
10
49.1178914669322
20
72.8666217428952
30
0
0
VERTEX
8
0
10
49.3128037346581
20
72.8561470501917
30
0
0
VERTEX
8
0
10
49.507716002384
20
72.8456723574882
30
0
0
VERTEX
8
0
10
49.7026282701099
20
72.8351976647847
30
0
0
VERTEX
8
0
10
49.8975405378358
20
72.8247229720812
30
0
0
VERTEX
8
0
10
50.0924528055617
20
72.8142482793777
30
0
0
VERTEX
8
0
10
50.2873650732877
20
72.8037735866741
30
0
0
VERTEX
8
0
10
50.4822773410136
20
72.7932988939706
30
0
0
VERTEX
8
0
10
50.6771896087395
20
72.7828242012671
30
0
0
VERTEX
8
0
10
50.8721018764654
20
72.7812816054974
30
0
0
VERTEX
8
0
10
51.0670141441913
20
72.778058623127
30
0
0
VERTEX
8
0
10
51.2619264119173
20
72.7748356407567
30
0
0
VERTEX
8
0
10
51.4568386796432
20
72.7716126583864
30
0
0
VERTEX
8
0
10
51.6517509473691
20
72.7683896760161
30
0
0
VERTEX
8
0
10
51.846663215095
20
72.7651666936458
30
0
0
VERTEX
8
0
10
52.0415754828209
20
72.7619437112755
30
0
0
VERTEX
8
0
10
52.2364877505469
20
72.7587207289052
30
0
0
VERTEX
8
0
10
52.4314000182728
20
72.7554977465349
30
0
0
VERTEX
8
0
10
52.6263122859987
20
72.7522747641646
30
0
0
VERTEX
8
0
10
52.8212245537246
20
72.7490517817943
30
0
0
VERTEX
8
0
10
53.0161368214505
20
72.7458287994239
30
0
0
VERTEX
8
0
10
53.2110490891764
20
72.7426058170536
30
0
0
VERTEX
8
0
10
53.4059613569024
20
72.7504191577646
30
0
0
VERTEX
8
0
10
53.6008736246283
20
72.7633110872459
30
0
0
VERTEX
8
0
10
53.7957858923542
20
72.7762030167271
30
0
0
VERTEX
8
0
10
53.9906981600801
20
72.7890949462083
30
0
0
VERTEX
8
0
10
54.185610427806
20
72.8019868756896
30
0
0
VERTEX
8
0
10
54.3805226955319
20
72.8148788051708
30
0
0
VERTEX
8
0
10
54.5754349632579
20
72.8277707346521
30
0
0
VERTEX
8
0
10
54.7703472309838
20
72.8406626641333
30
0
0
VERTEX
8
0
10
54.9652594987097
20
72.8535545936145
30
0
0
VERTEX
8
0
10
55.1601717664356
20
72.8664465230958
30
0
0
VERTEX
8
0
10
55.3550840341615
20
72.879338452577
30
0
0
VERTEX
8
0
10
55.5499963018875
20
72.8922303820583
30
0
0
VERTEX
8
0
10
55.7449085696134
20
72.9051223115395
30
0
0
VERTEX
8
0
10
55.9398208373393
20
72.9180142410207
30
0
0
VERTEX
8
0
10
56.1347331050652
20
72.9318230931878
30
0
0
VERTEX
8
0
10
56.3296453727911
20
72.9455207682617
30
0
0
VERTEX
8
0
10
56.524557640517
20
72.9592184433355
30
0
0
VERTEX
8
0
10
56.719469908243
20
72.9729161184093
30
0
0
VERTEX
8
0
10
56.9143821759689
20
72.9866137934831
30
0
0
VERTEX
8
0
10
57.1092944436948
20
73.000311468557
30
0
0
VERTEX
8
0
10
57.3042067114207
20
73.0140091436308
30
0
0
VERTEX
8
0
10
57.4991189791466
20
73.0277068187046
30
0
0
VERTEX
8
0
10
57.6940312468725
20
73.0414044937784
30
0
0
VERTEX
8
0
10
57.8889435145985
20
73.0551021688522
30
0
0
VERTEX
8
0
10
58.0838557823244
20
73.0687998439261
30
0
0
VERTEX
8
0
10
58.2787680500503
20
73.0824975189999
30
0
0
VERTEX
8
0
10
58.4736803177762
20
73.0961951940737
30
0
0
VERTEX
8
0
10
58.6685925855021
20
73.1017960475217
30
0
0
VERTEX
8
0
10
58.8635048532281
20
73.1017960475217
30
0
0
VERTEX
8
0
10
59.058417120954
20
73.1017960475217
30
0
0
VERTEX
8
0
10
59.2533293886799
20
73.1017960475217
30
0
0
VERTEX
8
0
10
59.4482416564058
20
73.1017960475217
30
0
0
VERTEX
8
0
10
59.6431539241317
20
73.1017960475217
30
0
0
VERTEX
8
0
10
59.8380661918576
20
73.1017960475217
30
0
0
VERTEX
8
0
10
60.0329784595836
20
73.1017960475217
30
0
0
VERTEX
8
0
10
60.2278907273095
20
73.1017960475217
30
0
0
VERTEX
8
0
10
60.4228029950354
20
73.1017960475217
30
0
0
VERTEX
8
0
10
60.6177152627613
20
73.1017960475217
30
0
0
VERTEX
8
0
10
60.8126275304872
20
73.1017960475217
30
0
0
VERTEX
8
0
10
61.0075397982132
20
73.1017960475217
30
0
0
VERTEX
8
0
10
61.2024520659391
20
73.1017960475217
30
0
0
VERTEX
8
0
10
61.397364333665
20
73.0748715625031
30
0
0
VERTEX
8
0
10
61.5922766013909
20
73.0490877035407
30
0
0
VERTEX
8
0
10
61.7871888691168
20
73.0233038445782
30
0
0
VERTEX
8
0
10
61.9821011368427
20
72.9975199856157
30
0
0
VERTEX
8
0
10
62.1770134045687
20
72.9717361266532
30
0
0
VERTEX
8
0
10
62.3719256722946
20
72.9459522676907
30
0
0
VERTEX
8
0
10
62.5668379400205
20
72.9201684087282
30
0
0
VERTEX
8
0
10
62.7617502077464
20
72.8943845497657
30
0
0
VERTEX
8
0
10
62.9566624754723
20
72.8686006908032
30
0
0
VERTEX
8
0
10
63.1515747431982
20
72.8428168318408
30
0
0
VERTEX
8
0
10
63.3464870109242
20
72.8170329728783
30
0
0
VERTEX
8
0
10
63.5413992786501
20
72.7912491139158
30
0
0
VERTEX
8
0
10
63.736311546376
20
72.7654652549533
30
0
0
VERTEX
8
0
10
63.9312238141019
20
72.7396813959908
30
0
0
VERTEX
8
0
10
64.1261360818278
20
72.6873546098789
30
0
0
VERTEX
8
0
10
64.3210483495537
20
72.6438443478797
30
0
0
VERTEX
8
0
10
64.5159606172797
20
72.6003340858805
30
0
0
VERTEX
8
0
10
64.7108728850056
20
72.5568238238813
30
0
0
VERTEX
8
0
10
64.9057851527315
20
72.5133135618821
30
0
0
VERTEX
8
0
10
65.1006974204574
20
72.4698032998829
30
0
0
VERTEX
8
0
10
65.2956096881833
20
72.4262930378837
30
0
0
VERTEX
8
0
10
65.4905219559093
20
72.3827827758845
30
0
0
VERTEX
8
0
10
65.6854342236352
20
72.3392725138853
30
0
0
VERTEX
8
0
10
65.8803464913611
20
72.2957622518861
30
0
0
VERTEX
8
0
10
66.075258759087
20
72.2522519898869
30
0
0
VERTEX
8
0
10
66.2701710268129
20
72.2087417278877
30
0
0
VERTEX
8
0
10
66.4650832945389
20
72.1652314658885
30
0
0
VERTEX
8
0
10
66.6599955622648
20
72.1194236310059
30
0
0
VERTEX
8
0
10
66.8549078299907
20
72.073496132229
30
0
0
VERTEX
8
0
10
67.0498200977166
20
72.027568633452
30
0
0
VERTEX
8
0
10
67.2447323654425
20
71.9816411346751
30
0
0
VERTEX
8
0
10
67.4396446331684
20
71.9357136358982
30
0
0
VERTEX
8
0
10
67.6345569008944
20
71.8897861371212
30
0
0
VERTEX
8
0
10
67.8294691686203
20
71.8438586383443
30
0
0
VERTEX
8
0
10
68.0243814363462
20
71.7979311395674
30
0
0
VERTEX
8
0
10
68.2192937040721
20
71.7520036407905
30
0
0
VERTEX
8
0
10
68.414205971798
20
71.7060761420135
30
0
0
VERTEX
8
0
10
68.609118239524
20
71.6601486432366
30
0
0
VERTEX
8
0
10
68.8040305072499
20
71.6142211444597
30
0
0
VERTEX
8
0
10
68.9989427749758
20
71.5682936456827
30
0
0
VERTEX
8
0
10
69.1938550427017
20
71.5223661469058
30
0
0
VERTEX
8
0
10
69.3887673104276
20
71.4730457556501
30
0
0
VERTEX
8
0
10
69.5836795781535
20
71.4247010200954
30
0
0
VERTEX
8
0
10
69.7785918458795
20
71.3763562845408
30
0
0
VERTEX
8
0
10
69.9735041136054
20
71.3280115489861
30
0
0
VERTEX
8
0
10
70.1684163813313
20
71.2796668134314
30
0
0
VERTEX
8
0
10
70.3633286490572
20
71.2313220778768
30
0
0
VERTEX
8
0
10
70.5582409167831
20
71.1829773423221
30
0
0
VERTEX
8
0
10
70.753153184509
20
71.1346326067675
30
0
0
VERTEX
8
0
10
70.948065452235
20
71.0862878712128
30
0
0
VERTEX
8
0
10
71.1429777199609
20
71.0379431356582
30
0
0
VERTEX
8
0
10
71.3378899876868
20
70.9895984001035
30
0
0
VERTEX
8
0
10
71.5328022554127
20
70.9412536645488
30
0
0
VERTEX
8
0
10
71.7277145231386
20
70.8929089289942
30
0
0
VERTEX
8
0
10
71.9226267908646
20
70.8473254938347
30
0
0
VERTEX
8
0
10
72.1175390585905
20
70.8022037406503
30
0
0
VERTEX
8
0
10
72.3124513263164
20
70.757081987466
30
0
0
VERTEX
8
0
10
72.5073635940423
20
70.7119602342816
30
0
0
VERTEX
8
0
10
72.7022758617682
20
70.6668384810973
30
0
0
VERTEX
8
0
10
72.8971881294941
20
70.6217167279129
30
0
0
VERTEX
8
0
10
73.0921003972201
20
70.5765949747286
30
0
0
VERTEX
8
0
10
73.287012664946
20
70.5314732215443
30
0
0
VERTEX
8
0
10
73.4819249326719
20
70.4863514683599
30
0
0
VERTEX
8
0
10
73.6768372003978
20
70.4412297151756
30
0
0
VERTEX
8
0
10
73.8717494681237
20
70.3961079619912
30
0
0
VERTEX
8
0
10
74.0666617358497
20
70.3509862088068
30
0
0
VERTEX
8
0
10
74.2615740035756
20
70.3058644556225
30
0
0
VERTEX
8
0
10
74.4564862713015
20
70.2607427024382
30
0
0
VERTEX
8
0
10
74.6513985390274
20
70.2166763808844
30
0
0
VERTEX
8
0
10
74.8463108067533
20
70.1723603732926
30
0
0
VERTEX
8
0
10
75.0412230744792
20
70.1280443657008
30
0
0
VERTEX
8
0
10
75.2361353422052
20
70.0837283581091
30
0
0
VERTEX
8
0
10
75.4310476099311
20
70.0394123505173
30
0
0
VERTEX
8
0
10
75.625959877657
20
69.9950963429255
30
0
0
VERTEX
8
0
10
75.8208721453829
20
69.9507803353337
30
0
0
VERTEX
8
0
10
76.0157844131088
20
69.906464327742
30
0
0
VERTEX
8
0
10
76.2106966808347
20
69.8621483201502
30
0
0
VERTEX
8
0
10
76.4056089485607
20
69.8178323125584
30
0
0
VERTEX
8
0
10
76.6005212162866
20
69.7735163049666
30
0
0
VERTEX
8
0
10
76.7954334840125
20
69.7292002973749
30
0
0
VERTEX
8
0
10
76.9903457517384
20
69.6848842897831
30
0
0
VERTEX
8
0
10
77.1852580194643
20
69.6368795267726
30
0
0
VERTEX
8
0
10
77.3801702871903
20
69.5877290456254
30
0
0
VERTEX
8
0
10
77.5750825549162
20
69.5385785644781
30
0
0
VERTEX
8
0
10
77.7699948226421
20
69.4894280833309
30
0
0
VERTEX
8
0
10
77.964907090368
20
69.4402776021837
30
0
0
VERTEX
8
0
10
78.1598193580939
20
69.3911271210364
30
0
0
VERTEX
8
0
10
78.3547316258199
20
69.3419766398892
30
0
0
VERTEX
8
0
10
78.5496438935458
20
69.2928261587419
30
0
0
VERTEX
8
0
10
78.7445561612717
20
69.2436756775947
30
0
0
VERTEX
8
0
10
78.9394684289976
20
69.1945251964475
30
0
0
VERTEX
8
0
10
79.1343806967235
20
69.1453747153002
30
0
0
VERTEX
8
0
10
79.3292929644494
20
69.096224234153
30
0
0
VERTEX
8
0
10
79.5242052321754
20
69.0470737530057
30
0
0
VERTEX
8
0
10
79.7191174999013
20
68.9979232718585
30
0
0
VERTEX
8
0
10
79.9140297676272
20
68.9389737996956
30
0
0
VERTEX
8
0
10
80.1089420353531
20
68.8817658626226
30
0
0
VERTEX
8
0
10
80.303854303079
20
68.8245579255496
30
0
0
VERTEX
8
0
10
80.4987665708049
20
68.7673499884766
30
0
0
VERTEX
8
0
10
80.6936788385309
20
68.7101420514036
30
0
0
VERTEX
8
0
10
80.8885911062568
20
68.6529341143305
30
0
0
VERTEX
8
0
10
81.0835033739827
20
68.5957261772575
30
0
0
VERTEX
8
0
10
81.2784156417086
20
68.5385182401845
30
0
0
VERTEX
8
0
10
81.4733279094345
20
68.4813103031115
30
0
0
VERTEX
8
0
10
81.6682401771605
20
68.4241023660385
30
0
0
VERTEX
8
0
10
81.8631524448864
20
68.3668944289655
30
0
0
VERTEX
8
0
10
82.0580647126123
20
68.3096864918925
30
0
0
VERTEX
8
0
10
82.2529769803382
20
68.2524785548194
30
0
0
VERTEX
8
0
10
82.4478892480641
20
68.1904172773795
30
0
0
VERTEX
8
0
10
82.64280151579
20
68.1259576299733
30
0
0
VERTEX
8
0
10
82.837713783516
20
68.0614979825671
30
0
0
VERTEX
8
0
10
83.0326260512419
20
67.9970383351609
30
0
0
VERTEX
8
0
10
83.2275383189678
20
67.9325786877546
30
0
0
VERTEX
8
0
10
83.4224505866937
20
67.8681190403484
30
0
0
VERTEX
8
0
10
83.6173628544196
20
67.8036593929422
30
0
0
VERTEX
8
0
10
83.8122751221456
20
67.739199745536
30
0
0
VERTEX
8
0
10
84.0071873898715
20
67.6747400981298
30
0
0
VERTEX
8
0
10
84.2020996575974
20
67.6102804507236
30
0
0
VERTEX
8
0
10
84.3970119253233
20
67.5458208033173
30
0
0
VERTEX
8
0
10
84.5919241930492
20
67.4813611559111
30
0
0
VERTEX
8
0
10
84.7868364607751
20
67.4169015085049
30
0
0
VERTEX
8
0
10
84.9817487285011
20
67.3524418610987
30
0
0
VERTEX
8
0
10
85.176660996227
20
67.288886580265
30
0
0
VERTEX
8
0
10
85.3715732639529
20
67.2252326784514
30
0
0
VERTEX
8
0
10
85.5664855316788
20
67.1615787766378
30
0
0
VERTEX
8
0
10
85.7613977994047
20
67.0979248748241
30
0
0
VERTEX
8
0
10
85.9563100671306
20
67.0342709730105
30
0
0
VERTEX
8
0
10
86.1512223348566
20
66.9706170711968
30
0
0
VERTEX
8
0
10
86.3461346025825
20
66.9069631693832
30
0
0
VERTEX
8
0
10
86.5410468703084
20
66.8433092675696
30
0
0
VERTEX
8
0
10
86.7359591380343
20
66.7796553657559
30
0
0
VERTEX
8
0
10
86.9308714057602
20
66.7160014639423
30
0
0
VERTEX
8
0
10
87.1257836734862
20
66.6523475621287
30
0
0
VERTEX
8
0
10
87.3206959412121
20
66.588693660315
30
0
0
VERTEX
8
0
10
87.515608208938
20
66.5250397585014
30
0
0
VERTEX
8
0
10
87.7105204766639
20
66.4650956767818
30
0
0
VERTEX
8
0
10
87.9054327443898
20
66.4078877397087
30
0
0
VERTEX
8
0
10
88.1003450121157
20
66.3506798026357
30
0
0
VERTEX
8
0
10
88.2952572798417
20
66.2934718655627
30
0
0
VERTEX
8
0
10
88.4901695475676
20
66.2362639284897
30
0
0
VERTEX
8
0
10
88.6850818152935
20
66.1790559914167
30
0
0
VERTEX
8
0
10
88.8799940830194
20
66.1218480543437
30
0
0
VERTEX
8
0
10
89.0749063507453
20
66.0646401172706
30
0
0
VERTEX
8
0
10
89.2698186184712
20
66.0074321801976
30
0
0
VERTEX
8
0
10
89.4647308861972
20
65.9502242431246
30
0
0
VERTEX
8
0
10
89.6596431539231
20
65.8930163060516
30
0
0
VERTEX
8
0
10
89.854555421649
20
65.8358083689786
30
0
0
VERTEX
8
0
10
90.0494676893749
20
65.7786004319056
30
0
0
VERTEX
8
0
10
90.2443799571008
20
65.7213924948326
30
0
0
VERTEX
8
0
10
90.4392922248268
20
65.6650133918031
30
0
0
VERTEX
8
0
10
90.6342044925527
20
65.6086112003226
30
0
0
VERTEX
8
0
10
90.8291167602786
20
65.5522090088422
30
0
0
VERTEX
8
0
10
91.0240290280045
20
65.4958068173618
30
0
0
VERTEX
8
0
10
91.2189412957304
20
65.4394046258813
30
0
0
VERTEX
8
0
10
91.4138535634563
20
65.3830024344009
30
0
0
VERTEX
8
0
10
91.6087658311823
20
65.3266002429204
30
0
0
VERTEX
8
0
10
91.8036780989082
20
65.27019805144
30
0
0
VERTEX
8
0
10
91.9985903666341
20
65.2137958599596
30
0
0
VERTEX
8
0
10
92.19350263436
20
65.1573936684791
30
0
0
VERTEX
8
0
10
92.3884149020859
20
65.1009914769987
30
0
0
VERTEX
8
0
10
92.5833271698119
20
65.0445892855183
30
0
0
VERTEX
8
0
10
92.7782394375378
20
64.9881870940378
30
0
0
VERTEX
8
0
10
92.9731517052637
20
64.9317849025574
30
0
0
VERTEX
8
0
10
93.1680639729896
20
64.8873221168301
30
0
0
VERTEX
8
0
10
93.3629762407155
20
64.8389773812754
30
0
0
VERTEX
8
0
10
93.5578885084415
20
64.7906326457208
30
0
0
VERTEX
8
0
10
93.7528007761674
20
64.7422879101661
30
0
0
VERTEX
8
0
10
93.9477130438933
20
64.6939431746114
30
0
0
VERTEX
8
0
10
94.1426253116192
20
64.6455984390568
30
0
0
VERTEX
8
0
10
94.3375375793451
20
64.5972537035021
30
0
0
VERTEX
8
0
10
94.532449847071
20
64.5489089679475
30
0
0
VERTEX
8
0
10
94.7273621147969
20
64.5005642323928
30
0
0
VERTEX
8
0
10
94.9222743825229
20
64.4522194968381
30
0
0
VERTEX
8
0
10
95.1171866502488
20
64.4038747612835
30
0
0
VERTEX
8
0
10
95.3120989179747
20
64.3555300257288
30
0
0
VERTEX
8
0
10
95.5070111857006
20
64.3071852901741
30
0
0
VERTEX
8
0
10
95.7019234534265
20
64.2626070621921
30
0
0
VERTEX
8
0
10
95.8968357211525
20
64.2182910546003
30
0
0
VERTEX
8
0
10
96.0917479888784
20
64.1739750470085
30
0
0
VERTEX
8
0
10
96.2866602566043
20
64.1296590394168
30
0
0
VERTEX
8
0
10
96.4815725243302
20
64.085343031825
30
0
0
VERTEX
8
0
10
96.6764847920561
20
64.0410270242332
30
0
0
VERTEX
8
0
10
96.8713970597821
20
63.9967110166414
30
0
0
VERTEX
8
0
10
97.066309327508
20
63.9523950090497
30
0
0
VERTEX
8
0
10
97.2612215952339
20
63.9080790014579
30
0
0
VERTEX
8
0
10
97.4561338629598
20
63.8637629938661
30
0
0
VERTEX
8
0
10
97.6510461306857
20
63.8194469862744
30
0
0
VERTEX
8
0
10
97.8459583984116
20
63.7751309786826
30
0
0
VERTEX
8
0
10
98.0408706661376
20
63.7308149710908
30
0
0
VERTEX
8
0
10
98.2357829338635
20
63.686498963499
30
0
0
VERTEX
8
0
10
98.4306952015894
20
63.6399461398147
30
0
0
VERTEX
8
0
10
98.6256074693153
20
63.5940186410377
30
0
0
VERTEX
8
0
10
98.8205197370412
20
63.5480911422608
30
0
0
VERTEX
8
0
10
99.0154320047671
20
63.5021636434839
30
0
0
VERTEX
8
0
10
99.2103442724931
20
63.4562361447069
30
0
0
VERTEX
8
0
10
99.405256540219
20
63.41030864593
30
0
0
VERTEX
8
0
10
99.6001688079449
20
63.3643811471531
30
0
0
VERTEX
8
0
10
99.7950810756708
20
63.3184536483762
30
0
0
VERTEX
8
0
10
99.9899933433967
20
63.2725261495992
30
0
0
VERTEX
8
0
10
100.184905611123
20
63.2265986508223
30
0
0
VERTEX
8
0
10
100.379817878849
20
63.1806711520454
30
0
0
VERTEX
8
0
10
100.574730146574
20
63.1347436532684
30
0
0
VERTEX
8
0
10
100.7696424143
20
63.0888161544915
30
0
0
VERTEX
8
0
10
100.964554682026
20
63.0435664247001
30
0
0
VERTEX
8
0
10
101.159466949752
20
62.9984446715157
30
0
0
VERTEX
8
0
10
101.354379217478
20
62.9533229183314
30
0
0
VERTEX
8
0
10
101.549291485204
20
62.908201165147
30
0
0
VERTEX
8
0
10
101.74420375293
20
62.8630794119627
30
0
0
VERTEX
8
0
10
101.939116020656
20
62.8179576587783
30
0
0
VERTEX
8
0
10
102.134028288382
20
62.772835905594
30
0
0
VERTEX
8
0
10
102.328940556108
20
62.7277141524096
30
0
0
VERTEX
8
0
10
102.523852823834
20
62.6825923992253
30
0
0
VERTEX
8
0
10
102.71876509156
20
62.6374706460409
30
0
0
VERTEX
8
0
10
102.913677359286
20
62.5923488928566
30
0
0
VERTEX
8
0
10
103.108589627011
20
62.5472271396722
30
0
0
VERTEX
8
0
10
103.303501894737
20
62.5021053864879
30
0
0
VERTEX
8
0
10
103.498414162463
20
62.4569836333035
30
0
0
VERTEX
8
0
10
103.693326430189
20
62.3899614942562
30
0
0
VERTEX
8
0
10
103.888238697915
20
62.3279190836277
30
0
0
VERTEX
8
0
10
104.083150965641
20
62.2658766729993
30
0
0
VERTEX
8
0
10
104.278063233367
20
62.2038342623708
30
0
0
VERTEX
8
0
10
104.472975501093
20
62.1417918517423
30
0
0
VERTEX
8
0
10
104.667887768819
20
62.0797494411138
30
0
0
VERTEX
8
0
10
104.862800036545
20
62.0177070304853
30
0
0
VERTEX
8
0
10
105.057712304271
20
61.9556646198568
30
0
0
VERTEX
8
0
10
105.252624571997
20
61.8936222092284
30
0
0
VERTEX
8
0
10
105.447536839722
20
61.8315797985999
30
0
0
VERTEX
8
0
10
105.642449107448
20
61.7695373879714
30
0
0
VERTEX
8
0
10
105.837361375174
20
61.7074949773429
30
0
0
VERTEX
8
0
10
106.0322736429
20
61.6454525667144
30
0
0
VERTEX
8
0
10
106.227185910626
20
61.5779900279776
30
0
0
VERTEX
8
0
10
106.422098178352
20
61.5086959070159
30
0
0
VERTEX
8
0
10
106.617010446078
20
61.4394017860542
30
0
0
VERTEX
8
0
10
106.811922713804
20
61.3701076650925
30
0
0
VERTEX
8
0
10
107.00683498153
20
61.3008135441308
30
0
0
VERTEX
8
0
10
107.201747249256
20
61.2315194231691
30
0
0
VERTEX
8
0
10
107.396659516982
20
61.1622253022075
30
0
0
VERTEX
8
0
10
107.591571784708
20
61.0929311812458
30
0
0
VERTEX
8
0
10
107.786484052433
20
61.0236370602841
30
0
0
VERTEX
8
0
10
107.981396320159
20
60.9543429393224
30
0
0
VERTEX
8
0
10
108.176308587885
20
60.8850488183607
30
0
0
VERTEX
8
0
10
108.371220855611
20
60.8157546973991
30
0
0
VERTEX
8
0
10
108.566133123337
20
60.7464605764374
30
0
0
VERTEX
8
0
10
108.761045391063
20
60.6771664554757
30
0
0
VERTEX
8
0
10
108.955957658789
20
60.6127090494554
30
0
0
VERTEX
8
0
10
109.150869926515
20
60.5474436564566
30
0
0
VERTEX
8
0
10
109.345782194241
20
60.4821782634578
30
0
0
VERTEX
8
0
10
109.540694461967
20
60.416912870459
30
0
0
VERTEX
8
0
10
109.735606729693
20
60.3516474774602
30
0
0
VERTEX
8
0
10
109.930518997419
20
60.2863820844614
30
0
0
VERTEX
8
0
10
110.125431265144
20
60.2211166914626
30
0
0
VERTEX
8
0
10
110.32034353287
20
60.1558512984638
30
0
0
VERTEX
8
0
10
110.515255800596
20
60.090585905465
30
0
0
VERTEX
8
0
10
110.710168068322
20
60.0253205124662
30
0
0
VERTEX
8
0
10
110.905080336048
20
59.9600551194674
30
0
0
VERTEX
8
0
10
111.099992603774
20
59.8947897264686
30
0
0
VERTEX
8
0
10
111.2949048715
20
59.8295243334698
30
0
0
VERTEX
8
0
10
111.489817139226
20
59.7621521247612
30
0
0
VERTEX
8
0
10
111.684729406952
20
59.6936637493921
30
0
0
VERTEX
8
0
10
111.879641674678
20
59.625175374023
30
0
0
VERTEX
8
0
10
112.074553942404
20
59.5566869986538
30
0
0
VERTEX
8
0
10
112.26946621013
20
59.4881986232847
30
0
0
VERTEX
8
0
10
112.464378477855
20
59.4197102479156
30
0
0
VERTEX
8
0
10
112.659290745581
20
59.3512218725465
30
0
0
VERTEX
8
0
10
112.854203013307
20
59.2827334971774
30
0
0
VERTEX
8
0
10
113.049115281033
20
59.2142451218083
30
0
0
VERTEX
8
0
10
113.244027548759
20
59.1457567464392
30
0
0
VERTEX
8
0
10
113.438939816485
20
59.0772683710701
30
0
0
VERTEX
8
0
10
113.633852084211
20
59.008779995701
30
0
0
VERTEX
8
0
10
113.828764351937
20
58.9402916203319
30
0
0
VERTEX
8
0
10
114.023676619663
20
58.8718032449628
30
0
0
VERTEX
8
0
10
114.218588887389
20
58.8202592683195
30
0
0
VERTEX
8
0
10
114.413501155115
20
58.7670800592094
30
0
0
VERTEX
8
0
10
114.608413422841
20
58.7139008500993
30
0
0
VERTEX
8
0
10
114.803325690566
20
58.6607216409891
30
0
0
VERTEX
8
0
10
114.998237958292
20
58.607542431879
30
0
0
VERTEX
8
0
10
115.193150226018
20
58.5543632227689
30
0
0
VERTEX
8
0
10
115.388062493744
20
58.5011840136588
30
0
0
VERTEX
8
0
10
115.58297476147
20
58.4480048045486
30
0
0
VERTEX
8
0
10
115.777887029196
20
58.3948255954385
30
0
0
VERTEX
8
0
10
115.972799296922
20
58.3416463863284
30
0
0
VERTEX
8
0
10
116.167711564648
20
58.2884671772182
30
0
0
VERTEX
8
0
10
116.362623832374
20
58.2352879681081
30
0
0
VERTEX
8
0
10
116.5575361001
20
58.182108758998
30
0
0
VERTEX
8
0
10
116.752448367826
20
58.1311854068801
30
0
0
VERTEX
8
0
10
116.947360635552
20
58.0820349257329
30
0
0
VERTEX
8
0
10
117.142272903278
20
58.0328844445857
30
0
0
VERTEX
8
0
10
117.337185171003
20
57.9837339634384
30
0
0
VERTEX
8
0
10
117.532097438729
20
57.9345834822912
30
0
0
VERTEX
8
0
10
117.727009706455
20
57.8854330011439
30
0
0
VERTEX
8
0
10
117.921921974181
20
57.8362825199967
30
0
0
VERTEX
8
0
10
118.116834241907
20
57.7871320388495
30
0
0
VERTEX
8
0
10
118.311746509633
20
57.7379815577022
30
0
0
VERTEX
8
0
10
118.506658777359
20
57.688831076555
30
0
0
VERTEX
8
0
10
118.701571045085
20
57.6396805954078
30
0
0
VERTEX
8
0
10
118.896483312811
20
57.5905301142605
30
0
0
VERTEX
8
0
10
119.091395580537
20
57.5413796331133
30
0
0
VERTEX
8
0
10
119.286307848263
20
57.492229151966
30
0
0
VERTEX
8
0
10
119.481220115989
20
57.4430786708188
30
0
0
VERTEX
8
0
10
119.676132383714
20
57.3939281896716
30
0
0
VERTEX
8
0
10
119.87104465144
20
57.3447777085243
30
0
0
VERTEX
8
0
10
120.065956919166
20
57.2956272273771
30
0
0
VERTEX
8
0
10
120.260869186892
20
57.2464767462298
30
0
0
VERTEX
8
0
10
120.455781454618
20
57.1973262650826
30
0
0
VERTEX
8
0
10
120.650693722344
20
57.1481757839354
30
0
0
VERTEX
8
0
10
120.84560599007
20
57.0990253027881
30
0
0
VERTEX
8
0
10
121.040518257796
20
57.0498748216409
30
0
0
VERTEX
8
0
10
121.235430525522
20
57.0007243404936
30
0
0
VERTEX
8
0
10
121.430342793248
20
56.9515738593464
30
0
0
VERTEX
8
0
10
121.625255060974
20
56.9024233781992
30
0
0
VERTEX
8
0
10
121.8201673287
20
56.8532728970519
30
0
0
VERTEX
8
0
10
122.015079596425
20
56.8041224159047
30
0
0
VERTEX
8
0
10
122.209991864151
20
56.7596974726055
30
0
0
VERTEX
8
0
10
122.404904131877
20
56.7137699738286
30
0
0
VERTEX
8
0
10
122.599816399603
20
56.6678424750517
30
0
0
VERTEX
8
0
10
122.794728667329
20
56.6219149762747
30
0
0
VERTEX
8
0
10
122.989640935055
20
56.5759874774978
30
0
0
VERTEX
8
0
10
123.184553202781
20
56.5300599787209
30
0
0
VERTEX
8
0
10
123.379465470507
20
56.484132479944
30
0
0
VERTEX
8
0
10
123.574377738233
20
56.438204981167
30
0
0
VERTEX
8
0
10
123.769290005959
20
56.3922774823901
30
0
0
VERTEX
8
0
10
123.964202273685
20
56.3463499836132
30
0
0
VERTEX
8
0
10
124.159114541411
20
56.3004224848362
30
0
0
VERTEX
8
0
10
124.354026809136
20
56.2544949860593
30
0
0
VERTEX
8
0
10
124.548939076862
20
56.2085674872824
30
0
0
VERTEX
8
0
10
124.743851344588
20
56.1722696787213
30
0
0
VERTEX
8
0
10
124.938763612314
20
56.1368168726479
30
0
0
VERTEX
8
0
10
125.13367588004
20
56.1013640665745
30
0
0
VERTEX
8
0
10
125.328588147766
20
56.0659112605011
30
0
0
VERTEX
8
0
10
125.523500415492
20
56.0304584544277
30
0
0
VERTEX
8
0
10
125.718412683218
20
55.9950056483543
30
0
0
VERTEX
8
0
10
125.913324950944
20
55.9595528422808
30
0
0
VERTEX
8
0
10
126.10823721867
20
55.9241000362074
30
0
0
VERTEX
8
0
10
126.303149486396
20
55.888647230134
30
0
0
VERTEX
8
0
10
126.498061754122
20
55.8531944240606
30
0
0
VERTEX
8
0
10
126.692974021847
20
55.8177416179872
30
0
0
VERTEX
8
0
10
126.887886289573
20
55.7822888119137
30
0
0
VERTEX
8
0
10
127.082798557299
20
55.7468360058403
30
0
0
VERTEX
8
0
10
127.277710825025
20
55.7113831997669
30
0
0
VERTEX
8
0
10
127.472623092751
20
55.6803538014255
30
0
0
VERTEX
8
0
10
127.667535360477
20
55.6481239777224
30
0
0
VERTEX
8
0
10
127.862447628203
20
55.6158941540193
30
0
0
VERTEX
8
0
10
128.057359895929
20
55.5836643303162
30
0
0
VERTEX
8
0
10
128.252272163655
20
55.5514345066131
30
0
0
VERTEX
8
0
10
128.447184431381
20
55.51920468291
30
0
0
VERTEX
8
0
10
128.642096699107
20
55.4869748592069
30
0
0
VERTEX
8
0
10
128.837008966833
20
55.4547450355037
30
0
0
VERTEX
8
0
10
129.031921234558
20
55.4225152118006
30
0
0
VERTEX
8
0
10
129.226833502284
20
55.3902853880975
30
0
0
VERTEX
8
0
10
129.42174577001
20
55.3580555643944
30
0
0
VERTEX
8
0
10
129.616658037736
20
55.3258257406913
30
0
0
VERTEX
8
0
10
129.811570305462
20
55.2935959169882
30
0
0
VERTEX
8
0
10
130.006482573188
20
55.2626965190295
30
0
0
VERTEX
8
0
10
130.201394840914
20
55.2320781865116
30
0
0
VERTEX
8
0
10
130.39630710864
20
55.2014598539936
30
0
0
VERTEX
8
0
10
130.591219376366
20
55.1708415214757
30
0
0
VERTEX
8
0
10
130.786131644092
20
55.1402231889577
30
0
0
VERTEX
8
0
10
130.981043911818
20
55.1096048564398
30
0
0
VERTEX
8
0
10
131.175956179544
20
55.0789865239218
30
0
0
VERTEX
8
0
10
131.37086844727
20
55.0483681914039
30
0
0
VERTEX
8
0
10
131.565780714995
20
55.0177498588859
30
0
0
VERTEX
8
0
10
131.760692982721
20
54.9871315263679
30
0
0
VERTEX
8
0
10
131.955605250447
20
54.95651319385
30
0
0
VERTEX
8
0
10
132.150517518173
20
54.925894861332
30
0
0
VERTEX
8
0
10
132.345429785899
20
54.8952765288141
30
0
0
VERTEX
8
0
10
132.540342053625
20
54.8646581962961
30
0
0
VERTEX
8
0
10
132.735254321351
20
54.8309489055662
30
0
0
VERTEX
8
0
10
132.930166589077
20
54.7979133362705
30
0
0
VERTEX
8
0
10
133.125078856803
20
54.7648777669748
30
0
0
VERTEX
8
0
10
133.319991124529
20
54.7318421976792
30
0
0
VERTEX
8
0
10
133.514903392255
20
54.6988066283835
30
0
0
VERTEX
8
0
10
133.709815659981
20
54.6657710590878
30
0
0
VERTEX
8
0
10
133.904727927706
20
54.6327354897921
30
0
0
VERTEX
8
0
10
134.099640195432
20
54.5996999204964
30
0
0
VERTEX
8
0
10
134.294552463158
20
54.5666643512007
30
0
0
VERTEX
8
0
10
134.489464730884
20
54.5336287819051
30
0
0
VERTEX
8
0
10
134.68437699861
20
54.5005932126094
30
0
0
VERTEX
8
0
10
134.879289266336
20
54.4675576433137
30
0
0
VERTEX
8
0
10
135.074201534062
20
54.434522074018
30
0
0
VERTEX
8
0
10
135.269113801788
20
54.3967690619768
30
0
0
VERTEX
8
0
10
135.464026069514
20
54.3572875279405
30
0
0
VERTEX
8
0
10
135.65893833724
20
54.3178059939042
30
0
0
VERTEX
8
0
10
135.853850604966
20
54.2783244598679
30
0
0
VERTEX
8
0
10
136.048762872692
20
54.2388429258316
30
0
0
VERTEX
8
0
10
136.243675140417
20
54.1993613917953
30
0
0
VERTEX
8
0
10
136.438587408143
20
54.1598798577589
30
0
0
VERTEX
8
0
10
136.633499675869
20
54.1203983237226
30
0
0
VERTEX
8
0
10
136.828411943595
20
54.0809167896863
30
0
0
VERTEX
8
0
10
137.023324211321
20
54.04143525565
30
0
0
VERTEX
8
0
10
137.218236479047
20
54.0019537216137
30
0
0
VERTEX
8
0
10
137.413148746773
20
53.9624721875774
30
0
0
VERTEX
8
0
10
137.608061014499
20
53.9229906535411
30
0
0
VERTEX
8
0
10
137.802973282225
20
53.8835091195048
30
0
0
VERTEX
8
0
10
137.997885549951
20
53.8430727985935
30
0
0
VERTEX
8
0
10
138.192797817677
20
53.8027855189646
30
0
0
VERTEX
8
0
10
138.387710085403
20
53.7624982393357
30
0
0
VERTEX
8
0
10
138.582622353128
20
53.7222109597069
30
0
0
VERTEX
8
0
10
138.777534620854
20
53.681923680078
30
0
0
VERTEX
8
0
10
138.97244688858
20
53.6416364004491
30
0
0
VERTEX
8
0
10
139.167359156306
20
53.6013491208202
30
0
0
VERTEX
8
0
10
139.362271424032
20
53.5610618411913
30
0
0
VERTEX
8
0
10
139.557183691758
20
53.5207745615624
30
0
0
VERTEX
8
0
10
139.752095959484
20
53.4804872819336
30
0
0
VERTEX
8
0
10
139.94700822721
20
53.4402000023047
30
0
0
VERTEX
8
0
10
140.141920494936
20
53.3999127226758
30
0
0
VERTEX
8
0
10
140.336832762662
20
53.3596254430469
30
0
0
VERTEX
8
0
10
140.531745030388
20
53.3198523112322
30
0
0
VERTEX
8
0
10
140.726657298114
20
53.2803707771959
30
0
0
VERTEX
8
0
10
140.921569565839
20
53.2408892431596
30
0
0
VERTEX
8
0
10
141.116481833565
20
53.2014077091233
30
0
0
VERTEX
8
0
10
141.311394101291
20
53.161926175087
30
0
0
VERTEX
8
0
10
141.506306369017
20
53.1224446410507
30
0
0
VERTEX
8
0
10
141.701218636743
20
53.0829631070144
30
0
0
VERTEX
8
0
10
141.896130904469
20
53.043481572978
30
0
0
VERTEX
8
0
10
142.091043172195
20
53.0040000389417
30
0
0
VERTEX
8
0
10
142.285955439921
20
52.9645185049054
30
0
0
VERTEX
8
0
10
142.480867707647
20
52.9250369708691
30
0
0
VERTEX
8
0
10
142.675779975373
20
52.8855554368328
30
0
0
VERTEX
8
0
10
142.870692243099
20
52.8460739027965
30
0
0
VERTEX
8
0
10
143.065604510825
20
52.8065923687602
30
0
0
VERTEX
8
0
10
143.260516778551
20
52.7679900890699
30
0
0
VERTEX
8
0
10
143.455429046276
20
52.7293143006261
30
0
0
VERTEX
8
0
10
143.650341314002
20
52.6906385121824
30
0
0
VERTEX
8
0
10
143.845253581728
20
52.6519627237387
30
0
0
VERTEX
8
0
10
144.040165849454
20
52.6132869352949
30
0
0
VERTEX
8
0
10
144.23507811718
20
52.5746111468512
30
0
0
VERTEX
8
0
10
144.429990384906
20
52.5359353584075
30
0
0
VERTEX
8
0
10
144.624902652632
20
52.4972595699637
30
0
0
VERTEX
8
0
10
144.819814920358
20
52.45858378152
30
0
0
VERTEX
8
0
10
145.014727188084
20
52.4199079930763
30
0
0
VERTEX
8
0
10
145.20963945581
20
52.3812322046326
30
0
0
VERTEX
8
0
10
145.404551723536
20
52.3425564161888
30
0
0
VERTEX
8
0
10
145.599463991262
20
52.3038806277451
30
0
0
VERTEX
8
0
10
145.794376258987
20
52.2687137615827
30
0
0
VERTEX
8
0
10
145.989288526713
20
52.2364839378796
30
0
0
VERTEX
8
0
10
146.184200794439
20
52.2042541141764
30
0
0
VERTEX
8
0
10
146.379113062165
20
52.1720242904733
30
0
0
VERTEX
8
0
10
146.574025329891
20
52.1397944667702
30
0
0
VERTEX
8
0
10
146.768937597617
20
52.1075646430671
30
0
0
VERTEX
8
0
10
146.963849865343
20
52.075334819364
30
0
0
VERTEX
8
0
10
147.158762133069
20
52.0431049956609
30
0
0
VERTEX
8
0
10
147.353674400795
20
52.0108751719578
30
0
0
VERTEX
8
0
10
147.548586668521
20
51.9786453482547
30
0
0
VERTEX
8
0
10
147.743498936247
20
51.9464155245516
30
0
0
VERTEX
8
0
10
147.938411203973
20
51.9141857008485
30
0
0
VERTEX
8
0
10
148.133323471698
20
51.8819558771454
30
0
0
VERTEX
8
0
10
148.328235739424
20
51.8497260534423
30
0
0
VERTEX
8
0
10
148.52314800715
20
51.8174962297392
30
0
0
VERTEX
8
0
10
148.718060274876
20
51.7852664060361
30
0
0
VERTEX
8
0
10
148.912972542602
20
51.7530365823329
30
0
0
VERTEX
8
0
10
149.107884810328
20
51.7208067586298
30
0
0
VERTEX
8
0
10
149.302797078054
20
51.6885769349267
30
0
0
VERTEX
8
0
10
149.49770934578
20
51.6563471112236
30
0
0
VERTEX
8
0
10
149.692621613506
20
51.6241172875205
30
0
0
VERTEX
8
0
10
149.887533881232
20
51.5918874638174
30
0
0
VERTEX
8
0
10
150.082446148958
20
51.5596576401143
30
0
0
VERTEX
8
0
10
150.277358416684
20
51.5274278164112
30
0
0
VERTEX
8
0
10
150.472270684409
20
51.4951979927081
30
0
0
VERTEX
8
0
10
150.667182952135
20
51.462968169005
30
0
0
VERTEX
8
0
10
150.862095219861
20
51.4307383453019
30
0
0
VERTEX
8
0
10
151.057007487587
20
51.3985085215988
30
0
0
VERTEX
8
0
10
151.251919755313
20
51.3697851829418
30
0
0
VERTEX
8
0
10
151.446832023039
20
51.3399725960164
30
0
0
VERTEX
8
0
10
151.641744290765
20
51.3101600090911
30
0
0
VERTEX
8
0
10
151.836656558491
20
51.2803474221657
30
0
0
VERTEX
8
0
10
152.031568826217
20
51.2505348352403
30
0
0
VERTEX
8
0
10
152.226481093943
20
51.2207222483149
30
0
0
VERTEX
8
0
10
152.421393361669
20
51.1909096613896
30
0
0
VERTEX
8
0
10
152.616305629395
20
51.1610970744642
30
0
0
VERTEX
8
0
10
152.81121789712
20
51.1312844875388
30
0
0
VERTEX
8
0
10
153.006130164846
20
51.1014719006134
30
0
0
VERTEX
8
0
10
153.201042432572
20
51.0716593136881
30
0
0
VERTEX
8
0
10
153.395954700298
20
51.0418467267627
30
0
0
VERTEX
8
0
10
153.590866968024
20
51.0120341398373
30
0
0
VERTEX
8
0
10
153.78577923575
20
50.9856683155415
30
0
0
VERTEX
8
0
10
153.980691503476
20
50.9596695910876
30
0
0
VERTEX
8
0
10
154.175603771202
20
50.9336708666338
30
0
0
VERTEX
8
0
10
154.370516038928
20
50.9076721421799
30
0
0
VERTEX
8
0
10
154.565428306654
20
50.8816734177261
30
0
0
VERTEX
8
0
10
154.76034057438
20
50.8556746932723
30
0
0
VERTEX
8
0
10
154.955252842106
20
50.8296759688184
30
0
0
VERTEX
8
0
10
155.150165109832
20
50.8036772443646
30
0
0
VERTEX
8
0
10
155.345077377557
20
50.7776785199107
30
0
0
SEQEND
8
0
0
POLYLINE
8
0
62
6
70
0
10
0
20
0
30
0
0
VERTEX
8
0
10
3.31350855134067
20
0.575677186811883
30
0
0
VERTEX
8
0
10
3.5084208190666
20
0.605489773737256
30
0
0
VERTEX
8
0
10
3.70333308679252
20
0.635302360662629
30
0
0
VERTEX
8
0
10
3.89824535451844
20
0.665114947588003
30
0
0
VERTEX
8
0
10
4.09315762224436
20
0.694927534513376
30
0
0
VERTEX
8
0
10
4.28806988997029
20
0.724740121438749
30
0
0
VERTEX
8
0
10
4.48298215769621
20
0.754552708364122
30
0
0
VERTEX
8
0
10
4.67789442542213
20
0.784365295289496
30
0
0
VERTEX
8
0
10
4.87280669314805
20
0.814177882214869
30
0
0
VERTEX
8
0
10
5.06771896087397
20
0.843990469140242
30
0
0
VERTEX
8
0
10
5.2626312285999
20
0.873803056065615
30
0
0
VERTEX
8
0
10
5.45754349632582
20
0.903615642990988
30
0
0
VERTEX
8
0
10
5.65245576405174
20
0.933428229916362
30
0
0
VERTEX
8
0
10
5.84736803177766
20
0.963240816841735
30
0
0
VERTEX
8
0
10
6.04228029950359
20
0.993053403767108
30
0
0
VERTEX
8
0
10
6.23719256722951
20
1.03958681661431
30
0
0
VERTEX
8
0
10
6.43210483495543
20
1.08229133302093
30
0
0
VERTEX
8
0
10
6.62701710268135
20
1.12499584942755
30
0
0
VERTEX
8
0
10
6.82192937040727
20
1.16770036583417
30
0
0
VERTEX
8
0
10
7.0168416381332
20
1.21040488224079
30
0
0
VERTEX
8
0
10
7.21175390585912
20
1.25310939864741
30
0
0
VERTEX
8
0
10
7.40666617358504
20
1.29581391505403
30
0
0
VERTEX
8
0
10
7.60157844131096
20
1.33851843146065
30
0
0
VERTEX
8
0
10
7.79649070903688
20
1.38122294786727
30
0
0
VERTEX
8
0
10
7.99140297676281
20
1.42392746427389
30
0
0
VERTEX
8
0
10
8.18631524448873
20
1.46663198068051
30
0
0
VERTEX
8
0
10
8.38122751221465
20
1.50933649708713
30
0
0
VERTEX
8
0
10
8.57613977994057
20
1.55204101349375
30
0
0
VERTEX
8
0
10
8.7710520476665
20
1.59474552990036
30
0
0
VERTEX
8
0
10
8.96596431539242
20
1.63745004630698
30
0
0
VERTEX
8
0
10
9.16087658311834
20
1.6801545627136
30
0
0
VERTEX
8
0
10
9.35578885084426
20
1.72285907912022
30
0
0
VERTEX
8
0
10
9.55070111857018
20
1.76556359552684
30
0
0
VERTEX
8
0
10
9.74561338629611
20
1.80826811193345
30
0
0
VERTEX
8
0
10
9.94052565402203
20
1.85097262834007
30
0
0
VERTEX
8
0
10
10.135437921748
20
1.89367714474669
30
0
0
VERTEX
8
0
10
10.3303501894739
20
1.93638166115331
30
0
0
VERTEX
8
0
10
10.5252624571998
20
1.97908617755992
30
0
0
VERTEX
8
0
10
10.7201747249257
20
2.02179069396654
30
0
0
VERTEX
8
0
10
10.9150869926516
20
2.06449521037316
30
0
0
VERTEX
8
0
10
11.1099992603776
20
2.10719972677978
30
0
0
VERTEX
8
0
10
11.3049115281035
20
2.1499042431864
30
0
0
VERTEX
8
0
10
11.4998237958294
20
2.18291356868203
30
0
0
VERTEX
8
0
10
11.6947360635553
20
2.21756062916287
30
0
0
VERTEX
8
0
10
11.8896483312813
20
2.25220768964372
30
0
0
VERTEX
8
0
10
12.0845605990072
20
2.28685475012456
30
0
0
VERTEX
8
0
10
12.2794728667331
20
2.3215018106054
30
0
0
VERTEX
8
0
10
12.474385134459
20
2.35614887108625
30
0
0
VERTEX
8
0
10
12.6692974021849
20
2.39079593156709
30
0
0
VERTEX
8
0
10
12.8642096699109
20
2.42544299204793
30
0
0
VERTEX
8
0
10
13.0591219376368
20
2.46009005252878
30
0
0
VERTEX
8
0
10
13.2540342053627
20
2.49473711300962
30
0
0
VERTEX
8
0
10
13.4489464730886
20
2.52938417349046
30
0
0
VERTEX
8
0
10
13.6438587408145
20
2.56403123397131
30
0
0
VERTEX
8
0
10
13.8387710085405
20
2.59867829445215
30
0
0
VERTEX
8
0
10
14.0336832762664
20
2.6338542349633
30
0
0
VERTEX
8
0
10
14.2285955439923
20
2.66930704103671
30
0
0
VERTEX
8
0
10
14.4235078117182
20
2.70475984711013
30
0
0
VERTEX
8
0
10
14.6184200794442
20
2.74021265318355
30
0
0
VERTEX
8
0
10
14.8133323471701
20
2.77566545925697
30
0
0
VERTEX
8
0
10
15.008244614896
20
2.81111826533039
30
0
0
VERTEX
8
0
10
15.2031568826219
20
2.84657107140381
30
0
0
VERTEX
8
0
10
15.3980691503478
20
2.88202387747723
30
0
0
VERTEX
8
0
10
15.5929814180738
20
2.91747668355065
30
0
0
VERTEX
8
0
10
15.7878936857997
20
2.95292948962407
30
0
0
VERTEX
8
0
10
15.9828059535256
20
2.98838229569749
30
0
0
VERTEX
8
0
10
16.1777182212515
20
3.0238351017709
30
0
0
VERTEX
8
0
10
16.3726304889775
20
3.05928790784432
30
0
0
VERTEX
8
0
10
16.5675427567034
20
3.09474071391774
30
0
0
VERTEX
8
0
10
16.7624550244293
20
3.13555743936366
30
0
0
VERTEX
8
0
10
16.9573672921552
20
3.17584471899255
30
0
0
VERTEX
8
0
10
17.1522795598811
20
3.21613199862143
30
0
0
VERTEX
8
0
10
17.3471918276071
20
3.25641927825032
30
0
0
VERTEX
8
0
10
17.542104095333
20
3.2967065578792
30
0
0
VERTEX
8
0
10
17.7370163630589
20
3.33699383750809
30
0
0
VERTEX
8
0
10
17.9319286307848
20
3.37728111713697
30
0
0
VERTEX
8
0
10
18.1268408985108
20
3.41756839676586
30
0
0
VERTEX
8
0
10
18.3217531662367
20
3.45785567639474
30
0
0
VERTEX
8
0
10
18.5166654339626
20
3.49814295602363
30
0
0
VERTEX
8
0
10
18.7115777016885
20
3.53843023565251
30
0
0
VERTEX
8
0
10
18.9064899694144
20
3.5787175152814
30
0
0
VERTEX
8
0
10
19.1014022371404
20
3.61900479491028
30
0
0
VERTEX
8
0
10
19.2963145048663
20
3.67198580457522
30
0
0
VERTEX
8
0
10
19.4912267725922
20
3.73483396079628
30
0
0
VERTEX
8
0
10
19.6861390403181
20
3.79768211701734
30
0
0
VERTEX
8
0
10
19.8810513080441
20
3.8605302732384
30
0
0
VERTEX
8
0
10
20.07596357577
20
3.92337842945946
30
0
0
VERTEX
8
0
10
20.2708758434959
20
3.98622658568053
30
0
0
VERTEX
8
0
10
20.4657881112218
20
4.04907474190159
30
0
0
VERTEX
8
0
10
20.6607003789477
20
4.11192289812265
30
0
0
VERTEX
8
0
10
20.8556126466737
20
4.17477105434371
30
0
0
VERTEX
8
0
10
21.0505249143996
20
4.23761921056477
30
0
0
VERTEX
8
0
10
21.2454371821255
20
4.30046736678583
30
0
0
VERTEX
8
0
10
21.4403494498514
20
4.36331552300689
30
0
0
VERTEX
8
0
10
21.6352617175774
20
4.42616367922796
30
0
0
VERTEX
8
0
10
21.8301739853033
20
4.48901183544902
30
0
0
VERTEX
8
0
10
22.0250862530292
20
4.57886897476135
30
0
0
VERTEX
8
0
10
22.2199985207551
20
4.66830673553748
30
0
0
VERTEX
8
0
10
22.414910788481
20
4.75774449631361
30
0
0
VERTEX
8
0
10
22.609823056207
20
4.84718225708973
30
0
0
VERTEX
8
0
10
22.8047353239329
20
4.93662001786586
30
0
0
VERTEX
8
0
10
22.9996475916588
20
5.02605777864198
30
0
0
VERTEX
8
0
10
23.1945598593847
20
5.11549553941811
30
0
0
VERTEX
8
0
10
23.3894721271107
20
5.20493330019424
30
0
0
VERTEX
8
0
10
23.5843843948366
20
5.29437106097036
30
0
0
VERTEX
8
0
10
23.7792966625625
20
5.38380882174649
30
0
0
VERTEX
8
0
10
23.9742089302884
20
5.47324658252261
30
0
0
VERTEX
8
0
10
24.1691211980143
20
5.56268434329874
30
0
0
VERTEX
8
0
10
24.3640334657403
20
5.65212210407487
30
0
0
VERTEX
8
0
10
24.5589457334662
20
5.74155986485099
30
0
0
VERTEX
8
0
10
24.7538580011921
20
5.82744694393257
30
0
0
VERTEX
8
0
10
24.948770268918
20
5.91446746793096
30
0
0
VERTEX
8
0
10
25.143682536644
20
6.00148799192935
30
0
0
VERTEX
8
0
10
25.3385948043699
20
6.08850851592774
30
0
0
VERTEX
8
0
10
25.5335070720958
20
6.17552903992614
30
0
0
VERTEX
8
0
10
25.7284193398217
20
6.26254956392453
30
0
0
VERTEX
8
0
10
25.9233316075476
20
6.34957008792292
30
0
0
VERTEX
8
0
10
26.1182438752736
20
6.43659061192131
30
0
0
VERTEX
8
0
10
26.3131561429995
20
6.5236111359197
30
0
0
VERTEX
8
0
10
26.5080684107254
20
6.6106316599181
30
0
0
VERTEX
8
0
10
26.7029806784513
20
6.69765218391649
30
0
0
VERTEX
8
0
10
26.8978929461773
20
6.78467270791488
30
0
0
VERTEX
8
0
10
27.0928052139032
20
6.87169323191327
30
0
0
VERTEX
8
0
10
27.2877174816291
20
6.96019959891977
30
0
0
VERTEX
8
0
10
27.482629749355
20
7.04883161410332
30
0
0
VERTEX
8
0
10
27.6775420170809
20
7.13746362928687
30
0
0
VERTEX
8
0
10
27.8724542848069
20
7.22609564447042
30
0
0
VERTEX
8
0
10
28.0673665525328
20
7.31472765965396
30
0
0
VERTEX
8
0
10
28.2622788202587
20
7.40335967483751
30
0
0
VERTEX
8
0
10
28.4571910879846
20
7.49199169002106
30
0
0
VERTEX
8
0
10
28.6521033557106
20
7.58062370520461
30
0
0
VERTEX
8
0
10
28.8470156234365
20
7.66925572038815
30
0
0
VERTEX
8
0
10
29.0419278911624
20
7.7578877355717
30
0
0
VERTEX
8
0
10
29.2368401588883
20
7.84651975075525
30
0
0
VERTEX
8
0
10
29.4317524266142
20
7.9351517659388
30
0
0
VERTEX
8
0
10
29.6266646943402
20
8.02378378112234
30
0
0
VERTEX
8
0
10
29.8215769620661
20
8.11241579630589
30
0
0
VERTEX
8
0
10
30.016489229792
20
8.19883175541777
30
0
0
VERTEX
8
0
10
30.2114014975179
20
8.28585227941616
30
0
0
VERTEX
8
0
10
30.4063137652439
20
8.37287280341455
30
0
0
VERTEX
8
0
10
30.6012260329698
20
8.45989332741294
30
0
0
VERTEX
8
0
10
30.7961383006957
20
8.54691385141134
30
0
0
VERTEX
8
0
10
30.9910505684216
20
8.63393437540973
30
0
0
VERTEX
8
0
10
31.1859628361475
20
8.72095489940812
30
0
0
VERTEX
8
0
10
31.3808751038735
20
8.80797542340651
30
0
0
VERTEX
8
0
10
31.5757873715994
20
8.89499594740491
30
0
0
VERTEX
8
0
10
31.7706996393253
20
8.9820164714033
30
0
0
VERTEX
8
0
10
31.9656119070512
20
9.06903699540169
30
0
0
VERTEX
8
0
10
32.1605241747772
20
9.15605751940008
30
0
0
VERTEX
8
0
10
32.3554364425031
20
9.24307804339847
30
0
0
VERTEX
8
0
10
32.550348710229
20
9.32742901149671
30
0
0
VERTEX
8
0
10
32.7452609779549
20
9.41122655312479
30
0
0
VERTEX
8
0
10
32.9401732456808
20
9.49502409475288
30
0
0
VERTEX
8
0
10
33.1350855134068
20
9.57882163638096
30
0
0
VERTEX
8
0
10
33.3299977811327
20
9.66261917800904
30
0
0
VERTEX
8
0
10
33.5249100488586
20
9.74641671963713
30
0
0
VERTEX
8
0
10
33.7198223165845
20
9.83021426126521
30
0
0
VERTEX
8
0
10
33.9147345843105
20
9.91401180289329
30
0
0
VERTEX
8
0
10
34.1096468520364
20
9.99780934452137
30
0
0
VERTEX
8
0
10
34.3045591197623
20
10.0816068861495
30
0
0
VERTEX
8
0
10
34.4994713874882
20
10.1654044277775
30
0
0
VERTEX
8
0
10
34.6943836552141
20
10.2492019694056
30
0
0
VERTEX
8
0
10
34.8892959229401
20
10.3329995110337
30
0
0
VERTEX
8
0
10
35.084208190666
20
10.4167970526618
30
0
0
VERTEX
8
0
10
35.2791204583919
20
10.5036920808103
30
0
0
VERTEX
8
0
10
35.4740327261178
20
10.5899068592161
30
0
0
VERTEX
8
0
10
35.6689449938438
20
10.676121637622
30
0
0
VERTEX
8
0
10
35.8638572615697
20
10.7623364160278
30
0
0
VERTEX
8
0
10
36.0587695292956
20
10.8485511944336
30
0
0
VERTEX
8
0
10
36.2536817970215
20
10.9347659728394
30
0
0
VERTEX
8
0
10
36.4485940647474
20
11.0209807512452
30
0
0
VERTEX
8
0
10
36.6435063324734
20
11.107195529651
30
0
0
VERTEX
8
0
10
36.8384186001993
20
11.1934103080568
30
0
0
VERTEX
8
0
10
37.0333308679252
20
11.2796250864627
30
0
0
VERTEX
8
0
10
37.2282431356511
20
11.3658398648685
30
0
0
VERTEX
8
0
10
37.4231554033771
20
11.4520546432743
30
0
0
VERTEX
8
0
10
37.618067671103
20
11.5382694216801
30
0
0
VERTEX
8
0
10
37.8129799388289
20
11.6233004871939
30
0
0
VERTEX
8
0
10
38.0078922065548
20
11.7079037744145
30
0
0
VERTEX
8
0
10
38.2028044742807
20
11.7925070616352
30
0
0
VERTEX
8
0
10
38.3977167420067
20
11.8771103488558
30
0
0
VERTEX
8
0
10
38.5926290097326
20
11.9617136360765
30
0
0
VERTEX
8
0
10
38.7875412774585
20
12.0463169232972
30
0
0
VERTEX
8
0
10
38.9824535451844
20
12.1309202105178
30
0
0
VERTEX
8
0
10
39.1773658129104
20
12.2155234977385
30
0
0
VERTEX
8
0
10
39.3722780806363
20
12.3001267849591
30
0
0
VERTEX
8
0
10
39.5671903483622
20
12.3847300721798
30
0
0
VERTEX
8
0
10
39.7621026160881
20
12.4693333594005
30
0
0
VERTEX
8
0
10
39.957014883814
20
12.5539366466211
30
0
0
VERTEX
8
0
10
40.1519271515399
20
12.6385399338418
30
0
0
VERTEX
8
0
10
40.3468394192659
20
12.7231432210624
30
0
0
VERTEX
8
0
10
40.5417516869918
20
12.8182731010389
30
0
0
VERTEX
8
0
10
40.7366639547177
20
12.9117395897779
30
0
0
VERTEX
8
0
10
40.9315762224436
20
13.005206078517
30
0
0
VERTEX
8
0
10
41.1264884901695
20
13.098672567256
30
0
0
VERTEX
8
0
10
41.3214007578954
20
13.192139055995
30
0
0
VERTEX
8
0
10
41.5163130256214
20
13.285605544734
30
0
0
VERTEX
8
0
10
41.7112252933473
20
13.379072033473
30
0
0
VERTEX
8
0
10
41.9061375610732
20
13.472538522212
30
0
0
VERTEX
8
0
10
42.1010498287991
20
13.566005010951
30
0
0
VERTEX
8
0
10
42.295962096525
20
13.65947149969
30
0
0
VERTEX
8
0
10
42.490874364251
20
13.7529379884291
30
0
0
VERTEX
8
0
10
42.6857866319769
20
13.8464044771681
30
0
0
VERTEX
8
0
10
42.8806988997028
20
13.9398709659071
30
0
0
VERTEX
8
0
10
43.0756111674287
20
14.0354027503141
30
0
0
VERTEX
8
0
10
43.2705234351546
20
14.1320922214235
30
0
0
VERTEX
8
0
10
43.4654357028805
20
14.2287816925328
30
0
0
VERTEX
8
0
10
43.6603479706065
20
14.3254711636421
30
0
0
VERTEX
8
0
10
43.8552602383324
20
14.4221606347514
30
0
0
VERTEX
8
0
10
44.0501725060583
20
14.5188501058608
30
0
0
VERTEX
8
0
10
44.2450847737842
20
14.6155395769701
30
0
0
VERTEX
8
0
10
44.4399970415101
20
14.7122290480794
30
0
0
VERTEX
8
0
10
44.6349093092361
20
14.8089185191887
30
0
0
VERTEX
8
0
10
44.829821576962
20
14.9056079902981
30
0
0
VERTEX
8
0
10
45.0247338446879
20
15.0022974614074
30
0
0
VERTEX
8
0
10
45.2196461124138
20
15.0989869325167
30
0
0
VERTEX
8
0
10
45.4145583801397
20
15.195676403626
30
0
0
VERTEX
8
0
10
45.6094706478656
20
15.2923658747353
30
0
0
VERTEX
8
0
10
45.8043829155916
20
15.3828853327031
30
0
0
VERTEX
8
0
10
45.9992951833175
20
15.4739345846644
30
0
0
VERTEX
8
0
10
46.1942074510434
20
15.5649838366257
30
0
0
VERTEX
8
0
10
46.3891197187693
20
15.656033088587
30
0
0
VERTEX
8
0
10
46.5840319864952
20
15.7470823405483
30
0
0
VERTEX
8
0
10
46.7789442542211
20
15.8381315925095
30
0
0
VERTEX
8
0
10
46.9738565219471
20
15.9291808444708
30
0
0
VERTEX
8
0
10
47.168768789673
20
16.0202300964321
30
0
0
VERTEX
8
0
10
47.3636810573989
20
16.1112793483934
30
0
0
VERTEX
8
0
10
47.5585933251248
20
16.2023286003546
30
0
0
VERTEX
8
0
10
47.7535055928507
20
16.2933778523159
30
0
0
VERTEX
8
0
10
47.9484178605767
20
16.3844271042772
30
0
0
VERTEX
8
0
10
48.1433301283026
20
16.4754763562385
30
0
0
VERTEX
8
0
10
48.3382423960285
20
16.5726966876317
30
0
0
VERTEX
8
0
10
48.5331546637544
20
16.675026377889
30
0
0
VERTEX
8
0
10
48.7280669314803
20
16.7773560681464
30
0
0
VERTEX
8
0
10
48.9229791992062
20
16.8796857584038
30
0
0
VERTEX
8
0
10
49.1178914669322
20
16.9820154486611
30
0
0
VERTEX
8
0
10
49.3128037346581
20
17.0843451389185
30
0
0
VERTEX
8
0
10
49.507716002384
20
17.1866748291759
30
0
0
VERTEX
8
0
10
49.7026282701099
20
17.2890045194332
30
0
0
VERTEX
8
0
10
49.8975405378358
20
17.3913342096906
30
0
0
VERTEX
8
0
10
50.0924528055617
20
17.493663899948
30
0
0
VERTEX
8
0
10
50.2873650732877
20
17.5959935902053
30
0
0
VERTEX
8
0
10
50.4822773410136
20
17.6983232804627
30
0
0
VERTEX
8
0
10
50.6771896087395
20
17.8006529707201
30
0
0
VERTEX
8
0
10
50.8721018764654
20
17.9029826609774
30
0
0
VERTEX
8
0
10
51.0670141441913
20
18.019012615871
30
0
0
VERTEX
8
0
10
51.2619264119173
20
18.1350399812021
30
0
0
VERTEX
8
0
10
51.4568386796432
20
18.2510673465333
30
0
0
VERTEX
8
0
10
51.6517509473691
20
18.3670947118645
30
0
0
VERTEX
8
0
10
51.846663215095
20
18.4831220771957
30
0
0
VERTEX
8
0
10
52.0415754828209
20
18.5991494425269
30
0
0
VERTEX
8
0
10
52.2364877505469
20
18.7151768078581
30
0
0
VERTEX
8
0
10
52.4314000182728
20
18.8312041731893
30
0
0
VERTEX
8
0
10
52.6263122859987
20
18.9472315385205
30
0
0
VERTEX
8
0
10
52.8212245537246
20
19.0632589038517
30
0
0
VERTEX
8
0
10
53.0161368214505
20
19.1792862691828
30
0
0
VERTEX
8
0
10
53.2110490891764
20
19.295313634514
30
0
0
VERTEX
8
0
10
53.4059613569024
20
19.4113409998452
30
0
0
VERTEX
8
0
10
53.6008736246283
20
19.5273683651764
30
0
0
VERTEX
8
0
10
53.7957858923542
20
19.6515927616685
30
0
0
VERTEX
8
0
10
53.9906981600801
20
19.7732603461477
30
0
0
VERTEX
8
0
10
54.185610427806
20
19.8949279306269
30
0
0
VERTEX
8
0
10
54.3805226955319
20
20.0165955151062
30
0
0
VERTEX
8
0
10
54.5754349632579
20
20.1382630995854
30
0
0
VERTEX
8
0
10
54.7703472309838
20
20.2599306840646
30
0
0
VERTEX
8
0
10
54.9652594987097
20
20.3815982685439
30
0
0
VERTEX
8
0
10
55.1601717664356
20
20.5032658530231
30
0
0
VERTEX
8
0
10
55.3550840341615
20
20.6249334375023
30
0
0
VERTEX
8
0
10
55.5499963018875
20
20.7466010219816
30
0
0
VERTEX
8
0
10
55.7449085696134
20
20.8682686064608
30
0
0
VERTEX
8
0
10
55.9398208373393
20
20.98993619094
30
0
0
VERTEX
8
0
10
56.1347331050652
20
21.1116037754193
30
0
0
VERTEX
8
0
10
56.3296453727911
20
21.2266980713817
30
0
0
VERTEX
8
0
10
56.524557640517
20
21.3411139455277
30
0
0
VERTEX
8
0
10
56.719469908243
20
21.4555298196737
30
0
0
VERTEX
8
0
10
56.9143821759689
20
21.5699456938198
30
0
0
VERTEX
8
0
10
57.1092944436948
20
21.6843615679658
30
0
0
VERTEX
8
0
10
57.3042067114207
20
21.7987774421118
30
0
0
VERTEX
8
0
10
57.4991189791466
20
21.9131933162578
30
0
0
VERTEX
8
0
10
57.6940312468725
20
22.0276091904039
30
0
0
VERTEX
8
0
10
57.8889435145985
20
22.1420250645499
30
0
0
VERTEX
8
0
10
58.0838557823244
20
22.2564409386959
30
0
0
VERTEX
8
0
10
58.2787680500503
20
22.370856812842
30
0
0
VERTEX
8
0
10
58.4736803177762
20
22.485272686988
30
0
0
VERTEX
8
0
10
58.6685925855021
20
22.599688561134
30
0
0
VERTEX
8
0
10
58.8635048532281
20
22.7141044352801
30
0
0
VERTEX
8
0
10
59.058417120954
20
22.8285203094261
30
0
0
VERTEX
8
0
10
59.2533293886799
20
22.9429361835721
30
0
0
VERTEX
8
0
10
59.4482416564058
20
23.0573520577182
30
0
0
VERTEX
8
0
10
59.6431539241317
20
23.1717679318642
30
0
0
VERTEX
8
0
10
59.8380661918576
20
23.2861838060102
30
0
0
VERTEX
8
0
10
60.0329784595836
20
23.4005996801563
30
0
0
VERTEX
8
0
10
60.2278907273095
20
23.5150155543023
30
0
0
VERTEX
8
0
10
60.4228029950354
20
23.6294314284483
30
0
0
VERTEX
8
0
10
60.6177152627613
20
23.7438473025944
30
0
0
VERTEX
8
0
10
60.8126275304872
20
23.8582631767404
30
0
0
VERTEX
8
0
10
61.0075397982132
20
23.9726790508864
30
0
0
VERTEX
8
0
10
61.2024520659391
20
24.0870949250325
30
0
0
VERTEX
8
0
10
61.397364333665
20
24.2015107991785
30
0
0
VERTEX
8
0
10
61.5922766013909
20
24.3080686789836
30
0
0
VERTEX
8
0
10
61.7871888691168
20
24.4128156060187
30
0
0
VERTEX
8
0
10
61.9821011368427
20
24.5175625330538
30
0
0
VERTEX
8
0
10
62.1770134045687
20
24.6223094600889
30
0
0
VERTEX
8
0
10
62.3719256722946
20
24.727056387124
30
0
0
VERTEX
8
0
10
62.5668379400205
20
24.8318033141591
30
0
0
VERTEX
8
0
10
62.7617502077464
20
24.9365502411942
30
0
0
VERTEX
8
0
10
62.9566624754723
20
25.0412971682293
30
0
0
VERTEX
8
0
10
63.1515747431982
20
25.1460440952644
30
0
0
VERTEX
8
0
10
63.3464870109242
20
25.2507910222995
30
0
0
VERTEX
8
0
10
63.5413992786501
20
25.3555379493346
30
0
0
VERTEX
8
0
10
63.736311546376
20
25.4602848763697
30
0
0
VERTEX
8
0
10
63.9312238141019
20
25.5650318034048
30
0
0
VERTEX
8
0
10
64.1261360818278
20
25.6697787304399
30
0
0
VERTEX
8
0
10
64.3210483495537
20
25.7704458999009
30
0
0
VERTEX
8
0
10
64.5159606172797
20
25.8719698445657
30
0
0
VERTEX
8
0
10
64.7108728850056
20
25.9734937892305
30
0
0
VERTEX
8
0
10
64.9057851527315
20
26.0750177338953
30
0
0
VERTEX
8
0
10
65.1006974204574
20
26.1765416785601
30
0
0
VERTEX
8
0
10
65.2956096881833
20
26.2780656232248
30
0
0
VERTEX
8
0
10
65.4905219559093
20
26.3795895678896
30
0
0
VERTEX
8
0
10
65.6854342236352
20
26.4811135125544
30
0
0
VERTEX
8
0
10
65.8803464913611
20
26.5826374572192
30
0
0
VERTEX
8
0
10
66.075258759087
20
26.684161401884
30
0
0
VERTEX
8
0
10
66.2701710268129
20
26.7856853465488
30
0
0
VERTEX
8
0
10
66.4650832945389
20
26.8872092912136
30
0
0
VERTEX
8
0
10
66.6599955622648
20
26.9887332358784
30
0
0
VERTEX
8
0
10
66.8549078299907
20
27.0873606788795
30
0
0
VERTEX
8
0
10
67.0498200977166
20
27.1848558955814
30
0
0
VERTEX
8
0
10
67.2447323654425
20
27.2823511122833
30
0
0
VERTEX
8
0
10
67.4396446331684
20
27.3798463289852
30
0
0
VERTEX
8
0
10
67.6345569008944
20
27.4773415456871
30
0
0
VERTEX
8
0
10
67.8294691686203
20
27.574836762389
30
0
0
VERTEX
8
0
10
68.0243814363462
20
27.6723319790909
30
0
0
VERTEX
8
0
10
68.2192937040721
20
27.7698271957928
30
0
0
VERTEX
8
0
10
68.414205971798
20
27.8673224124947
30
0
0
VERTEX
8
0
10
68.609118239524
20
27.9648176291966
30
0
0
VERTEX
8
0
10
68.8040305072499
20
28.0623128458985
30
0
0
VERTEX
8
0
10
68.9989427749758
20
28.1598080626004
30
0
0
VERTEX
8
0
10
69.1938550427017
20
28.2573032793023
30
0
0
VERTEX
8
0
10
69.3887673104276
20
28.3547984960042
30
0
0
VERTEX
8
0
10
69.5836795781535
20
28.4532381195706
30
0
0
VERTEX
8
0
10
69.7785918458795
20
28.5515390818651
30
0
0
VERTEX
8
0
10
69.9735041136054
20
28.6498400441596
30
0
0
VERTEX
8
0
10
70.1684163813313
20
28.7481410064541
30
0
0
VERTEX
8
0
10
70.3633286490572
20
28.8464419687486
30
0
0
VERTEX
8
0
10
70.5582409167831
20
28.944742931043
30
0
0
VERTEX
8
0
10
70.753153184509
20
29.0430438933375
30
0
0
VERTEX
8
0
10
70.948065452235
20
29.141344855632
30
0
0
VERTEX
8
0
10
71.1429777199609
20
29.2396458179265
30
0
0
VERTEX
8
0
10
71.3378899876868
20
29.3379467802209
30
0
0
VERTEX
8
0
10
71.5328022554127
20
29.4362477425154
30
0
0
VERTEX
8
0
10
71.7277145231386
20
29.5345487048099
30
0
0
VERTEX
8
0
10
71.9226267908646
20
29.6328496671044
30
0
0
VERTEX
8
0
10
72.1175390585905
20
29.6903454372981
30
0
0
VERTEX
8
0
10
72.3124513263164
20
29.7233810065938
30
0
0
VERTEX
8
0
10
72.5073635940423
20
29.7564165758895
30
0
0
VERTEX
8
0
10
72.7022758617682
20
29.7894521451852
30
0
0
VERTEX
8
0
10
72.8971881294941
20
29.8224877144809
30
0
0
VERTEX
8
0
10
73.0921003972201
20
29.8555232837766
30
0
0
VERTEX
8
0
10
73.287012664946
20
29.8885588530722
30
0
0
VERTEX
8
0
10
73.4819249326719
20
29.9215944223679
30
0
0
VERTEX
8
0
10
73.6768372003978
20
29.9546299916636
30
0
0
VERTEX
8
0
10
73.8717494681237
20
29.9876655609593
30
0
0
VERTEX
8
0
10
74.0666617358497
20
30.020701130255
30
0
0
VERTEX
8
0
10
74.2615740035756
20
30.0537366995507
30
0
0
VERTEX
8
0
10
74.4564862713015
20
30.0867722688464
30
0
0
VERTEX
8
0
10
74.6513985390274
20
30.119807838142
30
0
0
VERTEX
8
0
10
74.8463108067533
20
30.1337281720569
30
0
0
VERTEX
8
0
10
75.0412230744792
20
30.1490373383158
30
0
0
VERTEX
8
0
10
75.2361353422052
20
30.1643465045748
30
0
0
VERTEX
8
0
10
75.4310476099311
20
30.1796556708338
30
0
0
VERTEX
8
0
10
75.625959877657
20
30.1949648370928
30
0
0
VERTEX
8
0
10
75.8208721453829
20
30.2102740033518
30
0
0
VERTEX
8
0
10
76.0157844131088
20
30.2255831696107
30
0
0
VERTEX
8
0
10
76.2106966808347
20
30.2408923358697
30
0
0
VERTEX
8
0
10
76.4056089485607
20
30.2562015021287
30
0
0
VERTEX
8
0
10
76.6005212162866
20
30.2715106683877
30
0
0
VERTEX
8
0
10
76.7954334840125
20
30.2868198346466
30
0
0
VERTEX
8
0
10
76.9903457517384
20
30.3021290009056
30
0
0
VERTEX
8
0
10
77.1852580194643
20
30.3174381671646
30
0
0
VERTEX
8
0
10
77.3801702871903
20
30.3288932159513
30
0
0
VERTEX
8
0
10
77.5750825549162
20
30.3369506718771
30
0
0
VERTEX
8
0
10
77.7699948226421
20
30.3450081278028
30
0
0
VERTEX
8
0
10
77.964907090368
20
30.3530655837286
30
0
0
VERTEX
8
0
10
78.1598193580939
20
30.3611230396544
30
0
0
VERTEX
8
0
10
78.3547316258199
20
30.3691804955802
30
0
0
VERTEX
8
0
10
78.5496438935458
20
30.3772379515059
30
0
0
VERTEX
8
0
10
78.7445561612717
20
30.3852954074317
30
0
0
VERTEX
8
0
10
78.9394684289976
20
30.3933528633575
30
0
0
VERTEX
8
0
10
79.1343806967235
20
30.4014103192833
30
0
0
VERTEX
8
0
10
79.3292929644494
20
30.4094677752091
30
0
0
VERTEX
8
0
10
79.5242052321754
20
30.4175252311348
30
0
0
VERTEX
8
0
10
79.7191174999013
20
30.4255826870606
30
0
0
VERTEX
8
0
10
79.9140297676272
20
30.4336401429864
30
0
0
VERTEX
8
0
10
80.1089420353531
20
30.4456643079446
30
0
0
VERTEX
8
0
10
80.303854303079
20
30.4577504918332
30
0
0
VERTEX
8
0
10
80.4987665708049
20
30.4698366757219
30
0
0
VERTEX
8
0
10
80.6936788385309
20
30.4819228596105
30
0
0
VERTEX
8
0
10
80.8885911062568
20
30.4940090434992
30
0
0
VERTEX
8
0
10
81.0835033739827
20
30.5060952273879
30
0
0
VERTEX
8
0
10
81.2784156417086
20
30.5181814112765
30
0
0
VERTEX
8
0
10
81.4733279094345
20
30.5302675951652
30
0
0
VERTEX
8
0
10
81.6682401771605
20
30.5423537790539
30
0
0
VERTEX
8
0
10
81.8631524448864
20
30.5544399629425
30
0
0
VERTEX
8
0
10
82.0580647126123
20
30.5665261468312
30
0
0
VERTEX
8
0
10
82.2529769803382
20
30.5786123307199
30
0
0
VERTEX
8
0
10
82.4478892480641
20
30.5906985146085
30
0
0
VERTEX
8
0
10
82.64280151579
20
30.6027846984972
30
0
0
VERTEX
8
0
10
82.837713783516
20
30.628772262445
30
0
0
VERTEX
8
0
10
83.0326260512419
20
30.6505273934446
30
0
0
VERTEX
8
0
10
83.2275383189678
20
30.6722825244442
30
0
0
VERTEX
8
0
10
83.4224505866937
20
30.6940376554438
30
0
0
VERTEX
8
0
10
83.6173628544196
20
30.7157927864434
30
0
0
VERTEX
8
0
10
83.8122751221456
20
30.737547917443
30
0
0
VERTEX
8
0
10
84.0071873898715
20
30.7593030484426
30
0
0
VERTEX
8
0
10
84.2020996575974
20
30.7810581794422
30
0
0
VERTEX
8
0
10
84.3970119253233
20
30.8028133104418
30
0
0
VERTEX
8
0
10
84.5919241930492
20
30.8245684414414
30
0
0
VERTEX
8
0
10
84.7868364607751
20
30.846323572441
30
0
0
VERTEX
8
0
10
84.9817487285011
20
30.8680787034406
30
0
0
VERTEX
8
0
10
85.176660996227
20
30.8898338344402
30
0
0
VERTEX
8
0
10
85.3715732639529
20
30.9202026767693
30
0
0
VERTEX
8
0
10
85.5664855316788
20
30.9516267548798
30
0
0
VERTEX
8
0
10
85.7613977994047
20
30.9830508329904
30
0
0
VERTEX
8
0
10
85.9563100671306
20
31.0144749111009
30
0
0
VERTEX
8
0
10
86.1512223348566
20
31.0458989892114
30
0
0
VERTEX
8
0
10
86.3461346025825
20
31.0773230673219
30
0
0
VERTEX
8
0
10
86.5410468703084
20
31.1087471454325
30
0
0
VERTEX
8
0
10
86.7359591380343
20
31.140171223543
30
0
0
VERTEX
8
0
10
86.9308714057602
20
31.1715953016535
30
0
0
VERTEX
8
0
10
87.1257836734862
20
31.2030193797641
30
0
0
VERTEX
8
0
10
87.3206959412121
20
31.2344434578746
30
0
0
VERTEX
8
0
10
87.515608208938
20
31.2658675359851
30
0
0
VERTEX
8
0
10
87.7105204766639
20
31.2972916140957
30
0
0
VERTEX
8
0
10
87.9054327443898
20
31.3287156922062
30
0
0
VERTEX
8
0
10
88.1003450121157
20
31.3623056019352
30
0
0
VERTEX
8
0
10
88.2952572798417
20
31.3953411712309
30
0
0
VERTEX
8
0
10
88.4901695475676
20
31.4283767405266
30
0
0
VERTEX
8
0
10
88.6850818152935
20
31.4614123098223
30
0
0
VERTEX
8
0
10
88.8799940830194
20
31.4944478791179
30
0
0
VERTEX
8
0
10
89.0749063507453
20
31.5274834484136
30
0
0
VERTEX
8
0
10
89.2698186184712
20
31.5605190177093
30
0
0
VERTEX
8
0
10
89.4647308861972
20
31.593554587005
30
0
0
VERTEX
8
0
10
89.6596431539231
20
31.6265901563007
30
0
0
VERTEX
8
0
10
89.854555421649
20
31.6596257255964
30
0
0
VERTEX
8
0
10
90.0494676893749
20
31.6926612948921
30
0
0
VERTEX
8
0
10
90.2443799571008
20
31.7256968641877
30
0
0
VERTEX
8
0
10
90.4392922248268
20
31.7587324334834
30
0
0
VERTEX
8
0
10
90.6342044925527
20
31.7924102795276
30
0
0
VERTEX
8
0
10
90.8291167602786
20
31.8262515944158
30
0
0
VERTEX
8
0
10
91.0240290280045
20
31.8600929093041
30
0
0
VERTEX
8
0
10
91.2189412957304
20
31.8939342241924
30
0
0
VERTEX
8
0
10
91.4138535634563
20
31.9277755390806
30
0
0
VERTEX
8
0
10
91.6087658311823
20
31.9616168539689
30
0
0
VERTEX
8
0
10
91.8036780989082
20
31.9954581688571
30
0
0
VERTEX
8
0
10
91.9985903666341
20
32.0292994837454
30
0
0
VERTEX
8
0
10
92.19350263436
20
32.0631407986337
30
0
0
VERTEX
8
0
10
92.3884149020859
20
32.0969821135219
30
0
0
VERTEX
8
0
10
92.5833271698119
20
32.1308234284102
30
0
0
VERTEX
8
0
10
92.7782394375378
20
32.1646647432985
30
0
0
VERTEX
8
0
10
92.9731517052637
20
32.1985060581867
30
0
0
VERTEX
8
0
10
93.1680639729896
20
32.232347373075
30
0
0
VERTEX
8
0
10
93.3629762407155
20
32.2621591548423
30
0
0
VERTEX
8
0
10
93.5578885084415
20
32.2927774873603
30
0
0
VERTEX
8
0
10
93.7528007761674
20
32.3233958198782
30
0
0
VERTEX
8
0
10
93.9477130438933
20
32.3540141523962
30
0
0
VERTEX
8
0
10
94.1426253116192
20
32.3846324849141
30
0
0
VERTEX
8
0
10
94.3375375793451
20
32.4152508174321
30
0
0
VERTEX
8
0
10
94.532449847071
20
32.44586914995
30
0
0
VERTEX
8
0
10
94.7273621147969
20
32.476487482468
30
0
0
VERTEX
8
0
10
94.9222743825229
20
32.507105814986
30
0
0
VERTEX
8
0
10
95.1171866502488
20
32.5377241475039
30
0
0
VERTEX
8
0
10
95.3120989179747
20
32.5683424800219
30
0
0
VERTEX
8
0
10
95.5070111857006
20
32.5989608125398
30
0
0
VERTEX
8
0
10
95.7019234534265
20
32.6295791450578
30
0
0
VERTEX
8
0
10
95.8968357211525
20
32.6590639891368
30
0
0
VERTEX
8
0
10
96.0917479888784
20
32.6880708304696
30
0
0
VERTEX
8
0
10
96.2866602566043
20
32.7170776718025
30
0
0
VERTEX
8
0
10
96.4815725243302
20
32.7460845131352
30
0
0
VERTEX
8
0
10
96.6764847920561
20
32.775091354468
30
0
0
VERTEX
8
0
10
96.8713970597821
20
32.8040981958008
30
0
0
VERTEX
8
0
10
97.066309327508
20
32.8331050371336
30
0
0
VERTEX
8
0
10
97.2612215952339
20
32.8621118784664
30
0
0
VERTEX
8
0
10
97.4561338629598
20
32.8911187197992
30
0
0
VERTEX
8
0
10
97.6510461306857
20
32.920125561132
30
0
0
VERTEX
8
0
10
97.8459583984116
20
32.9491324024648
30
0
0
VERTEX
8
0
10
98.0408706661376
20
32.9781392437976
30
0
0
VERTEX
8
0
10
98.2357829338635
20
33.0071460851304
30
0
0
VERTEX
8
0
10
98.4306952015894
20
33.0361529264632
30
0
0
VERTEX
8
0
10
98.6256074693153
20
33.0642279170448
30
0
0
VERTEX
8
0
10
98.8205197370412
20
33.092429012785
30
0
0
VERTEX
8
0
10
99.0154320047671
20
33.1206301085252
30
0
0
VERTEX
8
0
10
99.2103442724931
20
33.1488312042655
30
0
0
VERTEX
8
0
10
99.405256540219
20
33.1770323000057
30
0
0
VERTEX
8
0
10
99.6001688079449
20
33.2052333957459
30
0
0
VERTEX
8
0
10
99.7950810756708
20
33.2334344914861
30
0
0
VERTEX
8
0
10
99.9899933433967
20
33.2616355872263
30
0
0
VERTEX
8
0
10
100.184905611123
20
33.2898366829666
30
0
0
VERTEX
8
0
10
100.379817878849
20
33.3180377787068
30
0
0
VERTEX
8
0
10
100.574730146574
20
33.346238874447
30
0
0
VERTEX
8
0
10
100.7696424143
20
33.3744399701872
30
0
0
VERTEX
8
0
10
100.964554682026
20
33.4026410659274
30
0
0
VERTEX
8
0
10
101.159466949752
20
33.4323157967389
30
0
0
VERTEX
8
0
10
101.354379217478
20
33.4629341292569
30
0
0
VERTEX
8
0
10
101.549291485204
20
33.4935524617748
30
0
0
VERTEX
8
0
10
101.74420375293
20
33.5241707942928
30
0
0
VERTEX
8
0
10
101.939116020656
20
33.5547891268107
30
0
0
VERTEX
8
0
10
102.134028288382
20
33.5854074593287
30
0
0
VERTEX
8
0
10
102.328940556108
20
33.6160257918466
30
0
0
VERTEX
8
0
10
102.523852823834
20
33.6466441243646
30
0
0
VERTEX
8
0
10
102.71876509156
20
33.6772624568825
30
0
0
VERTEX
8
0
10
102.913677359286
20
33.7078807894005
30
0
0
VERTEX
8
0
10
103.108589627011
20
33.7384991219184
30
0
0
VERTEX
8
0
10
103.303501894737
20
33.7691174544364
30
0
0
VERTEX
8
0
10
103.498414162463
20
33.7997357869543
30
0
0
VERTEX
8
0
10
103.693326430189
20
33.8303541194723
30
0
0
VERTEX
8
0
10
103.888238697915
20
33.8541219062126
30
0
0
VERTEX
8
0
10
104.083150965641
20
33.87829427399
30
0
0
VERTEX
8
0
10
104.278063233367
20
33.9024666417673
30
0
0
VERTEX
8
0
10
104.472975501093
20
33.9266390095446
30
0
0
VERTEX
8
0
10
104.667887768819
20
33.950811377322
30
0
0
VERTEX
8
0
10
104.862800036545
20
33.9749837450993
30
0
0
VERTEX
8
0
10
105.057712304271
20
33.9991561128766
30
0
0
VERTEX
8
0
10
105.252624571997
20
34.023328480654
30
0
0
VERTEX
8
0
10
105.447536839722
20
34.0475008484313
30
0
0
VERTEX
8
0
10
105.642449107448
20
34.0716732162086
30
0
0
VERTEX
8
0
10
105.837361375174
20
34.095845583986
30
0
0
VERTEX
8
0
10
106.0322736429
20
34.1200179517633
30
0
0
VERTEX
8
0
10
106.227185910626
20
34.1441903195406
30
0
0
VERTEX
8
0
10
106.422098178352
20
34.1696097248022
30
0
0
VERTEX
8
0
10
106.617010446078
20
34.1961993293572
30
0
0
VERTEX
8
0
10
106.811922713804
20
34.2227889339123
30
0
0
VERTEX
8
0
10
107.00683498153
20
34.2493785384673
30
0
0
VERTEX
8
0
10
107.201747249256
20
34.2759681430224
30
0
0
VERTEX
8
0
10
107.396659516982
20
34.3025577475775
30
0
0
VERTEX
8
0
10
107.591571784708
20
34.3291473521325
30
0
0
VERTEX
8
0
10
107.786484052433
20
34.3557369566876
30
0
0
VERTEX
8
0
10
107.981396320159
20
34.3823265612427
30
0
0
VERTEX
8
0
10
108.176308587885
20
34.4089161657977
30
0
0
VERTEX
8
0
10
108.371220855611
20
34.4355057703528
30
0
0
VERTEX
8
0
10
108.566133123337
20
34.4620953749079
30
0
0
VERTEX
8
0
10
108.761045391063
20
34.4886849794629
30
0
0
VERTEX
8
0
10
108.955957658789
20
34.515274584018
30
0
0
VERTEX
8
0
10
109.150869926515
20
34.5379602601071
30
0
0
VERTEX
8
0
10
109.345782194241
20
34.5605211366993
30
0
0
VERTEX
8
0
10
109.540694461967
20
34.5830820132915
30
0
0
VERTEX
8
0
10
109.735606729693
20
34.6056428898837
30
0
0
VERTEX
8
0
10
109.930518997419
20
34.6282037664758
30
0
0
VERTEX
8
0
10
110.125431265144
20
34.650764643068
30
0
0
VERTEX
8
0
10
110.32034353287
20
34.6733255196602
30
0
0
VERTEX
8
0
10
110.515255800596
20
34.6958863962524
30
0
0
VERTEX
8
0
10
110.710168068322
20
34.7184472728445
30
0
0
VERTEX
8
0
10
110.905080336048
20
34.7410081494367
30
0
0
VERTEX
8
0
10
111.099992603774
20
34.7635690260289
30
0
0
VERTEX
8
0
10
111.2949048715
20
34.7861299026211
30
0
0
VERTEX
8
0
10
111.489817139226
20
34.8086907792132
30
0
0
VERTEX
8
0
10
111.684729406952
20
34.8312516558054
30
0
0
VERTEX
8
0
10
111.879641674678
20
34.8538125323976
30
0
0
VERTEX
8
0
10
112.074553942404
20
34.8763734089898
30
0
0
VERTEX
8
0
10
112.26946621013
20
34.8989342855819
30
0
0
VERTEX
8
0
10
112.464378477855
20
34.9214951621741
30
0
0
VERTEX
8
0
10
112.659290745581
20
34.9440560387663
30
0
0
VERTEX
8
0
10
112.854203013307
20
34.9666169153585
30
0
0
VERTEX
8
0
10
113.049115281033
20
34.9891777919506
30
0
0
VERTEX
8
0
10
113.244027548759
20
35.0117386685428
30
0
0
VERTEX
8
0
10
113.438939816485
20
35.034299545135
30
0
0
VERTEX
8
0
10
113.633852084211
20
35.0568604217272
30
0
0
VERTEX
8
0
10
113.828764351937
20
35.0794212983193
30
0
0
VERTEX
8
0
10
114.023676619663
20
35.1019821749115
30
0
0
VERTEX
8
0
10
114.218588887389
20
35.1245430515037
30
0
0
VERTEX
8
0
10
114.413501155115
20
35.1294725989917
30
0
0
VERTEX
8
0
10
114.608413422841
20
35.1318898357694
30
0
0
VERTEX
8
0
10
114.803325690566
20
35.1343070725472
30
0
0
VERTEX
8
0
10
114.998237958292
20
35.1367243093249
30
0
0
VERTEX
8
0
10
115.193150226018
20
35.1391415461026
30
0
0
VERTEX
8
0
10
115.388062493744
20
35.1415587828804
30
0
0
VERTEX
8
0
10
115.58297476147
20
35.1439760196581
30
0
0
VERTEX
8
0
10
115.777887029196
20
35.1463932564358
30
0
0
VERTEX
8
0
10
115.972799296922
20
35.1488104932136
30
0
0
VERTEX
8
0
10
116.167711564648
20
35.1512277299913
30
0
0
VERTEX
8
0
10
116.362623832374
20
35.153644966769
30
0
0
VERTEX
8
0
10
116.5575361001
20
35.1560622035468
30
0
0
VERTEX
8
0
10
116.752448367826
20
35.1584794403245
30
0
0
VERTEX
8
0
10
116.947360635552
20
35.1608966771022
30
0
0
VERTEX
8
0
10
117.142272903278
20
35.1601028347921
30
0
0
VERTEX
8
0
10
117.337185171003
20
35.1601028347921
30
0
0
VERTEX
8
0
10
117.532097438729
20
35.1601028347921
30
0
0
VERTEX
8
0
10
117.727009706455
20
35.1601028347921
30
0
0
VERTEX
8
0
10
117.921921974181
20
35.1601028347921
30
0
0
VERTEX
8
0
10
118.116834241907
20
35.1601028347921
30
0
0
VERTEX
8
0
10
118.311746509633
20
35.1601028347921
30
0
0
VERTEX
8
0
10
118.506658777359
20
35.1601028347921
30
0
0
VERTEX
8
0
10
118.701571045085
20
35.1601028347921
30
0
0
VERTEX
8
0
10
118.896483312811
20
35.1601028347921
30
0
0
VERTEX
8
0
10
119.091395580537
20
35.1601028347921
30
0
0
VERTEX
8
0
10
119.286307848263
20
35.1601028347921
30
0
0
VERTEX
8
0
10
119.481220115989
20
35.1601028347921
30
0
0
VERTEX
8
0
10
119.676132383714
20
35.1601028347921
30
0
0
VERTEX
8
0
10
119.87104465144
20
35.1601028347921
30
0
0
VERTEX
8
0
10
120.065956919166
20
35.1601028347921
30
0
0
VERTEX
8
0
10
120.260869186892
20
35.1601028347921
30
0
0
VERTEX
8
0
10
120.455781454618
20
35.1601028347921
30
0
0
VERTEX
8
0
10
120.650693722344
20
35.1601028347921
30
0
0
VERTEX
8
0
10
120.84560599007
20
35.1601028347921
30
0
0
VERTEX
8
0
10
121.040518257796
20
35.1601028347921
30
0
0
VERTEX
8
0
10
121.235430525522
20
35.1601028347921
30
0
0
VERTEX
8
0
10
121.430342793248
20
35.1601028347921
30
0
0
VERTEX
8
0
10
121.625255060974
20
35.1601028347921
30
0
0
VERTEX
8
0
10
121.8201673287
20
35.1601028347921
30
0
0
VERTEX
8
0
10
122.015079596425
20
35.1601028347921
30
0
0
VERTEX
8
0
10
122.209991864151
20
35.1601028347921
30
0
0
VERTEX
8
0
10
122.404904131877
20
35.162092489126
30
0
0
VERTEX
8
0
10
122.599816399603
20
35.1637039803111
30
0
0
VERTEX
8
0
10
122.794728667329
20
35.1653154714963
30
0
0
VERTEX
8
0
10
122.989640935055
20
35.1669269626814
30
0
0
VERTEX
8
0
10
123.184553202781
20
35.1685384538666
30
0
0
VERTEX
8
0
10
123.379465470507
20
35.1701499450518
30
0
0
VERTEX
8
0
10
123.574377738233
20
35.1717614362369
30
0
0
VERTEX
8
0
10
123.769290005959
20
35.1733729274221
30
0
0
VERTEX
8
0
10
123.964202273685
20
35.1749844186072
30
0
0
VERTEX
8
0
10
124.159114541411
20
35.1765959097924
30
0
0
VERTEX
8
0
10
124.354026809136
20
35.1782074009775
30
0
0
VERTEX
8
0
10
124.548939076862
20
35.1798188921627
30
0
0
VERTEX
8
0
10
124.743851344588
20
35.1814303833478
30
0
0
VERTEX
8
0
10
124.938763612314
20
35.1769458053655
30
0
0
VERTEX
8
0
10
125.13367588004
20
35.1696940950323
30
0
0
VERTEX
8
0
10
125.328588147766
20
35.1624423846991
30
0
0
VERTEX
8
0
10
125.523500415492
20
35.1551906743659
30
0
0
VERTEX
8
0
10
125.718412683218
20
35.1479389640327
30
0
0
VERTEX
8
0
10
125.913324950944
20
35.1406872536995
30
0
0
VERTEX
8
0
10
126.10823721867
20
35.1334355433663
30
0
0
VERTEX
8
0
10
126.303149486396
20
35.1261838330331
30
0
0
VERTEX
8
0
10
126.498061754122
20
35.1189321226999
30
0
0
VERTEX
8
0
10
126.692974021847
20
35.1116804123667
30
0
0
VERTEX
8
0
10
126.887886289573
20
35.1044287020335
30
0
0
VERTEX
8
0
10
127.082798557299
20
35.0971769917003
30
0
0
VERTEX
8
0
10
127.277710825025
20
35.0899252813671
30
0
0
VERTEX
8
0
10
127.472623092751
20
35.0826735710339
30
0
0
VERTEX
8
0
10
127.667535360477
20
35.0671482089595
30
0
0
VERTEX
8
0
10
127.862447628203
20
35.0526447882931
30
0
0
VERTEX
8
0
10
128.057359895929
20
35.0381413676267
30
0
0
VERTEX
8
0
10
128.252272163655
20
35.0236379469603
30
0
0
VERTEX
8
0
10
128.447184431381
20
35.0091345262939
30
0
0
VERTEX
8
0
10
128.642096699107
20
34.9946311056275
30
0
0
VERTEX
8
0
10
128.837008966833
20
34.9801276849611
30
0
0
VERTEX
8
0
10
129.031921234558
20
34.9656242642947
30
0
0
VERTEX
8
0
10
129.226833502284
20
34.9511208436283
30
0
0
VERTEX
8
0
10
129.42174577001
20
34.9366174229619
30
0
0
VERTEX
8
0
10
129.616658037736
20
34.9221140022955
30
0
0
VERTEX
8
0
10
129.811570305462
20
34.9076105816291
30
0
0
VERTEX
8
0
10
130.006482573188
20
34.8931071609627
30
0
0
VERTEX
8
0
10
130.201394840914
20
34.8781250847192
30
0
0
VERTEX
8
0
10
130.39630710864
20
34.8628159184602
30
0
0
VERTEX
8
0
10
130.591219376366
20
34.8475067522012
30
0
0
VERTEX
8
0
10
130.786131644092
20
34.8321975859422
30
0
0
VERTEX
8
0
10
130.981043911818
20
34.8168884196833
30
0
0
VERTEX
8
0
10
131.175956179544
20
34.8015792534243
30
0
0
VERTEX
8
0
10
131.37086844727
20
34.7862700871653
30
0
0
VERTEX
8
0
10
131.565780714995
20
34.7709609209063
30
0
0
VERTEX
8
0
10
131.760692982721
20
34.7556517546474
30
0
0
VERTEX
8
0
10
131.955605250447
20
34.7403425883884
30
0
0
VERTEX
8
0
10
132.150517518173
20
34.7250334221294
30
0
0
VERTEX
8
0
10
132.345429785899
20
34.7097242558704
30
0
0
VERTEX
8
0
10
132.540342053625
20
34.6944150896115
30
0
0
VERTEX
8
0
10
132.735254321351
20
34.6791059233525
30
0
0
VERTEX
8
0
10
132.930166589077
20
34.6629529949846
30
0
0
VERTEX
8
0
10
133.125078856803
20
34.646838083133
30
0
0
VERTEX
8
0
10
133.319991124529
20
34.6307231712815
30
0
0
VERTEX
8
0
10
133.514903392255
20
34.6146082594299
30
0
0
VERTEX
8
0
10
133.709815659981
20
34.5984933475784
30
0
0
VERTEX
8
0
10
133.904727927706
20
34.5823784357268
30
0
0
VERTEX
8
0
10
134.099640195432
20
34.5662635238753
30
0
0
VERTEX
8
0
10
134.294552463158
20
34.5501486120237
30
0
0
VERTEX
8
0
10
134.489464730884
20
34.5340337001722
30
0
0
VERTEX
8
0
10
134.68437699861
20
34.5179187883206
30
0
0
VERTEX
8
0
10
134.879289266336
20
34.501803876469
30
0
0
VERTEX
8
0
10
135.074201534062
20
34.4856889646175
30
0
0
VERTEX
8
0
10
135.269113801788
20
34.4695740527659
30
0
0
VERTEX
8
0
10
135.464026069514
20
34.4490247873852
30
0
0
VERTEX
8
0
10
135.65893833724
20
34.4240466740153
30
0
0
VERTEX
8
0
10
135.853850604966
20
34.3990685606454
30
0
0
VERTEX
8
0
10
136.048762872692
20
34.3740904472755
30
0
0
VERTEX
8
0
10
136.243675140417
20
34.3491123339056
30
0
0
VERTEX
8
0
10
136.438587408143
20
34.3241342205357
30
0
0
VERTEX
8
0
10
136.633499675869
20
34.2991561071658
30
0
0
VERTEX
8
0
10
136.828411943595
20
34.2741779937959
30
0
0
VERTEX
8
0
10
137.023324211321
20
34.249199880426
30
0
0
VERTEX
8
0
10
137.218236479047
20
34.2242217670561
30
0
0
VERTEX
8
0
10
137.413148746773
20
34.1992436536861
30
0
0
VERTEX
8
0
10
137.608061014499
20
34.1742655403162
30
0
0
VERTEX
8
0
10
137.802973282225
20
34.1492874269463
30
0
0
VERTEX
8
0
10
137.997885549951
20
34.1243093135764
30
0
0
VERTEX
8
0
10
138.192797817677
20
34.1016358889462
30
0
0
VERTEX
8
0
10
138.387710085403
20
34.079075012354
30
0
0
VERTEX
8
0
10
138.582622353128
20
34.0565141357618
30
0
0
VERTEX
8
0
10
138.777534620854
20
34.0339532591696
30
0
0
VERTEX
8
0
10
138.97244688858
20
34.0113923825775
30
0
0
VERTEX
8
0
10
139.167359156306
20
33.9888315059853
30
0
0
VERTEX
8
0
10
139.362271424032
20
33.9662706293931
30
0
0
VERTEX
8
0
10
139.557183691758
20
33.9437097528009
30
0
0
VERTEX
8
0
10
139.752095959484
20
33.9211488762088
30
0
0
VERTEX
8
0
10
139.94700822721
20
33.8985879996166
30
0
0
VERTEX
8
0
10
140.141920494936
20
33.8760271230244
30
0
0
VERTEX
8
0
10
140.336832762662
20
33.8534662464322
30
0
0
VERTEX
8
0
10
140.531745030388
20
33.8309053698401
30
0
0
VERTEX
8
0
10
140.726657298114
20
33.8083444932479
30
0
0
VERTEX
8
0
10
140.921569565839
20
33.7823836083207
30
0
0
VERTEX
8
0
10
141.116481833565
20
33.7574054949508
30
0
0
VERTEX
8
0
10
141.311394101291
20
33.7324273815809
30
0
0
VERTEX
8
0
10
141.506306369017
20
33.707449268211
30
0
0
VERTEX
8
0
10
141.701218636743
20
33.6824711548411
30
0
0
VERTEX
8
0
10
141.896130904469
20
33.6574930414712
30
0
0
VERTEX
8
0
10
142.091043172195
20
33.6325149281013
30
0
0
VERTEX
8
0
10
142.285955439921
20
33.6075368147314
30
0
0
VERTEX
8
0
10
142.480867707647
20
33.5825587013614
30
0
0
VERTEX
8
0
10
142.675779975373
20
33.5575805879915
30
0
0
VERTEX
8
0
10
142.870692243099
20
33.5326024746216
30
0
0
VERTEX
8
0
10
143.065604510825
20
33.5076243612517
30
0
0
VERTEX
8
0
10
143.260516778551
20
33.4826462478818
30
0
0
VERTEX
8
0
10
143.455429046276
20
33.4562827404102
30
0
0
VERTEX
8
0
10
143.650341314002
20
33.4296931358551
30
0
0
VERTEX
8
0
10
143.845253581728
20
33.4031035313
30
0
0
VERTEX
8
0
10
144.040165849454
20
33.376513926745
30
0
0
VERTEX
8
0
10
144.23507811718
20
33.3499243221899
30
0
0
VERTEX
8
0
10
144.429990384906
20
33.3233347176348
30
0
0
VERTEX
8
0
10
144.624902652632
20
33.2967451130798
30
0
0
VERTEX
8
0
10
144.819814920358
20
33.2701555085247
30
0
0
VERTEX
8
0
10
145.014727188084
20
33.2435659039697
30
0
0
VERTEX
8
0
10
145.20963945581
20
33.2169762994146
30
0
0
VERTEX
8
0
10
145.404551723536
20
33.1903866948595
30
0
0
VERTEX
8
0
10
145.599463991262
20
33.1637970903045
30
0
0
VERTEX
8
0
10
145.794376258987
20
33.1372074857494
30
0
0
VERTEX
8
0
10
145.989288526713
20
33.1106178811943
30
0
0
VERTEX
8
0
10
146.184200794439
20
33.075565847978
30
0
0
VERTEX
8
0
10
146.379113062165
20
33.0425302786824
30
0
0
VERTEX
8
0
10
146.574025329891
20
33.0094947093867
30
0
0
VERTEX
8
0
10
146.768937597617
20
32.976459140091
30
0
0
VERTEX
8
0
10
146.963849865343
20
32.9434235707953
30
0
0
VERTEX
8
0
10
147.158762133069
20
32.9103880014996
30
0
0
VERTEX
8
0
10
147.353674400795
20
32.8773524322039
30
0
0
VERTEX
8
0
10
147.548586668521
20
32.8443168629083
30
0
0
VERTEX
8
0
10
147.743498936247
20
32.8112812936126
30
0
0
VERTEX
8
0
10
147.938411203973
20
32.7782457243169
30
0
0
VERTEX
8
0
10
148.133323471698
20
32.7452101550212
30
0
0
VERTEX
8
0
10
148.328235739424
20
32.7121745857255
30
0
0
VERTEX
8
0
10
148.52314800715
20
32.6791390164298
30
0
0
VERTEX
8
0
10
148.718060274876
20
32.646720611656
30
0
0
VERTEX
8
0
10
148.912972542602
20
32.6144907879529
30
0
0
VERTEX
8
0
10
149.107884810328
20
32.5822609642498
30
0
0
VERTEX
8
0
10
149.302797078054
20
32.5500311405467
30
0
0
VERTEX
8
0
10
149.49770934578
20
32.5178013168436
30
0
0
VERTEX
8
0
10
149.692621613506
20
32.4855714931405
30
0
0
VERTEX
8
0
10
149.887533881232
20
32.4533416694374
30
0
0
VERTEX
8
0
10
150.082446148958
20
32.4211118457342
30
0
0
VERTEX
8
0
10
150.277358416684
20
32.3888820220311
30
0
0
VERTEX
8
0
10
150.472270684409
20
32.356652198328
30
0
0
VERTEX
8
0
10
150.667182952135
20
32.3244223746249
30
0
0
VERTEX
8
0
10
150.862095219861
20
32.2921925509218
30
0
0
VERTEX
8
0
10
151.057007487587
20
32.2599627272187
30
0
0
VERTEX
8
0
10
151.251919755313
20
32.2277329035156
30
0
0
VERTEX
8
0
10
151.446832023039
20
32.1925562666516
30
0
0
VERTEX
8
0
10
151.641744290765
20
32.1579092061707
30
0
0
VERTEX
8
0
10
151.836656558491
20
32.1232621456899
30
0
0
VERTEX
8
0
10
152.031568826217
20
32.0886150852091
30
0
0
VERTEX
8
0
10
152.226481093943
20
32.0539680247282
30
0
0
VERTEX
8
0
10
152.421393361669
20
32.0193209642474
30
0
0
VERTEX
8
0
10
152.616305629395
20
31.9846739037665
30
0
0
VERTEX
8
0
10
152.81121789712
20
31.9500268432857
30
0
0
VERTEX
8
0
10
153.006130164846
20
31.9153797828049
30
0
0
VERTEX
8
0
10
153.201042432572
20
31.880732722324
30
0
0
VERTEX
8
0
10
153.395954700298
20
31.8460856618432
30
0
0
VERTEX
8
0
10
153.590866968024
20
31.8114386013623
30
0
0
VERTEX
8
0
10
153.78577923575
20
31.7767915408815
30
0
0
VERTEX
8
0
10
153.980691503476
20
31.7492630723066
30
0
0
VERTEX
8
0
10
154.175603771202
20
31.7252058110424
30
0
0
VERTEX
8
0
10
154.370516038928
20
31.7011485497783
30
0
0
VERTEX
8
0
10
154.565428306654
20
31.6770912885142
30
0
0
VERTEX
8
0
10
154.76034057438
20
31.6530340272501
30
0
0
VERTEX
8
0
10
154.955252842106
20
31.628976765986
30
0
0
VERTEX
8
0
10
155.150165109832
20
31.6049195047219
30
0
0
VERTEX
8
0
10
155.345077377557
20
31.5808622434578
30
0
0
SEQEND
8
0
0
POLYLINE
8
0
62
6
70
0
10
0
20
0
30
0
0
VERTEX
8
0
10
3.31350855134067
20
26.0851311486482
30
0
0
VERTEX
8
0
10
3.5084208190666
20
26.7005697040789
30
0
0
VERTEX
8
0
10
3.70333308679252
20
27.3160082595097
30
0
0
VERTEX
8
0
10
3.89824535451844
20
27.9314468149404
30
0
0
VERTEX
8
0
10
4.09315762224436
20
28.4862831222724
30
0
0
VERTEX
8
0
10
4.28806988997029
20
29.0225068141328
30
0
0
VERTEX
8
0
10
4.48298215769621
20
29.5587305059933
30
0
0
VERTEX
8
0
10
4.67789442542213
20
30.0949541978538
30
0
0
VERTEX
8
0
10
4.87280669314805
20
30.6311778897142
30
0
0
VERTEX
8
0
10
5.06771896087397
20
31.1319597387073
30
0
0
VERTEX
8
0
10
5.2626312285999
20
31.6259355033303
30
0
0
VERTEX
8
0
10
5.45754349632582
20
32.1199112679532
30
0
0
VERTEX
8
0
10
5.65245576405174
20
32.6138870325762
30
0
0
VERTEX
8
0
10
5.84736803177766
20
33.1078627971992
30
0
0
VERTEX
8
0
10
6.04228029950359
20
33.6018385618222
30
0
0
VERTEX
8
0
10
6.23719256722951
20
34.0418617948041
30
0
0
VERTEX
8
0
10
6.43210483495543
20
34.4942396003009
30
0
0
VERTEX
8
0
10
6.62701710268135
20
34.9466174057977
30
0
0
VERTEX
8
0
10
6.82192937040727
20
35.3989952112946
30
0
0
VERTEX
8
0
10
7.0168416381332
20
35.8513730167914
30
0
0
VERTEX
8
0
10
7.21175390585912
20
36.3037508222882
30
0
0
VERTEX
8
0
10
7.40666617358504
20
36.7116969081017
30
0
0
VERTEX
8
0
10
7.60157844131096
20
37.1250766269178
30
0
0
VERTEX
8
0
10
7.79649070903688
20
37.5384563457339
30
0
0
VERTEX
8
0
10
7.99140297676281
20
37.9518360645499
30
0
0
VERTEX
8
0
10
8.18631524448873
20
38.365215783366
30
0
0
VERTEX
8
0
10
8.38122751221465
20
38.7785955021821
30
0
0
VERTEX
8
0
10
8.57613977994057
20
39.21494498557
30
0
0
VERTEX
8
0
10
8.7710520476665
20
39.6517235563946
30
0
0
VERTEX
8
0
10
8.96596431539242
20
40.0885021272191
30
0
0
VERTEX
8
0
10
9.16087658311834
20
40.5252806980436
30
0
0
VERTEX
8
0
10
9.35578885084426
20
40.9620592688681
30
0
0
VERTEX
8
0
10
9.55070111857018
20
41.3988378396927
30
0
0
VERTEX
8
0
10
9.74561338629611
20
41.7834227409671
30
0
0
VERTEX
8
0
10
9.94052565402203
20
42.1568589649405
30
0
0
VERTEX
8
0
10
10.135437921748
20
42.5302951889138
30
0
0
VERTEX
8
0
10
10.3303501894739
20
42.9037314128872
30
0
0
VERTEX
8
0
10
10.5252624571998
20
43.2771676368605
30
0
0
VERTEX
8
0
10
10.7201747249257
20
43.6506038608339
30
0
0
VERTEX
8
0
10
10.9150869926516
20
44.0240400848072
30
0
0
VERTEX
8
0
10
11.1099992603776
20
44.3413219794292
30
0
0
VERTEX
8
0
10
11.3049115281035
20
44.6613062803995
30
0
0
VERTEX
8
0
10
11.4998237958294
20
44.9812905813699
30
0
0
VERTEX
8
0
10
11.6947360635553
20
45.3012748823402
30
0
0
VERTEX
8
0
10
11.8896483312813
20
45.6212591833106
30
0
0
VERTEX
8
0
10
12.0845605990072
20
45.9412434842809
30
0
0
VERTEX
8
0
10
12.2794728667331
20
46.2612277852513
30
0
0
VERTEX
8
0
10
12.474385134459
20
46.5812120862216
30
0
0
VERTEX
8
0
10
12.6692974021849
20
46.872444118085
30
0
0
VERTEX
8
0
10
12.8642096699109
20
47.1649297681907
30
0
0
VERTEX
8
0
10
13.0591219376368
20
47.4574154182964
30
0
0
VERTEX
8
0
10
13.2540342053627
20
47.7499010684021
30
0
0
VERTEX
8
0
10
13.4489464730886
20
48.0423867185078
30
0
0
VERTEX
8
0
10
13.6438587408145
20
48.3348723686135
30
0
0
VERTEX
8
0
10
13.8387710085405
20
48.6273580187192
30
0
0
VERTEX
8
0
10
14.0336832762664
20
48.9198436688249
30
0
0
VERTEX
8
0
10
14.2285955439923
20
49.2123293189307
30
0
0
VERTEX
8
0
10
14.4235078117182
20
49.4937221958077
30
0
0
VERTEX
8
0
10
14.6184200794442
20
49.7724975810647
30
0
0
VERTEX
8
0
10
14.8133323471701
20
50.0512729663217
30
0
0
VERTEX
8
0
10
15.008244614896
20
50.3300483515787
30
0
0
VERTEX
8
0
10
15.2031568826219
20
50.6088237368357
30
0
0
VERTEX
8
0
10
15.3980691503478
20
50.8875991220927
30
0
0
VERTEX
8
0
10
15.5929814180738
20
51.1663745073497
30
0
0
VERTEX
8
0
10
15.7878936857997
20
51.4451498926067
30
0
0
VERTEX
8
0
10
15.9828059535256
20
51.7239252778637
30
0
0
VERTEX
8
0
10
16.1777182212515
20
52.0027006631207
30
0
0
VERTEX
8
0
10
16.3726304889775
20
52.2399189144941
30
0
0
VERTEX
8
0
10
16.5675427567034
20
52.4752615348106
30
0
0
VERTEX
8
0
10
16.7624550244293
20
52.7106041551271
30
0
0
VERTEX
8
0
10
16.9573672921552
20
52.9459467754437
30
0
0
VERTEX
8
0
10
17.1522795598811
20
53.1812893957602
30
0
0
VERTEX
8
0
10
17.3471918276071
20
53.4166320160768
30
0
0
VERTEX
8
0
10
17.542104095333
20
53.6519746363933
30
0
0
VERTEX
8
0
10
17.7370163630589
20
53.8873172567098
30
0
0
VERTEX
8
0
10
17.9319286307848
20
54.1226598770264
30
0
0
VERTEX
8
0
10
18.1268408985108
20
54.3580024973429
30
0
0
VERTEX
8
0
10
18.3217531662367
20
54.5933451176594
30
0
0
VERTEX
8
0
10
18.5166654339626
20
54.7992814925289
30
0
0
VERTEX
8
0
10
18.7115777016885
20
55.0009404299322
30
0
0
VERTEX
8
0
10
18.9064899694144
20
55.2025993673355
30
0
0
VERTEX
8
0
10
19.1014022371404
20
55.4042583047389
30
0
0
VERTEX
8
0
10
19.2963145048663
20
55.6059172421422
30
0
0
VERTEX
8
0
10
19.4912267725922
20
55.8075761795455
30
0
0
VERTEX
8
0
10
19.6861390403181
20
56.0092351169489
30
0
0
VERTEX
8
0
10
19.8810513080441
20
56.2108940543522
30
0
0
VERTEX
8
0
10
20.07596357577
20
56.4125529917555
30
0
0
VERTEX
8
0
10
20.2708758434959
20
56.6142119291589
30
0
0
VERTEX
8
0
10
20.4657881112218
20
56.8158708665622
30
0
0
VERTEX
8
0
10
20.6607003789477
20
57.0175298039655
30
0
0
VERTEX
8
0
10
20.8556126466737
20
57.2191887413689
30
0
0
VERTEX
8
0
10
21.0505249143996
20
57.4077361278751
30
0
0
VERTEX
8
0
10
21.2454371821255
20
57.5954748509457
30
0
0
VERTEX
8
0
10
21.4403494498514
20
57.7832135740163
30
0
0
VERTEX
8
0
10
21.6352617175774
20
57.9709522970869
30
0
0
VERTEX
8
0
10
21.8301739853033
20
58.1586910201575
30
0
0
VERTEX
8
0
10
22.0250862530292
20
58.3464297432281
30
0
0
VERTEX
8
0
10
22.2199985207551
20
58.5341684662987
30
0
0
VERTEX
8
0
10
22.414910788481
20
58.7219071893693
30
0
0
VERTEX
8
0
10
22.609823056207
20
58.9096459124399
30
0
0
VERTEX
8
0
10
22.8047353239329
20
59.0973846355105
30
0
0
VERTEX
8
0
10
22.9996475916588
20
59.2851233585811
30
0
0
VERTEX
8
0
10
23.1945598593847
20
59.4728620816517
30
0
0
VERTEX
8
0
10
23.3894721271107
20
59.6606008047223
30
0
0
VERTEX
8
0
10
23.5843843948366
20
59.8483395277929
30
0
0
VERTEX
8
0
10
23.7792966625625
20
60.0338301625583
30
0
0
VERTEX
8
0
10
23.9742089302884
20
60.2199573944437
30
0
0
VERTEX
8
0
10
24.1691211980143
20
60.4060846263292
30
0
0
VERTEX
8
0
10
24.3640334657403
20
60.5922118582146
30
0
0
VERTEX
8
0
10
24.5589457334662
20
60.7783390901001
30
0
0
VERTEX
8
0
10
24.7538580011921
20
60.9644663219855
30
0
0
VERTEX
8
0
10
24.948770268918
20
61.150593553871
30
0
0
VERTEX
8
0
10
25.143682536644
20
61.3367207857564
30
0
0
VERTEX
8
0
10
25.3385948043699
20
61.5228480176419
30
0
0
VERTEX
8
0
10
25.5335070720958
20
61.7089752495273
30
0
0
VERTEX
8
0
10
25.7284193398217
20
61.8951024814128
30
0
0
VERTEX
8
0
10
25.9233316075476
20
62.0812297132982
30
0
0
VERTEX
8
0
10
26.1182438752736
20
62.2673569451837
30
0
0
VERTEX
8
0
10
26.3131561429995
20
62.4657268911427
30
0
0
VERTEX
8
0
10
26.5080684107254
20
62.6662884797866
30
0
0
VERTEX
8
0
10
26.7029806784513
20
62.8668500684305
30
0
0
VERTEX
8
0
10
26.8978929461773
20
63.0674116570744
30
0
0
VERTEX
8
0
10
27.0928052139032
20
63.2679732457183
30
0
0
VERTEX
8
0
10
27.2877174816291
20
63.4685348343622
30
0
0
VERTEX
8
0
10
27.482629749355
20
63.6690964230062
30
0
0
VERTEX
8
0
10
27.6775420170809
20
63.8696580116501
30
0
0
VERTEX
8
0
10
27.8724542848069
20
64.070219600294
30
0
0
VERTEX
8
0
10
28.0673665525328
20
64.2707811889379
30
0
0
VERTEX
8
0
10
28.2622788202587
20
64.4713427775818
30
0
0
VERTEX
8
0
10
28.4571910879846
20
64.6719043662257
30
0
0
VERTEX
8
0
10
28.6521033557106
20
64.8724659548696
30
0
0
VERTEX
8
0
10
28.8470156234365
20
65.0840120795755
30
0
0
VERTEX
8
0
10
29.0419278911624
20
65.2965516519857
30
0
0
VERTEX
8
0
10
29.2368401588883
20
65.5090912243958
30
0
0
VERTEX
8
0
10
29.4317524266142
20
65.721630796806
30
0
0
VERTEX
8
0
10
29.6266646943402
20
65.9341703692161
30
0
0
VERTEX
8
0
10
29.8215769620661
20
66.1467099416263
30
0
0
VERTEX
8
0
10
30.016489229792
20
66.3592495140364
30
0
0
VERTEX
8
0
10
30.2114014975179
20
66.5717890864465
30
0
0
VERTEX
8
0
10
30.4063137652439
20
66.7843286588567
30
0
0
VERTEX
8
0
10
30.6012260329698
20
66.9968682312668
30
0
0
VERTEX
8
0
10
30.7961383006957
20
67.209407803677
30
0
0
VERTEX
8
0
10
30.9910505684216
20
67.4219473760871
30
0
0
VERTEX
8
0
10
31.1859628361475
20
67.6350735997054
30
0
0
VERTEX
8
0
10
31.3808751038735
20
67.8485881242825
30
0
0
VERTEX
8
0
10
31.5757873715994
20
68.0621026488597
30
0
0
VERTEX
8
0
10
31.7706996393253
20
68.2756171734369
30
0
0
VERTEX
8
0
10
31.9656119070512
20
68.489131698014
30
0
0
VERTEX
8
0
10
32.1605241747772
20
68.7026462225912
30
0
0
VERTEX
8
0
10
32.3554364425031
20
68.9161607471683
30
0
0
VERTEX
8
0
10
32.550348710229
20
69.1296752717455
30
0
0
VERTEX
8
0
10
32.7452609779549
20
69.3431897963227
30
0
0
VERTEX
8
0
10
32.9401732456808
20
69.5567043208999
30
0
0
VERTEX
8
0
10
33.1350855134068
20
69.770218845477
30
0
0
VERTEX
8
0
10
33.3299977811327
20
69.9837333700542
30
0
0
VERTEX
8
0
10
33.5249100488586
20
70.1972478946313
30
0
0
VERTEX
8
0
10
33.7198223165845
20
70.4332677033008
30
0
0
VERTEX
8
0
10
33.9147345843105
20
70.664277202875
30
0
0
VERTEX
8
0
10
34.1096468520364
20
70.8952867024493
30
0
0
VERTEX
8
0
10
34.3045591197623
20
71.1262962020235
30
0
0
VERTEX
8
0
10
34.4994713874882
20
71.3573057015977
30
0
0
VERTEX
8
0
10
34.6943836552141
20
71.588315201172
30
0
0
VERTEX
8
0
10
34.8892959229401
20
71.8193247007462
30
0
0
VERTEX
8
0
10
35.084208190666
20
72.0503342003204
30
0
0
VERTEX
8
0
10
35.2791204583919
20
72.2813436998946
30
0
0
VERTEX
8
0
10
35.4740327261178
20
72.5123531994689
30
0
0
VERTEX
8
0
10
35.6689449938438
20
72.7433626990431
30
0
0
VERTEX
8
0
10
35.8638572615697
20
73.0128602998708
30
0
0
VERTEX
8
0
10
36.0587695292956
20
73.2758743566925
30
0
0
VERTEX
8
0
10
36.2536817970215
20
73.5388884135141
30
0
0
VERTEX
8
0
10
36.4485940647474
20
73.8019024703357
30
0
0
VERTEX
8
0
10
36.6435063324734
20
74.0649165271574
30
0
0
VERTEX
8
0
10
36.8384186001993
20
74.327930583979
30
0
0
VERTEX
8
0
10
37.0333308679252
20
74.5909446408006
30
0
0
VERTEX
8
0
10
37.2282431356511
20
74.8539586976223
30
0
0
VERTEX
8
0
10
37.4231554033771
20
75.1169727544439
30
0
0
VERTEX
8
0
10
37.618067671103
20
75.3799868112656
30
0
0
VERTEX
8
0
10
37.8129799388289
20
75.6345886194325
30
0
0
VERTEX
8
0
10
38.0078922065548
20
75.8861503514164
30
0
0
VERTEX
8
0
10
38.2028044742807
20
76.1377120834004
30
0
0
VERTEX
8
0
10
38.3977167420067
20
76.3892738153843
30
0
0
VERTEX
8
0
10
38.5926290097326
20
76.6408355473682
30
0
0
VERTEX
8
0
10
38.7875412774585
20
76.8923972793522
30
0
0
VERTEX
8
0
10
38.9824535451844
20
77.1439590113361
30
0
0
VERTEX
8
0
10
39.1773658129104
20
77.39552074332
30
0
0
VERTEX
8
0
10
39.3722780806363
20
77.6470824753039
30
0
0
VERTEX
8
0
10
39.5671903483622
20
77.8986442072878
30
0
0
VERTEX
8
0
10
39.7621026160881
20
78.1502059392717
30
0
0
VERTEX
8
0
10
39.957014883814
20
78.3851377961523
30
0
0
VERTEX
8
0
10
40.1519271515399
20
78.6111442517116
30
0
0
VERTEX
8
0
10
40.3468394192659
20
78.8371507072708
30
0
0
VERTEX
8
0
10
40.5417516869918
20
79.0631571628301
30
0
0
VERTEX
8
0
10
40.7366639547177
20
79.2891636183893
30
0
0
VERTEX
8
0
10
40.9315762224436
20
79.5151700739486
30
0
0
VERTEX
8
0
10
41.1264884901695
20
79.7411765295079
30
0
0
VERTEX
8
0
10
41.3214007578954
20
79.9671829850671
30
0
0
VERTEX
8
0
10
41.5163130256214
20
80.1931894406264
30
0
0
VERTEX
8
0
10
41.7112252933473
20
80.4191958961856
30
0
0
VERTEX
8
0
10
41.9061375610732
20
80.6452023517449
30
0
0
VERTEX
8
0
10
42.1010498287991
20
80.8712088073042
30
0
0
VERTEX
8
0
10
42.295962096525
20
81.0726916904881
30
0
0
VERTEX
8
0
10
42.490874364251
20
81.2729156333599
30
0
0
VERTEX
8
0
10
42.6857866319769
20
81.4731395762317
30
0
0
VERTEX
8
0
10
42.8806988997028
20
81.6733635191035
30
0
0
VERTEX
8
0
10
43.0756111674287
20
81.8735874619752
30
0
0
VERTEX
8
0
10
43.2705234351546
20
82.073811404847
30
0
0
VERTEX
8
0
10
43.4654357028805
20
82.2740353477188
30
0
0
VERTEX
8
0
10
43.6603479706065
20
82.4742592905906
30
0
0
VERTEX
8
0
10
43.8552602383324
20
82.6744832334624
30
0
0
VERTEX
8
0
10
44.0501725060583
20
82.8747071763341
30
0
0
VERTEX
8
0
10
44.2450847737842
20
83.0749311192059
30
0
0
VERTEX
8
0
10
44.4399970415101
20
83.2751550620777
30
0
0
VERTEX
8
0
10
44.6349093092361
20
83.4753790049495
30
0
0
VERTEX
8
0
10
44.829821576962
20
83.5782100483655
30
0
0
VERTEX
8
0
10
45.0247338446879
20
83.6829569754006
30
0
0
VERTEX
8
0
10
45.2196461124138
20
83.7877039024357
30
0
0
VERTEX
8
0
10
45.4145583801397
20
83.8924508294708
30
0
0
VERTEX
8
0
10
45.6094706478656
20
83.9971977565059
30
0
0
VERTEX
8
0
10
45.8043829155916
20
84.101944683541
30
0
0
VERTEX
8
0
10
45.9992951833175
20
84.2066916105761
30
0
0
VERTEX
8
0
10
46.1942074510434
20
84.3114385376112
30
0
0
VERTEX
8
0
10
46.3891197187693
20
84.4161854646463
30
0
0
VERTEX
8
0
10
46.5840319864952
20
84.5209323916814
30
0
0
VERTEX
8
0
10
46.7789442542211
20
84.6256793187165
30
0
0
VERTEX
8
0
10
46.9738565219471
20
84.7304262457516
30
0
0
VERTEX
8
0
10
47.168768789673
20
84.8351731727867
30
0
0
VERTEX
8
0
10
47.3636810573989
20
84.9399200998218
30
0
0
VERTEX
8
0
10
47.5585933251248
20
84.9888770601449
30
0
0
VERTEX
8
0
10
47.7535055928507
20
85.0557539443289
30
0
0
VERTEX
8
0
10
47.9484178605767
20
85.1226308285128
30
0
0
VERTEX
8
0
10
48.1433301283026
20
85.1895077126968
30
0
0
VERTEX
8
0
10
48.3382423960285
20
85.2563845968807
30
0
0
VERTEX
8
0
10
48.5331546637544
20
85.3232614810647
30
0
0
VERTEX
8
0
10
48.7280669314803
20
85.3901383652486
30
0
0
VERTEX
8
0
10
48.9229791992062
20
85.4570152494326
30
0
0
VERTEX
8
0
10
49.1178914669322
20
85.5238921336165
30
0
0
VERTEX
8
0
10
49.3128037346581
20
85.5907690178005
30
0
0
VERTEX
8
0
10
49.507716002384
20
85.6576459019844
30
0
0
VERTEX
8
0
10
49.7026282701099
20
85.7245227861684
30
0
0
VERTEX
8
0
10
49.8975405378358
20
85.7913996703523
30
0
0
VERTEX
8
0
10
50.0924528055617
20
85.8530518839835
30
0
0
VERTEX
8
0
10
50.2873650732877
20
85.9142885490194
30
0
0
VERTEX
8
0
10
50.4822773410136
20
85.9755252140553
30
0
0
VERTEX
8
0
10
50.6771896087395
20
86.0367618790912
30
0
0
VERTEX
8
0
10
50.8721018764654
20
86.0979985441271
30
0
0
VERTEX
8
0
10
51.0670141441913
20
86.159235209163
30
0
0
VERTEX
8
0
10
51.2619264119173
20
86.2204718741989
30
0
0
VERTEX
8
0
10
51.4568386796432
20
86.2817085392348
30
0
0
VERTEX
8
0
10
51.6517509473691
20
86.3429452042707
30
0
0
VERTEX
8
0
10
51.846663215095
20
86.4041818693066
30
0
0
VERTEX
8
0
10
52.0415754828209
20
86.4654185343425
30
0
0
VERTEX
8
0
10
52.2364877505469
20
86.5266551993784
30
0
0
VERTEX
8
0
10
52.4314000182728
20
86.5878918644143
30
0
0
VERTEX
8
0
10
52.6263122859987
20
86.6491285294502
30
0
0
VERTEX
8
0
10
52.8212245537246
20
86.7403753715479
30
0
0
VERTEX
8
0
10
53.0161368214505
20
86.8233671675834
30
0
0
VERTEX
8
0
10
53.2110490891764
20
86.9063589636189
30
0
0
VERTEX
8
0
10
53.4059613569024
20
86.9893507596544
30
0
0
VERTEX
8
0
10
53.6008736246283
20
87.0723425556899
30
0
0
VERTEX
8
0
10
53.7957858923542
20
87.1553343517254
30
0
0
VERTEX
8
0
10
53.9906981600801
20
87.2383261477609
30
0
0
VERTEX
8
0
10
54.185610427806
20
87.3213179437964
30
0
0
VERTEX
8
0
10
54.3805226955319
20
87.4043097398319
30
0
0
VERTEX
8
0
10
54.5754349632579
20
87.4873015358674
30
0
0
VERTEX
8
0
10
54.7703472309838
20
87.5702933319029
30
0
0
VERTEX
8
0
10
54.9652594987097
20
87.6532851279384
30
0
0
VERTEX
8
0
10
55.1601717664356
20
87.7362769239739
30
0
0
VERTEX
8
0
10
55.3550840341615
20
87.8206104179665
30
0
0
VERTEX
8
0
10
55.5499963018875
20
87.9052137051871
30
0
0
VERTEX
8
0
10
55.7449085696134
20
87.9898169924078
30
0
0
VERTEX
8
0
10
55.9398208373393
20
88.0744202796284
30
0
0
VERTEX
8
0
10
56.1347331050652
20
88.1590235668491
30
0
0
VERTEX
8
0
10
56.3296453727911
20
88.2436268540697
30
0
0
VERTEX
8
0
10
56.524557640517
20
88.3282301412904
30
0
0
VERTEX
8
0
10
56.719469908243
20
88.4128334285111
30
0
0
VERTEX
8
0
10
56.9143821759689
20
88.4974367157317
30
0
0
VERTEX
8
0
10
57.1092944436948
20
88.5820400029524
30
0
0
VERTEX
8
0
10
57.3042067114207
20
88.666643290173
30
0
0
VERTEX
8
0
10
57.4991189791466
20
88.7512465773937
30
0
0
VERTEX
8
0
10
57.6940312468725
20
88.8358498646143
30
0
0
VERTEX
8
0
10
57.8889435145985
20
88.920453151835
30
0
0
VERTEX
8
0
10
58.0838557823244
20
88.9905530619113
30
0
0
VERTEX
8
0
10
58.2787680500503
20
89.0638759108359
30
0
0
VERTEX
8
0
10
58.4736803177762
20
89.1371987597605
30
0
0
VERTEX
8
0
10
58.6685925855021
20
89.2105216086851
30
0
0
VERTEX
8
0
10
58.8635048532281
20
89.2838444576096
30
0
0
VERTEX
8
0
10
59.058417120954
20
89.3571673065342
30
0
0
VERTEX
8
0
10
59.2533293886799
20
89.4304901554588
30
0
0
VERTEX
8
0
10
59.4482416564058
20
89.5038130043833
30
0
0
VERTEX
8
0
10
59.6431539241317
20
89.5771358533079
30
0
0
VERTEX
8
0
10
59.8380661918576
20
89.6504587022325
30
0
0
VERTEX
8
0
10
60.0329784595836
20
89.723781551157
30
0
0
VERTEX
8
0
10
60.2278907273095
20
89.7971044000816
30
0
0
VERTEX
8
0
10
60.4228029950354
20
89.8704272490062
30
0
0
VERTEX
8
0
10
60.6177152627613
20
89.9306531360415
30
0
0
VERTEX
8
0
10
60.8126275304872
20
89.9862495819293
30
0
0
VERTEX
8
0
10
61.0075397982132
20
90.0418460278172
30
0
0
VERTEX
8
0
10
61.2024520659391
20
90.0974424737051
30
0
0
VERTEX
8
0
10
61.397364333665
20
90.1530389195929
30
0
0
VERTEX
8
0
10
61.5922766013909
20
90.2086353654808
30
0
0
VERTEX
8
0
10
61.7871888691168
20
90.2642318113686
30
0
0
VERTEX
8
0
10
61.9821011368427
20
90.3198282572565
30
0
0
VERTEX
8
0
10
62.1770134045687
20
90.3754247031444
30
0
0
VERTEX
8
0
10
62.3719256722946
20
90.4310211490322
30
0
0
VERTEX
8
0
10
62.5668379400205
20
90.4866175949201
30
0
0
VERTEX
8
0
10
62.7617502077464
20
90.542214040808
30
0
0
VERTEX
8
0
10
62.9566624754723
20
90.5978104866958
30
0
0
VERTEX
8
0
10
63.1515747431982
20
90.6534069325837
30
0
0
VERTEX
8
0
10
63.3464870109242
20
90.6821115349953
30
0
0
VERTEX
8
0
10
63.5413992786501
20
90.715147104291
30
0
0
VERTEX
8
0
10
63.736311546376
20
90.7481826735867
30
0
0
VERTEX
8
0
10
63.9312238141019
20
90.7812182428824
30
0
0
VERTEX
8
0
10
64.1261360818278
20
90.8142538121781
30
0
0
VERTEX
8
0
10
64.3210483495537
20
90.8472893814737
30
0
0
VERTEX
8
0
10
64.5159606172797
20
90.8803249507694
30
0
0
VERTEX
8
0
10
64.7108728850056
20
90.9133605200651
30
0
0
VERTEX
8
0
10
64.9057851527315
20
90.9463960893608
30
0
0
VERTEX
8
0
10
65.1006974204574
20
90.9794316586565
30
0
0
VERTEX
8
0
10
65.2956096881833
20
91.0124672279522
30
0
0
VERTEX
8
0
10
65.4905219559093
20
91.0455027972479
30
0
0
VERTEX
8
0
10
65.6854342236352
20
91.0785383665436
30
0
0
VERTEX
8
0
10
65.8803464913611
20
91.1105343679983
30
0
0
VERTEX
8
0
10
66.075258759087
20
91.1419584461088
30
0
0
VERTEX
8
0
10
66.2701710268129
20
91.1733825242193
30
0
0
VERTEX
8
0
10
66.4650832945389
20
91.2048066023298
30
0
0
VERTEX
8
0
10
66.6599955622648
20
91.2362306804404
30
0
0
VERTEX
8
0
10
66.8549078299907
20
91.2676547585509
30
0
0
VERTEX
8
0
10
67.0498200977166
20
91.2990788366614
30
0
0
VERTEX
8
0
10
67.2447323654425
20
91.330502914772
30
0
0
VERTEX
8
0
10
67.4396446331684
20
91.3619269928825
30
0
0
VERTEX
8
0
10
67.6345569008944
20
91.393351070993
30
0
0
VERTEX
8
0
10
67.8294691686203
20
91.4247751491035
30
0
0
VERTEX
8
0
10
68.0243814363462
20
91.4561992272141
30
0
0
VERTEX
8
0
10
68.2192937040721
20
91.4876233053246
30
0
0
VERTEX
8
0
10
68.414205971798
20
91.5190473834351
30
0
0
VERTEX
8
0
10
68.609118239524
20
91.5460470092843
30
0
0
VERTEX
8
0
10
68.8040305072499
20
91.5734423594319
30
0
0
VERTEX
8
0
10
68.9989427749758
20
91.6008377095796
30
0
0
VERTEX
8
0
10
69.1938550427017
20
91.6282330597272
30
0
0
VERTEX
8
0
10
69.3887673104276
20
91.6556284098749
30
0
0
VERTEX
8
0
10
69.5836795781535
20
91.6830237600225
30
0
0
VERTEX
8
0
10
69.7785918458795
20
91.7104191101701
30
0
0
VERTEX
8
0
10
69.9735041136054
20
91.7378144603178
30
0
0
VERTEX
8
0
10
70.1684163813313
20
91.7652098104654
30
0
0
VERTEX
8
0
10
70.3633286490572
20
91.7926051606131
30
0
0
VERTEX
8
0
10
70.5582409167831
20
91.8200005107607
30
0
0
VERTEX
8
0
10
70.753153184509
20
91.8473958609084
30
0
0
VERTEX
8
0
10
70.948065452235
20
91.874791211056
30
0
0
VERTEX
8
0
10
71.1429777199609
20
91.8968555445059
30
0
0
VERTEX
8
0
10
71.3378899876868
20
91.9145819475426
30
0
0
VERTEX
8
0
10
71.5328022554127
20
91.9323083505793
30
0
0
VERTEX
8
0
10
71.7277145231386
20
91.950034753616
30
0
0
VERTEX
8
0
10
71.9226267908646
20
91.9677611566527
30
0
0
VERTEX
8
0
10
72.1175390585905
20
91.9854875596894
30
0
0
VERTEX
8
0
10
72.3124513263164
20
92.0032139627261
30
0
0
VERTEX
8
0
10
72.5073635940423
20
92.0209403657628
30
0
0
VERTEX
8
0
10
72.7022758617682
20
92.0386667687995
30
0
0
VERTEX
8
0
10
72.8971881294941
20
92.0563931718362
30
0
0
VERTEX
8
0
10
73.0921003972201
20
92.0741195748729
30
0
0
VERTEX
8
0
10
73.287012664946
20
92.0918459779097
30
0
0
VERTEX
8
0
10
73.4819249326719
20
92.1095723809464
30
0
0
VERTEX
8
0
10
73.6768372003978
20
92.1272987839831
30
0
0
VERTEX
8
0
10
73.8717494681237
20
92.1320754602476
30
0
0
VERTEX
8
0
10
74.0666617358497
20
92.1369099338031
30
0
0
VERTEX
8
0
10
74.2615740035756
20
92.1417444073585
30
0
0
VERTEX
8
0
10
74.4564862713015
20
92.146578880914
30
0
0
VERTEX
8
0
10
74.6513985390274
20
92.1514133544695
30
0
0
VERTEX
8
0
10
74.8463108067533
20
92.1562478280249
30
0
0
VERTEX
8
0
10
75.0412230744792
20
92.1610823015804
30
0
0
VERTEX
8
0
10
75.2361353422052
20
92.1659167751358
30
0
0
VERTEX
8
0
10
75.4310476099311
20
92.1707512486913
30
0
0
VERTEX
8
0
10
75.625959877657
20
92.1755857222468
30
0
0
VERTEX
8
0
10
75.8208721453829
20
92.1804201958022
30
0
0
VERTEX
8
0
10
76.0157844131088
20
92.1852546693577
30
0
0
VERTEX
8
0
10
76.2106966808347
20
92.1900891429132
30
0
0
VERTEX
8
0
10
76.4056089485607
20
92.1949236164686
30
0
0
VERTEX
8
0
10
76.6005212162866
20
92.1844900521086
30
0
0
VERTEX
8
0
10
76.7954334840125
20
92.1788498329605
30
0
0
VERTEX
8
0
10
76.9903457517384
20
92.1732096138125
30
0
0
VERTEX
8
0
10
77.1852580194643
20
92.1675693946644
30
0
0
VERTEX
8
0
10
77.3801702871903
20
92.1619291755164
30
0
0
VERTEX
8
0
10
77.5750825549162
20
92.1562889563683
30
0
0
VERTEX
8
0
10
77.7699948226421
20
92.1506487372203
30
0
0
VERTEX
8
0
10
77.964907090368
20
92.1450085180722
30
0
0
VERTEX
8
0
10
78.1598193580939
20
92.1393682989242
30
0
0
VERTEX
8
0
10
78.3547316258199
20
92.1337280797762
30
0
0
VERTEX
8
0
10
78.5496438935458
20
92.1280878606281
30
0
0
VERTEX
8
0
10
78.7445561612717
20
92.1224476414801
30
0
0
VERTEX
8
0
10
78.9394684289976
20
92.116807422332
30
0
0
VERTEX
8
0
10
79.1343806967235
20
92.1126348539725
30
0
0
VERTEX
8
0
10
79.3292929644494
20
92.1086061260096
30
0
0
VERTEX
8
0
10
79.5242052321754
20
92.1045773980467
30
0
0
VERTEX
8
0
10
79.7191174999013
20
92.1005486700838
30
0
0
VERTEX
8
0
10
79.9140297676272
20
92.0965199421209
30
0
0
VERTEX
8
0
10
80.1089420353531
20
92.092491214158
30
0
0
VERTEX
8
0
10
80.303854303079
20
92.0884624861951
30
0
0
VERTEX
8
0
10
80.4987665708049
20
92.0844337582322
30
0
0
VERTEX
8
0
10
80.6936788385309
20
92.0804050302694
30
0
0
VERTEX
8
0
10
80.8885911062568
20
92.0763763023065
30
0
0
VERTEX
8
0
10
81.0835033739827
20
92.0723475743436
30
0
0
VERTEX
8
0
10
81.2784156417086
20
92.0683188463807
30
0
0
VERTEX
8
0
10
81.4733279094345
20
92.0642901184178
30
0
0
VERTEX
8
0
10
81.6682401771605
20
92.0602613904549
30
0
0
VERTEX
8
0
10
81.8631524448864
20
92.0386497516756
30
0
0
VERTEX
8
0
10
82.0580647126123
20
92.0217290942315
30
0
0
VERTEX
8
0
10
82.2529769803382
20
92.0048084367873
30
0
0
VERTEX
8
0
10
82.4478892480641
20
91.9878877793432
30
0
0
VERTEX
8
0
10
82.64280151579
20
91.9709671218991
30
0
0
VERTEX
8
0
10
82.837713783516
20
91.9540464644549
30
0
0
VERTEX
8
0
10
83.0326260512419
20
91.9371258070108
30
0
0
VERTEX
8
0
10
83.2275383189678
20
91.9202051495667
30
0
0
VERTEX
8
0
10
83.4224505866937
20
91.9032844921225
30
0
0
VERTEX
8
0
10
83.6173628544196
20
91.8863638346784
30
0
0
VERTEX
8
0
10
83.8122751221456
20
91.8694431772343
30
0
0
VERTEX
8
0
10
84.0071873898715
20
91.8525225197901
30
0
0
VERTEX
8
0
10
84.2020996575974
20
91.835601862346
30
0
0
VERTEX
8
0
10
84.3970119253233
20
91.8226309620933
30
0
0
VERTEX
8
0
10
84.5919241930492
20
91.8105447782046
30
0
0
VERTEX
8
0
10
84.7868364607751
20
91.7984585943159
30
0
0
VERTEX
8
0
10
84.9817487285011
20
91.7863724104273
30
0
0
VERTEX
8
0
10
85.176660996227
20
91.7742862265386
30
0
0
VERTEX
8
0
10
85.3715732639529
20
91.7622000426499
30
0
0
VERTEX
8
0
10
85.5664855316788
20
91.7501138587613
30
0
0
VERTEX
8
0
10
85.7613977994047
20
91.7380276748726
30
0
0
VERTEX
8
0
10
85.9563100671306
20
91.7259414909839
30
0
0
VERTEX
8
0
10
86.1512223348566
20
91.7138553070953
30
0
0
VERTEX
8
0
10
86.3461346025825
20
91.7017691232066
30
0
0
VERTEX
8
0
10
86.5410468703084
20
91.6896829393179
30
0
0
VERTEX
8
0
10
86.7359591380343
20
91.6775967554293
30
0
0
VERTEX
8
0
10
86.9308714057602
20
91.6655105715406
30
0
0
VERTEX
8
0
10
87.1257836734862
20
91.661611582828
30
0
0
VERTEX
8
0
10
87.3206959412121
20
91.65597136368
30
0
0
VERTEX
8
0
10
87.515608208938
20
91.6503311445319
30
0
0
VERTEX
8
0
10
87.7105204766639
20
91.6446909253839
30
0
0
VERTEX
8
0
10
87.9054327443898
20
91.6390507062359
30
0
0
VERTEX
8
0
10
88.1003450121157
20
91.6334104870878
30
0
0
VERTEX
8
0
10
88.2952572798417
20
91.6277702679398
30
0
0
VERTEX
8
0
10
88.4901695475676
20
91.6221300487917
30
0
0
VERTEX
8
0
10
88.6850818152935
20
91.6164898296437
30
0
0
VERTEX
8
0
10
88.8799940830194
20
91.6108496104956
30
0
0
VERTEX
8
0
10
89.0749063507453
20
91.6052093913476
30
0
0
VERTEX
8
0
10
89.2698186184712
20
91.5995691721996
30
0
0
VERTEX
8
0
10
89.4647308861972
20
91.5939289530515
30
0
0
VERTEX
8
0
10
89.6596431539231
20
91.592368056257
30
0
0
VERTEX
8
0
10
89.854555421649
20
91.592368056257
30
0
0
VERTEX
8
0
10
90.0494676893749
20
91.592368056257
30
0
0
VERTEX
8
0
10
90.2443799571008
20
91.592368056257
30
0
0
VERTEX
8
0
10
90.4392922248268
20
91.592368056257
30
0
0
VERTEX
8
0
10
90.6342044925527
20
91.592368056257
30
0
0
VERTEX
8
0
10
90.8291167602786
20
91.592368056257
30
0
0
VERTEX
8
0
10
91.0240290280045
20
91.592368056257
30
0
0
VERTEX
8
0
10
91.2189412957304
20
91.592368056257
30
0
0
VERTEX
8
0
10
91.4138535634563
20
91.592368056257
30
0
0
VERTEX
8
0
10
91.6087658311823
20
91.592368056257
30
0
0
VERTEX
8
0
10
91.8036780989082
20
91.592368056257
30
0
0
VERTEX
8
0
10
91.9985903666341
20
91.592368056257
30
0
0
VERTEX
8
0
10
92.19350263436
20
91.592368056257
30
0
0
VERTEX
8
0
10
92.3884149020859
20
91.592368056257
30
0
0
VERTEX
8
0
10
92.5833271698119
20
91.592368056257
30
0
0
VERTEX
8
0
10
92.7782394375378
20
91.592368056257
30
0
0
VERTEX
8
0
10
92.9731517052637
20
91.592368056257
30
0
0
VERTEX
8
0
10
93.1680639729896
20
91.592368056257
30
0
0
VERTEX
8
0
10
93.3629762407155
20
91.592368056257
30
0
0
VERTEX
8
0
10
93.5578885084415
20
91.592368056257
30
0
0
VERTEX
8
0
10
93.7528007761674
20
91.592368056257
30
0
0
VERTEX
8
0
10
93.9477130438933
20
91.592368056257
30
0
0
VERTEX
8
0
10
94.1426253116192
20
91.592368056257
30
0
0
VERTEX
8
0
10
94.3375375793451
20
91.592368056257
30
0
0
VERTEX
8
0
10
94.532449847071
20
91.592368056257
30
0
0
VERTEX
8
0
10
94.7273621147969
20
91.592368056257
30
0
0
VERTEX
8
0
10
94.9222743825229
20
91.592368056257
30
0
0
VERTEX
8
0
10
95.1171866502488
20
91.592368056257
30
0
0
VERTEX
8
0
10
95.3120989179747
20
91.592368056257
30
0
0
VERTEX
8
0
10
95.5070111857006
20
91.592368056257
30
0
0
VERTEX
8
0
10
95.7019234534265
20
91.592368056257
30
0
0
VERTEX
8
0
10
95.8968357211525
20
91.592368056257
30
0
0
VERTEX
8
0
10
96.0917479888784
20
91.592368056257
30
0
0
VERTEX
8
0
10
96.2866602566043
20
91.592368056257
30
0
0
VERTEX
8
0
10
96.4815725243302
20
91.592368056257
30
0
0
VERTEX
8
0
10
96.6764847920561
20
91.592368056257
30
0
0
VERTEX
8
0
10
96.8713970597821
20
91.592368056257
30
0
0
VERTEX
8
0
10
97.066309327508
20
91.592368056257
30
0
0
VERTEX
8
0
10
97.2612215952339
20
91.592368056257
30
0
0
VERTEX
8
0
10
97.4561338629598
20
91.592368056257
30
0
0
VERTEX
8
0
10
97.6510461306857
20
91.592368056257
30
0
0
VERTEX
8
0
10
97.8459583984116
20
91.592368056257
30
0
0
VERTEX
8
0
10
98.0408706661376
20
91.592368056257
30
0
0
VERTEX
8
0
10
98.2357829338635
20
91.592368056257
30
0
0
VERTEX
8
0
10
98.4306952015894
20
91.592368056257
30
0
0
VERTEX
8
0
10
98.6256074693153
20
91.592368056257
30
0
0
VERTEX
8
0
10
98.8205197370412
20
91.592368056257
30
0
0
VERTEX
8
0
10
99.0154320047671
20
91.592368056257
30
0
0
VERTEX
8
0
10
99.2103442724931
20
91.592368056257
30
0
0
VERTEX
8
0
10
99.405256540219
20
91.592368056257
30
0
0
VERTEX
8
0
10
99.6001688079449
20
91.592368056257
30
0
0
VERTEX
8
0
10
99.7950810756708
20
91.592368056257
30
0
0
VERTEX
8
0
10
99.9899933433967
20
91.592368056257
30
0
0
VERTEX
8
0
10
100.184905611123
20
91.592368056257
30
0
0
VERTEX
8
0
10
100.379817878849
20
91.592368056257
30
0
0
VERTEX
8
0
10
100.574730146574
20
91.592368056257
30
0
0
VERTEX
8
0
10
100.7696424143
20
91.592368056257
30
0
0
VERTEX
8
0
10
100.964554682026
20
91.592368056257
30
0
0
VERTEX
8
0
10
101.159466949752
20
91.592368056257
30
0
0
VERTEX
8
0
10
101.354379217478
20
91.592368056257
30
0
0
VERTEX
8
0
10
101.549291485204
20
91.592368056257
30
0
0
VERTEX
8
0
10
101.74420375293
20
91.592368056257
30
0
0
VERTEX
8
0
10
101.939116020656
20
91.592368056257
30
0
0
VERTEX
8
0
10
102.134028288382
20
91.592368056257
30
0
0
VERTEX
8
0
10
102.328940556108
20
91.592368056257
30
0
0
VERTEX
8
0
10
102.523852823834
20
91.592368056257
30
0
0
VERTEX
8
0
10
102.71876509156
20
91.592368056257
30
0
0
VERTEX
8
0
10
102.913677359286
20
91.5772288218676
30
0
0
VERTEX
8
0
10
103.108589627011
20
91.5619196556086
30
0
0
VERTEX
8
0
10
103.303501894737
20
91.5466104893497
30
0
0
VERTEX
8
0
10
103.498414162463
20
91.5313013230907
30
0
0
VERTEX
8
0
10
103.693326430189
20
91.5159921568317
30
0
0
VERTEX
8
0
10
103.888238697915
20
91.5006829905727
30
0
0
VERTEX
8
0
10
104.083150965641
20
91.4853738243138
30
0
0
VERTEX
8
0
10
104.278063233367
20
91.4700646580548
30
0
0
VERTEX
8
0
10
104.472975501093
20
91.4547554917958
30
0
0
VERTEX
8
0
10
104.667887768819
20
91.4394463255368
30
0
0
VERTEX
8
0
10
104.862800036545
20
91.4241371592779
30
0
0
VERTEX
8
0
10
105.057712304271
20
91.4088279930189
30
0
0
VERTEX
8
0
10
105.252624571997
20
91.3935188267599
30
0
0
VERTEX
8
0
10
105.447536839722
20
91.3782096605009
30
0
0
VERTEX
8
0
10
105.642449107448
20
91.3594147692167
30
0
0
VERTEX
8
0
10
105.837361375174
20
91.34168836618
30
0
0
VERTEX
8
0
10
106.0322736429
20
91.3239619631433
30
0
0
VERTEX
8
0
10
106.227185910626
20
91.3062355601066
30
0
0
VERTEX
8
0
10
106.422098178352
20
91.2885091570699
30
0
0
VERTEX
8
0
10
106.617010446078
20
91.2707827540332
30
0
0
VERTEX
8
0
10
106.811922713804
20
91.2530563509965
30
0
0
VERTEX
8
0
10
107.00683498153
20
91.2353299479597
30
0
0
VERTEX
8
0
10
107.201747249256
20
91.2176035449231
30
0
0
VERTEX
8
0
10
107.396659516982
20
91.1998771418863
30
0
0
VERTEX
8
0
10
107.591571784708
20
91.1821507388496
30
0
0
VERTEX
8
0
10
107.786484052433
20
91.1644243358129
30
0
0
VERTEX
8
0
10
107.981396320159
20
91.1466979327762
30
0
0
VERTEX
8
0
10
108.176308587885
20
91.1289715297395
30
0
0
VERTEX
8
0
10
108.371220855611
20
91.1112451267028
30
0
0
VERTEX
8
0
10
108.566133123337
20
91.0935187236661
30
0
0
VERTEX
8
0
10
108.761045391063
20
91.0757923206294
30
0
0
VERTEX
8
0
10
108.955957658789
20
91.0580659175927
30
0
0
VERTEX
8
0
10
109.150869926515
20
91.040339514556
30
0
0
VERTEX
8
0
10
109.345782194241
20
91.0226131115192
30
0
0
VERTEX
8
0
10
109.540694461967
20
91.0048867084825
30
0
0
VERTEX
8
0
10
109.735606729693
20
90.9871603054458
30
0
0
VERTEX
8
0
10
109.930518997419
20
90.9694339024091
30
0
0
VERTEX
8
0
10
110.125431265144
20
90.9517074993724
30
0
0
VERTEX
8
0
10
110.32034353287
20
90.9339810963357
30
0
0
VERTEX
8
0
10
110.515255800596
20
90.916254693299
30
0
0
VERTEX
8
0
10
110.710168068322
20
90.8985282902623
30
0
0
VERTEX
8
0
10
110.905080336048
20
90.8753700081619
30
0
0
VERTEX
8
0
10
111.099992603774
20
90.8536148771623
30
0
0
VERTEX
8
0
10
111.2949048715
20
90.8318597461627
30
0
0
VERTEX
8
0
10
111.489817139226
20
90.8101046151631
30
0
0
VERTEX
8
0
10
111.684729406952
20
90.7883494841635
30
0
0
VERTEX
8
0
10
111.879641674678
20
90.7665943531639
30
0
0
VERTEX
8
0
10
112.074553942404
20
90.7448392221643
30
0
0
VERTEX
8
0
10
112.26946621013
20
90.7230840911647
30
0
0
VERTEX
8
0
10
112.464378477855
20
90.7013289601651
30
0
0
VERTEX
8
0
10
112.659290745581
20
90.6795738291655
30
0
0
VERTEX
8
0
10
112.854203013307
20
90.6578186981659
30
0
0
VERTEX
8
0
10
113.049115281033
20
90.6360635671663
30
0
0
VERTEX
8
0
10
113.244027548759
20
90.6143084361667
30
0
0
VERTEX
8
0
10
113.438939816485
20
90.5977191991826
30
0
0
VERTEX
8
0
10
113.633852084211
20
90.5824100329236
30
0
0
VERTEX
8
0
10
113.828764351937
20
90.5671008666647
30
0
0
VERTEX
8
0
10
114.023676619663
20
90.5517917004057
30
0
0
VERTEX
8
0
10
114.218588887389
20
90.5364825341467
30
0
0
VERTEX
8
0
10
114.413501155115
20
90.5211733678877
30
0
0
VERTEX
8
0
10
114.608413422841
20
90.5058642016288
30
0
0
VERTEX
8
0
10
114.803325690566
20
90.4905550353698
30
0
0
VERTEX
8
0
10
114.998237958292
20
90.4752458691108
30
0
0
VERTEX
8
0
10
115.193150226018
20
90.4599367028518
30
0
0
VERTEX
8
0
10
115.388062493744
20
90.4446275365929
30
0
0
VERTEX
8
0
10
115.58297476147
20
90.4293183703339
30
0
0
VERTEX
8
0
10
115.777887029196
20
90.4140092040749
30
0
0
VERTEX
8
0
10
115.972799296922
20
90.3987000378159
30
0
0
VERTEX
8
0
10
116.167711564648
20
90.3803583417058
30
0
0
VERTEX
8
0
10
116.362623832374
20
90.3626319386691
30
0
0
VERTEX
8
0
10
116.5575361001
20
90.3449055356324
30
0
0
VERTEX
8
0
10
116.752448367826
20
90.3271791325957
30
0
0
VERTEX
8
0
10
116.947360635552
20
90.309452729559
30
0
0
VERTEX
8
0
10
117.142272903278
20
90.2917263265223
30
0
0
VERTEX
8
0
10
117.337185171003
20
90.2739999234855
30
0
0
VERTEX
8
0
10
117.532097438729
20
90.2562735204488
30
0
0
VERTEX
8
0
10
117.727009706455
20
90.2385471174121
30
0
0
VERTEX
8
0
10
117.921921974181
20
90.2208207143754
30
0
0
VERTEX
8
0
10
118.116834241907
20
90.2030943113387
30
0
0
VERTEX
8
0
10
118.311746509633
20
90.185367908302
30
0
0
VERTEX
8
0
10
118.506658777359
20
90.1676415052653
30
0
0
VERTEX
8
0
10
118.701571045085
20
90.1510555106744
30
0
0
VERTEX
8
0
10
118.896483312811
20
90.1349405988229
30
0
0
VERTEX
8
0
10
119.091395580537
20
90.1188256869713
30
0
0
VERTEX
8
0
10
119.286307848263
20
90.1027107751198
30
0
0
VERTEX
8
0
10
119.481220115989
20
90.0865958632682
30
0
0
VERTEX
8
0
10
119.676132383714
20
90.0704809514167
30
0
0
VERTEX
8
0
10
119.87104465144
20
90.0543660395651
30
0
0
VERTEX
8
0
10
120.065956919166
20
90.0382511277136
30
0
0
VERTEX
8
0
10
120.260869186892
20
90.022136215862
30
0
0
VERTEX
8
0
10
120.455781454618
20
90.0060213040104
30
0
0
VERTEX
8
0
10
120.650693722344
20
89.9899063921589
30
0
0
VERTEX
8
0
10
120.84560599007
20
89.9737914803073
30
0
0
VERTEX
8
0
10
121.040518257796
20
89.9576765684558
30
0
0
VERTEX
8
0
10
121.235430525522
20
89.9415616566042
30
0
0
VERTEX
8
0
10
121.430342793248
20
89.9254467447527
30
0
0
VERTEX
8
0
10
121.625255060974
20
89.9093318329011
30
0
0
VERTEX
8
0
10
121.8201673287
20
89.8932169210496
30
0
0
VERTEX
8
0
10
122.015079596425
20
89.877102009198
30
0
0
VERTEX
8
0
10
122.209991864151
20
89.8609870973465
30
0
0
VERTEX
8
0
10
122.404904131877
20
89.8448721854949
30
0
0
VERTEX
8
0
10
122.599816399603
20
89.8287572736433
30
0
0
VERTEX
8
0
10
122.794728667329
20
89.8126423617918
30
0
0
VERTEX
8
0
10
122.989640935055
20
89.7965274499402
30
0
0
VERTEX
8
0
10
123.184553202781
20
89.7804125380887
30
0
0
VERTEX
8
0
10
123.379465470507
20
89.7642976262371
30
0
0
VERTEX
8
0
10
123.574377738233
20
89.7481827143856
30
0
0
VERTEX
8
0
10
123.769290005959
20
89.732067802534
30
0
0
VERTEX
8
0
10
123.964202273685
20
89.7159528906825
30
0
0
VERTEX
8
0
10
124.159114541411
20
89.6998379788309
30
0
0
VERTEX
8
0
10
124.354026809136
20
89.6837230669794
30
0
0
VERTEX
8
0
10
124.548939076862
20
89.6676081551278
30
0
0
VERTEX
8
0
10
124.743851344588
20
89.6514932432763
30
0
0
VERTEX
8
0
10
124.938763612314
20
89.6353783314247
30
0
0
VERTEX
8
0
10
125.13367588004
20
89.6192634195732
30
0
0
VERTEX
8
0
10
125.328588147766
20
89.6031485077216
30
0
0
VERTEX
8
0
10
125.523500415492
20
89.5870335958701
30
0
0
VERTEX
8
0
10
125.718412683218
20
89.5709186840185
30
0
0
VERTEX
8
0
10
125.913324950944
20
89.5548037721669
30
0
0
VERTEX
8
0
10
126.10823721867
20
89.5386888603154
30
0
0
VERTEX
8
0
10
126.303149486396
20
89.5225739484638
30
0
0
VERTEX
8
0
10
126.498061754122
20
89.5064590366123
30
0
0
VERTEX
8
0
10
126.692974021847
20
89.4937832376635
30
0
0
VERTEX
8
0
10
126.887886289573
20
89.4808913081822
30
0
0
VERTEX
8
0
10
127.082798557299
20
89.467999378701
30
0
0
VERTEX
8
0
10
127.277710825025
20
89.4551074492197
30
0
0
VERTEX
8
0
10
127.472623092751
20
89.4422155197385
30
0
0
VERTEX
8
0
10
127.667535360477
20
89.4293235902573
30
0
0
VERTEX
8
0
10
127.862447628203
20
89.416431660776
30
0
0
VERTEX
8
0
10
128.057359895929
20
89.4035397312948
30
0
0
VERTEX
8
0
10
128.252272163655
20
89.3906478018135
30
0
0
VERTEX
8
0
10
128.447184431381
20
89.3777558723323
30
0
0
VERTEX
8
0
10
128.642096699107
20
89.364863942851
30
0
0
VERTEX
8
0
10
128.837008966833
20
89.3519720133698
30
0
0
VERTEX
8
0
10
129.031921234558
20
89.3390800838885
30
0
0
VERTEX
8
0
10
129.226833502284
20
89.3261881544073
30
0
0
VERTEX
8
0
10
129.42174577001
20
89.3132962249261
30
0
0
VERTEX
8
0
10
129.616658037736
20
89.3004042954448
30
0
0
VERTEX
8
0
10
129.811570305462
20
89.2875123659636
30
0
0
VERTEX
8
0
10
130.006482573188
20
89.2746204364823
30
0
0
VERTEX
8
0
10
130.201394840914
20
89.2617285070011
30
0
0
VERTEX
8
0
10
130.39630710864
20
89.2488365775198
30
0
0
VERTEX
8
0
10
130.591219376366
20
89.2359446480386
30
0
0
VERTEX
8
0
10
130.786131644092
20
89.2230527185574
30
0
0
VERTEX
8
0
10
130.981043911818
20
89.2101607890761
30
0
0
VERTEX
8
0
10
131.175956179544
20
89.1972688595949
30
0
0
VERTEX
8
0
10
131.37086844727
20
89.1843769301136
30
0
0
VERTEX
8
0
10
131.565780714995
20
89.1714850006324
30
0
0
VERTEX
8
0
10
131.760692982721
20
89.1585930711512
30
0
0
VERTEX
8
0
10
131.955605250447
20
89.1417799131866
30
0
0
VERTEX
8
0
10
132.150517518173
20
89.1248592557424
30
0
0
VERTEX
8
0
10
132.345429785899
20
89.1079385982983
30
0
0
VERTEX
8
0
10
132.540342053625
20
89.0910179408542
30
0
0
VERTEX
8
0
10
132.735254321351
20
89.07409728341
30
0
0
VERTEX
8
0
10
132.930166589077
20
89.0571766259659
30
0
0
VERTEX
8
0
10
133.125078856803
20
89.0402559685218
30
0
0
VERTEX
8
0
10
133.319991124529
20
89.0233353110776
30
0
0
VERTEX
8
0
10
133.514903392255
20
89.0064146536335
30
0
0
VERTEX
8
0
10
133.709815659981
20
88.9894939961894
30
0
0
VERTEX
8
0
10
133.904727927706
20
88.9725733387452
30
0
0
VERTEX
8
0
10
134.099640195432
20
88.9556526813011
30
0
0
VERTEX
8
0
10
134.294552463158
20
88.938732023857
30
0
0
VERTEX
8
0
10
134.489464730884
20
88.9218113664128
30
0
0
VERTEX
8
0
10
134.68437699861
20
88.8945465389126
30
0
0
VERTEX
8
0
10
134.879289266336
20
88.8703741711353
30
0
0
VERTEX
8
0
10
135.074201534062
20
88.846201803358
30
0
0
VERTEX
8
0
10
135.269113801788
20
88.8220294355806
30
0
0
VERTEX
8
0
10
135.464026069514
20
88.7978570678033
30
0
0
VERTEX
8
0
10
135.65893833724
20
88.773684700026
30
0
0
VERTEX
8
0
10
135.853850604966
20
88.7495123322487
30
0
0
VERTEX
8
0
10
136.048762872692
20
88.7253399644713
30
0
0
VERTEX
8
0
10
136.243675140417
20
88.701167596694
30
0
0
VERTEX
8
0
10
136.438587408143
20
88.6769952289167
30
0
0
VERTEX
8
0
10
136.633499675869
20
88.6528228611393
30
0
0
VERTEX
8
0
10
136.828411943595
20
88.628650493362
30
0
0
VERTEX
8
0
10
137.023324211321
20
88.6044781255847
30
0
0
VERTEX
8
0
10
137.218236479047
20
88.5824318973103
30
0
0
VERTEX
8
0
10
137.413148746773
20
88.5606767663107
30
0
0
VERTEX
8
0
10
137.608061014499
20
88.5389216353111
30
0
0
VERTEX
8
0
10
137.802973282225
20
88.5171665043115
30
0
0
VERTEX
8
0
10
137.997885549951
20
88.4954113733119
30
0
0
VERTEX
8
0
10
138.192797817677
20
88.4736562423123
30
0
0
VERTEX
8
0
10
138.387710085403
20
88.4519011113127
30
0
0
VERTEX
8
0
10
138.582622353128
20
88.4301459803131
30
0
0
VERTEX
8
0
10
138.777534620854
20
88.4083908493135
30
0
0
VERTEX
8
0
10
138.97244688858
20
88.3866357183139
30
0
0
VERTEX
8
0
10
139.167359156306
20
88.3648805873143
30
0
0
VERTEX
8
0
10
139.362271424032
20
88.3431254563148
30
0
0
VERTEX
8
0
10
139.557183691758
20
88.3213703253151
30
0
0
VERTEX
8
0
10
139.752095959484
20
88.2996151943156
30
0
0
VERTEX
8
0
10
139.94700822721
20
88.2724909648188
30
0
0
VERTEX
8
0
10
140.141920494936
20
88.2467071058563
30
0
0
VERTEX
8
0
10
140.336832762662
20
88.2209232468938
30
0
0
VERTEX
8
0
10
140.531745030388
20
88.1951393879313
30
0
0
VERTEX
8
0
10
140.726657298114
20
88.1693555289688
30
0
0
VERTEX
8
0
10
140.921569565839
20
88.1435716700063
30
0
0
VERTEX
8
0
10
141.116481833565
20
88.1177878110439
30
0
0
VERTEX
8
0
10
141.311394101291
20
88.0920039520814
30
0
0
VERTEX
8
0
10
141.506306369017
20
88.0662200931189
30
0
0
VERTEX
8
0
10
141.701218636743
20
88.0404362341564
30
0
0
VERTEX
8
0
10
141.896130904469
20
88.0146523751939
30
0
0
VERTEX
8
0
10
142.091043172195
20
87.9888685162314
30
0
0
VERTEX
8
0
10
142.285955439921
20
87.9630846572689
30
0
0
VERTEX
8
0
10
142.480867707647
20
87.9385671595837
30
0
0
VERTEX
8
0
10
142.675779975373
20
87.9143947918064
30
0
0
VERTEX
8
0
10
142.870692243099
20
87.8902224240291
30
0
0
VERTEX
8
0
10
143.065604510825
20
87.8660500562517
30
0
0
VERTEX
8
0
10
143.260516778551
20
87.8418776884744
30
0
0
VERTEX
8
0
10
143.455429046276
20
87.8177053206971
30
0
0
VERTEX
8
0
10
143.650341314002
20
87.7935329529197
30
0
0
VERTEX
8
0
10
143.845253581728
20
87.7693605851424
30
0
0
VERTEX
8
0
10
144.040165849454
20
87.7451882173651
30
0
0
VERTEX
8
0
10
144.23507811718
20
87.7210158495877
30
0
0
VERTEX
8
0
10
144.429990384906
20
87.6968434818104
30
0
0
VERTEX
8
0
10
144.624902652632
20
87.6726711140331
30
0
0
VERTEX
8
0
10
144.819814920358
20
87.6484987462558
30
0
0
VERTEX
8
0
10
145.014727188084
20
87.6243263784784
30
0
0
VERTEX
8
0
10
145.20963945581
20
87.6001540107011
30
0
0
VERTEX
8
0
10
145.404551723536
20
87.5759816429238
30
0
0
VERTEX
8
0
10
145.599463991262
20
87.5518092751464
30
0
0
VERTEX
8
0
10
145.794376258987
20
87.5276369073691
30
0
0
VERTEX
8
0
10
145.989288526713
20
87.5034645395918
30
0
0
VERTEX
8
0
10
146.184200794439
20
87.4792921718144
30
0
0
VERTEX
8
0
10
146.379113062165
20
87.4551198040371
30
0
0
VERTEX
8
0
10
146.574025329891
20
87.4309474362598
30
0
0
VERTEX
8
0
10
146.768937597617
20
87.4067750684824
30
0
0
VERTEX
8
0
10
146.963849865343
20
87.3826027007051
30
0
0
VERTEX
8
0
10
147.158762133069
20
87.3584303329278
30
0
0
VERTEX
8
0
10
147.353674400795
20
87.3342579651504
30
0
0
VERTEX
8
0
10
147.548586668521
20
87.3100855973731
30
0
0
VERTEX
8
0
10
147.743498936247
20
87.2847979333765
30
0
0
VERTEX
8
0
10
147.938411203973
20
87.2590140744141
30
0
0
VERTEX
8
0
10
148.133323471698
20
87.2332302154516
30
0
0
VERTEX
8
0
10
148.328235739424
20
87.2074463564891
30
0
0
VERTEX
8
0
10
148.52314800715
20
87.1816624975266
30
0
0
VERTEX
8
0
10
148.718060274876
20
87.1558786385641
30
0
0
VERTEX
8
0
10
148.912972542602
20
87.1300947796016
30
0
0
VERTEX
8
0
10
149.107884810328
20
87.1043109206392
30
0
0
VERTEX
8
0
10
149.302797078054
20
87.0785270616767
30
0
0
VERTEX
8
0
10
149.49770934578
20
87.0527432027142
30
0
0
VERTEX
8
0
10
149.692621613506
20
87.0269593437517
30
0
0
VERTEX
8
0
10
149.887533881232
20
87.0011754847892
30
0
0
VERTEX
8
0
10
150.082446148958
20
86.9753916258267
30
0
0
VERTEX
8
0
10
150.277358416684
20
86.9496077668642
30
0
0
VERTEX
8
0
10
150.472270684409
20
86.9275149264674
30
0
0
VERTEX
8
0
10
150.667182952135
20
86.9049540498752
30
0
0
VERTEX
8
0
10
150.862095219861
20
86.882393173283
30
0
0
VERTEX
8
0
10
151.057007487587
20
86.8598322966908
30
0
0
VERTEX
8
0
10
151.251919755313
20
86.8372714200987
30
0
0
VERTEX
8
0
10
151.446832023039
20
86.8147105435065
30
0
0
VERTEX
8
0
10
151.641744290765
20
86.7921496669143
30
0
0
VERTEX
8
0
10
151.836656558491
20
86.7695887903221
30
0
0
VERTEX
8
0
10
152.031568826217
20
86.74702791373
30
0
0
VERTEX
8
0
10
152.226481093943
20
86.7244670371378
30
0
0
VERTEX
8
0
10
152.421393361669
20
86.7019061605456
30
0
0
VERTEX
8
0
10
152.616305629395
20
86.6793452839534
30
0
0
VERTEX
8
0
10
152.81121789712
20
86.6567844073613
30
0
0
VERTEX
8
0
10
153.006130164846
20
86.6332271585692
30
0
0
VERTEX
8
0
10
153.201042432572
20
86.609001074419
30
0
0
VERTEX
8
0
10
153.395954700298
20
86.5847749902688
30
0
0
VERTEX
8
0
10
153.590866968024
20
86.5605489061186
30
0
0
VERTEX
8
0
10
153.78577923575
20
86.5363228219685
30
0
0
VERTEX
8
0
10
153.980691503476
20
86.5120967378183
30
0
0
VERTEX
8
0
10
154.175603771202
20
86.4878706536682
30
0
0
VERTEX
8
0
10
154.370516038928
20
86.463644569518
30
0
0
VERTEX
8
0
10
154.565428306654
20
86.4394184853678
30
0
0
VERTEX
8
0
10
154.76034057438
20
86.4151924012176
30
0
0
VERTEX
8
0
10
154.955252842106
20
86.3909663170675
30
0
0
VERTEX
8
0
10
155.150165109832
20
86.3667402329173
30
0
0
VERTEX
8
0
10
155.345077377557
20
86.3425141487671
30
0
0
SEQEND
8
0
0
POLYLINE
8
0
62
1
70
0
10
0
20
0
30
0
0
VERTEX
8
0
10
3.31350855134067
20
24.3836904842096
30
0
0
VERTEX
8
0
10
3.5084208190666
20
24.9378018281737
30
0
0
VERTEX
8
0
10
3.70333308679252
20
25.5604172887528
30
0
0
VERTEX
8
0
10
3.89824535451844
20
26.1703192420531
30
0
0
VERTEX
8
0
10
4.09315762224436
20
26.7802290315063
30
0
0
VERTEX
8
0
10
4.28806988997029
20
27.3901461336381
30
0
0
VERTEX
8
0
10
4.48298215769621
20
28.0000700705789
30
0
0
VERTEX
8
0
10
4.67789442542213
20
28.4950964274889
30
0
0
VERTEX
8
0
10
4.87280669314805
20
29.0167815056431
30
0
0
VERTEX
8
0
10
5.06771896087397
20
29.5384745283006
30
0
0
VERTEX
8
0
10
5.2626312285999
20
30.060175081832
30
0
0
VERTEX
8
0
10
5.45754349632582
20
30.5818827808266
30
0
0
VERTEX
8
0
10
5.65245576405174
20
31.0632705517314
30
0
0
VERTEX
8
0
10
5.84736803177766
20
31.5319360354181
30
0
0
VERTEX
8
0
10
6.04228029950359
20
32.0006091428627
30
0
0
VERTEX
8
0
10
6.23719256722951
20
32.4698205939319
30
0
0
VERTEX
8
0
10
6.43210483495543
20
32.9389366313477
30
0
0
VERTEX
8
0
10
6.62701710268135
20
33.4080753078871
30
0
0
VERTEX
8
0
10
6.82192937040727
20
33.8514094332113
30
0
0
VERTEX
8
0
10
7.0168416381332
20
34.2777201389417
30
0
0
VERTEX
8
0
10
7.21175390585912
20
34.70405318032
30
0
0
VERTEX
8
0
10
7.40666617358504
20
35.1304077441682
30
0
0
VERTEX
8
0
10
7.60157844131096
20
35.5567830562709
30
0
0
VERTEX
8
0
10
7.79649070903688
20
35.9831783790715
30
0
0
VERTEX
8
0
10
7.99140297676281
20
36.4095930095299
30
0
0
VERTEX
8
0
10
8.18631524448873
20
36.7913299049033
30
0
0
VERTEX
8
0
10
8.38122751221465
20
37.1868457871792
30
0
0
VERTEX
8
0
10
8.57613977994057
20
37.5823808032655
30
0
0
VERTEX
8
0
10
8.7710520476665
20
37.9779343553342
30
0
0
VERTEX
8
0
10
8.96596431539242
20
38.3735058701794
30
0
0
VERTEX
8
0
10
9.16087658311834
20
38.7690947979638
30
0
0
VERTEX
8
0
10
9.35578885084426
20
39.1528455296792
30
0
0
VERTEX
8
0
10
9.55070111857018
20
39.5308085270992
30
0
0
VERTEX
8
0
10
9.74561338629611
20
39.9087884285658
30
0
0
VERTEX
8
0
10
9.94052565402203
20
40.286784758286
30
0
0
VERTEX
8
0
10
10.135437921748
20
40.6647970581374
30
0
0
VERTEX
8
0
10
10.3303501894739
20
41.0428248868561
30
0
0
VERTEX
8
0
10
10.5252624571998
20
41.4208678192691
30
0
0
VERTEX
8
0
10
10.7201747249257
20
41.7989254455683
30
0
0
VERTEX
8
0
10
10.9150869926516
20
42.0694897437103
30
0
0
VERTEX
8
0
10
11.1099992603776
20
42.3637281095378
30
0
0
VERTEX
8
0
10
11.3049115281035
20
42.6579851193656
30
0
0
VERTEX
8
0
10
11.4998237958294
20
42.9517665653855
30
0
0
VERTEX
8
0
10
11.6947360635553
20
43.2456395899513
30
0
0
VERTEX
8
0
10
11.8896483312813
20
43.539521501151
30
0
0
VERTEX
8
0
10
12.0845605990072
20
43.8334121202429
30
0
0
VERTEX
8
0
10
12.2794728667331
20
44.1273112732416
30
0
0
VERTEX
8
0
10
12.474385134459
20
44.3955476968098
30
0
0
VERTEX
8
0
10
12.6692974021849
20
44.6506490692822
30
0
0
VERTEX
8
0
10
12.8642096699109
20
44.9057603353845
30
0
0
VERTEX
8
0
10
13.0591219376368
20
45.1608813274509
30
0
0
VERTEX
8
0
10
13.2540342053627
20
45.416011881577
30
0
0
VERTEX
8
0
10
13.4489464730886
20
45.6711518375145
30
0
0
VERTEX
8
0
10
13.6438587408145
20
45.9263010385703
30
0
0
VERTEX
8
0
10
13.8387710085405
20
46.1814593315086
30
0
0
VERTEX
8
0
10
14.0336832762664
20
46.4366565611544
30
0
0
VERTEX
8
0
10
14.2285955439923
20
46.6918788764113
30
0
0
VERTEX
8
0
10
14.4235078117182
20
46.9471105435464
30
0
0
VERTEX
8
0
10
14.6184200794442
20
47.1628974996466
30
0
0
VERTEX
8
0
10
14.8133323471701
20
47.3850869992943
30
0
0
VERTEX
8
0
10
15.008244614896
20
47.6072871600819
30
0
0
VERTEX
8
0
10
15.2031568826219
20
47.8294978334249
30
0
0
VERTEX
8
0
10
15.3980691503478
20
48.0517188734804
30
0
0
VERTEX
8
0
10
15.5929814180738
20
48.2739501370841
30
0
0
VERTEX
8
0
10
15.7878936857997
20
48.4961914836894
30
0
0
VERTEX
8
0
10
15.9828059535256
20
48.7184427753079
30
0
0
VERTEX
8
0
10
16.1777182212515
20
48.9407038764516
30
0
0
VERTEX
8
0
10
16.3726304889775
20
49.1629746540767
30
0
0
VERTEX
8
0
10
16.5675427567034
20
49.3852549775289
30
0
0
VERTEX
8
0
10
16.7624550244293
20
49.6078834660375
30
0
0
VERTEX
8
0
10
16.9573672921552
20
49.7777866446601
30
0
0
VERTEX
8
0
10
17.1522795598811
20
49.9403826883263
30
0
0
VERTEX
8
0
10
17.3471918276071
20
50.102996606949
30
0
0
VERTEX
8
0
10
17.542104095333
20
50.2656282270468
30
0
0
VERTEX
8
0
10
17.7370163630589
20
50.4282773773575
30
0
0
VERTEX
8
0
10
17.9319286307848
20
50.590943888803
30
0
0
VERTEX
8
0
10
18.1268408985108
20
50.7536275944547
30
0
0
VERTEX
8
0
10
18.3217531662367
20
50.9163283295001
30
0
0
VERTEX
8
0
10
18.5166654339626
20
51.0790459312094
30
0
0
VERTEX
8
0
10
18.7115777016885
20
51.2417802389029
30
0
0
VERTEX
8
0
10
18.9064899694144
20
51.4045310939194
30
0
0
VERTEX
8
0
10
19.1014022371404
20
51.5672983395845
30
0
0
VERTEX
8
0
10
19.2963145048663
20
51.7309813021964
30
0
0
VERTEX
8
0
10
19.4912267725922
20
51.8954066931694
30
0
0
VERTEX
8
0
10
19.6861390403181
20
52.0192348020398
30
0
0
VERTEX
8
0
10
19.8810513080441
20
52.1532290727772
30
0
0
VERTEX
8
0
10
20.07596357577
20
52.2872773530912
30
0
0
VERTEX
8
0
10
20.2708758434959
20
52.4213792286534
30
0
0
VERTEX
8
0
10
20.4657881112218
20
52.5555342891992
30
0
0
VERTEX
8
0
10
20.6607003789477
20
52.6897421284808
30
0
0
VERTEX
8
0
10
20.8556126466737
20
52.8240023442194
30
0
0
VERTEX
8
0
10
21.0505249143996
20
52.95831453806
30
0
0
VERTEX
8
0
10
21.2454371821255
20
53.0926783155248
30
0
0
VERTEX
8
0
10
21.4403494498514
20
53.2270932859684
30
0
0
VERTEX
8
0
10
21.6352617175774
20
53.3615590625337
30
0
0
VERTEX
8
0
10
21.8301739853033
20
53.4960752621074
30
0
0
VERTEX
8
0
10
22.0250862530292
20
53.6329406239468
30
0
0
VERTEX
8
0
10
22.2199985207551
20
53.7654777626571
30
0
0
VERTEX
8
0
10
22.414910788481
20
53.8969165091299
30
0
0
VERTEX
8
0
10
22.609823056207
20
54.0284685295568
30
0
0
VERTEX
8
0
10
22.8047353239329
20
54.1601329985289
30
0
0
VERTEX
8
0
10
22.9996475916588
20
54.291909097942
30
0
0
VERTEX
8
0
10
23.1945598593847
20
54.4237960169253
30
0
0
VERTEX
8
0
10
23.3894721271107
20
54.5557929517703
30
0
0
VERTEX
8
0
10
23.5843843948366
20
54.6878991058608
30
0
0
VERTEX
8
0
10
23.7792966625625
20
54.8201136896032
30
0
0
VERTEX
8
0
10
23.9742089302884
20
54.9524359203582
30
0
0
VERTEX
8
0
10
24.1691211980143
20
55.0848650223722
30
0
0
VERTEX
8
0
10
24.3640334657403
20
55.2174002267102
30
0
0
VERTEX
8
0
10
24.5589457334662
20
55.3500407711888
30
0
0
VERTEX
8
0
10
24.7538580011921
20
55.482412851587
30
0
0
VERTEX
8
0
10
24.948770268918
20
55.6209479805711
30
0
0
VERTEX
8
0
10
25.143682536644
20
55.7584372445481
30
0
0
VERTEX
8
0
10
25.3385948043699
20
55.8960211389269
30
0
0
VERTEX
8
0
10
25.5335070720958
20
56.0336989666474
30
0
0
VERTEX
8
0
10
25.7284193398217
20
56.17147003701
30
0
0
VERTEX
8
0
10
25.9233316075476
20
56.3093336656091
30
0
0
VERTEX
8
0
10
26.1182438752736
20
56.4472891742679
30
0
0
VERTEX
8
0
10
26.3131561429995
20
56.5853358909736
30
0
0
VERTEX
8
0
10
26.5080684107254
20
56.7234731498127
30
0
0
VERTEX
8
0
10
26.7029806784513
20
56.8617002909083
30
0
0
VERTEX
8
0
10
26.8978929461773
20
57.0000166603571
30
0
0
VERTEX
8
0
10
27.0928052139032
20
57.1384216101674
30
0
0
VERTEX
8
0
10
27.2877174816291
20
57.277095035921
30
0
0
VERTEX
8
0
10
27.482629749355
20
57.4318874039952
30
0
0
VERTEX
8
0
10
27.6775420170809
20
57.5939417822881
30
0
0
VERTEX
8
0
10
27.8724542848069
20
57.7560790092892
30
0
0
VERTEX
8
0
10
28.0673665525328
20
57.9182983892153
30
0
0
VERTEX
8
0
10
28.2622788202587
20
58.080599233706
30
0
0
VERTEX
8
0
10
28.4571910879846
20
58.2429808617298
30
0
0
VERTEX
8
0
10
28.6521033557106
20
58.4054425994918
30
0
0
VERTEX
8
0
10
28.8470156234365
20
58.5679837803429
30
0
0
VERTEX
8
0
10
29.0419278911624
20
58.7306037446896
30
0
0
VERTEX
8
0
10
29.2368401588883
20
58.8933018399058
30
0
0
VERTEX
8
0
10
29.4317524266142
20
59.0560774202454
30
0
0
VERTEX
8
0
10
29.6266646943402
20
59.2189298467563
30
0
0
VERTEX
8
0
10
29.8215769620661
20
59.3818584871956
30
0
0
VERTEX
8
0
10
30.016489229792
20
59.5445575414596
30
0
0
VERTEX
8
0
10
30.2114014975179
20
59.7064980740525
30
0
0
VERTEX
8
0
10
30.4063137652439
20
59.8686243342555
30
0
0
VERTEX
8
0
10
30.6012260329698
20
60.0308211230984
30
0
0
VERTEX
8
0
10
30.7961383006957
20
60.1930878704401
30
0
0
VERTEX
8
0
10
30.9910505684216
20
60.355424012026
30
0
0
VERTEX
8
0
10
31.1859628361475
20
60.5178289894163
30
0
0
VERTEX
8
0
10
31.3808751038735
20
60.6803022499136
30
0
0
VERTEX
8
0
10
31.5757873715994
20
60.8428432464933
30
0
0
VERTEX
8
0
10
31.7706996393253
20
61.0054514377337
30
0
0
VERTEX
8
0
10
31.9656119070512
20
61.1681262877479
30
0
0
VERTEX
8
0
10
32.1605241747772
20
61.3308672661158
30
0
0
VERTEX
8
0
10
32.3554364425031
20
61.4936738478179
30
0
0
VERTEX
8
0
10
32.550348710229
20
61.6561416024772
30
0
0
VERTEX
8
0
10
32.7452609779549
20
61.8304650971347
30
0
0
VERTEX
8
0
10
32.9401732456808
20
62.0128699318196
30
0
0
VERTEX
8
0
10
33.1350855134068
20
62.1953263015371
30
0
0
VERTEX
8
0
10
33.3299977811327
20
62.3778337540643
30
0
0
VERTEX
8
0
10
33.5249100488586
20
62.5603918423296
30
0
0
VERTEX
8
0
10
33.7198223165845
20
62.7430001243412
30
0
0
VERTEX
8
0
10
33.9147345843105
20
62.9256581631171
30
0
0
VERTEX
8
0
10
34.1096468520364
20
63.1083655266159
30
0
0
VERTEX
8
0
10
34.3045591197623
20
63.2911217876693
30
0
0
VERTEX
8
0
10
34.4994713874882
20
63.4739265239147
30
0
0
VERTEX
8
0
10
34.6943836552141
20
63.6567793177301
30
0
0
VERTEX
8
0
10
34.8892959229401
20
63.8396797561687
30
0
0
VERTEX
8
0
10
35.084208190666
20
64.0226274308957
30
0
0
VERTEX
8
0
10
35.2791204583919
20
64.2061285934321
30
0
0
VERTEX
8
0
10
35.4740327261178
20
64.4288035453643
30
0
0
VERTEX
8
0
10
35.6689449938438
20
64.6496538870366
30
0
0
VERTEX
8
0
10
35.8638572615697
20
64.8705435720038
30
0
0
VERTEX
8
0
10
36.0587695292956
20
65.0914721997283
30
0
0
VERTEX
8
0
10
36.2536817970215
20
65.3124393750219
30
0
0
VERTEX
8
0
10
36.4485940647474
20
65.5334447079578
30
0
0
VERTEX
8
0
10
36.6435063324734
20
65.7544878137847
30
0
0
VERTEX
8
0
10
36.8384186001993
20
65.9755683128422
30
0
0
VERTEX
8
0
10
37.0333308679252
20
66.196685830478
30
0
0
VERTEX
8
0
10
37.2282431356511
20
66.4178399969665
30
0
0
VERTEX
8
0
10
37.4231554033771
20
66.6390304474294
30
0
0
VERTEX
8
0
10
37.618067671103
20
66.8602568217574
30
0
0
VERTEX
8
0
10
37.8129799388289
20
67.0813136503302
30
0
0
VERTEX
8
0
10
38.0078922065548
20
67.2927787659562
30
0
0
VERTEX
8
0
10
38.2028044742807
20
67.5052927693763
30
0
0
VERTEX
8
0
10
38.3977167420067
20
67.7178412139352
30
0
0
VERTEX
8
0
10
38.5926290097326
20
67.9304237763426
30
0
0
VERTEX
8
0
10
38.7875412774585
20
68.1430401372912
30
0
0
VERTEX
8
0
10
38.9824535451844
20
68.3556899813959
30
0
0
VERTEX
8
0
10
39.1773658129104
20
68.5683729971345
30
0
0
VERTEX
8
0
10
39.3722780806363
20
68.7810888767898
30
0
0
VERTEX
8
0
10
39.5671903483622
20
68.9938373163921
30
0
0
VERTEX
8
0
10
39.7621026160881
20
69.2066180156633
30
0
0
VERTEX
8
0
10
39.957014883814
20
69.4194306779617
30
0
0
VERTEX
8
0
10
40.1519271515399
20
69.6322750102275
30
0
0
VERTEX
8
0
10
40.3468394192659
20
69.8299933088217
30
0
0
VERTEX
8
0
10
40.5417516869918
20
70.0259649782533
30
0
0
VERTEX
8
0
10
40.7366639547177
20
70.221682654058
30
0
0
VERTEX
8
0
10
40.9315762224436
20
70.4174490187045
30
0
0
VERTEX
8
0
10
41.1264884901695
20
70.613263667242
30
0
0
VERTEX
8
0
10
41.3214007578954
20
70.8091261990993
30
0
0
VERTEX
8
0
10
41.5163130256214
20
71.005036218028
30
0
0
VERTEX
8
0
10
41.7112252933473
20
71.200993332045
30
0
0
VERTEX
8
0
10
41.9061375610732
20
71.396997153377
30
0
0
VERTEX
8
0
10
42.1010498287991
20
71.5930472984052
30
0
0
VERTEX
8
0
10
42.295962096525
20
71.7891433876113
30
0
0
VERTEX
8
0
10
42.490874364251
20
71.9852850455237
30
0
0
VERTEX
8
0
10
42.6857866319769
20
72.1814719006653
30
0
0
VERTEX
8
0
10
42.8806988997028
20
72.3304943806763
30
0
0
VERTEX
8
0
10
43.0756111674287
20
72.4730694116083
30
0
0
VERTEX
8
0
10
43.2705234351546
20
72.6159358573711
30
0
0
VERTEX
8
0
10
43.4654357028805
20
72.7588702097063
30
0
0
VERTEX
8
0
10
43.6603479706065
20
72.9018720691929
30
0
0
VERTEX
8
0
10
43.8552602383324
20
73.0449410393496
30
0
0
VERTEX
8
0
10
44.0501725060583
20
73.1880767266102
30
0
0
VERTEX
8
0
10
44.2450847737842
20
73.3312787402983
30
0
0
VERTEX
8
0
10
44.4399970415101
20
73.4745466926029
30
0
0
VERTEX
8
0
10
44.6349093092361
20
73.6178801985541
30
0
0
VERTEX
8
0
10
44.829821576962
20
73.7612788759988
30
0
0
VERTEX
8
0
10
45.0247338446879
20
73.9047423455768
30
0
0
VERTEX
8
0
10
45.2196461124138
20
74.048270230697
30
0
0
VERTEX
8
0
10
45.4145583801397
20
74.1918621575142
30
0
0
VERTEX
8
0
10
45.6094706478656
20
74.2048798058077
30
0
0
VERTEX
8
0
10
45.8043829155916
20
74.2488114106252
30
0
0
VERTEX
8
0
10
45.9992951833175
20
74.2929466212011
30
0
0
VERTEX
8
0
10
46.1942074510434
20
74.3371760896122
30
0
0
VERTEX
8
0
10
46.3891197187693
20
74.3814996477129
30
0
0
VERTEX
8
0
10
46.5840319864952
20
74.425917127401
30
0
0
VERTEX
8
0
10
46.7789442542211
20
74.4704283606193
30
0
0
VERTEX
8
0
10
46.9738565219471
20
74.515033179358
30
0
0
VERTEX
8
0
10
47.168768789673
20
74.5597314156567
30
0
0
VERTEX
8
0
10
47.3636810573989
20
74.6045229016058
30
0
0
VERTEX
8
0
10
47.5585933251248
20
74.6494074693492
30
0
0
VERTEX
8
0
10
47.7535055928507
20
74.6943849510855
30
0
0
VERTEX
8
0
10
47.9484178605767
20
74.7394551790706
30
0
0
VERTEX
8
0
10
48.1433301283026
20
74.7570811567561
30
0
0
VERTEX
8
0
10
48.3382423960285
20
74.768353191696
30
0
0
VERTEX
8
0
10
48.5331546637544
20
74.7808905351143
30
0
0
VERTEX
8
0
10
48.7280669314803
20
74.7935672475961
30
0
0
VERTEX
8
0
10
48.9229791992062
20
74.8063832582889
30
0
0
VERTEX
8
0
10
49.1178914669322
20
74.8193384956104
30
0
0
VERTEX
8
0
10
49.3128037346581
20
74.8324328872504
30
0
0
VERTEX
8
0
10
49.507716002384
20
74.8456663601731
30
0
0
VERTEX
8
0
10
49.7026282701099
20
74.8590388406185
30
0
0
VERTEX
8
0
10
49.8975405378358
20
74.8725502541053
30
0
0
VERTEX
8
0
10
50.0924528055617
20
74.8862005254319
30
0
0
VERTEX
8
0
10
50.2873650732877
20
74.8999895786792
30
0
0
VERTEX
8
0
10
50.4822773410136
20
74.9139173372125
30
0
0
VERTEX
8
0
10
50.6771896087395
20
74.9279837236834
30
0
0
VERTEX
8
0
10
50.8721018764654
20
74.950862171812
30
0
0
VERTEX
8
0
10
51.0670141441913
20
74.9755335599703
30
0
0
VERTEX
8
0
10
51.2619264119173
20
75.0003758501179
30
0
0
VERTEX
8
0
10
51.4568386796432
20
75.0253894904246
30
0
0
VERTEX
8
0
10
51.6517509473691
20
75.0505743095623
30
0
0
VERTEX
8
0
10
51.846663215095
20
75.0759301352609
30
0
0
VERTEX
8
0
10
52.0415754828209
20
75.1014567943144
30
0
0
VERTEX
8
0
10
52.2364877505469
20
75.1271541125857
30
0
0
VERTEX
8
0
10
52.4314000182728
20
75.1530219150127
30
0
0
VERTEX
8
0
10
52.6263122859987
20
75.1790600256135
30
0
0
VERTEX
8
0
10
52.8212245537246
20
75.2052682674921
30
0
0
VERTEX
8
0
10
53.0161368214505
20
75.2316464628441
30
0
0
VERTEX
8
0
10
53.2110490891764
20
75.258194432962
30
0
0
VERTEX
8
0
10
53.4059613569024
20
75.2955752155644
30
0
0
VERTEX
8
0
10
53.6008736246283
20
75.3380219786039
30
0
0
VERTEX
8
0
10
53.7957858923542
20
75.3827621117875
30
0
0
VERTEX
8
0
10
53.9906981600801
20
75.4270121892991
30
0
0
VERTEX
8
0
10
54.185610427806
20
75.4714346651296
30
0
0
VERTEX
8
0
10
54.3805226955319
20
75.5160292350378
30
0
0
VERTEX
8
0
10
54.5754349632579
20
75.5607955943237
30
0
0
VERTEX
8
0
10
54.7703472309838
20
75.6057334378363
30
0
0
VERTEX
8
0
10
54.9652594987097
20
75.6508424599825
30
0
0
VERTEX
8
0
10
55.1601717664356
20
75.6961223547344
30
0
0
VERTEX
8
0
10
55.3550840341615
20
75.7415728156385
30
0
0
VERTEX
8
0
10
55.5499963018875
20
75.7871935358233
30
0
0
VERTEX
8
0
10
55.7449085696134
20
75.8329842080076
30
0
0
VERTEX
8
0
10
55.9398208373393
20
75.8789445245085
30
0
0
VERTEX
8
0
10
56.1347331050652
20
75.9259549407602
30
0
0
VERTEX
8
0
10
56.3296453727911
20
75.9711900075712
30
0
0
VERTEX
8
0
10
56.524557640517
20
76.01638442006
30
0
0
VERTEX
8
0
10
56.719469908243
20
76.0617265559184
30
0
0
VERTEX
8
0
10
56.9143821759689
20
76.1072161511206
30
0
0
VERTEX
8
0
10
57.1092944436948
20
76.1528529414138
30
0
0
VERTEX
8
0
10
57.3042067114207
20
76.1986366623243
30
0
0
VERTEX
8
0
10
57.4991189791466
20
76.2445670491633
30
0
0
VERTEX
8
0
10
57.6940312468725
20
76.2906438370323
30
0
0
VERTEX
8
0
10
57.8889435145985
20
76.3368667608292
30
0
0
VERTEX
8
0
10
58.0838557823244
20
76.3832355552538
30
0
0
VERTEX
8
0
10
58.2787680500503
20
76.4297499548134
30
0
0
VERTEX
8
0
10
58.4736803177762
20
76.4764096938287
30
0
0
VERTEX
8
0
10
58.6685925855021
20
76.5154788812937
30
0
0
VERTEX
8
0
10
58.8635048532281
20
76.5493509160611
30
0
0
VERTEX
8
0
10
59.058417120954
20
76.5833789075106
30
0
0
VERTEX
8
0
10
59.2533293886799
20
76.6175626478481
30
0
0
VERTEX
8
0
10
59.4482416564058
20
76.6519019286998
30
0
0
VERTEX
8
0
10
59.6431539241317
20
76.6863965411182
30
0
0
VERTEX
8
0
10
59.8380661918576
20
76.7210462755869
30
0
0
VERTEX
8
0
10
60.0329784595836
20
76.7558509220267
30
0
0
VERTEX
8
0
10
60.2278907273095
20
76.7908102698007
30
0
0
VERTEX
8
0
10
60.4228029950354
20
76.8259241077203
30
0
0
VERTEX
8
0
10
60.6177152627613
20
76.8611922240501
30
0
0
VERTEX
8
0
10
60.8126275304872
20
76.8966144065138
30
0
0
VERTEX
8
0
10
61.0075397982132
20
76.9321904422997
30
0
0
VERTEX
8
0
10
61.2024520659391
20
76.967920118066
30
0
0
VERTEX
8
0
10
61.397364333665
20
76.9782435421794
30
0
0
VERTEX
8
0
10
61.5922766013909
20
76.9873458252832
30
0
0
VERTEX
8
0
10
61.7871888691168
20
76.9960289248157
30
0
0
VERTEX
8
0
10
61.9821011368427
20
77.0048621621555
30
0
0
VERTEX
8
0
10
62.1770134045687
20
77.0138454856416
30
0
0
VERTEX
8
0
10
62.3719256722946
20
77.0229788427598
30
0
0
VERTEX
8
0
10
62.5668379400205
20
77.0322621801435
30
0
0
VERTEX
8
0
10
62.7617502077464
20
77.0416954435761
30
0
0
VERTEX
8
0
10
62.9566624754723
20
77.0512785779918
30
0
0
VERTEX
8
0
10
63.1515747431982
20
77.0610115274779
30
0
0
VERTEX
8
0
10
63.3464870109242
20
77.0708942352759
30
0
0
VERTEX
8
0
10
63.5413992786501
20
77.0809266437832
30
0
0
VERTEX
8
0
10
63.736311546376
20
77.0911086945551
30
0
0
VERTEX
8
0
10
63.9312238141019
20
77.1014403283061
30
0
0
VERTEX
8
0
10
64.1261360818278
20
77.0868929212484
30
0
0
VERTEX
8
0
10
64.3210483495537
20
77.0794655113714
30
0
0
VERTEX
8
0
10
64.5159606172797
20
77.0724810358378
30
0
0
VERTEX
8
0
10
64.7108728850056
20
77.0656542373381
30
0
0
VERTEX
8
0
10
64.9057851527315
20
77.0589851577789
30
0
0
VERTEX
8
0
10
65.1006974204574
20
77.0524738381131
30
0
0
VERTEX
8
0
10
65.2956096881833
20
77.0461203183386
30
0
0
VERTEX
8
0
10
65.4905219559093
20
77.0399246374969
30
0
0
VERTEX
8
0
10
65.6854342236352
20
77.0338868336718
30
0
0
VERTEX
8
0
10
65.8803464913611
20
77.0280069439889
30
0
0
VERTEX
8
0
10
66.075258759087
20
77.0222850046135
30
0
0
VERTEX
8
0
10
66.2701710268129
20
77.0167210507505
30
0
0
VERTEX
8
0
10
66.4650832945389
20
77.0113151166424
30
0
0
VERTEX
8
0
10
66.6599955622648
20
77.0039153975036
30
0
0
VERTEX
8
0
10
66.8549078299907
20
76.9955450222293
30
0
0
VERTEX
8
0
10
67.0498200977166
20
76.9869276780816
30
0
0
VERTEX
8
0
10
67.2447323654425
20
76.9784602512616
30
0
0
VERTEX
8
0
10
67.4396446331684
20
76.970142791246
30
0
0
VERTEX
8
0
10
67.6345569008944
20
76.9619753466566
30
0
0
VERTEX
8
0
10
67.8294691686203
20
76.9539579652587
30
0
0
VERTEX
8
0
10
68.0243814363462
20
76.9460906939597
30
0
0
VERTEX
8
0
10
68.2192937040721
20
76.9383735788079
30
0
0
VERTEX
8
0
10
68.414205971798
20
76.9308066649907
30
0
0
VERTEX
8
0
10
68.609118239524
20
76.9233899968338
30
0
0
VERTEX
8
0
10
68.8040305072499
20
76.9161236177998
30
0
0
VERTEX
8
0
10
68.9989427749758
20
76.9090075704866
30
0
0
VERTEX
8
0
10
69.1938550427017
20
76.9020418966267
30
0
0
VERTEX
8
0
10
69.3887673104276
20
76.892072851096
30
0
0
VERTEX
8
0
10
69.5836795781535
20
76.8835136768541
30
0
0
VERTEX
8
0
10
69.7785918458795
20
76.8750585066507
30
0
0
VERTEX
8
0
10
69.9735041136054
20
76.8667585246589
30
0
0
VERTEX
8
0
10
70.1684163813313
20
76.8586137811551
30
0
0
VERTEX
8
0
10
70.3633286490572
20
76.8506243254965
30
0
0
VERTEX
8
0
10
70.5582409167831
20
76.8427902061196
30
0
0
VERTEX
8
0
10
70.753153184509
20
76.8351114705387
30
0
0
VERTEX
8
0
10
70.948065452235
20
76.8275881653447
30
0
0
VERTEX
8
0
10
71.1429777199609
20
76.8202203362031
30
0
0
VERTEX
8
0
10
71.3378899876868
20
76.8130080278533
30
0
0
VERTEX
8
0
10
71.5328022554127
20
76.8059512841069
30
0
0
VERTEX
8
0
10
71.7277145231386
20
76.7990501478465
30
0
0
VERTEX
8
0
10
71.9226267908646
20
76.7948520997506
30
0
0
VERTEX
8
0
10
72.1175390585905
20
76.7754431229065
30
0
0
VERTEX
8
0
10
72.3124513263164
20
76.7466222699353
30
0
0
VERTEX
8
0
10
72.5073635940423
20
76.7178313536853
30
0
0
VERTEX
8
0
10
72.7022758617682
20
76.6890704078735
30
0
0
VERTEX
8
0
10
72.8971881294941
20
76.6603394662321
30
0
0
VERTEX
8
0
10
73.0921003972201
20
76.631638562509
30
0
0
VERTEX
8
0
10
73.287012664946
20
76.6029677304671
30
0
0
VERTEX
8
0
10
73.4819249326719
20
76.5743270038845
30
0
0
VERTEX
8
0
10
73.6768372003978
20
76.5457164165547
30
0
0
VERTEX
8
0
10
73.8717494681237
20
76.5171360022856
30
0
0
VERTEX
8
0
10
74.0666617358497
20
76.4885857949003
30
0
0
VERTEX
8
0
10
74.2615740035756
20
76.4600658282367
30
0
0
VERTEX
8
0
10
74.4564862713015
20
76.431576136147
30
0
0
VERTEX
8
0
10
74.6513985390274
20
76.4040867112778
30
0
0
VERTEX
8
0
10
74.8463108067533
20
76.3688531661086
30
0
0
VERTEX
8
0
10
75.0412230744792
20
76.33418014877
30
0
0
VERTEX
8
0
10
75.2361353422052
20
76.2995201860489
30
0
0
VERTEX
8
0
10
75.4310476099311
20
76.264873295744
30
0
0
VERTEX
8
0
10
75.625959877657
20
76.2302394956798
30
0
0
VERTEX
8
0
10
75.8208721453829
20
76.1956188037062
30
0
0
VERTEX
8
0
10
76.0157844131088
20
76.161011237699
30
0
0
VERTEX
8
0
10
76.2106966808347
20
76.1264168155597
30
0
0
VERTEX
8
0
10
76.4056089485607
20
76.0918355552154
30
0
0
VERTEX
8
0
10
76.6005212162866
20
76.0572674746191
30
0
0
VERTEX
8
0
10
76.7954334840125
20
76.0227125917496
30
0
0
VERTEX
8
0
10
76.9903457517384
20
75.9881709246116
30
0
0
VERTEX
8
0
10
77.1852580194643
20
75.9502603500876
30
0
0
VERTEX
8
0
10
77.3801702871903
20
75.9097740573106
30
0
0
VERTEX
8
0
10
77.5750825549162
20
75.8679410873658
30
0
0
VERTEX
8
0
10
77.7699948226421
20
75.8261177538771
30
0
0
VERTEX
8
0
10
77.964907090368
20
75.784304072799
30
0
0
VERTEX
8
0
10
78.1598193580939
20
75.7425000601173
30
0
0
VERTEX
8
0
10
78.3547316258199
20
75.7007057318495
30
0
0
VERTEX
8
0
10
78.5496438935458
20
75.6589211040446
30
0
0
VERTEX
8
0
10
78.7445561612717
20
75.6171461927836
30
0
0
VERTEX
8
0
10
78.9394684289976
20
75.5753810141792
30
0
0
VERTEX
8
0
10
79.1343806967235
20
75.533625584376
30
0
0
VERTEX
8
0
10
79.3292929644494
20
75.4918799195505
30
0
0
VERTEX
8
0
10
79.5242052321754
20
75.4501440359111
30
0
0
VERTEX
8
0
10
79.7191174999013
20
75.4084179496987
30
0
0
VERTEX
8
0
10
79.9140297676272
20
75.3577372331993
30
0
0
VERTEX
8
0
10
80.1089420353531
20
75.3102658573531
30
0
0
VERTEX
8
0
10
80.303854303079
20
75.2628350427361
30
0
0
VERTEX
8
0
10
80.4987665708049
20
75.2154197720307
30
0
0
VERTEX
8
0
10
80.6936788385309
20
75.1680200746521
30
0
0
VERTEX
8
0
10
80.8885911062568
20
75.1206359800795
30
0
0
VERTEX
8
0
10
81.0835033739827
20
75.0732675178572
30
0
0
VERTEX
8
0
10
81.2784156417086
20
75.025914717594
30
0
0
VERTEX
8
0
10
81.4733279094345
20
74.978577608964
30
0
0
VERTEX
8
0
10
81.6682401771605
20
74.9312562217063
30
0
0
VERTEX
8
0
10
81.8631524448864
20
74.8839505856253
30
0
0
VERTEX
8
0
10
82.0580647126123
20
74.8366607305908
30
0
0
VERTEX
8
0
10
82.2529769803382
20
74.7893866865382
30
0
0
VERTEX
8
0
10
82.4478892480641
20
74.7377002862331
30
0
0
VERTEX
8
0
10
82.64280151579
20
74.6838438640078
30
0
0
VERTEX
8
0
10
82.837713783516
20
74.6357099379091
30
0
0
VERTEX
8
0
10
83.0326260512419
20
74.5858703230688
30
0
0
VERTEX
8
0
10
83.2275383189678
20
74.536059477459
30
0
0
VERTEX
8
0
10
83.4224505866937
20
74.4862774587957
30
0
0
VERTEX
8
0
10
83.6173628544196
20
74.4365243249162
30
0
0
VERTEX
8
0
10
83.8122751221456
20
74.3868001337786
30
0
0
VERTEX
8
0
10
84.0071873898715
20
74.3371049434624
30
0
0
VERTEX
8
0
10
84.2020996575974
20
74.2874388121686
30
0
0
VERTEX
8
0
10
84.3970119253233
20
74.2378017982199
30
0
0
VERTEX
8
0
10
84.5919241930492
20
74.1881939600609
30
0
0
VERTEX
8
0
10
84.7868364607751
20
74.138615356258
30
0
0
VERTEX
8
0
10
84.9817487285011
20
74.0890660455001
30
0
0
VERTEX
8
0
10
85.176660996227
20
74.0403679861945
30
0
0
VERTEX
8
0
10
85.3715732639529
20
73.9952082384016
30
0
0
VERTEX
8
0
10
85.5664855316788
20
73.9505298327464
30
0
0
VERTEX
8
0
10
85.7613977994047
20
73.9058926028717
30
0
0
VERTEX
8
0
10
85.9563100671306
20
73.8612966234299
30
0
0
VERTEX
8
0
10
86.1512223348566
20
73.8167419691847
30
0
0
VERTEX
8
0
10
86.3461346025825
20
73.7722287150111
30
0
0
VERTEX
8
0
10
86.5410468703084
20
73.7277569358949
30
0
0
VERTEX
8
0
10
86.7359591380343
20
73.6833267069336
30
0
0
VERTEX
8
0
10
86.9308714057602
20
73.6389381033351
30
0
0
VERTEX
8
0
10
87.1257836734862
20
73.5945912004186
30
0
0
VERTEX
8
0
10
87.3206959412121
20
73.5502860736139
30
0
0
VERTEX
8
0
10
87.515608208938
20
73.5060227984616
30
0
0
VERTEX
8
0
10
87.7105204766639
20
73.4651577668047
30
0
0
VERTEX
8
0
10
87.9054327443898
20
73.4268069643018
30
0
0
VERTEX
8
0
10
88.1003450121157
20
73.3894196934481
30
0
0
VERTEX
8
0
10
88.2952572798417
20
73.3518361000469
30
0
0
VERTEX
8
0
10
88.4901695475676
20
73.3142927657971
30
0
0
VERTEX
8
0
10
88.6850818152935
20
73.2767897525792
30
0
0
VERTEX
8
0
10
88.8799940830194
20
73.2393271223336
30
0
0
VERTEX
8
0
10
89.0749063507453
20
73.2019049370608
30
0
0
VERTEX
8
0
10
89.2698186184712
20
73.1645232588212
30
0
0
VERTEX
8
0
10
89.4647308861972
20
73.1271821497348
30
0
0
VERTEX
8
0
10
89.6596431539231
20
73.0898816719811
30
0
0
VERTEX
8
0
10
89.854555421649
20
73.0526218877989
30
0
0
VERTEX
8
0
10
90.0494676893749
20
73.015402859486
30
0
0
VERTEX
8
0
10
90.2443799571008
20
72.9782246493991
30
0
0
VERTEX
8
0
10
90.4392922248268
20
72.941833466998
30
0
0
VERTEX
8
0
10
90.6342044925527
20
72.9057419893448
30
0
0
VERTEX
8
0
10
90.8291167602786
20
72.8697632526001
30
0
0
VERTEX
8
0
10
91.0240290280045
20
72.8338261444959
30
0
0
VERTEX
8
0
10
91.2189412957304
20
72.7979307266829
30
0
0
VERTEX
8
0
10
91.4138535634563
20
72.7620770608618
30
0
0
VERTEX
8
0
10
91.6087658311823
20
72.726265208783
30
0
0
VERTEX
8
0
10
91.8036780989082
20
72.6904952322468
30
0
0
VERTEX
8
0
10
91.9985903666341
20
72.6547671931026
30
0
0
VERTEX
8
0
10
92.19350263436
20
72.619081153249
30
0
0
VERTEX
8
0
10
92.3884149020859
20
72.5834371746337
30
0
0
VERTEX
8
0
10
92.5833271698119
20
72.5478353192528
30
0
0
VERTEX
8
0
10
92.7782394375378
20
72.512275649151
30
0
0
VERTEX
8
0
10
92.9731517052637
20
72.4767582264209
30
0
0
VERTEX
8
0
10
93.1680639729896
20
72.4519757402919
30
0
0
VERTEX
8
0
10
93.3629762407155
20
72.4219573139385
30
0
0
VERTEX
8
0
10
93.5578885084415
20
72.3923307849727
30
0
0
VERTEX
8
0
10
93.7528007761674
20
72.3627373803076
30
0
0
VERTEX
8
0
10
93.9477130438933
20
72.3331771405992
30
0
0
VERTEX
8
0
10
94.1426253116192
20
72.3036501065246
30
0
0
VERTEX
8
0
10
94.3375375793451
20
72.2741563187814
30
0
0
VERTEX
8
0
10
94.532449847071
20
72.2446958180879
30
0
0
VERTEX
8
0
10
94.7273621147969
20
72.2152686451829
30
0
0
VERTEX
8
0
10
94.9222743825229
20
72.1858748408253
30
0
0
VERTEX
8
0
10
95.1171866502488
20
72.1565144457945
30
0
0
VERTEX
8
0
10
95.3120989179747
20
72.1271875008896
30
0
0
VERTEX
8
0
10
95.5070111857006
20
72.0978940469297
30
0
0
VERTEX
8
0
10
95.7019234534265
20
72.0719924909343
30
0
0
VERTEX
8
0
10
95.8968357211525
20
72.0458421188891
30
0
0
VERTEX
8
0
10
96.0917479888784
20
72.019504635563
30
0
0
VERTEX
8
0
10
96.2866602566043
20
71.9931964833803
30
0
0
VERTEX
8
0
10
96.4815725243302
20
71.9669176945079
30
0
0
VERTEX
8
0
10
96.6764847920561
20
71.9406683011236
30
0
0
VERTEX
8
0
10
96.8713970597821
20
71.9144483354163
30
0
0
VERTEX
8
0
10
97.066309327508
20
71.8882578295856
30
0
0
VERTEX
8
0
10
97.2612215952339
20
71.8620968158419
30
0
0
VERTEX
8
0
10
97.4561338629598
20
71.8359653264062
30
0
0
VERTEX
8
0
10
97.6510461306857
20
71.8098633935101
30
0
0
VERTEX
8
0
10
97.8459583984116
20
71.7837910493955
30
0
0
VERTEX
8
0
10
98.0408706661376
20
71.7577483263147
30
0
0
VERTEX
8
0
10
98.2357829338635
20
71.73173525653
30
0
0
VERTEX
8
0
10
98.4306952015894
20
71.7037666016171
30
0
0
VERTEX
8
0
10
98.6256074693153
20
71.6759539501703
30
0
0
VERTEX
8
0
10
98.8205197370412
20
71.6482291881056
30
0
0
VERTEX
8
0
10
99.0154320047671
20
71.6205342495402
30
0
0
VERTEX
8
0
10
99.2103442724931
20
71.5928691690848
30
0
0
VERTEX
8
0
10
99.405256540219
20
71.5652339813664
30
0
0
VERTEX
8
0
10
99.6001688079449
20
71.537628721028
30
0
0
VERTEX
8
0
10
99.7950810756708
20
71.5100534227283
30
0
0
VERTEX
8
0
10
99.9899933433967
20
71.4825081211422
30
0
0
VERTEX
8
0
10
100.184905611123
20
71.45499285096
30
0
0
VERTEX
8
0
10
100.379817878849
20
71.4275076468879
30
0
0
VERTEX
8
0
10
100.574730146574
20
71.4000525436473
30
0
0
VERTEX
8
0
10
100.7696424143
20
71.3726275759752
30
0
0
VERTEX
8
0
10
100.964554682026
20
71.3458316772939
30
0
0
VERTEX
8
0
10
101.159466949752
20
71.3198693953018
30
0
0
VERTEX
8
0
10
101.354379217478
20
71.2943814546328
30
0
0
VERTEX
8
0
10
101.549291485204
20
71.2689261203245
30
0
0
VERTEX
8
0
10
101.74420375293
20
71.2435034273276
30
0
0
VERTEX
8
0
10
101.939116020656
20
71.218113410598
30
0
0
VERTEX
8
0
10
102.134028288382
20
71.1927561050965
30
0
0
VERTEX
8
0
10
102.328940556108
20
71.1674315457886
30
0
0
VERTEX
8
0
10
102.523852823834
20
71.1421397676444
30
0
0
VERTEX
8
0
10
102.71876509156
20
71.1168808056385
30
0
0
VERTEX
8
0
10
102.913677359286
20
71.0916546947496
30
0
0
VERTEX
8
0
10
103.108589627011
20
71.0664614699609
30
0
0
VERTEX
8
0
10
103.303501894737
20
71.0413011662593
30
0
0
VERTEX
8
0
10
103.498414162463
20
71.0161738186356
30
0
0
VERTEX
8
0
10
103.693326430189
20
70.971826488429
30
0
0
VERTEX
8
0
10
103.888238697915
20
70.928633620957
30
0
0
VERTEX
8
0
10
104.083150965641
20
70.8856700664684
30
0
0
VERTEX
8
0
10
104.278063233367
20
70.8427430393307
30
0
0
VERTEX
8
0
10
104.472975501093
20
70.7998526059851
30
0
0
VERTEX
8
0
10
104.667887768819
20
70.7569988329774
30
0
0
VERTEX
8
0
10
104.862800036545
20
70.7141817869575
30
0
0
VERTEX
8
0
10
105.057712304271
20
70.6714015346798
30
0
0
VERTEX
8
0
10
105.252624571997
20
70.6286581430029
30
0
0
VERTEX
8
0
10
105.447536839722
20
70.5859516788897
30
0
0
VERTEX
8
0
10
105.642449107448
20
70.5432822094075
30
0
0
VERTEX
8
0
10
105.837361375174
20
70.5006498017275
30
0
0
VERTEX
8
0
10
106.0322736429
20
70.4580545231252
30
0
0
VERTEX
8
0
10
106.227185910626
20
70.4107561986286
30
0
0
VERTEX
8
0
10
106.422098178352
20
70.3625035152036
30
0
0
VERTEX
8
0
10
106.617010446078
20
70.3148642919926
30
0
0
VERTEX
8
0
10
106.811922713804
20
70.2672711668822
30
0
0
VERTEX
8
0
10
107.00683498153
20
70.2197242336049
30
0
0
VERTEX
8
0
10
107.201747249256
20
70.1722235860559
30
0
0
VERTEX
8
0
10
107.396659516982
20
70.1247693182935
30
0
0
VERTEX
8
0
10
107.591571784708
20
70.0773615245385
30
0
0
VERTEX
8
0
10
107.786484052433
20
70.0300002991746
30
0
0
VERTEX
8
0
10
107.981396320159
20
69.9826857367482
30
0
0
VERTEX
8
0
10
108.176308587885
20
69.9354179319682
30
0
0
VERTEX
8
0
10
108.371220855611
20
69.8881969797062
30
0
0
VERTEX
8
0
10
108.566133123337
20
69.8410229749959
30
0
0
VERTEX
8
0
10
108.761045391063
20
69.7938960130335
30
0
0
VERTEX
8
0
10
108.955957658789
20
69.7510191891422
30
0
0
VERTEX
8
0
10
109.150869926515
20
69.7055495083463
30
0
0
VERTEX
8
0
10
109.345782194241
20
69.6600567666502
30
0
0
VERTEX
8
0
10
109.540694461967
20
69.6146027952087
30
0
0
VERTEX
8
0
10
109.735606729693
20
69.5691876700151
30
0
0
VERTEX
8
0
10
109.930518997419
20
69.5238114671962
30
0
0
VERTEX
8
0
10
110.125431265144
20
69.4784742630122
30
0
0
VERTEX
8
0
10
110.32034353287
20
69.433176133857
30
0
0
VERTEX
8
0
10
110.515255800596
20
69.387917156258
30
0
0
VERTEX
8
0
10
110.710168068322
20
69.3426974068761
30
0
0
VERTEX
8
0
10
110.905080336048
20
69.2975169625059
30
0
0
VERTEX
8
0
10
111.099992603774
20
69.2523759000756
30
0
0
VERTEX
8
0
10
111.2949048715
20
69.2072742966466
30
0
0
VERTEX
8
0
10
111.489817139226
20
69.1603917017969
30
0
0
VERTEX
8
0
10
111.684729406952
20
69.1125862903099
30
0
0
VERTEX
8
0
10
111.879641674678
20
69.0648230753291
30
0
0
VERTEX
8
0
10
112.074553942404
20
69.0171021444606
30
0
0
VERTEX
8
0
10
112.26946621013
20
68.9694235854755
30
0
0
VERTEX
8
0
10
112.464378477855
20
68.9217874863095
30
0
0
VERTEX
8
0
10
112.659290745581
20
68.8741939350631
30
0
0
VERTEX
8
0
10
112.854203013307
20
68.826643020002
30
0
0
VERTEX
8
0
10
113.049115281033
20
68.7791348295567
30
0
0
VERTEX
8
0
10
113.244027548759
20
68.7316694523223
30
0
0
VERTEX
8
0
10
113.438939816485
20
68.6842469770594
30
0
0
VERTEX
8
0
10
113.633852084211
20
68.6368674926931
30
0
0
VERTEX
8
0
10
113.828764351937
20
68.5895310883137
30
0
0
VERTEX
8
0
10
114.023676619663
20
68.5422378531765
30
0
0
VERTEX
8
0
10
114.218588887389
20
68.509535285019
30
0
0
VERTEX
8
0
10
114.413501155115
20
68.4664117927092
30
0
0
VERTEX
8
0
10
114.608413422841
20
68.4220128063179
30
0
0
VERTEX
8
0
10
114.803325690566
20
68.3776264351845
30
0
0
VERTEX
8
0
10
114.998237958292
20
68.3332527038923
30
0
0
VERTEX
8
0
10
115.193150226018
20
68.288891637081
30
0
0
VERTEX
8
0
10
115.388062493744
20
68.2445432594475
30
0
0
VERTEX
8
0
10
115.58297476147
20
68.2002075957459
30
0
0
VERTEX
8
0
10
115.777887029196
20
68.1558846707877
30
0
0
VERTEX
8
0
10
115.972799296922
20
68.1115745094416
30
0
0
VERTEX
8
0
10
116.167711564648
20
68.0672771366341
30
0
0
VERTEX
8
0
10
116.362623832374
20
68.0229925773493
30
0
0
VERTEX
8
0
10
116.5575361001
20
67.9787208566292
30
0
0
VERTEX
8
0
10
116.752448367826
20
67.9363922604431
30
0
0
VERTEX
8
0
10
116.947360635552
20
67.8955921710085
30
0
0
VERTEX
8
0
10
117.142272903278
20
67.8531392664465
30
0
0
VERTEX
8
0
10
117.337185171003
20
67.8111070230826
30
0
0
VERTEX
8
0
10
117.532097438729
20
67.7690843572475
30
0
0
VERTEX
8
0
10
117.727009706455
20
67.7270712867689
30
0
0
VERTEX
8
0
10
117.921921974181
20
67.6850678295149
30
0
0
VERTEX
8
0
10
118.116834241907
20
67.6430740033936
30
0
0
VERTEX
8
0
10
118.311746509633
20
67.6010898263535
30
0
0
VERTEX
8
0
10
118.506658777359
20
67.5591153163839
30
0
0
VERTEX
8
0
10
118.701571045085
20
67.5171504915142
30
0
0
VERTEX
8
0
10
118.896483312811
20
67.475195369815
30
0
0
VERTEX
8
0
10
119.091395580537
20
67.4332499693973
30
0
0
VERTEX
8
0
10
119.286307848263
20
67.3913143084132
30
0
0
VERTEX
8
0
10
119.481220115989
20
67.3493884050556
30
0
0
VERTEX
8
0
10
119.676132383714
20
67.3074722775587
30
0
0
VERTEX
8
0
10
119.87104465144
20
67.2655659441978
30
0
0
VERTEX
8
0
10
120.065956919166
20
67.2236694232895
30
0
0
VERTEX
8
0
10
120.260869186892
20
67.1817827331918
30
0
0
VERTEX
8
0
10
120.455781454618
20
67.1399058923042
30
0
0
VERTEX
8
0
10
120.650693722344
20
67.0980389190678
30
0
0
VERTEX
8
0
10
120.84560599007
20
67.0561818319653
30
0
0
VERTEX
8
0
10
121.040518257796
20
67.0143346495215
30
0
0
VERTEX
8
0
10
121.235430525522
20
66.9724973903027
30
0
0
VERTEX
8
0
10
121.430342793248
20
66.9306700729176
30
0
0
VERTEX
8
0
10
121.625255060974
20
66.8888527160168
30
0
0
VERTEX
8
0
10
121.8201673287
20
66.8470453382931
30
0
0
VERTEX
8
0
10
122.015079596425
20
66.8052479584818
30
0
0
VERTEX
8
0
10
122.209991864151
20
66.7674777757469
30
0
0
VERTEX
8
0
10
122.404904131877
20
66.7294871316886
30
0
0
VERTEX
8
0
10
122.599816399603
20
66.6913071426271
30
0
0
VERTEX
8
0
10
122.794728667329
20
66.6531369688655
30
0
0
VERTEX
8
0
10
122.989640935055
20
66.6149766272762
30
0
0
VERTEX
8
0
10
123.184553202781
20
66.5768261347661
30
0
0
VERTEX
8
0
10
123.379465470507
20
66.5386855082762
30
0
0
VERTEX
8
0
10
123.574377738233
20
66.5005547647821
30
0
0
VERTEX
8
0
10
123.769290005959
20
66.4624339212941
30
0
0
VERTEX
8
0
10
123.964202273685
20
66.424322994857
30
0
0
VERTEX
8
0
10
124.159114541411
20
66.3862220025502
30
0
0
VERTEX
8
0
10
124.354026809136
20
66.348130961488
30
0
0
VERTEX
8
0
10
124.548939076862
20
66.3100498888196
30
0
0
VERTEX
8
0
10
124.743851344588
20
66.2801397454573
30
0
0
VERTEX
8
0
10
124.938763612314
20
66.2477148646414
30
0
0
VERTEX
8
0
10
125.13367588004
20
66.2138235783774
30
0
0
VERTEX
8
0
10
125.328588147766
20
66.1799347229027
30
0
0
VERTEX
8
0
10
125.523500415492
20
66.1460483019535
30
0
0
VERTEX
8
0
10
125.718412683218
20
66.1121643192733
30
0
0
VERTEX
8
0
10
125.913324950944
20
66.078282778613
30
0
0
VERTEX
8
0
10
126.10823721867
20
66.0444036837309
30
0
0
VERTEX
8
0
10
126.303149486396
20
66.0105270383929
30
0
0
VERTEX
8
0
10
126.498061754122
20
65.9766528463722
30
0
0
VERTEX
8
0
10
126.692974021847
20
65.9427811114496
30
0
0
VERTEX
8
0
10
126.887886289573
20
65.9089118374132
30
0
0
VERTEX
8
0
10
127.082798557299
20
65.8750450280589
30
0
0
VERTEX
8
0
10
127.277710825025
20
65.8411806871899
30
0
0
VERTEX
8
0
10
127.472623092751
20
65.8110612613384
30
0
0
VERTEX
8
0
10
127.667535360477
20
65.7755166133197
30
0
0
VERTEX
8
0
10
127.862447628203
20
65.740517104791
30
0
0
VERTEX
8
0
10
128.057359895929
20
65.7055179637377
30
0
0
VERTEX
8
0
10
128.252272163655
20
65.670519190747
30
0
0
VERTEX
8
0
10
128.447184431381
20
65.635520786408
30
0
0
VERTEX
8
0
10
128.642096699107
20
65.6005227513105
30
0
0
VERTEX
8
0
10
128.837008966833
20
65.5655250860458
30
0
0
VERTEX
8
0
10
129.031921234558
20
65.5305277912066
30
0
0
VERTEX
8
0
10
129.226833502284
20
65.4955308673866
30
0
0
VERTEX
8
0
10
129.42174577001
20
65.460534315181
30
0
0
VERTEX
8
0
10
129.616658037736
20
65.4255381351859
30
0
0
VERTEX
8
0
10
129.811570305462
20
65.3905423279991
30
0
0
VERTEX
8
0
10
130.006482573188
20
65.3566718392299
30
0
0
VERTEX
8
0
10
130.201394840914
20
65.3227836993054
30
0
0
VERTEX
8
0
10
130.39630710864
20
65.2887211069149
30
0
0
VERTEX
8
0
10
130.591219376366
20
65.2546586921769
30
0
0
VERTEX
8
0
10
130.786131644092
20
65.2205964553698
30
0
0
VERTEX
8
0
10
130.981043911818
20
65.1865343967725
30
0
0
VERTEX
8
0
10
131.175956179544
20
65.1524725166646
30
0
0
VERTEX
8
0
10
131.37086844727
20
65.1184108153261
30
0
0
VERTEX
8
0
10
131.565780714995
20
65.0843492930377
30
0
0
VERTEX
8
0
10
131.760692982721
20
65.0502879500807
30
0
0
VERTEX
8
0
10
131.955605250447
20
65.0162267867369
30
0
0
VERTEX
8
0
10
132.150517518173
20
64.9821658032887
30
0
0
VERTEX
8
0
10
132.345429785899
20
64.9481050000193
30
0
0
VERTEX
8
0
10
132.540342053625
20
64.9140443772121
30
0
0
VERTEX
8
0
10
132.735254321351
20
64.877371598485
30
0
0
VERTEX
8
0
10
132.930166589077
20
64.8408175175323
30
0
0
VERTEX
8
0
10
133.125078856803
20
64.8042840095509
30
0
0
VERTEX
8
0
10
133.319991124529
20
64.7677507538867
30
0
0
VERTEX
8
0
10
133.514903392255
20
64.7312177509668
30
0
0
VERTEX
8
0
10
133.709815659981
20
64.6946850012196
30
0
0
VERTEX
8
0
10
133.904727927706
20
64.6581525050741
30
0
0
VERTEX
8
0
10
134.099640195432
20
64.6216202629603
30
0
0
VERTEX
8
0
10
134.294552463158
20
64.5850882753095
30
0
0
VERTEX
8
0
10
134.489464730884
20
64.5485565425537
30
0
0
VERTEX
8
0
10
134.68437699861
20
64.5120250651258
30
0
0
VERTEX
8
0
10
134.879289266336
20
64.4754938434599
30
0
0
VERTEX
8
0
10
135.074201534062
20
64.4389628779909
30
0
0
VERTEX
8
0
10
135.269113801788
20
64.398447339677
30
0
0
VERTEX
8
0
10
135.464026069514
20
64.3540986744207
30
0
0
VERTEX
8
0
10
135.65893833724
20
64.3073793386591
30
0
0
VERTEX
8
0
10
135.853850604966
20
64.2606600029184
30
0
0
VERTEX
8
0
10
136.048762872692
20
64.2139406671986
30
0
0
VERTEX
8
0
10
136.243675140417
20
64.1672213314999
30
0
0
VERTEX
8
0
10
136.438587408143
20
64.1205019958222
30
0
0
VERTEX
8
0
10
136.633499675869
20
64.0737826601655
30
0
0
VERTEX
8
0
10
136.828411943595
20
64.02706332453
30
0
0
VERTEX
8
0
10
137.023324211321
20
63.9803439889157
30
0
0
VERTEX
8
0
10
137.218236479047
20
63.9336246533226
30
0
0
VERTEX
8
0
10
137.413148746773
20
63.8869053177508
30
0
0
VERTEX
8
0
10
137.608061014499
20
63.8401859822003
30
0
0
VERTEX
8
0
10
137.802973282225
20
63.7934666466712
30
0
0
VERTEX
8
0
10
137.997885549951
20
63.745940847424
30
0
0
VERTEX
8
0
10
138.192797817677
20
63.6997747241069
30
0
0
VERTEX
8
0
10
138.387710085403
20
63.6536689487121
30
0
0
VERTEX
8
0
10
138.582622353128
20
63.6075632726061
30
0
0
VERTEX
8
0
10
138.777534620854
20
63.5614576960052
30
0
0
VERTEX
8
0
10
138.97244688858
20
63.515352219126
30
0
0
VERTEX
8
0
10
139.167359156306
20
63.4692468421858
30
0
0
VERTEX
8
0
10
139.362271424032
20
63.4231415654026
30
0
0
VERTEX
8
0
10
139.557183691758
20
63.3770363889949
30
0
0
VERTEX
8
0
10
139.752095959484
20
63.330931313182
30
0
0
VERTEX
8
0
10
139.94700822721
20
63.2848263381837
30
0
0
VERTEX
8
0
10
140.141920494936
20
63.2387214642206
30
0
0
VERTEX
8
0
10
140.336832762662
20
63.1926166915138
30
0
0
VERTEX
8
0
10
140.531745030388
20
63.1469461544633
30
0
0
VERTEX
8
0
10
140.726657298114
20
63.101521911358
30
0
0
VERTEX
8
0
10
140.921569565839
20
63.0542760616766
30
0
0
VERTEX
8
0
10
141.116481833565
20
63.007556753003
30
0
0
VERTEX
8
0
10
141.311394101291
20
62.960837444391
30
0
0
VERTEX
8
0
10
141.506306369017
20
62.9141181358406
30
0
0
VERTEX
8
0
10
141.701218636743
20
62.8673988273521
30
0
0
VERTEX
8
0
10
141.896130904469
20
62.8206795189255
30
0
0
VERTEX
8
0
10
142.091043172195
20
62.773960210561
30
0
0
VERTEX
8
0
10
142.285955439921
20
62.7272409022587
30
0
0
VERTEX
8
0
10
142.480867707647
20
62.6805215940188
30
0
0
VERTEX
8
0
10
142.675779975373
20
62.6338022858413
30
0
0
VERTEX
8
0
10
142.870692243099
20
62.5870829777266
30
0
0
VERTEX
8
0
10
143.065604510825
20
62.5403636696746
30
0
0
VERTEX
8
0
10
143.260516778551
20
62.494386770341
30
0
0
VERTEX
8
0
10
143.455429046276
20
62.4476055699534
30
0
0
VERTEX
8
0
10
143.650341314002
20
62.4007032811243
30
0
0
VERTEX
8
0
10
143.845253581728
20
62.3538010403914
30
0
0
VERTEX
8
0
10
144.040165849454
20
62.3068988478634
30
0
0
VERTEX
8
0
10
144.23507811718
20
62.2599967036492
30
0
0
VERTEX
8
0
10
144.429990384906
20
62.213094607858
30
0
0
VERTEX
8
0
10
144.624902652632
20
62.1661925605996
30
0
0
VERTEX
8
0
10
144.819814920358
20
62.1192905619838
30
0
0
VERTEX
8
0
10
145.014727188084
20
62.0723886121209
30
0
0
VERTEX
8
0
10
145.20963945581
20
62.0254867111215
30
0
0
VERTEX
8
0
10
145.404551723536
20
61.9785848590964
30
0
0
VERTEX
8
0
10
145.599463991262
20
61.9316830561571
30
0
0
VERTEX
8
0
10
145.794376258987
20
61.8877448146551
30
0
0
VERTEX
8
0
10
145.989288526713
20
61.8462874444927
30
0
0
VERTEX
8
0
10
146.184200794439
20
61.8003010007349
30
0
0
VERTEX
8
0
10
146.379113062165
20
61.7553959244322
30
0
0
VERTEX
8
0
10
146.574025329891
20
61.7104926897045
30
0
0
VERTEX
8
0
10
146.768937597617
20
61.6655913005747
30
0
0
VERTEX
8
0
10
146.963849865343
20
61.6206917610773
30
0
0
VERTEX
8
0
10
147.158762133069
20
61.5757940752585
30
0
0
VERTEX
8
0
10
147.353674400795
20
61.530898247176
30
0
0
VERTEX
8
0
10
147.548586668521
20
61.4860042808992
30
0
0
VERTEX
8
0
10
147.743498936247
20
61.4411121805094
30
0
0
VERTEX
8
0
10
147.938411203973
20
61.3962219500995
30
0
0
VERTEX
8
0
10
148.133323471698
20
61.3513335937742
30
0
0
VERTEX
8
0
10
148.328235739424
20
61.30644711565
30
0
0
VERTEX
8
0
10
148.52314800715
20
61.2615625198556
30
0
0
VERTEX
8
0
10
148.718060274876
20
61.2170089390167
30
0
0
VERTEX
8
0
10
148.912972542602
20
61.1725576124601
30
0
0
VERTEX
8
0
10
149.107884810328
20
61.12810794803
30
0
0
VERTEX
8
0
10
149.302797078054
20
61.0836599493547
30
0
0
VERTEX
8
0
10
149.49770934578
20
61.0392136200732
30
0
0
VERTEX
8
0
10
149.692621613506
20
60.994768963835
30
0
0
VERTEX
8
0
10
149.887533881232
20
60.9503259843
30
0
0
VERTEX
8
0
10
150.082446148958
20
60.9058846851386
30
0
0
VERTEX
8
0
10
150.277358416684
20
60.861445070032
30
0
0
VERTEX
8
0
10
150.472270684409
20
60.8170071426716
30
0
0
VERTEX
8
0
10
150.667182952135
20
60.77257090676
30
0
0
VERTEX
8
0
10
150.862095219861
20
60.7281363660101
30
0
0
VERTEX
8
0
10
151.057007487587
20
60.6837035241456
30
0
0
VERTEX
8
0
10
151.251919755313
20
60.642242684798
30
0
0
VERTEX
8
0
10
151.446832023039
20
60.5982958930468
30
0
0
VERTEX
8
0
10
151.641744290765
20
60.5546335524446
30
0
0
VERTEX
8
0
10
151.836656558491
20
60.5109742329334
30
0
0
VERTEX
8
0
10
152.031568826217
20
60.4673179410571
30
0
0
VERTEX
8
0
10
152.226481093943
20
60.4236646833782
30
0
0
VERTEX
8
0
10
152.421393361669
20
60.3800144664776
30
0
0
VERTEX
8
0
10
152.616305629395
20
60.3363672969548
30
0
0
VERTEX
8
0
10
152.81121789712
20
60.292723181428
30
0
0
VERTEX
8
0
10
153.006130164846
20
60.2490821265341
30
0
0
VERTEX
8
0
10
153.201042432572
20
60.2054441389289
30
0
0
VERTEX
8
0
10
153.395954700298
20
60.1618092252867
30
0
0
VERTEX
8
0
10
153.590866968024
20
60.118177392301
30
0
0
VERTEX
8
0
10
153.78577923575
20
60.0774737669207
30
0
0
VERTEX
8
0
10
153.980691503476
20
60.040849681424
30
0
0
VERTEX
8
0
10
154.175603771202
20
60.0060622912684
30
0
0
VERTEX
8
0
10
154.370516038928
20
59.9712756435178
30
0
0
VERTEX
8
0
10
154.565428306654
20
59.9364897394651
30
0
0
VERTEX
8
0
10
154.76034057438
20
59.9017045804056
30
0
0
VERTEX
8
0
10
154.955252842106
20
59.8669201676382
30
0
0
VERTEX
8
0
10
155.150165109832
20
59.8321365024643
30
0
0
VERTEX
8
0
10
155.345077377557
20
59.7973535861886
30
0
0
SEQEND
8
0
0
POLYLINE
8
0
62
2
70
0
10
0
20
0
30
0
0
VERTEX
8
0
10
3.31350855134067
20
24.3836904842096
30
0
0
VERTEX
8
0
10
3.5084208190666
20
24.9378018281737
30
0
0
VERTEX
8
0
10
3.70333308679252
20
25.5604172887528
30
0
0
VERTEX
8
0
10
3.89824535451844
20
26.1703192420531
30
0
0
VERTEX
8
0
10
4.09315762224436
20
26.7802290315063
30
0
0
VERTEX
8
0
10
4.28806988997029
20
27.3901461336381
30
0
0
VERTEX
8
0
10
4.48298215769621
20
28.0000700705789
30
0
0
VERTEX
8
0
10
4.67789442542213
20
28.4950964274889
30
0
0
VERTEX
8
0
10
4.87280669314805
20
29.0167815056431
30
0
0
VERTEX
8
0
10
5.06771896087397
20
29.5384745283006
30
0
0
VERTEX
8
0
10
5.2626312285999
20
30.060175081832
30
0
0
VERTEX
8
0
10
5.45754349632582
20
30.5818827808266
30
0
0
VERTEX
8
0
10
5.65245576405174
20
31.0632705517314
30
0
0
VERTEX
8
0
10
5.84736803177766
20
31.5319360354181
30
0
0
VERTEX
8
0
10
6.04228029950359
20
32.0006091428626
30
0
0
VERTEX
8
0
10
6.23719256722951
20
32.4698205939319
30
0
0
VERTEX
8
0
10
6.43210483495543
20
32.9389366313477
30
0
0
VERTEX
8
0
10
6.62701710268135
20
33.4080753078871
30
0
0
VERTEX
8
0
10
6.82192937040727
20
33.8514094332113
30
0
0
VERTEX
8
0
10
7.0168416381332
20
34.2777201389417
30
0
0
VERTEX
8
0
10
7.21175390585912
20
34.70405318032
30
0
0
VERTEX
8
0
10
7.40666617358504
20
35.1304077441682
30
0
0
VERTEX
8
0
10
7.60157844131096
20
35.5567830562709
30
0
0
VERTEX
8
0
10
7.79649070903688
20
35.9831783790715
30
0
0
VERTEX
8
0
10
7.99140297676281
20
36.4095930095299
30
0
0
VERTEX
8
0
10
8.18631524448873
20
36.7913299049033
30
0
0
VERTEX
8
0
10
8.38122751221465
20
37.1868457871792
30
0
0
VERTEX
8
0
10
8.57613977994057
20
37.5823808032655
30
0
0
VERTEX
8
0
10
8.7710520476665
20
37.9779343553342
30
0
0
VERTEX
8
0
10
8.96596431539242
20
38.3735058701794
30
0
0
VERTEX
8
0
10
9.16087658311834
20
38.7690947979638
30
0
0
VERTEX
8
0
10
9.35578885084426
20
39.1528455296792
30
0
0
VERTEX
8
0
10
9.55070111857018
20
39.5308085270992
30
0
0
VERTEX
8
0
10
9.74561338629611
20
39.9087884285658
30
0
0
VERTEX
8
0
10
9.94052565402203
20
40.286784758286
30
0
0
VERTEX
8
0
10
10.135437921748
20
40.6647970581374
30
0
0
VERTEX
8
0
10
10.3303501894739
20
41.0428248868561
30
0
0
VERTEX
8
0
10
10.5252624571998
20
41.4208678192691
30
0
0
VERTEX
8
0
10
10.7201747249257
20
41.7989254455683
30
0
0
VERTEX
8
0
10
10.9150869926516
20
42.0694897437103
30
0
0
VERTEX
8
0
10
11.1099992603776
20
42.3637281095378
30
0
0
VERTEX
8
0
10
11.3049115281035
20
42.6579851193656
30
0
0
VERTEX
8
0
10
11.4998237958294
20
42.9517665653855
30
0
0
VERTEX
8
0
10
11.6947360635553
20
43.2456395899513
30
0
0
VERTEX
8
0
10
11.8896483312813
20
43.539521501151
30
0
0
VERTEX
8
0
10
12.0845605990072
20
43.8334121202428
30
0
0
VERTEX
8
0
10
12.2794728667331
20
44.1273112732416
30
0
0
VERTEX
8
0
10
12.474385134459
20
44.3955476968098
30
0
0
VERTEX
8
0
10
12.6692974021849
20
44.6506490692822
30
0
0
VERTEX
8
0
10
12.8642096699109
20
44.9057603353844
30
0
0
VERTEX
8
0
10
13.0591219376368
20
45.1608813274509
30
0
0
VERTEX
8
0
10
13.2540342053627
20
45.416011881577
30
0
0
VERTEX
8
0
10
13.4489464730886
20
45.6711518375145
30
0
0
VERTEX
8
0
10
13.6438587408145
20
45.9263010385703
30
0
0
VERTEX
8
0
10
13.8387710085405
20
46.1814593315086
30
0
0
VERTEX
8
0
10
14.0336832762664
20
46.4366565611544
30
0
0
VERTEX
8
0
10
14.2285955439923
20
46.6918788764113
30
0
0
VERTEX
8
0
10
14.4235078117182
20
46.9471105435464
30
0
0
VERTEX
8
0
10
14.6184200794442
20
47.1628974996466
30
0
0
VERTEX
8
0
10
14.8133323471701
20
47.3850869992943
30
0
0
VERTEX
8
0
10
15.008244614896
20
47.6072871600819
30
0
0
VERTEX
8
0
10
15.2031568826219
20
47.8294978334249
30
0
0
VERTEX
8
0
10
15.3980691503478
20
48.0517188734804
30
0
0
VERTEX
8
0
10
15.5929814180738
20
48.2739501370841
30
0
0
VERTEX
8
0
10
15.7878936857997
20
48.4961914836894
30
0
0
VERTEX
8
0
10
15.9828059535256
20
48.7184427753079
30
0
0
VERTEX
8
0
10
16.1777182212515
20
48.9407038764516
30
0
0
VERTEX
8
0
10
16.3726304889775
20
49.1629746540767
30
0
0
VERTEX
8
0
10
16.5675427567034
20
49.3852549775289
30
0
0
VERTEX
8
0
10
16.7624550244293
20
49.6078834660375
30
0
0
VERTEX
8
0
10
16.9573672921552
20
49.7777866446601
30
0
0
VERTEX
8
0
10
17.1522795598811
20
49.9403826883263
30
0
0
VERTEX
8
0
10
17.3471918276071
20
50.102996606949
30
0
0
VERTEX
8
0
10
17.542104095333
20
50.2656282270468
30
0
0
VERTEX
8
0
10
17.7370163630589
20
50.4282773773575
30
0
0
VERTEX
8
0
10
17.9319286307848
20
50.590943888803
30
0
0
VERTEX
8
0
10
18.1268408985108
20
50.7536275944547
30
0
0
VERTEX
8
0
10
18.3217531662367
20
50.9163283295001
30
0
0
VERTEX
8
0
10
18.5166654339626
20
51.0790459312094
30
0
0
VERTEX
8
0
10
18.7115777016885
20
51.2417802389029
30
0
0
VERTEX
8
0
10
18.9064899694144
20
51.4045310939194
30
0
0
VERTEX
8
0
10
19.1014022371404
20
51.5672983395845
30
0
0
VERTEX
8
0
10
19.2963145048663
20
51.7309813021964
30
0
0
VERTEX
8
0
10
19.4912267725922
20
51.8954066931694
30
0
0
VERTEX
8
0
10
19.6861390403181
20
52.0192348020398
30
0
0
VERTEX
8
0
10
19.8810513080441
20
52.1532290727772
30
0
0
VERTEX
8
0
10
20.07596357577
20
52.2872773530912
30
0
0
VERTEX
8
0
10
20.2708758434959
20
52.4213792286534
30
0
0
VERTEX
8
0
10
20.4657881112218
20
52.5555342891992
30
0
0
VERTEX
8
0
10
20.6607003789477
20
52.6897421284808
30
0
0
VERTEX
8
0
10
20.8556126466737
20
52.8240023442194
30
0
0
VERTEX
8
0
10
21.0505249143996
20
52.95831453806
30
0
0
VERTEX
8
0
10
21.2454371821255
20
53.0926783155248
30
0
0
VERTEX
8
0
10
21.4403494498514
20
53.2270932859684
30
0
0
VERTEX
8
0
10
21.6352617175774
20
53.3615590625337
30
0
0
VERTEX
8
0
10
21.8301739853033
20
53.4960752621074
30
0
0
VERTEX
8
0
10
22.0250862530292
20
53.6329406239468
30
0
0
VERTEX
8
0
10
22.2199985207551
20
53.7654777626571
30
0
0
VERTEX
8
0
10
22.414910788481
20
53.8969165091299
30
0
0
VERTEX
8
0
10
22.609823056207
20
54.0284685295568
30
0
0
VERTEX
8
0
10
22.8047353239329
20
54.1601329985288
30
0
0
VERTEX
8
0
10
22.9996475916588
20
54.291909097942
30
0
0
VERTEX
8
0
10
23.1945598593847
20
54.4237960169253
30
0
0
VERTEX
8
0
10
23.3894721271107
20
54.5557929517703
30
0
0
VERTEX
8
0
10
23.5843843948366
20
54.6878991058608
30
0
0
VERTEX
8
0
10
23.7792966625625
20
54.8201136896032
30
0
0
VERTEX
8
0
10
23.9742089302884
20
54.9524359203582
30
0
0
VERTEX
8
0
10
24.1691211980143
20
55.0848650223722
30
0
0
VERTEX
8
0
10
24.3640334657403
20
55.2174002267102
30
0
0
VERTEX
8
0
10
24.5589457334662
20
55.3500407711888
30
0
0
VERTEX
8
0
10
24.7538580011921
20
55.482412851587
30
0
0
VERTEX
8
0
10
24.948770268918
20
55.6209479805711
30
0
0
VERTEX
8
0
10
25.143682536644
20
55.7584372445481
30
0
0
VERTEX
8
0
10
25.3385948043699
20
55.8960211389269
30
0
0
VERTEX
8
0
10
25.5335070720958
20
56.0336989666474
30
0
0
VERTEX
8
0
10
25.7284193398217
20
56.17147003701
30
0
0
VERTEX
8
0
10
25.9233316075476
20
56.3093336656091
30
0
0
VERTEX
8
0
10
26.1182438752736
20
56.4472891742679
30
0
0
VERTEX
8
0
10
26.3131561429995
20
56.5853358909736
30
0
0
VERTEX
8
0
10
26.5080684107254
20
56.7234731498127
30
0
0
VERTEX
8
0
10
26.7029806784513
20
56.8617002909083
30
0
0
VERTEX
8
0
10
26.8978929461773
20
57.0000166603571
30
0
0
VERTEX
8
0
10
27.0928052139032
20
57.1384216101674
30
0
0
VERTEX
8
0
10
27.2877174816291
20
57.277095035921
30
0
0
VERTEX
8
0
10
27.482629749355
20
57.4318874039952
30
0
0
VERTEX
8
0
10
27.6775420170809
20
57.5939417822881
30
0
0
VERTEX
8
0
10
27.8724542848069
20
57.7560790092892
30
0
0
VERTEX
8
0
10
28.0673665525328
20
57.9182983892153
30
0
0
VERTEX
8
0
10
28.2622788202587
20
58.080599233706
30
0
0
VERTEX
8
0
10
28.4571910879846
20
58.2429808617298
30
0
0
VERTEX
8
0
10
28.6521033557106
20
58.4054425994918
30
0
0
VERTEX
8
0
10
28.8470156234365
20
58.5679837803429
30
0
0
VERTEX
8
0
10
29.0419278911624
20
58.7306037446896
30
0
0
VERTEX
8
0
10
29.2368401588883
20
58.8933018399058
30
0
0
VERTEX
8
0
10
29.4317524266142
20
59.0560774202454
30
0
0
VERTEX
8
0
10
29.6266646943402
20
59.2189298467563
30
0
0
VERTEX
8
0
10
29.8215769620661
20
59.3818584871956
30
0
0
VERTEX
8
0
10
30.016489229792
20
59.5445575414596
30
0
0
VERTEX
8
0
10
30.2114014975179
20
59.7064980740525
30
0
0
VERTEX
8
0
10
30.4063137652439
20
59.8686243342555
30
0
0
VERTEX
8
0
10
30.6012260329698
20
60.0308211230984
30
0
0
VERTEX
8
0
10
30.7961383006957
20
60.1930878704401
30
0
0
VERTEX
8
0
10
30.9910505684216
20
60.355424012026
30
0
0
VERTEX
8
0
10
31.1859628361475
20
60.5178289894163
30
0
0
VERTEX
8
0
10
31.3808751038735
20
60.6803022499136
30
0
0
VERTEX
8
0
10
31.5757873715994
20
60.8428432464933
30
0
0
VERTEX
8
0
10
31.7706996393253
20
61.0054514377337
30
0
0
VERTEX
8
0
10
31.9656119070512
20
61.1681262877479
30
0
0
VERTEX
8
0
10
32.1605241747772
20
61.3308672661158
30
0
0
VERTEX
8
0
10
32.3554364425031
20
61.4936738478179
30
0
0
VERTEX
8
0
10
32.550348710229
20
61.6561416024772
30
0
0
VERTEX
8
0
10
32.7452609779549
20
61.8304650971347
30
0
0
VERTEX
8
0
10
32.9401732456808
20
62.0128699318196
30
0
0
VERTEX
8
0
10
33.1350855134068
20
62.1953263015371
30
0
0
VERTEX
8
0
10
33.3299977811327
20
62.3778337540643
30
0
0
VERTEX
8
0
10
33.5249100488586
20
62.5603918423297
30
0
0
VERTEX
8
0
10
33.7198223165845
20
62.7430001243412
30
0
0
VERTEX
8
0
10
33.9147345843105
20
62.9256581631171
30
0
0
VERTEX
8
0
10
34.1096468520364
20
63.1083655266159
30
0
0
VERTEX
8
0
10
34.3045591197623
20
63.2911217876693
30
0
0
VERTEX
8
0
10
34.4994713874882
20
63.4739265239147
30
0
0
VERTEX
8
0
10
34.6943836552141
20
63.6567793177301
30
0
0
VERTEX
8
0
10
34.8892959229401
20
63.8396797561687
30
0
0
VERTEX
8
0
10
35.084208190666
20
64.0226274308957
30
0
0
VERTEX
8
0
10
35.2791204583919
20
64.2061285934322
30
0
0
VERTEX
8
0
10
35.4740327261178
20
64.4288035453644
30
0
0
VERTEX
8
0
10
35.6689449938438
20
64.6496538870366
30
0
0
VERTEX
8
0
10
35.8638572615697
20
64.8705435720038
30
0
0
VERTEX
8
0
10
36.0587695292956
20
65.0914721997283
30
0
0
VERTEX
8
0
10
36.2536817970215
20
65.3124393750219
30
0
0
VERTEX
8
0
10
36.4485940647474
20
65.5334447079578
30
0
0
VERTEX
8
0
10
36.6435063324734
20
65.7544878137847
30
0
0
VERTEX
8
0
10
36.8384186001993
20
65.9755683128422
30
0
0
VERTEX
8
0
10
37.0333308679252
20
66.196685830478
30
0
0
VERTEX
8
0
10
37.2282431356511
20
66.4178399969665
30
0
0
VERTEX
8
0
10
37.4231554033771
20
66.6390304474294
30
0
0
VERTEX
8
0
10
37.618067671103
20
66.8602568217574
30
0
0
VERTEX
8
0
10
37.8129799388289
20
67.0813136503302
30
0
0
VERTEX
8
0
10
38.0078922065548
20
67.2927787659562
30
0
0
VERTEX
8
0
10
38.2028044742807
20
67.5052927693764
30
0
0
VERTEX
8
0
10
38.3977167420067
20
67.7178412139352
30
0
0
VERTEX
8
0
10
38.5926290097326
20
67.9304237763426
30
0
0
VERTEX
8
0
10
38.7875412774585
20
68.1430401372912
30
0
0
VERTEX
8
0
10
38.9824535451844
20
68.3556899813959
30
0
0
VERTEX
8
0
10
39.1773658129104
20
68.5683729971345
30
0
0
VERTEX
8
0
10
39.3722780806363
20
68.7810888767898
30
0
0
VERTEX
8
0
10
39.5671903483622
20
68.9938373163921
30
0
0
VERTEX
8
0
10
39.7621026160881
20
69.2066180156633
30
0
0
VERTEX
8
0
10
39.957014883814
20
69.4194306779617
30
0
0
VERTEX
8
0
10
40.1519271515399
20
69.6322750102275
30
0
0
VERTEX
8
0
10
40.3468394192659
20
69.8299933088217
30
0
0
VERTEX
8
0
10
40.5417516869918
20
70.0259649782533
30
0
0
VERTEX
8
0
10
40.7366639547177
20
70.221682654058
30
0
0
VERTEX
8
0
10
40.9315762224436
20
70.4174490187045
30
0
0
VERTEX
8
0
10
41.1264884901695
20
70.613263667242
30
0
0
VERTEX
8
0
10
41.3214007578954
20
70.8091261990993
30
0
0
VERTEX
8
0
10
41.5163130256214
20
71.005036218028
30
0
0
VERTEX
8
0
10
41.7112252933473
20
71.200993332045
30
0
0
VERTEX
8
0
10
41.9061375610732
20
71.396997153377
30
0
0
VERTEX
8
0
10
42.1010498287991
20
71.5930472984053
30
0
0
VERTEX
8
0
10
42.295962096525
20
71.7891433876113
30
0
0
VERTEX
8
0
10
42.490874364251
20
71.9852850455236
30
0
0
VERTEX
8
0
10
42.6857866319769
20
72.1814719006652
30
0
0
VERTEX
8
0
10
42.8806988997028
20
72.3304943806763
30
0
0
VERTEX
8
0
10
43.0756111674287
20
72.4730694116083
30
0
0
VERTEX
8
0
10
43.2705234351546
20
72.6159358573711
30
0
0
VERTEX
8
0
10
43.4654357028805
20
72.7588702097063
30
0
0
VERTEX
8
0
10
43.6603479706065
20
72.9018720691929
30
0
0
VERTEX
8
0
10
43.8552602383324
20
73.0449410393496
30
0
0
VERTEX
8
0
10
44.0501725060583
20
73.1880767266102
30
0
0
VERTEX
8
0
10
44.2450847737842
20
73.3312787402983
30
0
0
VERTEX
8
0
10
44.4399970415101
20
73.4745466926029
30
0
0
VERTEX
8
0
10
44.6349093092361
20
73.6178801985541
30
0
0
VERTEX
8
0
10
44.829821576962
20
73.7612788759988
30
0
0
VERTEX
8
0
10
45.0247338446879
20
73.9047423455767
30
0
0
VERTEX
8
0
10
45.2196461124138
20
74.048270230697
30
0
0
VERTEX
8
0
10
45.4145583801397
20
74.1918621575142
30
0
0
VERTEX
8
0
10
45.6094706478656
20
74.2048798058077
30
0
0
VERTEX
8
0
10
45.8043829155916
20
74.2488114106252
30
0
0
VERTEX
8
0
10
45.9992951833175
20
74.2929466212011
30
0
0
VERTEX
8
0
10
46.1942074510434
20
74.3371760896122
30
0
0
VERTEX
8
0
10
46.3891197187693
20
74.3814996477129
30
0
0
VERTEX
8
0
10
46.5840319864952
20
74.425917127401
30
0
0
VERTEX
8
0
10
46.7789442542211
20
74.4704283606193
30
0
0
VERTEX
8
0
10
46.9738565219471
20
74.515033179358
30
0
0
VERTEX
8
0
10
47.168768789673
20
74.5597314156567
30
0
0
VERTEX
8
0
10
47.3636810573989
20
74.6045229016058
30
0
0
VERTEX
8
0
10
47.5585933251248
20
74.6494074693492
30
0
0
VERTEX
8
0
10
47.7535055928507
20
74.6943849510855
30
0
0
VERTEX
8
0
10
47.9484178605767
20
74.7394551790706
30
0
0
VERTEX
8
0
10
48.1433301283026
20
74.7570811567561
30
0
0
VERTEX
8
0
10
48.3382423960285
20
74.768353191696
30
0
0
VERTEX
8
0
10
48.5331546637544
20
74.7808905351143
30
0
0
VERTEX
8
0
10
48.7280669314803
20
74.7935672475961
30
0
0
VERTEX
8
0
10
48.9229791992062
20
74.8063832582889
30
0
0
VERTEX
8
0
10
49.1178914669322
20
74.8193384956104
30
0
0
VERTEX
8
0
10
49.3128037346581
20
74.8324328872504
30
0
0
VERTEX
8
0
10
49.507716002384
20
74.8456663601731
30
0
0
VERTEX
8
0
10
49.7026282701099
20
74.8590388406185
30
0
0
VERTEX
8
0
10
49.8975405378358
20
74.8725502541053
30
0
0
VERTEX
8
0
10
50.0924528055617
20
74.8862005254319
30
0
0
VERTEX
8
0
10
50.2873650732877
20
74.8999895786792
30
0
0
VERTEX
8
0
10
50.4822773410136
20
74.9139173372125
30
0
0
VERTEX
8
0
10
50.6771896087395
20
74.9279837236834
30
0
0
VERTEX
8
0
10
50.8721018764654
20
74.950862171812
30
0
0
VERTEX
8
0
10
51.0670141441913
20
74.9755335599703
30
0
0
VERTEX
8
0
10
51.2619264119173
20
75.0003758501179
30
0
0
VERTEX
8
0
10
51.4568386796432
20
75.0253894904246
30
0
0
VERTEX
8
0
10
51.6517509473691
20
75.0505743095623
30
0
0
VERTEX
8
0
10
51.846663215095
20
75.0759301352609
30
0
0
VERTEX
8
0
10
52.0415754828209
20
75.1014567943144
30
0
0
VERTEX
8
0
10
52.2364877505469
20
75.1271541125857
30
0
0
VERTEX
8
0
10
52.4314000182728
20
75.1530219150127
30
0
0
VERTEX
8
0
10
52.6263122859987
20
75.1790600256135
30
0
0
VERTEX
8
0
10
52.8212245537246
20
75.2052682674921
30
0
0
VERTEX
8
0
10
53.0161368214505
20
75.2316464628441
30
0
0
VERTEX
8
0
10
53.2110490891764
20
75.2581944329619
30
0
0
VERTEX
8
0
10
53.4059613569024
20
75.2955752155644
30
0
0
VERTEX
8
0
10
53.6008736246283
20
75.3380219786039
30
0
0
VERTEX
8
0
10
53.7957858923542
20
75.3827621117874
30
0
0
VERTEX
8
0
10
53.9906981600801
20
75.4270121892991
30
0
0
VERTEX
8
0
10
54.185610427806
20
75.4714346651296
30
0
0
VERTEX
8
0
10
54.3805226955319
20
75.5160292350378
30
0
0
VERTEX
8
0
10
54.5754349632579
20
75.5607955943237
30
0
0
VERTEX
8
0
10
54.7703472309838
20
75.6057334378363
30
0
0
VERTEX
8
0
10
54.9652594987097
20
75.6508424599825
30
0
0
VERTEX
8
0
10
55.1601717664356
20
75.6961223547344
30
0
0
VERTEX
8
0
10
55.3550840341615
20
75.7415728156385
30
0
0
VERTEX
8
0
10
55.5499963018875
20
75.7871935358234
30
0
0
VERTEX
8
0
10
55.7449085696134
20
75.8329842080076
30
0
0
VERTEX
8
0
10
55.9398208373393
20
75.8789445245085
30
0
0
VERTEX
8
0
10
56.1347331050652
20
75.9259549407602
30
0
0
VERTEX
8
0
10
56.3296453727911
20
75.9711900075712
30
0
0
VERTEX
8
0
10
56.524557640517
20
76.01638442006
30
0
0
VERTEX
8
0
10
56.719469908243
20
76.0617265559184
30
0
0
VERTEX
8
0
10
56.9143821759689
20
76.1072161511206
30
0
0
VERTEX
8
0
10
57.1092944436948
20
76.1528529414138
30
0
0
VERTEX
8
0
10
57.3042067114207
20
76.1986366623243
30
0
0
VERTEX
8
0
10
57.4991189791466
20
76.2445670491633
30
0
0
VERTEX
8
0
10
57.6940312468725
20
76.2906438370323
30
0
0
VERTEX
8
0
10
57.8889435145985
20
76.3368667608293
30
0
0
VERTEX
8
0
10
58.0838557823244
20
76.3832355552538
30
0
0
VERTEX
8
0
10
58.2787680500503
20
76.4297499548134
30
0
0
VERTEX
8
0
10
58.4736803177762
20
76.4764096938287
30
0
0
VERTEX
8
0
10
58.6685925855021
20
76.5154788812938
30
0
0
VERTEX
8
0
10
58.8635048532281
20
76.5493509160611
30
0
0
VERTEX
8
0
10
59.058417120954
20
76.5833789075106
30
0
0
VERTEX
8
0
10
59.2533293886799
20
76.6175626478481
30
0
0
VERTEX
8
0
10
59.4482416564058
20
76.6519019286999
30
0
0
VERTEX
8
0
10
59.6431539241317
20
76.6863965411182
30
0
0
VERTEX
8
0
10
59.8380661918576
20
76.7210462755869
30
0
0
VERTEX
8
0
10
60.0329784595836
20
76.7558509220267
30
0
0
VERTEX
8
0
10
60.2278907273095
20
76.7908102698008
30
0
0
VERTEX
8
0
10
60.4228029950354
20
76.8259241077203
30
0
0
VERTEX
8
0
10
60.6177152627613
20
76.8611922240501
30
0
0
VERTEX
8
0
10
60.8126275304872
20
76.8966144065138
30
0
0
VERTEX
8
0
10
61.0075397982132
20
76.9321904422997
30
0
0
VERTEX
8
0
10
61.2024520659391
20
76.967920118066
30
0
0
VERTEX
8
0
10
61.397364333665
20
76.9782435421794
30
0
0
VERTEX
8
0
10
61.5922766013909
20
76.9873458252832
30
0
0
VERTEX
8
0
10
61.7871888691168
20
76.9960289248157
30
0
0
VERTEX
8
0
10
61.9821011368427
20
77.0048621621555
30
0
0
VERTEX
8
0
10
62.1770134045687
20
77.0138454856416
30
0
0
VERTEX
8
0
10
62.3719256722946
20
77.0229788427598
30
0
0
VERTEX
8
0
10
62.5668379400205
20
77.0322621801435
30
0
0
VERTEX
8
0
10
62.7617502077464
20
77.0416954435761
30
0
0
VERTEX
8
0
10
62.9566624754723
20
77.0512785779918
30
0
0
VERTEX
8
0
10
63.1515747431982
20
77.0610115274779
30
0
0
VERTEX
8
0
10
63.3464870109242
20
77.0708942352759
30
0
0
VERTEX
8
0
10
63.5413992786501
20
77.0809266437832
30
0
0
VERTEX
8
0
10
63.736311546376
20
77.0911086945551
30
0
0
VERTEX
8
0
10
63.9312238141019
20
77.1014403283061
30
0
0
VERTEX
8
0
10
64.1261360818278
20
77.0868929212485
30
0
0
VERTEX
8
0
10
64.3210483495537
20
77.0794655113714
30
0
0
VERTEX
8
0
10
64.5159606172797
20
77.0724810358378
30
0
0
VERTEX
8
0
10
64.7108728850056
20
77.0656542373381
30
0
0
VERTEX
8
0
10
64.9057851527315
20
77.0589851577789
30
0
0
VERTEX
8
0
10
65.1006974204574
20
77.0524738381131
30
0
0
VERTEX
8
0
10
65.2956096881833
20
77.0461203183386
30
0
0
VERTEX
8
0
10
65.4905219559093
20
77.0399246374968
30
0
0
VERTEX
8
0
10
65.6854342236352
20
77.0338868336718
30
0
0
VERTEX
8
0
10
65.8803464913611
20
77.0280069439888
30
0
0
VERTEX
8
0
10
66.075258759087
20
77.0222850046135
30
0
0
VERTEX
8
0
10
66.2701710268129
20
77.0167210507505
30
0
0
VERTEX
8
0
10
66.4650832945389
20
77.0113151166424
30
0
0
VERTEX
8
0
10
66.6599955622648
20
77.0039153975036
30
0
0
VERTEX
8
0
10
66.8549078299907
20
76.9955450222293
30
0
0
VERTEX
8
0
10
67.0498200977166
20
76.9869276780816
30
0
0
VERTEX
8
0
10
67.2447323654425
20
76.9784602512616
30
0
0
VERTEX
8
0
10
67.4396446331684
20
76.970142791246
30
0
0
VERTEX
8
0
10
67.6345569008944
20
76.9619753466566
30
0
0
VERTEX
8
0
10
67.8294691686203
20
76.9539579652587
30
0
0
VERTEX
8
0
10
68.0243814363462
20
76.9460906939597
30
0
0
VERTEX
8
0
10
68.2192937040721
20
76.9383735788079
30
0
0
VERTEX
8
0
10
68.414205971798
20
76.9308066649907
30
0
0
VERTEX
8
0
10
68.609118239524
20
76.9233899968338
30
0
0
VERTEX
8
0
10
68.8040305072499
20
76.9161236177998
30
0
0
VERTEX
8
0
10
68.9989427749758
20
76.9090075704866
30
0
0
VERTEX
8
0
10
69.1938550427017
20
76.9020418966267
30
0
0
VERTEX
8
0
10
69.3887673104276
20
76.892072851096
30
0
0
VERTEX
8
0
10
69.5836795781535
20
76.8835136768541
30
0
0
VERTEX
8
0
10
69.7785918458795
20
76.8750585066507
30
0
0
VERTEX
8
0
10
69.9735041136054
20
76.8667585246589
30
0
0
VERTEX
8
0
10
70.1684163813313
20
76.8586137811551
30
0
0
VERTEX
8
0
10
70.3633286490572
20
76.8506243254965
30
0
0
VERTEX
8
0
10
70.5582409167831
20
76.8427902061196
30
0
0
VERTEX
8
0
10
70.753153184509
20
76.8351114705387
30
0
0
VERTEX
8
0
10
70.948065452235
20
76.8275881653447
30
0
0
VERTEX
8
0
10
71.1429777199609
20
76.8202203362031
30
0
0
VERTEX
8
0
10
71.3378899876868
20
76.8130080278533
30
0
0
VERTEX
8
0
10
71.5328022554127
20
76.8059512841069
30
0
0
VERTEX
8
0
10
71.7277145231386
20
76.7990501478466
30
0
0
VERTEX
8
0
10
71.9226267908646
20
76.7948520997506
30
0
0
VERTEX
8
0
10
72.1175390585905
20
76.7754431229065
30
0
0
VERTEX
8
0
10
72.3124513263164
20
76.7466222699353
30
0
0
VERTEX
8
0
10
72.5073635940423
20
76.7178313536853
30
0
0
VERTEX
8
0
10
72.7022758617682
20
76.6890704078735
30
0
0
VERTEX
8
0
10
72.8971881294941
20
76.6603394662321
30
0
0
VERTEX
8
0
10
73.0921003972201
20
76.631638562509
30
0
0
VERTEX
8
0
10
73.287012664946
20
76.602967730467
30
0
0
VERTEX
8
0
10
73.4819249326719
20
76.5743270038846
30
0
0
VERTEX
8
0
10
73.6768372003978
20
76.5457164165547
30
0
0
VERTEX
8
0
10
73.8717494681237
20
76.5171360022856
30
0
0
VERTEX
8
0
10
74.0666617358497
20
76.4885857949003
30
0
0
VERTEX
8
0
10
74.2615740035756
20
76.4600658282367
30
0
0
VERTEX
8
0
10
74.4564862713015
20
76.431576136147
30
0
0
VERTEX
8
0
10
74.6513985390274
20
76.4040867112777
30
0
0
VERTEX
8
0
10
74.8463108067533
20
76.3688531661086
30
0
0
VERTEX
8
0
10
75.0412230744792
20
76.33418014877
30
0
0
VERTEX
8
0
10
75.2361353422052
20
76.2995201860488
30
0
0
VERTEX
8
0
10
75.4310476099311
20
76.264873295744
30
0
0
VERTEX
8
0
10
75.625959877657
20
76.2302394956798
30
0
0
VERTEX
8
0
10
75.8208721453829
20
76.1956188037062
30
0
0
VERTEX
8
0
10
76.0157844131088
20
76.161011237699
30
0
0
VERTEX
8
0
10
76.2106966808347
20
76.1264168155597
30
0
0
VERTEX
8
0
10
76.4056089485607
20
76.0918355552154
30
0
0
VERTEX
8
0
10
76.6005212162866
20
76.0572674746191
30
0
0
VERTEX
8
0
10
76.7954334840125
20
76.0227125917496
30
0
0
VERTEX
8
0
10
76.9903457517384
20
75.9881709246116
30
0
0
VERTEX
8
0
10
77.1852580194643
20
75.9502603500876
30
0
0
VERTEX
8
0
10
77.3801702871903
20
75.9097740573106
30
0
0
VERTEX
8
0
10
77.5750825549162
20
75.8679410873658
30
0
0
VERTEX
8
0
10
77.7699948226421
20
75.8261177538771
30
0
0
VERTEX
8
0
10
77.964907090368
20
75.784304072799
30
0
0
VERTEX
8
0
10
78.1598193580939
20
75.7425000601173
30
0
0
VERTEX
8
0
10
78.3547316258199
20
75.7007057318495
30
0
0
VERTEX
8
0
10
78.5496438935458
20
75.6589211040446
30
0
0
VERTEX
8
0
10
78.7445561612717
20
75.6171461927836
30
0
0
VERTEX
8
0
10
78.9394684289976
20
75.5753810141792
30
0
0
VERTEX
8
0
10
79.1343806967235
20
75.533625584376
30
0
0
VERTEX
8
0
10
79.3292929644494
20
75.4918799195505
30
0
0
VERTEX
8
0
10
79.5242052321754
20
75.4501440359111
30
0
0
VERTEX
8
0
10
79.7191174999013
20
75.4084179496987
30
0
0
VERTEX
8
0
10
79.9140297676272
20
75.3577372331993
30
0
0
VERTEX
8
0
10
80.1089420353531
20
75.3102658573531
30
0
0
VERTEX
8
0
10
80.303854303079
20
75.2628350427361
30
0
0
VERTEX
8
0
10
80.4987665708049
20
75.2154197720307
30
0
0
VERTEX
8
0
10
80.6936788385309
20
75.1680200746521
30
0
0
VERTEX
8
0
10
80.8885911062568
20
75.1206359800796
30
0
0
VERTEX
8
0
10
81.0835033739827
20
75.0732675178572
30
0
0
VERTEX
8
0
10
81.2784156417086
20
75.025914717594
30
0
0
VERTEX
8
0
10
81.4733279094345
20
74.978577608964
30
0
0
VERTEX
8
0
10
81.6682401771605
20
74.9312562217063
30
0
0
VERTEX
8
0
10
81.8631524448864
20
74.8839505856253
30
0
0
VERTEX
8
0
10
82.0580647126123
20
74.8366607305908
30
0
0
VERTEX
8
0
10
82.2529769803382
20
74.7893866865382
30
0
0
VERTEX
8
0
10
82.4478892480641
20
74.7377002862331
30
0
0
VERTEX
8
0
10
82.64280151579
20
74.6838438640078
30
0
0
VERTEX
8
0
10
82.837713783516
20
74.6357099379091
30
0
0
VERTEX
8
0
10
83.0326260512419
20
74.5858703230688
30
0
0
VERTEX
8
0
10
83.2275383189678
20
74.5360594774589
30
0
0
VERTEX
8
0
10
83.4224505866937
20
74.4862774587957
30
0
0
VERTEX
8
0
10
83.6173628544196
20
74.4365243249162
30
0
0
VERTEX
8
0
10
83.8122751221456
20
74.3868001337786
30
0
0
VERTEX
8
0
10
84.0071873898715
20
74.3371049434624
30
0
0
VERTEX
8
0
10
84.2020996575974
20
74.2874388121686
30
0
0
VERTEX
8
0
10
84.3970119253233
20
74.2378017982199
30
0
0
VERTEX
8
0
10
84.5919241930492
20
74.1881939600609
30
0
0
VERTEX
8
0
10
84.7868364607751
20
74.138615356258
30
0
0
VERTEX
8
0
10
84.9817487285011
20
74.0890660455001
30
0
0
VERTEX
8
0
10
85.176660996227
20
74.0403679861945
30
0
0
VERTEX
8
0
10
85.3715732639529
20
73.9952082384016
30
0
0
VERTEX
8
0
10
85.5664855316788
20
73.9505298327464
30
0
0
VERTEX
8
0
10
85.7613977994047
20
73.9058926028717
30
0
0
VERTEX
8
0
10
85.9563100671306
20
73.8612966234299
30
0
0
VERTEX
8
0
10
86.1512223348566
20
73.8167419691847
30
0
0
VERTEX
8
0
10
86.3461346025825
20
73.7722287150111
30
0
0
VERTEX
8
0
10
86.5410468703084
20
73.7277569358949
30
0
0
VERTEX
8
0
10
86.7359591380343
20
73.6833267069336
30
0
0
VERTEX
8
0
10
86.9308714057602
20
73.6389381033351
30
0
0
VERTEX
8
0
10
87.1257836734862
20
73.5945912004186
30
0
0
VERTEX
8
0
10
87.3206959412121
20
73.5502860736139
30
0
0
VERTEX
8
0
10
87.515608208938
20
73.5060227984616
30
0
0
VERTEX
8
0
10
87.7105204766639
20
73.4651577668046
30
0
0
VERTEX
8
0
10
87.9054327443898
20
73.4268069643018
30
0
0
VERTEX
8
0
10
88.1003450121157
20
73.3894196934481
30
0
0
VERTEX
8
0
10
88.2952572798417
20
73.3518361000469
30
0
0
VERTEX
8
0
10
88.4901695475676
20
73.3142927657972
30
0
0
VERTEX
8
0
10
88.6850818152935
20
73.2767897525792
30
0
0
VERTEX
8
0
10
88.8799940830194
20
73.2393271223336
30
0
0
VERTEX
8
0
10
89.0749063507453
20
73.2019049370608
30
0
0
VERTEX
8
0
10
89.2698186184712
20
73.1645232588211
30
0
0
VERTEX
8
0
10
89.4647308861972
20
73.1271821497348
30
0
0
VERTEX
8
0
10
89.6596431539231
20
73.0898816719811
30
0
0
VERTEX
8
0
10
89.854555421649
20
73.0526218877989
30
0
0
VERTEX
8
0
10
90.0494676893749
20
73.015402859486
30
0
0
VERTEX
8
0
10
90.2443799571008
20
72.9782246493991
30
0
0
VERTEX
8
0
10
90.4392922248268
20
72.941833466998
30
0
0
VERTEX
8
0
10
90.6342044925527
20
72.9057419893448
30
0
0
VERTEX
8
0
10
90.8291167602786
20
72.8697632526001
30
0
0
VERTEX
8
0
10
91.0240290280045
20
72.8338261444959
30
0
0
VERTEX
8
0
10
91.2189412957304
20
72.7979307266829
30
0
0
VERTEX
8
0
10
91.4138535634563
20
72.7620770608618
30
0
0
VERTEX
8
0
10
91.6087658311823
20
72.726265208783
30
0
0
VERTEX
8
0
10
91.8036780989082
20
72.6904952322467
30
0
0
VERTEX
8
0
10
91.9985903666341
20
72.6547671931026
30
0
0
VERTEX
8
0
10
92.19350263436
20
72.619081153249
30
0
0
VERTEX
8
0
10
92.3884149020859
20
72.5834371746337
30
0
0
VERTEX
8
0
10
92.5833271698119
20
72.5478353192528
30
0
0
VERTEX
8
0
10
92.7782394375378
20
72.512275649151
30
0
0
VERTEX
8
0
10
92.9731517052637
20
72.4767582264209
30
0
0
VERTEX
8
0
10
93.1680639729896
20
72.4519757402919
30
0
0
VERTEX
8
0
10
93.3629762407155
20
72.4219573139384
30
0
0
VERTEX
8
0
10
93.5578885084415
20
72.3923307849727
30
0
0
VERTEX
8
0
10
93.7528007761674
20
72.3627373803076
30
0
0
VERTEX
8
0
10
93.9477130438933
20
72.3331771405992
30
0
0
VERTEX
8
0
10
94.1426253116192
20
72.3036501065246
30
0
0
VERTEX
8
0
10
94.3375375793451
20
72.2741563187814
30
0
0
VERTEX
8
0
10
94.532449847071
20
72.2446958180879
30
0
0
VERTEX
8
0
10
94.7273621147969
20
72.2152686451828
30
0
0
VERTEX
8
0
10
94.9222743825229
20
72.1858748408253
30
0
0
VERTEX
8
0
10
95.1171866502488
20
72.1565144457945
30
0
0
VERTEX
8
0
10
95.3120989179747
20
72.1271875008895
30
0
0
VERTEX
8
0
10
95.5070111857006
20
72.0978940469297
30
0
0
VERTEX
8
0
10
95.7019234534265
20
72.0719924909343
30
0
0
VERTEX
8
0
10
95.8968357211525
20
72.0458421188891
30
0
0
VERTEX
8
0
10
96.0917479888784
20
72.019504635563
30
0
0
VERTEX
8
0
10
96.2866602566043
20
71.9931964833803
30
0
0
VERTEX
8
0
10
96.4815725243302
20
71.9669176945079
30
0
0
VERTEX
8
0
10
96.6764847920561
20
71.9406683011236
30
0
0
VERTEX
8
0
10
96.8713970597821
20
71.9144483354163
30
0
0
VERTEX
8
0
10
97.066309327508
20
71.8882578295856
30
0
0
VERTEX
8
0
10
97.2612215952339
20
71.8620968158419
30
0
0
VERTEX
8
0
10
97.4561338629598
20
71.8359653264062
30
0
0
VERTEX
8
0
10
97.6510461306857
20
71.8098633935101
30
0
0
VERTEX
8
0
10
97.8459583984116
20
71.7837910493955
30
0
0
VERTEX
8
0
10
98.0408706661376
20
71.7577483263147
30
0
0
VERTEX
8
0
10
98.2357829338635
20
71.7317352565299
30
0
0
VERTEX
8
0
10
98.4306952015894
20
71.7037666016171
30
0
0
VERTEX
8
0
10
98.6256074693153
20
71.6759539501703
30
0
0
VERTEX
8
0
10
98.8205197370412
20
71.6482291881055
30
0
0
VERTEX
8
0
10
99.0154320047671
20
71.6205342495401
30
0
0
VERTEX
8
0
10
99.2103442724931
20
71.5928691690848
30
0
0
VERTEX
8
0
10
99.405256540219
20
71.5652339813664
30
0
0
VERTEX
8
0
10
99.6001688079449
20
71.537628721028
30
0
0
VERTEX
8
0
10
99.7950810756708
20
71.5100534227283
30
0
0
VERTEX
8
0
10
99.9899933433967
20
71.4825081211422
30
0
0
VERTEX
8
0
10
100.184905611123
20
71.45499285096
30
0
0
VERTEX
8
0
10
100.379817878849
20
71.4275076468879
30
0
0
VERTEX
8
0
10
100.574730146574
20
71.4000525436473
30
0
0
VERTEX
8
0
10
100.7696424143
20
71.3726275759752
30
0
0
VERTEX
8
0
10
100.964554682026
20
71.3458316772939
30
0
0
VERTEX
8
0
10
101.159466949752
20
71.3198693953018
30
0
0
VERTEX
8
0
10
101.354379217478
20
71.2943814546328
30
0
0
VERTEX
8
0
10
101.549291485204
20
71.2689261203245
30
0
0
VERTEX
8
0
10
101.74420375293
20
71.2435034273276
30
0
0
VERTEX
8
0
10
101.939116020656
20
71.218113410598
30
0
0
VERTEX
8
0
10
102.134028288382
20
71.1927561050965
30
0
0
VERTEX
8
0
10
102.328940556108
20
71.1674315457886
30
0
0
VERTEX
8
0
10
102.523852823834
20
71.1421397676444
30
0
0
VERTEX
8
0
10
102.71876509156
20
71.1168808056385
30
0
0
VERTEX
8
0
10
102.913677359286
20
71.0916546947497
30
0
0
VERTEX
8
0
10
103.108589627011
20
71.0664614699609
30
0
0
VERTEX
8
0
10
103.303501894737
20
71.0413011662593
30
0
0
VERTEX
8
0
10
103.498414162463
20
71.0161738186356
30
0
0
VERTEX
8
0
10
103.693326430189
20
70.971826488429
30
0
0
VERTEX
8
0
10
103.888238697915
20
70.928633620957
30
0
0
VERTEX
8
0
10
104.083150965641
20
70.8856700664684
30
0
0
VERTEX
8
0
10
104.278063233367
20
70.8427430393307
30
0
0
VERTEX
8
0
10
104.472975501093
20
70.7998526059851
30
0
0
VERTEX
8
0
10
104.667887768819
20
70.7569988329774
30
0
0
VERTEX
8
0
10
104.862800036545
20
70.7141817869575
30
0
0
VERTEX
8
0
10
105.057712304271
20
70.6714015346798
30
0
0
VERTEX
8
0
10
105.252624571997
20
70.6286581430029
30
0
0
VERTEX
8
0
10
105.447536839722
20
70.5859516788897
30
0
0
VERTEX
8
0
10
105.642449107448
20
70.5432822094075
30
0
0
VERTEX
8
0
10
105.837361375174
20
70.5006498017275
30
0
0
VERTEX
8
0
10
106.0322736429
20
70.4580545231252
30
0
0
VERTEX
8
0
10
106.227185910626
20
70.4107561986286
30
0
0
VERTEX
8
0
10
106.422098178352
20
70.3625035152037
30
0
0
VERTEX
8
0
10
106.617010446078
20
70.3148642919926
30
0
0
VERTEX
8
0
10
106.811922713804
20
70.2672711668822
30
0
0
VERTEX
8
0
10
107.00683498153
20
70.2197242336049
30
0
0
VERTEX
8
0
10
107.201747249256
20
70.1722235860559
30
0
0
VERTEX
8
0
10
107.396659516982
20
70.1247693182935
30
0
0
VERTEX
8
0
10
107.591571784708
20
70.0773615245384
30
0
0
VERTEX
8
0
10
107.786484052433
20
70.0300002991745
30
0
0
VERTEX
8
0
10
107.981396320159
20
69.9826857367482
30
0
0
VERTEX
8
0
10
108.176308587885
20
69.9354179319682
30
0
0
VERTEX
8
0
10
108.371220855611
20
69.8881969797062
30
0
0
VERTEX
8
0
10
108.566133123337
20
69.8410229749959
30
0
0
VERTEX
8
0
10
108.761045391063
20
69.7938960130335
30
0
0
VERTEX
8
0
10
108.955957658789
20
69.7510191891422
30
0
0
VERTEX
8
0
10
109.150869926515
20
69.7055495083463
30
0
0
VERTEX
8
0
10
109.345782194241
20
69.6600567666502
30
0
0
VERTEX
8
0
10
109.540694461967
20
69.6146027952087
30
0
0
VERTEX
8
0
10
109.735606729693
20
69.5691876700151
30
0
0
VERTEX
8
0
10
109.930518997419
20
69.5238114671962
30
0
0
VERTEX
8
0
10
110.125431265144
20
69.4784742630122
30
0
0
VERTEX
8
0
10
110.32034353287
20
69.433176133857
30
0
0
VERTEX
8
0
10
110.515255800596
20
69.387917156258
30
0
0
VERTEX
8
0
10
110.710168068322
20
69.3426974068761
30
0
0
VERTEX
8
0
10
110.905080336048
20
69.2975169625059
30
0
0
VERTEX
8
0
10
111.099992603774
20
69.2523759000756
30
0
0
VERTEX
8
0
10
111.2949048715
20
69.2072742966466
30
0
0
VERTEX
8
0
10
111.489817139226
20
69.1603917017969
30
0
0
VERTEX
8
0
10
111.684729406952
20
69.1125862903099
30
0
0
VERTEX
8
0
10
111.879641674678
20
69.0648230753291
30
0
0
VERTEX
8
0
10
112.074553942404
20
69.0171021444606
30
0
0
VERTEX
8
0
10
112.26946621013
20
68.9694235854755
30
0
0
VERTEX
8
0
10
112.464378477855
20
68.9217874863095
30
0
0
VERTEX
8
0
10
112.659290745581
20
68.8741939350631
30
0
0
VERTEX
8
0
10
112.854203013307
20
68.826643020002
30
0
0
VERTEX
8
0
10
113.049115281033
20
68.7791348295567
30
0
0
VERTEX
8
0
10
113.244027548759
20
68.7316694523223
30
0
0
VERTEX
8
0
10
113.438939816485
20
68.6842469770594
30
0
0
VERTEX
8
0
10
113.633852084211
20
68.6368674926931
30
0
0
VERTEX
8
0
10
113.828764351937
20
68.5895310883137
30
0
0
VERTEX
8
0
10
114.023676619663
20
68.5422378531765
30
0
0
VERTEX
8
0
10
114.218588887389
20
68.509535285019
30
0
0
VERTEX
8
0
10
114.413501155115
20
68.4664117927093
30
0
0
VERTEX
8
0
10
114.608413422841
20
68.4220128063179
30
0
0
VERTEX
8
0
10
114.803325690566
20
68.3776264351845
30
0
0
VERTEX
8
0
10
114.998237958292
20
68.3332527038923
30
0
0
VERTEX
8
0
10
115.193150226018
20
68.288891637081
30
0
0
VERTEX
8
0
10
115.388062493744
20
68.2445432594475
30
0
0
VERTEX
8
0
10
115.58297476147
20
68.2002075957459
30
0
0
VERTEX
8
0
10
115.777887029196
20
68.1558846707877
30
0
0
VERTEX
8
0
10
115.972799296922
20
68.1115745094417
30
0
0
VERTEX
8
0
10
116.167711564648
20
68.0672771366341
30
0
0
VERTEX
8
0
10
116.362623832374
20
68.0229925773493
30
0
0
VERTEX
8
0
10
116.5575361001
20
67.9787208566292
30
0
0
VERTEX
8
0
10
116.752448367826
20
67.9363922604431
30
0
0
VERTEX
8
0
10
116.947360635552
20
67.8955921710085
30
0
0
VERTEX
8
0
10
117.142272903278
20
67.8531392664465
30
0
0
VERTEX
8
0
10
117.337185171003
20
67.8111070230826
30
0
0
VERTEX
8
0
10
117.532097438729
20
67.7690843572475
30
0
0
VERTEX
8
0
10
117.727009706455
20
67.7270712867689
30
0
0
VERTEX
8
0
10
117.921921974181
20
67.6850678295149
30
0
0
VERTEX
8
0
10
118.116834241907
20
67.6430740033936
30
0
0
VERTEX
8
0
10
118.311746509633
20
67.6010898263536
30
0
0
VERTEX
8
0
10
118.506658777359
20
67.5591153163839
30
0
0
VERTEX
8
0
10
118.701571045085
20
67.5171504915142
30
0
0
VERTEX
8
0
10
118.896483312811
20
67.475195369815
30
0
0
VERTEX
8
0
10
119.091395580537
20
67.4332499693973
30
0
0
VERTEX
8
0
10
119.286307848263
20
67.3913143084131
30
0
0
VERTEX
8
0
10
119.481220115989
20
67.3493884050556
30
0
0
VERTEX
8
0
10
119.676132383714
20
67.3074722775587
30
0
0
VERTEX
8
0
10
119.87104465144
20
67.2655659441978
30
0
0
VERTEX
8
0
10
120.065956919166
20
67.2236694232895
30
0
0
VERTEX
8
0
10
120.260869186892
20
67.1817827331918
30
0
0
VERTEX
8
0
10
120.455781454618
20
67.1399058923042
30
0
0
VERTEX
8
0
10
120.650693722344
20
67.0980389190678
30
0
0
VERTEX
8
0
10
120.84560599007
20
67.0561818319653
30
0
0
VERTEX
8
0
10
121.040518257796
20
67.0143346495215
30
0
0
VERTEX
8
0
10
121.235430525522
20
66.9724973903027
30
0
0
VERTEX
8
0
10
121.430342793248
20
66.9306700729176
30
0
0
VERTEX
8
0
10
121.625255060974
20
66.8888527160168
30
0
0
VERTEX
8
0
10
121.8201673287
20
66.8470453382931
30
0
0
VERTEX
8
0
10
122.015079596425
20
66.8052479584818
30
0
0
VERTEX
8
0
10
122.209991864151
20
66.7674777757469
30
0
0
VERTEX
8
0
10
122.404904131877
20
66.7294871316886
30
0
0
VERTEX
8
0
10
122.599816399603
20
66.6913071426271
30
0
0
VERTEX
8
0
10
122.794728667329
20
66.6531369688655
30
0
0
VERTEX
8
0
10
122.989640935055
20
66.6149766272762
30
0
0
VERTEX
8
0
10
123.184553202781
20
66.5768261347661
30
0
0
VERTEX
8
0
10
123.379465470507
20
66.5386855082762
30
0
0
VERTEX
8
0
10
123.574377738233
20
66.5005547647821
30
0
0
VERTEX
8
0
10
123.769290005959
20
66.4624339212941
30
0
0
VERTEX
8
0
10
123.964202273685
20
66.424322994857
30
0
0
VERTEX
8
0
10
124.159114541411
20
66.3862220025502
30
0
0
VERTEX
8
0
10
124.354026809136
20
66.348130961488
30
0
0
VERTEX
8
0
10
124.548939076862
20
66.3100498888196
30
0
0
VERTEX
8
0
10
124.743851344588
20
66.2801397454573
30
0
0
VERTEX
8
0
10
124.938763612314
20
66.2477148646414
30
0
0
VERTEX
8
0
10
125.13367588004
20
66.2138235783774
30
0
0
VERTEX
8
0
10
125.328588147766
20
66.1799347229027
30
0
0
VERTEX
8
0
10
125.523500415492
20
66.1460483019535
30
0
0
VERTEX
8
0
10
125.718412683218
20
66.1121643192733
30
0
0
VERTEX
8
0
10
125.913324950944
20
66.078282778613
30
0
0
VERTEX
8
0
10
126.10823721867
20
66.0444036837309
30
0
0
VERTEX
8
0
10
126.303149486396
20
66.0105270383929
30
0
0
VERTEX
8
0
10
126.498061754122
20
65.9766528463722
30
0
0
VERTEX
8
0
10
126.692974021847
20
65.9427811114496
30
0
0
VERTEX
8
0
10
126.887886289573
20
65.9089118374132
30
0
0
VERTEX
8
0
10
127.082798557299
20
65.8750450280589
30
0
0
VERTEX
8
0
10
127.277710825025
20
65.8411806871899
30
0
0
VERTEX
8
0
10
127.472623092751
20
65.8110612613384
30
0
0
VERTEX
8
0
10
127.667535360477
20
65.7755166133197
30
0
0
VERTEX
8
0
10
127.862447628203
20
65.740517104791
30
0
0
VERTEX
8
0
10
128.057359895929
20
65.7055179637377
30
0
0
VERTEX
8
0
10
128.252272163655
20
65.670519190747
30
0
0
VERTEX
8
0
10
128.447184431381
20
65.635520786408
30
0
0
VERTEX
8
0
10
128.642096699107
20
65.6005227513105
30
0
0
VERTEX
8
0
10
128.837008966833
20
65.5655250860458
30
0
0
VERTEX
8
0
10
129.031921234558
20
65.5305277912066
30
0
0
VERTEX
8
0
10
129.226833502284
20
65.4955308673866
30
0
0
VERTEX
8
0
10
129.42174577001
20
65.460534315181
30
0
0
VERTEX
8
0
10
129.616658037736
20
65.4255381351859
30
0
0
VERTEX
8
0
10
129.811570305462
20
65.3905423279991
30
0
0
VERTEX
8
0
10
130.006482573188
20
65.3566718392299
30
0
0
VERTEX
8
0
10
130.201394840914
20
65.3227836993054
30
0
0
VERTEX
8
0
10
130.39630710864
20
65.2887211069149
30
0
0
VERTEX
8
0
10
130.591219376366
20
65.2546586921769
30
0
0
VERTEX
8
0
10
130.786131644092
20
65.2205964553697
30
0
0
VERTEX
8
0
10
130.981043911818
20
65.1865343967725
30
0
0
VERTEX
8
0
10
131.175956179544
20
65.1524725166646
30
0
0
VERTEX
8
0
10
131.37086844727
20
65.1184108153261
30
0
0
VERTEX
8
0
10
131.565780714995
20
65.0843492930377
30
0
0
VERTEX
8
0
10
131.760692982721
20
65.0502879500807
30
0
0
VERTEX
8
0
10
131.955605250447
20
65.0162267867369
30
0
0
VERTEX
8
0
10
132.150517518173
20
64.9821658032887
30
0
0
VERTEX
8
0
10
132.345429785899
20
64.9481050000193
30
0
0
VERTEX
8
0
10
132.540342053625
20
64.9140443772121
30
0
0
VERTEX
8
0
10
132.735254321351
20
64.877371598485
30
0
0
VERTEX
8
0
10
132.930166589077
20
64.8408175175323
30
0
0
VERTEX
8
0
10
133.125078856803
20
64.8042840095509
30
0
0
VERTEX
8
0
10
133.319991124529
20
64.7677507538867
30
0
0
VERTEX
8
0
10
133.514903392255
20
64.7312177509668
30
0
0
VERTEX
8
0
10
133.709815659981
20
64.6946850012196
30
0
0
VERTEX
8
0
10
133.904727927706
20
64.6581525050741
30
0
0
VERTEX
8
0
10
134.099640195432
20
64.6216202629603
30
0
0
VERTEX
8
0
10
134.294552463158
20
64.5850882753095
30
0
0
VERTEX
8
0
10
134.489464730884
20
64.5485565425537
30
0
0
VERTEX
8
0
10
134.68437699861
20
64.5120250651258
30
0
0
VERTEX
8
0
10
134.879289266336
20
64.4754938434599
30
0
0
VERTEX
8
0
10
135.074201534062
20
64.4389628779909
30
0
0
VERTEX
8
0
10
135.269113801788
20
64.398447339677
30
0
0
VERTEX
8
0
10
135.464026069514
20
64.3540986744207
30
0
0
VERTEX
8
0
10
135.65893833724
20
64.3073793386591
30
0
0
VERTEX
8
0
10
135.853850604966
20
64.2606600029184
30
0
0
VERTEX
8
0
10
136.048762872692
20
64.2139406671986
30
0
0
VERTEX
8
0
10
136.243675140417
20
64.1672213314999
30
0
0
VERTEX
8
0
10
136.438587408143
20
64.1205019958221
30
0
0
VERTEX
8
0
10
136.633499675869
20
64.0737826601655
30
0
0
VERTEX
8
0
10
136.828411943595
20
64.02706332453
30
0
0
VERTEX
8
0
10
137.023324211321
20
63.9803439889157
30
0
0
VERTEX
8
0
10
137.218236479047
20
63.9336246533226
30
0
0
VERTEX
8
0
10
137.413148746773
20
63.8869053177508
30
0
0
VERTEX
8
0
10
137.608061014499
20
63.8401859822003
30
0
0
VERTEX
8
0
10
137.802973282225
20
63.7934666466712
30
0
0
VERTEX
8
0
10
137.997885549951
20
63.745940847424
30
0
0
VERTEX
8
0
10
138.192797817677
20
63.6997747241069
30
0
0
VERTEX
8
0
10
138.387710085403
20
63.6536689487121
30
0
0
VERTEX
8
0
10
138.582622353128
20
63.6075632726061
30
0
0
VERTEX
8
0
10
138.777534620854
20
63.5614576960052
30
0
0
VERTEX
8
0
10
138.97244688858
20
63.515352219126
30
0
0
VERTEX
8
0
10
139.167359156306
20
63.4692468421858
30
0
0
VERTEX
8
0
10
139.362271424032
20
63.4231415654026
30
0
0
VERTEX
8
0
10
139.557183691758
20
63.3770363889949
30
0
0
VERTEX
8
0
10
139.752095959484
20
63.330931313182
30
0
0
VERTEX
8
0
10
139.94700822721
20
63.2848263381837
30
0
0
VERTEX
8
0
10
140.141920494936
20
63.2387214642206
30
0
0
VERTEX
8
0
10
140.336832762662
20
63.1926166915138
30
0
0
VERTEX
8
0
10
140.531745030388
20
63.1469461544633
30
0
0
VERTEX
8
0
10
140.726657298114
20
63.101521911358
30
0
0
VERTEX
8
0
10
140.921569565839
20
63.0542760616766
30
0
0
VERTEX
8
0
10
141.116481833565
20
63.007556753003
30
0
0
VERTEX
8
0
10
141.311394101291
20
62.960837444391
30
0
0
VERTEX
8
0
10
141.506306369017
20
62.9141181358406
30
0
0
VERTEX
8
0
10
141.701218636743
20
62.8673988273521
30
0
0
VERTEX
8
0
10
141.896130904469
20
62.8206795189255
30
0
0
VERTEX
8
0
10
142.091043172195
20
62.773960210561
30
0
0
VERTEX
8
0
10
142.285955439921
20
62.7272409022587
30
0
0
VERTEX
8
0
10
142.480867707647
20
62.6805215940188
30
0
0
VERTEX
8
0
10
142.675779975373
20
62.6338022858413
30
0
0
VERTEX
8
0
10
142.870692243099
20
62.5870829777266
30
0
0
VERTEX
8
0
10
143.065604510825
20
62.5403636696746
30
0
0
VERTEX
8
0
10
143.260516778551
20
62.494386770341
30
0
0
VERTEX
8
0
10
143.455429046276
20
62.4476055699534
30
0
0
VERTEX
8
0
10
143.650341314002
20
62.4007032811243
30
0
0
VERTEX
8
0
10
143.845253581728
20
62.3538010403914
30
0
0
VERTEX
8
0
10
144.040165849454
20
62.3068988478634
30
0
0
VERTEX
8
0
10
144.23507811718
20
62.2599967036492
30
0
0
VERTEX
8
0
10
144.429990384906
20
62.213094607858
30
0
0
VERTEX
8
0
10
144.624902652632
20
62.1661925605996
30
0
0
VERTEX
8
0
10
144.819814920358
20
62.1192905619838
30
0
0
VERTEX
8
0
10
145.014727188084
20
62.0723886121209
30
0
0
VERTEX
8
0
10
145.20963945581
20
62.0254867111215
30
0
0
VERTEX
8
0
10
145.404551723536
20
61.9785848590964
30
0
0
VERTEX
8
0
10
145.599463991262
20
61.9316830561571
30
0
0
VERTEX
8
0
10
145.794376258987
20
61.8877448146551
30
0
0
VERTEX
8
0
10
145.989288526713
20
61.8462874444927
30
0
0
VERTEX
8
0
10
146.184200794439
20
61.8003010007349
30
0
0
VERTEX
8
0
10
146.379113062165
20
61.7553959244322
30
0
0
VERTEX
8
0
10
146.574025329891
20
61.7104926897045
30
0
0
VERTEX
8
0
10
146.768937597617
20
61.6655913005747
30
0
0
VERTEX
8
0
10
146.963849865343
20
61.6206917610773
30
0
0
VERTEX
8
0
10
147.158762133069
20
61.5757940752585
30
0
0
VERTEX
8
0
10
147.353674400795
20
61.530898247176
30
0
0
VERTEX
8
0
10
147.548586668521
20
61.4860042808992
30
0
0
VERTEX
8
0
10
147.743498936247
20
61.4411121805094
30
0
0
VERTEX
8
0
10
147.938411203973
20
61.3962219500995
30
0
0
VERTEX
8
0
10
148.133323471698
20
61.3513335937742
30
0
0
VERTEX
8
0
10
148.328235739424
20
61.30644711565
30
0
0
VERTEX
8
0
10
148.52314800715
20
61.2615625198556
30
0
0
VERTEX
8
0
10
148.718060274876
20
61.2170089390167
30
0
0
VERTEX
8
0
10
148.912972542602
20
61.1725576124602
30
0
0
VERTEX
8
0
10
149.107884810328
20
61.12810794803
30
0
0
VERTEX
8
0
10
149.302797078054
20
61.0836599493547
30
0
0
VERTEX
8
0
10
149.49770934578
20
61.0392136200732
30
0
0
VERTEX
8
0
10
149.692621613506
20
60.994768963835
30
0
0
VERTEX
8
0
10
149.887533881232
20
60.9503259843
30
0
0
VERTEX
8
0
10
150.082446148958
20
60.9058846851386
30
0
0
VERTEX
8
0
10
150.277358416684
20
60.861445070032
30
0
0
VERTEX
8
0
10
150.472270684409
20
60.8170071426716
30
0
0
VERTEX
8
0
10
150.667182952135
20
60.77257090676
30
0
0
VERTEX
8
0
10
150.862095219861
20
60.7281363660101
30
0
0
VERTEX
8
0
10
151.057007487587
20
60.6837035241456
30
0
0
VERTEX
8
0
10
151.251919755313
20
60.642242684798
30
0
0
VERTEX
8
0
10
151.446832023039
20
60.5982958930468
30
0
0
VERTEX
8
0
10
151.641744290765
20
60.5546335524446
30
0
0
VERTEX
8
0
10
151.836656558491
20
60.5109742329334
30
0
0
VERTEX
8
0
10
152.031568826217
20
60.4673179410571
30
0
0
VERTEX
8
0
10
152.226481093943
20
60.4236646833782
30
0
0
VERTEX
8
0
10
152.421393361669
20
60.3800144664776
30
0
0
VERTEX
8
0
10
152.616305629395
20
60.3363672969548
30
0
0
VERTEX
8
0
10
152.81121789712
20
60.292723181428
30
0
0
VERTEX
8
0
10
153.006130164846
20
60.2490821265341
30
0
0
VERTEX
8
0
10
153.201042432572
20
60.2054441389289
30
0
0
VERTEX
8
0
10
153.395954700298
20
60.1618092252867
30
0
0
VERTEX
8
0
10
153.590866968024
20
60.118177392301
30
0
0
VERTEX
8
0
10
153.78577923575
20
60.0774737669207
30
0
0
VERTEX
8
0
10
153.980691503476
20
60.040849681424
30
0
0
VERTEX
8
0
10
154.175603771202
20
60.0060622912684
30
0
0
VERTEX
8
0
10
154.370516038928
20
59.9712756435178
30
0
0
VERTEX
8
0
10
154.565428306654
20
59.9364897394651
30
0
0
VERTEX
8
0
10
154.76034057438
20
59.9017045804056
30
0
0
VERTEX
8
0
10
154.955252842106
20
59.8669201676382
30
0
0
VERTEX
8
0
10
155.150165109832
20
59.8321365024643
30
0
0
VERTEX
8
0
10
155.345077377557
20
59.7973535861886
30
0
0
SEQEND
8
0
0
POLYLINE
8
0
62
3
70
0
10
0
20
0
30
0
0
VERTEX
8
0
10
3.31350855134067
20
10.3331638683708
30
0
0
VERTEX
8
0
10
3.5084208190666
20
14.0225653129083
30
0
0
VERTEX
8
0
10
3.70333308679252
20
20.8442330421509
30
0
0
VERTEX
8
0
10
3.89824535451844
20
15.3238049228832
30
0
0
VERTEX
8
0
10
4.09315762224436
20
13.3294498957127
30
0
0
VERTEX
8
0
10
4.28806988997029
20
16.7861838378363
30
0
0
VERTEX
8
0
10
4.48298215769621
20
22.6020593489335
30
0
0
VERTEX
8
0
10
4.67789442542213
20
17.8025120229946
30
0
0
VERTEX
8
0
10
4.87280669314805
20
16.3355266817286
30
0
0
VERTEX
8
0
10
5.06771896087397
20
18.9296964151603
30
0
0
VERTEX
8
0
10
5.2626312285999
20
24.3394393878988
30
0
0
VERTEX
8
0
10
5.45754349632582
20
20.3642069281244
30
0
0
VERTEX
8
0
10
5.65245576405174
20
18.7104936357643
30
0
0
VERTEX
8
0
10
5.84736803177766
20
21.2747736258432
30
0
0
VERTEX
8
0
10
6.04228029950359
20
26.1097141478943
30
0
0
VERTEX
8
0
10
6.23719256722951
20
22.3565486306254
30
0
0
VERTEX
8
0
10
6.43210483495543
20
21.3408138102783
30
0
0
VERTEX
8
0
10
6.62701710268135
20
23.6712391780156
30
0
0
VERTEX
8
0
10
6.82192937040727
20
27.4603542733027
30
0
0
VERTEX
8
0
10
7.0168416381332
20
24.587380245694
30
0
0
VERTEX
8
0
10
7.21175390585912
20
23.9652995472824
30
0
0
VERTEX
8
0
10
7.40666617358504
20
25.5512636264218
30
0
0
VERTEX
8
0
10
7.60157844131096
20
29.1008063750387
30
0
0
VERTEX
8
0
10
7.79649070903688
20
26.8263988666304
30
0
0
VERTEX
8
0
10
7.99140297676281
20
26.049449387651
30
0
0
VERTEX
8
0
10
8.18631524448873
20
27.7003584933483
30
0
0
VERTEX
8
0
10
8.38122751221465
20
30.8101234517275
30
0
0
VERTEX
8
0
10
8.57613977994057
20
28.6415240973178
30
0
0
VERTEX
8
0
10
8.7710520476665
20
28.3387069558918
30
0
0
VERTEX
8
0
10
8.96596431539242
20
29.8101313624634
30
0
0
VERTEX
8
0
10
9.16087658311834
20
32.2375687575312
30
0
0
VERTEX
8
0
10
9.35578885084426
20
30.6689986409488
30
0
0
VERTEX
8
0
10
9.55070111857018
20
30.547780902215
30
0
0
VERTEX
8
0
10
9.74561338629611
20
31.5685915540411
30
0
0
VERTEX
8
0
10
9.94052565402203
20
33.9002845730766
30
0
0
VERTEX
8
0
10
10.135437921748
20
32.6608863045354
30
0
0
VERTEX
8
0
10
10.3303501894739
20
32.3973455615019
30
0
0
VERTEX
8
0
10
10.5252624571998
20
33.4906781669508
30
0
0
VERTEX
8
0
10
10.7201747249257
20
35.5837674359425
30
0
0
VERTEX
8
0
10
10.9150869926516
20
34.3599075748549
30
0
0
VERTEX
8
0
10
11.1099992603776
20
34.3689726846204
30
0
0
VERTEX
8
0
10
11.3049115281035
20
35.3796205200802
30
0
0
VERTEX
8
0
10
11.4998237958294
20
37.0512020315417
30
0
0
VERTEX
8
0
10
11.6947360635553
20
36.1857267035185
30
0
0
VERTEX
8
0
10
11.8896483312813
20
36.2887567464935
30
0
0
VERTEX
8
0
10
12.0845605990072
20
37.0201560457041
30
0
0
VERTEX
8
0
10
12.2794728667331
20
38.6590127621292
30
0
0
VERTEX
8
0
10
12.474385134459
20
37.981037193894
30
0
0
VERTEX
8
0
10
12.6692974021849
20
37.9613694400805
30
0
0
VERTEX
8
0
10
12.8642096699109
20
38.7592165537257
30
0
0
VERTEX
8
0
10
13.0591219376368
20
40.2654443826816
30
0
0
VERTEX
8
0
10
13.2540342053627
20
39.5628022052065
30
0
0
VERTEX
8
0
10
13.4489464730886
20
39.7107557599502
30
0
0
VERTEX
8
0
10
13.6438587408145
20
40.469594504587
30
0
0
VERTEX
8
0
10
13.8387710085405
20
41.6992274443143
30
0
0
VERTEX
8
0
10
14.0336832762664
20
41.2218939180409
30
0
0
VERTEX
8
0
10
14.2285955439923
20
41.4231226258774
30
0
0
VERTEX
8
0
10
14.4235078117182
20
41.9937081413104
30
0
0
VERTEX
8
0
10
14.6184200794442
20
43.2173220507562
30
0
0
VERTEX
8
0
10
14.8133323471701
20
42.8538326396814
30
0
0
VERTEX
8
0
10
15.008244614896
20
42.9528047338976
30
0
0
VERTEX
8
0
10
15.2031568826219
20
43.5789049364615
30
0
0
VERTEX
8
0
10
15.3980691503478
20
44.7237240216075
30
0
0
VERTEX
8
0
10
15.5929814180738
20
44.3213770509435
30
0
0
VERTEX
8
0
10
15.7878936857997
20
44.5317835434205
30
0
0
VERTEX
8
0
10
15.9828059535256
20
45.1381223882182
30
0
0
VERTEX
8
0
10
16.1777182212515
20
46.0890933504505
30
0
0
VERTEX
8
0
10
16.3726304889775
20
45.8374834877823
30
0
0
VERTEX
8
0
10
16.5675427567034
20
46.0807798642459
30
0
0
VERTEX
8
0
10
16.7624550244293
20
46.5506824122646
30
0
0
VERTEX
8
0
10
16.9573672921552
20
47.5067142436274
30
0
0
VERTEX
8
0
10
17.1522795598811
20
47.3286089343734
30
0
0
VERTEX
8
0
10
17.3471918276071
20
47.4867684016228
30
0
0
VERTEX
8
0
10
17.542104095333
20
48.0019621998982
30
0
0
VERTEX
8
0
10
17.7370163630589
20
48.9081746591692
30
0
0
VERTEX
8
0
10
17.9319286307848
20
48.6877334191515
30
0
0
VERTEX
8
0
10
18.1268408985108
20
48.9245968433254
30
0
0
VERTEX
8
0
10
18.3217531662367
20
49.4291057681983
30
0
0
VERTEX
8
0
10
18.5166654339626
20
50.1920494812877
30
0
0
VERTEX
8
0
10
18.7115777016885
20
50.0777564727911
30
0
0
VERTEX
8
0
10
18.9064899694144
20
50.336228525563
30
0
0
VERTEX
8
0
10
19.1014022371404
20
50.736507924841
30
0
0
VERTEX
8
0
10
19.2963145048663
20
51.5088661673254
30
0
0
VERTEX
8
0
10
19.4912267725922
20
51.444404053651
30
0
0
VERTEX
8
0
10
19.6861390403181
20
51.6313117893215
30
0
0
VERTEX
8
0
10
19.8810513080441
20
52.0684958704283
30
0
0
VERTEX
8
0
10
20.07596357577
20
52.8077083725497
30
0
0
VERTEX
8
0
10
20.2708758434959
20
52.7017142213649
30
0
0
VERTEX
8
0
10
20.4657881112218
20
52.9466875849348
30
0
0
VERTEX
8
0
10
20.6607003789477
20
53.3777968595242
30
0
0
VERTEX
8
0
10
20.8556126466737
20
54.0067136102072
30
0
0
VERTEX
8
0
10
21.0505249143996
20
53.9784665493964
30
0
0
VERTEX
8
0
10
21.2454371821255
20
54.2382726660227
30
0
0
VERTEX
8
0
10
21.4403494498514
20
54.5866803972267
30
0
0
VERTEX
8
0
10
21.6352617175774
20
55.2263442341598
30
0
0
VERTEX
8
0
10
21.8301739853033
20
55.2331778277743
30
0
0
VERTEX
8
0
10
22.0250862530292
20
55.4321312878067
30
0
0
VERTEX
8
0
10
22.2199985207551
20
55.8107649631042
30
0
0
VERTEX
8
0
10
22.414910788481
20
56.4274479892505
30
0
0
VERTEX
8
0
10
22.609823056207
20
56.3952062843464
30
0
0
VERTEX
8
0
10
22.8047353239329
20
56.6383690798799
30
0
0
VERTEX
8
0
10
22.9996475916588
20
57.0134156919664
30
0
0
VERTEX
8
0
10
23.1945598593847
20
57.5424754597253
30
0
0
VERTEX
8
0
10
23.3894721271107
20
57.5689138228537
30
0
0
VERTEX
8
0
10
23.5843843948366
20
57.822580141074
30
0
0
VERTEX
8
0
10
23.7792966625625
20
58.130146299602
30
0
0
VERTEX
8
0
10
23.9742089302884
20
58.6698963535191
30
0
0
VERTEX
8
0
10
24.1691211980143
20
58.7217699988085
30
0
0
VERTEX
8
0
10
24.3640334657403
20
58.9231274550196
30
0
0
VERTEX
8
0
10
24.5589457334662
20
59.2556050658951
30
0
0
VERTEX
8
0
10
24.7538580011921
20
59.7788733518427
30
0
0
VERTEX
8
0
10
24.948770268918
20
59.7946726177659
30
0
0
VERTEX
8
0
10
25.143682536644
20
60.030474467274
30
0
0
VERTEX
8
0
10
25.3385948043699
20
60.3607711292105
30
0
0
VERTEX
8
0
10
25.5335070720958
20
60.8126970823257
30
0
0
VERTEX
8
0
10
25.7284193398217
20
60.873818387952
30
0
0
VERTEX
8
0
10
25.9233316075476
20
61.1172263301268
30
0
0
VERTEX
8
0
10
26.1182438752736
20
61.3912837564107
30
0
0
VERTEX
8
0
10
26.3131561429995
20
61.8532139157249
30
0
0
VERTEX
8
0
10
26.5080684107254
20
61.933213552401
30
0
0
VERTEX
8
0
10
26.7029806784513
20
62.1312276859196
30
0
0
VERTEX
8
0
10
26.8978929461773
20
62.4259330719584
30
0
0
VERTEX
8
0
10
27.0928052139032
20
62.8757042891022
30
0
0
VERTEX
8
0
10
27.2877174816291
20
62.9226982113904
30
0
0
VERTEX
8
0
10
27.482629749355
20
63.1480091978252
30
0
0
VERTEX
8
0
10
27.6775420170809
20
63.4413573340263
30
0
0
VERTEX
8
0
10
27.8724542848069
20
63.8319013371606
30
0
0
VERTEX
8
0
10
28.0673665525328
20
63.9145280252841
30
0
0
VERTEX
8
0
10
28.2622788202587
20
64.1454364860649
30
0
0
VERTEX
8
0
10
28.4571910879846
20
64.3911395965888
30
0
0
VERTEX
8
0
10
28.6521033557106
20
64.7907406827047
30
0
0
VERTEX
8
0
10
28.8470156234365
20
64.8876459231288
30
0
0
VERTEX
8
0
10
29.0419278911624
20
65.078842055973
30
0
0
VERTEX
8
0
10
29.2368401588883
20
65.3417362421289
30
0
0
VERTEX
8
0
10
29.4317524266142
20
65.7321518153238
30
0
0
VERTEX
8
0
10
29.6266646943402
20
65.798986944618
30
0
0
VERTEX
8
0
10
29.8215769620661
20
66.0120876920863
30
0
0
VERTEX
8
0
10
30.016489229792
20
66.2741215225245
30
0
0
VERTEX
8
0
10
30.2114014975179
20
66.6145965207253
30
0
0
VERTEX
8
0
10
30.4063137652439
20
66.7098320376783
30
0
0
VERTEX
8
0
10
30.6012260329698
20
66.927100066009
30
0
0
VERTEX
8
0
10
30.7961383006957
20
67.1482466939595
30
0
0
VERTEX
8
0
10
30.9910505684216
20
67.4967527337688
30
0
0
VERTEX
8
0
10
31.1859628361475
20
67.6029562856121
30
0
0
VERTEX
8
0
10
31.3808751038735
20
67.7852467175366
30
0
0
VERTEX
8
0
10
31.5757873715994
20
68.0207510780901
30
0
0
VERTEX
8
0
10
31.7706996393253
20
68.3621773857581
30
0
0
VERTEX
8
0
10
31.9656119070512
20
68.4410368077738
30
0
0
VERTEX
8
0
10
32.1605241747772
20
68.6410629212606
30
0
0
VERTEX
8
0
10
32.3554364425031
20
68.8760149630987
30
0
0
VERTEX
8
0
10
32.550348710229
20
69.1747997187782
30
0
0
VERTEX
8
0
10
32.7452609779549
20
69.2765306159537
30
0
0
VERTEX
8
0
10
32.9401732456808
20
69.4796850583306
30
0
0
VERTEX
8
0
10
33.1350855134068
20
69.6791889899121
30
0
0
VERTEX
8
0
10
33.3299977811327
20
69.9849898339328
30
0
0
VERTEX
8
0
10
33.5249100488586
20
70.0952557997057
30
0
0
VERTEX
8
0
10
33.7198223165845
20
70.2674301419138
30
0
0
VERTEX
8
0
10
33.9147345843105
20
70.4789458864337
30
0
0
VERTEX
8
0
10
34.1096468520364
20
70.779197571396
30
0
0
VERTEX
8
0
10
34.3045591197623
20
70.8646159215734
30
0
0
VERTEX
8
0
10
34.4994713874882
20
71.0512372410043
30
0
0
VERTEX
8
0
10
34.6943836552141
20
71.2623974990023
30
0
0
VERTEX
8
0
10
34.8892959229401
20
71.5258685152262
30
0
0
VERTEX
8
0
10
35.084208190666
20
71.6298459935534
30
0
0
VERTEX
8
0
10
35.2791204583919
20
71.8188299708714
30
0
0
VERTEX
8
0
10
35.4740327261178
20
71.9990066146693
30
0
0
VERTEX
8
0
10
35.6689449938438
20
72.2685329272052
30
0
0
VERTEX
8
0
10
35.8638572615697
20
72.3792268009833
30
0
0
VERTEX
8
0
10
36.0587695292956
20
72.5406458408165
30
0
0
VERTEX
8
0
10
36.2536817970215
20
72.7308741289498
30
0
0
VERTEX
8
0
10
36.4485940647474
20
72.9959904914449
30
0
0
VERTEX
8
0
10
36.6435063324734
20
73.0841094126242
30
0
0
VERTEX
8
0
10
36.8384186001993
20
73.2573374490737
30
0
0
VERTEX
8
0
10
37.0333308679252
20
73.4473410969778
30
0
0
VERTEX
8
0
10
37.2282431356511
20
73.6804706464715
30
0
0
VERTEX
8
0
10
37.4231554033771
20
73.7837276785156
30
0
0
VERTEX
8
0
10
37.618067671103
20
73.9587488729422
30
0
0
VERTEX
8
0
10
37.8129799388289
20
74.1214954251985
30
0
0
VERTEX
8
0
10
38.0078922065548
20
74.3597923984759
30
0
0
VERTEX
8
0
10
38.2028044742807
20
74.4683877376003
30
0
0
VERTEX
8
0
10
38.3977167420067
20
74.6187929547737
30
0
0
VERTEX
8
0
10
38.5926290097326
20
74.7899400983879
30
0
0
VERTEX
8
0
10
38.7875412774585
20
75.0246940900422
30
0
0
VERTEX
8
0
10
38.9824535451844
20
75.1127795683067
30
0
0
VERTEX
8
0
10
39.1773658129104
20
75.2728481867962
30
0
0
VERTEX
8
0
10
39.3722780806363
20
75.4438626223911
30
0
0
VERTEX
8
0
10
39.5671903483622
20
75.6506145434451
30
0
0
VERTEX
8
0
10
39.7621026160881
20
75.7510849253111
30
0
0
VERTEX
8
0
10
39.957014883814
20
75.9125213997897
30
0
0
VERTEX
8
0
10
40.1519271515399
20
76.0594347136599
30
0
0
VERTEX
8
0
10
40.3468394192659
20
76.2705452408876
30
0
0
VERTEX
8
0
10
40.5417516869918
20
76.3752986610403
30
0
0
VERTEX
8
0
10
40.7366639547177
20
76.5146902350208
30
0
0
VERTEX
8
0
10
40.9315762224436
20
76.6686038374365
30
0
0
VERTEX
8
0
10
41.1264884901695
20
76.876845382905
30
0
0
VERTEX
8
0
10
41.3214007578954
20
76.9629663643892
30
0
0
VERTEX
8
0
10
41.5163130256214
20
77.1102560013844
30
0
0
VERTEX
8
0
10
41.7112252933473
20
77.2641065135014
30
0
0
VERTEX
8
0
10
41.9061375610732
20
77.4477054152684
30
0
0
VERTEX
8
0
10
42.1010498287991
20
77.5439684679554
30
0
0
VERTEX
8
0
10
42.295962096525
20
77.6923089307637
30
0
0
VERTEX
8
0
10
42.490874364251
20
77.8247652216488
30
0
0
VERTEX
8
0
10
42.6857866319769
20
78.0119926808704
30
0
0
VERTEX
8
0
10
42.8806988997028
20
78.1117246118331
30
0
0
VERTEX
8
0
10
43.0756111674287
20
78.2402814989424
30
0
0
VERTEX
8
0
10
43.2705234351546
20
78.3785436313514
30
0
0
VERTEX
8
0
10
43.4654357028805
20
78.5634371894142
30
0
0
VERTEX
8
0
10
43.6603479706065
20
78.6462466744225
30
0
0
VERTEX
8
0
10
43.8552602383324
20
78.7812353776913
30
0
0
VERTEX
8
0
10
44.0501725060583
20
78.9194921540668
30
0
0
VERTEX
8
0
10
44.2450847737842
20
79.0826111303534
30
0
0
VERTEX
8
0
10
44.4399970415101
20
79.1737169809684
30
0
0
VERTEX
8
0
10
44.6349093092361
20
79.3095224302685
30
0
0
VERTEX
8
0
10
44.829821576962
20
79.428732927723
30
0
0
VERTEX
8
0
10
45.0247338446879
20
79.5948258406702
30
0
0
VERTEX
8
0
10
45.2196461124138
20
79.6887697225273
30
0
0
VERTEX
8
0
10
45.4145583801397
20
79.8067964939562
30
0
0
VERTEX
8
0
10
45.6094706478656
20
79.9307894333913
30
0
0
VERTEX
8
0
10
45.8043829155916
20
80.0949823398783
30
0
0
VERTEX
8
0
10
45.9992951833175
20
80.1735655041141
30
0
0
VERTEX
8
0
10
46.1942074510434
20
80.2967971316106
30
0
0
VERTEX
8
0
10
46.3891197187693
20
80.420837354258
30
0
0
VERTEX
8
0
10
46.5840319864952
20
80.5657320423225
30
0
0
VERTEX
8
0
10
46.7789442542211
20
80.6510800968108
30
0
0
VERTEX
8
0
10
46.9738565219471
20
80.7749592919821
30
0
0
VERTEX
8
0
10
47.168768789673
20
80.88201049251
30
0
0
VERTEX
8
0
10
47.3636810573989
20
81.0292954142728
30
0
0
VERTEX
8
0
10
47.5585933251248
20
81.116992501244
30
0
0
VERTEX
8
0
10
47.7535055928507
20
81.224883890642
30
0
0
VERTEX
8
0
10
47.9484178605767
20
81.335838095259
30
0
0
VERTEX
8
0
10
48.1433301283026
20
81.4815827646264
30
0
0
VERTEX
8
0
10
48.3382423960285
20
81.5553502391308
30
0
0
VERTEX
8
0
10
48.5331546637544
20
81.6674141965711
30
0
0
VERTEX
8
0
10
48.7280669314803
20
81.7784679625085
30
0
0
VERTEX
8
0
10
48.9229791992062
20
81.9070747699147
30
0
0
VERTEX
8
0
10
49.1178914669322
20
81.9863284306261
30
0
0
VERTEX
8
0
10
49.3128037346581
20
82.0989228718458
30
0
0
VERTEX
8
0
10
49.507716002384
20
82.1948070546336
30
0
0
VERTEX
8
0
10
49.7026282701099
20
82.3252867734936
30
0
0
VERTEX
8
0
10
49.8975405378358
20
82.4065124040568
30
0
0
VERTEX
8
0
10
50.0924528055617
20
82.5047302811955
30
0
0
VERTEX
8
0
10
50.2873650732877
20
82.6037610465698
30
0
0
VERTEX
8
0
10
50.4822773410136
20
82.7330062274733
30
0
0
VERTEX
8
0
10
50.6771896087395
20
82.8016189541886
30
0
0
VERTEX
8
0
10
50.8721018764654
20
82.9031383995952
30
0
0
VERTEX
8
0
10
51.0670141441913
20
83.0023244680761
30
0
0
VERTEX
8
0
10
51.2619264119173
20
83.1163349699256
30
0
0
VERTEX
8
0
10
51.4568386796432
20
83.1893621804451
30
0
0
VERTEX
8
0
10
51.6517509473691
20
83.2913384327279
30
0
0
VERTEX
8
0
10
51.846663215095
20
83.3769786120554
30
0
0
VERTEX
8
0
10
52.0415754828209
20
83.4924073864379
30
0
0
VERTEX
8
0
10
52.2364877505469
20
83.5671201761291
30
0
0
VERTEX
8
0
10
52.4314000182728
20
83.6561802524509
30
0
0
VERTEX
8
0
10
52.6263122859987
20
83.7443179233301
30
0
0
VERTEX
8
0
10
52.8212245537246
20
83.8587797514116
30
0
0
VERTEX
8
0
10
53.0161368214505
20
83.9220973340241
30
0
0
VERTEX
8
0
10
53.2110490891764
20
84.0137247605704
30
0
0
VERTEX
8
0
10
53.4059613569024
20
84.1020809607596
30
0
0
VERTEX
8
0
10
53.6008736246283
20
84.203001387254
30
0
0
VERTEX
8
0
10
53.7957858923542
20
84.2698351909779
30
0
0
VERTEX
8
0
10
53.9906981600801
20
84.3618843018399
30
0
0
VERTEX
8
0
10
54.185610427806
20
84.438157549131
30
0
0
VERTEX
8
0
10
54.3805226955319
20
84.5401024746783
30
0
0
VERTEX
8
0
10
54.5754349632579
20
84.6084121467014
30
0
0
VERTEX
8
0
10
54.7703472309838
20
84.6888801436018
30
0
0
VERTEX
8
0
10
54.9652594987097
20
84.767098695461
30
0
0
VERTEX
8
0
10
55.1601717664356
20
84.8683204526806
30
0
0
VERTEX
8
0
10
55.3550840341615
20
84.9263694429586
30
0
0
VERTEX
8
0
10
55.5499963018875
20
85.0087909299883
30
0
0
VERTEX
8
0
10
55.7449085696134
20
85.0873045890977
30
0
0
VERTEX
8
0
10
55.9398208373393
20
85.1765087203317
30
0
0
VERTEX
8
0
10
56.1347331050652
20
85.2373264177045
30
0
0
VERTEX
8
0
10
56.3296453727911
20
85.3201729868403
30
0
0
VERTEX
8
0
10
56.524557640517
20
85.3879376763258
30
0
0
VERTEX
8
0
10
56.719469908243
20
85.4778355109332
30
0
0
VERTEX
8
0
10
56.9143821759689
20
85.5399899017664
30
0
0
VERTEX
8
0
10
57.1092944436948
20
85.6124907530766
30
0
0
VERTEX
8
0
10
57.3042067114207
20
85.6817420568826
30
0
0
VERTEX
8
0
10
57.4991189791466
20
85.7711531335044
30
0
0
VERTEX
8
0
10
57.6940312468725
20
85.8241176522055
30
0
0
VERTEX
8
0
10
57.8889435145985
20
85.8980719514028
30
0
0
VERTEX
8
0
10
58.0838557823244
20
85.9677197552645
30
0
0
VERTEX
8
0
10
58.2787680500503
20
86.046507233137
30
0
0
VERTEX
8
0
10
58.4736803177762
20
86.1016340948375
30
0
0
VERTEX
8
0
10
58.6685925855021
20
86.1760643711961
30
0
0
VERTEX
8
0
10
58.8635048532281
20
86.2362035252233
30
0
0
VERTEX
8
0
10
59.058417120954
20
86.3154286215325
30
0
0
VERTEX
8
0
10
59.2533293886799
20
86.3718304213432
30
0
0
VERTEX
8
0
10
59.4482416564058
20
86.4370842518921
30
0
0
VERTEX
8
0
10
59.6431539241317
20
86.4983555547091
30
0
0
VERTEX
8
0
10
59.8380661918576
20
86.577350737337
30
0
0
VERTEX
8
0
10
60.0329784595836
20
86.6256025224607
30
0
0
VERTEX
8
0
10
60.2278907273095
20
86.6919364578164
30
0
0
VERTEX
8
0
10
60.4228029950354
20
86.7537594858755
30
0
0
VERTEX
8
0
10
60.6177152627613
20
86.8234494063818
30
0
0
VERTEX
8
0
10
60.8126275304872
20
86.8734152540102
30
0
0
VERTEX
8
0
10
61.0075397982132
20
86.9403579721108
30
0
0
VERTEX
8
0
10
61.2024520659391
20
86.9938778793503
30
0
0
VERTEX
8
0
10
61.397364333665
20
87.0638668536291
30
0
0
VERTEX
8
0
10
61.5922766013909
20
87.1151668644825
30
0
0
VERTEX
8
0
10
61.7871888691168
20
87.1741062044301
30
0
0
VERTEX
8
0
10
61.9821011368427
20
87.2285643404779
30
0
0
VERTEX
8
0
10
62.1770134045687
20
87.2986769167924
30
0
0
VERTEX
8
0
10
62.3719256722946
20
87.3429243790283
30
0
0
VERTEX
8
0
10
62.5668379400205
20
87.4027776628097
30
0
0
VERTEX
8
0
10
62.7617502077464
20
87.4581002226885
30
0
0
VERTEX
8
0
10
62.9566624754723
20
87.5202864964905
30
0
0
VERTEX
8
0
10
63.1515747431982
20
87.5660787251726
30
0
0
VERTEX
8
0
10
63.3464870109242
20
87.6269079384297
30
0
0
VERTEX
8
0
10
63.5413992786501
20
87.675292198537
30
0
0
VERTEX
8
0
10
63.736311546376
20
87.7379631668095
30
0
0
VERTEX
8
0
10
63.9312238141019
20
87.7855103220987
30
0
0
VERTEX
8
0
10
64.1261360818278
20
87.8398164053099
30
0
0
VERTEX
8
0
10
64.3210483495537
20
87.8894497933598
30
0
0
VERTEX
8
0
10
64.5159606172797
20
87.9531225144942
30
0
0
VERTEX
8
0
10
64.7108728850056
20
87.9953008561558
30
0
0
VERTEX
8
0
10
64.9057851527315
20
88.0512025481425
30
0
0
VERTEX
8
0
10
65.1006974204574
20
88.1029921163915
30
0
0
VERTEX
8
0
10
65.2956096881833
20
88.1612466550814
30
0
0
VERTEX
8
0
10
65.4905219559093
20
88.2064243568471
30
0
0
VERTEX
8
0
10
65.6854342236352
20
88.2656024952107
30
0
0
VERTEX
8
0
10
65.8803464913611
20
88.3139222829407
30
0
0
VERTEX
8
0
10
66.075258759087
20
88.3748099923817
30
0
0
VERTEX
8
0
10
66.2701710268129
20
88.4229241865281
30
0
0
VERTEX
8
0
10
66.4650832945389
20
88.4757196251422
30
0
0
VERTEX
8
0
10
66.6599955622648
20
88.522113042784
30
0
0
VERTEX
8
0
10
66.8549078299907
20
88.5794736464048
30
0
0
VERTEX
8
0
10
67.0498200977166
20
88.6175166454107
30
0
0
VERTEX
8
0
10
67.2447323654425
20
88.6660546899551
30
0
0
VERTEX
8
0
10
67.4396446331684
20
88.7092834597447
30
0
0
VERTEX
8
0
10
67.6345569008944
20
88.7569869005109
30
0
0
VERTEX
8
0
10
67.8294691686203
20
88.7924691081719
30
0
0
VERTEX
8
0
10
68.0243814363462
20
88.8389377385081
30
0
0
VERTEX
8
0
10
68.2192937040721
20
88.8741207398112
30
0
0
VERTEX
8
0
10
68.414205971798
20
88.919131690079
30
0
0
VERTEX
8
0
10
68.609118239524
20
88.9535655845737
30
0
0
VERTEX
8
0
10
68.8040305072499
20
88.9925947694713
30
0
0
VERTEX
8
0
10
68.9989427749758
20
89.0258449233551
30
0
0
VERTEX
8
0
10
69.1938550427017
20
89.0693803540762
30
0
0
VERTEX
8
0
10
69.3887673104276
20
89.0972679777134
30
0
0
VERTEX
8
0
10
69.5836795781535
20
89.1344580534849
30
0
0
VERTEX
8
0
10
69.7785918458795
20
89.1668558218534
30
0
0
VERTEX
8
0
10
69.9735041136054
20
89.2035130978987
30
0
0
VERTEX
8
0
10
70.1684163813313
20
89.2300554222303
30
0
0
VERTEX
8
0
10
70.3633286490572
20
89.2664521722825
30
0
0
VERTEX
8
0
10
70.5582409167831
20
89.2926869549957
30
0
0
VERTEX
8
0
10
70.753153184509
20
89.3273877363427
30
0
0
VERTEX
8
0
10
70.948065452235
20
89.3536183792665
30
0
0
VERTEX
8
0
10
71.1429777199609
20
89.3840451098912
30
0
0
VERTEX
8
0
10
71.3378899876868
20
89.4087328361172
30
0
0
VERTEX
8
0
10
71.5328022554127
20
89.4425727522235
30
0
0
VERTEX
8
0
10
71.7277145231386
20
89.4634461729444
30
0
0
VERTEX
8
0
10
71.9226267908646
20
89.4922505155593
30
0
0
VERTEX
8
0
10
72.1175390585905
20
89.5165019997277
30
0
0
VERTEX
8
0
10
72.3124513263164
20
89.5446248183951
30
0
0
VERTEX
8
0
10
72.5073635940423
20
89.5642227372669
30
0
0
VERTEX
8
0
10
72.7022758617682
20
89.592549929116
30
0
0
VERTEX
8
0
10
72.8971881294941
20
89.61164613126
30
0
0
VERTEX
8
0
10
73.0921003972201
20
89.6379312635528
30
0
0
VERTEX
8
0
10
73.287012664946
20
89.6574227525875
30
0
0
VERTEX
8
0
10
73.4819249326719
20
89.680704496591
30
0
0
VERTEX
8
0
10
73.6768372003978
20
89.6982831018175
30
0
0
VERTEX
8
0
10
73.8717494681237
20
89.7239718209618
30
0
0
VERTEX
8
0
10
74.0666617358497
20
89.7389246983542
30
0
0
VERTEX
8
0
10
74.2615740035756
20
89.7605803416461
30
0
0
VERTEX
8
0
10
74.4564862713015
20
89.7779077650983
30
0
0
VERTEX
8
0
10
74.6513985390274
20
89.7987465735439
30
0
0
VERTEX
8
0
10
74.8463108067533
20
89.8123580112909
30
0
0
VERTEX
8
0
10
75.0412230744792
20
89.8336917199762
30
0
0
VERTEX
8
0
10
75.2361353422052
20
89.8466453807852
30
0
0
VERTEX
8
0
10
75.4310476099311
20
89.8656600077416
30
0
0
VERTEX
8
0
10
75.625959877657
20
89.8792593426016
30
0
0
VERTEX
8
0
10
75.8208721453829
20
89.8962891961999
30
0
0
VERTEX
8
0
10
76.0157844131088
20
89.9076883297543
30
0
0
VERTEX
8
0
10
76.2106966808347
20
89.926272403544
30
0
0
VERTEX
8
0
10
76.4056089485607
20
89.9360035057919
30
0
0
VERTEX
8
0
10
76.6005212162866
20
89.9513617409604
30
0
0
VERTEX
8
0
10
76.7954334840125
20
89.9626232215037
30
0
0
VERTEX
8
0
10
76.9903457517384
20
89.977081247354
30
0
0
VERTEX
8
0
10
77.1852580194643
20
89.9853846202893
30
0
0
VERTEX
8
0
10
77.3801702871903
20
90.0005219753352
30
0
0
VERTEX
8
0
10
77.5750825549162
20
90.0080696794719
30
0
0
VERTEX
8
0
10
77.7699948226421
20
90.0206929801213
30
0
0
VERTEX
8
0
10
77.964907090368
20
90.0290411289707
30
0
0
VERTEX
8
0
10
78.1598193580939
20
90.0405091903034
30
0
0
VERTEX
8
0
10
78.3547316258199
20
90.0464553354578
30
0
0
VERTEX
8
0
10
78.5496438935458
20
90.0587709156191
30
0
0
VERTEX
8
0
10
78.7445561612717
20
90.0638292395715
30
0
0
VERTEX
8
0
10
78.9394684289976
20
90.0735782900425
30
0
0
VERTEX
8
0
10
79.1343806967235
20
90.079469187493
30
0
0
VERTEX
8
0
10
79.3292929644494
20
90.0882854027906
30
0
0
VERTEX
8
0
10
79.5242052321754
20
90.0918374477874
30
0
0
VERTEX
8
0
10
79.7191174999013
20
90.101442576938
30
0
0
VERTEX
8
0
10
79.9140297676272
20
90.1041941932011
30
0
0
VERTEX
8
0
10
80.1089420353531
20
90.1111639996734
30
0
0
VERTEX
8
0
10
80.303854303079
20
90.1148023848559
30
0
0
VERTEX
8
0
10
80.4987665708049
20
90.1212946354464
30
0
0
VERTEX
8
0
10
80.6936788385309
20
90.122403996143
30
0
0
VERTEX
8
0
10
80.8885911062568
20
90.1291651863654
30
0
0
VERTEX
8
0
10
81.0835033739827
20
90.1300232514395
30
0
0
VERTEX
8
0
10
81.2784156417086
20
90.1347590923317
30
0
0
VERTEX
8
0
10
81.4733279094345
20
90.135879080133
30
0
0
VERTEX
8
0
10
81.6682401771605
20
90.1396918276576
30
0
0
VERTEX
8
0
10
81.8631524448864
20
90.138980826529
30
0
0
VERTEX
8
0
10
82.0580647126123
20
90.1436368279467
30
0
0
VERTEX
8
0
10
82.2529769803382
20
90.1421242043194
30
0
0
VERTEX
8
0
10
82.4478892480641
20
90.1440854155449
30
0
0
VERTEX
8
0
10
82.64280151579
20
90.1434952370581
30
0
0
VERTEX
8
0
10
82.837713783516
20
90.1455315310968
30
0
0
VERTEX
8
0
10
83.0326260512419
20
90.1423474506858
30
0
0
VERTEX
8
0
10
83.2275383189678
20
90.1441837635903
30
0
0
VERTEX
8
0
10
83.4224505866937
20
90.141266207002
30
0
0
VERTEX
8
0
10
83.6173628544196
20
90.1415220558438
30
0
0
VERTEX
8
0
10
83.8122751221456
20
90.138404197552
30
0
0
VERTEX
8
0
10
84.0071873898715
20
90.1377797885393
30
0
0
VERTEX
8
0
10
84.2020996575974
20
90.13324778214
30
0
0
VERTEX
8
0
10
84.3970119253233
20
90.1334797587611
30
0
0
VERTEX
8
0
10
84.5919241930492
20
90.1281787798666
30
0
0
VERTEX
8
0
10
84.7868364607751
20
90.1257066808106
30
0
0
VERTEX
8
0
10
84.9817487285011
20
90.1213261623609
30
0
0
VERTEX
8
0
10
85.176660996227
20
90.1193776004143
30
0
0
VERTEX
8
0
10
85.3715732639529
20
90.1123885815565
30
0
0
VERTEX
8
0
10
85.5664855316788
20
90.1098639865007
30
0
0
VERTEX
8
0
10
85.7613977994047
20
90.1035602597725
30
0
0
VERTEX
8
0
10
85.9563100671306
20
90.0998208269638
30
0
0
VERTEX
8
0
10
86.1512223348566
20
90.0929462430863
30
0
0
VERTEX
8
0
10
86.3461346025825
20
90.0883939208254
30
0
0
VERTEX
8
0
10
86.5410468703084
20
90.0804470458619
30
0
0
VERTEX
8
0
10
86.7359591380343
20
90.0767336875428
30
0
0
VERTEX
8
0
10
86.9308714057602
20
90.0680755819703
30
0
0
VERTEX
8
0
10
87.1257836734862
20
90.0616886729418
30
0
0
VERTEX
8
0
10
87.3206959412121
20
90.0539213210296
30
0
0
VERTEX
8
0
10
87.515608208938
20
90.0484190233172
30
0
0
VERTEX
8
0
10
87.7105204766639
20
90.0380684068979
30
0
0
VERTEX
8
0
10
87.9054327443898
20
90.0316922066045
30
0
0
VERTEX
8
0
10
88.1003450121157
20
90.0223625165867
30
0
0
VERTEX
8
0
10
88.2952572798417
20
90.0150715263201
30
0
0
VERTEX
8
0
10
88.4901695475676
20
90.0048775291836
30
0
0
VERTEX
8
0
10
88.6850818152935
20
89.9968581073798
30
0
0
VERTEX
8
0
10
88.8799940830194
20
89.985871627466
30
0
0
VERTEX
8
0
10
89.0749063507453
20
89.9786514940312
30
0
0
VERTEX
8
0
10
89.2698186184712
20
89.9670290873933
30
0
0
VERTEX
8
0
10
89.4647308861972
20
89.9571967915836
30
0
0
VERTEX
8
0
10
89.6596431539231
20
89.9464154758891
30
0
0
VERTEX
8
0
10
89.854555421649
20
89.9377552564918
30
0
0
VERTEX
8
0
10
90.0494676893749
20
89.9244467933721
30
0
0
VERTEX
8
0
10
90.2443799571008
20
89.9146803392772
30
0
0
VERTEX
8
0
10
90.4392922248268
20
89.902658382224
30
0
0
VERTEX
8
0
10
90.6342044925527
20
89.8922227484769
30
0
0
VERTEX
8
0
10
90.8291167602786
20
89.8791076390958
30
0
0
VERTEX
8
0
10
91.0240290280045
20
89.868038833278
30
0
0
VERTEX
8
0
10
91.2189412957304
20
89.8543595560856
30
0
0
VERTEX
8
0
10
91.4138535634563
20
89.8440346394295
30
0
0
VERTEX
8
0
10
91.6087658311823
20
89.8298059740242
30
0
0
VERTEX
8
0
10
91.8036780989082
20
89.816953561051
30
0
0
VERTEX
8
0
10
91.9985903666341
20
89.8035024809219
30
0
0
VERTEX
8
0
10
92.19350263436
20
89.7920473906171
30
0
0
VERTEX
8
0
10
92.3884149020859
20
89.7761485960931
30
0
0
VERTEX
8
0
10
92.5833271698119
20
89.7634096730391
30
0
0
VERTEX
8
0
10
92.7782394375378
20
89.7490037437044
30
0
0
VERTEX
8
0
10
92.9731517052637
20
89.7357959499545
30
0
0
VERTEX
8
0
10
93.1680639729896
20
89.7201219660504
30
0
0
VERTEX
8
0
10
93.3629762407155
20
89.7063818495084
30
0
0
VERTEX
8
0
10
93.5578885084415
20
89.6903291822358
30
0
0
VERTEX
8
0
10
93.7528007761674
20
89.6772669759509
30
0
0
VERTEX
8
0
10
93.9477130438933
20
89.6607574654142
30
0
0
VERTEX
8
0
10
94.1426253116192
20
89.6452693488678
30
0
0
VERTEX
8
0
10
94.3375375793451
20
89.62946488323
30
0
0
VERTEX
8
0
10
94.532449847071
20
89.6155465886382
30
0
0
VERTEX
8
0
10
94.7273621147969
20
89.5973908302104
30
0
0
VERTEX
8
0
10
94.9222743825229
20
89.582056653177
30
0
0
VERTEX
8
0
10
95.1171866502488
20
89.5655499149558
30
0
0
VERTEX
8
0
10
95.3120989179747
20
89.5499093903797
30
0
0
VERTEX
8
0
10
95.5070111857006
20
89.5320045826792
30
0
0
VERTEX
8
0
10
95.7019234534265
20
89.5159339273974
30
0
0
VERTEX
8
0
10
95.8968357211525
20
89.4978002172216
30
0
0
VERTEX
8
0
10
96.0917479888784
20
89.4823349456253
30
0
0
VERTEX
8
0
10
96.2866602566043
20
89.4638386920881
30
0
0
VERTEX
8
0
10
96.4815725243302
20
89.446060741299
30
0
0
VERTEX
8
0
10
96.6764847920561
20
89.4281917152621
30
0
0
VERTEX
8
0
10
96.8713970597821
20
89.4121112421922
30
0
0
VERTEX
8
0
10
97.066309327508
20
89.3919990918209
30
0
0
VERTEX
8
0
10
97.2612215952339
20
89.3744084552279
30
0
0
VERTEX
8
0
10
97.4561338629598
20
89.3560588027898
30
0
0
VERTEX
8
0
10
97.6510461306857
20
89.3382927451822
30
0
0
VERTEX
8
0
10
97.8459583984116
20
89.3184522326262
30
0
0
VERTEX
8
0
10
98.0408706661376
20
89.3003561841488
30
0
0
VERTEX
8
0
10
98.2357829338635
20
89.2804067138535
30
0
0
VERTEX
8
0
10
98.4306952015894
20
89.2628401048789
30
0
0
VERTEX
8
0
10
98.6256074693153
20
89.2426207534813
30
0
0
VERTEX
8
0
10
98.8205197370412
20
89.2228620134948
30
0
0
VERTEX
8
0
10
99.0154320047671
20
89.2031896994525
30
0
0
VERTEX
8
0
10
99.2103442724931
20
89.185217861883
30
0
0
VERTEX
8
0
10
99.405256540219
20
89.1634180444452
30
0
0
VERTEX
8
0
10
99.6001688079449
20
89.1438729701588
30
0
0
VERTEX
8
0
10
99.7950810756708
20
89.1239127508288
30
0
0
VERTEX
8
0
10
99.9899933433967
20
89.1042966838516
30
0
0
VERTEX
8
0
10
100.184905611123
20
89.0827835814595
30
0
0
VERTEX
8
0
10
100.379817878849
20
89.0629329661157
30
0
0
VERTEX
8
0
10
100.574730146574
20
89.041405846057
30
0
0
VERTEX
8
0
10
100.7696424143
20
89.0220077059148
30
0
0
VERTEX
8
0
10
100.964554682026
20
89.0002990916794
30
0
0
VERTEX
8
0
10
101.159466949752
20
88.9788331866621
30
0
0
VERTEX
8
0
10
101.354379217478
20
88.9575912590446
30
0
0
VERTEX
8
0
10
101.549291485204
20
88.9379690001213
30
0
0
VERTEX
8
0
10
101.74420375293
20
88.9147191770547
30
0
0
VERTEX
8
0
10
101.939116020656
20
88.8934863159675
30
0
0
VERTEX
8
0
10
102.134028288382
20
88.8721221048192
30
0
0
VERTEX
8
0
10
102.328940556108
20
88.8509003859492
30
0
0
VERTEX
8
0
10
102.523852823834
20
88.8279466305137
30
0
0
VERTEX
8
0
10
102.71876509156
20
88.8065791275987
30
0
0
VERTEX
8
0
10
102.913677359286
20
88.7836852749481
30
0
0
VERTEX
8
0
10
103.108589627011
20
88.7626940726588
30
0
0
VERTEX
8
0
10
103.303501894737
20
88.7397008693095
30
0
0
VERTEX
8
0
10
103.498414162463
20
88.7167673193961
30
0
0
VERTEX
8
0
10
103.693326430189
20
88.6941619517823
30
0
0
VERTEX
8
0
10
103.888238697915
20
88.6731007955772
30
0
0
VERTEX
8
0
10
104.083150965641
20
88.6486083964317
30
0
0
VERTEX
8
0
10
104.278063233367
20
88.62592041345
30
0
0
VERTEX
8
0
10
104.472975501093
20
88.6033330279582
30
0
0
VERTEX
8
0
10
104.667887768819
20
88.5807195146986
30
0
0
VERTEX
8
0
10
104.862800036545
20
88.5565268075063
30
0
0
VERTEX
8
0
10
105.057712304271
20
88.5338482164791
30
0
0
VERTEX
8
0
10
105.252624571997
20
88.5097716230415
30
0
0
VERTEX
8
0
10
105.447536839722
20
88.4873953056318
30
0
0
VERTEX
8
0
10
105.642449107448
20
88.4632939032727
30
0
0
VERTEX
8
0
10
105.837361375174
20
88.439099604257
30
0
0
VERTEX
8
0
10
106.0322736429
20
88.4153099312252
30
0
0
VERTEX
8
0
10
106.227185910626
20
88.3929927819084
30
0
0
VERTEX
8
0
10
106.422098178352
20
88.3674361388988
30
0
0
VERTEX
8
0
10
106.617010446078
20
88.3434933576329
30
0
0
VERTEX
8
0
10
106.811922713804
20
88.3198383602719
30
0
0
VERTEX
8
0
10
107.00683498153
20
88.2960175094177
30
0
0
VERTEX
8
0
10
107.201747249256
20
88.2707586689194
30
0
0
VERTEX
8
0
10
107.396659516982
20
88.2469445830927
30
0
0
VERTEX
8
0
10
107.591571784708
20
88.2218431707619
30
0
0
VERTEX
8
0
10
107.786484052433
20
88.1982605351015
30
0
0
VERTEX
8
0
10
107.981396320159
20
88.1732004900502
30
0
0
VERTEX
8
0
10
108.176308587885
20
88.1479217310072
30
0
0
VERTEX
8
0
10
108.371220855611
20
88.1231010423326
30
0
0
VERTEX
8
0
10
108.566133123337
20
88.099683726026
30
0
0
VERTEX
8
0
10
108.761045391063
20
88.0732139388302
30
0
0
VERTEX
8
0
10
108.955957658789
20
88.0481867096166
30
0
0
VERTEX
8
0
10
109.150869926515
20
88.0235958600184
30
0
0
VERTEX
8
0
10
109.345782194241
20
87.9987247657758
30
0
0
VERTEX
8
0
10
109.540694461967
20
87.9725460358148
30
0
0
VERTEX
8
0
10
109.735606729693
20
87.9477445105734
30
0
0
VERTEX
8
0
10
109.930518997419
20
87.9217521826802
30
0
0
VERTEX
8
0
10
110.125431265144
20
87.8971154678644
30
0
0
VERTEX
8
0
10
110.32034353287
20
87.8712222393096
30
0
0
VERTEX
8
0
10
110.515255800596
20
87.8450080400056
30
0
0
VERTEX
8
0
10
110.710168068322
20
87.8192865285738
30
0
0
VERTEX
8
0
10
110.905080336048
20
87.794900972177
30
0
0
VERTEX
8
0
10
111.099992603774
20
87.7676454802927
30
0
0
VERTEX
8
0
10
111.2949048715
20
87.7416783415088
30
0
0
VERTEX
8
0
10
111.489817139226
20
87.7162631370399
30
0
0
VERTEX
8
0
10
111.684729406952
20
87.690475762551
30
0
0
VERTEX
8
0
10
111.879641674678
20
87.6635014522743
30
0
0
VERTEX
8
0
10
112.074553942404
20
87.6378381790613
30
0
0
VERTEX
8
0
10
112.26946621013
20
87.6110697091231
30
0
0
VERTEX
8
0
10
112.464378477855
20
87.5855102249659
30
0
0
VERTEX
8
0
10
112.659290745581
20
87.558891201609
30
0
0
VERTEX
8
0
10
112.854203013307
20
87.5318701944804
30
0
0
VERTEX
8
0
10
113.049115281033
20
87.5053617052687
30
0
0
VERTEX
8
0
10
113.244027548759
20
87.4801234772096
30
0
0
VERTEX
8
0
10
113.438939816485
20
87.4521943838167
30
0
0
VERTEX
8
0
10
113.633852084211
20
87.4254154258726
30
0
0
VERTEX
8
0
10
113.828764351937
20
87.3992765314447
30
0
0
VERTEX
8
0
10
114.023676619663
20
87.3726944195803
30
0
0
VERTEX
8
0
10
114.218588887389
20
87.3450387164411
30
0
0
VERTEX
8
0
10
114.413501155115
20
87.3186301887656
30
0
0
VERTEX
8
0
10
114.608413422841
20
87.2911951704577
30
0
0
VERTEX
8
0
10
114.803325690566
20
87.2648390749028
30
0
0
VERTEX
8
0
10
114.998237958292
20
87.2376010473377
30
0
0
VERTEX
8
0
10
115.193150226018
20
87.2099013062063
30
0
0
VERTEX
8
0
10
115.388062493744
20
87.1827249504159
30
0
0
VERTEX
8
0
10
115.58297476147
20
87.1567578001786
30
0
0
VERTEX
8
0
10
115.777887029196
20
87.1282797222184
30
0
0
VERTEX
8
0
10
115.972799296922
20
87.1008325029194
30
0
0
VERTEX
8
0
10
116.167711564648
20
87.0740954941055
30
0
0
VERTEX
8
0
10
116.362623832374
20
87.0468690906647
30
0
0
VERTEX
8
0
10
116.5575361001
20
87.0186835408326
30
0
0
VERTEX
8
0
10
116.752448367826
20
86.9916916718487
30
0
0
VERTEX
8
0
10
116.947360635552
20
86.9637562971451
30
0
0
VERTEX
8
0
10
117.142272903278
20
86.9367943276362
30
0
0
VERTEX
8
0
10
117.337185171003
20
86.9091197861185
30
0
0
VERTEX
8
0
10
117.532097438729
20
86.8809493409746
30
0
0
VERTEX
8
0
10
117.727009706455
20
86.8533087160538
30
0
0
VERTEX
8
0
10
117.921921974181
20
86.8268164423278
30
0
0
VERTEX
8
0
10
118.116834241907
20
86.7979830287166
30
0
0
VERTEX
8
0
10
118.311746509633
20
86.770058689912
30
0
0
VERTEX
8
0
10
118.506658777359
20
86.7428712965663
30
0
0
VERTEX
8
0
10
118.701571045085
20
86.7151328030545
30
0
0
VERTEX
8
0
10
118.896483312811
20
86.6865052967198
30
0
0
VERTEX
8
0
10
119.091395580537
20
86.6589714600044
30
0
0
VERTEX
8
0
10
119.286307848263
20
86.6305178598934
30
0
0
VERTEX
8
0
10
119.481220115989
20
86.602882799845
30
0
0
VERTEX
8
0
10
119.676132383714
20
86.5746249408475
30
0
0
VERTEX
8
0
10
119.87104465144
20
86.5457855062677
30
0
0
VERTEX
8
0
10
120.065956919166
20
86.5174117394086
30
0
0
VERTEX
8
0
10
120.260869186892
20
86.4900680604274
30
0
0
VERTEX
8
0
10
120.455781454618
20
86.4605053292889
30
0
0
VERTEX
8
0
10
120.650693722344
20
86.4317011114984
30
0
0
VERTEX
8
0
10
120.84560599007
20
86.4036135725922
30
0
0
VERTEX
8
0
10
121.040518257796
20
86.3749062305541
30
0
0
VERTEX
8
0
10
121.235430525522
20
86.3453685966929
30
0
0
VERTEX
8
0
10
121.430342793248
20
86.3168223397536
30
0
0
VERTEX
8
0
10
121.625255060974
20
86.2873823470441
30
0
0
VERTEX
8
0
10
121.8201673287
20
86.2586291767155
30
0
0
VERTEX
8
0
10
122.015079596425
20
86.2293514730381
30
0
0
VERTEX
8
0
10
122.209991864151
20
86.1994415723242
30
0
0
VERTEX
8
0
10
122.404904131877
20
86.1699521211584
30
0
0
VERTEX
8
0
10
122.599816399603
20
86.141399422108
30
0
0
VERTEX
8
0
10
122.794728667329
20
86.1107751200016
30
0
0
VERTEX
8
0
10
122.989640935055
20
86.0807902602438
30
0
0
VERTEX
8
0
10
123.184553202781
20
86.0515066150003
30
0
0
VERTEX
8
0
10
123.379465470507
20
86.0215640915415
30
0
0
VERTEX
8
0
10
123.574377738233
20
85.9908652159995
30
0
0
VERTEX
8
0
10
123.769290005959
20
85.9610700514226
30
0
0
VERTEX
8
0
10
123.964202273685
20
85.9304171350155
30
0
0
VERTEX
8
0
10
124.159114541411
20
85.9003407998449
30
0
0
VERTEX
8
0
10
124.354026809136
20
85.869838931283
30
0
0
VERTEX
8
0
10
124.548939076862
20
85.8386753442167
30
0
0
VERTEX
8
0
10
124.743851344588
20
85.8078915469471
30
0
0
VERTEX
8
0
10
124.938763612314
20
85.7779602968163
30
0
0
VERTEX
8
0
10
125.13367588004
20
85.7461131378455
30
0
0
VERTEX
8
0
10
125.328588147766
20
85.7148029565141
30
0
0
VERTEX
8
0
10
125.523500415492
20
85.6841725868271
30
0
0
VERTEX
8
0
10
125.718412683218
20
85.6528615345646
30
0
0
VERTEX
8
0
10
125.913324950944
20
85.6208726437184
30
0
0
VERTEX
8
0
10
126.10823721867
20
85.5897062785079
30
0
0
VERTEX
8
0
10
126.303149486396
20
85.5577210533107
30
0
0
VERTEX
8
0
10
126.498061754122
20
85.5262164921533
30
0
0
VERTEX
8
0
10
126.692974021847
20
85.4943804037051
30
0
0
VERTEX
8
0
10
126.887886289573
20
85.461867889968
30
0
0
VERTEX
8
0
10
127.082798557299
20
85.4296954363966
30
0
0
VERTEX
8
0
10
127.277710825025
20
85.3982966873381
30
0
0
VERTEX
8
0
10
127.472623092751
20
85.3651408601526
30
0
0
VERTEX
8
0
10
127.667535360477
20
85.3324322414784
30
0
0
VERTEX
8
0
10
127.862447628203
20
85.300374921034
30
0
0
VERTEX
8
0
10
128.057359895929
20
85.2676285239428
30
0
0
VERTEX
8
0
10
128.252272163655
20
85.2342840212205
30
0
0
VERTEX
8
0
10
128.447184431381
20
85.20168538782
30
0
0
VERTEX
8
0
10
128.642096699107
20
85.1683079935646
30
0
0
VERTEX
8
0
10
128.837008966833
20
85.1353271848586
30
0
0
VERTEX
8
0
10
129.031921234558
20
85.102102140683
30
0
0
VERTEX
8
0
10
129.226833502284
20
85.0681980849941
30
0
0
VERTEX
8
0
10
129.42174577001
20
85.0345946946228
30
0
0
VERTEX
8
0
10
129.616658037736
20
85.0016904627782
30
0
0
VERTEX
8
0
10
129.811570305462
20
84.9671885060232
30
0
0
VERTEX
8
0
10
130.006482573188
20
84.9330549626989
30
0
0
VERTEX
8
0
10
130.201394840914
20
84.8995377420959
30
0
0
VERTEX
8
0
10
130.39630710864
20
84.8653344071136
30
0
0
VERTEX
8
0
10
130.591219376366
20
84.8306121630793
30
0
0
VERTEX
8
0
10
130.786131644092
20
84.7965631055182
30
0
0
VERTEX
8
0
10
130.981043911818
20
84.7617761650433
30
0
0
VERTEX
8
0
10
131.175956179544
20
84.7273122946926
30
0
0
VERTEX
8
0
10
131.37086844727
20
84.6926840950886
30
0
0
VERTEX
8
0
10
131.565780714995
20
84.6573847744365
30
0
0
VERTEX
8
0
10
131.760692982721
20
84.6223473209395
30
0
0
VERTEX
8
0
10
131.955605250447
20
84.5879385275652
30
0
0
VERTEX
8
0
10
132.150517518173
20
84.5520900982922
30
0
0
VERTEX
8
0
10
132.345429785899
20
84.516541287535
30
0
0
VERTEX
8
0
10
132.540342053625
20
84.4815685762183
30
0
0
VERTEX
8
0
10
132.735254321351
20
84.4459226948689
30
0
0
VERTEX
8
0
10
132.930166589077
20
84.4098354072523
30
0
0
VERTEX
8
0
10
133.125078856803
20
84.3743525616747
30
0
0
VERTEX
8
0
10
133.319991124529
20
84.3381735474929
30
0
0
VERTEX
8
0
10
133.514903392255
20
84.3022538813715
30
0
0
VERTEX
8
0
10
133.709815659981
20
84.2662421507842
30
0
0
VERTEX
8
0
10
133.904727927706
20
84.2295764977787
30
0
0
VERTEX
8
0
10
134.099640195432
20
84.1931351246892
30
0
0
VERTEX
8
0
10
134.294552463158
20
84.1572560704205
30
0
0
VERTEX
8
0
10
134.489464730884
20
84.1200928126219
30
0
0
VERTEX
8
0
10
134.68437699861
20
84.0831697711623
30
0
0
VERTEX
8
0
10
134.879289266336
20
84.046778804642
30
0
0
VERTEX
8
0
10
135.074201534062
20
84.0097365778322
30
0
0
VERTEX
8
0
10
135.269113801788
20
83.9723279004785
30
0
0
VERTEX
8
0
10
135.464026069514
20
83.9354590865048
30
0
0
VERTEX
8
0
10
135.65893833724
20
83.8979369591519
30
0
0
VERTEX
8
0
10
135.853850604966
20
83.8606197663733
30
0
0
VERTEX
8
0
10
136.048762872692
20
83.8232750896614
30
0
0
VERTEX
8
0
10
136.243675140417
20
83.7853021128567
30
0
0
VERTEX
8
0
10
136.438587408143
20
83.7475178432328
30
0
0
VERTEX
8
0
10
136.633499675869
20
83.7102340245553
30
0
0
VERTEX
8
0
10
136.828411943595
20
83.6718176257451
30
0
0
VERTEX
8
0
10
137.023324211321
20
83.6335910601914
30
0
0
VERTEX
8
0
10
137.218236479047
20
83.5958503136234
30
0
0
VERTEX
8
0
10
137.413148746773
20
83.5574884055717
30
0
0
VERTEX
8
0
10
137.608061014499
20
83.518831799131
30
0
0
VERTEX
8
0
10
137.802973282225
20
83.4806550434477
30
0
0
VERTEX
8
0
10
137.997885549951
20
83.4418694381453
30
0
0
VERTEX
8
0
10
138.192797817677
20
83.4032433828769
30
0
0
VERTEX
8
0
10
138.387710085403
20
83.3646468385518
30
0
0
VERTEX
8
0
10
138.582622353128
20
83.3254553686804
30
0
0
VERTEX
8
0
10
138.777534620854
20
83.2864199877614
30
0
0
VERTEX
8
0
10
138.97244688858
20
83.2478281364759
30
0
0
VERTEX
8
0
10
139.167359156306
20
83.2082505497679
30
0
0
VERTEX
8
0
10
139.362271424032
20
83.1688212478531
30
0
0
VERTEX
8
0
10
139.557183691758
20
83.1298309431675
30
0
0
VERTEX
8
0
10
139.752095959484
20
83.0902571892623
30
0
0
VERTEX
8
0
10
139.94700822721
20
83.0504567917425
30
0
0
VERTEX
8
0
10
140.141920494936
20
83.0110813497581
30
0
0
VERTEX
8
0
10
140.336832762662
20
82.971143741771
30
0
0
VERTEX
8
0
10
140.531745030388
20
82.9313292349358
30
0
0
VERTEX
8
0
10
140.726657298114
20
82.8915938753432
30
0
0
VERTEX
8
0
10
140.921569565839
20
82.8513042433393
30
0
0
VERTEX
8
0
10
141.116481833565
20
82.8111421127575
30
0
0
VERTEX
8
0
10
141.311394101291
20
82.7713721678327
30
0
0
VERTEX
8
0
10
141.506306369017
20
82.7307577595891
30
0
0
VERTEX
8
0
10
141.701218636743
20
82.6902589302498
30
0
0
VERTEX
8
0
10
141.896130904469
20
82.6501534908095
30
0
0
VERTEX
8
0
10
142.091043172195
20
82.6095095595142
30
0
0
VERTEX
8
0
10
142.285955439921
20
82.5687030225188
30
0
0
VERTEX
8
0
10
142.480867707647
20
82.5282723880182
30
0
0
VERTEX
8
0
10
142.675779975373
20
82.4873292706847
30
0
0
VERTEX
8
0
10
142.870692243099
20
82.4464818593639
30
0
0
VERTEX
8
0
10
143.065604510825
20
82.4057562600951
30
0
0
VERTEX
8
0
10
143.260516778551
20
82.3645240737757
30
0
0
VERTEX
8
0
10
143.455429046276
20
82.3233960884153
30
0
0
VERTEX
8
0
10
143.650341314002
20
82.282615356304
30
0
0
VERTEX
8
0
10
143.845253581728
20
82.2411252827898
30
0
0
VERTEX
8
0
10
144.040165849454
20
82.1997271757596
30
0
0
VERTEX
8
0
10
144.23507811718
20
82.1586800270189
30
0
0
VERTEX
8
0
10
144.429990384906
20
82.1171464847297
30
0
0
VERTEX
8
0
10
144.624902652632
20
82.075510276875
30
0
0
VERTEX
8
0
10
144.819814920358
20
82.0342077347273
30
0
0
VERTEX
8
0
10
145.014727188084
20
81.9924464212195
30
0
0
VERTEX
8
0
10
145.20963945581
20
81.9507628855277
30
0
0
VERTEX
8
0
10
145.404551723536
20
81.9092374958516
30
0
0
VERTEX
8
0
10
145.599463991262
20
81.8672603121993
30
0
0
VERTEX
8
0
10
145.794376258987
20
81.8253708644966
30
0
0
VERTEX
8
0
10
145.989288526713
20
81.7837913047632
30
0
0
VERTEX
8
0
10
146.184200794439
20
81.7416311324049
30
0
0
VERTEX
8
0
10
146.379113062165
20
81.6995490334525
30
0
0
VERTEX
8
0
10
146.574025329891
20
81.6577809318332
30
0
0
VERTEX
8
0
10
146.768937597617
20
81.6155859860139
30
0
0
VERTEX
8
0
10
146.963849865343
20
81.5733445389386
30
0
0
VERTEX
8
0
10
147.158762133069
20
81.5314027424792
30
0
0
VERTEX
8
0
10
147.353674400795
20
81.4890613871687
30
0
0
VERTEX
8
0
10
147.548586668521
20
81.446790263712
30
0
0
VERTEX
8
0
10
147.743498936247
20
81.4047084106588
30
0
0
VERTEX
8
0
10
147.938411203973
20
81.3622373003688
30
0
0
VERTEX
8
0
10
148.133323471698
20
81.319846403808
30
0
0
VERTEX
8
0
10
148.328235739424
20
81.2777373603733
30
0
0
VERTEX
8
0
10
148.52314800715
20
81.2351704347133
30
0
0
VERTEX
8
0
10
148.718060274876
20
81.1926787415119
30
0
0
VERTEX
8
0
10
148.912972542602
20
81.1504725536897
30
0
0
VERTEX
8
0
10
149.107884810328
20
81.1079076351934
30
0
0
VERTEX
8
0
10
149.302797078054
20
81.0653497550853
30
0
0
VERTEX
8
0
10
149.49770934578
20
81.0230680373211
30
0
0
VERTEX
8
0
10
149.692621613506
20
80.9804539006317
30
0
0
VERTEX
8
0
10
149.887533881232
20
80.9379148034651
30
0
0
VERTEX
8
0
10
150.082446148958
20
80.895593104332
30
0
0
VERTEX
8
0
10
150.277358416684
20
80.8529542877587
30
0
0
VERTEX
8
0
10
150.472270684409
20
80.8104005081895
30
0
0
VERTEX
8
0
10
150.667182952135
20
80.7681130570075
30
0
0
VERTEX
8
0
10
150.862095219861
20
80.7254863748311
30
0
0
VERTEX
8
0
10
151.057007487587
20
80.6829461582113
30
0
0
VERTEX
8
0
10
151.251919755313
20
80.6406762226625
30
0
0
VERTEX
8
0
10
151.446832023039
20
80.5981273570357
30
0
0
VERTEX
8
0
10
151.641744290765
20
80.5556397732366
30
0
0
VERTEX
8
0
10
151.836656558491
20
80.5134201025006
30
0
0
VERTEX
8
0
10
152.031568826217
20
80.4709481469123
30
0
0
VERTEX
8
0
10
152.226481093943
20
80.4285733111604
30
0
0
VERTEX
8
0
10
152.421393361669
20
80.3864464449084
30
0
0
VERTEX
8
0
10
152.616305629395
20
80.3440896932895
30
0
0
VERTEX
8
0
10
152.81121789712
20
80.301842580274
30
0
0
VERTEX
8
0
10
153.006130164846
20
80.2598664852422
30
0
0
VERTEX
8
0
10
153.201042432572
20
80.2176727180737
30
0
0
VERTEX
8
0
10
153.395954700298
20
80.1755994876022
30
0
0
VERTEX
8
0
10
153.590866968024
20
80.133805835704
30
0
0
VERTEX
8
0
10
153.78577923575
20
80.0918352127381
30
0
0
VERTEX
8
0
10
153.980691503476
20
80.0499924678221
30
0
0
VERTEX
8
0
10
154.175603771202
20
80.008438800565
30
0
0
VERTEX
8
0
10
154.370516038928
20
79.9667417599053
30
0
0
VERTEX
8
0
10
154.565428306654
20
79.9251982341357
30
0
0
VERTEX
8
0
10
154.76034057438
20
79.8839546613263
30
0
0
VERTEX
8
0
10
154.955252842106
20
79.8426039417869
30
0
0
VERTEX
8
0
10
155.150165109832
20
79.8014306554571
30
0
0
VERTEX
8
0
10
155.345077377557
20
79.7605773913629
30
0
0
SEQEND
8
0
0
POLYLINE
8
0
62
4
70
0
10
0
20
0
30
0
0
VERTEX
8
0
10
3.31350855134067
20
24.6764419549513
30
0
0
VERTEX
8
0
10
3.5084208190666
20
25.2582160783564
30
0
0
VERTEX
8
0
10
3.70333308679252
20
25.9218879252621
30
0
0
VERTEX
8
0
10
3.89824535451844
20
26.5414267584877
30
0
0
VERTEX
8
0
10
4.09315762224436
20
27.1885348312087
30
0
0
VERTEX
8
0
10
4.28806988997029
20
27.8383191927632
30
0
0
VERTEX
8
0
10
4.48298215769621
20
28.4526022687651
30
0
0
VERTEX
8
0
10
4.67789442542213
20
28.9933032545286
30
0
0
VERTEX
8
0
10
4.87280669314805
20
29.5590387584638
30
0
0
VERTEX
8
0
10
5.06771896087397
20
30.0812927480995
30
0
0
VERTEX
8
0
10
5.2626312285999
20
30.6549361731516
30
0
0
VERTEX
8
0
10
5.45754349632582
20
31.2179249244906
30
0
0
VERTEX
8
0
10
5.65245576405174
20
31.7001037598097
30
0
0
VERTEX
8
0
10
5.84736803177766
20
32.2303814633324
30
0
0
VERTEX
8
0
10
6.04228029950359
20
32.7362237195627
30
0
0
VERTEX
8
0
10
6.23719256722951
20
33.2005657319207
30
0
0
VERTEX
8
0
10
6.43210483495543
20
33.7465085481909
30
0
0
VERTEX
8
0
10
6.62701710268135
20
34.247886220981
30
0
0
VERTEX
8
0
10
6.82192937040727
20
34.6787043618284
30
0
0
VERTEX
8
0
10
7.0168416381332
20
35.1887194878093
30
0
0
VERTEX
8
0
10
7.21175390585912
20
35.6534243968023
30
0
0
VERTEX
8
0
10
7.40666617358504
20
36.062507864998
30
0
0
VERTEX
8
0
10
7.60157844131096
20
36.5745628419224
30
0
0
VERTEX
8
0
10
7.79649070903688
20
37.0389273807575
30
0
0
VERTEX
8
0
10
7.99140297676281
20
37.4654731462216
30
0
0
VERTEX
8
0
10
8.18631524448873
20
37.921515916282
30
0
0
VERTEX
8
0
10
8.38122751221465
20
38.3526964601321
30
0
0
VERTEX
8
0
10
8.57613977994057
20
38.7616061255718
30
0
0
VERTEX
8
0
10
8.7710520476665
20
39.2237978304404
30
0
0
VERTEX
8
0
10
8.96596431539242
20
39.6543997174634
30
0
0
VERTEX
8
0
10
9.16087658311834
20
40.0731328856594
30
0
0
VERTEX
8
0
10
9.35578885084426
20
40.5099799160417
30
0
0
VERTEX
8
0
10
9.55070111857018
20
40.9291422385329
30
0
0
VERTEX
8
0
10
9.74561338629611
20
41.3431439674108
30
0
0
VERTEX
8
0
10
9.94052565402203
20
41.7574894531058
30
0
0
VERTEX
8
0
10
10.135437921748
20
42.1761033138804
30
0
0
VERTEX
8
0
10
10.3303501894739
20
42.5958480440242
30
0
0
VERTEX
8
0
10
10.5252624571998
20
43.009499006103
30
0
0
VERTEX
8
0
10
10.7201747249257
20
43.4238161026838
30
0
0
VERTEX
8
0
10
10.9150869926516
20
43.7395295250474
30
0
0
VERTEX
8
0
10
11.1099992603776
20
44.0784094950427
30
0
0
VERTEX
8
0
10
11.3049115281035
20
44.4115145746226
30
0
0
VERTEX
8
0
10
11.4998237958294
20
44.7452211704055
30
0
0
VERTEX
8
0
10
11.6947360635553
20
45.0832890243317
30
0
0
VERTEX
8
0
10
11.8896483312813
20
45.4220982414785
30
0
0
VERTEX
8
0
10
12.0845605990072
20
45.7553390937101
30
0
0
VERTEX
8
0
10
12.2794728667331
20
46.0887404601329
30
0
0
VERTEX
8
0
10
12.474385134459
20
46.4024681831539
30
0
0
VERTEX
8
0
10
12.6692974021849
20
46.7047554401678
30
0
0
VERTEX
8
0
10
12.8642096699109
20
47.0004762381234
30
0
0
VERTEX
8
0
10
13.0591219376368
20
47.2968179720569
30
0
0
VERTEX
8
0
10
13.2540342053627
20
47.598681202993
30
0
0
VERTEX
8
0
10
13.4489464730886
20
47.9006983017674
30
0
0
VERTEX
8
0
10
13.6438587408145
20
48.1964896199675
30
0
0
VERTEX
8
0
10
13.8387710085405
20
48.493308756735
30
0
0
VERTEX
8
0
10
14.0336832762664
20
48.7948377671044
30
0
0
VERTEX
8
0
10
14.2285955439923
20
49.0969835455383
30
0
0
VERTEX
8
0
10
14.4235078117182
20
49.3932587684555
30
0
0
VERTEX
8
0
10
14.6184200794442
20
49.6520363711393
30
0
0
VERTEX
8
0
10
14.8133323471701
20
49.9222478812093
30
0
0
VERTEX
8
0
10
15.008244614896
20
50.1935474246667
30
0
0
VERTEX
8
0
10
15.2031568826219
20
50.4578665641699
30
0
0
VERTEX
8
0
10
15.3980691503478
20
50.7227035559263
30
0
0
VERTEX
8
0
10
15.5929814180738
20
50.993511584122
30
0
0
VERTEX
8
0
10
15.7878936857997
20
51.2642803879514
30
0
0
VERTEX
8
0
10
15.9828059535256
20
51.52853368465
30
0
0
VERTEX
8
0
10
16.1777182212515
20
51.7937955820704
30
0
0
VERTEX
8
0
10
16.3726304889775
20
52.0639995965566
30
0
0
VERTEX
8
0
10
16.5675427567034
20
52.3346960633791
30
0
0
VERTEX
8
0
10
16.7624550244293
20
52.5996680487595
30
0
0
VERTEX
8
0
10
16.9573672921552
20
52.8147593149702
30
0
0
VERTEX
8
0
10
17.1522795598811
20
53.0286360916469
30
0
0
VERTEX
8
0
10
17.3471918276071
20
53.2436178425536
30
0
0
VERTEX
8
0
10
17.542104095333
20
53.4513747695092
30
0
0
VERTEX
8
0
10
17.7370163630589
20
53.65960956653
30
0
0
VERTEX
8
0
10
17.9319286307848
20
53.8741976452785
30
0
0
VERTEX
8
0
10
18.1268408985108
20
54.0886295143458
30
0
0
VERTEX
8
0
10
18.3217531662367
20
54.2963914778574
30
0
0
VERTEX
8
0
10
18.5166654339626
20
54.5052003040099
30
0
0
VERTEX
8
0
10
18.7115777016885
20
54.7191689857741
30
0
0
VERTEX
8
0
10
18.9064899694144
20
54.933589832274
30
0
0
VERTEX
8
0
10
19.1014022371404
20
55.1419014108044
30
0
0
VERTEX
8
0
10
19.2963145048663
20
55.3507792538973
30
0
0
VERTEX
8
0
10
19.4912267725922
20
55.5662086263824
30
0
0
VERTEX
8
0
10
19.6861390403181
20
55.7447877891388
30
0
0
VERTEX
8
0
10
19.8810513080441
20
55.925400630217
30
0
0
VERTEX
8
0
10
20.07596357577
20
56.1064616267715
30
0
0
VERTEX
8
0
10
20.2708758434959
20
56.2941713518846
30
0
0
VERTEX
8
0
10
20.4657881112218
20
56.4816156719338
30
0
0
VERTEX
8
0
10
20.6607003789477
20
56.6623007293175
30
0
0
VERTEX
8
0
10
20.8556126466737
20
56.8440772173993
30
0
0
VERTEX
8
0
10
21.0505249143996
20
57.0311443692291
30
0
0
VERTEX
8
0
10
21.2454371821255
20
57.2186283664756
30
0
0
VERTEX
8
0
10
21.4403494498514
20
57.4000070344658
30
0
0
VERTEX
8
0
10
21.6352617175774
20
57.5810215598078
30
0
0
VERTEX
8
0
10
21.8301739853033
20
57.7680860642545
30
0
0
VERTEX
8
0
10
22.0250862530292
20
57.9583694059629
30
0
0
VERTEX
8
0
10
22.2199985207551
20
58.1370107200286
30
0
0
VERTEX
8
0
10
22.414910788481
20
58.314953494346
30
0
0
VERTEX
8
0
10
22.609823056207
20
58.4997494994067
30
0
0
VERTEX
8
0
10
22.8047353239329
20
58.6841760993043
30
0
0
VERTEX
8
0
10
22.9996475916588
20
58.8618258787478
30
0
0
VERTEX
8
0
10
23.1945598593847
20
59.0406116137178
30
0
0
VERTEX
8
0
10
23.3894721271107
20
59.2247313827503
30
0
0
VERTEX
8
0
10
23.5843843948366
20
59.4092338603353
30
0
0
VERTEX
8
0
10
23.7792966625625
20
59.5877071984019
30
0
0
VERTEX
8
0
10
23.9742089302884
20
59.7657339168174
30
0
0
VERTEX
8
0
10
24.1691211980143
20
59.9498917056434
30
0
0
VERTEX
8
0
10
24.3640334657403
20
60.135174083969
30
0
0
VERTEX
8
0
10
24.5589457334662
20
60.3128412116773
30
0
0
VERTEX
8
0
10
24.7538580011921
20
60.4905096240437
30
0
0
VERTEX
8
0
10
24.948770268918
20
60.6806404050011
30
0
0
VERTEX
8
0
10
25.143682536644
20
60.8691913080749
30
0
0
VERTEX
8
0
10
25.3385948043699
20
61.0509557912974
30
0
0
VERTEX
8
0
10
25.5335070720958
20
61.2338304497825
30
0
0
VERTEX
8
0
10
25.7284193398217
20
61.4219360230742
30
0
0
VERTEX
8
0
10
25.9233316075476
20
61.6103273807124
30
0
0
VERTEX
8
0
10
26.1182438752736
20
61.7927681121208
30
0
0
VERTEX
8
0
10
26.3131561429995
20
61.9746220337987
30
0
0
VERTEX
8
0
10
26.5080684107254
20
62.1625415177758
30
0
0
VERTEX
8
0
10
26.7029806784513
20
62.3515522853146
30
0
0
VERTEX
8
0
10
26.8978929461773
20
62.5329365769667
30
0
0
VERTEX
8
0
10
27.0928052139032
20
62.7145866915287
30
0
0
VERTEX
8
0
10
27.2877174816291
20
62.9032800072577
30
0
0
VERTEX
8
0
10
27.482629749355
20
63.1059007541241
30
0
0
VERTEX
8
0
10
27.6775420170809
20
63.3083308510238
30
0
0
VERTEX
8
0
10
27.8724542848069
20
63.5118431326747
30
0
0
VERTEX
8
0
10
28.0673665525328
20
63.7204135066767
30
0
0
VERTEX
8
0
10
28.2622788202587
20
63.9291758242662
30
0
0
VERTEX
8
0
10
28.4571910879846
20
64.1321300466948
30
0
0
VERTEX
8
0
10
28.6521033557106
20
64.3343677141715
30
0
0
VERTEX
8
0
10
28.8470156234365
20
64.5425285376071
30
0
0
VERTEX
8
0
10
29.0419278911624
20
64.7517425687024
30
0
0
VERTEX
8
0
10
29.2368401588883
20
64.9533991332361
30
0
0
VERTEX
8
0
10
29.4317524266142
20
65.1552472733648
30
0
0
VERTEX
8
0
10
29.6266646943402
20
65.3638588739061
30
0
0
VERTEX
8
0
10
29.8215769620661
20
65.5716773907839
30
0
0
VERTEX
8
0
10
30.016489229792
20
65.7726587192797
30
0
0
VERTEX
8
0
10
30.2114014975179
20
65.9739658682624
30
0
0
VERTEX
8
0
10
30.4063137652439
20
66.1802311995887
30
0
0
VERTEX
8
0
10
30.6012260329698
20
66.3866317909459
30
0
0
VERTEX
8
0
10
30.7961383006957
20
66.587448674439
30
0
0
VERTEX
8
0
10
30.9910505684216
20
66.7874558871285
30
0
0
VERTEX
8
0
10
31.1859628361475
20
66.9932166127305
30
0
0
VERTEX
8
0
10
31.3808751038735
20
67.2000225631448
30
0
0
VERTEX
8
0
10
31.5757873715994
20
67.3994190580587
30
0
0
VERTEX
8
0
10
31.7706996393253
20
67.5989613966214
30
0
0
VERTEX
8
0
10
31.9656119070512
20
67.8051310279137
30
0
0
VERTEX
8
0
10
32.1605241747772
20
68.0104157741365
30
0
0
VERTEX
8
0
10
32.3554364425031
20
68.2093427701726
30
0
0
VERTEX
8
0
10
32.550348710229
20
68.4089855871907
30
0
0
VERTEX
8
0
10
32.7452609779549
20
68.6238782045978
30
0
0
VERTEX
8
0
10
32.9401732456808
20
68.8460765689483
30
0
0
VERTEX
8
0
10
33.1350855134068
20
69.0629310686248
30
0
0
VERTEX
8
0
10
33.3299977811327
20
69.2788797556989
30
0
0
VERTEX
8
0
10
33.5249100488586
20
69.5003608809578
30
0
0
VERTEX
8
0
10
33.7198223165845
20
69.7228643062131
30
0
0
VERTEX
8
0
10
33.9147345843105
20
69.9381363362034
30
0
0
VERTEX
8
0
10
34.1096468520364
20
70.1535009295564
30
0
0
VERTEX
8
0
10
34.3045591197623
20
70.3752967780371
30
0
0
VERTEX
8
0
10
34.4994713874882
20
70.5961133509872
30
0
0
VERTEX
8
0
10
34.6943836552141
20
70.8108037096084
30
0
0
VERTEX
8
0
10
34.8892959229401
20
71.0265594096695
30
0
0
VERTEX
8
0
10
35.084208190666
20
71.2466619079573
30
0
0
VERTEX
8
0
10
35.2791204583919
20
71.4672557431593
30
0
0
VERTEX
8
0
10
35.4740327261178
20
71.7179522495094
30
0
0
VERTEX
8
0
10
35.6689449938438
20
71.9659949238351
30
0
0
VERTEX
8
0
10
35.8638572615697
20
72.2193203382462
30
0
0
VERTEX
8
0
10
36.0587695292956
20
72.4736528459202
30
0
0
VERTEX
8
0
10
36.2536817970215
20
72.7209913005438
30
0
0
VERTEX
8
0
10
36.4485940647474
20
72.9683848079955
30
0
0
VERTEX
8
0
10
36.6435063324734
20
73.2219755708973
30
0
0
VERTEX
8
0
10
36.8384186001993
20
73.4745159216449
30
0
0
VERTEX
8
0
10
37.0333308679252
20
73.7212144082065
30
0
0
VERTEX
8
0
10
37.2282431356511
20
73.9689702607324
30
0
0
VERTEX
8
0
10
37.4231554033771
20
74.2207720167169
30
0
0
VERTEX
8
0
10
37.618067671103
20
74.4725698105653
30
0
0
VERTEX
8
0
10
37.8129799388289
20
74.7194619203055
30
0
0
VERTEX
8
0
10
38.0078922065548
20
74.9566887454192
30
0
0
VERTEX
8
0
10
38.2028044742807
20
75.1998421018374
30
0
0
VERTEX
8
0
10
38.3977167420067
20
75.4440072091957
30
0
0
VERTEX
8
0
10
38.5926290097326
20
75.6814702704628
30
0
0
VERTEX
8
0
10
38.7875412774585
20
75.9189690634144
30
0
0
VERTEX
8
0
10
38.9824535451844
20
76.1624222680916
30
0
0
VERTEX
8
0
10
39.1773658129104
20
76.4047850669849
30
0
0
VERTEX
8
0
10
39.3722780806363
20
76.6416190636614
30
0
0
VERTEX
8
0
10
39.5671903483622
20
76.879515570123
30
0
0
VERTEX
8
0
10
39.7621026160881
20
77.1211705307002
30
0
0
VERTEX
8
0
10
39.957014883814
20
77.3628046631912
30
0
0
VERTEX
8
0
10
40.1519271515399
20
77.6000513538544
30
0
0
VERTEX
8
0
10
40.3468394192659
20
77.8226369813438
30
0
0
VERTEX
8
0
10
40.5417516869918
20
78.0483788696004
30
0
0
VERTEX
8
0
10
40.7366639547177
20
78.2748847849713
30
0
0
VERTEX
8
0
10
40.9315762224436
20
78.494993652235
30
0
0
VERTEX
8
0
10
41.1264884901695
20
78.7151387593526
30
0
0
VERTEX
8
0
10
41.3214007578954
20
78.9410141674254
30
0
0
VERTEX
8
0
10
41.5163130256214
20
79.1657814878478
30
0
0
VERTEX
8
0
10
41.7112252933473
20
79.3853406834422
30
0
0
VERTEX
8
0
10
41.9061375610732
20
79.6059850558619
30
0
0
VERTEX
8
0
10
42.1010498287991
20
79.8301239837459
30
0
0
VERTEX
8
0
10
42.295962096525
20
80.054244904102
30
0
0
VERTEX
8
0
10
42.490874364251
20
80.2743158741028
30
0
0
VERTEX
8
0
10
42.6857866319769
20
80.4933083233816
30
0
0
VERTEX
8
0
10
42.8806988997028
20
80.6744792918102
30
0
0
VERTEX
8
0
10
43.0756111674287
20
80.8508836320283
30
0
0
VERTEX
8
0
10
43.2705234351546
20
81.0213934216236
30
0
0
VERTEX
8
0
10
43.4654357028805
20
81.1919525931615
30
0
0
VERTEX
8
0
10
43.6603479706065
20
81.3680446629691
30
0
0
VERTEX
8
0
10
43.8552602383324
20
81.5430262217826
30
0
0
VERTEX
8
0
10
44.0501725060583
20
81.7131088531796
30
0
0
VERTEX
8
0
10
44.2450847737842
20
81.884313460256
30
0
0
VERTEX
8
0
10
44.4399970415101
20
82.058778850967
30
0
0
VERTEX
8
0
10
44.6349093092361
20
82.2332441470772
30
0
0
VERTEX
8
0
10
44.829821576962
20
82.403981099755
30
0
0
VERTEX
8
0
10
45.0247338446879
20
82.5736290963578
30
0
0
VERTEX
8
0
10
45.2196461124138
20
82.747581119525
30
0
0
VERTEX
8
0
10
45.4145583801397
20
82.922617904943
30
0
0
VERTEX
8
0
10
45.6094706478656
20
82.9749451061755
30
0
0
VERTEX
8
0
10
45.8043829155916
20
83.0549497520043
30
0
0
VERTEX
8
0
10
45.9992951833175
20
83.1404617541339
30
0
0
VERTEX
8
0
10
46.1942074510434
20
83.2249010125702
30
0
0
VERTEX
8
0
10
46.3891197187693
20
83.3047537142265
30
0
0
VERTEX
8
0
10
46.5840319864952
20
83.3858128606893
30
0
0
VERTEX
8
0
10
46.7789442542211
20
83.4699684399531
30
0
0
VERTEX
8
0
10
46.9738565219471
20
83.5541861957663
30
0
0
VERTEX
8
0
10
47.168768789673
20
83.6350010523736
30
0
0
VERTEX
8
0
10
47.3636810573989
20
83.714749126844
30
0
0
VERTEX
8
0
10
47.5585933251248
20
83.7986795844747
30
0
0
VERTEX
8
0
10
47.7535055928507
20
83.883791848263
30
0
0
VERTEX
8
0
10
47.9484178605767
20
83.9632841827997
30
0
0
VERTEX
8
0
10
48.1433301283026
20
84.018360475184
30
0
0
VERTEX
8
0
10
48.3382423960285
20
84.0729770499747
30
0
0
VERTEX
8
0
10
48.5331546637544
20
84.1275371975947
30
0
0
VERTEX
8
0
10
48.7280669314803
20
84.1777741002331
30
0
0
VERTEX
8
0
10
48.9229791992062
20
84.2293004486254
30
0
0
VERTEX
8
0
10
49.1178914669322
20
84.2837658994266
30
0
0
VERTEX
8
0
10
49.3128037346581
20
84.3383427121931
30
0
0
VERTEX
8
0
10
49.507716002384
20
84.3898120844695
30
0
0
VERTEX
8
0
10
49.7026282701099
20
84.4402273107099
30
0
0
VERTEX
8
0
10
49.8975405378358
20
84.4947050514165
30
0
0
VERTEX
8
0
10
50.0924528055617
20
84.5504504807007
30
0
0
VERTEX
8
0
10
50.2873650732877
20
84.6007960777459
30
0
0
VERTEX
8
0
10
50.4822773410136
20
84.6512759800082
30
0
0
VERTEX
8
0
10
50.6771896087395
20
84.7069271696235
30
0
0
VERTEX
8
0
10
50.8721018764654
20
84.7691360084563
30
0
0
VERTEX
8
0
10
51.0670141441913
20
84.8286681218251
30
0
0
VERTEX
8
0
10
51.2619264119173
20
84.8895301323535
30
0
0
VERTEX
8
0
10
51.4568386796432
20
84.9531311647182
30
0
0
VERTEX
8
0
10
51.6517509473691
20
85.0168481207494
30
0
0
VERTEX
8
0
10
51.846663215095
20
85.0777076484471
30
0
0
VERTEX
8
0
10
52.0415754828209
20
85.137486616721
30
0
0
VERTEX
8
0
10
52.2364877505469
20
85.2011587666228
30
0
0
VERTEX
8
0
10
52.4314000182728
20
85.2661361080204
30
0
0
VERTEX
8
0
10
52.6263122859987
20
85.3259019005229
30
0
0
VERTEX
8
0
10
52.8212245537246
20
85.3858091321097
30
0
0
VERTEX
8
0
10
53.0161368214505
20
85.4507461188831
30
0
0
VERTEX
8
0
10
53.2110490891764
20
85.5145471401437
30
0
0
VERTEX
8
0
10
53.4059613569024
20
85.583819802823
30
0
0
VERTEX
8
0
10
53.6008736246283
20
85.6587385953725
30
0
0
VERTEX
8
0
10
53.7957858923542
20
85.7380281738317
30
0
0
VERTEX
8
0
10
53.9906981600801
20
85.8168284491858
30
0
0
VERTEX
8
0
10
54.185610427806
20
85.8929979761756
30
0
0
VERTEX
8
0
10
54.3805226955319
20
85.9680388960887
30
0
0
VERTEX
8
0
10
54.5754349632579
20
86.0467657604593
30
0
0
VERTEX
8
0
10
54.7703472309838
20
86.1268031057096
30
0
0
VERTEX
8
0
10
54.9652594987097
20
86.2018046713654
30
0
0
VERTEX
8
0
10
55.1601717664356
20
86.2769281081233
30
0
0
VERTEX
8
0
10
55.3550840341615
20
86.3568964077026
30
0
0
VERTEX
8
0
10
55.5499963018875
20
86.4356831579425
30
0
0
VERTEX
8
0
10
55.7449085696134
20
86.5107658564169
30
0
0
VERTEX
8
0
10
55.9398208373393
20
86.5871993367947
30
0
0
VERTEX
8
0
10
56.1347331050652
20
86.6666816816292
30
0
0
VERTEX
8
0
10
56.3296453727911
20
86.7445416832814
30
0
0
VERTEX
8
0
10
56.524557640517
20
86.8198242831766
30
0
0
VERTEX
8
0
10
56.719469908243
20
86.8939259727549
30
0
0
VERTEX
8
0
10
56.9143821759689
20
86.9714914237632
30
0
0
VERTEX
8
0
10
57.1092944436948
20
87.0503605585486
30
0
0
VERTEX
8
0
10
57.3042067114207
20
87.1243676631559
30
0
0
VERTEX
8
0
10
57.4991189791466
20
87.1984676196446
30
0
0
VERTEX
8
0
10
57.6940312468725
20
87.2772126161222
30
0
0
VERTEX
8
0
10
57.8889435145985
20
87.3547268942716
30
0
0
VERTEX
8
0
10
58.0838557823244
20
87.4287323620125
30
0
0
VERTEX
8
0
10
58.2787680500503
20
87.504081111197
30
0
0
VERTEX
8
0
10
58.4736803177762
20
87.5814666752915
30
0
0
VERTEX
8
0
10
58.6685925855021
20
87.6521528928347
30
0
0
VERTEX
8
0
10
58.8635048532281
20
87.7160008199359
30
0
0
VERTEX
8
0
10
59.058417120954
20
87.7786542334857
30
0
0
VERTEX
8
0
10
59.2533293886799
20
87.8445865595808
30
0
0
VERTEX
8
0
10
59.4482416564058
20
87.9118494635857
30
0
0
VERTEX
8
0
10
59.6431539241317
20
87.9744572082006
30
0
0
VERTEX
8
0
10
59.8380661918576
20
88.0371638786612
30
0
0
VERTEX
8
0
10
60.0329784595836
20
88.104352565972
30
0
0
VERTEX
8
0
10
60.2278907273095
20
88.1702995718869
30
0
0
VERTEX
8
0
10
60.4228029950354
20
88.2329609412295
30
0
0
VERTEX
8
0
10
60.6177152627613
20
88.2969910982903
30
0
0
VERTEX
8
0
10
60.8126275304872
20
88.3628599771521
30
0
0
VERTEX
8
0
10
61.0075397982132
20
88.4287903355424
30
0
0
VERTEX
8
0
10
61.2024520659391
20
88.4927800363759
30
0
0
VERTEX
8
0
10
61.397364333665
20
88.5333241541764
30
0
0
VERTEX
8
0
10
61.5922766013909
20
88.5757721619086
30
0
0
VERTEX
8
0
10
61.7871888691168
20
88.6190788604093
30
0
0
VERTEX
8
0
10
61.9821011368427
20
88.6579260919838
30
0
0
VERTEX
8
0
10
62.1770134045687
20
88.6968749782793
30
0
0
VERTEX
8
0
10
62.3719256722946
20
88.7401469745397
30
0
0
VERTEX
8
0
10
62.5668379400205
20
88.7821647696224
30
0
0
VERTEX
8
0
10
62.7617502077464
20
88.8211057487445
30
0
0
VERTEX
8
0
10
62.9566624754723
20
88.8614375899267
30
0
0
VERTEX
8
0
10
63.1515747431982
20
88.9034170045362
30
0
0
VERTEX
8
0
10
63.3464870109242
20
88.9454635058635
30
0
0
VERTEX
8
0
10
63.5413992786501
20
88.9857928618192
30
0
0
VERTEX
8
0
10
63.736311546376
20
89.0248868769553
30
0
0
VERTEX
8
0
10
63.9312238141019
20
89.0668962673989
30
0
0
VERTEX
8
0
10
64.1261360818278
20
89.0886132618728
30
0
0
VERTEX
8
0
10
64.3210483495537
20
89.1120880830233
30
0
0
VERTEX
8
0
10
64.5159606172797
20
89.1359216784473
30
0
0
VERTEX
8
0
10
64.7108728850056
20
89.1639355063498
30
0
0
VERTEX
8
0
10
64.9057851527315
20
89.1906896211444
30
0
0
VERTEX
8
0
10
65.1006974204574
20
89.2145716324963
30
0
0
VERTEX
8
0
10
65.2956096881833
20
89.2398731868503
30
0
0
VERTEX
8
0
10
65.4905219559093
20
89.2666465810562
30
0
0
VERTEX
8
0
10
65.6854342236352
20
89.2934986239587
30
0
0
VERTEX
8
0
10
65.8803464913611
20
89.3188510020284
30
0
0
VERTEX
8
0
10
66.075258759087
20
89.3429570736801
30
0
0
VERTEX
8
0
10
66.2701710268129
20
89.3698155199071
30
0
0
VERTEX
8
0
10
66.4650832945389
20
89.3980536982951
30
0
0
VERTEX
8
0
10
66.6599955622648
20
89.4203238236668
30
0
0
VERTEX
8
0
10
66.8549078299907
20
89.4417155265743
30
0
0
VERTEX
8
0
10
67.0498200977166
20
89.466759784781
30
0
0
VERTEX
8
0
10
67.2447323654425
20
89.4905137449474
30
0
0
VERTEX
8
0
10
67.4396446331684
20
89.5115563567795
30
0
0
VERTEX
8
0
10
67.6345569008944
20
89.5339904783753
30
0
0
VERTEX
8
0
10
67.8294691686203
20
89.5577093997673
30
0
0
VERTEX
8
0
10
68.0243814363462
20
89.5814837784487
30
0
0
VERTEX
8
0
10
68.2192937040721
20
89.6039091255064
30
0
0
VERTEX
8
0
10
68.414205971798
20
89.6250778369827
30
0
0
VERTEX
8
0
10
68.609118239524
20
89.648819722815
30
0
0
VERTEX
8
0
10
68.8040305072499
20
89.6739156109876
30
0
0
VERTEX
8
0
10
68.9989427749758
20
89.695081682879
30
0
0
VERTEX
8
0
10
69.1938550427017
20
89.7163296079272
30
0
0
VERTEX
8
0
10
69.3887673104276
20
89.7386897517987
30
0
0
VERTEX
8
0
10
69.5836795781535
20
89.7608516544358
30
0
0
VERTEX
8
0
10
69.7785918458795
20
89.7804390145516
30
0
0
VERTEX
8
0
10
69.9735041136054
20
89.8014043058585
30
0
0
VERTEX
8
0
10
70.1684163813313
20
89.8235112588161
30
0
0
VERTEX
8
0
10
70.3633286490572
20
89.845675481735
30
0
0
VERTEX
8
0
10
70.5582409167831
20
89.8666546574936
30
0
0
VERTEX
8
0
10
70.753153184509
20
89.8863946289529
30
0
0
VERTEX
8
0
10
70.948065452235
20
89.9085507229231
30
0
0
VERTEX
8
0
10
71.1429777199609
20
89.932047393626
30
0
0
VERTEX
8
0
10
71.3378899876868
20
89.9518083633653
30
0
0
VERTEX
8
0
10
71.5328022554127
20
89.9716525473537
30
0
0
VERTEX
8
0
10
71.7277145231386
20
89.9951399487297
30
0
0
VERTEX
8
0
10
71.9226267908646
20
90.0195416363346
30
0
0
VERTEX
8
0
10
72.1175390585905
20
90.0284767306212
30
0
0
VERTEX
8
0
10
72.3124513263164
20
90.0306208693904
30
0
0
VERTEX
8
0
10
72.5073635940423
20
90.033673327138
30
0
0
VERTEX
8
0
10
72.7022758617682
20
90.0366875491902
30
0
0
VERTEX
8
0
10
72.8971881294941
20
90.0385736477376
30
0
0
VERTEX
8
0
10
73.0921003972201
20
90.0391412466215
30
0
0
VERTEX
8
0
10
73.287012664946
20
90.0418773889731
30
0
0
VERTEX
8
0
10
73.4819249326719
20
90.0458428659138
30
0
0
VERTEX
8
0
10
73.6768372003978
20
90.0461598769245
30
0
0
VERTEX
8
0
10
73.8717494681237
20
90.0464632906593
30
0
0
VERTEX
8
0
10
74.0666617358497
20
90.0501502612955
30
0
0
VERTEX
8
0
10
74.2615740035756
20
90.0525010779585
30
0
0
VERTEX
8
0
10
74.4564862713015
20
90.0525573102087
30
0
0
VERTEX
8
0
10
74.6513985390274
20
90.0546819256358
30
0
0
VERTEX
8
0
10
74.8463108067533
20
90.0509913621711
30
0
0
VERTEX
8
0
10
75.0412230744792
20
90.0477154319189
30
0
0
VERTEX
8
0
10
75.2361353422052
20
90.0434415194594
30
0
0
VERTEX
8
0
10
75.4310476099311
20
90.0378542001467
30
0
0
VERTEX
8
0
10
75.625959877657
20
90.0342803368829
30
0
0
VERTEX
8
0
10
75.8208721453829
20
90.0319075005365
30
0
0
VERTEX
8
0
10
76.0157844131088
20
90.0260485800498
30
0
0
VERTEX
8
0
10
76.2106966808347
20
90.0201635133931
30
0
0
VERTEX
8
0
10
76.4056089485607
20
90.0174920446139
30
0
0
VERTEX
8
0
10
76.6005212162866
20
90.0134916897088
30
0
0
VERTEX
8
0
10
76.7954334840125
20
90.0073384857836
30
0
0
VERTEX
8
0
10
76.9903457517384
20
90.0024007671944
30
0
0
VERTEX
8
0
10
77.1852580194643
20
89.9952560263761
30
0
0
VERTEX
8
0
10
77.3801702871903
20
89.9858790879297
30
0
0
VERTEX
8
0
10
77.5750825549162
20
89.9744933784958
30
0
0
VERTEX
8
0
10
77.7699948226421
20
89.9618137339427
30
0
0
VERTEX
8
0
10
77.964907090368
20
89.951012066045
30
0
0
VERTEX
8
0
10
78.1598193580939
20
89.9413947622338
30
0
0
VERTEX
8
0
10
78.3547316258199
20
89.9284600853695
30
0
0
VERTEX
8
0
10
78.5496438935458
20
89.9154996570868
30
0
0
VERTEX
8
0
10
78.7445561612717
20
89.9056012573808
30
0
0
VERTEX
8
0
10
78.9394684289976
20
89.8943955043203
30
0
0
VERTEX
8
0
10
79.1343806967235
20
89.8811834933402
30
0
0
VERTEX
8
0
10
79.3292929644494
20
89.8691686479509
30
0
0
VERTEX
8
0
10
79.5242052321754
20
89.8576906480754
30
0
0
VERTEX
8
0
10
79.7191174999013
20
89.8461639622284
30
0
0
VERTEX
8
0
10
79.9140297676272
20
89.8263753426789
30
0
0
VERTEX
8
0
10
80.1089420353531
20
89.8080014071834
30
0
0
VERTEX
8
0
10
80.303854303079
20
89.7914050985511
30
0
0
VERTEX
8
0
10
80.4987665708049
20
89.7759824349786
30
0
0
VERTEX
8
0
10
80.6936788385309
20
89.7574116623651
30
0
0
VERTEX
8
0
10
80.8885911062568
20
89.7388228521497
30
0
0
VERTEX
8
0
10
81.0835033739827
20
89.7231571785839
30
0
0
VERTEX
8
0
10
81.2784156417086
20
89.7062142432109
30
0
0
VERTEX
8
0
10
81.4733279094345
20
89.6874110816602
30
0
0
VERTEX
8
0
10
81.6682401771605
20
89.6697926949389
30
0
0
VERTEX
8
0
10
81.8631524448864
20
89.6526159742191
30
0
0
VERTEX
8
0
10
82.0580647126123
20
89.635399706835
30
0
0
VERTEX
8
0
10
82.2529769803382
20
89.6175651270833
30
0
0
VERTEX
8
0
10
82.4478892480641
20
89.5947917111113
30
0
0
VERTEX
8
0
10
82.64280151579
20
89.5718323516813
30
0
0
VERTEX
8
0
10
82.837713783516
20
89.5547868274974
30
0
0
VERTEX
8
0
10
83.0326260512419
20
89.5333143106082
30
0
0
VERTEX
8
0
10
83.2275383189678
20
89.5118356642762
30
0
0
VERTEX
8
0
10
83.4224505866937
20
89.4931502438669
30
0
0
VERTEX
8
0
10
83.6173628544196
20
89.4732232679034
30
0
0
VERTEX
8
0
10
83.8122751221456
20
89.4515788914354
30
0
0
VERTEX
8
0
10
84.0071873898715
20
89.4311094376434
30
0
0
VERTEX
8
0
10
84.2020996575974
20
89.4109984772468
30
0
0
VERTEX
8
0
10
84.3970119253233
20
89.3908612290818
30
0
0
VERTEX
8
0
10
84.5919241930492
20
89.3702239156105
30
0
0
VERTEX
8
0
10
84.7868364607751
20
89.3483773320241
30
0
0
VERTEX
8
0
10
84.9817487285011
20
89.3280601217144
30
0
0
VERTEX
8
0
10
85.176660996227
20
89.3095677514701
30
0
0
VERTEX
8
0
10
85.3715732639529
20
89.2911516466422
30
0
0
VERTEX
8
0
10
85.5664855316788
20
89.2731006072368
30
0
0
VERTEX
8
0
10
85.7613977994047
20
89.2577108855287
30
0
0
VERTEX
8
0
10
85.9563100671306
20
89.2411113604181
30
0
0
VERTEX
8
0
10
86.1512223348566
20
89.2229249112887
30
0
0
VERTEX
8
0
10
86.3461346025825
20
89.2058955723212
30
0
0
VERTEX
8
0
10
86.5410468703084
20
89.189143382066
30
0
0
VERTEX
8
0
10
86.7359591380343
20
89.1723722645141
30
0
0
VERTEX
8
0
10
86.9308714057602
20
89.1552049139296
30
0
0
VERTEX
8
0
10
87.1257836734862
20
89.1368606210874
30
0
0
VERTEX
8
0
10
87.3206959412121
20
89.1199410251848
30
0
0
VERTEX
8
0
10
87.515608208938
20
89.1041469538865
30
0
0
VERTEX
8
0
10
87.7105204766639
20
89.0884428771809
30
0
0
VERTEX
8
0
10
87.9054327443898
20
89.0747749287627
30
0
0
VERTEX
8
0
10
88.1003450121157
20
89.0643886744963
30
0
0
VERTEX
8
0
10
88.2952572798417
20
89.0526202493131
30
0
0
VERTEX
8
0
10
88.4901695475676
20
89.0393777507868
30
0
0
VERTEX
8
0
10
88.6850818152935
20
89.0272603162655
30
0
0
VERTEX
8
0
10
88.8799940830194
20
89.0153346729351
30
0
0
VERTEX
8
0
10
89.0749063507453
20
89.0033857521022
30
0
0
VERTEX
8
0
10
89.2698186184712
20
88.9911242159146
30
0
0
VERTEX
8
0
10
89.4647308861972
20
88.9777088926786
30
0
0
VERTEX
8
0
10
89.6596431539231
20
88.9656069894223
30
0
0
VERTEX
8
0
10
89.854555421649
20
88.9545983320168
30
0
0
VERTEX
8
0
10
90.0494676893749
20
88.9410501132263
30
0
0
VERTEX
8
0
10
90.2443799571008
20
88.9274971207485
30
0
0
VERTEX
8
0
10
90.4392922248268
20
88.9169445204556
30
0
0
VERTEX
8
0
10
90.6342044925527
20
88.9054476864789
30
0
0
VERTEX
8
0
10
90.8291167602786
20
88.8926477126312
30
0
0
VERTEX
8
0
10
91.0240290280045
20
88.8809443125476
30
0
0
VERTEX
8
0
10
91.2189412957304
20
88.8693610228102
30
0
0
VERTEX
8
0
10
91.4138535634563
20
88.8577560179561
30
0
0
VERTEX
8
0
10
91.6087658311823
20
88.8459193631174
30
0
0
VERTEX
8
0
10
91.8036780989082
20
88.8329598773925
30
0
0
VERTEX
8
0
10
91.9985903666341
20
88.8212142195058
30
0
0
VERTEX
8
0
10
92.19350263436
20
88.8105336061309
30
0
0
VERTEX
8
0
10
92.3884149020859
20
88.7974524617574
30
0
0
VERTEX
8
0
10
92.5833271698119
20
88.784367140232
30
0
0
VERTEX
8
0
10
92.7782394375378
20
88.7735423340901
30
0
0
VERTEX
8
0
10
92.9731517052637
20
88.761594516977
30
0
0
VERTEX
8
0
10
93.1680639729896
20
88.7571194442547
30
0
0
VERTEX
8
0
10
93.3629762407155
20
88.7493981029271
30
0
0
VERTEX
8
0
10
93.5578885084415
20
88.7420153505051
30
0
0
VERTEX
8
0
10
93.7528007761674
20
88.7346019829702
30
0
0
VERTEX
8
0
10
93.9477130438933
20
88.7270191035487
30
0
0
VERTEX
8
0
10
94.1426253116192
20
88.7183358877922
30
0
0
VERTEX
8
0
10
94.3375375793451
20
88.7107621535606
30
0
0
VERTEX
8
0
10
94.532449847071
20
88.704212732341
30
0
0
VERTEX
8
0
10
94.7273621147969
20
88.6953871588475
30
0
0
VERTEX
8
0
10
94.9222743825229
20
88.6865476311521
30
0
0
VERTEX
8
0
10
95.1171866502488
20
88.6798337028266
30
0
0
VERTEX
8
0
10
95.3120989179747
20
88.6720213371168
30
0
0
VERTEX
8
0
10
95.5070111857006
20
88.663043159875
30
0
0
VERTEX
8
0
10
95.7019234534265
20
88.6578191492348
30
0
0
VERTEX
8
0
10
95.8968357211525
20
88.6523536988978
30
0
0
VERTEX
8
0
10
96.0917479888784
20
88.6466788156002
30
0
0
VERTEX
8
0
10
96.2866602566043
20
88.6408944550506
30
0
0
VERTEX
8
0
10
96.4815725243302
20
88.6340400882335
30
0
0
VERTEX
8
0
10
96.6764847920561
20
88.628202449536
30
0
0
VERTEX
8
0
10
96.8713970597821
20
88.6233526366073
30
0
0
VERTEX
8
0
10
97.066309327508
20
88.6163524636472
30
0
0
VERTEX
8
0
10
97.2612215952339
20
88.609334489884
30
0
0
VERTEX
8
0
10
97.4561338629598
20
88.6043172596745
30
0
0
VERTEX
8
0
10
97.6510461306857
20
88.598233760895
30
0
0
VERTEX
8
0
10
97.8459583984116
20
88.5910735727119
30
0
0
VERTEX
8
0
10
98.0408706661376
20
88.5848992510703
30
0
0
VERTEX
8
0
10
98.2357829338635
20
88.5786611209475
30
0
0
VERTEX
8
0
10
98.4306952015894
20
88.5707843781894
30
0
0
VERTEX
8
0
10
98.6256074693153
20
88.5629585387018
30
0
0
VERTEX
8
0
10
98.8205197370412
20
88.5541473355755
30
0
0
VERTEX
8
0
10
99.0154320047671
20
88.5462717548851
30
0
0
VERTEX
8
0
10
99.2103442724931
20
88.5393521095599
30
0
0
VERTEX
8
0
10
99.405256540219
20
88.5304085641552
30
0
0
VERTEX
8
0
10
99.6001688079449
20
88.5214491702243
30
0
0
VERTEX
8
0
10
99.7950810756708
20
88.5143762805392
30
0
0
VERTEX
8
0
10
99.9899933433967
20
88.5062762401418
30
0
0
VERTEX
8
0
10
100.184905611123
20
88.4971879070961
30
0
0
VERTEX
8
0
10
100.379817878849
20
88.4890520466575
30
0
0
VERTEX
8
0
10
100.574730146574
20
88.480811568965
30
0
0
VERTEX
8
0
10
100.7696424143
20
88.4725426607985
30
0
0
VERTEX
8
0
10
100.964554682026
20
88.4647552025665
30
0
0
VERTEX
8
0
10
101.159466949752
20
88.4566205431277
30
0
0
VERTEX
8
0
10
101.354379217478
20
88.4497026464897
30
0
0
VERTEX
8
0
10
101.549291485204
20
88.4437078635901
30
0
0
VERTEX
8
0
10
101.74420375293
20
88.4358105787579
30
0
0
VERTEX
8
0
10
101.939116020656
20
88.4278996299081
30
0
0
VERTEX
8
0
10
102.134028288382
20
88.4217655761425
30
0
0
VERTEX
8
0
10
102.328940556108
20
88.4146446621331
30
0
0
VERTEX
8
0
10
102.523852823834
20
88.4066180553528
30
0
0
VERTEX
8
0
10
102.71876509156
20
88.3995095843522
30
0
0
VERTEX
8
0
10
102.913677359286
20
88.3922623347877
30
0
0
VERTEX
8
0
10
103.108589627011
20
88.3849897443731
30
0
0
VERTEX
8
0
10
103.303501894737
20
88.3777595056984
30
0
0
VERTEX
8
0
10
103.498414162463
20
88.36957453665
30
0
0
VERTEX
8
0
10
103.693326430189
20
88.3467117703709
30
0
0
VERTEX
8
0
10
103.888238697915
20
88.3256477928363
30
0
0
VERTEX
8
0
10
104.083150965641
20
88.3029631957861
30
0
0
VERTEX
8
0
10
104.278063233367
20
88.2802775493285
30
0
0
VERTEX
8
0
10
104.472975501093
20
88.2592751223481
30
0
0
VERTEX
8
0
10
104.667887768819
20
88.2373371868836
30
0
0
VERTEX
8
0
10
104.862800036545
20
88.2145802639512
30
0
0
VERTEX
8
0
10
105.057712304271
20
88.1927177597277
30
0
0
VERTEX
8
0
10
105.252624571997
20
88.1706988370712
30
0
0
VERTEX
8
0
10
105.447536839722
20
88.1486682569276
30
0
0
VERTEX
8
0
10
105.642449107448
20
88.126728296071
30
0
0
VERTEX
8
0
10
105.837361375174
20
88.1038833392145
30
0
0
VERTEX
8
0
10
106.0322736429
20
88.0817749105731
30
0
0
VERTEX
8
0
10
106.227185910626
20
88.0567419432209
30
0
0
VERTEX
8
0
10
106.422098178352
20
88.0292513950077
30
0
0
VERTEX
8
0
10
106.617010446078
20
88.0022244872343
30
0
0
VERTEX
8
0
10
106.811922713804
20
87.9767914358887
30
0
0
VERTEX
8
0
10
107.00683498153
20
87.9504718847607
30
0
0
VERTEX
8
0
10
107.201747249256
20
87.9234122320494
30
0
0
VERTEX
8
0
10
107.396659516982
20
87.8972215860222
30
0
0
VERTEX
8
0
10
107.591571784708
20
87.8708603560871
30
0
0
VERTEX
8
0
10
107.786484052433
20
87.8444992692118
30
0
0
VERTEX
8
0
10
107.981396320159
20
87.8182694955942
30
0
0
VERTEX
8
0
10
108.176308587885
20
87.7911831189327
30
0
0
VERTEX
8
0
10
108.371220855611
20
87.7647833681393
30
0
0
VERTEX
8
0
10
108.566133123337
20
87.7392246660422
30
0
0
VERTEX
8
0
10
108.761045391063
20
87.7121113147931
30
0
0
VERTEX
8
0
10
108.955957658789
20
87.6883522081619
30
0
0
VERTEX
8
0
10
109.150869926515
20
87.6639899625531
30
0
0
VERTEX
8
0
10
109.345782194241
20
87.6387239264849
30
0
0
VERTEX
8
0
10
109.540694461967
20
87.612774258721
30
0
0
VERTEX
8
0
10
109.735606729693
20
87.5876498588232
30
0
0
VERTEX
8
0
10
109.930518997419
20
87.5623279553624
30
0
0
VERTEX
8
0
10
110.125431265144
20
87.5370002305738
30
0
0
VERTEX
8
0
10
110.32034353287
20
87.5118214835083
30
0
0
VERTEX
8
0
10
110.515255800596
20
87.4858176866753
30
0
0
VERTEX
8
0
10
110.710168068322
20
87.4604368389598
30
0
0
VERTEX
8
0
10
110.905080336048
20
87.4358534341072
30
0
0
VERTEX
8
0
10
111.099992603774
20
87.40980741913
30
0
0
VERTEX
8
0
10
111.2949048715
20
87.3837657499374
30
0
0
VERTEX
8
0
10
111.489817139226
20
87.3576810972411
30
0
0
VERTEX
8
0
10
111.684729406952
20
87.330021420321
30
0
0
VERTEX
8
0
10
111.879641674678
20
87.3017416092055
30
0
0
VERTEX
8
0
10
112.074553942404
20
87.2742537876253
30
0
0
VERTEX
8
0
10
112.26946621013
20
87.2465572794776
30
0
0
VERTEX
8
0
10
112.464378477855
20
87.2188601746908
30
0
0
VERTEX
8
0
10
112.659290745581
20
87.1913362021877
30
0
0
VERTEX
8
0
10
112.854203013307
20
87.1630305636618
30
0
0
VERTEX
8
0
10
113.049115281033
20
87.1352992071599
30
0
0
VERTEX
8
0
10
113.244027548759
20
87.1083324343576
30
0
0
VERTEX
8
0
10
113.438939816485
20
87.0800027333397
30
0
0
VERTEX
8
0
10
113.633852084211
20
87.0516819426824
30
0
0
VERTEX
8
0
10
113.828764351937
20
87.0246738417142
30
0
0
VERTEX
8
0
10
114.023676619663
20
86.9968954994675
30
0
0
VERTEX
8
0
10
114.218588887389
20
86.9800107060829
30
0
0
VERTEX
8
0
10
114.413501155115
20
86.9556334682235
30
0
0
VERTEX
8
0
10
114.608413422841
20
86.9299963063554
30
0
0
VERTEX
8
0
10
114.803325690566
20
86.9043341980015
30
0
0
VERTEX
8
0
10
114.998237958292
20
86.8788355421453
30
0
0
VERTEX
8
0
10
115.193150226018
20
86.8525697152487
30
0
0
VERTEX
8
0
10
115.388062493744
20
86.826803143361
30
0
0
VERTEX
8
0
10
115.58297476147
20
86.8017378679709
30
0
0
VERTEX
8
0
10
115.777887029196
20
86.7753770232151
30
0
0
VERTEX
8
0
10
115.972799296922
20
86.7490000391419
30
0
0
VERTEX
8
0
10
116.167711564648
20
86.7238225974034
30
0
0
VERTEX
8
0
10
116.362623832374
20
86.6978900808506
30
0
0
VERTEX
8
0
10
116.5575361001
20
86.6714199314375
30
0
0
VERTEX
8
0
10
116.752448367826
20
86.6471535679316
30
0
0
VERTEX
8
0
10
116.947360635552
20
86.6238211312121
30
0
0
VERTEX
8
0
10
117.142272903278
20
86.5991578616732
30
0
0
VERTEX
8
0
10
117.337185171003
20
86.5749884845224
30
0
0
VERTEX
8
0
10
117.532097438729
20
86.550088617876
30
0
0
VERTEX
8
0
10
117.727009706455
20
86.5256375110059
30
0
0
VERTEX
8
0
10
117.921921974181
20
86.5018454508111
30
0
0
VERTEX
8
0
10
118.116834241907
20
86.4768440829187
30
0
0
VERTEX
8
0
10
118.311746509633
20
86.4518230488633
30
0
0
VERTEX
8
0
10
118.506658777359
20
86.4279120684211
30
0
0
VERTEX
8
0
10
118.701571045085
20
86.4032828318735
30
0
0
VERTEX
8
0
10
118.896483312811
20
86.3781610727753
30
0
0
VERTEX
8
0
10
119.091395580537
20
86.3536863289109
30
0
0
VERTEX
8
0
10
119.286307848263
20
86.3289490137638
30
0
0
VERTEX
8
0
10
119.481220115989
20
86.3041841075707
30
0
0
VERTEX
8
0
10
119.676132383714
20
86.2795994350104
30
0
0
VERTEX
8
0
10
119.87104465144
20
86.2543243854767
30
0
0
VERTEX
8
0
10
120.065956919166
20
86.2294521840661
30
0
0
VERTEX
8
0
10
120.260869186892
20
86.2051993333602
30
0
0
VERTEX
8
0
10
120.455781454618
20
86.1798252128981
30
0
0
VERTEX
8
0
10
120.650693722344
20
86.1544311577351
30
0
0
VERTEX
8
0
10
120.84560599007
20
86.1300619413469
30
0
0
VERTEX
8
0
10
121.040518257796
20
86.1050148334491
30
0
0
VERTEX
8
0
10
121.235430525522
20
86.0795225258963
30
0
0
VERTEX
8
0
10
121.430342793248
20
86.0546373583997
30
0
0
VERTEX
8
0
10
121.625255060974
20
86.0294849186137
30
0
0
VERTEX
8
0
10
121.8201673287
20
86.0043049141812
30
0
0
VERTEX
8
0
10
122.015079596425
20
85.9793124496551
30
0
0
VERTEX
8
0
10
122.209991864151
20
85.9567902790549
30
0
0
VERTEX
8
0
10
122.404904131877
20
85.9344452863539
30
0
0
VERTEX
8
0
10
122.599816399603
20
85.9125233218474
30
0
0
VERTEX
8
0
10
122.794728667329
20
85.8895653294849
30
0
0
VERTEX
8
0
10
122.989640935055
20
85.8665853920504
30
0
0
VERTEX
8
0
10
123.184553202781
20
85.8445442270792
30
0
0
VERTEX
8
0
10
123.379465470507
20
85.8218639848979
30
0
0
VERTEX
8
0
10
123.574377738233
20
85.798782941663
30
0
0
VERTEX
8
0
10
123.769290005959
20
85.7762672246355
30
0
0
VERTEX
8
0
10
123.964202273685
20
85.7534791116561
30
0
0
VERTEX
8
0
10
124.159114541411
20
85.7306617612453
30
0
0
VERTEX
8
0
10
124.354026809136
20
85.7080360712679
30
0
0
VERTEX
8
0
10
124.548939076862
20
85.6847991739259
30
0
0
VERTEX
8
0
10
124.743851344588
20
85.6681890174289
30
0
0
VERTEX
8
0
10
124.938763612314
20
85.6501606225651
30
0
0
VERTEX
8
0
10
125.13367588004
20
85.6300383932591
30
0
0
VERTEX
8
0
10
125.328588147766
20
85.6098866792596
30
0
0
VERTEX
8
0
10
125.523500415492
20
85.590583230315
30
0
0
VERTEX
8
0
10
125.718412683218
20
85.570674178428
30
0
0
VERTEX
8
0
10
125.913324950944
20
85.5504018057882
30
0
0
VERTEX
8
0
10
126.10823721867
20
85.5306472758375
30
0
0
VERTEX
8
0
10
126.303149486396
20
85.5106111394522
30
0
0
VERTEX
8
0
10
126.498061754122
20
85.4905385885772
30
0
0
VERTEX
8
0
10
126.692974021847
20
85.4706547102662
30
0
0
VERTEX
8
0
10
126.887886289573
20
85.4501929782909
30
0
0
VERTEX
8
0
10
127.082798557299
20
85.4299947660699
30
0
0
VERTEX
8
0
10
127.277710825025
20
85.4102876733466
30
0
0
VERTEX
8
0
10
127.472623092751
20
85.3925923370525
30
0
0
VERTEX
8
0
10
127.667535360477
20
85.3706844700489
30
0
0
VERTEX
8
0
10
127.862447628203
20
85.3499627469878
30
0
0
VERTEX
8
0
10
128.057359895929
20
85.3286756627926
30
0
0
VERTEX
8
0
10
128.252272163655
20
85.3070678241128
30
0
0
VERTEX
8
0
10
128.447184431381
20
85.2859374048359
30
0
0
VERTEX
8
0
10
128.642096699107
20
85.2645244825086
30
0
0
VERTEX
8
0
10
128.837008966833
20
85.2430748524556
30
0
0
VERTEX
8
0
10
129.031921234558
20
85.2218162128958
30
0
0
VERTEX
8
0
10
129.226833502284
20
85.2000195314781
30
0
0
VERTEX
8
0
10
129.42174577001
20
85.1784456789235
30
0
0
VERTEX
8
0
10
129.616658037736
20
85.1573232003814
30
0
0
VERTEX
8
0
10
129.811570305462
20
85.1354098848491
30
0
0
VERTEX
8
0
10
130.006482573188
20
85.1143307911333
30
0
0
VERTEX
8
0
10
130.201394840914
20
85.093925455225
30
0
0
VERTEX
8
0
10
130.39630710864
20
85.0728612697691
30
0
0
VERTEX
8
0
10
130.591219376366
20
85.0515176509451
30
0
0
VERTEX
8
0
10
130.786131644092
20
85.0306123081289
30
0
0
VERTEX
8
0
10
130.981043911818
20
85.00942589314
30
0
0
VERTEX
8
0
10
131.175956179544
20
84.9882033341853
30
0
0
VERTEX
8
0
10
131.37086844727
20
84.9671732566963
30
0
0
VERTEX
8
0
10
131.565780714995
20
84.9456452932112
30
0
0
VERTEX
8
0
10
131.760692982721
20
84.9243023490822
30
0
0
VERTEX
8
0
10
131.955605250447
20
84.9033723708001
30
0
0
VERTEX
8
0
10
132.150517518173
20
84.8817313542975
30
0
0
VERTEX
8
0
10
132.345429785899
20
84.8600610862981
30
0
0
VERTEX
8
0
10
132.540342053625
20
84.8390029690087
30
0
0
VERTEX
8
0
10
132.735254321351
20
84.8154627780202
30
0
0
VERTEX
8
0
10
132.930166589077
20
84.791774761137
30
0
0
VERTEX
8
0
10
133.125078856803
20
84.7685038819212
30
0
0
VERTEX
8
0
10
133.319991124529
20
84.7449568948116
30
0
0
VERTEX
8
0
10
133.514903392255
20
84.7213762689077
30
0
0
VERTEX
8
0
10
133.709815659981
20
84.6979897964388
30
0
0
VERTEX
8
0
10
133.904727927706
20
84.6741468303534
30
0
0
VERTEX
8
0
10
134.099640195432
20
84.6504552779745
30
0
0
VERTEX
8
0
10
134.294552463158
20
84.6271409350725
30
0
0
VERTEX
8
0
10
134.489464730884
20
84.6031940565312
30
0
0
VERTEX
8
0
10
134.68437699861
20
84.5792201419696
30
0
0
VERTEX
8
0
10
134.879289266336
20
84.555787533497
30
0
0
VERTEX
8
0
10
135.074201534062
20
84.5319126339532
30
0
0
VERTEX
8
0
10
135.269113801788
20
84.5048000760743
30
0
0
VERTEX
8
0
10
135.464026069514
20
84.475133815489
30
0
0
VERTEX
8
0
10
135.65893833724
20
84.4433953048845
30
0
0
VERTEX
8
0
10
135.853850604966
20
84.4116295536688
30
0
0
VERTEX
8
0
10
136.048762872692
20
84.3800617535673
30
0
0
VERTEX
8
0
10
136.243675140417
20
84.3480817603884
30
0
0
VERTEX
8
0
10
136.438587408143
20
84.3162260185399
30
0
0
VERTEX
8
0
10
136.633499675869
20
84.2847166471555
30
0
0
VERTEX
8
0
10
136.828411943595
20
84.2526532933941
30
0
0
VERTEX
8
0
10
137.023324211321
20
84.2205689491652
30
0
0
VERTEX
8
0
10
137.218236479047
20
84.1889627422816
30
0
0
VERTEX
8
0
10
137.413148746773
20
84.1569585187263
30
0
0
VERTEX
8
0
10
137.608061014499
20
84.1247930173243
30
0
0
VERTEX
8
0
10
137.802973282225
20
84.0929617599067
30
0
0
VERTEX
8
0
10
137.997885549951
20
84.0602608522954
30
0
0
VERTEX
8
0
10
138.192797817677
20
84.0285657970127
30
0
0
VERTEX
8
0
10
138.387710085403
20
83.9971116389597
30
0
0
VERTEX
8
0
10
138.582622353128
20
83.9652837331289
30
0
0
VERTEX
8
0
10
138.777534620854
20
83.9335509904483
30
0
0
VERTEX
8
0
10
138.97244688858
20
83.9021300784459
30
0
0
VERTEX
8
0
10
139.167359156306
20
83.8702250724008
30
0
0
VERTEX
8
0
10
139.362271424032
20
83.8383004301853
30
0
0
VERTEX
8
0
10
139.557183691758
20
83.8067897733199
30
0
0
VERTEX
8
0
10
139.752095959484
20
83.7749197316045
30
0
0
VERTEX
8
0
10
139.94700822721
20
83.7429204328255
30
0
0
VERTEX
8
0
10
140.141920494936
20
83.7112209516675
30
0
0
VERTEX
8
0
10
140.336832762662
20
83.6792729182049
30
0
0
VERTEX
8
0
10
140.531745030388
20
83.6476293103264
30
0
0
VERTEX
8
0
10
140.726657298114
20
83.6163621816442
30
0
0
VERTEX
8
0
10
140.921569565839
20
83.5833847132366
30
0
0
VERTEX
8
0
10
141.116481833565
20
83.5508743853425
30
0
0
VERTEX
8
0
10
141.311394101291
20
83.5186431240745
30
0
0
VERTEX
8
0
10
141.506306369017
20
83.4859943835158
30
0
0
VERTEX
8
0
10
141.701218636743
20
83.4533281327476
30
0
0
VERTEX
8
0
10
141.896130904469
20
83.421016526059
30
0
0
VERTEX
8
0
10
142.091043172195
20
83.3883839642204
30
0
0
VERTEX
8
0
10
142.285955439921
20
83.3556517725443
30
0
0
VERTEX
8
0
10
142.480867707647
20
83.3231868014463
30
0
0
VERTEX
8
0
10
142.675779975373
20
83.2904856309992
30
0
0
VERTEX
8
0
10
142.870692243099
20
83.257763972391
30
0
0
VERTEX
8
0
10
143.065604510825
20
83.2252273100557
30
0
0
VERTEX
8
0
10
143.260516778551
20
83.1929500891434
30
0
0
VERTEX
8
0
10
143.455429046276
20
83.1601161522963
30
0
0
VERTEX
8
0
10
143.650341314002
20
83.1274388693324
30
0
0
VERTEX
8
0
10
143.845253581728
20
83.0944063851379
30
0
0
VERTEX
8
0
10
144.040165849454
20
83.0613586863858
30
0
0
VERTEX
8
0
10
144.23507811718
20
83.0286109318605
30
0
0
VERTEX
8
0
10
144.429990384906
20
82.9955796765306
30
0
0
VERTEX
8
0
10
144.624902652632
20
82.9624751540928
30
0
0
VERTEX
8
0
10
144.819814920358
20
82.9296066339552
30
0
0
VERTEX
8
0
10
145.014727188084
20
82.8965166036149
30
0
0
VERTEX
8
0
10
145.20963945581
20
82.8634091245162
30
0
0
VERTEX
8
0
10
145.404551723536
20
82.830478611256
30
0
0
VERTEX
8
0
10
145.599463991262
20
82.7972862123703
30
0
0
VERTEX
8
0
10
145.794376258987
20
82.7663391499089
30
0
0
VERTEX
8
0
10
145.989288526713
20
82.7374626595944
30
0
0
VERTEX
8
0
10
146.184200794439
20
82.7049013601494
30
0
0
VERTEX
8
0
10
146.379113062165
20
82.6731345388154
30
0
0
VERTEX
8
0
10
146.574025329891
20
82.641618271608
30
0
0
VERTEX
8
0
10
146.768937597617
20
82.6098551428817
30
0
0
VERTEX
8
0
10
146.963849865343
20
82.5780418632487
30
0
0
VERTEX
8
0
10
147.158762133069
20
82.546435145702
30
0
0
VERTEX
8
0
10
147.353674400795
20
82.5146243794285
30
0
0
VERTEX
8
0
10
147.548586668521
20
82.4827997103869
30
0
0
VERTEX
8
0
10
147.743498936247
20
82.4511419948996
30
0
0
VERTEX
8
0
10
147.938411203973
20
82.4192578560441
30
0
0
VERTEX
8
0
10
148.133323471698
20
82.387389119245
30
0
0
VERTEX
8
0
10
148.328235739424
20
82.3557101983344
30
0
0
VERTEX
8
0
10
148.52314800715
20
82.32378643708
30
0
0
VERTEX
8
0
10
148.718060274876
20
82.2920978121602
30
0
0
VERTEX
8
0
10
148.912972542602
20
82.2606901469259
30
0
0
VERTEX
8
0
10
149.107884810328
20
82.2290704582816
30
0
0
VERTEX
8
0
10
149.302797078054
20
82.1974193710688
30
0
0
VERTEX
8
0
10
149.49770934578
20
82.1659465448302
30
0
0
VERTEX
8
0
10
149.692621613506
20
82.1342891703884
30
0
0
VERTEX
8
0
10
149.887533881232
20
82.1026211098266
30
0
0
VERTEX
8
0
10
150.082446148958
20
82.0711070923641
30
0
0
VERTEX
8
0
10
150.277358416684
20
82.0394001519298
30
0
0
VERTEX
8
0
10
150.472270684409
20
82.0076982557191
30
0
0
VERTEX
8
0
10
150.667182952135
20
81.9761595565795
30
0
0
VERTEX
8
0
10
150.862095219861
20
81.9444226555242
30
0
0
VERTEX
8
0
10
151.057007487587
20
81.9126787272001
30
0
0
VERTEX
8
0
10
151.251919755313
20
81.8833026831186
30
0
0
VERTEX
8
0
10
151.446832023039
20
81.85190533125
30
0
0
VERTEX
8
0
10
151.641744290765
20
81.8207007570946
30
0
0
VERTEX
8
0
10
151.836656558491
20
81.7896491012843
30
0
0
VERTEX
8
0
10
152.031568826217
20
81.7584362039915
30
0
0
VERTEX
8
0
10
152.226481093943
20
81.7272171633244
30
0
0
VERTEX
8
0
10
152.421393361669
20
81.6961378851078
30
0
0
VERTEX
8
0
10
152.616305629395
20
81.6648987218389
30
0
0
VERTEX
8
0
10
152.81121789712
20
81.6336598562575
30
0
0
VERTEX
8
0
10
153.006130164846
20
81.6025606696356
30
0
0
VERTEX
8
0
10
153.201042432572
20
81.5713049467394
30
0
0
VERTEX
8
0
10
153.395954700298
20
81.540046157862
30
0
0
VERTEX
8
0
10
153.590866968024
20
81.5089246459828
30
0
0
VERTEX
8
0
10
153.78577923575
20
81.4798148154927
30
0
0
VERTEX
8
0
10
153.980691503476
20
81.4537035866342
30
0
0
VERTEX
8
0
10
154.175603771202
20
81.4290694400721
30
0
0
VERTEX
8
0
10
154.370516038928
20
81.404293977556
30
0
0
VERTEX
8
0
10
154.565428306654
20
81.379510915242
30
0
0
VERTEX
8
0
10
154.76034057438
20
81.3548444617521
30
0
0
VERTEX
8
0
10
154.955252842106
20
81.330043194195
30
0
0
VERTEX
8
0
10
155.150165109832
20
81.3052359908966
30
0
0
VERTEX
8
0
10
155.345077377557
20
81.2805407309552
30
0
0
SEQEND
8
0
0
POLYLINE
8
0
62
2
70
0
10
0
20
0
30
0
0
VERTEX
8
0
10
3.31350855134067
20
9.61310821765033
30
0
0
VERTEX
8
0
10
3.5084208190666
20
13.4368455567182
30
0
0
VERTEX
8
0
10
3.70333308679252
20
20.2273873117676
30
0
0
VERTEX
8
0
10
3.89824535451844
20
14.6716485838977
30
0
0
VERTEX
8
0
10
4.09315762224436
20
12.4755150288235
30
0
0
VERTEX
8
0
10
4.28806988997029
20
15.8036424301488
30
0
0
VERTEX
8
0
10
4.48298215769621
20
22.029671693094
30
0
0
VERTEX
8
0
10
4.67789442542213
20
16.9790553662946
30
0
0
VERTEX
8
0
10
4.87280669314805
20
15.0792400995182
30
0
0
VERTEX
8
0
10
5.06771896087397
20
18.0546589674891
30
0
0
VERTEX
8
0
10
5.2626312285999
20
23.5859560732143
30
0
0
VERTEX
8
0
10
5.45754349632582
20
19.1674962452979
30
0
0
VERTEX
8
0
10
5.65245576405174
20
17.6100190539742
30
0
0
VERTEX
8
0
10
5.84736803177766
20
20.2010270456888
30
0
0
VERTEX
8
0
10
6.04228029950359
20
25.0180430016475
30
0
0
VERTEX
8
0
10
6.23719256722951
20
21.2562214693971
30
0
0
VERTEX
8
0
10
6.43210483495543
20
20.039387248511
30
0
0
VERTEX
8
0
10
6.62701710268135
20
22.2525755849547
30
0
0
VERTEX
8
0
10
6.82192937040727
20
26.4078859664136
30
0
0
VERTEX
8
0
10
7.0168416381332
20
23.2569232910463
30
0
0
VERTEX
8
0
10
7.21175390585912
20
22.3398758969647
30
0
0
VERTEX
8
0
10
7.40666617358504
20
24.2179302927681
30
0
0
VERTEX
8
0
10
7.60157844131096
20
27.7955843415947
30
0
0
VERTEX
8
0
10
7.79649070903688
20
25.1775782202153
30
0
0
VERTEX
8
0
10
7.99140297676281
20
24.5065419520818
30
0
0
VERTEX
8
0
10
8.18631524448873
20
26.104403582809
30
0
0
VERTEX
8
0
10
8.38122751221465
20
29.1938797794741
30
0
0
VERTEX
8
0
10
8.57613977994057
20
27.0242509614038
30
0
0
VERTEX
8
0
10
8.7710520476665
20
26.5476582101749
30
0
0
VERTEX
8
0
10
8.96596431539242
20
27.9180927480349
30
0
0
VERTEX
8
0
10
9.16087658311834
20
30.6014308746885
30
0
0
VERTEX
8
0
10
9.35578885084426
20
28.8019004380757
30
0
0
VERTEX
8
0
10
9.55070111857018
20
28.4761575736134
30
0
0
VERTEX
8
0
10
9.74561338629611
20
29.6640837775351
30
0
0
VERTEX
8
0
10
9.94052565402203
20
32.0112767202966
30
0
0
VERTEX
8
0
10
10.135437921748
20
30.5147499500896
30
0
0
VERTEX
8
0
10
10.3303501894739
20
30.3051628099962
30
0
0
VERTEX
8
0
10
10.5252624571998
20
31.3466624825768
30
0
0
VERTEX
8
0
10
10.7201747249257
20
33.4152791011597
30
0
0
VERTEX
8
0
10
10.9150869926516
20
32.1664749499838
30
0
0
VERTEX
8
0
10
11.1099992603776
20
32.0462306115173
30
0
0
VERTEX
8
0
10
11.3049115281035
20
32.9694918663159
30
0
0
VERTEX
8
0
10
11.4998237958294
20
34.8060673411632
30
0
0
VERTEX
8
0
10
11.6947360635553
20
33.7603139935907
30
0
0
VERTEX
8
0
10
11.8896483312813
20
33.7089450786041
30
0
0
VERTEX
8
0
10
12.0845605990072
20
34.5357485645563
30
0
0
VERTEX
8
0
10
12.2794728667331
20
36.1776690935771
30
0
0
VERTEX
8
0
10
12.474385134459
20
35.2991449226742
30
0
0
VERTEX
8
0
10
12.6692974021849
20
35.3010652521183
30
0
0
VERTEX
8
0
10
12.8642096699109
20
36.048224219421
30
0
0
VERTEX
8
0
10
13.0591219376368
20
37.5255416400726
30
0
0
VERTEX
8
0
10
13.2540342053627
20
36.7855427767419
30
0
0
VERTEX
8
0
10
13.4489464730886
20
36.8288412587404
30
0
0
VERTEX
8
0
10
13.6438587408145
20
37.5094003447816
30
0
0
VERTEX
8
0
10
13.8387710085405
20
38.8463774953079
30
0
0
VERTEX
8
0
10
14.0336832762664
20
38.2218261506668
30
0
0
VERTEX
8
0
10
14.2285955439923
20
38.2973369382938
30
0
0
VERTEX
8
0
10
14.4235078117182
20
38.9215041659816
30
0
0
VERTEX
8
0
10
14.6184200794442
20
40.1378581349757
30
0
0
VERTEX
8
0
10
14.8133323471701
20
39.6100951101863
30
0
0
VERTEX
8
0
10
15.008244614896
20
39.7107034532026
30
0
0
VERTEX
8
0
10
15.2031568826219
20
40.2865510190987
30
0
0
VERTEX
8
0
10
15.3980691503478
20
41.398426074035
30
0
0
VERTEX
8
0
10
15.5929814180738
20
40.9522624585566
30
0
0
VERTEX
8
0
10
15.7878936857997
20
41.0723939200296
30
0
0
VERTEX
8
0
10
15.9828059535256
20
41.6063772123533
30
0
0
VERTEX
8
0
10
16.1777182212515
20
42.6270969511635
30
0
0
VERTEX
8
0
10
16.3726304889775
20
42.2500796220528
30
0
0
VERTEX
8
0
10
16.5675427567034
20
42.3853257379442
30
0
0
VERTEX
8
0
10
16.7624550244293
20
42.8826660118475
30
0
0
VERTEX
8
0
10
16.9573672921552
20
43.8233128726854
30
0
0
VERTEX
8
0
10
17.1522795598811
20
43.5051581524156
30
0
0
VERTEX
8
0
10
17.3471918276071
20
43.6520014585604
30
0
0
VERTEX
8
0
10
17.542104095333
20
44.1169685606697
30
0
0
VERTEX
8
0
10
17.7370163630589
20
44.9868311201049
30
0
0
VERTEX
8
0
10
17.9319286307848
20
44.7189876604801
30
0
0
VERTEX
8
0
10
18.1268408985108
20
44.8745984640504
30
0
0
VERTEX
8
0
10
18.3217531662367
20
45.3107209822163
30
0
0
VERTEX
8
0
10
18.5166654339626
20
46.1176408656494
30
0
0
VERTEX
8
0
10
18.7115777016885
20
45.892950846251
30
0
0
VERTEX
8
0
10
18.9064899694144
20
46.0550357538892
30
0
0
VERTEX
8
0
10
19.1014022371404
20
46.4652585458206
30
0
0
VERTEX
8
0
10
19.2963145048663
20
47.2159012250684
30
0
0
VERTEX
8
0
10
19.4912267725922
20
47.0283361650032
30
0
0
VERTEX
8
0
10
19.6861390403181
20
47.1950240979592
30
0
0
VERTEX
8
0
10
19.8810513080441
20
47.5818275279277
30
0
0
VERTEX
8
0
10
20.07596357577
20
48.2818952510816
30
0
0
VERTEX
8
0
10
20.2708758434959
20
48.1263485631714
30
0
0
VERTEX
8
0
10
20.4657881112218
20
48.2961041143522
30
0
0
VERTEX
8
0
10
20.6607003789477
20
48.6615952368683
30
0
0
VERTEX
8
0
10
20.8556126466737
20
49.3159957317271
30
0
0
VERTEX
8
0
10
21.0505249143996
20
49.1881186320256
30
0
0
VERTEX
8
0
10
21.2454371821255
20
49.3596755398125
30
0
0
VERTEX
8
0
10
21.4403494498514
20
49.7056585538536
30
0
0
VERTEX
8
0
10
21.6352617175774
20
50.3186397089871
30
0
0
VERTEX
8
0
10
21.8301739853033
20
50.214710457889
30
0
0
VERTEX
8
0
10
22.0250862530292
20
50.3870200231264
30
0
0
VERTEX
8
0
10
22.2199985207551
20
50.7150512612787
30
0
0
VERTEX
8
0
10
22.414910788481
20
51.2903094433196
30
0
0
VERTEX
8
0
10
22.609823056207
20
51.207128392134
30
0
0
VERTEX
8
0
10
22.8047353239329
20
51.3793191063724
30
0
0
VERTEX
8
0
10
22.9996475916588
20
51.6907503701374
30
0
0
VERTEX
8
0
10
23.1945598593847
20
52.2315181605297
30
0
0
VERTEX
8
0
10
23.3894721271107
20
52.1663229211002
30
0
0
VERTEX
8
0
10
23.5843843948366
20
52.3376685885559
30
0
0
VERTEX
8
0
10
23.7792966625625
20
52.6336816149769
30
0
0
VERTEX
8
0
10
23.9742089302884
20
53.1427993596846
30
0
0
VERTEX
8
0
10
24.1691211980143
20
53.0931957811063
30
0
0
VERTEX
8
0
10
24.3640334657403
20
53.2630901387388
30
0
0
VERTEX
8
0
10
24.5589457334662
20
53.5447242504086
30
0
0
VERTEX
8
0
10
24.7538580011921
20
54.024698786103
30
0
0
VERTEX
8
0
10
24.948770268918
20
53.9886044369165
30
0
0
VERTEX
8
0
10
25.143682536644
20
54.1565407907135
30
0
0
VERTEX
8
0
10
25.3385948043699
20
54.4247152582819
30
0
0
VERTEX
8
0
10
25.5335070720958
20
54.8777684081695
30
0
0
VERTEX
8
0
10
25.7284193398217
20
54.8533660207128
30
0
0
VERTEX
8
0
10
25.9233316075476
20
55.0189207884336
30
0
0
VERTEX
8
0
10
26.1182438752736
20
55.2744530541589
30
0
0
VERTEX
8
0
10
26.3131561429995
20
55.7025619075977
30
0
0
VERTEX
8
0
10
26.5080684107254
20
55.6882608104884
30
0
0
VERTEX
8
0
10
26.7029806784513
20
55.8510801321291
30
0
0
VERTEX
8
0
10
26.8978929461773
20
56.0947007667396
30
0
0
VERTEX
8
0
10
27.0928052139032
20
56.4996313174344
30
0
0
VERTEX
8
0
10
27.2877174816291
20
56.4940353145454
30
0
0
VERTEX
8
0
10
27.482629749355
20
56.6538240896779
30
0
0
VERTEX
8
0
10
27.6775420170809
20
56.8861891502904
30
0
0
VERTEX
8
0
10
27.8724542848069
20
57.2695245339784
30
0
0
VERTEX
8
0
10
28.0673665525328
20
57.2714050160104
30
0
0
VERTEX
8
0
10
28.2622788202587
20
57.427917876077
30
0
0
VERTEX
8
0
10
28.4571910879846
20
57.6496191802976
30
0
0
VERTEX
8
0
10
28.6521033557106
20
58.012783495362
30
0
0
VERTEX
8
0
10
28.8470156234365
20
58.0210568244833
30
0
0
VERTEX
8
0
10
29.0419278911624
20
58.1740906571183
30
0
0
VERTEX
8
0
10
29.2368401588883
20
58.3856643755497
30
0
0
VERTEX
8
0
10
29.4317524266142
20
58.7299428707642
30
0
0
VERTEX
8
0
10
29.6266646943402
20
58.7436512718422
30
0
0
VERTEX
8
0
10
29.8215769620661
20
58.89303899938
30
0
0
VERTEX
8
0
10
30.016489229792
20
59.0949728810039
30
0
0
VERTEX
8
0
10
30.2114014975179
20
59.4215291403742
30
0
0
VERTEX
8
0
10
30.4063137652439
20
59.4398244862866
30
0
0
VERTEX
8
0
10
30.6012260329698
20
59.5854298626221
30
0
0
VERTEX
8
0
10
30.7961383006957
20
59.7781693429962
30
0
0
VERTEX
8
0
10
30.9910505684216
20
60.0880599753365
30
0
0
VERTEX
8
0
10
31.1859628361475
20
60.1101899714096
30
0
0
VERTEX
8
0
10
31.3808751038735
20
60.2519032114172
30
0
0
VERTEX
8
0
10
31.5757873715994
20
60.4358566011313
30
0
0
VERTEX
8
0
10
31.7706996393253
20
60.7300438472295
30
0
0
VERTEX
8
0
10
31.9656119070512
20
60.7553402141482
30
0
0
VERTEX
8
0
10
32.1605241747772
20
60.8930743068089
30
0
0
VERTEX
8
0
10
32.3554364425031
20
61.068617219615
30
0
0
VERTEX
8
0
10
32.550348710229
20
61.3479798130779
30
0
0
VERTEX
8
0
10
32.7452609779549
20
61.3758481421684
30
0
0
VERTEX
8
0
10
32.9401732456808
20
61.5095357279959
30
0
0
VERTEX
8
0
10
33.1350855134068
20
61.6770148767961
30
0
0
VERTEX
8
0
10
33.3299977811327
20
61.9423574343285
30
0
0
VERTEX
8
0
10
33.5249100488586
20
61.9722684477127
30
0
0
VERTEX
8
0
10
33.7198223165845
20
62.1018591645442
30
0
0
VERTEX
8
0
10
33.9147345843105
20
62.261595628451
30
0
0
VERTEX
8
0
10
34.1096468520364
20
62.5136567970606
30
0
0
VERTEX
8
0
10
34.3045591197623
20
62.5451387927329
30
0
0
VERTEX
8
0
10
34.4994713874882
20
62.6705970116163
30
0
0
VERTEX
8
0
10
34.6943836552141
20
62.8228890599296
30
0
0
VERTEX
8
0
10
34.8892959229401
20
63.062348608322
30
0
0
VERTEX
8
0
10
35.084208190666
20
63.0949809096439
30
0
0
VERTEX
8
0
10
35.2791204583919
20
63.2162837967719
30
0
0
VERTEX
8
0
10
35.4740327261178
20
63.3614093382407
30
0
0
VERTEX
8
0
10
35.6689449938438
20
63.5888943495269
30
0
0
VERTEX
8
0
10
35.8638572615697
20
63.6223016068552
30
0
0
VERTEX
8
0
10
36.0587695292956
20
63.7394374601375
30
0
0
VERTEX
8
0
10
36.2536817970215
20
63.8776561752718
30
0
0
VERTEX
8
0
10
36.4485940647474
20
64.0937464704512
30
0
0
VERTEX
8
0
10
36.6435063324734
20
64.127593690905
30
0
0
VERTEX
8
0
10
36.8384186001993
20
64.2405605074507
30
0
0
VERTEX
8
0
10
37.0333308679252
20
64.3721157113603
30
0
0
VERTEX
8
0
10
37.2282431356511
20
64.5773486133009
30
0
0
VERTEX
8
0
10
37.4231554033771
20
64.6113368129643
30
0
0
VERTEX
8
0
10
37.618067671103
20
64.7201410523437
30
0
0
VERTEX
8
0
10
37.8129799388289
20
64.8452613271863
30
0
0
VERTEX
8
0
10
38.0078922065548
20
65.0401358566164
30
0
0
VERTEX
8
0
10
38.2028044742807
20
65.0739982471966
30
0
0
VERTEX
8
0
10
38.3977167420067
20
65.1786537607526
30
0
0
VERTEX
8
0
10
38.5926290097326
20
65.2975543909016
30
0
0
VERTEX
8
0
10
38.7875412774585
20
65.4825349723263
30
0
0
VERTEX
8
0
10
38.9824535451844
20
65.5160336081506
30
0
0
VERTEX
8
0
10
39.1773658129104
20
65.616560709829
30
0
0
VERTEX
8
0
10
39.3722780806363
20
65.7294449474169
30
0
0
VERTEX
8
0
10
39.5671903483622
20
65.9049646899627
30
0
0
VERTEX
8
0
10
39.7621026160881
20
65.9378875124601
30
0
0
VERTEX
8
0
10
39.957014883814
20
66.0343121708345
30
0
0
VERTEX
8
0
10
40.1519271515399
20
66.1413723544751
30
0
0
VERTEX
8
0
10
40.3468394192659
20
66.3078359641535
30
0
0
VERTEX
8
0
10
40.5417516869918
20
66.3399941906556
30
0
0
VERTEX
8
0
10
40.7366639547177
20
66.4323473242071
30
0
0
VERTEX
8
0
10
40.9315762224436
20
66.5337658714109
30
0
0
VERTEX
8
0
10
41.1264884901695
20
66.6915522417837
30
0
0
VERTEX
8
0
10
41.3214007578954
20
66.7227780533029
30
0
0
VERTEX
8
0
10
41.5163130256214
20
66.8110949149203
30
0
0
VERTEX
8
0
10
41.7112252933473
20
66.9070452039753
30
0
0
VERTEX
8
0
10
41.9061375610732
20
67.0565097263218
30
0
0
VERTEX
8
0
10
42.1010498287991
20
67.0866542155852
30
0
0
VERTEX
8
0
10
42.295962096525
20
67.1709738540485
30
0
0
VERTEX
8
0
10
42.490874364251
20
67.2616210099626
30
0
0
VERTEX
8
0
10
42.6857866319769
20
67.4030976374762
30
0
0
VERTEX
8
0
10
42.8806988997028
20
67.4320289843576
30
0
0
VERTEX
8
0
10
43.0756111674287
20
67.5123937717336
30
0
0
VERTEX
8
0
10
43.2705234351546
20
67.5978953684439
30
0
0
VERTEX
8
0
10
43.4654357028805
20
67.731698464743
30
0
0
VERTEX
8
0
10
43.6603479706065
20
67.7593003103311
30
0
0
VERTEX
8
0
10
43.8552602383324
20
67.8357555270564
30
0
0
VERTEX
8
0
10
44.0501725060583
20
67.9162622161024
30
0
0
VERTEX
8
0
10
44.2450847737842
20
68.0426882138339
30
0
0
VERTEX
8
0
10
44.4399970415101
20
68.0688582089862
30
0
0
VERTEX
8
0
10
44.6349093092361
20
68.1414516785452
30
0
0
VERTEX
8
0
10
44.829821576962
20
68.2171077531529
30
0
0
VERTEX
8
0
10
45.0247338446879
20
68.3364366450891
30
0
0
VERTEX
8
0
10
45.2196461124138
20
68.361085152142
30
0
0
VERTEX
8
0
10
45.4145583801397
20
68.4298669192079
30
0
0
VERTEX
8
0
10
45.6094706478656
20
68.500810821568
30
0
0
VERTEX
8
0
10
45.8043829155916
20
68.6133075036448
30
0
0
VERTEX
8
0
10
45.9992951833175
20
68.6363564331548
30
0
0
VERTEX
8
0
10
46.1942074510434
20
68.7013784794024
30
0
0
VERTEX
8
0
10
46.3891197187693
20
68.7677432576629
30
0
0
VERTEX
8
0
10
46.5840319864952
20
68.8736587407393
30
0
0
VERTEX
8
0
10
46.7789442542211
20
68.8950405073427
30
0
0
VERTEX
8
0
10
46.9738565219471
20
68.9563565001834
30
0
0
VERTEX
8
0
10
47.168768789673
20
69.0182702211139
30
0
0
VERTEX
8
0
10
47.3636810573989
20
69.1178427264332
30
0
0
VERTEX
8
0
10
47.5585933251248
20
69.1374993099273
30
0
0
VERTEX
8
0
10
47.7535055928507
20
69.1951643801037
30
0
0
VERTEX
8
0
10
47.9484178605767
20
69.2527505021162
30
0
0
VERTEX
8
0
10
48.1433301283026
20
69.3462064528575
30
0
0
VERTEX
8
0
10
48.3382423960285
20
69.3640885529087
30
0
0
VERTEX
8
0
10
48.5331546637544
20
69.41815909728
30
0
0
VERTEX
8
0
10
48.7280669314803
20
69.4715368086132
30
0
0
VERTEX
8
0
10
48.9229791992062
20
69.5590917292118
30
0
0
VERTEX
8
0
10
49.1178914669322
20
69.5751580026366
30
0
0
VERTEX
8
0
10
49.3128037346581
20
69.6256915092098
30
0
0
VERTEX
8
0
10
49.507716002384
20
69.6749760345315
30
0
0
VERTEX
8
0
10
49.7026282701099
20
69.7568353675456
30
0
0
VERTEX
8
0
10
49.8975405378358
20
69.7710517393171
30
0
0
VERTEX
8
0
10
50.0924528055617
20
69.8181066315689
30
0
0
VERTEX
8
0
10
50.2873650732877
20
69.8634095109279
30
0
0
VERTEX
8
0
10
50.4822773410136
20
69.9397693599305
30
0
0
VERTEX
8
0
10
50.6771896087395
20
69.9521083998997
30
0
0
VERTEX
8
0
10
50.8721018764654
20
69.9957438983304
30
0
0
VERTEX
8
0
10
51.0670141441913
20
70.037173240954
30
0
0
VERTEX
8
0
10
51.2619264119173
20
70.1082210472363
30
0
0
VERTEX
8
0
10
51.4568386796432
20
70.118661405281
30
0
0
VERTEX
8
0
10
51.6517509473691
20
70.158937404015
30
0
0
VERTEX
8
0
10
51.846663215095
20
70.1965981196036
30
0
0
VERTEX
8
0
10
52.0415754828209
20
70.2625132794852
30
0
0
VERTEX
8
0
10
52.2364877505469
20
70.2710391730376
30
0
0
VERTEX
8
0
10
52.4314000182728
20
70.3080161296912
30
0
0
VERTEX
8
0
10
52.6263122859987
20
70.3420101396651
30
0
0
VERTEX
8
0
10
52.8212245537246
20
70.4029645682565
30
0
0
VERTEX
8
0
10
53.0161368214505
20
70.4095653165081
30
0
0
VERTEX
8
0
10
53.2110490891764
20
70.4433041538776
30
0
0
VERTEX
8
0
10
53.4059613569024
20
70.4737305843786
30
0
0
VERTEX
8
0
10
53.6008736246283
20
70.5298892311333
30
0
0
VERTEX
8
0
10
53.7957858923542
20
70.5345588313856
30
0
0
VERTEX
8
0
10
53.9906981600801
20
70.5651208493271
30
0
0
VERTEX
8
0
10
54.185610427806
20
70.5920762077695
30
0
0
VERTEX
8
0
10
54.3805226955319
20
70.6435975285426
30
0
0
VERTEX
8
0
10
54.5754349632579
20
70.6463342699792
30
0
0
VERTEX
8
0
10
54.7703472309838
20
70.6737810666147
30
0
0
VERTEX
8
0
10
54.9652594987097
20
70.697359403492
30
0
0
VERTEX
8
0
10
55.1601717664356
20
70.744395793259
30
0
0
VERTEX
8
0
10
55.3550840341615
20
70.7452019046286
30
0
0
VERTEX
8
0
10
55.5499963018875
20
70.7695953055759
30
0
0
VERTEX
8
0
10
55.7449085696134
20
70.7898883627071
30
0
0
VERTEX
8
0
10
55.9398208373393
20
70.8325865525924
30
0
0
VERTEX
8
0
10
56.1347331050652
20
70.8314678803222
30
0
0
VERTEX
8
0
10
56.3296453727911
20
70.852869875092
30
0
0
VERTEX
8
0
10
56.524557640517
20
70.8699672217604
30
0
0
VERTEX
8
0
10
56.719469908243
20
70.9084686437999
30
0
0
VERTEX
8
0
10
56.9143821759689
20
70.9054343574629
30
0
0
VERTEX
8
0
10
57.1092944436948
20
70.9239070422143
30
0
0
VERTEX
8
0
10
57.3042067114207
20
70.9378962000861
30
0
0
VERTEX
8
0
10
57.4991189791466
20
70.9723373225924
30
0
0
VERTEX
8
0
10
57.6940312468725
20
70.9673996451399
30
0
0
VERTEX
8
0
10
57.8889435145985
20
70.983005170986
30
0
0
VERTEX
8
0
10
58.0838557823244
20
70.9939717290133
30
0
0
VERTEX
8
0
10
58.2787680500503
20
71.0244843652492
30
0
0
VERTEX
8
0
10
58.4736803177762
20
71.017658325447
30
0
0
VERTEX
8
0
10
58.6685925855021
20
71.0304588518286
30
0
0
VERTEX
8
0
10
58.8635048532281
20
71.0384865718023
30
0
0
VERTEX
8
0
10
59.058417120954
20
71.0651981642756
30
0
0
VERTEX
8
0
10
59.2533293886799
20
71.0565013693953
30
0
0
VERTEX
8
0
10
59.4482416564058
20
71.0665590217152
30
0
0
VERTEX
8
0
10
59.6431539241317
20
71.071729935424
30
0
0
VERTEX
8
0
10
59.8380661918576
20
71.0947638180107
30
0
0
VERTEX
8
0
10
60.0329784595836
20
71.0842162446765
30
0
0
VERTEX
8
0
10
60.2278907273095
20
71.09159307591
30
0
0
VERTEX
8
0
10
60.4228029950354
20
71.0939875745121
30
0
0
VERTEX
8
0
10
60.6177152627613
20
71.1134632141919
30
0
0
VERTEX
8
0
10
60.8126275304872
20
71.1010870157542
30
0
0
VERTEX
8
0
10
61.0075397982132
20
71.1058449713929
30
0
0
VERTEX
8
0
10
61.2024520659391
20
71.1055418876383
30
0
0
VERTEX
8
0
10
61.397364333665
20
71.121575107802
30
0
0
VERTEX
8
0
10
61.5922766013909
20
71.1073944366364
30
0
0
VERTEX
8
0
10
61.7871888691168
20
71.1095953226851
30
0
0
VERTEX
8
0
10
61.9821011368427
20
71.1066720066502
30
0
0
VERTEX
8
0
10
62.1770134045687
20
71.1193751931959
30
0
0
VERTEX
8
0
10
62.3719256722946
20
71.1034160365559
30
0
0
VERTEX
8
0
10
62.5668379400205
20
71.1031214901754
30
0
0
VERTEX
8
0
10
62.7617502077464
20
71.0976538788342
30
0
0
VERTEX
8
0
10
62.9566624754723
20
71.1071361707541
30
0
0
VERTEX
8
0
10
63.1515747431982
20
71.0894261989136
30
0
0
VERTEX
8
0
10
63.3464870109242
20
71.086697661377
30
0
0
VERTEX
8
0
10
63.5413992786501
20
71.0787603427092
30
0
0
VERTEX
8
0
10
63.736311546376
20
71.0851278083161
30
0
0
VERTEX
8
0
10
63.9312238141019
20
71.0656962338408
30
0
0
VERTEX
8
0
10
64.1261360818278
20
71.0605949254842
30
0
0
VERTEX
8
0
10
64.3210483495537
20
71.0502611973193
30
0
0
VERTEX
8
0
10
64.5159606172797
20
71.0536169971075
30
0
0
VERTEX
8
0
10
64.7108728850056
20
71.0324944443327
30
0
0
VERTEX
8
0
10
64.9057851527315
20
71.0250813412947
30
0
0
VERTEX
8
0
10
65.1006974204574
20
71.0124232654212
30
0
0
VERTEX
8
0
10
65.2956096881833
20
71.0128678028833
30
0
0
VERTEX
8
0
10
65.4905219559093
20
70.9900861865227
30
0
0
VERTEX
8
0
10
65.6854342236352
20
70.98042199905
30
0
0
VERTEX
8
0
10
65.8803464913611
20
70.9655104507875
30
0
0
VERTEX
8
0
10
66.075258759087
20
70.9631415119069
30
0
0
VERTEX
8
0
10
66.2701710268129
20
70.9387339240495
30
0
0
VERTEX
8
0
10
66.4650832945389
20
70.9268790760729
30
0
0
VERTEX
8
0
10
66.6599955622648
20
70.9097837897185
30
0
0
VERTEX
8
0
10
66.8549078299907
20
70.9046966721117
30
0
0
VERTEX
8
0
10
67.0498200977166
20
70.8786972768103
30
0
0
VERTEX
8
0
10
67.2447323654425
20
70.8647118866177
30
0
0
VERTEX
8
0
10
67.4396446331684
20
70.845501497122
30
0
0
VERTEX
8
0
10
67.6345569008944
20
70.8377891294388
30
0
0
VERTEX
8
0
10
67.8294691686203
20
70.8102330642636
30
0
0
VERTEX
8
0
10
68.0243814363462
20
70.7941769262139
30
0
0
VERTEX
8
0
10
68.2192937040721
20
70.7729190070512
30
0
0
VERTEX
8
0
10
68.414205971798
20
70.7626720595714
30
0
0
VERTEX
8
0
10
68.609118239524
20
70.7335953433685
30
0
0
VERTEX
8
0
10
68.8040305072499
20
70.7155279103366
30
0
0
VERTEX
8
0
10
68.9989427749758
20
70.6922890080428
30
0
0
VERTEX
8
0
10
69.1938550427017
20
70.679595994943
30
0
0
VERTEX
8
0
10
69.3887673104276
20
70.6490354414306
30
0
0
VERTEX
8
0
10
69.5836795781535
20
70.6290158079255
30
0
0
VERTEX
8
0
10
69.7785918458795
20
70.6038614735677
30
0
0
VERTEX
8
0
10
69.9735041136054
20
70.5888088474023
30
0
0
VERTEX
8
0
10
70.1684163813313
20
70.5568019838488
30
0
0
VERTEX
8
0
10
70.3633286490572
20
70.5348888696462
30
0
0
VERTEX
8
0
10
70.5582409167831
20
70.5078836871198
30
0
0
VERTEX
8
0
10
70.753153184509
20
70.490555926261
30
0
0
VERTEX
8
0
10
70.948065452235
20
70.457140916944
30
0
0
VERTEX
8
0
10
71.1429777199609
20
70.4333926511712
30
0
0
VERTEX
8
0
10
71.3378899876868
20
70.4046002627461
30
0
0
VERTEX
8
0
10
71.5328022554127
20
70.3850799520427
30
0
0
VERTEX
8
0
10
71.7277145231386
20
70.3502955260308
30
0
0
VERTEX
8
0
10
71.9226267908646
20
70.3247700315317
30
0
0
VERTEX
8
0
10
72.1175390585905
20
70.2942531607444
30
0
0
VERTEX
8
0
10
72.3124513263164
20
70.2726210659833
30
0
0
VERTEX
8
0
10
72.5073635940423
20
70.2365064487616
30
0
0
VERTEX
8
0
10
72.7022758617682
20
70.2092612266638
30
0
0
VERTEX
8
0
10
72.8971881294941
20
70.1770816986444
30
0
0
VERTEX
8
0
10
73.0921003972201
20
70.1534168351547
30
0
0
VERTEX
8
0
10
73.287012664946
20
70.1160116838436
30
0
0
VERTEX
8
0
10
73.4819249326719
20
70.0871037982911
30
0
0
VERTEX
8
0
10
73.6768372003978
20
70.0533225577162
30
0
0
VERTEX
8
0
10
73.8717494681237
20
70.0277022535339
30
0
0
VERTEX
8
0
10
74.0666617358497
20
69.9890465952949
30
0
0
VERTEX
8
0
10
74.2615740035756
20
69.9585326582245
30
0
0
VERTEX
8
0
10
74.4564862713015
20
69.9232097849708
30
0
0
VERTEX
8
0
10
74.6513985390274
20
69.8957097388613
30
0
0
VERTEX
8
0
10
74.8463108067533
20
69.8558439122389
30
0
0
VERTEX
8
0
10
75.0412230744792
20
69.8237800680892
30
0
0
VERTEX
8
0
10
75.2361353422052
20
69.7869747907947
30
0
0
VERTEX
8
0
10
75.4310476099311
20
69.7576691254929
30
0
0
VERTEX
8
0
10
75.625959877657
20
69.7166337243839
30
0
0
VERTEX
8
0
10
75.8208721453829
20
69.6830756348308
30
0
0
VERTEX
8
0
10
76.0157844131088
20
69.6448463422846
30
0
0
VERTEX
8
0
10
76.2106966808347
20
69.6138076531993
30
0
0
VERTEX
8
0
10
76.4056089485607
20
69.5716434732239
30
0
0
VERTEX
8
0
10
76.6005212162866
20
69.536646301658
30
0
0
VERTEX
8
0
10
76.7954334840125
20
69.49705055234
30
0
0
VERTEX
8
0
10
76.9903457517384
20
69.4643499520534
30
0
0
VERTEX
8
0
10
77.1852580194643
20
69.4210979390741
30
0
0
VERTEX
8
0
10
77.3801702871903
20
69.3847163349816
30
0
0
VERTEX
8
0
10
77.5750825549162
20
69.3438108646615
30
0
0
VERTEX
8
0
10
77.7699948226421
20
69.3095180233965
30
0
0
VERTEX
8
0
10
77.964907090368
20
69.26521922403
30
0
0
VERTEX
8
0
10
78.1598193580939
20
69.2275073071048
30
0
0
VERTEX
8
0
10
78.3547316258199
20
69.1853480346579
30
0
0
VERTEX
8
0
10
78.5496438935458
20
69.1495312169987
30
0
0
VERTEX
8
0
10
78.7445561612717
20
69.1042267308372
30
0
0
VERTEX
8
0
10
78.9394684289976
20
69.0652380748412
30
0
0
VERTEX
8
0
10
79.1343806967235
20
69.0218801063689
30
0
0
VERTEX
8
0
10
79.3292929644494
20
68.9846062044266
30
0
0
VERTEX
8
0
10
79.5242052321754
20
68.9383371378936
30
0
0
VERTEX
8
0
10
79.7191174999013
20
68.8981247542051
30
0
0
VERTEX
8
0
10
79.9140297676272
20
68.8536223855062
30
0
0
VERTEX
8
0
10
80.1089420353531
20
68.8149569487354
30
0
0
VERTEX
8
0
10
80.303854303079
20
68.7677643703434
30
0
0
VERTEX
8
0
10
80.4987665708049
20
68.726380691203
30
0
0
VERTEX
8
0
10
80.6936788385309
20
68.6807874086786
30
0
0
VERTEX
8
0
10
80.8885911062568
20
68.6407946705104
30
0
0
VERTEX
8
0
10
81.0835033739827
20
68.5927195674423
30
0
0
VERTEX
8
0
10
81.2784156417086
20
68.5502164287924
30
0
0
VERTEX
8
0
10
81.4733279094345
20
68.5035849088374
30
0
0
VERTEX
8
0
10
81.6682401771605
20
68.4623278103475
30
0
0
VERTEX
8
0
10
81.8631524448864
20
68.4134110461649
30
0
0
VERTEX
8
0
10
82.0580647126123
20
68.3698396701853
30
0
0
VERTEX
8
0
10
82.2529769803382
20
68.3222217771741
30
0
0
VERTEX
8
0
10
82.4478892480641
20
68.2797619878926
30
0
0
VERTEX
8
0
10
82.64280151579
20
68.2300442613154
30
0
0
VERTEX
8
0
10
82.837713783516
20
68.1854552385212
30
0
0
VERTEX
8
0
10
83.0326260512419
20
68.1369020213734
30
0
0
VERTEX
8
0
10
83.2275383189678
20
68.0932999574592
30
0
0
VERTEX
8
0
10
83.4224505866937
20
68.0428217620537
30
0
0
VERTEX
8
0
10
83.6173628544196
20
67.9972650330357
30
0
0
VERTEX
8
0
10
83.8122751221456
20
67.9478267205133
30
0
0
VERTEX
8
0
10
84.0071873898715
20
67.9031415603598
30
0
0
VERTEX
8
0
10
84.2020996575974
20
67.8519431451082
30
0
0
VERTEX
8
0
10
84.3970119253233
20
67.8054679818536
30
0
0
VERTEX
8
0
10
84.5919241930492
20
67.7551939765813
30
0
0
VERTEX
8
0
10
84.7868364607751
20
67.7094836740634
30
0
0
VERTEX
8
0
10
84.9817487285011
20
67.6576050046896
30
0
0
VERTEX
8
0
10
85.176660996227
20
67.6102599915143
30
0
0
VERTEX
8
0
10
85.3715732639529
20
67.559198862813
30
0
0
VERTEX
8
0
10
85.5664855316788
20
67.5125201582852
30
0
0
VERTEX
8
0
10
85.7613977994047
20
67.4600008792556
30
0
0
VERTEX
8
0
10
85.9563100671306
20
67.4118338933534
30
0
0
VERTEX
8
0
10
86.1512223348566
20
67.3600333689542
30
0
0
VERTEX
8
0
10
86.3461346025825
20
67.3124417981112
30
0
0
VERTEX
8
0
10
86.5410468703084
20
67.2593211952964
30
0
0
VERTEX
8
0
10
86.7359591380343
20
67.2103793868971
30
0
0
VERTEX
8
0
10
86.9308714057602
20
67.1578863435678
30
0
0
VERTEX
8
0
10
87.1257836734862
20
67.1094362443243
30
0
0
VERTEX
8
0
10
87.3206959412121
20
67.0557532082433
30
0
0
VERTEX
8
0
10
87.515608208938
20
67.0060829804024
30
0
0
VERTEX
8
0
10
87.7105204766639
20
66.9529434336014
30
0
0
VERTEX
8
0
10
87.9054327443898
20
66.9036879510847
30
0
0
VERTEX
8
0
10
88.1003450121157
20
66.849480940681
30
0
0
VERTEX
8
0
10
88.2952572798417
20
66.7991279287429
30
0
0
VERTEX
8
0
10
88.4901695475676
20
66.7453870213019
30
0
0
VERTEX
8
0
10
88.6850818152935
20
66.6953781111186
30
0
0
VERTEX
8
0
10
88.8799940830194
20
66.6406851180551
30
0
0
VERTEX
8
0
10
89.0749063507453
20
66.5896941687927
30
0
0
VERTEX
8
0
10
89.2698186184712
20
66.5353961587463
30
0
0
VERTEX
8
0
10
89.4647308861972
20
66.4846845885879
30
0
0
VERTEX
8
0
10
89.6596431539231
20
66.4295431020623
30
0
0
VERTEX
8
0
10
89.854555421649
20
66.3779582525309
30
0
0
VERTEX
8
0
10
90.0494676893749
20
66.3231465001392
30
0
0
VERTEX
8
0
10
90.2443799571008
20
66.2717818499089
30
0
0
VERTEX
8
0
10
90.4392922248268
20
66.2162288219059
30
0
0
VERTEX
8
0
10
90.6342044925527
20
66.164093278053
30
0
0
VERTEX
8
0
10
90.8291167602786
20
66.1088102321095
30
0
0
VERTEX
8
0
10
91.0240290280045
20
66.056840892635
30
0
0
VERTEX
8
0
10
91.2189412957304
20
66.0009127037011
30
0
0
VERTEX
8
0
10
91.4138535634563
20
65.9482688187998
30
0
0
VERTEX
8
0
10
91.6087658311823
20
65.8925560022931
30
0
0
VERTEX
8
0
10
91.8036780989082
20
65.8400291727784
30
0
0
VERTEX
8
0
10
91.9985903666341
20
65.7837615982845
30
0
0
VERTEX
8
0
10
92.19350263436
20
65.7306508511948
30
0
0
VERTEX
8
0
10
92.3884149020859
20
65.6745488463931
30
0
0
VERTEX
8
0
10
92.5833271698119
20
65.6215105307443
30
0
0
VERTEX
8
0
10
92.7782394375378
20
65.5649387076553
30
0
0
VERTEX
8
0
10
92.9731517052637
20
65.5114016810386
30
0
0
VERTEX
8
0
10
93.1680639729896
20
65.4549501141387
30
0
0
VERTEX
8
0
10
93.3629762407155
20
65.4014451162518
30
0
0
VERTEX
8
0
10
93.5578885084415
20
65.3446035104478
30
0
0
VERTEX
8
0
10
93.7528007761674
20
65.2906798689625
30
0
0
VERTEX
8
0
10
93.9477130438933
20
65.2339173943241
30
0
0
VERTEX
8
0
10
94.1426253116192
20
65.1799893125468
30
0
0
VERTEX
8
0
10
94.3375375793451
20
65.1229116867446
30
0
0
VERTEX
8
0
10
94.532449847071
20
65.0686401553273
30
0
0
VERTEX
8
0
10
94.7273621147969
20
65.0116044395154
30
0
0
VERTEX
8
0
10
94.9222743825229
20
64.9572956603013
30
0
0
VERTEX
8
0
10
95.1171866502488
20
64.9000150426406
30
0
0
VERTEX
8
0
10
95.3120989179747
20
64.8454333849463
30
0
0
VERTEX
8
0
10
95.5070111857006
20
64.7881610905623
30
0
0
VERTEX
8
0
10
95.7019234534265
20
64.7335127816282
30
0
0
VERTEX
8
0
10
95.8968357211525
20
64.676061434963
30
0
0
VERTEX
8
0
10
96.0917479888784
20
64.6212064321223
30
0
0
VERTEX
8
0
10
96.2866602566043
20
64.5637332016941
30
0
0
VERTEX
8
0
10
96.4815725243302
20
64.5087853047017
30
0
0
VERTEX
8
0
10
96.6764847920561
20
64.4511946967531
30
0
0
VERTEX
8
0
10
96.8713970597821
20
64.3961021265051
30
0
0
VERTEX
8
0
10
97.066309327508
20
64.3384625664608
30
0
0
VERTEX
8
0
10
97.2612215952339
20
64.2832537895074
30
0
0
VERTEX
8
0
10
97.4561338629598
20
64.2255545639226
30
0
0
VERTEX
8
0
10
97.6510461306857
20
64.1702591803372
30
0
0
VERTEX
8
0
10
97.8459583984116
20
64.1124868453306
30
0
0
VERTEX
8
0
10
98.0408706661376
20
64.0570546553641
30
0
0
VERTEX
8
0
10
98.2357829338635
20
63.9992766038849
30
0
0
VERTEX
8
0
10
98.4306952015894
20
63.9438121177755
30
0
0
VERTEX
8
0
10
98.6256074693153
20
63.8859394955125
30
0
0
VERTEX
8
0
10
98.8205197370412
20
63.8303201109664
30
0
0
VERTEX
8
0
10
99.0154320047671
20
63.7724921468198
30
0
0
VERTEX
8
0
10
99.2103442724931
20
63.7168912071362
30
0
0
VERTEX
8
0
10
99.405256540219
20
63.6589497038806
30
0
0
VERTEX
8
0
10
99.6001688079449
20
63.6031780877112
30
0
0
VERTEX
8
0
10
99.7950810756708
20
63.5453282204753
30
0
0
VERTEX
8
0
10
99.9899933433967
20
63.4896223967999
30
0
0
VERTEX
8
0
10
100.184905611123
20
63.4316423239157
30
0
0
VERTEX
8
0
10
100.379817878849
20
63.3757521774
30
0
0
VERTEX
8
0
10
100.574730146574
20
63.317907489527
30
0
0
VERTEX
8
0
10
100.7696424143
20
63.2621272560562
30
0
0
VERTEX
8
0
10
100.964554682026
20
63.2041378177996
30
0
0
VERTEX
8
0
10
101.159466949752
20
63.1481615753542
30
0
0
VERTEX
8
0
10
101.354379217478
20
63.0903482007497
30
0
0
VERTEX
8
0
10
101.549291485204
20
63.0345229220231
30
0
0
VERTEX
8
0
10
101.74420375293
20
62.976552205007
30
0
0
VERTEX
8
0
10
101.939116020656
20
62.9205210305033
30
0
0
VERTEX
8
0
10
102.134028288382
20
62.8627641354254
30
0
0
VERTEX
8
0
10
102.328940556108
20
62.8069220542831
30
0
0
VERTEX
8
0
10
102.523852823834
20
62.7489970190216
30
0
0
VERTEX
8
0
10
102.71876509156
20
62.6929408040458
30
0
0
VERTEX
8
0
10
102.913677359286
20
62.6352645708914
30
0
0
VERTEX
8
0
10
103.108589627011
20
62.5794327991088
30
0
0
VERTEX
8
0
10
103.303501894737
20
62.5215792742259
30
0
0
VERTEX
8
0
10
103.498414162463
20
62.465526638877
30
0
0
VERTEX
8
0
10
103.693326430189
20
62.4079542533863
30
0
0
VERTEX
8
0
10
103.888238697915
20
62.3521587656796
30
0
0
VERTEX
8
0
10
104.083150965641
20
62.2944014454641
30
0
0
VERTEX
8
0
10
104.278063233367
20
62.238379742479
30
0
0
VERTEX
8
0
10
104.472975501093
20
62.1809333851539
30
0
0
VERTEX
8
0
10
104.667887768819
20
62.1251990173699
30
0
0
VERTEX
8
0
10
104.862800036545
20
62.0675614635786
30
0
0
VERTEX
8
0
10
105.057712304271
20
62.0115967867131
30
0
0
VERTEX
8
0
10
105.252624571997
20
61.9542976294263
30
0
0
VERTEX
8
0
10
105.447536839722
20
61.8986480820143
30
0
0
VERTEX
8
0
10
105.642449107448
20
61.8411527310713
30
0
0
VERTEX
8
0
10
105.837361375174
20
61.7852699290489
30
0
0
VERTEX
8
0
10
106.0322736429
20
61.7281381382025
30
0
0
VERTEX
8
0
10
106.227185910626
20
61.6725959863815
30
0
0
VERTEX
8
0
10
106.422098178352
20
61.6152641635688
30
0
0
VERTEX
8
0
10
106.617010446078
20
61.5594868612422
30
0
0
VERTEX
8
0
10
106.811922713804
20
61.5025416092442
30
0
0
VERTEX
8
0
10
107.00683498153
20
61.4471283218582
30
0
0
VERTEX
8
0
10
107.201747249256
20
61.3899802646074
30
0
0
VERTEX
8
0
10
107.396659516982
20
61.3343308937088
30
0
0
VERTEX
8
0
10
107.591571784708
20
61.2775903812871
30
0
0
VERTEX
8
0
10
107.786484052433
20
61.2223263510654
30
0
0
VERTEX
8
0
10
107.981396320159
20
61.165381244337
30
0
0
VERTEX
8
0
10
108.176308587885
20
61.1098810870474
30
0
0
VERTEX
8
0
10
108.371220855611
20
61.0533625799262
30
0
0
VERTEX
8
0
10
108.566133123337
20
60.9982671690451
30
0
0
VERTEX
8
0
10
108.761045391063
20
60.9415431970703
30
0
0
VERTEX
8
0
10
108.955957658789
20
60.8862124471363
30
0
0
VERTEX
8
0
10
109.150869926515
20
60.8299323322438
30
0
0
VERTEX
8
0
10
109.345782194241
20
60.7750239388823
30
0
0
VERTEX
8
0
10
109.540694461967
20
60.718538359593
30
0
0
VERTEX
8
0
10
109.735606729693
20
60.6633962079726
30
0
0
VERTEX
8
0
10
109.930518997419
20
60.6073700769493
30
0
0
VERTEX
8
0
10
110.125431265144
20
60.5526662314879
30
0
0
VERTEX
8
0
10
110.32034353287
20
60.4964354832473
30
0
0
VERTEX
8
0
10
110.515255800596
20
60.4415002391013
30
0
0
VERTEX
8
0
10
110.710168068322
20
60.3857430111099
30
0
0
VERTEX
8
0
10
110.905080336048
20
60.3312605155182
30
0
0
VERTEX
8
0
10
111.099992603774
20
60.27530037144
30
0
0
VERTEX
8
0
10
111.2949048715
20
60.2205896356728
30
0
0
VERTEX
8
0
10
111.489817139226
20
60.1651157390866
30
0
0
VERTEX
8
0
10
111.684729406952
20
60.1108708716711
30
0
0
VERTEX
8
0
10
111.879641674678
20
60.0551966668101
30
0
0
VERTEX
8
0
10
112.074553942404
20
60.000727587115
30
0
0
VERTEX
8
0
10
112.26946621013
20
59.9455512332422
30
0
0
VERTEX
8
0
10
112.464378477855
20
59.8915600570061
30
0
0
VERTEX
8
0
10
112.659290745581
20
59.8361870326463
30
0
0
VERTEX
8
0
10
112.854203013307
20
59.7819766914459
30
0
0
VERTEX
8
0
10
113.049115281033
20
59.7271123001829
30
0
0
VERTEX
8
0
10
113.244027548759
20
59.6733911450113
30
0
0
VERTEX
8
0
10
113.438939816485
20
59.6183349927932
30
0
0
VERTEX
8
0
10
113.633852084211
20
59.5644010259728
30
0
0
VERTEX
8
0
10
113.828764351937
20
59.509863920016
30
0
0
VERTEX
8
0
10
114.023676619663
20
59.4564301782705
30
0
0
VERTEX
8
0
10
114.218588887389
20
59.4017079522947
30
0
0
VERTEX
8
0
10
114.413501155115
20
59.3480696025498
30
0
0
VERTEX
8
0
10
114.608413422841
20
59.2938772186616
30
0
0
VERTEX
8
0
10
114.803325690566
20
59.2407507591126
30
0
0
VERTEX
8
0
10
114.998237958292
20
59.1863825322788
30
0
0
VERTEX
8
0
10
115.193150226018
20
59.1330626033942
30
0
0
VERTEX
8
0
10
115.388062493744
20
59.0792368002036
30
0
0
VERTEX
8
0
10
115.58297476147
20
59.0264427201445
30
0
0
VERTEX
8
0
10
115.777887029196
20
58.9724548741169
30
0
0
VERTEX
8
0
10
115.972799296922
20
58.9194836690459
30
0
0
VERTEX
8
0
10
116.167711564648
20
58.8660554104097
30
0
0
VERTEX
8
0
10
116.362623832374
20
58.8136295442319
30
0
0
VERTEX
8
0
10
116.5575361001
20
58.7600610570205
30
0
0
VERTEX
8
0
10
116.752448367826
20
58.7074831268041
30
0
0
VERTEX
8
0
10
116.947360635552
20
58.6544987942397
30
0
0
VERTEX
8
0
10
117.142272903278
20
58.6024916806477
30
0
0
VERTEX
8
0
10
117.337185171003
20
58.5493922733721
30
0
0
VERTEX
8
0
10
117.532097438729
20
58.4972534925654
30
0
0
VERTEX
8
0
10
117.727009706455
20
58.4447446121492
30
0
0
VERTEX
8
0
10
117.921921974181
20
58.3931687740606
30
0
0
VERTEX
8
0
10
118.116834241907
20
58.3405235837513
30
0
0
VERTEX
8
0
10
118.311746509633
20
58.2887805856988
30
0
0
VERTEX
8
0
10
118.506658777359
20
58.2366743973283
30
0
0
VERTEX
8
0
10
118.701571045085
20
58.1854367891885
30
0
0
VERTEX
8
0
10
118.896483312811
20
58.1331398334558
30
0
0
VERTEX
8
0
10
119.091395580537
20
58.0816830672356
30
0
0
VERTEX
8
0
10
119.286307848263
20
58.0298701335258
30
0
0
VERTEX
8
0
10
119.481220115989
20
57.9788677767406
30
0
0
VERTEX
8
0
10
119.676132383714
20
57.9268230648378
30
0
0
VERTEX
8
0
10
119.87104465144
20
57.8755649301355
30
0
0
VERTEX
8
0
10
120.065956919166
20
57.8239631257915
30
0
0
VERTEX
8
0
10
120.260869186892
20
57.7731212280438
30
0
0
VERTEX
8
0
10
120.455781454618
20
57.7212594175851
30
0
0
VERTEX
8
0
10
120.650693722344
20
57.6701364655992
30
0
0
VERTEX
8
0
10
120.84560599007
20
57.6186851700357
30
0
0
VERTEX
8
0
10
121.040518257796
20
57.5679478998209
30
0
0
VERTEX
8
0
10
121.235430525522
20
57.5162163358739
30
0
0
VERTEX
8
0
10
121.430342793248
20
57.4651798706224
30
0
0
VERTEX
8
0
10
121.625255060974
20
57.4138316295633
30
0
0
VERTEX
8
0
10
121.8201673287
20
57.3631549295814
30
0
0
VERTEX
8
0
10
122.015079596425
20
57.3115115302255
30
0
0
VERTEX
8
0
10
122.209991864151
20
57.2605224224865
30
0
0
VERTEX
8
0
10
122.404904131877
20
57.2092385429234
30
0
0
VERTEX
8
0
10
122.599816399603
20
57.1585863722963
30
0
0
VERTEX
8
0
10
122.794728667329
20
57.1069964065963
30
0
0
VERTEX
8
0
10
122.989640935055
20
57.0560223127336
30
0
0
VERTEX
8
0
10
123.184553202781
20
57.0047704469256
30
0
0
VERTEX
8
0
10
123.379465470507
20
56.954112669518
30
0
0
VERTEX
8
0
10
123.574377738233
20
56.9025469021337
30
0
0
VERTEX
8
0
10
123.769290005959
20
56.8515606238927
30
0
0
VERTEX
8
0
10
123.964202273685
20
56.800313311511
30
0
0
VERTEX
8
0
10
124.159114541411
20
56.7496243943163
30
0
0
VERTEX
8
0
10
124.354026809136
20
56.6980579191278
30
0
0
VERTEX
8
0
10
124.548939076862
20
56.6470363534819
30
0
0
VERTEX
8
0
10
124.743851344588
20
56.5957700720088
30
0
0
VERTEX
8
0
10
124.938763612314
20
56.5450282239722
30
0
0
VERTEX
8
0
10
125.13367588004
20
56.4934396812866
30
0
0
VERTEX
8
0
10
125.328588147766
20
56.4423631062473
30
0
0
VERTEX
8
0
10
125.523500415492
20
56.3910576169191
30
0
0
VERTEX
8
0
10
125.718412683218
20
56.3402441890643
30
0
0
VERTEX
8
0
10
125.913324950944
20
56.2886152146555
30
0
0
VERTEX
8
0
10
126.10823721867
20
56.2374667817251
30
0
0
VERTEX
8
0
10
126.303149486396
20
56.1861046603275
30
0
0
VERTEX
8
0
10
126.498061754122
20
56.135203711854
30
0
0
VERTEX
8
0
10
126.692974021847
20
56.0835185354238
30
0
0
VERTEX
8
0
10
126.887886289573
20
56.0322838971029
30
0
0
VERTEX
8
0
10
127.082798557299
20
55.9808501871462
30
0
0
VERTEX
8
0
10
127.277710825025
20
55.9298481628148
30
0
0
VERTEX
8
0
10
127.472623092751
20
55.8780933078041
30
0
0
VERTEX
8
0
10
127.667535360477
20
55.8267603377756
30
0
0
VERTEX
8
0
10
127.862447628203
20
55.7752422885634
30
0
0
VERTEX
8
0
10
128.057359895929
20
55.7241277740714
30
0
0
VERTEX
8
0
10
128.252272163655
20
55.6722918292234
30
0
0
VERTEX
8
0
10
128.447184431381
20
55.6208504087181
30
0
0
VERTEX
8
0
10
128.642096699107
20
55.5692372746296
30
0
0
VERTEX
8
0
10
128.837008966833
20
55.5180008087196
30
0
0
VERTEX
8
0
10
129.031921234558
20
55.4660742522512
30
0
0
VERTEX
8
0
10
129.226833502284
20
55.4145161054058
30
0
0
VERTEX
8
0
10
129.42174577001
20
55.3627989908367
30
0
0
VERTEX
8
0
10
129.616658037736
20
55.3114329200651
30
0
0
VERTEX
8
0
10
129.811570305462
20
55.2594079837195
30
0
0
VERTEX
8
0
10
130.006482573188
20
55.2077265503008
30
0
0
VERTEX
8
0
10
130.201394840914
20
55.1558982897089
30
0
0
VERTEX
8
0
10
130.39630710864
20
55.1043966562508
30
0
0
VERTEX
8
0
10
130.591219376366
20
55.0522672204304
30
0
0
VERTEX
8
0
10
130.786131644092
20
55.0004575579347
30
0
0
VERTEX
8
0
10
130.981043911818
20
54.9485126236642
30
0
0
VERTEX
8
0
10
131.175956179544
20
54.8968710794461
30
0
0
VERTEX
8
0
10
131.37086844727
20
54.8446325932843
30
0
0
VERTEX
8
0
10
131.565780714995
20
54.7926913027387
30
0
0
VERTEX
8
0
10
131.760692982721
20
54.7406257354342
30
0
0
VERTEX
8
0
10
131.955605250447
20
54.6888414778077
30
0
0
VERTEX
8
0
10
132.150517518173
20
54.6364908997965
30
0
0
VERTEX
8
0
10
132.345429785899
20
54.5844160712328
30
0
0
VERTEX
8
0
10
132.540342053625
20
54.5322274291141
30
0
0
VERTEX
8
0
10
132.735254321351
20
54.4802991546678
30
0
0
VERTEX
8
0
10
132.930166589077
20
54.4278349106725
30
0
0
VERTEX
8
0
10
133.125078856803
20
54.375626085373
30
0
0
VERTEX
8
0
10
133.319991124529
20
54.3233134097323
30
0
0
VERTEX
8
0
10
133.514903392255
20
54.271241283763
30
0
0
VERTEX
8
0
10
133.709815659981
20
54.218663240205
30
0
0
VERTEX
8
0
10
133.904727927706
20
54.1663213876485
30
0
0
VERTEX
8
0
10
134.099640195432
20
54.1138851826393
30
0
0
VERTEX
8
0
10
134.294552463158
20
54.0616708225716
30
0
0
VERTEX
8
0
10
134.489464730884
20
54.0089802731648
30
0
0
VERTEX
8
0
10
134.68437699861
20
53.956507781248
30
0
0
VERTEX
8
0
10
134.879289266336
20
53.9039500066904
30
0
0
VERTEX
8
0
10
135.074201534062
20
53.851596478263
30
0
0
VERTEX
8
0
10
135.269113801788
20
53.7987961432677
30
0
0
VERTEX
8
0
10
135.464026069514
20
53.7461968208364
30
0
0
VERTEX
8
0
10
135.65893833724
20
53.693520897199
30
0
0
VERTEX
8
0
10
135.853850604966
20
53.6410327226721
30
0
0
VERTEX
8
0
10
136.048762872692
20
53.5881267600328
30
0
0
VERTEX
8
0
10
136.243675140417
20
53.5354058512061
30
0
0
VERTEX
8
0
10
136.438587408143
20
53.4826166763129
30
0
0
VERTEX
8
0
10
136.633499675869
20
53.4299998543607
30
0
0
VERTEX
8
0
10
136.828411943595
20
53.3769938824676
30
0
0
VERTEX
8
0
10
137.023324211321
20
53.3241580925699
30
0
0
VERTEX
8
0
10
137.218236479047
20
53.2712620699516
30
0
0
VERTEX
8
0
10
137.413148746773
20
53.218524107222
30
0
0
VERTEX
8
0
10
137.608061014499
20
53.1654252393572
30
0
0
VERTEX
8
0
10
137.802973282225
20
53.1124827726168
30
0
0
VERTEX
8
0
10
137.997885549951
20
53.0594878517314
30
0
0
VERTEX
8
0
10
138.192797817677
20
53.0066378063985
30
0
0
VERTEX
8
0
10
138.387710085403
20
52.9534546972862
30
0
0
VERTEX
8
0
10
138.582622353128
20
52.9004153067812
30
0
0
VERTEX
8
0
10
138.777534620854
20
52.8473310356899
30
0
0
VERTEX
8
0
10
138.97244688858
20
52.7943795736413
30
0
0
VERTEX
8
0
10
139.167359156306
20
52.7411224788345
30
0
0
VERTEX
8
0
10
139.362271424032
20
52.6879975295214
30
0
0
VERTEX
8
0
10
139.557183691758
20
52.6348351209315
30
0
0
VERTEX
8
0
10
139.752095959484
20
52.5817945856267
30
0
0
VERTEX
8
0
10
139.94700822721
20
52.5284754348566
30
0
0
VERTEX
8
0
10
140.141920494936
20
52.4752779809104
30
0
0
VERTEX
8
0
10
140.336832762662
20
52.4220503929244
30
0
0
VERTEX
8
0
10
140.531745030388
20
52.3689348903586
30
0
0
VERTEX
8
0
10
140.726657298114
20
52.3155673764122
30
0
0
VERTEX
8
0
10
140.921569565839
20
52.2623122545578
30
0
0
VERTEX
8
0
10
141.116481833565
20
52.2090342879461
30
0
0
VERTEX
8
0
10
141.311394101291
20
52.1558597886808
30
0
0
VERTEX
8
0
10
141.506306369017
20
52.1024594739016
30
0
0
VERTEX
8
0
10
141.701218636743
20
52.0491634149959
30
0
0
VERTEX
8
0
10
141.896130904469
20
51.9958518294102
30
0
0
VERTEX
8
0
10
142.091043172195
20
51.942636290253
30
0
0
VERTEX
8
0
10
142.285955439921
20
51.8892207334494
30
0
0
VERTEX
8
0
10
142.480867707647
20
51.8359024952847
30
0
0
VERTEX
8
0
10
142.675779975373
20
51.782576147589
30
0
0
VERTEX
8
0
10
142.870692243099
20
51.729339656339
30
0
0
VERTEX
8
0
10
143.065604510825
20
51.6759285637418
30
0
0
VERTEX
8
0
10
143.260516778551
20
51.6226090889825
30
0
0
VERTEX
8
0
10
143.455429046276
20
51.5692890979065
30
0
0
VERTEX
8
0
10
143.650341314002
20
51.5160540456496
30
0
0
VERTEX
8
0
10
143.845253581728
20
51.46266945075
30
0
0
VERTEX
8
0
10
144.040165849454
20
51.4093720551738
30
0
0
VERTEX
8
0
10
144.23507811718
20
51.3560819978251
30
0
0
VERTEX
8
0
10
144.429990384906
20
51.3028732847516
30
0
0
VERTEX
8
0
10
144.624902652632
20
51.2495397634236
30
0
0
VERTEX
8
0
10
144.819814920358
20
51.196290361364
30
0
0
VERTEX
8
0
10
145.014727188084
20
51.1430565090375
30
0
0
VERTEX
8
0
10
145.20963945581
20
51.0899017917735
30
0
0
VERTEX
8
0
10
145.404551723536
20
51.0366467213163
30
0
0
VERTEX
8
0
10
145.599463991262
20
50.9834740976287
30
0
0
VERTEX
8
0
10
145.794376258987
20
50.930325700977
30
0
0
VERTEX
8
0
10
145.989288526713
20
50.8772556923373
30
0
0
VERTEX
8
0
10
146.184200794439
20
50.8241095662482
30
0
0
VERTEX
8
0
10
146.379113062165
20
50.7710457076054
30
0
0
VERTEX
8
0
10
146.574025329891
20
50.7180153450866
30
0
0
VERTEX
8
0
10
146.768937597617
20
50.665064181368
30
0
0
VERTEX
8
0
10
146.963849865343
20
50.6120609963174
30
0
0
VERTEX
8
0
10
147.158762133069
20
50.5591414997961
30
0
0
VERTEX
8
0
10
147.353674400795
20
50.5062655090121
30
0
0
VERTEX
8
0
10
147.548586668521
20
50.4534712062871
30
0
0
VERTEX
8
0
10
147.743498936247
20
50.4006489448102
30
0
0
VERTEX
8
0
10
147.938411203973
20
50.347913529583
30
0
0
VERTEX
8
0
10
148.133323471698
20
50.2952325498882
30
0
0
VERTEX
8
0
10
148.328235739424
20
50.2426375805617
30
0
0
VERTEX
8
0
10
148.52314800715
20
50.1900388239798
30
0
0
VERTEX
8
0
10
148.718060274876
20
50.1375319842773
30
0
0
VERTEX
8
0
10
148.912972542602
20
50.0850916529651
30
0
0
VERTEX
8
0
10
149.107884810328
20
50.0327436895922
30
0
0
VERTEX
8
0
10
149.302797078054
20
49.9804164134999
30
0
0
VERTEX
8
0
10
149.49770934578
20
49.9281882712627
30
0
0
VERTEX
8
0
10
149.692621613506
20
49.8760401387036
30
0
0
VERTEX
8
0
10
149.887533881232
20
49.823993038418
30
0
0
VERTEX
8
0
10
150.082446148958
20
49.7719916732753
30
0
0
VERTEX
8
0
10
150.277358416684
20
49.7200991236409
30
0
0
VERTEX
8
0
10
150.472270684409
20
49.6683018928044
30
0
0
VERTEX
8
0
10
150.667182952135
20
49.6166170420823
30
0
0
VERTEX
8
0
10
150.862095219861
20
49.5650039353236
30
0
0
VERTEX
8
0
10
151.057007487587
20
49.5135122408937
30
0
0
VERTEX
8
0
10
151.251919755313
20
49.4621335101665
30
0
0
VERTEX
8
0
10
151.446832023039
20
49.4108817359307
30
0
0
VERTEX
8
0
10
151.641744290765
20
49.3597292536762
30
0
0
VERTEX
8
0
10
151.836656558491
20
49.3087143637358
30
0
0
VERTEX
8
0
10
152.031568826217
20
49.257833194551
30
0
0
VERTEX
8
0
10
152.226481093943
20
49.2070976172179
30
0
0
VERTEX
8
0
10
152.421393361669
20
49.1564913257865
30
0
0
VERTEX
8
0
10
152.616305629395
20
49.1060434377492
30
0
0
VERTEX
8
0
10
152.81121789712
20
49.0557543560569
30
0
0
VERTEX
8
0
10
153.006130164846
20
49.0056349021783
30
0
0
VERTEX
8
0
10
153.201042432572
20
48.9556786743584
30
0
0
VERTEX
8
0
10
153.395954700298
20
48.9059080290077
30
0
0
VERTEX
8
0
10
153.590866968024
20
48.8563276161451
30
0
0
VERTEX
8
0
10
153.78577923575
20
48.8069485204228
30
0
0
VERTEX
8
0
10
153.980691503476
20
48.7577730637915
30
0
0
VERTEX
8
0
10
154.175603771202
20
48.7088195975746
30
0
0
VERTEX
8
0
10
154.370516038928
20
48.6600973120613
30
0
0
VERTEX
8
0
10
154.565428306654
20
48.611619040981
30
0
0
VERTEX
8
0
10
154.76034057438
20
48.5633946353
30
0
0
VERTEX
8
0
10
154.955252842106
20
48.5154408477851
30
0
0
VERTEX
8
0
10
155.150165109832
20
48.4677706733932
30
0
0
VERTEX
8
0
10
155.345077377557
20
48.4203979633185
30
0
0
SEQEND
8
0
0
POLYLINE
8
0
62
3
70
0
10
0
20
0
30
0
0
VERTEX
8
0
10
3.31350855134067
20
10.3331638683708
30
0
0
VERTEX
8
0
10
3.5084208190666
20
14.0180652779569
30
0
0
VERTEX
8
0
10
3.70333308679252
20
20.6598163704722
30
0
0
VERTEX
8
0
10
3.89824535451844
20
15.3238049228832
30
0
0
VERTEX
8
0
10
4.09315762224436
20
13.3126077333279
30
0
0
VERTEX
8
0
10
4.28806988997029
20
16.530494065038
30
0
0
VERTEX
8
0
10
4.48298215769621
20
22.6020593489335
30
0
0
VERTEX
8
0
10
4.67789442542213
20
17.7780890744671
30
0
0
VERTEX
8
0
10
4.87280669314805
20
16.0476363950038
30
0
0
VERTEX
8
0
10
5.06771896087397
20
18.9296964151603
30
0
0
VERTEX
8
0
10
5.2626312285999
20
24.3106489375699
30
0
0
VERTEX
8
0
10
5.45754349632582
20
20.1161768260336
30
0
0
VERTEX
8
0
10
5.65245576405174
20
18.7104936357643
30
0
0
VERTEX
8
0
10
5.84736803177766
20
21.2263923903715
30
0
0
VERTEX
8
0
10
6.04228029950359
20
25.9039529867971
30
0
0
VERTEX
8
0
10
6.23719256722951
20
22.3565486306254
30
0
0
VERTEX
8
0
10
6.43210483495543
20
21.2740236739347
30
0
0
VERTEX
8
0
10
6.62701710268135
20
23.4300368663191
30
0
0
VERTEX
8
0
10
6.82192937040727
20
27.4603542733027
30
0
0
VERTEX
8
0
10
7.0168416381332
20
24.5104088319791
30
0
0
VERTEX
8
0
10
7.21175390585912
20
23.7121580742796
30
0
0
VERTEX
8
0
10
7.40666617358504
20
25.548912985542
30
0
0
VERTEX
8
0
10
7.60157844131096
20
29.0171524110581
30
0
0
VERTEX
8
0
10
7.79649070903688
20
26.5853948972346
30
0
0
VERTEX
8
0
10
7.99140297676281
20
26.020214598026
30
0
0
VERTEX
8
0
10
8.18631524448873
20
27.5900319574132
30
0
0
VERTEX
8
0
10
8.38122751221465
20
30.5852514249889
30
0
0
VERTEX
8
0
10
8.57613977994057
20
28.5873118398653
30
0
0
VERTEX
8
0
10
8.7710520476665
20
28.2060936122531
30
0
0
VERTEX
8
0
10
8.96596431539242
20
29.5592330596031
30
0
0
VERTEX
8
0
10
9.16087658311834
20
32.1622643501084
30
0
0
VERTEX
8
0
10
9.35578885084426
20
30.5209051584348
30
0
0
VERTEX
8
0
10
9.55070111857018
20
30.2821408387367
30
0
0
VERTEX
8
0
10
9.74561338629611
20
31.4613831036898
30
0
0
VERTEX
8
0
10
9.94052565402203
20
33.7407150329023
30
0
0
VERTEX
8
0
10
10.135437921748
20
32.3902154480331
30
0
0
VERTEX
8
0
10
10.3303501894739
20
32.2608827590058
30
0
0
VERTEX
8
0
10
10.5252624571998
20
33.300581144134
30
0
0
VERTEX
8
0
10
10.7201747249257
20
35.3122581137848
30
0
0
VERTEX
8
0
10
10.9150869926516
20
34.1987584327312
30
0
0
VERTEX
8
0
10
11.1099992603776
20
34.1533493307882
30
0
0
VERTEX
8
0
10
11.3049115281035
20
35.080329676953
30
0
0
VERTEX
8
0
10
11.4998237958294
20
36.8694741218674
30
0
0
VERTEX
8
0
10
11.6947360635553
20
35.9496315320325
30
0
0
VERTEX
8
0
10
11.8896483312813
20
35.968686061343
30
0
0
VERTEX
8
0
10
12.0845605990072
20
36.8036659721266
30
0
0
VERTEX
8
0
10
12.2794728667331
20
38.406412390591
30
0
0
VERTEX
8
0
10
12.474385134459
20
37.6455871344011
30
0
0
VERTEX
8
0
10
12.6692974021849
20
37.7142957459757
30
0
0
VERTEX
8
0
10
12.8642096699109
20
38.473259477526
30
0
0
VERTEX
8
0
10
13.0591219376368
20
39.9185759221975
30
0
0
VERTEX
8
0
10
13.2540342053627
20
39.2890883149336
30
0
0
VERTEX
8
0
10
13.4489464730886
20
39.3961411684406
30
0
0
VERTEX
8
0
10
13.6438587408145
20
40.0914836662472
30
0
0
VERTEX
8
0
10
13.8387710085405
20
41.4027048631229
30
0
0
VERTEX
8
0
10
14.0336832762664
20
40.8823534136081
30
0
0
VERTEX
8
0
10
14.2285955439923
20
41.0190536959159
30
0
0
VERTEX
8
0
10
14.4235078117182
20
41.6604695800097
30
0
0
VERTEX
8
0
10
14.6184200794442
20
42.8565211107064
30
0
0
VERTEX
8
0
10
14.8133323471701
20
42.4273924621775
30
0
0
VERTEX
8
0
10
15.008244614896
20
42.5869947861036
30
0
0
VERTEX
8
0
10
15.2031568826219
20
43.1821464584381
30
0
0
VERTEX
8
0
10
15.3980691503478
20
44.2784976999472
30
0
0
VERTEX
8
0
10
15.5929814180738
20
43.9260371922306
30
0
0
VERTEX
8
0
10
15.7878936857997
20
44.1032609885721
30
0
0
VERTEX
8
0
10
15.9828059535256
20
44.6582732108024
30
0
0
VERTEX
8
0
10
16.1777182212515
20
45.6676710942493
30
0
0
VERTEX
8
0
10
16.3726304889775
20
45.3799658532377
30
0
0
VERTEX
8
0
10
16.5675427567034
20
45.5706389002584
30
0
0
VERTEX
8
0
10
16.7624550244293
20
46.0904632890008
30
0
0
VERTEX
8
0
10
16.9573672921552
20
47.0234958557165
30
0
0
VERTEX
8
0
10
17.1522795598811
20
46.7907238082525
30
0
0
VERTEX
8
0
10
17.3471918276071
20
46.9915204879407
30
0
0
VERTEX
8
0
10
17.542104095333
20
47.4802046992904
30
0
0
VERTEX
8
0
10
17.7370163630589
20
48.3457349614047
30
0
0
VERTEX
8
0
10
17.9319286307848
20
48.1597406956419
30
0
0
VERTEX
8
0
10
18.1268408985108
20
48.367988613631
30
0
0
VERTEX
8
0
10
18.3217531662367
20
48.828876353669
30
0
0
VERTEX
8
0
10
18.5166654339626
20
49.6343780495048
30
0
0
VERTEX
8
0
10
18.7115777016885
20
49.4883447998786
30
0
0
VERTEX
8
0
10
18.9064899694144
20
49.7018807042811
30
0
0
VERTEX
8
0
10
19.1014022371404
20
50.1377616039184
30
0
0
VERTEX
8
0
10
19.2963145048663
20
50.8895807944065
30
0
0
VERTEX
8
0
10
19.4912267725922
20
50.7777751521203
30
0
0
VERTEX
8
0
10
19.6861390403181
20
50.9948365472997
30
0
0
VERTEX
8
0
10
19.8810513080441
20
51.4080595662553
30
0
0
VERTEX
8
0
10
20.07596357577
20
52.1116199883641
30
0
0
VERTEX
8
0
10
20.2708758434959
20
52.0291917786351
30
0
0
VERTEX
8
0
10
20.4657881112218
20
52.248334565977
30
0
0
VERTEX
8
0
10
20.6607003789477
20
52.6408946859337
30
0
0
VERTEX
8
0
10
20.8556126466737
20
53.3008602113269
30
0
0
VERTEX
8
0
10
21.0505249143996
20
53.243684432079
30
0
0
VERTEX
8
0
10
21.2454371821255
20
53.4637196947248
30
0
0
VERTEX
8
0
10
21.4403494498514
20
53.8373248803228
30
0
0
VERTEX
8
0
10
21.6352617175774
20
54.4577290358634
30
0
0
VERTEX
8
0
10
21.8301739853033
20
54.4222800737262
30
0
0
VERTEX
8
0
10
22.0250862530292
20
54.642225078024
30
0
0
VERTEX
8
0
10
22.2199985207551
20
54.9983485206764
30
0
0
VERTEX
8
0
10
22.414910788481
20
55.5826985262357
30
0
0
VERTEX
8
0
10
22.609823056207
20
55.5659493211945
30
0
0
VERTEX
8
0
10
22.8047353239329
20
55.7849891815013
30
0
0
VERTEX
8
0
10
22.9996475916588
20
56.1249104558648
30
0
0
VERTEX
8
0
10
23.1945598593847
20
56.6762713979508
30
0
0
VERTEX
8
0
10
23.3894721271107
20
56.6756120346585
30
0
0
VERTEX
8
0
10
23.5843843948366
20
56.8930694545834
30
0
0
VERTEX
8
0
10
23.7792966625625
20
57.2179072396409
30
0
0
VERTEX
8
0
10
23.9742089302884
20
57.7389706418452
30
0
0
VERTEX
8
0
10
24.1691211980143
20
57.7521421808985
30
0
0
VERTEX
8
0
10
24.3640334657403
20
57.9674533716736
30
0
0
VERTEX
8
0
10
24.5589457334662
20
58.2781916899917
30
0
0
VERTEX
8
0
10
24.7538580011921
20
58.771331737257
30
0
0
VERTEX
8
0
10
24.948770268918
20
58.7963720887203
30
0
0
VERTEX
8
0
10
25.143682536644
20
59.0090674546194
30
0
0
VERTEX
8
0
10
25.3385948043699
20
59.3065768851738
30
0
0
VERTEX
8
0
10
25.5335070720958
20
59.7738968094354
30
0
0
VERTEX
8
0
10
25.7284193398217
20
59.8090961887861
30
0
0
VERTEX
8
0
10
25.9233316075476
20
60.0187847238456
30
0
0
VERTEX
8
0
10
26.1182438752736
20
60.3038396813875
30
0
0
VERTEX
8
0
10
26.3131561429995
20
60.7472102537621
30
0
0
VERTEX
8
0
10
26.5080684107254
20
60.7910743135061
30
0
0
VERTEX
8
0
10
26.7029806784513
20
60.9974309117906
30
0
0
VERTEX
8
0
10
26.8978929461773
20
61.2707238226226
30
0
0
VERTEX
8
0
10
27.0928052139032
20
61.6918154712581
30
0
0
VERTEX
8
0
10
27.2877174816291
20
61.7430346208352
30
0
0
VERTEX
8
0
10
27.482629749355
20
61.9457896908775
30
0
0
VERTEX
8
0
10
27.6775420170809
20
62.2079427001958
30
0
0
VERTEX
8
0
10
27.8724542848069
20
62.6082524495011
30
0
0
VERTEX
8
0
10
28.0673665525328
20
62.6656761936271
30
0
0
VERTEX
8
0
10
28.2622788202587
20
62.8646071093628
30
0
0
VERTEX
8
0
10
28.4571910879846
20
63.1161818100604
30
0
0
VERTEX
8
0
10
28.6521033557106
20
63.4970559879873
30
0
0
VERTEX
8
0
10
28.8470156234365
20
63.5596713595867
30
0
0
VERTEX
8
0
10
29.0419278911624
20
63.7545953838576
30
0
0
VERTEX
8
0
10
29.2368401588883
20
63.9961009491849
30
0
0
VERTEX
8
0
10
29.4317524266142
20
64.3587544167553
30
0
0
VERTEX
8
0
10
29.6266646943402
20
64.4256677672962
30
0
0
VERTEX
8
0
10
29.8215769620661
20
64.616436164887
30
0
0
VERTEX
8
0
10
30.016489229792
20
64.8483361839047
30
0
0
VERTEX
8
0
10
30.2114014975179
20
65.1938686922714
30
0
0
VERTEX
8
0
10
30.4063137652439
20
65.2642902508459
30
0
0
VERTEX
8
0
10
30.6012260329698
20
65.4507833670504
30
0
0
VERTEX
8
0
10
30.7961383006957
20
65.6735016203589
30
0
0
VERTEX
8
0
10
30.9910505684216
20
66.0029117827807
30
0
0
VERTEX
8
0
10
31.1859628361475
20
66.0761425087066
30
0
0
VERTEX
8
0
10
31.3808751038735
20
66.2582656369599
30
0
0
VERTEX
8
0
10
31.5757873715994
20
66.4721910003171
30
0
0
VERTEX
8
0
10
31.7706996393253
20
66.786388275072
30
0
0
VERTEX
8
0
10
31.9656119070512
20
66.861808619623
30
0
0
VERTEX
8
0
10
32.1605241747772
20
67.039488516886
30
0
0
VERTEX
8
0
10
32.3554364425031
20
67.2449791441033
30
0
0
VERTEX
8
0
10
32.550348710229
20
67.5447941505129
30
0
0
VERTEX
8
0
10
32.7452609779549
20
67.6218544151368
30
0
0
VERTEX
8
0
10
32.9401732456808
20
67.7950363517043
30
0
0
VERTEX
8
0
10
33.1350855134068
20
67.9924232585315
30
0
0
VERTEX
8
0
10
33.3299977811327
20
68.2786166902367
30
0
0
VERTEX
8
0
10
33.5249100488586
20
68.3568287250119
30
0
0
VERTEX
8
0
10
33.7198223165845
20
68.5254739777048
30
0
0
VERTEX
8
0
10
33.9147345843105
20
68.7150641247045
30
0
0
VERTEX
8
0
10
34.1096468520364
20
68.9883344779291
30
0
0
VERTEX
8
0
10
34.3045591197623
20
69.0672645097109
30
0
0
VERTEX
8
0
10
34.4994713874882
20
69.2313482242132
30
0
0
VERTEX
8
0
10
34.6943836552141
20
69.4134271800483
30
0
0
VERTEX
8
0
10
34.8892959229401
20
69.6744174760141
30
0
0
VERTEX
8
0
10
35.084208190666
20
69.7536798935316
30
0
0
VERTEX
8
0
10
35.2791204583919
20
69.9131892551533
30
0
0
VERTEX
8
0
10
35.4740327261178
20
70.0880235051885
30
0
0
VERTEX
8
0
10
35.6689449938438
20
70.3373271568398
30
0
0
VERTEX
8
0
10
35.8638572615697
20
70.4165791072309
30
0
0
VERTEX
8
0
10
36.0587695292956
20
70.5715117713287
30
0
0
VERTEX
8
0
10
36.2536817970215
20
70.7393507263107
30
0
0
VERTEX
8
0
10
36.4485940647474
20
70.9775166730732
30
0
0
VERTEX
8
0
10
36.6435063324734
20
71.0564533513114
30
0
0
VERTEX
8
0
10
36.8384186001993
20
71.2068160919567
30
0
0
VERTEX
8
0
10
37.0333308679252
20
71.367893841784
30
0
0
VERTEX
8
0
10
37.2282431356511
20
71.5954310570945
30
0
0
VERTEX
8
0
10
37.4231554033771
20
71.6737815874071
30
0
0
VERTEX
8
0
10
37.618067671103
20
71.8195891310037
30
0
0
VERTEX
8
0
10
37.8129799388289
20
71.9741259806411
30
0
0
VERTEX
8
0
10
38.0078922065548
20
72.1915074395892
30
0
0
VERTEX
8
0
10
38.2028044742807
20
72.2690312648975
30
0
0
VERTEX
8
0
10
38.3977167420067
20
72.4103052805984
30
0
0
VERTEX
8
0
10
38.5926290097326
20
72.5585090995032
30
0
0
VERTEX
8
0
10
38.7875412774585
20
72.7661752808734
30
0
0
VERTEX
8
0
10
38.9824535451844
20
72.8426589895521
30
0
0
VERTEX
8
0
10
39.1773658129104
20
72.9794272132531
30
0
0
VERTEX
8
0
10
39.3722780806363
20
73.1214946245042
30
0
0
VERTEX
8
0
10
39.5671903483622
20
73.3198566092078
30
0
0
VERTEX
8
0
10
39.7621026160881
20
73.3951111392532
30
0
0
VERTEX
8
0
10
39.957014883814
20
73.5274066119085
30
0
0
VERTEX
8
0
10
40.1519271515399
20
73.6635240426555
30
0
0
VERTEX
8
0
10
40.3468394192659
20
73.8529662623354
30
0
0
VERTEX
8
0
10
40.5417516869918
20
73.9268244322803
30
0
0
VERTEX
8
0
10
40.7366639547177
20
74.0546848356005
30
0
0
VERTEX
8
0
10
40.9315762224436
20
74.1850294482092
30
0
0
VERTEX
8
0
10
41.1264884901695
20
74.3659121287863
30
0
0
VERTEX
8
0
10
41.3214007578954
20
74.4382264521844
30
0
0
VERTEX
8
0
10
41.5163130256214
20
74.5616935284145
30
0
0
VERTEX
8
0
10
41.7112252933473
20
74.6864340472778
30
0
0
VERTEX
8
0
10
41.9061375610732
20
74.8590953865285
30
0
0
VERTEX
8
0
10
42.1010498287991
20
74.929736133155
30
0
0
VERTEX
8
0
10
42.295962096525
20
75.0488551773609
30
0
0
VERTEX
8
0
10
42.490874364251
20
75.1681526251627
30
0
0
VERTEX
8
0
10
42.6857866319769
20
75.332910737193
30
0
0
VERTEX
8
0
10
42.8806988997028
20
75.4017642096903
30
0
0
VERTEX
8
0
10
43.0756111674287
20
75.5165836241155
30
0
0
VERTEX
8
0
10
43.2705234351546
20
75.630591979087
30
0
0
VERTEX
8
0
10
43.4654357028805
20
75.7877466344834
30
0
0
VERTEX
8
0
10
43.6603479706065
20
75.8547136331163
30
0
0
VERTEX
8
0
10
43.8552602383324
20
75.9652845358057
30
0
0
VERTEX
8
0
10
44.0501725060583
20
76.0741513196244
30
0
0
VERTEX
8
0
10
44.2450847737842
20
76.2239855057837
30
0
0
VERTEX
8
0
10
44.4399970415101
20
76.2889799583383
30
0
0
VERTEX
8
0
10
44.6349093092361
20
76.3953558384107
30
0
0
VERTEX
8
0
10
44.829821576962
20
76.4992226431925
30
0
0
VERTEX
8
0
10
45.0247338446879
20
76.6420039661115
30
0
0
VERTEX
8
0
10
45.2196461124138
20
76.7049517026799
30
0
0
VERTEX
8
0
10
45.4145583801397
20
76.8071881164412
30
0
0
VERTEX
8
0
10
45.6094706478656
20
76.9061910781783
30
0
0
VERTEX
8
0
10
45.8043829155916
20
77.042173024165
30
0
0
VERTEX
8
0
10
45.9992951833175
20
77.1030106796017
30
0
0
VERTEX
8
0
10
46.1942074510434
20
77.2011649820412
30
0
0
VERTEX
8
0
10
46.3891197187693
20
77.295435206649
30
0
0
VERTEX
8
0
10
46.5840319864952
20
77.4248582798849
30
0
0
VERTEX
8
0
10
46.7789442542211
20
77.4835323088305
30
0
0
VERTEX
8
0
10
46.9738565219471
20
77.5776634160184
30
0
0
VERTEX
8
0
10
47.168768789673
20
77.6673273636052
30
0
0
VERTEX
8
0
10
47.3636810573989
20
77.790420113759
30
0
0
VERTEX
8
0
10
47.5585933251248
20
77.846885905054
30
0
0
VERTEX
8
0
10
47.7535055928507
20
77.9370540836044
30
0
0
VERTEX
8
0
10
47.9484178605767
20
78.0222339154026
30
0
0
VERTEX
8
0
10
48.1433301283026
20
78.1392138670629
30
0
0
VERTEX
8
0
10
48.3382423960285
20
78.1934349465337
30
0
0
VERTEX
8
0
10
48.5331546637544
20
78.2797016266758
30
0
0
VERTEX
8
0
10
48.7280669314803
20
78.3605155191491
30
0
0
VERTEX
8
0
10
48.9229791992062
20
78.4715900141257
30
0
0
VERTEX
8
0
10
49.1178914669322
20
78.5235373252924
30
0
0
VERTEX
8
0
10
49.3128037346581
20
78.6059649347711
30
0
0
VERTEX
8
0
10
49.507716002384
20
78.6825273639929
30
0
0
VERTEX
8
0
10
49.7026282701099
20
78.787894325752
30
0
0
VERTEX
8
0
10
49.8975405378358
20
78.8375455800609
30
0
0
VERTEX
8
0
10
50.0924528055617
20
78.9161973960917
30
0
0
VERTEX
8
0
10
50.2873650732877
20
78.9886193960732
30
0
0
VERTEX
8
0
10
50.4822773410136
20
79.0884680243513
30
0
0
VERTEX
8
0
10
50.6771896087395
20
79.1358071133373
30
0
0
VERTEX
8
0
10
50.8721018764654
20
79.2107471306647
30
0
0
VERTEX
8
0
10
51.0670141441913
20
79.2791365280076
30
0
0
VERTEX
8
0
10
51.2619264119173
20
79.3736479309641
30
0
0
VERTEX
8
0
10
51.4568386796432
20
79.4186643934585
30
0
0
VERTEX
8
0
10
51.6517509473691
20
79.4899572064672
30
0
0
VERTEX
8
0
10
51.846663215095
20
79.5544188338373
30
0
0
VERTEX
8
0
10
52.0415754828209
20
79.6437666041748
30
0
0
VERTEX
8
0
10
52.2364877505469
20
79.6864551428239
30
0
0
VERTEX
8
0
10
52.4314000182728
20
79.754165840029
30
0
0
VERTEX
8
0
10
52.6263122859987
20
79.8148017307493
30
0
0
VERTEX
8
0
10
52.8212245537246
20
79.8991524713398
30
0
0
VERTEX
8
0
10
53.0161368214505
20
79.9395125130517
30
0
0
VERTEX
8
0
10
53.2110490891764
20
80.0037065825996
30
0
0
VERTEX
8
0
10
53.4059613569024
20
80.0606161480771
30
0
0
VERTEX
8
0
10
53.6008736246283
20
80.1401299521366
30
0
0
VERTEX
8
0
10
53.7957858923542
20
80.1781652481514
30
0
0
VERTEX
8
0
10
53.9906981600801
20
80.2389084928176
30
0
0
VERTEX
8
0
10
54.185610427806
20
80.2921886844892
30
0
0
VERTEX
8
0
10
54.3805226955319
20
80.367019574759
30
0
0
VERTEX
8
0
10
54.5754349632579
20
80.4027378359046
30
0
0
VERTEX
8
0
10
54.7703472309838
20
80.4600962967523
30
0
0
VERTEX
8
0
10
54.9652594987097
20
80.5098417541518
30
0
0
VERTEX
8
0
10
55.1601717664356
20
80.5801380850131
30
0
0
VERTEX
8
0
10
55.3550840341615
20
80.6135506488109
30
0
0
VERTEX
8
0
10
55.5499963018875
20
80.6675905363073
30
0
0
VERTEX
8
0
10
55.7449085696134
20
80.7138937223733
30
0
0
VERTEX
8
0
10
55.9398208373393
20
80.779798548348
30
0
0
VERTEX
8
0
10
56.1347331050652
20
80.8109200746874
30
0
0
VERTEX
8
0
10
56.3296453727911
20
80.8617077064624
30
0
0
VERTEX
8
0
10
56.524557640517
20
80.904659031454
30
0
0
VERTEX
8
0
10
56.719469908243
20
80.9663104453184
30
0
0
VERTEX
8
0
10
56.9143821759689
20
80.9951586377993
30
0
0
VERTEX
8
0
10
57.1092944436948
20
81.0427603822945
30
0
0
VERTEX
8
0
10
57.3042067114207
20
81.0824483171523
30
0
0
VERTEX
8
0
10
57.4991189791466
20
81.1399797603777
30
0
0
VERTEX
8
0
10
57.6940312468725
20
81.1665751108746
30
0
0
VERTEX
8
0
10
57.8889435145985
20
81.2110573361272
30
0
0
VERTEX
8
0
10
58.0838557823244
20
81.2475685164063
30
0
0
VERTEX
8
0
10
58.2787680500503
20
81.3011090644798
30
0
0
VERTEX
8
0
10
58.4736803177762
20
81.3254746185227
30
0
0
VERTEX
8
0
10
58.6685925855021
20
81.3669036456224
30
0
0
VERTEX
8
0
10
58.8635048532281
20
81.4003229666367
30
0
0
VERTEX
8
0
10
59.058417120954
20
81.4499975914473
30
0
0
VERTEX
8
0
10
59.2533293886799
20
81.4721587325669
30
0
0
VERTEX
8
0
10
59.4482416564058
20
81.5106007930515
30
0
0
VERTEX
8
0
10
59.6431539241317
20
81.5410114971177
30
0
0
VERTEX
8
0
10
59.8380661918576
20
81.5869413084875
30
0
0
VERTEX
8
0
10
60.0329784595836
20
81.606925559567
30
0
0
VERTEX
8
0
10
60.2278907273095
20
81.6424467564668
30
0
0
VERTEX
8
0
10
60.4228029950354
20
81.6699305128305
30
0
0
VERTEX
8
0
10
60.6177152627613
20
81.7122329808823
30
0
0
VERTEX
8
0
10
60.8126275304872
20
81.7300698209693
30
0
0
VERTEX
8
0
10
61.0075397982132
20
81.7627360929271
30
0
0
VERTEX
8
0
10
61.2024520659391
20
81.7873730709661
30
0
0
VERTEX
8
0
10
61.397364333665
20
81.8261622311633
30
0
0
VERTEX
8
0
10
61.5922766013909
20
81.841882926243
30
0
0
VERTEX
8
0
10
61.7871888691168
20
81.8717600144307
30
0
0
VERTEX
8
0
10
61.9821011368427
20
81.8936289507625
30
0
0
VERTEX
8
0
10
62.1770134045687
20
81.929015592788
30
0
0
VERTEX
8
0
10
62.3719256722946
20
81.9426530392286
30
0
0
VERTEX
8
0
10
62.5668379400205
20
81.9698064566923
30
0
0
VERTEX
8
0
10
62.7617502077464
20
81.9889847164953
30
0
0
VERTEX
8
0
10
62.9566624754723
20
82.0210765585639
30
0
0
VERTEX
8
0
10
63.1515747431982
20
82.0326651380478
30
0
0
VERTEX
8
0
10
63.3464870109242
20
82.0571601411708
30
0
0
VERTEX
8
0
10
63.5413992786501
20
82.0737237743752
30
0
0
VERTEX
8
0
10
63.736311546376
20
82.1026256240626
30
0
0
VERTEX
8
0
10
63.9312238141019
20
82.1122010689169
30
0
0
VERTEX
8
0
10
64.1261360818278
20
82.1341026307105
30
0
0
VERTEX
8
0
10
64.3210483495537
20
82.1481264232542
30
0
0
VERTEX
8
0
10
64.5159606172797
20
82.1739403258022
30
0
0
VERTEX
8
0
10
64.7108728850056
20
82.1815395938584
30
0
0
VERTEX
8
0
10
64.9057851527315
20
82.2009123788903
30
0
0
VERTEX
8
0
10
65.1006974204574
20
82.2124698995401
30
0
0
VERTEX
8
0
10
65.2956096881833
20
82.2352952748583
30
0
0
VERTEX
8
0
10
65.4905219559093
20
82.2409564328458
30
0
0
VERTEX
8
0
10
65.6854342236352
20
82.2578647735991
30
0
0
VERTEX
8
0
10
65.8803464913611
20
82.2670284165282
30
0
0
VERTEX
8
0
10
66.075258759087
20
82.2869621855977
30
0
0
VERTEX
8
0
10
66.2701710268129
20
82.2907243003703
30
0
0
VERTEX
8
0
10
66.4650832945389
20
82.3052321747706
30
0
0
VERTEX
8
0
10
66.6599955622648
20
82.3120731982825
30
0
0
VERTEX
8
0
10
66.8549078299907
20
82.3292098998685
30
0
0
VERTEX
8
0
10
67.0498200977166
20
82.3311129367271
30
0
0
VERTEX
8
0
10
67.2447323654425
20
82.3432839466794
30
0
0
VERTEX
8
0
10
67.4396446331684
20
82.3478725084089
30
0
0
VERTEX
8
0
10
67.6345569008944
20
82.3623044066699
30
0
0
VERTEX
8
0
10
67.8294691686203
20
82.3623891341926
30
0
0
VERTEX
8
0
10
68.0243814363462
20
82.3722864850763
30
0
0
VERTEX
8
0
10
68.2192937040721
20
82.3746916736622
30
0
0
VERTEX
8
0
10
68.414205971798
20
82.386508857538
30
0
0
VERTEX
8
0
10
68.609118239524
20
82.3848167582164
30
0
0
VERTEX
8
0
10
68.8040305072499
20
82.3925032390644
30
0
0
VERTEX
8
0
10
68.9989427749758
20
82.3927931027261
30
0
0
VERTEX
8
0
10
69.1938550427017
20
82.4020835775526
30
0
0
VERTEX
8
0
10
69.3887673104276
20
82.3986567638927
30
0
0
VERTEX
8
0
10
69.5836795781535
20
82.4041947282045
30
0
0
VERTEX
8
0
10
69.7785918458795
20
82.4024363004737
30
0
0
VERTEX
8
0
10
69.9735041136054
20
82.4092860723604
30
0
0
VERTEX
8
0
10
70.1684163813313
20
82.4041672077525
30
0
0
VERTEX
8
0
10
70.3633286490572
20
82.4076185547999
30
0
0
VERTEX
8
0
10
70.5582409167831
20
82.4038778773372
30
0
0
VERTEX
8
0
10
70.753153184509
20
82.4083710309921
30
0
0
VERTEX
8
0
10
70.948065452235
20
82.401603255071
30
0
0
VERTEX
8
0
10
71.1429777199609
20
82.4030294116497
30
0
0
VERTEX
8
0
10
71.3378899876868
20
82.3973715545332
30
0
0
VERTEX
8
0
10
71.5328022554127
20
82.3995903248019
30
0
0
VERTEX
8
0
10
71.7277145231386
20
82.3912171828742
30
0
0
VERTEX
8
0
10
71.9226267908646
20
82.3906790853492
30
0
0
VERTEX
8
0
10
72.1175390585905
20
82.3831681649371
30
0
0
VERTEX
8
0
10
72.3124513263164
20
82.3831930026075
30
0
0
VERTEX
8
0
10
72.5073635940423
20
82.3732583787156
30
0
0
VERTEX
8
0
10
72.7022758617682
20
82.3708164552971
30
0
0
VERTEX
8
0
10
72.8971881294941
20
82.3615156497624
30
0
0
VERTEX
8
0
10
73.0921003972201
20
82.3594252819651
30
0
0
VERTEX
8
0
10
73.287012664946
20
82.3479733353529
30
0
0
VERTEX
8
0
10
73.4819249326719
20
82.3436874885761
30
0
0
VERTEX
8
0
10
73.6768372003978
20
82.3326590512941
30
0
0
VERTEX
8
0
10
73.8717494681237
20
82.3285305368999
30
0
0
VERTEX
8
0
10
74.0666617358497
20
82.3156056415164
30
0
0
VERTEX
8
0
10
74.2615740035756
20
82.3095352308269
30
0
0
VERTEX
8
0
10
74.4564862713015
20
82.2968405017033
30
0
0
VERTEX
8
0
10
74.6513985390274
20
82.2907492820038
30
0
0
VERTEX
8
0
10
74.8463108067533
20
82.2763959688165
30
0
0
VERTEX
8
0
10
75.0412230744792
20
82.268599793168
30
0
0
VERTEX
8
0
10
75.2361353422052
20
82.2542992081015
30
0
0
VERTEX
8
0
10
75.4310476099311
20
82.2463191531259
30
0
0
VERTEX
8
0
10
75.625959877657
20
82.2305820549687
30
0
0
VERTEX
8
0
10
75.8208721453829
20
82.2211183355235
30
0
0
VERTEX
8
0
10
76.0157844131088
20
82.2052714339543
30
0
0
VERTEX
8
0
10
76.2106966808347
20
82.19547488466
30
0
0
VERTEX
8
0
10
76.4056089485607
20
82.1783986834158
30
0
0
VERTEX
8
0
10
76.6005212162866
20
82.167325046111
30
0
0
VERTEX
8
0
10
76.7954334840125
20
82.1499904769497
30
0
0
VERTEX
8
0
10
76.9903457517384
20
82.1384482836087
30
0
0
VERTEX
8
0
10
77.1852580194643
20
82.1200776594988
30
0
0
VERTEX
8
0
10
77.3801702871903
20
82.1074511176251
30
0
0
VERTEX
8
0
10
77.5750825549162
20
82.0886866435031
30
0
0
VERTEX
8
0
10
77.7699948226421
20
82.0754682004605
30
0
0
VERTEX
8
0
10
77.964907090368
20
82.0558477833098
30
0
0
VERTEX
8
0
10
78.1598193580939
20
82.0417247199639
30
0
0
VERTEX
8
0
10
78.3547316258199
20
82.0215872199591
30
0
0
VERTEX
8
0
10
78.5496438935458
20
82.0067604970389
30
0
0
VERTEX
8
0
10
78.7445561612717
20
81.9859348192676
30
0
0
VERTEX
8
0
10
78.9394684289976
20
81.9703709697036
30
0
0
VERTEX
8
0
10
79.1343806967235
20
81.9489164406332
30
0
0
VERTEX
8
0
10
79.3292929644494
20
81.9325480113877
30
0
0
VERTEX
8
0
10
79.5242052321754
20
81.9105614626643
30
0
0
VERTEX
8
0
10
79.7191174999013
20
81.8936118965049
30
0
0
VERTEX
8
0
10
79.9140297676272
20
81.8708954528454
30
0
0
VERTEX
8
0
10
80.1089420353531
20
81.853050519848
30
0
0
VERTEX
8
0
10
80.303854303079
20
81.8299473032102
30
0
0
VERTEX
8
0
10
80.4987665708049
20
81.8116664065327
30
0
0
VERTEX
8
0
10
80.6936788385309
20
81.7877422790542
30
0
0
VERTEX
8
0
10
80.8885911062568
20
81.7684846964094
30
0
0
VERTEX
8
0
10
81.0835033739827
20
81.7443087857827
30
0
0
VERTEX
8
0
10
81.2784156417086
20
81.7247502430086
30
0
0
VERTEX
8
0
10
81.4733279094345
20
81.6996717761877
30
0
0
VERTEX
8
0
10
81.6682401771605
20
81.67906406947
30
0
0
VERTEX
8
0
10
81.8631524448864
20
81.6538591684214
30
0
0
VERTEX
8
0
10
82.0580647126123
20
81.6330759441034
30
0
0
VERTEX
8
0
10
82.2529769803382
20
81.6068955924257
30
0
0
VERTEX
8
0
10
82.4478892480641
20
81.5849989761641
30
0
0
VERTEX
8
0
10
82.64280151579
20
81.5588084778488
30
0
0
VERTEX
8
0
10
82.837713783516
20
81.5368527982598
30
0
0
VERTEX
8
0
10
83.0326260512419
20
81.5096221214156
30
0
0
VERTEX
8
0
10
83.2275383189678
20
81.4864965143404
30
0
0
VERTEX
8
0
10
83.4224505866937
20
81.4593634625067
30
0
0
VERTEX
8
0
10
83.6173628544196
20
81.4362867971063
30
0
0
VERTEX
8
0
10
83.8122751221456
20
81.4080564542283
30
0
0
VERTEX
8
0
10
84.0071873898715
20
81.3837604923616
30
0
0
VERTEX
8
0
10
84.2020996575974
20
81.3557275433972
30
0
0
VERTEX
8
0
10
84.3970119253233
20
81.3315805861414
30
0
0
VERTEX
8
0
10
84.5919241930492
20
81.3024003290943
30
0
0
VERTEX
8
0
10
84.7868364607751
20
81.2769913768883
30
0
0
VERTEX
8
0
10
84.9817487285011
20
81.2481007628062
30
0
0
VERTEX
8
0
10
85.176660996227
20
81.2229334133381
30
0
0
VERTEX
8
0
10
85.3715732639529
20
81.1928520791543
30
0
0
VERTEX
8
0
10
85.5664855316788
20
81.1663862387919
30
0
0
VERTEX
8
0
10
85.7613977994047
20
81.1366797311
30
0
0
VERTEX
8
0
10
85.9563100671306
20
81.1105410758366
30
0
0
VERTEX
8
0
10
86.1512223348566
20
81.0796065783728
30
0
0
VERTEX
8
0
10
86.3461346025825
20
81.0521386973503
30
0
0
VERTEX
8
0
10
86.5410468703084
20
81.0216575717933
30
0
0
VERTEX
8
0
10
86.7359591380343
20
80.994595864922
30
0
0
VERTEX
8
0
10
86.9308714057602
20
80.9628551857806
30
0
0
VERTEX
8
0
10
87.1257836734862
20
80.9344388629265
30
0
0
VERTEX
8
0
10
87.3206959412121
20
80.9032238650476
30
0
0
VERTEX
8
0
10
87.515608208938
20
80.8752865094586
30
0
0
VERTEX
8
0
10
87.7105204766639
20
80.842785688287
30
0
0
VERTEX
8
0
10
87.9054327443898
20
80.8134732783194
30
0
0
VERTEX
8
0
10
88.1003450121157
20
80.7815645898026
30
0
0
VERTEX
8
0
10
88.2952572798417
20
80.7527981180106
30
0
0
VERTEX
8
0
10
88.4901695475676
20
80.719582242197
30
0
0
VERTEX
8
0
10
88.6850818152935
20
80.6894248589731
30
0
0
VERTEX
8
0
10
88.8799940830194
20
80.6568620647673
30
0
0
VERTEX
8
0
10
89.0749063507453
20
80.6273121198365
30
0
0
VERTEX
8
0
10
89.2698186184712
20
80.5934253137169
30
0
0
VERTEX
8
0
10
89.4647308861972
20
80.5624728322538
30
0
0
VERTEX
8
0
10
89.6596431539231
20
80.5292948884858
30
0
0
VERTEX
8
0
10
89.854555421649
20
80.4990062050005
30
0
0
VERTEX
8
0
10
90.0494676893749
20
80.4644916186307
30
0
0
VERTEX
8
0
10
90.2443799571008
20
80.4327926760666
30
0
0
VERTEX
8
0
10
90.4392922248268
20
80.3990378786822
30
0
0
VERTEX
8
0
10
90.6342044925527
20
80.3680542638154
30
0
0
VERTEX
8
0
10
90.8291167602786
20
80.3329540614
30
0
0
VERTEX
8
0
10
91.0240290280045
20
80.3005560569703
30
0
0
VERTEX
8
0
10
91.2189412957304
20
80.2662620111823
30
0
0
VERTEX
8
0
10
91.4138535634563
20
80.2346263259269
30
0
0
VERTEX
8
0
10
91.6087658311823
20
80.1989816739767
30
0
0
VERTEX
8
0
10
91.8036780989082
20
80.165930768149
30
0
0
VERTEX
8
0
10
91.9985903666341
20
80.131134358671
30
0
0
VERTEX
8
0
10
92.19350263436
20
80.0988884992495
30
0
0
VERTEX
8
0
10
92.3884149020859
20
80.062739554537
30
0
0
VERTEX
8
0
10
92.5833271698119
20
80.029080667436
30
0
0
VERTEX
8
0
10
92.7782394375378
20
79.9938180295239
30
0
0
VERTEX
8
0
10
92.9731517052637
20
79.9610029090922
30
0
0
VERTEX
8
0
10
93.1680639729896
20
79.924388806536
30
0
0
VERTEX
8
0
10
93.3629762407155
20
79.890165615744
30
0
0
VERTEX
8
0
10
93.5578885084415
20
79.854472107092
30
0
0
VERTEX
8
0
10
93.7528007761674
20
79.8211276377674
30
0
0
VERTEX
8
0
10
93.9477130438933
20
79.784086478272
30
0
0
VERTEX
8
0
10
94.1426253116192
20
79.7493414161973
30
0
0
VERTEX
8
0
10
94.3375375793451
20
79.7132515897277
30
0
0
VERTEX
8
0
10
94.532449847071
20
79.6794166650398
30
0
0
VERTEX
8
0
10
94.7273621147969
20
79.6419855034886
30
0
0
VERTEX
8
0
10
94.9222743825229
20
79.6067597543263
30
0
0
VERTEX
8
0
10
95.1171866502488
20
79.5703073319379
30
0
0
VERTEX
8
0
10
95.3120989179747
20
79.5360198097686
30
0
0
VERTEX
8
0
10
95.5070111857006
20
79.4982346431568
30
0
0
VERTEX
8
0
10
95.7019234534265
20
79.4625681397132
30
0
0
VERTEX
8
0
10
95.8968357211525
20
79.4257859870194
30
0
0
VERTEX
8
0
10
96.0917479888784
20
79.3910826731665
30
0
0
VERTEX
8
0
10
96.2866602566043
20
79.3529784291073
30
0
0
VERTEX
8
0
10
96.4815725243302
20
79.3169098495122
30
0
0
VERTEX
8
0
10
96.6764847920561
20
79.2798299517021
30
0
0
VERTEX
8
0
10
96.8713970597821
20
79.2447465841222
30
0
0
VERTEX
8
0
10
97.066309327508
20
79.2063571097523
30
0
0
VERTEX
8
0
10
97.2612215952339
20
79.1699238742991
30
0
0
VERTEX
8
0
10
97.4561338629598
20
79.1325773131582
30
0
0
VERTEX
8
0
10
97.6510461306857
20
79.0971485470657
30
0
0
VERTEX
8
0
10
97.8459583984116
20
79.0585065985679
30
0
0
VERTEX
8
0
10
98.0408706661376
20
79.0217448667847
30
0
0
VERTEX
8
0
10
98.2357829338635
20
78.9841617990416
30
0
0
VERTEX
8
0
10
98.4306952015894
20
78.9484211929436
30
0
0
VERTEX
8
0
10
98.6256074693153
20
78.9095584258173
30
0
0
VERTEX
8
0
10
98.8205197370412
20
78.8725030940091
30
0
0
VERTEX
8
0
10
99.0154320047671
20
78.834712731093
30
0
0
VERTEX
8
0
10
99.2103442724931
20
78.7986927340036
30
0
0
VERTEX
8
0
10
99.405256540219
20
78.7596396942186
30
0
0
VERTEX
8
0
10
99.6001688079449
20
78.7223243936344
30
0
0
VERTEX
8
0
10
99.7950810756708
20
78.6843549830475
30
0
0
VERTEX
8
0
10
99.9899933433967
20
78.6480869229675
30
0
0
VERTEX
8
0
10
100.184905611123
20
78.6088730392967
30
0
0
VERTEX
8
0
10
100.379817878849
20
78.5713301352043
30
0
0
VERTEX
8
0
10
100.574730146574
20
78.5332089436492
30
0
0
VERTEX
8
0
10
100.7696424143
20
78.496723017623
30
0
0
VERTEX
8
0
10
100.964554682026
20
78.457376595311
30
0
0
VERTEX
8
0
10
101.159466949752
20
78.4196371871922
30
0
0
VERTEX
8
0
10
101.354379217478
20
78.3813904857617
30
0
0
VERTEX
8
0
10
101.549291485204
20
78.3447157517074
30
0
0
VERTEX
8
0
10
101.74420375293
20
78.3052639678156
30
0
0
VERTEX
8
0
10
101.939116020656
20
78.2673578910481
30
0
0
VERTEX
8
0
10
102.134028288382
20
78.2290109426828
30
0
0
VERTEX
8
0
10
102.328940556108
20
78.1921753133749
30
0
0
VERTEX
8
0
10
102.523852823834
20
78.1526442141093
30
0
0
VERTEX
8
0
10
102.71876509156
20
78.1146000434923
30
0
0
VERTEX
8
0
10
102.913677359286
20
78.0761770931354
30
0
0
VERTEX
8
0
10
103.108589627011
20
78.0392073326806
30
0
0
VERTEX
8
0
10
103.303501894737
20
77.9996218331606
30
0
0
VERTEX
8
0
10
103.498414162463
20
77.9614668887355
30
0
0
VERTEX
8
0
10
103.693326430189
20
77.9229911565964
30
0
0
VERTEX
8
0
10
103.888238697915
20
77.8859128799356
30
0
0
VERTEX
8
0
10
104.083150965641
20
77.846296766921
30
0
0
VERTEX
8
0
10
104.278063233367
20
77.8080571227
30
0
0
VERTEX
8
0
10
104.472975501093
20
77.7695508012301
30
0
0
VERTEX
8
0
10
104.667887768819
20
77.73238847729
30
0
0
VERTEX
8
0
10
104.862800036545
20
77.6927644155627
30
0
0
VERTEX
8
0
10
105.057712304271
20
77.6544649118732
30
0
0
VERTEX
8
0
10
105.252624571997
20
77.6159491671978
30
0
0
VERTEX
8
0
10
105.447536839722
20
77.5787261265324
30
0
0
VERTEX
8
0
10
105.642449107448
20
77.5391156698022
30
0
0
VERTEX
8
0
10
105.837361375174
20
77.5007799302592
30
0
0
VERTEX
8
0
10
106.0322736429
20
77.4622749091042
30
0
0
VERTEX
8
0
10
106.227185910626
20
77.4250133571011
30
0
0
VERTEX
8
0
10
106.422098178352
20
77.3854369646651
30
0
0
VERTEX
8
0
10
106.617010446078
20
77.3470874190218
30
0
0
VERTEX
8
0
10
106.811922713804
20
77.3086122624826
30
0
0
VERTEX
8
0
10
107.00683498153
20
77.2713332996645
30
0
0
VERTEX
8
0
10
107.201747249256
20
77.2318103604244
30
0
0
VERTEX
8
0
10
107.396659516982
20
77.1934682751266
30
0
0
VERTEX
8
0
10
107.591571784708
20
77.1550411412074
30
0
0
VERTEX
8
0
10
107.786484052433
20
77.1177647926986
30
0
0
VERTEX
8
0
10
107.981396320159
20
77.0783136588285
30
0
0
VERTEX
8
0
10
108.176308587885
20
77.0399991777446
30
0
0
VERTEX
8
0
10
108.371220855611
20
77.0016372753612
30
0
0
VERTEX
8
0
10
108.566133123337
20
76.9643825325103
30
0
0
VERTEX
8
0
10
108.761045391063
20
76.9250205660436
30
0
0
VERTEX
8
0
10
108.955957658789
20
76.8867527649955
30
0
0
VERTEX
8
0
10
109.150869926515
20
76.8484724034026
30
0
0
VERTEX
8
0
10
109.345782194241
20
76.8112572819215
30
0
0
VERTEX
8
0
10
109.540694461967
20
76.7720009191125
30
0
0
VERTEX
8
0
10
109.735606729693
20
76.7337978795632
30
0
0
VERTEX
8
0
10
109.930518997419
20
76.6956145391682
30
0
0
VERTEX
8
0
10
110.125431265144
20
76.6584561604259
30
0
0
VERTEX
8
0
10
110.32034353287
20
76.6193210012632
30
0
0
VERTEX
8
0
10
110.515255800596
20
76.5811999114722
30
0
0
VERTEX
8
0
10
110.710168068322
20
76.5431283452513
30
0
0
VERTEX
8
0
10
110.905080336048
20
76.5060430511336
30
0
0
VERTEX
8
0
10
111.099992603774
20
76.4670439857615
30
0
0
VERTEX
8
0
10
111.2949048715
20
76.429021282635
30
0
0
VERTEX
8
0
10
111.489817139226
20
76.3910756632066
30
0
0
VERTEX
8
0
10
111.684729406952
20
76.3540791815974
30
0
0
VERTEX
8
0
10
111.879641674678
20
76.315230573095
30
0
0
VERTEX
8
0
10
112.074553942404
20
76.2773221470261
30
0
0
VERTEX
8
0
10
112.26946621013
20
76.2395162849111
30
0
0
VERTEX
8
0
10
112.464378477855
20
76.2026239752582
30
0
0
VERTEX
8
0
10
112.659290745581
20
76.1639399328555
30
0
0
VERTEX
8
0
10
112.854203013307
20
76.1261614351533
30
0
0
VERTEX
8
0
10
113.049115281033
20
76.0885091143871
30
0
0
VERTEX
8
0
10
113.244027548759
20
76.0517363474841
30
0
0
VERTEX
8
0
10
113.438939816485
20
76.0132311540204
30
0
0
VERTEX
8
0
10
113.633852084211
20
75.9755984824543
30
0
0
VERTEX
8
0
10
113.828764351937
20
75.9381140035339
30
0
0
VERTEX
8
0
10
114.023676619663
20
75.9014767832516
30
0
0
VERTEX
8
0
10
114.218588887389
20
75.8631656066695
30
0
0
VERTEX
8
0
10
114.413501155115
20
75.8256957264998
30
0
0
VERTEX
8
0
10
114.608413422841
20
75.7883948485559
30
0
0
VERTEX
8
0
10
114.803325690566
20
75.7519109110155
30
0
0
VERTEX
8
0
10
114.998237958292
20
75.7138110904984
30
0
0
VERTEX
8
0
10
115.193150226018
20
75.6765235511622
30
0
0
VERTEX
8
0
10
115.388062493744
20
75.6394252808349
30
0
0
VERTEX
8
0
10
115.58297476147
20
75.6031162267268
30
0
0
VERTEX
8
0
10
115.777887029196
20
75.5652498196369
30
0
0
VERTEX
8
0
10
115.972799296922
20
75.5281698016435
30
0
0
VERTEX
8
0
10
116.167711564648
20
75.4913000125242
30
0
0
VERTEX
8
0
10
116.362623832374
20
75.4551955597569
30
0
0
VERTEX
8
0
10
116.5575361001
20
75.417594186492
30
0
0
VERTEX
8
0
10
116.752448367826
20
75.3807576858582
30
0
0
VERTEX
8
0
10
116.947360635552
20
75.3441539333351
30
0
0
VERTEX
8
0
10
117.142272903278
20
75.3082948660193
30
0
0
VERTEX
8
0
10
117.337185171003
20
75.2709980735342
30
0
0
VERTEX
8
0
10
117.532097438729
20
75.2344415851212
30
0
0
VERTEX
8
0
10
117.727009706455
20
75.1981292154252
30
0
0
VERTEX
8
0
10
117.921921974181
20
75.1625259535981
30
0
0
VERTEX
8
0
10
118.116834241907
20
75.1255222507414
30
0
0
VERTEX
8
0
10
118.311746509633
20
75.089212078663
30
0
0
VERTEX
8
0
10
118.506658777359
20
75.0531344510888
30
0
0
VERTEX
8
0
10
118.701571045085
20
75.017714568902
30
0
0
VERTEX
8
0
10
118.896483312811
20
74.9809212482771
30
0
0
VERTEX
8
0
10
119.091395580537
20
74.9447720483009
30
0
0
VERTEX
8
0
10
119.286307848263
20
74.908843981292
30
0
0
VERTEX
8
0
10
119.481220115989
20
74.873527511677
30
0
0
VERTEX
8
0
10
119.676132383714
20
74.8368699415554
30
0
0
VERTEX
8
0
10
119.87104465144
20
74.8008137975371
30
0
0
VERTEX
8
0
10
120.065956919166
20
74.7649717527352
30
0
0
VERTEX
8
0
10
120.260869186892
20
74.7297010475712
30
0
0
VERTEX
8
0
10
120.455781454618
20
74.6931256987342
30
0
0
VERTEX
8
0
10
120.650693722344
20
74.6571138333676
30
0
0
VERTEX
8
0
10
120.84560599007
20
74.6213113525704
30
0
0
VERTEX
8
0
10
121.040518257796
20
74.5860438424767
30
0
0
VERTEX
8
0
10
121.235430525522
20
74.5495104706507
30
0
0
VERTEX
8
0
10
121.430342793248
20
74.5135058672762
30
0
0
VERTEX
8
0
10
121.625255060974
20
74.4777070225221
30
0
0
VERTEX
8
0
10
121.8201673287
20
74.4424095688472
30
0
0
VERTEX
8
0
10
122.015079596425
20
74.4058864062084
30
0
0
VERTEX
8
0
10
122.209991864151
20
74.3698597278451
30
0
0
VERTEX
8
0
10
122.404904131877
20
74.33403565173
30
0
0
VERTEX
8
0
10
122.599816399603
20
74.2986815846197
30
0
0
VERTEX
8
0
10
122.794728667329
20
74.2621427980799
30
0
0
VERTEX
8
0
10
122.989640935055
20
74.2260701918688
30
0
0
VERTEX
8
0
10
123.184553202781
20
74.1901971680923
30
0
0
VERTEX
8
0
10
123.379465470507
20
74.1547646162892
30
0
0
VERTEX
8
0
10
123.574377738233
20
74.1181888386939
30
0
0
VERTEX
8
0
10
123.769290005959
20
74.0820506364541
30
0
0
VERTEX
8
0
10
123.964202273685
20
74.0461089433374
30
0
0
VERTEX
8
0
10
124.159114541411
20
74.0105798008357
30
0
0
VERTEX
8
0
10
124.354026809136
20
73.9739492041037
30
0
0
VERTEX
8
0
10
124.548939076862
20
73.9377290871619
30
0
0
VERTEX
8
0
10
124.743851344588
20
73.9017022413353
30
0
0
VERTEX
8
0
10
124.938763612314
20
73.8660614809329
30
0
0
VERTEX
8
0
10
125.13367588004
20
73.8293611514357
30
0
0
VERTEX
8
0
10
125.328588147766
20
73.793045580266
30
0
0
VERTEX
8
0
10
125.523500415492
20
73.7569198134512
30
0
0
VERTEX
8
0
10
125.718412683218
20
73.7211550064491
30
0
0
VERTEX
8
0
10
125.913324950944
20
73.6843725033542
30
0
0
VERTEX
8
0
10
126.10823721867
20
73.6479503103364
30
0
0
VERTEX
8
0
10
126.303149486396
20
73.6117141921363
30
0
0
VERTEX
8
0
10
126.498061754122
20
73.5758151591551
30
0
0
VERTEX
8
0
10
126.692974021847
20
73.5389401908413
30
0
0
VERTEX
8
0
10
126.887886289573
20
73.5024022797502
30
0
0
VERTEX
8
0
10
127.082798557299
20
73.4660464372105
30
0
0
VERTEX
8
0
10
127.277710825025
20
73.430004987006
30
0
0
VERTEX
8
0
10
127.472623092751
20
73.3930291676323
30
0
0
VERTEX
8
0
10
127.667535360477
20
73.3563682864123
30
0
0
VERTEX
8
0
10
127.862447628203
20
73.319885190747
30
0
0
VERTEX
8
0
10
128.057359895929
20
73.2836949207199
30
0
0
VERTEX
8
0
10
128.252272163655
20
73.2466115835473
30
0
0
VERTEX
8
0
10
128.447184431381
20
73.2098221494235
30
0
0
VERTEX
8
0
10
128.642096699107
20
73.1732059511648
30
0
0
VERTEX
8
0
10
128.837008966833
20
73.1368620927314
30
0
0
VERTEX
8
0
10
129.031921234558
20
73.0996661450341
30
0
0
VERTEX
8
0
10
129.226833502284
20
73.0627441083293
30
0
0
VERTEX
8
0
10
129.42174577001
20
73.0259905085589
30
0
0
VERTEX
8
0
10
129.616658037736
20
72.9894898062067
30
0
0
VERTEX
8
0
10
129.811570305462
20
72.9521776156571
30
0
0
VERTEX
8
0
10
130.006482573188
20
72.9151203530721
30
0
0
VERTEX
8
0
10
130.201394840914
20
72.8782265023308
30
0
0
VERTEX
8
0
10
130.39630710864
20
72.8415671186965
30
0
0
VERTEX
8
0
10
130.591219376366
20
72.804136424208
30
0
0
VERTEX
8
0
10
130.786131644092
20
72.7669426551864
30
0
0
VERTEX
8
0
10
130.981043911818
20
72.7299070742098
30
0
0
VERTEX
8
0
10
131.175956179544
20
72.6930885158073
30
0
0
VERTEX
8
0
10
131.37086844727
20
72.6555383579141
30
0
0
VERTEX
8
0
10
131.565780714995
20
72.6182080795437
30
0
0
VERTEX
8
0
10
131.760692982721
20
72.5810305976496
30
0
0
VERTEX
8
0
10
131.955605250447
20
72.5440536573994
30
0
0
VERTEX
8
0
10
132.150517518173
20
72.5063843246395
30
0
0
VERTEX
8
0
10
132.345429785899
20
72.4689187618337
30
0
0
VERTEX
8
0
10
132.540342053625
20
72.4316004699452
30
0
0
VERTEX
8
0
10
132.735254321351
20
72.3944671837414
30
0
0
VERTEX
8
0
10
132.930166589077
20
72.3566801724679
30
0
0
VERTEX
8
0
10
133.125078856803
20
72.3190817410626
30
0
0
VERTEX
8
0
10
133.319991124529
20
72.2816249572051
30
0
0
VERTEX
8
0
10
133.514903392255
20
72.2443385724863
30
0
0
VERTEX
8
0
10
133.709815659981
20
72.2064365582717
30
0
0
VERTEX
8
0
10
133.904727927706
20
72.1687088393236
30
0
0
VERTEX
8
0
10
134.099640195432
20
72.1311170849898
30
0
0
VERTEX
8
0
10
134.294552463158
20
72.0936820398791
30
0
0
VERTEX
8
0
10
134.489464730884
20
72.0556688591611
30
0
0
VERTEX
8
0
10
134.68437699861
20
72.0178165832353
30
0
0
VERTEX
8
0
10
134.879289266336
20
71.9800945695249
30
0
0
VERTEX
8
0
10
135.074201534062
20
71.9425164815197
30
0
0
VERTEX
8
0
10
135.269113801788
20
71.904397122576
30
0
0
VERTEX
8
0
10
135.464026069514
20
71.8664261631728
30
0
0
VERTEX
8
0
10
135.65893833724
20
71.8285797859488
30
0
0
VERTEX
8
0
10
135.853850604966
20
71.7908654494734
30
0
0
VERTEX
8
0
10
136.048762872692
20
71.752646052129
30
0
0
VERTEX
8
0
10
136.243675140417
20
71.7145634277408
30
0
0
VERTEX
8
0
10
136.438587408143
20
71.6765997713426
30
0
0
VERTEX
8
0
10
136.633499675869
20
71.6387571637944
30
0
0
VERTEX
8
0
10
136.828411943595
20
71.6004450275472
30
0
0
VERTEX
8
0
10
137.023324211321
20
71.5622589120864
30
0
0
VERTEX
8
0
10
137.218236479047
20
71.5241862614205
30
0
0
VERTEX
8
0
10
137.413148746773
20
71.4862245575767
30
0
0
VERTEX
8
0
10
137.608061014499
20
71.4478281580669
30
0
0
VERTEX
8
0
10
137.802973282225
20
71.4095478996661
30
0
0
VERTEX
8
0
10
137.997885549951
20
71.3713757607207
30
0
0
VERTEX
8
0
10
138.192797817677
20
71.3333053556249
30
0
0
VERTEX
8
0
10
138.387710085403
20
71.2948343696418
30
0
0
VERTEX
8
0
10
138.582622353128
20
71.2564705180589
30
0
0
VERTEX
8
0
10
138.777534620854
20
71.218209647156
30
0
0
VERTEX
8
0
10
138.97244688858
20
71.1800421878383
30
0
0
VERTEX
8
0
10
139.167359156306
20
71.1415075272779
30
0
0
VERTEX
8
0
10
139.362271424032
20
71.1030718704026
30
0
0
VERTEX
8
0
10
139.557183691758
20
71.0647343127293
30
0
0
VERTEX
8
0
10
139.752095959484
20
71.0264827393958
30
0
0
VERTEX
8
0
10
139.94700822721
20
70.9878965948725
30
0
0
VERTEX
8
0
10
140.141920494936
20
70.9494022051027
30
0
0
VERTEX
8
0
10
140.336832762662
20
70.9110013433766
30
0
0
VERTEX
8
0
10
140.531745030388
20
70.8726799409851
30
0
0
VERTEX
8
0
10
140.726657298114
20
70.8340558361066
30
0
0
VERTEX
8
0
10
140.921569565839
20
70.79551712769
30
0
0
VERTEX
8
0
10
141.116481833565
20
70.7570677421443
30
0
0
VERTEX
8
0
10
141.311394101291
20
70.7186922036552
30
0
0
VERTEX
8
0
10
141.506306369017
20
70.6800450613478
30
0
0
VERTEX
8
0
10
141.701218636743
20
70.6414778601859
30
0
0
VERTEX
8
0
10
141.896130904469
20
70.6029962014849
30
0
0
VERTEX
8
0
10
142.091043172195
20
70.5645837045172
30
0
0
VERTEX
8
0
10
142.285955439921
20
70.5259299272635
30
0
0
VERTEX
8
0
10
142.480867707647
20
70.4873515551798
30
0
0
VERTEX
8
0
10
142.675779975373
20
70.4488554324068
30
0
0
VERTEX
8
0
10
142.870692243099
20
70.4104247316028
30
0
0
VERTEX
8
0
10
143.065604510825
20
70.371782298066
30
0
0
VERTEX
8
0
10
143.260516778551
20
70.3332116741901
30
0
0
VERTEX
8
0
10
143.455429046276
20
70.2947205607657
30
0
0
VERTEX
8
0
10
143.650341314002
20
70.2562920989248
30
0
0
VERTEX
8
0
10
143.845253581728
20
70.2176806802522
30
0
0
VERTEX
8
0
10
144.040165849454
20
70.1791384430599
30
0
0
VERTEX
8
0
10
144.23507811718
20
70.1406736043844
30
0
0
VERTEX
8
0
10
144.429990384906
20
70.102269646458
30
0
0
VERTEX
8
0
10
144.624902652632
20
70.063710746664
30
0
0
VERTEX
8
0
10
144.819814920358
20
70.0252194014121
30
0
0
VERTEX
8
0
10
145.014727188084
20
69.9868040493485
30
0
0
VERTEX
8
0
10
145.20963945581
20
69.9484488448038
30
0
0
VERTEX
8
0
10
145.404551723536
20
69.9099659711862
30
0
0
VERTEX
8
0
10
145.599463991262
20
69.871550069181
30
0
0
VERTEX
8
0
10
145.794376258987
20
69.8332095503328
30
0
0
VERTEX
8
0
10
145.989288526713
20
69.7949295314292
30
0
0
VERTEX
8
0
10
146.184200794439
20
69.7565484031993
30
0
0
VERTEX
8
0
10
146.379113062165
20
69.7182347617695
30
0
0
VERTEX
8
0
10
146.574025329891
20
69.6799967892042
30
0
0
VERTEX
8
0
10
146.768937597617
20
69.6418208156738
30
0
0
VERTEX
8
0
10
146.963849865343
20
69.6035696222317
30
0
0
VERTEX
8
0
10
147.158762133069
20
69.5653875978909
30
0
0
VERTEX
8
0
10
147.353674400795
20
69.5272825399461
30
0
0
VERTEX
8
0
10
147.548586668521
20
69.4892422050106
30
0
0
VERTEX
8
0
10
147.743498936247
20
69.4511519302466
30
0
0
VERTEX
8
0
10
147.938411203973
20
69.4131337630257
30
0
0
VERTEX
8
0
10
148.133323471698
20
69.3751950089798
30
0
0
VERTEX
8
0
10
148.328235739424
20
69.3373250285082
30
0
0
VERTEX
8
0
10
148.52314800715
20
69.2994298652074
30
0
0
VERTEX
8
0
10
148.718060274876
20
69.2616111208074
30
0
0
VERTEX
8
0
10
148.912972542602
20
69.2238755529689
30
0
0
VERTEX
8
0
10
149.107884810328
20
69.1862142706219
30
0
0
VERTEX
8
0
10
149.302797078054
20
69.1485521615692
30
0
0
VERTEX
8
0
10
149.49770934578
20
69.1109723122034
30
0
0
VERTEX
8
0
10
149.692621613506
20
69.0734809301691
30
0
0
VERTEX
8
0
10
149.887533881232
20
69.0360709898898
30
0
0
VERTEX
8
0
10
150.082446148958
20
68.9986843534936
30
0
0
VERTEX
8
0
10
150.277358416684
20
68.9613875626873
30
0
0
VERTEX
8
0
10
150.472270684409
20
68.9241863336868
30
0
0
VERTEX
8
0
10
150.667182952135
20
68.8870756035009
30
0
0
VERTEX
8
0
10
150.862095219861
20
68.8500123396373
30
0
0
VERTEX
8
0
10
151.057007487587
20
68.8130485604408
30
0
0
VERTEX
8
0
10
151.251919755313
20
68.7761896213707
30
0
0
VERTEX
8
0
10
151.446832023039
20
68.7394325131765
30
0
0
VERTEX
8
0
10
151.641744290765
20
68.7027474565136
30
0
0
VERTEX
8
0
10
151.836656558491
20
68.6661740371908
30
0
0
VERTEX
8
0
10
152.031568826217
20
68.6297174743221
30
0
0
VERTEX
8
0
10
152.226481093943
20
68.5933769237133
30
0
0
VERTEX
8
0
10
152.421393361669
20
68.5571340540007
30
0
0
VERTEX
8
0
10
152.616305629395
20
68.5210182148829
30
0
0
VERTEX
8
0
10
152.81121789712
20
68.4850348494082
30
0
0
VERTEX
8
0
10
153.006130164846
20
68.4491854599588
30
0
0
VERTEX
8
0
10
153.201042432572
20
68.4134614629695
30
0
0
VERTEX
8
0
10
153.395954700298
20
68.3778843407425
30
0
0
VERTEX
8
0
10
153.590866968024
20
68.3424603308004
30
0
0
VERTEX
8
0
10
153.78577923575
20
68.3071936143007
30
0
0
VERTEX
8
0
10
153.980691503476
20
68.2720838398592
30
0
0
VERTEX
8
0
10
154.175603771202
20
68.2371472295318
30
0
0
VERTEX
8
0
10
154.370516038928
20
68.2023916239312
30
0
0
VERTEX
8
0
10
154.565428306654
20
68.1678243118478
30
0
0
VERTEX
8
0
10
154.76034057438
20
68.1334516300042
30
0
0
VERTEX
8
0
10
154.955252842106
20
68.099286888541
30
0
0
VERTEX
8
0
10
155.150165109832
20
68.0653396037527
30
0
0
VERTEX
8
0
10
155.345077377557
20
68.0316189801492
30
0
0
SEQEND
8
0
0
POLYLINE
8
0
62
4
70
0
10
0
20
0
30
0
0
VERTEX
8
0
10
3.31350855134067
20
24.6697260489991
30
0
0
VERTEX
8
0
10
3.5084208190666
20
25.2484589188553
30
0
0
VERTEX
8
0
10
3.70333308679252
20
25.8961799863818
30
0
0
VERTEX
8
0
10
3.89824535451844
20
26.5330917249132
30
0
0
VERTEX
8
0
10
4.09315762224436
20
27.1713965803889
30
0
0
VERTEX
8
0
10
4.28806988997029
20
27.8064197075547
30
0
0
VERTEX
8
0
10
4.48298215769621
20
28.4425952767119
30
0
0
VERTEX
8
0
10
4.67789442542213
20
28.9676961718295
30
0
0
VERTEX
8
0
10
4.87280669314805
20
29.5203976126622
30
0
0
VERTEX
8
0
10
5.06771896087397
20
30.0694505018775
30
0
0
VERTEX
8
0
10
5.2626312285999
20
30.6196166215023
30
0
0
VERTEX
8
0
10
5.45754349632582
20
31.1721460758271
30
0
0
VERTEX
8
0
10
5.65245576405174
20
31.6863581075878
30
0
0
VERTEX
8
0
10
5.84736803177766
20
32.1840550192147
30
0
0
VERTEX
8
0
10
6.04228029950359
20
32.68279570602
30
0
0
VERTEX
8
0
10
6.23719256722951
20
33.1842858017211
30
0
0
VERTEX
8
0
10
6.43210483495543
20
33.6869297184792
30
0
0
VERTEX
8
0
10
6.62701710268135
20
34.1851340133277
30
0
0
VERTEX
8
0
10
6.82192937040727
20
34.659039399134
30
0
0
VERTEX
8
0
10
7.0168416381332
20
35.119406004228
30
0
0
VERTEX
8
0
10
7.21175390585912
20
35.5808573452825
30
0
0
VERTEX
8
0
10
7.40666617358504
20
36.0375529364368
30
0
0
VERTEX
8
0
10
7.60157844131096
20
36.4951204255476
30
0
0
VERTEX
8
0
10
7.79649070903688
20
36.9561108104628
30
0
0
VERTEX
8
0
10
7.99140297676281
20
37.4180686697519
30
0
0
VERTEX
8
0
10
8.18631524448873
20
37.8314805922473
30
0
0
VERTEX
8
0
10
8.38122751221465
20
38.2590955341263
30
0
0
VERTEX
8
0
10
8.57613977994057
20
38.6904480943147
30
0
0
VERTEX
8
0
10
8.7710520476665
20
39.1227024247029
30
0
0
VERTEX
8
0
10
8.96596431539242
20
39.5496278933012
30
0
0
VERTEX
8
0
10
9.16087658311834
20
39.9772869095291
30
0
0
VERTEX
8
0
10
9.35578885084426
20
40.3974411628974
30
0
0
VERTEX
8
0
10
9.55070111857018
20
40.812793479694
30
0
0
VERTEX
8
0
10
9.74561338629611
20
41.2225947837821
30
0
0
VERTEX
8
0
10
9.94052565402203
20
41.6330750744852
30
0
0
VERTEX
8
0
10
10.135437921748
20
42.0477799521505
30
0
0
VERTEX
8
0
10
10.3303501894739
20
42.4632260221174
30
0
0
VERTEX
8
0
10
10.5252624571998
20
42.8729164455093
30
0
0
VERTEX
8
0
10
10.7201747249257
20
43.2832210732996
30
0
0
VERTEX
8
0
10
10.9150869926516
20
43.5941830346076
30
0
0
VERTEX
8
0
10
11.1099992603776
20
43.9287553062297
30
0
0
VERTEX
8
0
10
11.3049115281035
20
44.2574710360837
30
0
0
VERTEX
8
0
10
11.4998237958294
20
44.5868247098231
30
0
0
VERTEX
8
0
10
11.6947360635553
20
44.9208745990437
30
0
0
VERTEX
8
0
10
11.8896483312813
20
45.2556172396202
30
0
0
VERTEX
8
0
10
12.0845605990072
20
45.5843198208386
30
0
0
VERTEX
8
0
10
12.2794728667331
20
45.9136036618853
30
0
0
VERTEX
8
0
10
12.474385134459
20
46.2230874803796
30
0
0
VERTEX
8
0
10
12.6692974021849
20
46.520613203207
30
0
0
VERTEX
8
0
10
12.8642096699109
20
46.8119831137573
30
0
0
VERTEX
8
0
10
13.0591219376368
20
47.1039232705831
30
0
0
VERTEX
8
0
10
13.2540342053627
20
47.4009148139955
30
0
0
VERTEX
8
0
10
13.4489464730886
20
47.6985190165313
30
0
0
VERTEX
8
0
10
13.6438587408145
20
47.989819954366
30
0
0
VERTEX
8
0
10
13.8387710085405
20
48.2816422937811
30
0
0
VERTEX
8
0
10
14.0336832762664
20
48.5786445960664
30
0
0
VERTEX
8
0
10
14.2285955439923
20
48.8762018008086
30
0
0
VERTEX
8
0
10
14.4235078117182
20
49.1673336844883
30
0
0
VERTEX
8
0
10
14.6184200794442
20
49.4212897568092
30
0
0
VERTEX
8
0
10
14.8133323471701
20
49.6866797813117
30
0
0
VERTEX
8
0
10
15.008244614896
20
49.9526131549116
30
0
0
VERTEX
8
0
10
15.2031568826219
20
50.2120451274054
30
0
0
VERTEX
8
0
10
15.3980691503478
20
50.4719456948366
30
0
0
VERTEX
8
0
10
15.5929814180738
20
50.7372795346514
30
0
0
VERTEX
8
0
10
15.7878936857997
20
51.0031066049511
30
0
0
VERTEX
8
0
10
15.9828059535256
20
51.262334897464
30
0
0
VERTEX
8
0
10
16.1777182212515
20
51.5219924487442
30
0
0
VERTEX
8
0
10
16.3726304889775
20
51.7871693289518
30
0
0
VERTEX
8
0
10
16.5675427567034
20
52.0527932101177
30
0
0
VERTEX
8
0
10
16.7624550244293
20
52.3117400153682
30
0
0
VERTEX
8
0
10
16.9573672921552
20
52.5211239875677
30
0
0
VERTEX
8
0
10
17.1522795598811
20
52.7292268733138
30
0
0
VERTEX
8
0
10
17.3471918276071
20
52.9378103902171
30
0
0
VERTEX
8
0
10
17.542104095333
20
53.1397029558344
30
0
0
VERTEX
8
0
10
17.7370163630589
20
53.3420167045237
30
0
0
VERTEX
8
0
10
17.9319286307848
20
53.5500732241249
30
0
0
VERTEX
8
0
10
18.1268408985108
20
53.7585683911747
30
0
0
VERTEX
8
0
10
18.3217531662367
20
53.9602951688769
30
0
0
VERTEX
8
0
10
18.5166654339626
20
54.1624096071248
30
0
0
VERTEX
8
0
10
18.7115777016885
20
54.3703309459737
30
0
0
VERTEX
8
0
10
18.9064899694144
20
54.5786517347408
30
0
0
VERTEX
8
0
10
19.1014022371404
20
54.7801419244193
30
0
0
VERTEX
8
0
10
19.2963145048663
20
54.981988429614
30
0
0
VERTEX
8
0
10
19.4912267725922
20
55.1896937669115
30
0
0
VERTEX
8
0
10
19.6861390403181
20
55.359565160925
30
0
0
VERTEX
8
0
10
19.8810513080441
20
55.5320978011561
30
0
0
VERTEX
8
0
10
20.07596357577
20
55.7049908309263
30
0
0
VERTEX
8
0
10
20.2708758434959
20
55.8838292259579
30
0
0
VERTEX
8
0
10
20.4657881112218
20
56.0630356870872
30
0
0
VERTEX
8
0
10
20.6607003789477
20
56.2353443839767
30
0
0
VERTEX
8
0
10
20.8556126466737
20
56.4079850248314
30
0
0
VERTEX
8
0
10
21.0505249143996
20
56.5866113094161
30
0
0
VERTEX
8
0
10
21.2454371821255
20
56.7655725360323
30
0
0
VERTEX
8
0
10
21.4403494498514
20
56.93759737921
30
0
0
VERTEX
8
0
10
21.6352617175774
20
57.1099274229062
30
0
0
VERTEX
8
0
10
21.8301739853033
20
57.2882733484239
30
0
0
VERTEX
8
0
10
22.0250862530292
20
57.4669231258319
30
0
0
VERTEX
8
0
10
22.2199985207551
20
57.6344985823367
30
0
0
VERTEX
8
0
10
22.414910788481
20
57.8012284399462
30
0
0
VERTEX
8
0
10
22.609823056207
20
57.9740024632845
30
0
0
VERTEX
8
0
10
22.8047353239329
20
58.1470581832246
30
0
0
VERTEX
8
0
10
22.9996475916588
20
58.3131377697679
30
0
0
VERTEX
8
0
10
23.1945598593847
20
58.4794795505101
30
0
0
VERTEX
8
0
10
23.3894721271107
20
58.6518794782536
30
0
0
VERTEX
8
0
10
23.5843843948366
20
58.8245335073735
30
0
0
VERTEX
8
0
10
23.7792966625625
20
58.990202034315
30
0
0
VERTEX
8
0
10
23.9742089302884
20
59.1561103557709
30
0
0
VERTEX
8
0
10
24.1691211980143
20
59.3280826056398
30
0
0
VERTEX
8
0
10
24.3640334657403
20
59.5002830479576
30
0
0
VERTEX
8
0
10
24.5589457334662
20
59.6654978634531
30
0
0
VERTEX
8
0
10
24.7538580011921
20
59.8309314083539
30
0
0
VERTEX
8
0
10
24.948770268918
20
60.0079402294195
30
0
0
VERTEX
8
0
10
25.143682536644
20
60.1840892369781
30
0
0
VERTEX
8
0
10
25.3385948043699
20
60.3532573611964
30
0
0
VERTEX
8
0
10
25.5335070720958
20
60.5226200299214
30
0
0
VERTEX
8
0
10
25.7284193398217
20
60.6980291458897
30
0
0
VERTEX
8
0
10
25.9233316075476
20
60.8736140915491
30
0
0
VERTEX
8
0
10
26.1182438752736
20
61.0422368225479
30
0
0
VERTEX
8
0
10
26.3131561429995
20
61.2110356568701
30
0
0
VERTEX
8
0
10
26.5080684107254
20
61.3858638395491
30
0
0
VERTEX
8
0
10
26.7029806784513
20
61.5608466568608
30
0
0
VERTEX
8
0
10
26.8978929461773
20
61.7288932280945
30
0
0
VERTEX
8
0
10
27.0928052139032
20
61.8970985859715
30
0
0
VERTEX
8
0
10
27.2877174816291
20
62.0713100825629
30
0
0
VERTEX
8
0
10
27.482629749355
20
62.2604267581218
30
0
0
VERTEX
8
0
10
27.6775420170809
20
62.4492462877689
30
0
0
VERTEX
8
0
10
27.8724542848069
20
62.6381915343724
30
0
0
VERTEX
8
0
10
28.0673665525328
20
62.8330899117964
30
0
0
VERTEX
8
0
10
28.2622788202587
20
63.0280838063832
30
0
0
VERTEX
8
0
10
28.4571910879846
20
63.2162059508773
30
0
0
VERTEX
8
0
10
28.6521033557106
20
63.4044394324598
30
0
0
VERTEX
8
0
10
28.8470156234365
20
63.5985851186844
30
0
0
VERTEX
8
0
10
29.0419278911624
20
63.7928099622112
30
0
0
VERTEX
8
0
10
29.2368401588883
20
63.9802177358845
30
0
0
VERTEX
8
0
10
29.4317524266142
20
64.1677234066358
30
0
0
VERTEX
8
0
10
29.6266646943402
20
64.3610957686634
30
0
0
VERTEX
8
0
10
29.8215769620661
20
64.5545320439209
30
0
0
VERTEX
8
0
10
30.016489229792
20
64.7412108063224
30
0
0
VERTEX
8
0
10
30.2114014975179
20
64.9271357288715
30
0
0
VERTEX
8
0
10
30.4063137652439
20
65.1189836198336
30
0
0
VERTEX
8
0
10
30.6012260329698
20
65.3108817965991
30
0
0
VERTEX
8
0
10
30.7961383006957
20
65.496086723364
30
0
0
VERTEX
8
0
10
30.9910505684216
20
65.6813656761068
30
0
0
VERTEX
8
0
10
31.1859628361475
20
65.8724088041926
30
0
0
VERTEX
8
0
10
31.3808751038735
20
66.0634889685785
30
0
0
VERTEX
8
0
10
31.5757873715994
20
66.2479436260714
30
0
0
VERTEX
8
0
10
31.7706996393253
20
66.432461330071
30
0
0
VERTEX
8
0
10
31.9656119070512
20
66.6226862928846
30
0
0
VERTEX
8
0
10
32.1605241747772
20
66.8129359659227
30
0
0
VERTEX
8
0
10
32.3554364425031
20
66.9966315762255
30
0
0
VERTEX
8
0
10
32.550348710229
20
67.1803799857485
30
0
0
VERTEX
8
0
10
32.7452609779549
20
67.3806774102576
30
0
0
VERTEX
8
0
10
32.9401732456808
20
67.5883460596289
30
0
0
VERTEX
8
0
10
33.1350855134068
20
67.78952903117
30
0
0
VERTEX
8
0
10
33.3299977811327
20
67.9907478049817
30
0
0
VERTEX
8
0
10
33.5249100488586
20
68.1975363585683
30
0
0
VERTEX
8
0
10
33.7198223165845
20
68.4043172932595
30
0
0
VERTEX
8
0
10
33.9147345843105
20
68.604697890852
30
0
0
VERTEX
8
0
10
34.1096468520364
20
68.8051060289097
30
0
0
VERTEX
8
0
10
34.3045591197623
20
69.0110131789621
30
0
0
VERTEX
8
0
10
34.4994713874882
20
69.2169036315039
30
0
0
VERTEX
8
0
10
34.6943836552141
20
69.4164814373371
30
0
0
VERTEX
8
0
10
34.8892959229401
20
69.6160791132302
30
0
0
VERTEX
8
0
10
35.084208190666
20
69.821102863102
30
0
0
VERTEX
8
0
10
35.2791204583919
20
70.026101536361
30
0
0
VERTEX
8
0
10
35.4740327261178
20
70.2608528594411
30
0
0
VERTEX
8
0
10
35.6689449938438
20
70.4939024417385
30
0
0
VERTEX
8
0
10
35.8638572615697
20
70.7322902895611
30
0
0
VERTEX
8
0
10
36.0587695292956
20
70.9706353083144
30
0
0
VERTEX
8
0
10
36.2536817970215
20
71.2028539664591
30
0
0
VERTEX
8
0
10
36.4485940647474
20
71.4350746834464
30
0
0
VERTEX
8
0
10
36.6435063324734
20
71.6725481994366
30
0
0
VERTEX
8
0
10
36.8384186001993
20
71.9099730463051
30
0
0
VERTEX
8
0
10
37.0333308679252
20
72.1413769143841
30
0
0
VERTEX
8
0
10
37.2282431356511
20
72.3727776747319
30
0
0
VERTEX
8
0
10
37.4231554033771
20
72.6093447546658
30
0
0
VERTEX
8
0
10
37.618067671103
20
72.8458578515965
30
0
0
VERTEX
8
0
10
37.8129799388289
20
73.0764559959259
30
0
0
VERTEX
8
0
10
38.0078922065548
20
73.2982778611212
30
0
0
VERTEX
8
0
10
38.2028044742807
20
73.5261107442185
30
0
0
VERTEX
8
0
10
38.3977167420067
20
73.7538858176451
30
0
0
VERTEX
8
0
10
38.5926290097326
20
73.9758508881914
30
0
0
VERTEX
8
0
10
38.7875412774585
20
74.1978035142606
30
0
0
VERTEX
8
0
10
38.9824535451844
20
74.4247501615062
30
0
0
VERTEX
8
0
10
39.1773658129104
20
74.6516343969654
30
0
0
VERTEX
8
0
10
39.3722780806363
20
74.8728128974507
30
0
0
VERTEX
8
0
10
39.5671903483622
20
75.093974798845
30
0
0
VERTEX
8
0
10
39.7621026160881
20
75.3200440273077
30
0
0
VERTEX
8
0
10
39.957014883814
20
75.5460466836131
30
0
0
VERTEX
8
0
10
40.1519271515399
20
75.7664481739127
30
0
0
VERTEX
8
0
10
40.3468394192659
20
75.9728971909258
30
0
0
VERTEX
8
0
10
40.5417516869918
20
76.1807599546481
30
0
0
VERTEX
8
0
10
40.7366639547177
20
76.3885545787393
30
0
0
VERTEX
8
0
10
40.9315762224436
20
76.5908501999887
30
0
0
VERTEX
8
0
10
41.1264884901695
20
76.7931216258531
30
0
0
VERTEX
8
0
10
41.3214007578954
20
77.0001315999111
30
0
0
VERTEX
8
0
10
41.5163130256214
20
77.2070695709137
30
0
0
VERTEX
8
0
10
41.7112252933473
20
77.4086081502868
30
0
0
VERTEX
8
0
10
41.9061375610732
20
77.6101190161432
30
0
0
VERTEX
8
0
10
42.1010498287991
20
77.8162843668167
30
0
0
VERTEX
8
0
10
42.295962096525
20
78.0223742371852
30
0
0
VERTEX
8
0
10
42.490874364251
20
78.2231645228166
30
0
0
VERTEX
8
0
10
42.6857866319769
20
78.4239238868595
30
0
0
VERTEX
8
0
10
42.8806988997028
20
78.5857997846519
30
0
0
VERTEX
8
0
10
43.0756111674287
20
78.7412493490209
30
0
0
VERTEX
8
0
10
43.2705234351546
20
78.8915020439532
30
0
0
VERTEX
8
0
10
43.4654357028805
20
79.0417265041251
30
0
0
VERTEX
8
0
10
43.6603479706065
20
79.1964559115436
30
0
0
VERTEX
8
0
10
43.8552602383324
20
79.3511148046884
30
0
0
VERTEX
8
0
10
44.0501725060583
20
79.5006628408749
30
0
0
VERTEX
8
0
10
44.2450847737842
20
79.6501788546784
30
0
0
VERTEX
8
0
10
44.4399970415101
20
79.8041247889419
30
0
0
VERTEX
8
0
10
44.6349093092361
20
79.9579963108041
30
0
0
VERTEX
8
0
10
44.829821576962
20
80.1068435695096
30
0
0
VERTEX
8
0
10
45.0247338446879
20
80.2556553187295
30
0
0
VERTEX
8
0
10
45.2196461124138
20
80.4088214706699
30
0
0
VERTEX
8
0
10
45.4145583801397
20
80.5619096646161
30
0
0
VERTEX
8
0
10
45.6094706478656
20
80.5897566436866
30
0
0
VERTEX
8
0
10
45.8043829155916
20
80.647153033614
30
0
0
VERTEX
8
0
10
45.9992951833175
20
80.7088848737849
30
0
0
VERTEX
8
0
10
46.1942074510434
20
80.7705855912772
30
0
0
VERTEX
8
0
10
46.3891197187693
20
80.8274576416036
30
0
0
VERTEX
8
0
10
46.5840319864952
20
80.8843269696867
30
0
0
VERTEX
8
0
10
46.7789442542211
20
80.9454721427806
30
0
0
VERTEX
8
0
10
46.9738565219471
20
81.0065807614026
30
0
0
VERTEX
8
0
10
47.168768789673
20
81.0629255080456
30
0
0
VERTEX
8
0
10
47.3636810573989
20
81.1192627768117
30
0
0
VERTEX
8
0
10
47.5585933251248
20
81.1798153344497
30
0
0
VERTEX
8
0
10
47.7535055928507
20
81.2403262365662
30
0
0
VERTEX
8
0
10
47.9484178605767
20
81.2961391578368
30
0
0
VERTEX
8
0
10
48.1433301283026
20
81.326626982023
30
0
0
VERTEX
8
0
10
48.3382423960285
20
81.3540954805595
30
0
0
VERTEX
8
0
10
48.5331546637544
20
81.3815455667165
30
0
0
VERTEX
8
0
10
48.7280669314803
20
81.4043855751004
30
0
0
VERTEX
8
0
10
48.9229791992062
20
81.427233663165
30
0
0
VERTEX
8
0
10
49.1178914669322
20
81.4542071792912
30
0
0
VERTEX
8
0
10
49.3128037346581
20
81.4811571358063
30
0
0
VERTEX
8
0
10
49.507716002384
20
81.5035570278222
30
0
0
VERTEX
8
0
10
49.7026282701099
20
81.5259604706333
30
0
0
VERTEX
8
0
10
49.8975405378358
20
81.552432264391
30
0
0
VERTEX
8
0
10
50.0924528055617
20
81.5788756378306
30
0
0
VERTEX
8
0
10
50.2873650732877
20
81.6008299839273
30
0
0
VERTEX
8
0
10
50.4822773410136
20
81.6227835851333
30
0
0
VERTEX
8
0
10
50.6771896087395
20
81.6487476731919
30
0
0
VERTEX
8
0
10
50.8721018764654
20
81.6826373794098
30
0
0
VERTEX
8
0
10
51.0670141441913
20
81.710597048329
30
0
0
VERTEX
8
0
10
51.2619264119173
20
81.7385467817948
30
0
0
VERTEX
8
0
10
51.4568386796432
20
81.770442004887
30
0
0
VERTEX
8
0
10
51.6517509473691
20
81.802294191948
30
0
0
VERTEX
8
0
10
51.846663215095
20
81.8297785184497
30
0
0
VERTEX
8
0
10
52.0415754828209
20
81.8572491548138
30
0
0
VERTEX
8
0
10
52.2364877505469
20
81.8886050001923
30
0
0
VERTEX
8
0
10
52.4314000182728
20
81.9199138738071
30
0
0
VERTEX
8
0
10
52.6263122859987
20
81.9469198212511
30
0
0
VERTEX
8
0
10
52.8212245537246
20
81.9739085367376
30
0
0
VERTEX
8
0
10
53.0161368214505
20
82.0047216962525
30
0
0
VERTEX
8
0
10
53.2110490891764
20
82.0354841997914
30
0
0
VERTEX
8
0
10
53.4059613569024
20
82.0717920065147
30
0
0
VERTEX
8
0
10
53.6008736246283
20
82.1125726924247
30
0
0
VERTEX
8
0
10
53.7957858923542
20
82.1571051008587
30
0
0
VERTEX
8
0
10
53.9906981600801
20
82.2015723616449
30
0
0
VERTEX
8
0
10
54.185610427806
20
82.2418605910042
30
0
0
VERTEX
8
0
10
54.3805226955319
20
82.2821155474669
30
0
0
VERTEX
8
0
10
54.5754349632579
20
82.3260584256444
30
0
0
VERTEX
8
0
10
54.7703472309838
20
82.3699332473988
30
0
0
VERTEX
8
0
10
54.9652594987097
20
82.409698516478
30
0
0
VERTEX
8
0
10
55.1601717664356
20
82.4494278121423
30
0
0
VERTEX
8
0
10
55.3550840341615
20
82.492781071843
30
0
0
VERTEX
8
0
10
55.5499963018875
20
82.5360635921619
30
0
0
VERTEX
8
0
10
55.7449085696134
20
82.57530626454
30
0
0
VERTEX
8
0
10
55.9398208373393
20
82.6145104484369
30
0
0
VERTEX
8
0
10
56.1347331050652
20
82.658083578876
30
0
0
VERTEX
8
0
10
56.3296453727911
20
82.701484894901
30
0
0
VERTEX
8
0
10
56.524557640517
20
82.7409158448514
30
0
0
VERTEX
8
0
10
56.719469908243
20
82.7803055596156
30
0
0
VERTEX
8
0
10
56.9143821759689
20
82.8231905590509
30
0
0
VERTEX
8
0
10
57.1092944436948
20
82.8659996304617
30
0
0
VERTEX
8
0
10
57.3042067114207
20
82.9049084134087
30
0
0
VERTEX
8
0
10
57.4991189791466
20
82.9437738090167
30
0
0
VERTEX
8
0
10
57.6940312468725
20
82.9860703567774
30
0
0
VERTEX
8
0
10
57.8889435145985
20
83.0282889348501
30
0
0
VERTEX
8
0
10
58.0838557823244
20
83.0666773056436
30
0
0
VERTEX
8
0
10
58.2787680500503
20
83.105020301902
30
0
0
VERTEX
8
0
10
58.4736803177762
20
83.146730421275
30
0
0
VERTEX
8
0
10
58.6685925855021
20
83.1812449386768
30
0
0
VERTEX
8
0
10
58.8635048532281
20
83.2070825713417
30
0
0
VERTEX
8
0
10
59.058417120954
20
83.2328799387146
30
0
0
VERTEX
8
0
10
59.2533293886799
20
83.2619892091173
30
0
0
VERTEX
8
0
10
59.4482416564058
20
83.2910248215901
30
0
0
VERTEX
8
0
10
59.6431539241317
20
83.3163750131551
30
0
0
VERTEX
8
0
10
59.8380661918576
20
83.341683059015
30
0
0
VERTEX
8
0
10
60.0329784595836
20
83.3702410068379
30
0
0
VERTEX
8
0
10
60.2278907273095
20
83.3987235614862
30
0
0
VERTEX
8
0
10
60.4228029950354
20
83.4235881876291
30
0
0
VERTEX
8
0
10
60.6177152627613
20
83.4484089349774
30
0
0
VERTEX
8
0
10
60.8126275304872
20
83.4764177686855
30
0
0
VERTEX
8
0
10
61.0075397982132
20
83.504349645269
30
0
0
VERTEX
8
0
10
61.2024520659391
20
83.5287309378526
30
0
0
VERTEX
8
0
10
61.397364333665
20
83.5295111534974
30
0
0
VERTEX
8
0
10
61.5922766013909
20
83.534432850562
30
0
0
VERTEX
8
0
10
61.7871888691168
20
83.5392928224921
30
0
0
VERTEX
8
0
10
61.9821011368427
20
83.5406822028297
30
0
0
VERTEX
8
0
10
62.1770134045687
20
83.5420393662414
30
0
0
VERTEX
8
0
10
62.3719256722946
20
83.5464814775587
30
0
0
VERTEX
8
0
10
62.5668379400205
20
83.5508602329039
30
0
0
VERTEX
8
0
10
62.7617502077464
20
83.5518313782309
30
0
0
VERTEX
8
0
10
62.9566624754723
20
83.5527686678028
30
0
0
VERTEX
8
0
10
63.1515747431982
20
83.5567328008785
30
0
0
VERTEX
8
0
10
63.3464870109242
20
83.5606321003316
30
0
0
VERTEX
8
0
10
63.5413992786501
20
83.5611866233378
30
0
0
VERTEX
8
0
10
63.736311546376
20
83.5617057784854
30
0
0
VERTEX
8
0
10
63.9312238141019
20
83.5651939073438
30
0
0
VERTEX
8
0
10
64.1261360818278
20
83.5455216272579
30
0
0
VERTEX
8
0
10
64.3210483495537
20
83.5302530840331
30
0
0
VERTEX
8
0
10
64.5159606172797
20
83.5149596759665
30
0
0
VERTEX
8
0
10
64.7108728850056
20
83.5025919743963
30
0
0
VERTEX
8
0
10
64.9057851527315
20
83.4901698411753
30
0
0
VERTEX
8
0
10
65.1006974204574
20
83.4745370713679
30
0
0
VERTEX
8
0
10
65.2956096881833
20
83.4588780092493
30
0
0
VERTEX
8
0
10
65.4905219559093
20
83.4460893068105
30
0
0
VERTEX
8
0
10
65.6854342236352
20
83.4332449194363
30
0
0
VERTEX
8
0
10
65.8803464913611
20
83.4172495981873
30
0
0
VERTEX
8
0
10
66.075258759087
20
83.4012266702666
30
0
0
VERTEX
8
0
10
66.2701710268129
20
83.3880190258604
30
0
0
VERTEX
8
0
10
66.4650832945389
20
83.374754574729
30
0
0
VERTEX
8
0
10
66.6599955622648
20
83.3564108030288
30
0
0
VERTEX
8
0
10
66.8549078299907
20
83.3379363633085
30
0
0
VERTEX
8
0
10
67.0498200977166
20
83.3222243641458
30
0
0
VERTEX
8
0
10
67.2447323654425
20
83.3064564172026
30
0
0
VERTEX
8
0
10
67.4396446331684
20
83.2876576726011
30
0
0
VERTEX
8
0
10
67.6345569008944
20
83.2688307187699
30
0
0
VERTEX
8
0
10
67.8294691686203
20
83.2527120358444
30
0
0
VERTEX
8
0
10
68.0243814363462
20
83.2365365091644
30
0
0
VERTEX
8
0
10
68.2192937040721
20
83.2173887479071
30
0
0
VERTEX
8
0
10
68.414205971798
20
83.1982117620745
30
0
0
VERTEX
8
0
10
68.609118239524
20
83.1816892450271
30
0
0
VERTEX
8
0
10
68.8040305072499
20
83.1651091052565
30
0
0
VERTEX
8
0
10
68.9989427749758
20
83.1456149500782
30
0
0
VERTEX
8
0
10
69.1938550427017
20
83.126090652488
30
0
0
VERTEX
8
0
10
69.3887673104276
20
83.1062494477915
30
0
0
VERTEX
8
0
10
69.5836795781535
20
83.0871912548359
30
0
0
VERTEX
8
0
10
69.7785918458795
20
83.0652784846507
30
0
0
VERTEX
8
0
10
69.9735041136054
20
83.0433364454568
30
0
0
VERTEX
8
0
10
70.1684163813313
20
83.0239445464318
30
0
0
VERTEX
8
0
10
70.3633286490572
20
83.0044956191065
30
0
0
VERTEX
8
0
10
70.5582409167831
20
82.9822492494885
30
0
0
VERTEX
8
0
10
70.753153184509
20
82.9599728621467
30
0
0
VERTEX
8
0
10
70.948065452235
20
82.9401943337786
30
0
0
VERTEX
8
0
10
71.1429777199609
20
82.9203583012529
30
0
0
VERTEX
8
0
10
71.3378899876868
20
82.8977815260861
30
0
0
VERTEX
8
0
10
71.5328022554127
20
82.8751740712356
30
0
0
VERTEX
8
0
10
71.7277145231386
20
82.8550126708718
30
0
0
VERTEX
8
0
10
71.9226267908646
20
82.8371550078016
30
0
0
VERTEX
8
0
10
72.1175390585905
20
82.8170056449644
30
0
0
VERTEX
8
0
10
72.3124513263164
20
82.7968228207011
30
0
0
VERTEX
8
0
10
72.5073635940423
20
82.7790322362755
30
0
0
VERTEX
8
0
10
72.7022758617682
20
82.7611811324115
30
0
0
VERTEX
8
0
10
72.8971881294941
20
82.7406994047393
30
0
0
VERTEX
8
0
10
73.0921003972201
20
82.7201837362292
30
0
0
VERTEX
8
0
10
73.287012664946
20
82.7020092427779
30
0
0
VERTEX
8
0
10
73.4819249326719
20
82.6837740654418
30
0
0
VERTEX
8
0
10
73.6768372003978
20
82.6629638282305
30
0
0
VERTEX
8
0
10
73.8717494681237
20
82.6421192471005
30
0
0
VERTEX
8
0
10
74.0666617358497
20
82.6235653392119
30
0
0
VERTEX
8
0
10
74.2615740035756
20
82.6049506692864
30
0
0
VERTEX
8
0
10
74.4564862713015
20
82.583815938887
30
0
0
VERTEX
8
0
10
74.6513985390274
20
82.5635441310044
30
0
0
VERTEX
8
0
10
74.8463108067533
20
82.5453000799298
30
0
0
VERTEX
8
0
10
75.0412230744792
20
82.5269947077274
30
0
0
VERTEX
8
0
10
75.2361353422052
20
82.506223209756
30
0
0
VERTEX
8
0
10
75.4310476099311
20
82.4854162553714
30
0
0
VERTEX
8
0
10
75.625959877657
20
82.466800103402
30
0
0
VERTEX
8
0
10
75.8208721453829
20
82.4481227192998
30
0
0
VERTEX
8
0
10
76.0157844131088
20
82.4270330916716
30
0
0
VERTEX
8
0
10
76.2106966808347
20
82.4059078188258
30
0
0
VERTEX
8
0
10
76.4056089485607
20
82.3869245901895
30
0
0
VERTEX
8
0
10
76.6005212162866
20
82.3678802926895
30
0
0
VERTEX
8
0
10
76.7954334840125
20
82.3464769981075
30
0
0
VERTEX
8
0
10
76.9903457517384
20
82.3250379329289
30
0
0
VERTEX
8
0
10
77.1852580194643
20
82.3025716849835
30
0
0
VERTEX
8
0
10
77.3801702871903
20
82.2790781540162
30
0
0
VERTEX
8
0
10
77.5750825549162
20
82.2532812621441
30
0
0
VERTEX
8
0
10
77.7699948226421
20
82.2274516632839
30
0
0
VERTEX
8
0
10
77.964907090368
20
82.2036721488347
30
0
0
VERTEX
8
0
10
78.1598193580939
20
82.1798354232894
30
0
0
VERTEX
8
0
10
78.3547316258199
20
82.1537467905849
30
0
0
VERTEX
8
0
10
78.5496438935458
20
82.127625417722
30
0
0
VERTEX
8
0
10
78.7445561612717
20
82.1035077050071
30
0
0
VERTEX
8
0
10
78.9394684289976
20
82.0793331097308
30
0
0
VERTEX
8
0
10
79.1343806967235
20
82.0529573927424
30
0
0
VERTEX
8
0
10
79.3292929644494
20
82.0265489574862
30
0
0
VERTEX
8
0
10
79.5242052321754
20
82.0020984221991
30
0
0
VERTEX
8
0
10
79.7191174999013
20
81.9775913932499
30
0
0
VERTEX
8
0
10
79.9140297676272
20
81.9426892114237
30
0
0
VERTEX
8
0
10
80.1089420353531
20
81.9092256580517
30
0
0
VERTEX
8
0
10
80.303854303079
20
81.8776809197624
30
0
0
VERTEX
8
0
10
80.4987665708049
20
81.8460859280348
30
0
0
VERTEX
8
0
10
80.6936788385309
20
81.8123942245485
30
0
0
VERTEX
8
0
10
80.8885911062568
20
81.7786754542673
30
0
0
VERTEX
8
0
10
81.0835033739827
20
81.7468316877963
30
0
0
VERTEX
8
0
10
81.2784156417086
20
81.7149381227689
30
0
0
VERTEX
8
0
10
81.4733279094345
20
81.680995854639
30
0
0
VERTEX
8
0
10
81.6682401771605
20
81.6470266614236
30
0
0
VERTEX
8
0
10
81.8631524448864
20
81.6148893277825
30
0
0
VERTEX
8
0
10
82.0580647126123
20
81.5827027021631
30
0
0
VERTEX
8
0
10
82.2529769803382
20
81.5485146924197
30
0
0
VERTEX
8
0
10
82.4478892480641
20
81.5102396590795
30
0
0
VERTEX
8
0
10
82.64280151579
20
81.4717521809018
30
0
0
VERTEX
8
0
10
82.837713783516
20
81.4332215118111
30
0
0
VERTEX
8
0
10
83.0326260512419
20
81.3927410993084
30
0
0
VERTEX
8
0
10
83.2275383189678
20
81.3522394421509
30
0
0
VERTEX
8
0
10
83.4224505866937
20
81.3134914048651
30
0
0
VERTEX
8
0
10
83.6173628544196
20
81.274700752459
30
0
0
VERTEX
8
0
10
83.8122751221456
20
81.2340056982267
30
0
0
VERTEX
8
0
10
84.0071873898715
20
81.1932896578358
30
0
0
VERTEX
8
0
10
84.2020996575974
20
81.1542866284583
30
0
0
VERTEX
8
0
10
84.3970119253233
20
81.1152416035094
30
0
0
VERTEX
8
0
10
84.5919241930492
20
81.0743368269063
30
0
0
VERTEX
8
0
10
84.7868364607751
20
81.0334113614747
30
0
0
VERTEX
8
0
10
84.9817487285011
20
80.9941589699233
30
0
0
VERTEX
8
0
10
85.176660996227
20
80.955616935202
30
0
0
VERTEX
8
0
10
85.3715732639529
20
80.9151764901631
30
0
0
VERTEX
8
0
10
85.5664855316788
20
80.8747150889102
30
0
0
VERTEX
8
0
10
85.7613977994047
20
80.8358868428217
30
0
0
VERTEX
8
0
10
85.9563100671306
20
80.7970173312907
30
0
0
VERTEX
8
0
10
86.1512223348566
20
80.7563747225813
30
0
0
VERTEX
8
0
10
86.3461346025825
20
80.7157115259452
30
0
0
VERTEX
8
0
10
86.5410468703084
20
80.676642851998
30
0
0
VERTEX
8
0
10
86.7359591380343
20
80.6375336475547
30
0
0
VERTEX
8
0
10
86.9308714057602
20
80.5966939336525
30
0
0
VERTEX
8
0
10
87.1257836734862
20
80.5558340318599
30
0
0
VERTEX
8
0
10
87.3206959412121
20
80.5165307053183
30
0
0
VERTEX
8
0
10
87.515608208938
20
80.4771876153772
30
0
0
VERTEX
8
0
10
87.7105204766639
20
80.4392211967708
30
0
0
VERTEX
8
0
10
87.9054327443898
20
80.4034921872134
30
0
0
VERTEX
8
0
10
88.1003450121157
20
80.3692776240391
30
0
0
VERTEX
8
0
10
88.2952572798417
20
80.3350192869695
30
0
0
VERTEX
8
0
10
88.4901695475676
20
80.2991091353819
30
0
0
VERTEX
8
0
10
88.6850818152935
20
80.2631750842307
30
0
0
VERTEX
8
0
10
88.8799940830194
20
80.2287185193235
30
0
0
VERTEX
8
0
10
89.0749063507453
20
80.1942190185844
30
0
0
VERTEX
8
0
10
89.2698186184712
20
80.1581085406819
30
0
0
VERTEX
8
0
10
89.4647308861972
20
80.1219746494184
30
0
0
VERTEX
8
0
10
89.6596431539231
20
80.0872819890745
30
0
0
VERTEX
8
0
10
89.854555421649
20
80.052547253756
30
0
0
VERTEX
8
0
10
90.0494676893749
20
80.0162416297219
30
0
0
VERTEX
8
0
10
90.2443799571008
20
79.9799131005343
30
0
0
VERTEX
8
0
10
90.4392922248268
20
79.9456710283205
30
0
0
VERTEX
8
0
10
90.6342044925527
20
79.9113682180438
30
0
0
VERTEX
8
0
10
90.8291167602786
20
79.8755333244471
30
0
0
VERTEX
8
0
10
91.0240290280045
20
79.8396755066107
30
0
0
VERTEX
8
0
10
91.2189412957304
20
79.8051879097845
30
0
0
VERTEX
8
0
10
91.4138535634563
20
79.7706594482038
30
0
0
VERTEX
8
0
10
91.6087658311823
20
79.7346375443311
30
0
0
VERTEX
8
0
10
91.8036780989082
20
79.6985932631533
30
0
0
VERTEX
8
0
10
91.9985903666341
20
79.6638850047619
30
0
0
VERTEX
8
0
10
92.19350263436
20
79.6291367977997
30
0
0
VERTEX
8
0
10
92.3884149020859
20
79.5929330411225
30
0
0
VERTEX
8
0
10
92.5833271698119
20
79.5567074699561
30
0
0
VERTEX
8
0
10
92.7782394375378
20
79.521784417678
30
0
0
VERTEX
8
0
10
92.9731517052637
20
79.4868223458798
30
0
0
VERTEX
8
0
10
93.1680639729896
20
79.4601913107893
30
0
0
VERTEX
8
0
10
93.3629762407155
20
79.4303627504398
30
0
0
VERTEX
8
0
10
93.5578885084415
20
79.4017983813808
30
0
0
VERTEX
8
0
10
93.7528007761674
20
79.3731905838252
30
0
0
VERTEX
8
0
10
93.9477130438933
20
79.3431960538693
30
0
0
VERTEX
8
0
10
94.1426253116192
20
79.3131757470174
30
0
0
VERTEX
8
0
10
94.3375375793451
20
79.2843871041601
30
0
0
VERTEX
8
0
10
94.532449847071
20
79.2555560031592
30
0
0
VERTEX
8
0
10
94.7273621147969
20
79.2253742776574
30
0
0
VERTEX
8
0
10
94.9222743825229
20
79.1951673850862
30
0
0
VERTEX
8
0
10
95.1171866502488
20
79.166160325174
30
0
0
VERTEX
8
0
10
95.3120989179747
20
79.1371117819627
30
0
0
VERTEX
8
0
10
95.5070111857006
20
79.1067479664445
30
0
0
VERTEX
8
0
10
95.7019234534265
20
79.0794203616784
30
0
0
VERTEX
8
0
10
95.8968357211525
20
79.0534721747885
30
0
0
VERTEX
8
0
10
96.0917479888784
20
79.02748104684
30
0
0
VERTEX
8
0
10
96.2866602566043
20
79.0002070196192
30
0
0
VERTEX
8
0
10
96.4815725243302
20
78.9729067344886
30
0
0
VERTEX
8
0
10
96.6764847920561
20
78.9467420584953
30
0
0
VERTEX
8
0
10
96.8713970597821
20
78.9205354330671
30
0
0
VERTEX
8
0
10
97.066309327508
20
78.893079979015
30
0
0
VERTEX
8
0
10
97.2612215952339
20
78.865598901883
30
0
0
VERTEX
8
0
10
97.4561338629598
20
78.8392234672327
30
0
0
VERTEX
8
0
10
97.6510461306857
20
78.8128070724473
30
0
0
VERTEX
8
0
10
97.8459583984116
20
78.7851751756079
30
0
0
VERTEX
8
0
10
98.0408706661376
20
78.7575182922261
30
0
0
VERTEX
8
0
10
98.2357829338635
20
78.7309377532389
30
0
0
VERTEX
8
0
10
98.4306952015894
20
78.7025085075664
30
0
0
VERTEX
8
0
10
98.6256074693153
20
78.6734030829342
30
0
0
VERTEX
8
0
10
98.8205197370412
20
78.6442742141545
30
0
0
VERTEX
8
0
10
99.0154320047671
20
78.6161940326646
30
0
0
VERTEX
8
0
10
99.2103442724931
20
78.5880757948603
30
0
0
VERTEX
8
0
10
99.405256540219
20
78.5588073352316
30
0
0
VERTEX
8
0
10
99.6001688079449
20
78.5295160639692
30
0
0
VERTEX
8
0
10
99.7950810756708
20
78.5012455498119
30
0
0
VERTEX
8
0
10
99.9899933433967
20
78.4729379461872
30
0
0
VERTEX
8
0
10
100.184905611123
20
78.4435112010627
30
0
0
VERTEX
8
0
10
100.379817878849
20
78.4140622744859
30
0
0
VERTEX
8
0
10
100.574730146574
20
78.3856068057043
30
0
0
VERTEX
8
0
10
100.7696424143
20
78.3571152054439
30
0
0
VERTEX
8
0
10
100.964554682026
20
78.3280803573828
30
0
0
VERTEX
8
0
10
101.159466949752
20
78.2991265420876
30
0
0
VERTEX
8
0
10
101.354379217478
20
78.2711390286951
30
0
0
VERTEX
8
0
10
101.549291485204
20
78.2431158635913
30
0
0
VERTEX
8
0
10
101.74420375293
20
78.2140332075647
30
0
0
VERTEX
8
0
10
101.939116020656
20
78.1849291674262
30
0
0
VERTEX
8
0
10
102.134028288382
20
78.156765324282
30
0
0
VERTEX
8
0
10
102.328940556108
20
78.1285667671638
30
0
0
VERTEX
8
0
10
102.523852823834
20
78.0993377734497
30
0
0
VERTEX
8
0
10
102.71876509156
20
78.0700880121755
30
0
0
VERTEX
8
0
10
102.913677359286
20
78.0417529373742
30
0
0
VERTEX
8
0
10
103.108589627011
20
78.0133840729698
30
0
0
VERTEX
8
0
10
103.303501894737
20
77.9840131624193
30
0
0
VERTEX
8
0
10
103.498414162463
20
77.9546220935096
30
0
0
VERTEX
8
0
10
103.693326430189
20
77.908581632276
30
0
0
VERTEX
8
0
10
103.888238697915
20
77.8665089733426
30
0
0
VERTEX
8
0
10
104.083150965641
20
77.8234724664227
30
0
0
VERTEX
8
0
10
104.278063233367
20
77.7804270827874
30
0
0
VERTEX
8
0
10
104.472975501093
20
77.7382585971761
30
0
0
VERTEX
8
0
10
104.667887768819
20
77.6960691161913
30
0
0
VERTEX
8
0
10
104.862800036545
20
77.6529422611669
30
0
0
VERTEX
8
0
10
105.057712304271
20
77.6098071328595
30
0
0
VERTEX
8
0
10
105.252624571997
20
77.5675256827764
30
0
0
VERTEX
8
0
10
105.447536839722
20
77.5252241107699
30
0
0
VERTEX
8
0
10
105.642449107448
20
77.4820110533488
30
0
0
VERTEX
8
0
10
105.837361375174
20
77.4387903183659
30
0
0
VERTEX
8
0
10
106.0322736429
20
77.3964005509278
30
0
0
VERTEX
8
0
10
106.227185910626
20
77.3496764927531
30
0
0
VERTEX
8
0
10
106.422098178352
20
77.3006128594563
30
0
0
VERTEX
8
0
10
106.617010446078
20
77.2515475664698
30
0
0
VERTEX
8
0
10
106.811922713804
20
77.2032966937236
30
0
0
VERTEX
8
0
10
107.00683498153
20
77.1550329666006
30
0
0
VERTEX
8
0
10
107.201747249256
20
77.1059130386874
30
0
0
VERTEX
8
0
10
107.396659516982
20
77.0567920567811
30
0
0
VERTEX
8
0
10
107.591571784708
20
77.0084640210479
30
0
0
VERTEX
8
0
10
107.786484052433
20
76.9601239789211
30
0
0
VERTEX
8
0
10
107.981396320159
20
76.9109517356806
30
0
0
VERTEX
8
0
10
108.176308587885
20
76.8617790351484
30
0
0
VERTEX
8
0
10
108.371220855611
20
76.8133782630642
30
0
0
VERTEX
8
0
10
108.566133123337
20
76.7649663163414
30
0
0
VERTEX
8
0
10
108.761045391063
20
76.7157456517979
30
0
0
VERTEX
8
0
10
108.955957658789
20
76.6703487855745
30
0
0
VERTEX
8
0
10
109.150869926515
20
76.6250610213326
30
0
0
VERTEX
8
0
10
109.345782194241
20
76.5797597146302
30
0
0
VERTEX
8
0
10
109.540694461967
20
76.5336696192955
30
0
0
VERTEX
8
0
10
109.735606729693
20
76.4875771009895
30
0
0
VERTEX
8
0
10
109.930518997419
20
76.4422124662155
30
0
0
VERTEX
8
0
10
110.125431265144
20
76.3968350700782
30
0
0
VERTEX
8
0
10
110.32034353287
20
76.3506914831738
30
0
0
VERTEX
8
0
10
110.515255800596
20
76.3045460191571
30
0
0
VERTEX
8
0
10
110.710168068322
20
76.2591085739803
30
0
0
VERTEX
8
0
10
110.905080336048
20
76.2136591293198
30
0
0
VERTEX
8
0
10
111.099992603774
20
76.1674656098715
30
0
0
VERTEX
8
0
10
111.2949048715
20
76.1212707468985
30
0
0
VERTEX
8
0
10
111.489817139226
20
76.0741093649289
30
0
0
VERTEX
8
0
10
111.684729406952
20
76.0260619955053
30
0
0
VERTEX
8
0
10
111.879641674678
20
75.9772946946547
30
0
0
VERTEX
8
0
10
112.074553942404
20
75.9285290861982
30
0
0
VERTEX
8
0
10
112.26946621013
20
75.8804355953716
30
0
0
VERTEX
8
0
10
112.464378477855
20
75.83233413656
30
0
0
VERTEX
8
0
10
112.659290745581
20
75.78353386623
30
0
0
VERTEX
8
0
10
112.854203013307
20
75.7347358126494
30
0
0
VERTEX
8
0
10
113.049115281033
20
75.6865912885309
30
0
0
VERTEX
8
0
10
113.244027548759
20
75.6384395121335
30
0
0
VERTEX
8
0
10
113.438939816485
20
75.5896096123605
30
0
0
VERTEX
8
0
10
113.633852084211
20
75.5407824407799
30
0
0
VERTEX
8
0
10
113.828764351937
20
75.492590569702
30
0
0
VERTEX
8
0
10
114.023676619663
20
75.444392141819
30
0
0
VERTEX
8
0
10
114.218588887389
20
75.4087520690243
30
0
0
VERTEX
8
0
10
114.413501155115
20
75.3718280629053
30
0
0
VERTEX
8
0
10
114.608413422841
20
75.3355100277033
30
0
0
VERTEX
8
0
10
114.803325690566
20
75.2991747604761
30
0
0
VERTEX
8
0
10
114.998237958292
20
75.2621906570288
30
0
0
VERTEX
8
0
10
115.193150226018
20
75.2251990782119
30
0
0
VERTEX
8
0
10
115.388062493744
20
75.1887954878946
30
0
0
VERTEX
8
0
10
115.58297476147
20
75.1523752693818
30
0
0
VERTEX
8
0
10
115.777887029196
20
75.1153260177047
30
0
0
VERTEX
8
0
10
115.972799296922
20
75.0782696978714
30
0
0
VERTEX
8
0
10
116.167711564648
20
75.0417837199327
30
0
0
VERTEX
8
0
10
116.362623832374
20
75.0052816908482
30
0
0
VERTEX
8
0
10
116.5575361001
20
74.9681700263351
30
0
0
VERTEX
8
0
10
116.752448367826
20
74.93280170272
30
0
0
VERTEX
8
0
10
116.947360635552
20
74.8993597051449
30
0
0
VERTEX
8
0
10
117.142272903278
20
74.8658995899038
30
0
0
VERTEX
8
0
10
117.337185171003
20
74.831846293858
30
0
0
VERTEX
8
0
10
117.532097438729
20
74.7977840428319
30
0
0
VERTEX
8
0
10
117.727009706455
20
74.7642549514831
30
0
0
VERTEX
8
0
10
117.921921974181
20
74.7307080388127
30
0
0
VERTEX
8
0
10
118.116834241907
20
74.6965864728491
30
0
0
VERTEX
8
0
10
118.311746509633
20
74.6624560457548
30
0
0
VERTEX
8
0
10
118.506658777359
20
74.6288414559148
30
0
0
VERTEX
8
0
10
118.701571045085
20
74.5952091218546
30
0
0
VERTEX
8
0
10
118.896483312811
20
74.5610204006474
30
0
0
VERTEX
8
0
10
119.091395580537
20
74.5268228192444
30
0
0
VERTEX
8
0
10
119.286307848263
20
74.4931237884534
30
0
0
VERTEX
8
0
10
119.481220115989
20
74.4594070655345
30
0
0
VERTEX
8
0
10
119.676132383714
20
74.4251521013255
30
0
0
VERTEX
8
0
10
119.87104465144
20
74.3908882809686
30
0
0
VERTEX
8
0
10
120.065956919166
20
74.3571058406186
30
0
0
VERTEX
8
0
10
120.260869186892
20
74.3233057801236
30
0
0
VERTEX
8
0
10
120.455781454618
20
74.2889855211999
30
0
0
VERTEX
8
0
10
120.650693722344
20
74.2546564290695
30
0
0
VERTEX
8
0
10
120.84560599007
20
74.2207916811859
30
0
0
VERTEX
8
0
10
121.040518257796
20
74.1869094102204
30
0
0
VERTEX
8
0
10
121.235430525522
20
74.1525248738002
30
0
0
VERTEX
8
0
10
121.430342793248
20
74.1181315477272
30
0
0
VERTEX
8
0
10
121.625255060974
20
74.0841856758689
30
0
0
VERTEX
8
0
10
121.8201673287
20
74.0502224037679
30
0
0
VERTEX
8
0
10
122.015079596425
20
74.015774679831
30
0
0
VERTEX
8
0
10
122.209991864151
20
73.9849435022085
30
0
0
VERTEX
8
0
10
122.404904131877
20
73.9533879295324
30
0
0
VERTEX
8
0
10
122.599816399603
20
73.921813153566
30
0
0
VERTEX
8
0
10
122.794728667329
20
73.8897697246371
30
0
0
VERTEX
8
0
10
122.989640935055
20
73.8577157312022
30
0
0
VERTEX
8
0
10
123.184553202781
20
73.8260738718476
30
0
0
VERTEX
8
0
10
123.379465470507
20
73.7944129818577
30
0
0
VERTEX
8
0
10
123.574377738233
20
73.7623010370134
30
0
0
VERTEX
8
0
10
123.769290005959
20
73.7301786297909
30
0
0
VERTEX
8
0
10
123.964202273685
20
73.698451909376
30
0
0
VERTEX
8
0
10
124.159114541411
20
73.6667063572884
30
0
0
VERTEX
8
0
10
124.354026809136
20
73.6345271947007
30
0
0
VERTEX
8
0
10
124.548939076862
20
73.6023376932161
30
0
0
VERTEX
8
0
10
124.743851344588
20
73.5778790465062
30
0
0
VERTEX
8
0
10
124.938763612314
20
73.554041564338
30
0
0
VERTEX
8
0
10
125.13367588004
20
73.529782341146
30
0
0
VERTEX
8
0
10
125.328588147766
20
73.505507470285
30
0
0
VERTEX
8
0
10
125.523500415492
20
73.4815903191168
30
0
0
VERTEX
8
0
10
125.718412683218
20
73.4576492801174
30
0
0
VERTEX
8
0
10
125.913324950944
20
73.4333037710923
30
0
0
VERTEX
8
0
10
126.10823721867
20
73.4089427777562
30
0
0
VERTEX
8
0
10
126.303149486396
20
73.3849235103358
30
0
0
VERTEX
8
0
10
126.498061754122
20
73.3608806376718
30
0
0
VERTEX
8
0
10
126.692974021847
20
73.3364503668625
30
0
0
VERTEX
8
0
10
126.887886289573
20
73.31200479638
30
0
0
VERTEX
8
0
10
127.082798557299
20
73.2878851932618
30
0
0
VERTEX
8
0
10
127.277710825025
20
73.2637422939033
30
0
0
VERTEX
8
0
10
127.472623092751
20
73.2425915580353
30
0
0
VERTEX
8
0
10
127.667535360477
20
73.2205114745881
30
0
0
VERTEX
8
0
10
127.862447628203
20
73.1987403893499
30
0
0
VERTEX
8
0
10
128.057359895929
20
73.1769449036879
30
0
0
VERTEX
8
0
10
128.252272163655
20
73.1547941470369
30
0
0
VERTEX
8
0
10
128.447184431381
20
73.1326271070859
30
0
0
VERTEX
8
0
10
128.642096699107
20
73.1107537706578
30
0
0
VERTEX
8
0
10
128.837008966833
20
73.0888564004592
30
0
0
VERTEX
8
0
10
129.031921234558
20
73.066620217179
30
0
0
VERTEX
8
0
10
129.226833502284
20
73.0443680020426
30
0
0
VERTEX
8
0
10
129.42174577001
20
73.0223944658549
30
0
0
VERTEX
8
0
10
129.616658037736
20
73.0003972892534
30
0
0
VERTEX
8
0
10
129.811570305462
20
72.9780775136369
30
0
0
VERTEX
8
0
10
130.006482573188
20
72.9567497343773
30
0
0
VERTEX
8
0
10
130.201394840914
20
72.9358981762838
30
0
0
VERTEX
8
0
10
130.39630710864
20
72.9150227283117
30
0
0
VERTEX
8
0
10
130.591219376366
20
72.8938399904464
30
0
0
VERTEX
8
0
10
130.786131644092
20
72.8726411290896
30
0
0
VERTEX
8
0
10
130.981043911818
20
72.8516910641279
30
0
0
VERTEX
8
0
10
131.175956179544
20
72.8307175589807
30
0
0
VERTEX
8
0
10
131.37086844727
20
72.8094524792101
30
0
0
VERTEX
8
0
10
131.565780714995
20
72.7881715941651
30
0
0
VERTEX
8
0
10
131.760692982721
20
72.7671253397312
30
0
0
VERTEX
8
0
10
131.955605250447
20
72.7460561218865
30
0
0
VERTEX
8
0
10
132.150517518173
20
72.7247107681213
30
0
0
VERTEX
8
0
10
132.345429785899
20
72.7033499492752
30
0
0
VERTEX
8
0
10
132.540342053625
20
72.6822099089836
30
0
0
VERTEX
8
0
10
132.735254321351
20
72.6587148298161
30
0
0
VERTEX
8
0
10
132.930166589077
20
72.635468323174
30
0
0
VERTEX
8
0
10
133.125078856803
20
72.6122077100394
30
0
0
VERTEX
8
0
10
133.319991124529
20
72.5891553676837
30
0
0
VERTEX
8
0
10
133.514903392255
20
72.5660821035896
30
0
0
VERTEX
8
0
10
133.709815659981
20
72.5427636802842
30
0
0
VERTEX
8
0
10
133.904727927706
20
72.5194315336423
30
0
0
VERTEX
8
0
10
134.099640195432
20
72.4962944830762
30
0
0
VERTEX
8
0
10
134.294552463158
20
72.4731370671623
30
0
0
VERTEX
8
0
10
134.489464730884
20
72.4497490176232
30
0
0
VERTEX
8
0
10
134.68437699861
20
72.4263476505268
30
0
0
VERTEX
8
0
10
134.879289266336
20
72.4031285480239
30
0
0
VERTEX
8
0
10
135.074201534062
20
72.3798896646217
30
0
0
VERTEX
8
0
10
135.269113801788
20
72.3528875959922
30
0
0
VERTEX
8
0
10
135.464026069514
20
72.3245756583326
30
0
0
VERTEX
8
0
10
135.65893833724
20
72.2964365354191
30
0
0
VERTEX
8
0
10
135.853850604966
20
72.2682812622543
30
0
0
VERTEX
8
0
10
136.048762872692
20
72.2399264103016
30
0
0
VERTEX
8
0
10
136.243675140417
20
72.2115621161634
30
0
0
VERTEX
8
0
10
136.438587408143
20
72.1833585699826
30
0
0
VERTEX
8
0
10
136.633499675869
20
72.1551395137901
30
0
0
VERTEX
8
0
10
136.828411943595
20
72.1267343848784
30
0
0
VERTEX
8
0
10
137.023324211321
20
72.098320291181
30
0
0
VERTEX
8
0
10
137.218236479047
20
72.0700552489328
30
0
0
VERTEX
8
0
10
137.413148746773
20
72.0417753663829
30
0
0
VERTEX
8
0
10
137.608061014499
20
72.0133225774569
30
0
0
VERTEX
8
0
10
137.802973282225
20
71.9848613251074
30
0
0
VERTEX
8
0
10
137.997885549951
20
71.9558233590903
30
0
0
VERTEX
8
0
10
138.192797817677
20
71.9268832288722
30
0
0
VERTEX
8
0
10
138.387710085403
20
71.8977834175136
30
0
0
VERTEX
8
0
10
138.582622353128
20
71.8686760797798
30
0
0
VERTEX
8
0
10
138.777534620854
20
71.8396959747477
30
0
0
VERTEX
8
0
10
138.97244688858
20
71.8107028723067
30
0
0
VERTEX
8
0
10
139.167359156306
20
71.7815625387075
30
0
0
VERTEX
8
0
10
139.362271424032
20
71.752415229682
30
0
0
VERTEX
8
0
10
139.557183691758
20
71.7233846412783
30
0
0
VERTEX
8
0
10
139.752095959484
20
71.6943418157787
30
0
0
VERTEX
8
0
10
139.94700822721
20
71.6651638366948
30
0
0
VERTEX
8
0
10
140.141920494936
20
71.6359794577906
30
0
0
VERTEX
8
0
10
140.336832762662
20
71.6069017032877
30
0
0
VERTEX
8
0
10
140.531745030388
20
71.5781954994557
30
0
0
VERTEX
8
0
10
140.726657298114
20
71.5495827131941
30
0
0
VERTEX
8
0
10
140.921569565839
20
71.5209637140505
30
0
0
VERTEX
8
0
10
141.116481833565
20
71.4924412537355
30
0
0
VERTEX
8
0
10
141.311394101291
20
71.4639077531042
30
0
0
VERTEX
8
0
10
141.506306369017
20
71.4352616799721
30
0
0
VERTEX
8
0
10
141.701218636743
20
71.4066100181968
30
0
0
VERTEX
8
0
10
141.896130904469
20
71.3780456621206
30
0
0
VERTEX
8
0
10
142.091043172195
20
71.3494711174403
30
0
0
VERTEX
8
0
10
142.285955439921
20
71.3207948934749
30
0
0
VERTEX
8
0
10
142.480867707647
20
71.2921137302767
30
0
0
VERTEX
8
0
10
142.675779975373
20
71.2635110917053
30
0
0
VERTEX
8
0
10
142.870692243099
20
71.2348991474238
30
0
0
VERTEX
8
0
10
143.065604510825
20
71.2061959978333
30
0
0
VERTEX
8
0
10
143.260516778551
20
71.1781404174955
30
0
0
VERTEX
8
0
10
143.455429046276
20
71.150100121271
30
0
0
VERTEX
8
0
10
143.650341314002
20
71.1220510241137
30
0
0
VERTEX
8
0
10
143.845253581728
20
71.0939203573602
30
0
0
VERTEX
8
0
10
144.040165849454
20
71.0657857174503
30
0
0
VERTEX
8
0
10
144.23507811718
20
71.0377130315445
30
0
0
VERTEX
8
0
10
144.429990384906
20
71.0096324895165
30
0
0
VERTEX
8
0
10
144.624902652632
20
70.981479978834
30
0
0
VERTEX
8
0
10
144.819814920358
20
70.9533242196133
30
0
0
VERTEX
8
0
10
145.014727188084
20
70.9252230589223
30
0
0
VERTEX
8
0
10
145.20963945581
20
70.8971150187135
30
0
0
VERTEX
8
0
10
145.404551723536
20
70.8689441555177
30
0
0
VERTEX
8
0
10
145.599463991262
20
70.8407707942814
30
0
0
VERTEX
8
0
10
145.794376258987
20
70.81523507257
30
0
0
VERTEX
8
0
10
145.989288526713
20
70.7918589648983
30
0
0
VERTEX
8
0
10
146.184200794439
20
70.7684257246365
30
0
0
VERTEX
8
0
10
146.379113062165
20
70.744987770295
30
0
0
VERTEX
8
0
10
146.574025329891
20
70.7215882106455
30
0
0
VERTEX
8
0
10
146.768937597617
20
70.6981808185451
30
0
0
VERTEX
8
0
10
146.963849865343
20
70.6747244947638
30
0
0
VERTEX
8
0
10
147.158762133069
20
70.6512642493946
30
0
0
VERTEX
8
0
10
147.353674400795
20
70.6278365651649
30
0
0
VERTEX
8
0
10
147.548586668521
20
70.6044021127764
30
0
0
VERTEX
8
0
10
147.743498936247
20
70.5809264336306
30
0
0
VERTEX
8
0
10
147.938411203973
20
70.5574476508576
30
0
0
VERTEX
8
0
10
148.133323471698
20
70.5339961360811
30
0
0
VERTEX
8
0
10
148.328235739424
20
70.5105389489708
30
0
0
VERTEX
8
0
10
148.52314800715
20
70.4870477322553
30
0
0
VERTEX
8
0
10
148.718060274876
20
70.4635542555132
30
0
0
VERTEX
8
0
10
148.912972542602
20
70.4400833061638
30
0
0
VERTEX
8
0
10
149.107884810328
20
70.4166078120461
30
0
0
VERTEX
8
0
10
149.302797078054
20
70.3931049658433
30
0
0
VERTEX
8
0
10
149.49770934578
20
70.3696007290272
30
0
0
VERTEX
8
0
10
149.692621613506
20
70.3461148437392
30
0
0
VERTEX
8
0
10
149.887533881232
20
70.3226255731964
30
0
0
VERTEX
8
0
10
150.082446148958
20
70.2991150965235
30
0
0
VERTEX
8
0
10
150.277358416684
20
70.2756041246317
30
0
0
VERTEX
8
0
10
150.472270684409
20
70.2521079054161
30
0
0
VERTEX
8
0
10
150.667182952135
20
70.2286094926122
30
0
0
VERTEX
8
0
10
150.862095219861
20
70.2050954760583
30
0
0
VERTEX
8
0
10
151.057007487587
20
70.1815818858289
30
0
0
VERTEX
8
0
10
151.251919755313
20
70.1606473544735
30
0
0
VERTEX
8
0
10
151.446832023039
20
70.1389131258187
30
0
0
VERTEX
8
0
10
151.641744290765
20
70.1171673432106
30
0
0
VERTEX
8
0
10
151.836656558491
20
70.0954219363812
30
0
0
VERTEX
8
0
10
152.031568826217
20
70.0736848644428
30
0
0
VERTEX
8
0
10
152.226481093943
20
70.0519470787731
30
0
0
VERTEX
8
0
10
152.421393361669
20
70.0302022144492
30
0
0
VERTEX
8
0
10
152.616305629395
20
70.0084586957673
30
0
0
VERTEX
8
0
10
152.81121789712
20
69.9867217136829
30
0
0
VERTEX
8
0
10
153.006130164846
20
69.9649853024741
30
0
0
VERTEX
8
0
10
153.201042432572
20
69.9432457062982
30
0
0
VERTEX
8
0
10
153.395954700298
20
69.9215084509233
30
0
0
VERTEX
8
0
10
153.590866968024
20
69.8997765591197
30
0
0
VERTEX
8
0
10
153.78577923575
20
69.8805613112028
30
0
0
VERTEX
8
0
10
153.980691503476
20
69.8616126533691
30
0
0
VERTEX
8
0
10
154.175603771202
20
69.8426659241062
30
0
0
VERTEX
8
0
10
154.370516038928
20
69.8237225858125
30
0
0
VERTEX
8
0
10
154.565428306654
20
69.8047810354965
30
0
0
VERTEX
8
0
10
154.76034057438
20
69.7858408348153
30
0
0
VERTEX
8
0
10
154.955252842106
20
69.7669035658597
30
0
0
VERTEX
8
0
10
155.150165109832
20
69.7479697401661
30
0
0
VERTEX
8
0
10
155.345077377557
20
69.7290389866766
30
0
0
SEQEND
8
0
0
POLYLINE
8
0
62
2
70
0
10
0
20
0
30
0
0
VERTEX
8
0
10
3.31350855134067
20
0
30
0
0
VERTEX
8
0
10
3.5084208190666
20
0
30
0
0
VERTEX
8
0
10
3.70333308679252
20
2.59335921548878
30
0
0
VERTEX
8
0
10
3.89824535451844
20
0
30
0
0
VERTEX
8
0
10
4.09315762224436
20
0
30
0
0
VERTEX
8
0
10
4.28806988997029
20
2.6960978323356
30
0
0
VERTEX
8
0
10
4.48298215769621
20
0
30
0
0
VERTEX
8
0
10
4.67789442542213
20
0
30
0
0
VERTEX
8
0
10
4.87280669314805
20
2.77538945238596
30
0
0
VERTEX
8
0
10
5.06771896087397
20
0
30
0
0
VERTEX
8
0
10
5.2626312285999
20
0
30
0
0
VERTEX
8
0
10
5.45754349632582
20
2.82855604983302
30
0
0
VERTEX
8
0
10
5.65245576405174
20
0
30
0
0
VERTEX
8
0
10
5.84736803177766
20
0
30
0
0
VERTEX
8
0
10
6.04228029950359
20
2.8624009763606
30
0
0
VERTEX
8
0
10
6.23719256722951
20
0
30
0
0
VERTEX
8
0
10
6.43210483495543
20
0
30
0
0
VERTEX
8
0
10
6.62701710268135
20
2.88656010346104
30
0
0
VERTEX
8
0
10
6.82192937040727
20
0
30
0
0
VERTEX
8
0
10
7.0168416381332
20
0.609019796564016
30
0
0
VERTEX
8
0
10
7.21175390585912
20
2.91035448410835
30
0
0
VERTEX
8
0
10
7.40666617358504
20
0
30
0
0
VERTEX
8
0
10
7.60157844131096
20
0.92119325864447
30
0
0
VERTEX
8
0
10
7.79649070903688
20
2.94146491727115
30
0
0
VERTEX
8
0
10
7.99140297676281
20
0
30
0
0
VERTEX
8
0
10
8.18631524448873
20
1.19606062908399
30
0
0
VERTEX
8
0
10
8.38122751221465
20
2.98550906358052
30
0
0
VERTEX
8
0
10
8.57613977994057
20
0
30
0
0
VERTEX
8
0
10
8.7710520476665
20
1.45648108207961
30
0
0
VERTEX
8
0
10
8.96596431539242
20
3.04607369834983
30
0
0
VERTEX
8
0
10
9.16087658311834
20
0
30
0
0
VERTEX
8
0
10
9.35578885084426
20
1.71021901127121
30
0
0
VERTEX
8
0
10
9.55070111857018
20
3.12498101059663
30
0
0
VERTEX
8
0
10
9.74561338629611
20
0.271932107745512
30
0
0
VERTEX
8
0
10
9.94052565402203
20
1.96075434626425
30
0
0
VERTEX
8
0
10
10.135437921748
20
3.22266329573597
30
0
0
VERTEX
8
0
10
10.3303501894739
20
1.13679839660808
30
0
0
VERTEX
8
0
10
10.5252624571998
20
2.20987814846773
30
0
0
VERTEX
8
0
10
10.7201747249257
20
3.33856121874663
30
0
0
VERTEX
8
0
10
10.9150869926516
20
1.61760998645685
30
0
0
VERTEX
8
0
10
11.1099992603776
20
2.45858957856209
30
0
0
VERTEX
8
0
10
11.3049115281035
20
3.4714869802307
30
0
0
VERTEX
8
0
10
11.4998237958294
20
2.0121336246371
30
0
0
VERTEX
8
0
10
11.6947360635553
20
2.70747306698047
30
0
0
VERTEX
8
0
10
11.8896483312813
20
3.61991875385309
30
0
0
VERTEX
8
0
10
12.0845605990072
20
2.36452685683389
30
0
0
VERTEX
8
0
10
12.2794728667331
20
2.95687837121559
30
0
0
VERTEX
8
0
10
12.474385134459
20
3.78221573460642
30
0
0
VERTEX
8
0
10
12.6692974021849
20
2.69195902908283
30
0
0
VERTEX
8
0
10
12.8642096699109
20
3.20701468246265
30
0
0
VERTEX
8
0
10
13.0591219376368
20
3.95675977843285
30
0
0
VERTEX
8
0
10
13.2540342053627
20
3.00313900979892
30
0
0
VERTEX
8
0
10
13.4489464730886
20
3.4580033159738
30
0
0
VERTEX
8
0
10
13.6438587408145
20
4.14203821063343
30
0
0
VERTEX
8
0
10
13.8387710085405
20
3.30313741107611
30
0
0
VERTEX
8
0
10
14.0336832762664
20
3.70990886127762
30
0
0
VERTEX
8
0
10
14.2285955439923
20
4.33668436156946
30
0
0
VERTEX
8
0
10
14.4235078117182
20
3.59516530014926
30
0
0
VERTEX
8
0
10
14.6184200794442
20
3.96275842521018
30
0
0
VERTEX
8
0
10
14.8133323471701
20
4.5394904658564
30
0
0
VERTEX
8
0
10
15.008244614896
20
3.88137262194321
30
0
0
VERTEX
8
0
10
15.2031568826219
20
4.21655395278259
30
0
0
VERTEX
8
0
10
15.3980691503478
20
4.749404133908
30
0
0
VERTEX
8
0
10
15.5929814180738
20
4.1632561025111
30
0
0
VERTEX
8
0
10
15.7878936857997
20
4.47128034953653
30
0
0
VERTEX
8
0
10
15.9828059535256
20
4.96551616229085
30
0
0
VERTEX
8
0
10
16.1777182212515
20
4.44188771896236
30
0
0
VERTEX
8
0
10
16.3726304889775
20
4.726910964896
30
0
0
VERTEX
8
0
10
16.5675427567034
20
5.18704464360336
30
0
0
VERTEX
8
0
10
16.7624550244293
20
4.71805170638541
30
0
0
VERTEX
8
0
10
16.9573672921552
20
4.98341136486521
30
0
0
VERTEX
8
0
10
17.1522795598811
20
5.41331830879314
30
0
0
VERTEX
8
0
10
17.3471918276071
20
4.99233111114004
30
0
0
VERTEX
8
0
10
17.542104095333
20
5.24074196717411
30
0
0
VERTEX
8
0
10
17.7370163630589
20
5.64376068576866
30
0
0
VERTEX
8
0
10
17.9319286307848
20
5.26516474136062
30
0
0
VERTEX
8
0
10
18.1268408985108
20
5.49885990261664
30
0
0
VERTEX
8
0
10
18.3217531662367
20
5.87787582007209
30
0
0
VERTEX
8
0
10
18.5166654339626
20
5.53688587397092
30
0
0
VERTEX
8
0
10
18.7115777016885
20
5.75772034142737
30
0
0
VERTEX
8
0
10
18.9064899694144
20
6.11523580991745
30
0
0
VERTEX
8
0
10
19.1014022371404
20
5.80774926476149
30
0
0
VERTEX
8
0
10
19.2963145048663
20
6.0172774427099
30
0
0
VERTEX
8
0
10
19.4912267725922
20
6.35547014197614
30
0
0
VERTEX
8
0
10
19.6861390403181
20
6.0779504121716
30
0
0
VERTEX
8
0
10
19.8810513080441
20
6.2774850361142
30
0
0
VERTEX
8
0
10
20.07596357577
20
6.59825668237785
30
0
0
VERTEX
8
0
10
20.2708758434959
20
6.34763955226558
30
0
0
VERTEX
8
0
10
20.4657881112218
20
6.53829711037201
30
0
0
VERTEX
8
0
10
20.6607003789477
20
6.84331412445852
30
0
0
VERTEX
8
0
10
20.8556126466737
20
6.61693198753545
30
0
0
VERTEX
8
0
10
21.0505249143996
20
6.79966816207427
30
0
0
VERTEX
8
0
10
21.2454371821255
20
7.09039568523557
30
0
0
VERTEX
8
0
10
21.4403494498514
20
6.88591581658926
30
0
0
VERTEX
8
0
10
21.6352617175774
20
7.06155344242882
30
0
0
VERTEX
8
0
10
21.8301739853033
20
7.3392838551774
30
0
0
VERTEX
8
0
10
22.0250862530292
20
7.15465778856334
30
0
0
VERTEX
8
0
10
22.2199985207551
20
7.32390912824415
30
0
0
VERTEX
8
0
10
22.414910788481
20
7.58978602679105
30
0
0
VERTEX
8
0
10
22.609823056207
20
7.42320778649443
30
0
0
VERTEX
8
0
10
22.8047353239329
20
7.58669243863412
30
0
0
VERTEX
8
0
10
22.9996475916588
20
7.84173085206815
30
0
0
VERTEX
8
0
10
23.1945598593847
20
7.69160229402035
30
0
0
VERTEX
8
0
10
23.3894721271107
20
7.84986171038399
30
0
0
VERTEX
8
0
10
23.5843843948366
20
8.09496520228584
30
0
0
VERTEX
8
0
10
23.7792966625625
20
7.959867099702
30
0
0
VERTEX
8
0
10
23.9742089302884
20
8.11337644351822
30
0
0
VERTEX
8
0
10
24.1691211980143
20
8.34935162492783
30
0
0
VERTEX
8
0
10
24.3640334657403
20
8.22801942392661
30
0
0
VERTEX
8
0
10
24.5589457334662
20
8.37719732489972
30
0
0
VERTEX
8
0
10
24.7538580011921
20
8.60476621088066
30
0
0
VERTEX
8
0
10
24.948770268918
20
8.49606960401708
30
0
0
VERTEX
8
0
10
25.143682536644
20
8.64128623556767
30
0
0
VERTEX
8
0
10
25.3385948043699
20
8.86109680007421
30
0
0
VERTEX
8
0
10
25.5335070720958
20
8.76402243825048
30
0
0
VERTEX
8
0
10
25.7284193398217
20
8.90560624680605
30
0
0
VERTEX
8
0
10
25.9233316075476
20
9.11824146808796
30
0
0
VERTEX
8
0
10
26.1182438752736
20
9.03187826472502
30
0
0
VERTEX
8
0
10
26.3131561429995
20
9.17012160752333
30
0
0
VERTEX
8
0
10
26.5080684107254
20
9.37610724440854
30
0
0
VERTEX
8
0
10
26.7029806784513
20
9.29963383251439
30
0
0
VERTEX
8
0
10
26.8978929461773
20
9.43479772632246
30
0
0
VERTEX
8
0
10
27.0928052139032
20
9.6346090245835
30
0
0
VERTEX
8
0
10
27.2877174816291
20
9.56728300841331
30
0
0
VERTEX
8
0
10
27.482629749355
20
9.69960114954567
30
0
0
VERTEX
8
0
10
27.6775420170809
20
9.8936686431217
30
0
0
VERTEX
8
0
10
27.8724542848069
20
9.8348173540142
30
0
0
VERTEX
8
0
10
28.0673665525328
20
9.96449953721876
30
0
0
VERTEX
8
0
10
28.2622788202587
20
10.1532140814016
30
0
0
VERTEX
8
0
10
28.4571910879846
20
10.1022265985126
30
0
0
VERTEX
8
0
10
28.6521033557106
20
10.2294616375472
30
0
0
VERTEX
8
0
10
28.8470156234365
20
10.4131787885395
30
0
0
VERTEX
8
0
10
29.0419278911624
20
10.3694990282031
30
0
0
VERTEX
8
0
10
29.2368401588883
20
10.4944572611633
30
0
0
VERTEX
8
0
10
29.4317524266142
20
10.6735010976836
30
0
0
VERTEX
8
0
10
29.6266646943402
20
10.6366218085128
30
0
0
VERTEX
8
0
10
29.8215769620661
20
10.7594572557124
30
0
0
VERTEX
8
0
10
30.016489229792
20
10.9341237225991
30
0
0
VERTEX
8
0
10
30.2114014975179
20
10.9035812519953
30
0
0
VERTEX
8
0
10
30.4063137652439
20
11.0244334811317
30
0
0
VERTEX
8
0
10
30.6012260329698
20
11.1949933228631
30
0
0
VERTEX
8
0
10
30.7961383006957
20
11.1703630415659
30
0
0
VERTEX
8
0
10
30.9910505684216
20
11.2893587860517
30
0
0
VERTEX
8
0
10
31.1859628361475
20
11.4560601267375
30
0
0
VERTEX
8
0
10
31.3808751038735
20
11.4369524180626
30
0
0
VERTEX
8
0
10
31.5757873715994
20
11.5542069857058
30
0
0
VERTEX
8
0
10
31.7706996393253
20
11.7172776042563
30
0
0
VERTEX
8
0
10
31.9656119070512
20
11.7033343380204
30
0
0
VERTEX
8
0
10
32.1605241747772
20
11.8189528414706
30
0
0
VERTEX
8
0
10
32.3554364425031
20
11.9786021823939
30
0
0
VERTEX
8
0
10
32.550348710229
20
11.9694936076471
30
0
0
VERTEX
8
0
10
32.7452609779549
20
12.0835720422882
30
0
0
VERTEX
8
0
10
32.9401732456808
20
12.2399929973221
30
0
0
VERTEX
8
0
10
33.1350855134068
20
12.2354149968204
30
0
0
VERTEX
8
0
10
33.3299977811327
20
12.3480411879239
30
0
0
VERTEX
8
0
10
33.5249100488586
20
12.5014116784174
30
0
0
VERTEX
8
0
10
33.7198223165845
20
12.5010833369088
30
0
0
VERTEX
8
0
10
33.9147345843105
20
12.6123377746629
30
0
0
VERTEX
8
0
10
34.1096468520364
20
12.7628221596059
30
0
0
VERTEX
8
0
10
34.3045591197623
20
12.7664836057025
30
0
0
VERTEX
8
0
10
34.4994713874882
20
12.8764401828673
30
0
0
VERTEX
8
0
10
34.6943836552141
20
13.0241905151561
30
0
0
VERTEX
8
0
10
34.8892959229401
20
13.0316010012106
30
0
0
VERTEX
8
0
10
35.084208190666
20
13.1403276671608
30
0
0
VERTEX
8
0
10
35.2791204583919
20
13.2854848164881
30
0
0
VERTEX
8
0
10
35.4740327261178
20
13.296421006998
30
0
0
VERTEX
8
0
10
35.6689449938438
20
13.4039803488148
30
0
0
VERTEX
8
0
10
35.8638572615697
20
13.5466750076749
30
0
0
VERTEX
8
0
10
36.0587695292956
20
13.5609294506324
30
0
0
VERTEX
8
0
10
36.2536817970215
20
13.6673792109916
30
0
0
VERTEX
8
0
10
36.4485940647474
20
13.807732797672
30
0
0
VERTEX
8
0
10
36.6435063324734
20
13.8251125564577
30
0
0
VERTEX
8
0
10
36.8384186001993
20
13.9305060962796
30
0
0
VERTEX
8
0
10
37.0333308679252
20
14.0686315673305
30
0
0
VERTEX
8
0
10
37.2282431356511
20
14.0889569944435
30
0
0
VERTEX
8
0
10
37.4231554033771
20
14.1933437073509
30
0
0
VERTEX
8
0
10
37.618067671103
20
14.3293462899563
30
0
0
VERTEX
8
0
10
37.8129799388289
20
14.3524499257322
30
0
0
VERTEX
8
0
10
38.0078922065548
20
14.4558756104079
30
0
0
VERTEX
8
0
10
38.2028044742807
20
14.5898534639446
30
0
0
VERTEX
8
0
10
38.3977167420067
20
14.6155790462738
30
0
0
VERTEX
8
0
10
38.5926290097326
20
14.7180862418403
30
0
0
VERTEX
8
0
10
38.7875412774585
20
14.8501310567715
30
0
0
VERTEX
8
0
10
38.9824535451844
20
14.878332629106
30
0
0
VERTEX
8
0
10
39.1773658129104
20
14.9799609180996
30
0
0
VERTEX
8
0
10
39.3722780806363
20
15.1101584593995
30
0
0
VERTEX
8
0
10
39.5671903483622
20
15.1406995663891
30
0
0
VERTEX
8
0
10
39.7621026160881
20
15.241485849367
30
0
0
VERTEX
8
0
10
39.957014883814
20
15.3699164505066
30
0
0
VERTEX
8
0
10
40.1519271515399
20
15.4026694117378
30
0
0
VERTEX
8
0
10
40.3468394192659
20
15.5026481567913
30
0
0
VERTEX
8
0
10
40.5417516869918
20
15.6293871700003
30
0
0
VERTEX
8
0
10
40.7366639547177
20
15.6642324237033
30
0
0
VERTEX
8
0
10
40.9315762224436
20
15.7634358941033
30
0
0
VERTEX
8
0
10
41.1264884901695
20
15.8885541017371
30
0
0
VERTEX
8
0
10
41.3214007578954
20
15.9253796109887
30
0
0
VERTEX
8
0
10
41.5163130256214
20
16.0238380736437
30
0
0
VERTEX
8
0
10
41.7112252933473
20
16.1474020649342
30
0
0
VERTEX
8
0
10
41.9061375610732
20
16.1861027804446
30
0
0
VERTEX
8
0
10
42.1010498287991
20
16.2838446974048
30
0
0
VERTEX
8
0
10
42.295962096525
20
16.4059172146218
30
0
0
VERTEX
8
0
10
42.490874364251
20
16.4463945880841
30
0
0
VERTEX
8
0
10
42.6857866319769
20
16.5434467937181
30
0
0
VERTEX
8
0
10
42.8806988997028
20
16.6640870507788
30
0
0
VERTEX
8
0
10
43.0756111674287
20
16.7062485945871
30
0
0
VERTEX
8
0
10
43.2705234351546
20
16.8026364594633
30
0
0
VERTEX
8
0
10
43.4654357028805
20
16.9219004369742
30
0
0
VERTEX
8
0
10
43.6603479706065
20
16.9656593254289
30
0
0
VERTEX
8
0
10
43.8552602383324
20
17.0614069098764
30
0
0
VERTEX
8
0
10
44.0501725060583
20
17.1793476284183
30
0
0
VERTEX
8
0
10
44.2450847737842
20
17.2246223372109
30
0
0
VERTEX
8
0
10
44.4399970415101
20
17.3197525351546
30
0
0
VERTEX
8
0
10
44.6349093092361
20
17.4364203101901
30
0
0
VERTEX
8
0
10
44.829821576962
20
17.4831342908629
30
0
0
VERTEX
8
0
10
45.0247338446879
20
17.5776689660929
30
0
0
VERTEX
8
0
10
45.2196461124138
20
17.6931116465567
30
0
0
VERTEX
8
0
10
45.4145583801397
20
17.7411930330983
30
0
0
VERTEX
8
0
10
45.6094706478656
20
17.8351531491724
30
0
0
VERTEX
8
0
10
45.8043829155916
20
17.9494163419961
30
0
0
VERTEX
8
0
10
45.9992951833175
20
17.9987976874412
30
0
0
VERTEX
8
0
10
46.1942074510434
20
18.0922034327174
30
0
0
VERTEX
8
0
10
46.3891197187693
20
18.2053307155613
30
0
0
VERTEX
8
0
10
46.5840319864952
20
18.2559487564011
30
0
0
VERTEX
8
0
10
46.7789442542211
20
18.3488196656126
30
0
0
VERTEX
8
0
10
46.9738565219471
20
18.4608527897559
30
0
0
VERTEX
8
0
10
47.168768789673
20
18.512648236817
30
0
0
VERTEX
8
0
10
47.3636810573989
20
18.6050033104902
30
0
0
VERTEX
8
0
10
47.5585933251248
20
18.7159823958067
30
0
0
VERTEX
8
0
10
47.7535055928507
20
18.7688997503032
30
0
0
VERTEX
8
0
10
47.9484178605767
20
18.8607575736649
30
0
0
VERTEX
8
0
10
48.1433301283026
20
18.9707212979949
30
0
0
VERTEX
8
0
10
48.3382423960285
20
19.0247086917029
30
0
0
VERTEX
8
0
10
48.5331546637544
20
19.1160875544946
30
0
0
VERTEX
8
0
10
48.7280669314803
20
19.2250733391406
30
0
0
VERTEX
8
0
10
48.9229791992062
20
19.2800823984935
30
0
0
VERTEX
8
0
10
49.1178914669322
20
19.3710004174804
30
0
0
VERTEX
8
0
10
49.3128037346581
20
19.4790446112517
30
0
0
VERTEX
8
0
10
49.507716002384
20
19.5350303450542
30
0
0
VERTEX
8
0
10
49.7026282701099
20
19.6255055909391
30
0
0
VERTEX
8
0
10
49.8975405378358
20
19.7326436550494
30
0
0
VERTEX
8
0
10
50.0924528055617
20
19.7895643661369
30
0
0
VERTEX
8
0
10
50.2873650732877
20
19.8796149974065
30
0
0
VERTEX
8
0
10
50.4822773410136
20
19.9858816937874
30
0
0
VERTEX
8
0
10
50.6771896087395
20
20.043698915619
30
0
0
VERTEX
8
0
10
50.8721018764654
20
20.1333433214547
30
0
0
VERTEX
8
0
10
51.0670141441913
20
20.2387729074634
30
0
0
VERTEX
8
0
10
51.2619264119173
20
20.2974513669065
30
0
0
VERTEX
8
0
10
51.4568386796432
20
20.3867083223589
30
0
0
VERTEX
8
0
10
51.6517509473691
20
20.4913347555318
30
0
0
VERTEX
8
0
10
51.846663215095
20
20.5508423639992
30
0
0
VERTEX
8
0
10
52.0415754828209
20
20.6397312009869
30
0
0
VERTEX
8
0
10
52.2364877505469
20
20.743588357706
30
0
0
VERTEX
8
0
10
52.4314000182728
20
20.8038962337482
30
0
0
VERTEX
8
0
10
52.6263122859987
20
20.8924370323852
30
0
0
VERTEX
8
0
10
52.8212245537246
20
20.9955589455716
30
0
0
VERTEX
8
0
10
53.0161368214505
20
21.0566414729021
30
0
0
VERTEX
8
0
10
53.2110490891764
20
21.1448552786443
30
0
0
VERTEX
8
0
10
53.4059613569024
20
21.2472764007818
30
0
0
VERTEX
8
0
10
53.6008736246283
20
21.3091113274165
30
0
0
VERTEX
8
0
10
53.7957858923542
20
21.3970204010268
30
0
0
VERTEX
8
0
10
53.9906981600801
20
21.4987759001431
30
0
0
VERTEX
8
0
10
54.185610427806
20
21.5613444860463
30
0
0
VERTEX
8
0
10
54.3805226955319
20
21.6489725955311
30
0
0
VERTEX
8
0
10
54.5754349632579
20
21.7500986943113
30
0
0
VERTEX
8
0
10
54.7703472309838
20
21.8133859175747
30
0
0
VERTEX
8
0
10
54.9652594987097
20
21.9007586837616
30
0
0
VERTEX
8
0
10
55.1601717664356
20
22.0012930545963
30
0
0
VERTEX
8
0
10
55.3550840341615
20
22.065287889607
30
0
0
VERTEX
8
0
10
55.5499963018875
20
22.152433200883
30
0
0
VERTEX
8
0
10
55.7449085696134
20
22.2524154343186
30
0
0
VERTEX
8
0
10
55.9398208373393
20
22.3171112202694
30
0
0
VERTEX
8
0
10
56.1347331050652
20
22.404059737438
30
0
0
VERTEX
8
0
10
56.3296453727911
20
22.5035319070494
30
0
0
VERTEX
8
0
10
56.524557640517
20
22.5689268318052
30
0
0
VERTEX
8
0
10
56.719469908243
20
22.6557126114831
30
0
0
VERTEX
8
0
10
56.9143821759689
20
22.754719966932
30
0
0
VERTEX
8
0
10
57.1092944436948
20
22.8208177013059
30
0
0
VERTEX
8
0
10
57.3042067114207
20
22.9074789774025
30
0
0
VERTEX
8
0
10
57.4991189791466
20
23.0060708101007
30
0
0
VERTEX
8
0
10
57.6940312468725
20
23.0728813418638
30
0
0
VERTEX
8
0
10
57.8889435145985
20
23.1594615212008
30
0
0
VERTEX
8
0
10
58.0838557823244
20
23.2576922655866
30
0
0
VERTEX
8
0
10
58.2787680500503
20
23.3252330044772
30
0
0
VERTEX
8
0
10
58.4736803177762
20
23.4117819576914
30
0
0
VERTEX
8
0
10
58.6685925855021
20
23.509712620363
30
0
0
VERTEX
8
0
10
58.8635048532281
20
23.5780098790988
30
0
0
VERTEX
8
0
10
59.058417120954
20
23.6645856469244
30
0
0
VERTEX
8
0
10
59.2533293886799
20
23.7622857012459
30
0
0
VERTEX
8
0
10
59.4482416564058
20
23.8313767113994
30
0
0
VERTEX
8
0
10
59.6431539241317
20
23.918047809952
30
0
0
VERTEX
8
0
10
59.8380661918576
20
24.0155977685263
30
0
0
VERTEX
8
0
10
60.0329784595836
20
24.0855334787236
30
0
0
VERTEX
8
0
10
60.2278907273095
20
24.172382092619
30
0
0
VERTEX
8
0
10
60.4228029950354
20
24.2698770956285
30
0
0
VERTEX
8
0
10
60.6177152627613
20
24.3407261518042
30
0
0
VERTEX
8
0
10
60.8126275304872
20
24.4278526873753
30
0
0
VERTEX
8
0
10
61.0075397982132
20
24.5254076676811
30
0
0
VERTEX
8
0
10
61.2024520659391
20
24.5972622478032
30
0
0
VERTEX
8
0
10
61.397364333665
20
24.6847920538607
30
0
0
VERTEX
8
0
10
61.5922766013909
20
24.7825494532475
30
0
0
VERTEX
8
0
10
61.7871888691168
20
24.8555341465205
30
0
0
VERTEX
8
0
10
61.9821011368427
20
24.9436278580416
30
0
0
VERTEX
8
0
10
62.1770134045687
20
25.0417696883766
30
0
0
VERTEX
8
0
10
62.3719256722946
20
25.1160556569382
30
0
0
VERTEX
8
0
10
62.5668379400205
20
25.2049259657295
30
0
0
VERTEX
8
0
10
62.7617502077464
20
25.3036937595759
30
0
0
VERTEX
8
0
10
62.9566624754723
20
25.3795227294853
30
0
0
VERTEX
8
0
10
63.1515747431982
20
25.469463452691
30
0
0
VERTEX
8
0
10
63.3464870109242
20
25.5691937769301
30
0
0
VERTEX
8
0
10
63.5413992786501
20
25.6469220621161
30
0
0
VERTEX
8
0
10
63.736311546376
20
25.7383632237332
30
0
0
VERTEX
8
0
10
63.9312238141019
20
25.839557490455
30
0
0
VERTEX
8
0
10
64.1261360818278
20
25.9197461847773
30
0
0
VERTEX
8
0
10
64.3210483495537
20
26.0133721338545
30
0
0
VERTEX
8
0
10
64.5159606172797
20
26.1168541603167
30
0
0
VERTEX
8
0
10
64.7108728850056
20
26.2004842289158
30
0
0
VERTEX
8
0
10
64.9057851527315
20
26.2975316158753
30
0
0
VERTEX
8
0
10
65.1006974204574
20
26.4048649842585
30
0
0
VERTEX
8
0
10
65.2956096881833
20
26.4939183189484
30
0
0
VERTEX
8
0
10
65.4905219559093
20
26.5969313525878
30
0
0
VERTEX
8
0
10
65.6854342236352
20
26.7111793239344
30
0
0
VERTEX
8
0
10
65.8803464913611
20
26.8086162436094
30
0
0
VERTEX
8
0
10
66.075258759087
20
26.9185437312852
30
0
0
VERTEX
8
0
10
66.2701710268129
20
27.0355496762371
30
0
0
VERTEX
8
0
10
66.4650832945389
20
27.1304522385166
30
0
0
VERTEX
8
0
10
66.6599955622648
20
27.2318881877713
30
0
0
VERTEX
8
0
10
66.8549078299907
20
27.3375313121619
30
0
0
VERTEX
8
0
10
67.0498200977166
20
27.4218973753533
30
0
0
VERTEX
8
0
10
67.2447323654425
20
27.5135086063048
30
0
0
VERTEX
8
0
10
67.4396446331684
20
27.6104337063817
30
0
0
VERTEX
8
0
10
67.6345569008944
20
27.6879134856385
30
0
0
VERTEX
8
0
10
67.8294691686203
20
27.7730408363212
30
0
0
VERTEX
8
0
10
68.0243814363462
20
27.8639553721479
30
0
0
VERTEX
8
0
10
68.2192937040721
20
27.9366438728081
30
0
0
VERTEX
8
0
10
68.414205971798
20
28.0169709345628
30
0
0
VERTEX
8
0
10
68.609118239524
20
28.1032448468294
30
0
0
VERTEX
8
0
10
68.8040305072499
20
28.1722375317948
30
0
0
VERTEX
8
0
10
68.9989427749758
20
28.2487009701237
30
0
0
VERTEX
8
0
10
69.1938550427017
20
28.3311396912129
30
0
0
VERTEX
8
0
10
69.3887673104276
20
28.3971016347905
30
0
0
VERTEX
8
0
10
69.5836795781535
20
28.4702989808968
30
0
0
VERTEX
8
0
10
69.7785918458795
20
28.5494362979694
30
0
0
VERTEX
8
0
10
69.9735041136054
20
28.6128147041816
30
0
0
VERTEX
8
0
10
70.1684163813313
20
28.6831626911044
30
0
0
VERTEX
8
0
10
70.3633286490572
20
28.7593809394851
30
0
0
VERTEX
8
0
10
70.5582409167831
20
28.8204973749404
30
0
0
VERTEX
8
0
10
70.753153184509
20
28.8883045591784
30
0
0
VERTEX
8
0
10
70.948065452235
20
28.9618925742924
30
0
0
VERTEX
8
0
10
71.1429777199609
20
29.0209893688413
30
0
0
VERTEX
8
0
10
71.3378899876868
20
29.0864941794398
30
0
0
VERTEX
8
0
10
71.5328022554127
20
29.1576787696865
30
0
0
VERTEX
8
0
10
71.7277145231386
20
29.2149449727267
30
0
0
VERTEX
8
0
10
71.9226267908646
20
29.2783376399446
30
0
0
VERTEX
8
0
10
72.1175390585905
20
29.3473022120106
30
0
0
VERTEX
8
0
10
72.3124513263164
20
29.4028892814988
30
0
0
VERTEX
8
0
10
72.5073635940423
20
29.4643253993458
30
0
0
VERTEX
8
0
10
72.7022758617682
20
29.5312217153388
30
0
0
VERTEX
8
0
10
72.8971881294941
20
29.5852535763145
30
0
0
VERTEX
8
0
10
73.0921003972201
20
29.6448629598523
30
0
0
VERTEX
8
0
10
73.287012664946
20
29.7098189420842
30
0
0
VERTEX
8
0
10
73.4819249326719
20
29.762398741322
30
0
0
VERTEX
8
0
10
73.6768372003978
20
29.8202914670752
30
0
0
VERTEX
8
0
10
73.8717494681237
20
29.8834165927416
30
0
0
VERTEX
8
0
10
74.0666617358497
20
29.9346314077936
30
0
0
VERTEX
8
0
10
74.2615740035756
20
29.9909020811281
30
0
0
VERTEX
8
0
10
74.4564862713015
20
30.0522912369866
30
0
0
VERTEX
8
0
10
74.6513985390274
20
30.1022154622781
30
0
0
VERTEX
8
0
10
74.8463108067533
20
30.1569463217691
30
0
0
VERTEX
8
0
10
75.0412230744792
20
30.2166826359189
30
0
0
VERTEX
8
0
10
75.2361353422052
20
30.2653804813771
30
0
0
VERTEX
8
0
10
75.4310476099311
20
30.3186437139636
30
0
0
VERTEX
8
0
10
75.625959877657
20
30.3768006857703
30
0
0
VERTEX
8
0
10
75.8208721453829
20
30.4243280617959
30
0
0
VERTEX
8
0
10
76.0157844131088
20
30.4761875662168
30
0
0
VERTEX
8
0
10
76.2106966808347
20
30.5328307010347
30
0
0
VERTEX
8
0
10
76.4056089485607
20
30.5792366678479
30
0
0
VERTEX
8
0
10
76.6005212162866
20
30.6297494228031
30
0
0
VERTEX
8
0
10
76.7954334840125
20
30.6849375090301
30
0
0
VERTEX
8
0
10
76.9903457517384
20
30.7302654095424
30
0
0
VERTEX
8
0
10
77.1852580194643
20
30.7794825523106
30
0
0
VERTEX
8
0
10
77.3801702871903
20
30.8332686744591
30
0
0
VERTEX
8
0
10
77.5750825549162
20
30.8775570327342
30
0
0
VERTEX
8
0
10
77.7699948226421
20
30.9255247216596
30
0
0
VERTEX
8
0
10
77.964907090368
20
30.9779570750179
30
0
0
VERTEX
8
0
10
78.1598193580939
20
31.0212403181233
30
0
0
VERTEX
8
0
10
78.3547316258199
20
31.0680004309581
30
0
0
VERTEX
8
0
10
78.5496438935458
20
31.1191229848428
30
0
0
VERTEX
8
0
10
78.7445561612717
20
31.1614320293112
30
0
0
VERTEX
8
0
10
78.9394684289976
20
31.2070227351012
30
0
0
VERTEX
8
0
10
79.1343806967235
20
31.2568757786148
30
0
0
VERTEX
8
0
10
79.3292929644494
20
31.2982385119169
30
0
0
VERTEX
8
0
10
79.5242052321754
20
31.3426947439939
30
0
0
VERTEX
8
0
10
79.7191174999013
20
31.3913153395658
30
0
0
VERTEX
8
0
10
79.9140297676272
20
31.4317570190451
30
0
0
VERTEX
8
0
10
80.1089420353531
20
31.4751108698965
30
0
0
VERTEX
8
0
10
80.303854303079
20
31.522533233618
30
0
0
VERTEX
8
0
10
80.4987665708049
20
31.5620768197212
30
0
0
VERTEX
8
0
10
80.6936788385309
20
31.6043578733051
30
0
0
VERTEX
8
0
10
80.8885911062568
20
31.6506136963263
30
0
0
VERTEX
8
0
10
81.0835033739827
20
31.6892801332267
30
0
0
VERTEX
8
0
10
81.2784156417086
20
31.7305157468521
30
0
0
VERTEX
8
0
10
81.4733279094345
20
31.7756344691776
30
0
0
VERTEX
8
0
10
81.6682401771605
20
31.8134429225018
30
0
0
VERTEX
8
0
10
81.8631524448864
20
31.8536584674885
30
0
0
VERTEX
8
0
10
82.0580647126123
20
31.8976675125842
30
0
0
VERTEX
8
0
10
82.2529769803382
20
31.9346355723548
30
0
0
VERTEX
8
0
10
82.4478892480641
20
31.9738546409278
30
0
0
VERTEX
8
0
10
82.64280151579
20
32.0167796181668
30
0
0
VERTEX
8
0
10
82.837713783516
20
32.0529234728565
30
0
0
VERTEX
8
0
10
83.0326260512419
20
32.0911680569186
30
0
0
VERTEX
8
0
10
83.2275383189678
20
32.1330329372489
30
0
0
VERTEX
8
0
10
83.4224505866937
20
32.1683675239568
30
0
0
VERTEX
8
0
10
83.6173628544196
20
32.2056581705302
30
0
0
VERTEX
8
0
10
83.8122751221456
20
32.2464854396939
30
0
0
VERTEX
8
0
10
84.0071873898715
20
32.2810245743306
30
0
0
VERTEX
8
0
10
84.2020996575974
20
32.3173805213716
30
0
0
VERTEX
8
0
10
84.3970119253233
20
32.3571913141367
30
0
0
VERTEX
8
0
10
84.5919241930492
20
32.3909478049145
30
0
0
VERTEX
8
0
10
84.7868364607751
20
32.4263871003954
30
0
0
VERTEX
8
0
10
84.9817487285011
20
32.4652013189184
30
0
0
VERTEX
8
0
10
85.176660996227
20
32.4981870654742
30
0
0
VERTEX
8
0
10
85.3715732639529
20
32.532726672523
30
0
0
VERTEX
8
0
10
85.5664855316788
20
32.5705630908783
30
0
0
VERTEX
8
0
10
85.7613977994047
20
32.6027891714784
30
0
0
VERTEX
8
0
10
85.9563100671306
20
32.6364450612755
30
0
0
VERTEX
8
0
10
86.1512223348566
20
32.673321418441
30
0
0
VERTEX
8
0
10
86.3461346025825
20
32.7047981667787
30
0
0
VERTEX
8
0
10
86.5410468703084
20
32.737585401217
30
0
0
VERTEX
8
0
10
86.7359591380343
20
32.7735184837621
30
0
0
VERTEX
8
0
10
86.9308714057602
20
32.8042555569546
30
0
0
VERTEX
8
0
10
87.1257836734862
20
32.8361883622999
30
0
0
VERTEX
8
0
10
87.3206959412121
20
32.8711940785149
30
0
0
VERTEX
8
0
10
87.515608208938
20
32.901200517466
30
0
0
VERTEX
8
0
10
87.7105204766639
20
32.9322923502595
30
0
0
VERTEX
8
0
10
87.9054327443898
20
32.9663857966227
30
0
0
VERTEX
8
0
10
88.1003450121157
20
32.9956700797033
30
0
0
VERTEX
8
0
10
88.2952572798417
20
33.0259336859345
30
0
0
VERTEX
8
0
10
88.4901695475676
20
33.0591292069481
30
0
0
VERTEX
8
0
10
88.6850818152935
20
33.087699298053
30
0
0
VERTEX
8
0
10
88.8799940830194
20
33.1171467664193
30
0
0
VERTEX
8
0
10
89.0749063507453
20
33.1494580086607
30
0
0
VERTEX
8
0
10
89.2698186184712
20
33.1773214001493
30
0
0
VERTEX
8
0
10
89.4647308861972
20
33.2059642101522
30
0
0
VERTEX
8
0
10
89.6596431539231
20
33.2374041712097
30
0
0
VERTEX
8
0
10
89.854555421649
20
33.264567922538
30
0
0
VERTEX
8
0
10
90.0494676893749
20
33.2924169880272
30
0
0
VERTEX
8
0
10
90.2443799571008
20
33.3229980609476
30
0
0
VERTEX
8
0
10
90.4392922248268
20
33.3494688333915
30
0
0
VERTEX
8
0
10
90.6342044925527
20
33.3765345420786
30
0
0
VERTEX
8
0
10
90.8291167602786
20
33.4062685558133
30
0
0
VERTEX
8
0
10
91.0240290280045
20
33.4320526438496
30
0
0
VERTEX
8
0
10
91.2189412957304
20
33.4583448932713
30
0
0
VERTEX
8
0
10
91.4138535634563
20
33.4872431495712
30
0
0
VERTEX
8
0
10
91.6087658311823
20
33.512346509252
30
0
0
VERTEX
8
0
10
91.8036780989082
20
33.5378747395619
30
0
0
VERTEX
8
0
10
91.9985903666341
20
33.5659480467575
30
0
0
VERTEX
8
0
10
92.19350263436
20
33.5903763214051
30
0
0
VERTEX
8
0
10
92.3884149020859
20
33.6151495453531
30
0
0
VERTEX
8
0
10
92.5833271698119
20
33.6424082492797
30
0
0
VERTEX
8
0
10
92.7782394375378
20
33.6661667928623
30
0
0
VERTEX
8
0
10
92.9731517052637
20
33.6901936232535
30
0
0
VERTEX
8
0
10
93.1680639729896
20
33.7166476356817
30
0
0
VERTEX
8
0
10
93.3629762407155
20
33.7397415340693
30
0
0
VERTEX
8
0
10
93.5578885084415
20
33.7630302089698
30
0
0
VERTEX
8
0
10
93.7528007761674
20
33.7886890337557
30
0
0
VERTEX
8
0
10
93.9477130438933
20
33.8111231241161
30
0
0
VERTEX
8
0
10
94.1426253116192
20
33.8336815300222
30
0
0
VERTEX
8
0
10
94.3375375793451
20
33.8585542872207
30
0
0
VERTEX
8
0
10
94.532449847071
20
33.8803331757606
30
0
0
VERTEX
8
0
10
94.7273621147969
20
33.9021688689607
30
0
0
VERTEX
8
0
10
94.9222743825229
20
33.9262643171321
30
0
0
VERTEX
8
0
10
95.1171866502488
20
33.9473923952729
30
0
0
VERTEX
8
0
10
95.3120989179747
20
33.968512621575
30
0
0
VERTEX
8
0
10
95.5070111857006
20
33.9918391783775
30
0
0
VERTEX
8
0
10
95.7019234534265
20
34.012320637672
30
0
0
VERTEX
8
0
10
95.8968357211525
20
34.0327323506064
30
0
0
VERTEX
8
0
10
96.0917479888784
20
34.0552981119502
30
0
0
VERTEX
8
0
10
96.2866602566043
20
34.0751369577235
30
0
0
VERTEX
8
0
10
96.4815725243302
20
34.0948468354611
30
0
0
VERTEX
8
0
10
96.6764847920561
20
34.1166595932144
30
0
0
VERTEX
8
0
10
96.8713970597821
20
34.1358596571654
30
0
0
VERTEX
8
0
10
97.066309327508
20
34.1548741181671
30
0
0
VERTEX
8
0
10
97.2612215952339
20
34.1759413767196
30
0
0
VERTEX
8
0
10
97.4561338629598
20
34.1945063284706
30
0
0
VERTEX
8
0
10
97.6510461306857
20
34.2128315460238
30
0
0
VERTEX
8
0
10
97.8459583984116
20
34.2331605376552
30
0
0
VERTEX
8
0
10
98.0408706661376
20
34.2510938954653
30
0
0
VERTEX
8
0
10
98.2357829338635
20
34.2687358112867
30
0
0
VERTEX
8
0
10
98.4306952015894
20
34.2883335104998
30
0
0
VERTEX
8
0
10
98.6256074693153
20
34.3056386511681
30
0
0
VERTEX
8
0
10
98.8205197370412
20
34.3226029879901
30
0
0
VERTEX
8
0
10
99.0154320047671
20
34.3414761249413
30
0
0
VERTEX
8
0
10
99.2103442724931
20
34.3581562929469
30
0
0
VERTEX
8
0
10
99.405256540219
20
34.3744485663231
30
0
0
VERTEX
8
0
10
99.6001688079449
20
34.3926036393547
30
0
0
VERTEX
8
0
10
99.7950810756708
20
34.4086619553561
30
0
0
VERTEX
8
0
10
99.9899933433967
20
34.4242874846886
30
0
0
VERTEX
8
0
10
100.184905611123
20
34.4417307721148
30
0
0
VERTEX
8
0
10
100.379817878849
20
34.4571702408334
30
0
0
VERTEX
8
0
10
100.574730146574
20
34.472134159678
30
0
0
VERTEX
8
0
10
100.7696424143
20
34.4888717307853
30
0
0
VERTEX
8
0
10
100.964554682026
20
34.5036952483605
30
0
0
VERTEX
8
0
10
101.159466949752
20
34.5180025141203
30
0
0
VERTEX
8
0
10
101.354379217478
20
34.5340402395325
30
0
0
VERTEX
8
0
10
101.549291485204
20
34.5482506003369
30
0
0
VERTEX
8
0
10
101.74420375293
20
34.5619060033184
30
0
0
VERTEX
8
0
10
101.939116020656
20
34.5772495647758
30
0
0
VERTEX
8
0
10
102.134028288382
20
34.5908494678176
30
0
0
VERTEX
8
0
10
102.328940556108
20
34.6038576397823
30
0
0
VERTEX
8
0
10
102.523852823834
20
34.618512539308
30
0
0
VERTEX
8
0
10
102.71876509156
20
34.6315045941738
30
0
0
VERTEX
8
0
10
102.913677359286
20
34.6438700163689
30
0
0
VERTEX
8
0
10
103.108589627011
20
34.6578415849391
30
0
0
VERTEX
8
0
10
103.303501894737
20
34.6702283173806
30
0
0
VERTEX
8
0
10
103.498414162463
20
34.6819553281203
30
0
0
VERTEX
8
0
10
103.693326430189
20
34.6952487338382
30
0
0
VERTEX
8
0
10
103.888238697915
20
34.7070325910163
30
0
0
VERTEX
8
0
10
104.083150965641
20
34.7181253928135
30
0
0
VERTEX
8
0
10
104.278063233367
20
34.7307456486658
30
0
0
VERTEX
8
0
10
104.472975501093
20
34.7419290040323
30
0
0
VERTEX
8
0
10
104.667887768819
20
34.752391670388
30
0
0
VERTEX
8
0
10
104.862800036545
20
34.7643436415425
30
0
0
VERTEX
8
0
10
105.057712304271
20
34.7749287994903
30
0
0
VERTEX
8
0
10
105.252624571997
20
34.7847652812419
30
0
0
VERTEX
8
0
10
105.447536839722
20
34.7960536920322
30
0
0
VERTEX
8
0
10
105.642449107448
20
34.8060428922291
30
0
0
VERTEX
8
0
10
105.837361375174
20
34.8152570236406
30
0
0
VERTEX
8
0
10
106.0322736429
20
34.8258864641292
30
0
0
VERTEX
8
0
10
106.227185910626
20
34.8352818856226
30
0
0
VERTEX
8
0
10
106.422098178352
20
34.8438773901178
30
0
0
VERTEX
8
0
10
106.617010446078
20
34.853852322382
30
0
0
VERTEX
8
0
10
106.811922713804
20
34.8626560874818
30
0
0
VERTEX
8
0
10
107.00683498153
20
34.8706365831187
30
0
0
VERTEX
8
0
10
107.201747249256
20
34.8799613472012
30
0
0
VERTEX
8
0
10
107.396659516982
20
34.8881755251555
30
0
0
VERTEX
8
0
10
107.591571784708
20
34.895544529805
30
0
0
VERTEX
8
0
10
107.786484052433
20
34.9042233494047
30
0
0
VERTEX
8
0
10
107.981396320159
20
34.9118499598795
30
0
0
VERTEX
8
0
10
108.176308587885
20
34.9186108961939
30
0
0
VERTEX
8
0
10
108.371220855611
20
34.9266478840873
30
0
0
VERTEX
8
0
10
108.566133123337
20
34.9336889004768
30
0
0
VERTEX
8
0
10
108.761045391063
20
34.9398451006016
30
0
0
VERTEX
8
0
10
108.955957658789
20
34.9472442638202
30
0
0
VERTEX
8
0
10
109.150869926515
20
34.953701616401
30
0
0
VERTEX
8
0
10
109.345782194241
20
34.9592563264913
30
0
0
VERTEX
8
0
10
109.540694461967
20
34.9660215712806
30
0
0
VERTEX
8
0
10
109.735606729693
20
34.9718971502203
30
0
0
VERTEX
8
0
10
109.930518997419
20
34.9768535347613
30
0
0
VERTEX
8
0
10
110.125431265144
20
34.9829886713198
30
0
0
VERTEX
8
0
10
110.32034353287
20
34.9882843295468
30
0
0
VERTEX
8
0
10
110.515255800596
20
34.9926454754837
30
0
0
VERTEX
8
0
10
110.710168068322
20
34.9981542225278
30
0
0
VERTEX
8
0
10
110.905080336048
20
35.0028717784863
30
0
0
VERTEX
8
0
10
111.099992603774
20
35.0066406992016
30
0
0
VERTEX
8
0
10
111.2949048715
20
35.0115266883357
30
0
0
VERTEX
8
0
10
111.489817139226
20
35.0156679286208
30
0
0
VERTEX
8
0
10
111.684729406952
20
35.0188475677548
30
0
0
VERTEX
8
0
10
111.879641674678
20
35.023114347666
30
0
0
VERTEX
8
0
10
112.074553942404
20
35.0266810295843
30
0
0
VERTEX
8
0
10
112.26946621013
20
35.0292742646936
30
0
0
VERTEX
8
0
10
112.464378477855
20
35.0329253052236
30
0
0
VERTEX
8
0
10
112.659290745581
20
35.0359191592161
30
0
0
VERTEX
8
0
10
112.854203013307
20
35.0379288053352
30
0
0
VERTEX
8
0
10
113.049115281033
20
35.0409675013734
30
0
0
VERTEX
8
0
10
113.244027548759
20
35.0433902334103
30
0
0
VERTEX
8
0
10
113.438939816485
20
35.0448190464608
30
0
0
VERTEX
8
0
10
113.633852084211
20
35.0472487217336
30
0
0
VERTEX
8
0
10
113.828764351937
20
35.0491020155884
30
0
0
VERTEX
8
0
10
114.023676619663
20
35.0499526956882
30
0
0
VERTEX
8
0
10
114.218588887389
20
35.0517766064126
30
0
0
VERTEX
8
0
10
114.413501155115
20
35.0530621258985
30
0
0
VERTEX
8
0
10
114.608413422841
20
35.0533373205773
30
0
0
VERTEX
8
0
10
114.803325690566
20
35.0545586589976
30
0
0
VERTEX
8
0
10
114.998237958292
20
35.0552780501326
30
0
0
VERTEX
8
0
10
115.193150226018
20
35.0549803574349
30
0
0
VERTEX
8
0
10
115.388062493744
20
35.0556022552738
30
0
0
VERTEX
8
0
10
115.58297476147
20
35.0557571483971
30
0
0
VERTEX
8
0
10
115.777887029196
20
35.0548891199213
30
0
0
VERTEX
8
0
10
115.972799296922
20
35.0549146517121
30
0
0
VERTEX
8
0
10
116.167711564648
20
35.0545066635467
30
0
0
VERTEX
8
0
10
116.362623832374
20
35.0530708073918
30
0
0
VERTEX
8
0
10
116.5575361001
20
35.0525029937482
30
0
0
VERTEX
8
0
10
116.752448367826
20
35.0515337294401
30
0
0
VERTEX
8
0
10
116.947360635552
20
35.0495325130801
30
0
0
VERTEX
8
0
10
117.142272903278
20
35.0483743238703
30
0
0
VERTEX
8
0
10
117.337185171003
20
35.0468453789705
30
0
0
VERTEX
8
0
10
117.532097438729
20
35.0442812320792
30
0
0
VERTEX
8
0
10
117.727009706455
20
35.0425355895358
30
0
0
VERTEX
8
0
10
117.921921974181
20
35.0404485519774
30
0
0
VERTEX
8
0
10
118.116834241907
20
35.0373238691867
30
0
0
VERTEX
8
0
10
118.311746509633
20
35.0349936509455
30
0
0
VERTEX
8
0
10
118.506658777359
20
35.0323501029827
30
0
0
VERTEX
8
0
10
118.701571045085
20
35.0286672465821
30
0
0
VERTEX
8
0
10
118.896483312811
20
35.02575528868
30
0
0
VERTEX
8
0
10
119.091395580537
20
35.0225568088102
30
0
0
VERTEX
8
0
10
119.286307848263
20
35.0183181114361
30
0
0
VERTEX
8
0
10
119.481220115989
20
35.014827211233
30
0
0
VERTEX
8
0
10
119.676132383714
20
35.0110753761132
30
0
0
VERTEX
8
0
10
119.87104465144
20
35.0062831433553
30
0
0
VERTEX
8
0
10
120.065956919166
20
35.00221606243
30
0
0
VERTEX
8
0
10
120.260869186892
20
34.997912448781
30
0
0
VERTEX
8
0
10
120.455781454618
20
34.9925689617899
30
0
0
VERTEX
8
0
10
120.650693722344
20
34.9879284287934
30
0
0
VERTEX
8
0
10
120.84560599007
20
34.9830746152978
30
0
0
VERTEX
8
0
10
121.040518257796
20
34.9771821333576
30
0
0
VERTEX
8
0
10
121.235430525522
20
34.9719708468299
30
0
0
VERTEX
8
0
10
121.430342793248
20
34.9665684160409
30
0
0
VERTEX
8
0
10
121.625255060974
20
34.9601291791111
30
0
0
VERTEX
8
0
10
121.8201673287
20
34.9543498102786
30
0
0
VERTEX
8
0
10
122.015079596425
20
34.9484003505223
30
0
0
VERTEX
8
0
10
122.209991864151
20
34.9414165817859
30
0
0
VERTEX
8
0
10
122.404904131877
20
34.9350717773197
30
0
0
VERTEX
8
0
10
122.599816399603
20
34.9285768846249
30
0
0
VERTEX
8
0
10
122.794728667329
20
34.9210507929955
30
0
0
VERTEX
8
0
10
122.989640935055
20
34.9141431777899
30
0
0
VERTEX
8
0
10
123.184553202781
20
34.9071044578132
30
0
0
VERTEX
8
0
10
123.379465470507
20
34.8990382404731
30
0
0
VERTEX
8
0
10
123.574377738233
20
34.8915704203732
30
0
0
VERTEX
8
0
10
123.769290005959
20
34.8839894903628
30
0
0
VERTEX
8
0
10
123.964202273685
20
34.8753853352735
30
0
0
VERTEX
8
0
10
124.159114541411
20
34.8673598998308
30
0
0
VERTEX
8
0
10
124.354026809136
20
34.8592383906003
30
0
0
VERTEX
8
0
10
124.548939076862
20
34.850098479041
30
0
0
VERTEX
8
0
10
124.743851344588
20
34.8415180042487
30
0
0
VERTEX
8
0
10
124.938763612314
20
34.8328575621927
30
0
0
VERTEX
8
0
10
125.13367588004
20
34.8231840712836
30
0
0
VERTEX
8
0
10
125.328588147766
20
34.8140511223352
30
0
0
VERTEX
8
0
10
125.523500415492
20
34.804853411462
30
0
0
VERTEX
8
0
10
125.718412683218
20
34.7946485167448
30
0
0
VERTEX
8
0
10
125.913324950944
20
34.7849656507925
30
0
0
VERTEX
8
0
10
126.10823721867
20
34.7752323548169
30
0
0
VERTEX
8
0
10
126.303149486396
20
34.7644982328043
30
0
0
VERTEX
8
0
10
126.498061754122
20
34.7542680017438
30
0
0
VERTEX
8
0
10
126.692974021847
20
34.7440008262033
30
0
0
VERTEX
8
0
10
126.887886289573
20
34.7327396570088
30
0
0
VERTEX
8
0
10
127.082798557299
20
34.7219646102843
30
0
0
VERTEX
8
0
10
127.277710825025
20
34.7111652847103
30
0
0
VERTEX
8
0
10
127.472623092751
20
34.699379254673
30
0
0
VERTEX
8
0
10
127.667535360477
20
34.6880619421076
30
0
0
VERTEX
8
0
10
127.862447628203
20
34.6767322222573
30
0
0
VERTEX
8
0
10
128.057359895929
20
34.6644235266226
30
0
0
VERTEX
8
0
10
128.252272163655
20
34.6525665012907
30
0
0
VERTEX
8
0
10
128.447184431381
20
34.6407081714198
30
0
0
VERTEX
8
0
10
128.642096699107
20
34.6278790170505
30
0
0
VERTEX
8
0
10
128.837008966833
20
34.6154848381976
30
0
0
VERTEX
8
0
10
129.031921234558
20
34.6030997134146
30
0
0
VERTEX
8
0
10
129.226833502284
20
34.5897523215773
30
0
0
VERTEX
8
0
10
129.42174577001
20
34.5768235575601
30
0
0
VERTEX
8
0
10
129.616658037736
20
34.5639134862291
30
0
0
VERTEX
8
0
10
129.811570305462
20
34.5500500954121
30
0
0
VERTEX
8
0
10
130.006482573188
20
34.5365893267179
30
0
0
VERTEX
8
0
10
130.201394840914
20
34.5231561929627
30
0
0
VERTEX
8
0
10
130.39630710864
20
34.5087790617537
30
0
0
VERTEX
8
0
10
130.591219376366
20
34.4947888840701
30
0
0
VERTEX
8
0
10
130.786131644092
20
34.4808346103283
30
0
0
VERTEX
8
0
10
130.981043911818
20
34.4659460203873
30
0
0
VERTEX
8
0
10
131.175956179544
20
34.4514290477325
30
0
0
VERTEX
8
0
10
131.37086844727
20
34.4369555974139
30
0
0
VERTEX
8
0
10
131.565780714995
20
34.4215578564923
30
0
0
VERTEX
8
0
10
131.760692982721
20
34.4065167244362
30
0
0
VERTEX
8
0
10
131.955605250447
20
34.3915261046675
30
0
0
VERTEX
8
0
10
132.150517518173
20
34.3756215497138
30
0
0
VERTEX
8
0
10
132.345429785899
20
34.3600589186548
30
0
0
VERTEX
8
0
10
132.540342053625
20
34.3445531831299
30
0
0
VERTEX
8
0
10
132.735254321351
20
34.3281441835101
30
0
0
VERTEX
8
0
10
132.930166589077
20
34.3120627420526
30
0
0
VERTEX
8
0
10
133.125078856803
20
34.296043993976
30
0
0
VERTEX
8
0
10
133.319991124529
20
34.2791329547459
30
0
0
VERTEX
8
0
10
133.514903392255
20
34.2625354231709
30
0
0
VERTEX
8
0
10
133.709815659981
20
34.2460058183316
30
0
0
VERTEX
8
0
10
133.904727927706
20
34.2285951836517
30
0
0
VERTEX
8
0
10
134.099640195432
20
34.2114843174947
30
0
0
VERTEX
8
0
10
134.294552463158
20
34.194446067441
30
0
0
VERTEX
8
0
10
134.489464730884
20
34.1765383240784
30
0
0
VERTEX
8
0
10
134.68437699861
20
34.1589169178106
30
0
0
VERTEX
8
0
10
134.879289266336
20
34.1413722931692
30
0
0
VERTEX
8
0
10
135.074201534062
20
34.1229699741375
30
0
0
VERTEX
8
0
10
135.269113801788
20
34.1048408649633
30
0
0
VERTEX
8
0
10
135.464026069514
20
34.0867921988932
30
0
0
VERTEX
8
0
10
135.65893833724
20
34.067897887206
30
0
0
VERTEX
8
0
10
135.853850604966
20
34.0492639590098
30
0
0
VERTEX
8
0
10
136.048762872692
20
34.0307136507946
30
0
0
VERTEX
8
0
10
136.243675140417
20
34.0113299833724
30
0
0
VERTEX
8
0
10
136.438587408143
20
33.9921941707784
30
0
0
VERTEX
8
0
10
136.633499675869
20
33.9731446895877
30
0
0
VERTEX
8
0
10
136.828411943595
20
33.9532743612965
30
0
0
VERTEX
8
0
10
137.023324211321
20
33.9336396539015
30
0
0
VERTEX
8
0
10
137.218236479047
20
33.9140935426989
30
0
0
VERTEX
8
0
10
137.413148746773
20
33.8937393105706
30
0
0
VERTEX
8
0
10
137.608061014499
20
33.873608757322
30
0
0
VERTEX
8
0
10
137.802973282225
20
33.8535686369754
30
0
0
VERTEX
8
0
10
137.997885549951
20
33.8327333245747
30
0
0
VERTEX
8
0
10
138.192797817677
20
33.8121100383244
30
0
0
VERTEX
8
0
10
138.387710085403
20
33.7915786118862
30
0
0
VERTEX
8
0
10
138.582622353128
20
33.7702651138803
30
0
0
VERTEX
8
0
10
138.777534620854
20
33.7491522761219
30
0
0
VERTEX
8
0
10
138.97244688858
20
33.7281323333164
30
0
0
VERTEX
8
0
10
139.167359156306
20
33.7063436202249
30
0
0
VERTEX
8
0
10
139.362271424032
20
33.6847444860367
30
0
0
VERTEX
8
0
10
139.557183691758
20
33.6632389079617
30
0
0
VERTEX
8
0
10
139.752095959484
20
33.6409780311291
30
0
0
VERTEX
8
0
10
139.94700822721
20
33.6188959343147
30
0
0
VERTEX
8
0
10
140.141920494936
20
33.596907698369
30
0
0
VERTEX
8
0
10
140.336832762662
20
33.5741777951521
30
0
0
VERTEX
8
0
10
140.531745030388
20
33.5516161536164
30
0
0
VERTEX
8
0
10
140.726657298114
20
33.529148338671
30
0
0
VERTEX
8
0
10
140.921569565839
20
33.5059526378624
30
0
0
VERTEX
8
0
10
141.116481833565
20
33.4829149592298
30
0
0
VERTEX
8
0
10
141.311394101291
20
33.4599707510608
30
0
0
VERTEX
8
0
10
141.506306369017
20
33.4363125785773
30
0
0
VERTEX
8
0
10
141.701218636743
20
33.4128024660624
30
0
0
VERTEX
8
0
10
141.896130904469
20
33.3893851630564
30
0
0
VERTEX
8
0
10
142.091043172195
20
33.3652679478947
30
0
0
VERTEX
8
0
10
142.285955439921
20
33.3412891064607
30
0
0
VERTEX
8
0
10
142.480867707647
20
33.3174021256131
30
0
0
VERTEX
8
0
10
142.675779975373
20
33.2928294061001
30
0
0
VERTEX
8
0
10
142.870692243099
20
33.268385648901
30
0
0
VERTEX
8
0
10
143.065604510825
20
33.2440325321397
30
0
0
VERTEX
8
0
10
143.260516778551
20
33.2190079624897
30
0
0
VERTEX
8
0
10
143.455429046276
20
33.1941032176458
30
0
0
VERTEX
8
0
10
143.650341314002
20
33.1692876384691
30
0
0
VERTEX
8
0
10
143.845253581728
20
33.1438149956917
30
0
0
VERTEX
8
0
10
144.040165849454
20
33.1184533133941
30
0
0
VERTEX
8
0
10
144.23507811718
20
33.0931790838972
30
0
0
VERTEX
8
0
10
144.429990384906
20
33.0672622750392
30
0
0
VERTEX
8
0
10
144.624902652632
20
33.0414478350265
30
0
0
VERTEX
8
0
10
144.819814920358
20
33.0157189132833
30
0
0
VERTEX
8
0
10
145.014727188084
20
32.9893619830802
30
0
0
VERTEX
8
0
10
145.20963945581
20
32.9630991025035
30
0
0
VERTEX
8
0
10
145.404551723536
20
32.9369196003794
30
0
0
VERTEX
8
0
10
145.599463991262
20
32.9101267393026
30
0
0
VERTEX
8
0
10
145.794376258987
20
32.883419881012
30
0
0
VERTEX
8
0
10
145.989288526713
20
32.8567940724079
30
0
0
VERTEX
8
0
10
146.184200794439
20
32.8295696251649
30
0
0
VERTEX
8
0
10
146.379113062165
20
32.8024234064505
30
0
0
VERTEX
8
0
10
146.574025329891
20
32.7753557360208
30
0
0
VERTEX
8
0
10
146.768937597617
20
32.7477042105229
30
0
0
VERTEX
8
0
10
146.963849865343
20
32.7201234123387
30
0
0
VERTEX
8
0
10
147.158762133069
20
32.6926185047175
30
0
0
VERTEX
8
0
10
147.353674400795
20
32.6645445815654
30
0
0
VERTEX
8
0
10
147.548586668521
20
32.6365341582775
30
0
0
VERTEX
8
0
10
147.743498936247
20
32.6085968278496
30
0
0
VERTEX
8
0
10
147.938411203973
20
32.5801053703628
30
0
0
VERTEX
8
0
10
148.133323471698
20
32.5516704600589
30
0
0
VERTEX
8
0
10
148.328235739424
20
32.5233057213145
30
0
0
VERTEX
8
0
10
148.52314800715
20
32.4944017861622
30
0
0
VERTEX
8
0
10
148.718060274876
20
32.4655477215686
30
0
0
VERTEX
8
0
10
148.912972542602
20
32.4367608000928
30
0
0
VERTEX
8
0
10
149.107884810328
20
32.4074496485547
30
0
0
VERTEX
8
0
10
149.302797078054
20
32.3781819686112
30
0
0
VERTEX
8
0
10
149.49770934578
20
32.3489783127499
30
0
0
VERTEX
8
0
10
149.692621613506
20
32.3192654226763
30
0
0
VERTEX
8
0
10
149.887533881232
20
32.2895898848119
30
0
0
VERTEX
8
0
10
150.082446148958
20
32.2599751780773
30
0
0
VERTEX
8
0
10
150.277358416684
20
32.2298662565916
30
0
0
VERTEX
8
0
10
150.472270684409
20
32.1997888497725
30
0
0
VERTEX
8
0
10
150.667182952135
20
32.1697690240431
30
0
0
VERTEX
8
0
10
150.862095219861
20
32.1392700210493
30
0
0
VERTEX
8
0
10
151.057007487587
20
32.1087969796532
30
0
0
VERTEX
8
0
10
151.251919755313
20
32.0783782292289
30
0
0
VERTEX
8
0
10
151.446832023039
20
32.0474953518081
30
0
0
VERTEX
8
0
10
151.641744290765
20
32.0166331704016
30
0
0
VERTEX
8
0
10
151.836656558491
20
31.9858219670023
30
0
0
VERTEX
8
0
10
152.031568826217
20
31.9545616947501
30
0
0
VERTEX
8
0
10
152.226481093943
20
31.9233171438436
30
0
0
VERTEX
8
0
10
152.421393361669
20
31.8921202526188
30
0
0
VERTEX
8
0
10
152.616305629395
20
31.860489354027
30
0
0
VERTEX
8
0
10
152.81121789712
20
31.8288694968966
30
0
0
VERTEX
8
0
10
153.006130164846
20
31.7972939935399
30
0
0
VERTEX
8
0
10
153.201042432572
20
31.7652995435064
30
0
0
VERTEX
8
0
10
153.395954700298
20
31.7333117541831
30
0
0
VERTEX
8
0
10
153.590866968024
20
31.7013650432576
30
0
0
VERTEX
8
0
10
153.78577923575
20
31.6690144418365
30
0
0
VERTEX
8
0
10
153.980691503476
20
31.6366664243605
30
0
0
VERTEX
8
0
10
154.175603771202
20
31.6043562589429
30
0
0
VERTEX
8
0
10
154.370516038928
20
31.5716572514425
30
0
0
VERTEX
8
0
10
154.565428306654
20
31.5389570605218
30
0
0
VERTEX
8
0
10
154.76034057438
20
31.5062915632935
30
0
0
VERTEX
8
0
10
154.955252842106
20
31.4732522618628
30
0
0
VERTEX
8
0
10
155.150165109832
20
31.4402083250609
30
0
0
VERTEX
8
0
10
155.345077377557
20
31.4071960109887
30
0
0
SEQEND
8
0
0
POLYLINE
8
0
62
3
70
0
10
0
20
0
30
0
0
VERTEX
8
0
10
3.31350855134067
20
0
30
0
0
VERTEX
8
0
10
3.5084208190666
20
0.355223616499187
30
0
0
VERTEX
8
0
10
3.70333308679252
20
2.7665933300475
30
0
0
VERTEX
8
0
10
3.89824535451844
20
0
30
0
0
VERTEX
8
0
10
4.09315762224436
20
0.669858090085577
30
0
0
VERTEX
8
0
10
4.28806988997029
20
2.91868699989897
30
0
0
VERTEX
8
0
10
4.48298215769621
20
0
30
0
0
VERTEX
8
0
10
4.67789442542213
20
0.932192678141736
30
0
0
VERTEX
8
0
10
4.87280669314805
20
3.0533257446951
30
0
0
VERTEX
8
0
10
5.06771896087397
20
0
30
0
0
VERTEX
8
0
10
5.2626312285999
20
1.18349395918507
30
0
0
VERTEX
8
0
10
5.45754349632582
20
3.16865171882584
30
0
0
VERTEX
8
0
10
5.65245576405174
20
0
30
0
0
VERTEX
8
0
10
5.84736803177766
20
1.43396615052486
30
0
0
VERTEX
8
0
10
6.04228029950359
20
3.27145113711903
30
0
0
VERTEX
8
0
10
6.23719256722951
20
0
30
0
0
VERTEX
8
0
10
6.43210483495543
20
1.68708352070462
30
0
0
VERTEX
8
0
10
6.62701710268135
20
3.37059885862257
30
0
0
VERTEX
8
0
10
6.82192937040727
20
0
30
0
0
VERTEX
8
0
10
7.0168416381332
20
1.94399748857428
30
0
0
VERTEX
8
0
10
7.21175390585912
20
3.47406704761857
30
0
0
VERTEX
8
0
10
7.40666617358504
20
0.34658067474524
30
0
0
VERTEX
8
0
10
7.60157844131096
20
2.20494844178279
30
0
0
VERTEX
8
0
10
7.79649070903688
20
3.58782027276185
30
0
0
VERTEX
8
0
10
7.99140297676281
20
1.23379320490442
30
0
0
VERTEX
8
0
10
8.18631524448873
20
2.46981725010857
30
0
0
VERTEX
8
0
10
8.38122751221465
20
3.7156563862806
30
0
0
VERTEX
8
0
10
8.57613977994057
20
1.76139274085437
30
0
0
VERTEX
8
0
10
8.7710520476665
20
2.73835627132862
30
0
0
VERTEX
8
0
10
8.96596431539242
20
3.85949125862404
30
0
0
VERTEX
8
0
10
9.16087658311834
20
2.20217875530204
30
0
0
VERTEX
8
0
10
9.35578885084426
20
3.01028668873024
30
0
0
VERTEX
8
0
10
9.55070111857018
20
4.01980898459704
30
0
0
VERTEX
8
0
10
9.74561338629611
20
2.59948954772602
30
0
0
VERTEX
8
0
10
9.94052565402203
20
3.28533760883947
30
0
0
VERTEX
8
0
10
10.135437921748
20
4.19612171269949
30
0
0
VERTEX
8
0
10
10.3303501894739
20
2.97042809053641
30
0
0
VERTEX
8
0
10
10.5252624571998
20
3.56325967973451
30
0
0
VERTEX
8
0
10
10.7201747249257
20
4.38736046395587
30
0
0
VERTEX
8
0
10
10.9150869926516
20
3.32387879024851
30
0
0
VERTEX
8
0
10
11.1099992603776
20
3.84382789486413
30
0
0
VERTEX
8
0
10
11.3049115281035
20
4.59216919343913
30
0
0
VERTEX
8
0
10
11.4998237958294
20
3.66516711202546
30
0
0
VERTEX
8
0
10
11.6947360635553
20
4.12684016807365
30
0
0
VERTEX
8
0
10
11.8896483312813
20
4.80910482592393
30
0
0
VERTEX
8
0
10
12.0845605990072
20
3.99776495812545
30
0
0
VERTEX
8
0
10
12.2794728667331
20
4.41211457538501
30
0
0
VERTEX
8
0
10
12.474385134459
20
5.0367604300951
30
0
0
VERTEX
8
0
10
12.6692974021849
20
4.32405667762983
30
0
0
VERTEX
8
0
10
12.8642096699109
20
4.69948646487654
30
0
0
VERTEX
8
0
10
13.0591219376368
20
5.27383235214923
30
0
0
VERTEX
8
0
10
13.2540342053627
20
4.64573543259279
30
0
0
VERTEX
8
0
10
13.4489464730886
20
4.98880587542955
30
0
0
VERTEX
8
0
10
13.6438587408145
20
5.51915000744966
30
0
0
VERTEX
8
0
10
13.8387710085405
20
4.96403056696821
30
0
0
VERTEX
8
0
10
14.0336832762664
20
5.27993537413683
30
0
0
VERTEX
8
0
10
14.2285955439923
20
5.77168276762062
30
0
0
VERTEX
8
0
10
14.4235078117182
20
5.27984827723767
30
0
0
VERTEX
8
0
10
14.6184200794442
20
5.57274829203311
30
0
0
VERTEX
8
0
10
14.8133323471701
20
6.03053403689797
30
0
0
VERTEX
8
0
10
15.008244614896
20
5.59386356615139
30
0
0
VERTEX
8
0
10
15.2031568826219
20
5.86712729563202
30
0
0
VERTEX
8
0
10
15.3980691503478
20
6.29492905414232
30
0
0
VERTEX
8
0
10
15.5929814180738
20
5.90658279199331
30
0
0
VERTEX
8
0
10
15.7878936857997
20
6.16296322656176
30
0
0
VERTEX
8
0
10
15.9828059535256
20
6.56420037499531
30
0
0
VERTEX
8
0
10
16.1777182212515
20
6.21838746734255
30
0
0
VERTEX
8
0
10
16.3726304889775
20
6.46015415076882
30
0
0
VERTEX
8
0
10
16.5675427567034
20
6.83777325738033
30
0
0
VERTEX
8
0
10
16.7624550244293
20
6.52956559449325
30
0
0
VERTEX
8
0
10
16.9573672921552
20
6.75860456996017
30
0
0
VERTEX
8
0
10
17.1522795598811
20
7.11515208289151
30
0
0
VERTEX
8
0
10
17.3471918276071
20
6.84033445533316
30
0
0
VERTEX
8
0
10
17.542104095333
20
7.05822475938117
30
0
0
VERTEX
8
0
10
17.7370163630589
20
7.3959082967143
30
0
0
VERTEX
8
0
10
17.9319286307848
20
7.15085740473788
30
0
0
VERTEX
8
0
10
18.1268408985108
20
7.35893020442398
30
0
0
VERTEX
8
0
10
18.3217531662367
20
7.67966998521661
30
0
0
VERTEX
8
0
10
18.5166654339626
20
7.4612563801866
30
0
0
VERTEX
8
0
10
18.7115777016885
20
7.66064111654549
30
0
0
VERTEX
8
0
10
18.9064899694144
20
7.96611301922748
30
0
0
VERTEX
8
0
10
19.1014022371404
20
7.77162130807355
30
0
0
VERTEX
8
0
10
19.2963145048663
20
7.96328201265103
30
0
0
VERTEX
8
0
10
19.4912267725922
20
8.25495360592782
30
0
0
VERTEX
8
0
10
19.6861390403181
20
8.08201723583387
30
0
0
VERTEX
8
0
10
19.8810513080441
20
8.26678134712414
30
0
0
VERTEX
8
0
10
20.07596357577
20
8.54594206325934
30
0
0
VERTEX
8
0
10
20.2708758434959
20
8.39248978149043
30
0
0
VERTEX
8
0
10
20.4657881112218
20
8.57107118733851
30
0
0
VERTEX
8
0
10
20.6607003789477
20
8.83885763213028
30
0
0
VERTEX
8
0
10
20.8556126466737
20
8.7030693268254
30
0
0
VERTEX
8
0
10
21.0505249143996
20
8.87608692620181
30
0
0
VERTEX
8
0
10
21.2454371821255
20
9.13350415764542
30
0
0
VERTEX
8
0
10
21.4403494498514
20
9.01377426606336
30
0
0
VERTEX
8
0
10
21.6352617175774
20
9.18176702636253
30
0
0
VERTEX
8
0
10
21.8301739853033
20
9.42970649232749
30
0
0
VERTEX
8
0
10
22.0250862530292
20
9.32461353790066
30
0
0
VERTEX
8
0
10
22.2199985207551
20
9.48805279101419
30
0
0
VERTEX
8
0
10
22.414910788481
20
9.72730749597078
30
0
0
VERTEX
8
0
10
22.609823056207
20
9.63558861141511
30
0
0
VERTEX
8
0
10
22.8047353239329
20
9.79488815905931
30
0
0
VERTEX
8
0
10
22.9996475916588
20
10.0261655275645
30
0
0
VERTEX
8
0
10
23.1945598593847
20
9.94669505207176
30
0
0
VERTEX
8
0
10
23.3894721271107
20
10.1022195204828
30
0
0
VERTEX
8
0
10
23.5843843948366
20
10.3261523428077
30
0
0
VERTEX
8
0
10
23.7792966625625
20
10.2579237630711
30
0
0
VERTEX
8
0
10
23.9742089302884
20
10.4099955500863
30
0
0
VERTEX
8
0
10
24.1691211980143
20
10.6271513262141
30
0
0
VERTEX
8
0
10
24.3640334657403
20
10.5692619743921
30
0
0
VERTEX
8
0
10
24.5589457334662
20
10.7181670573803
30
0
0
VERTEX
8
0
10
24.7538580011921
20
10.9290559997165
30
0
0
VERTEX
8
0
10
24.948770268918
20
10.8806940344152
30
0
0
VERTEX
8
0
10
25.143682536644
20
11.0266868506462
30
0
0
VERTEX
8
0
10
25.3385948043699
20
11.2317687599015
30
0
0
VERTEX
8
0
10
25.5335070720958
20
11.1922020461419
30
0
0
VERTEX
8
0
10
25.7284193398217
20
11.3355096140353
30
0
0
VERTEX
8
0
10
25.9233316075476
20
11.5351998058388
30
0
0
VERTEX
8
0
10
26.1182438752736
20
11.5037663806967
30
0
0
VERTEX
8
0
10
26.3131561429995
20
11.6445917957501
30
0
0
VERTEX
8
0
10
26.5080684107254
20
11.8392662246052
30
0
0
VERTEX
8
0
10
26.7029806784513
20
11.8153660933937
30
0
0
VERTEX
8
0
10
26.8978929461773
20
11.953891506808
30
0
0
VERTEX
8
0
10
27.0928052139032
20
12.1438912096106
30
0
0
VERTEX
8
0
10
27.2877174816291
20
12.1269792616325
30
0
0
VERTEX
8
0
10
27.482629749355
20
12.2633684288696
30
0
0
VERTEX
8
0
10
27.6775420170809
20
12.4490033895397
30
0
0
VERTEX
8
0
10
27.8724542848069
20
12.4385832608277
30
0
0
VERTEX
8
0
10
28.0673665525328
20
12.572983730615
30
0
0
VERTEX
8
0
10
28.2622788202587
20
12.7545362508106
30
0
0
VERTEX
8
0
10
28.4571910879846
20
12.7501549899125
30
0
0
VERTEX
8
0
10
28.6521033557106
20
12.8826999915352
30
0
0
VERTEX
8
0
10
28.8470156234365
20
13.0604276387364
30
0
0
VERTEX
8
0
10
29.0419278911624
20
13.0616710564494
30
0
0
VERTEX
8
0
10
29.2368401588883
20
13.1924811327392
30
0
0
VERTEX
8
0
10
29.4317524266142
20
13.3666193256396
30
0
0
VERTEX
8
0
10
29.6266646943402
20
13.373107928824
30
0
0
VERTEX
8
0
10
29.8215769620661
20
13.5022923541439
30
0
0
VERTEX
8
0
10
30.016489229792
20
13.6730566356474
30
0
0
VERTEX
8
0
10
30.2114014975179
20
13.6844420622074
30
0
0
VERTEX
8
0
10
30.4063137652439
20
13.8121000774174
30
0
0
VERTEX
8
0
10
30.6012260329698
20
13.9796881183031
30
0
0
VERTEX
8
0
10
30.7961383006957
20
13.9956500025387
30
0
0
VERTEX
8
0
10
30.9910505684216
20
14.1218718942636
30
0
0
VERTEX
8
0
10
31.1859628361475
20
14.2864652634399
30
0
0
VERTEX
8
0
10
31.3808751038735
20
14.3067084732783
30
0
0
VERTEX
8
0
10
31.5757873715994
20
14.4315765197312
30
0
0
VERTEX
8
0
10
31.7706996393253
20
14.5933422523144
30
0
0
VERTEX
8
0
10
31.9656119070512
20
14.6175944476497
30
0
0
VERTEX
8
0
10
32.1605241747772
20
14.7411837501191
30
0
0
VERTEX
8
0
10
32.3554364425031
20
14.9002757392644
30
0
0
VERTEX
8
0
10
32.550348710229
20
14.928285209558
30
0
0
VERTEX
8
0
10
32.7452609779549
20
15.0506644252409
30
0
0
VERTEX
8
0
10
32.9401732456808
20
15.2072246605324
30
0
0
VERTEX
8
0
10
33.1350855134068
20
15.2387584049553
30
0
0
VERTEX
8
0
10
33.3299977811327
20
15.3599903946391
30
0
0
VERTEX
8
0
10
33.5249100488586
20
15.51415006649
30
0
0
VERTEX
8
0
10
33.7198223165845
20
15.5489920856512
30
0
0
VERTEX
8
0
10
33.9147345843105
20
15.6691344879222
30
0
0
VERTEX
8
0
10
34.1096468520364
20
15.8210149741439
30
0
0
VERTEX
8
0
10
34.3045591197623
20
15.8589647473516
30
0
0
VERTEX
8
0
10
34.4994713874882
20
15.9780704884919
30
0
0
VERTEX
8
0
10
34.6943836552141
20
16.1277842379523
30
0
0
VERTEX
8
0
10
34.8892959229401
20
16.1686553626305
30
0
0
VERTEX
8
0
10
35.084208190666
20
16.2867731110525
30
0
0
VERTEX
8
0
10
35.2791204583919
20
16.4344244364701
30
0
0
VERTEX
8
0
10
35.4740327261178
20
16.4780434104095
30
0
0
VERTEX
8
0
10
35.6689449938438
20
16.5952179823656
30
0
0
VERTEX
8
0
10
35.8638572615697
20
16.7409037731923
30
0
0
VERTEX
8
0
10
36.0587695292956
20
16.787108902726
30
0
0
VERTEX
8
0
10
36.2536817970215
20
16.903381625614
30
0
0
VERTEX
8
0
10
36.4485940647474
20
17.0471919901999
30
0
0
VERTEX
8
0
10
36.6435063324734
20
17.0958324093722
30
0
0
VERTEX
8
0
10
36.8384186001993
20
17.2112414477778
30
0
0
VERTEX
8
0
10
37.0333308679252
20
17.3532602932029
30
0
0
VERTEX
8
0
10
37.2282431356511
20
17.404195081485
30
0
0
VERTEX
8
0
10
37.4231554033771
20
17.51877573057
30
0
0
VERTEX
8
0
10
37.618067671103
20
17.6590812871093
30
0
0
VERTEX
8
0
10
37.8129799388289
20
17.7121786743059
30
0
0
VERTEX
8
0
10
38.0078922065548
20
17.8259636245607
30
0
0
VERTEX
8
0
10
38.2028044742807
20
17.9646289210451
30
0
0
VERTEX
8
0
10
38.3977167420067
20
18.0197655700045
30
0
0
VERTEX
8
0
10
38.5926290097326
20
18.1327851467378
30
0
0
VERTEX
8
0
10
38.7875412774585
20
18.2698784423331
30
0
0
VERTEX
8
0
10
38.9824535451844
20
18.3269388008159
30
0
0
VERTEX
8
0
10
39.1773658129104
20
18.4392211814371
30
0
0
VERTEX
8
0
10
39.3722780806363
20
18.5748063587435
30
0
0
VERTEX
8
0
10
39.5671903483622
20
18.6336820732275
30
0
0
VERTEX
8
0
10
39.7621026160881
20
18.7452534850391
30
0
0
VERTEX
8
0
10
39.957014883814
20
18.879390408607
30
0
0
VERTEX
8
0
10
40.1519271515399
20
18.9399797935111
30
0
0
VERTEX
8
0
10
40.3468394192659
20
19.0508646941977
30
0
0
VERTEX
8
0
10
40.5417516869918
20
19.1836095384034
30
0
0
VERTEX
8
0
10
40.7366639547177
20
19.2458170951784
30
0
0
VERTEX
8
0
10
40.9315762224436
20
19.3560383382063
30
0
0
VERTEX
8
0
10
41.1264884901695
20
19.4874438878145
30
0
0
VERTEX
8
0
10
41.3214007578954
20
19.5511798687296
30
0
0
VERTEX
8
0
10
41.5163130256214
20
19.6607588554928
30
0
0
VERTEX
8
0
10
41.7112252933473
20
19.7908747818614
30
0
0
VERTEX
8
0
10
41.9061375610732
20
19.8560547944657
30
0
0
VERTEX
8
0
10
42.1010498287991
20
19.965011614698
30
0
0
VERTEX
8
0
10
42.295962096525
20
20.0938847304532
30
0
0
VERTEX
8
0
10
42.490874364251
20
20.1604293784878
30
0
0
VERTEX
8
0
10
42.6857866319769
20
20.2687829408251
30
0
0
VERTEX
8
0
10
42.8806988997028
20
20.3964574350821
30
0
0
VERTEX
8
0
10
43.0756111674287
20
20.4642919930232
30
0
0
VERTEX
8
0
10
43.2705234351546
20
20.5720601463372
30
0
0
VERTEX
8
0
10
43.4654357028805
20
20.6985778033754
30
0
0
VERTEX
8
0
10
43.6603479706065
20
20.7676319211419
30
0
0
VERTEX
8
0
10
43.8552602383324
20
20.8748315688841
30
0
0
VERTEX
8
0
10
44.0501725060583
20
21.0002319714498
30
0
0
VERTEX
8
0
10
44.2450847737842
20
21.0704394071117
30
0
0
VERTEX
8
0
10
44.4399970415101
20
21.1770866149888
30
0
0
VERTEX
8
0
10
44.6349093092361
20
21.301407334725
30
0
0
VERTEX
8
0
10
44.829821576962
20
21.3727057129136
30
0
0
VERTEX
8
0
10
45.0247338446879
20
21.478815811519
30
0
0
VERTEX
8
0
10
45.2196461124138
20
21.6020925879766
30
0
0
VERTEX
8
0
10
45.4145583801397
20
21.6744231820214
30
0
0
VERTEX
8
0
10
45.6094706478656
20
21.7800108652835
30
0
0
VERTEX
8
0
10
45.8043829155916
20
21.9022777751546
30
0
0
VERTEX
8
0
10
45.9992951833175
20
21.9755853115157
30
0
0
VERTEX
8
0
10
46.1942074510434
20
22.0806647320836
30
0
0
VERTEX
8
0
10
46.3891197187693
20
22.2019543503438
30
0
0
VERTEX
8
0
10
46.5840319864952
20
22.2761868338153
30
0
0
VERTEX
8
0
10
46.7789442542211
20
22.38077169645
30
0
0
VERTEX
8
0
10
46.9738565219471
20
22.5011152508565
30
0
0
VERTEX
8
0
10
47.168768789673
20
22.5762238096873
30
0
0
VERTEX
8
0
10
47.3636810573989
20
22.6803274636495
30
0
0
VERTEX
8
0
10
47.5585933251248
20
22.7997549840426
30
0
0
VERTEX
8
0
10
47.7535055928507
20
22.8756937341275
30
0
0
VERTEX
8
0
10
47.9484178605767
20
22.9793292658509
30
0
0
VERTEX
8
0
10
48.1433301283026
20
23.0978697300435
30
0
0
VERTEX
8
0
10
48.3382423960285
20
23.1745956575189
30
0
0
VERTEX
8
0
10
48.5331546637544
20
23.2777759846796
30
0
0
VERTEX
8
0
10
48.7280669314803
20
23.3954574622558
30
0
0
VERTEX
8
0
10
48.9229791992062
20
23.4729303245114
30
0
0
VERTEX
8
0
10
49.1178914669322
20
23.5756682929225
30
0
0
VERTEX
8
0
10
49.3128037346581
20
23.6925180888572
30
0
0
VERTEX
8
0
10
49.507716002384
20
23.7707003338766
30
0
0
VERTEX
8
0
10
49.7026282701099
20
23.8730088185818
30
0
0
VERTEX
8
0
10
49.8975405378358
20
23.9890536185108
30
0
0
VERTEX
8
0
10
50.0924528055617
20
24.0679103229572
30
0
0
VERTEX
8
0
10
50.2873650732877
20
24.1698023355819
30
0
0
VERTEX
8
0
10
50.4822773410136
20
24.285068354779
30
0
0
VERTEX
8
0
10
50.6771896087395
20
24.3645671817767
30
0
0
VERTEX
8
0
10
50.8721018764654
20
24.4660559858823
30
0
0
VERTEX
8
0
10
51.0670141441913
20
24.5805691243576
30
0
0
VERTEX
8
0
10
51.2619264119173
20
24.6606803021375
30
0
0
VERTEX
8
0
10
51.4568386796432
20
24.7617795392107
30
0
0
VERTEX
8
0
10
51.6517509473691
20
24.8755655459173
30
0
0
VERTEX
8
0
10
51.846663215095
20
24.9562618692291
30
0
0
VERTEX
8
0
10
52.0415754828209
20
25.0569856982565
30
0
0
VERTEX
8
0
10
52.2364877505469
20
25.1700703475836
30
0
0
VERTEX
8
0
10
52.4314000182728
20
25.2513272045591
30
0
0
VERTEX
8
0
10
52.6263122859987
20
25.3516904589214
30
0
0
VERTEX
8
0
10
52.8212245537246
20
25.4640997437047
30
0
0
VERTEX
8
0
10
53.0161368214505
20
25.5458951715744
30
0
0
VERTEX
8
0
10
53.2110490891764
20
25.6459135378365
30
0
0
VERTEX
8
0
10
53.4059613569024
20
25.7576738841149
30
0
0
VERTEX
8
0
10
53.6008736246283
20
25.8399886585996
30
0
0
VERTEX
8
0
10
53.7957858923542
20
25.9396788830298
30
0
0
VERTEX
8
0
10
53.9906981600801
20
26.0508173929008
30
0
0
VERTEX
8
0
10
54.185610427806
20
26.133635157518
30
0
0
VERTEX
8
0
10
54.3805226955319
20
26.2330152879805
30
0
0
VERTEX
8
0
10
54.5754349632579
20
26.3435600190425
30
0
0
VERTEX
8
0
10
54.7703472309838
20
26.4268674627677
30
0
0
VERTEX
8
0
10
54.9652594987097
20
26.5259571357468
30
0
0
VERTEX
8
0
10
55.1601717664356
20
26.6359374278268
30
0
0
VERTEX
8
0
10
55.3550840341615
20
26.7197245224103
30
0
0
VERTEX
8
0
10
55.5499963018875
20
26.818545308147
30
0
0
VERTEX
8
0
10
55.7449085696134
20
26.9279921719262
30
0
0
VERTEX
8
0
10
55.9398208373393
20
27.0122524842536
30
0
0
VERTEX
8
0
10
56.1347331050652
20
27.1108283075378
30
0
0
VERTEX
8
0
10
56.3296453727911
20
27.2197748943483
30
0
0
VERTEX
8
0
10
56.524557640517
20
27.3045059948035
30
0
0
VERTEX
8
0
10
56.719469908243
20
27.4028636552184
30
0
0
VERTEX
8
0
10
56.9143821759689
20
27.5113458346191
30
0
0
VERTEX
8
0
10
57.1092944436948
20
27.5965498307961
30
0
0
VERTEX
8
0
10
57.3042067114207
20
27.6947196555317
30
0
0
VERTEX
8
0
10
57.4991189791466
20
27.8027767378829
30
0
0
VERTEX
8
0
10
57.6940312468725
20
27.8884609749329
30
0
0
VERTEX
8
0
10
57.8889435145985
20
27.9864776511201
30
0
0
VERTEX
8
0
10
58.0838557823244
20
28.0941533079669
30
0
0
VERTEX
8
0
10
58.2787680500503
20
28.1803312952113
30
0
0
VERTEX
8
0
10
58.4736803177762
20
28.2782349497507
30
0
0
VERTEX
8
0
10
58.6685925855021
20
28.3855784093353
30
0
0
VERTEX
8
0
10
58.8635048532281
20
28.4722710609987
30
0
0
VERTEX
8
0
10
59.058417120954
20
28.5701086884893
30
0
0
VERTEX
8
0
10
59.2533293886799
20
28.6771763217491
30
0
0
VERTEX
8
0
10
59.4482416564058
20
28.7644136447188
30
0
0
VERTEX
8
0
10
59.6431539241317
20
28.8622410373102
30
0
0
VERTEX
8
0
10
59.8380661918576
20
28.9690985124025
30
0
0
VERTEX
8
0
10
60.0329784595836
20
29.0569219480428
30
0
0
VERTEX
8
0
10
60.2278907273095
20
29.1548063691662
30
0
0
VERTEX
8
0
10
60.4228029950354
20
29.2615316578366
30
0
0
VERTEX
8
0
10
60.6177152627613
20
29.3499974122749
30
0
0
VERTEX
8
0
10
60.8126275304872
20
29.4480214098532
30
0
0
VERTEX
8
0
10
61.0075397982132
20
29.554709115759
30
0
0
VERTEX
8
0
10
61.2024520659391
20
29.6438930411968
30
0
0
VERTEX
8
0
10
61.397364333665
20
29.7421600766624
30
0
0
VERTEX
8
0
10
61.5922766013909
20
29.8489279022508
30
0
0
VERTEX
8
0
10
61.7871888691168
20
29.9389329248845
30
0
0
VERTEX
8
0
10
61.9821011368427
20
30.0375760369531
30
0
0
VERTEX
8
0
10
62.1770134045687
20
30.1445748919968
30
0
0
VERTEX
8
0
10
62.3719256722946
20
30.2355428589145
30
0
0
VERTEX
8
0
10
62.5668379400205
20
30.3347387103788
30
0
0
VERTEX
8
0
10
62.7617502077464
20
30.4421694318937
30
0
0
VERTEX
8
0
10
62.9566624754723
20
30.5343011808354
30
0
0
VERTEX
8
0
10
63.1515747431982
20
30.6342944043442
30
0
0
VERTEX
8
0
10
63.3464870109242
20
30.7424375158557
30
0
0
VERTEX
8
0
10
63.5413992786501
20
30.8360297040071
30
0
0
VERTEX
8
0
10
63.736311546376
20
30.9371790293725
30
0
0
VERTEX
8
0
10
63.9312238141019
20
31.0464532294601
30
0
0
VERTEX
8
0
10
64.1261360818278
20
31.14197378405
30
0
0
VERTEX
8
0
10
64.3210483495537
20
31.2448509378514
30
0
0
VERTEX
8
0
10
64.5159606172797
20
31.3559450723644
30
0
0
VERTEX
8
0
10
64.7108728850056
20
31.4542131160272
30
0
0
VERTEX
8
0
10
64.9057851527315
20
31.5598522533302
30
0
0
VERTEX
8
0
10
65.1006974204574
20
31.6740747754083
30
0
0
VERTEX
8
0
10
65.2956096881833
20
31.7767465741061
30
0
0
VERTEX
8
0
10
65.4905219559093
20
31.8872761902133
30
0
0
VERTEX
8
0
10
65.6854342236352
20
32.0071908597247
30
0
0
VERTEX
8
0
10
65.8803464913611
20
32.1167386966895
30
0
0
VERTEX
8
0
10
66.075258759087
20
32.2329473591164
30
0
0
VERTEX
8
0
10
66.2701710268129
20
32.3550647629845
30
0
0
VERTEX
8
0
10
66.4650832945389
20
32.4623122997097
30
0
0
VERTEX
8
0
10
66.6599955622648
20
32.5712619245863
30
0
0
VERTEX
8
0
10
66.8549078299907
20
32.6837015764359
30
0
0
VERTEX
8
0
10
67.0498200977166
20
32.7818867516733
30
0
0
VERTEX
8
0
10
67.2447323654425
20
32.882409327156
30
0
0
VERTEX
8
0
10
67.4396446331684
20
32.9873440167615
30
0
0
VERTEX
8
0
10
67.6345569008944
20
33.0795032683459
30
0
0
VERTEX
8
0
10
67.8294691686203
20
33.174379066284
30
0
0
VERTEX
8
0
10
68.0243814363462
20
33.2740631382319
30
0
0
VERTEX
8
0
10
68.2192937040721
20
33.3619470196754
30
0
0
VERTEX
8
0
10
68.414205971798
20
33.4525804503094
30
0
0
VERTEX
8
0
10
68.609118239524
20
33.5481564012712
30
0
0
VERTEX
8
0
10
68.8040305072499
20
33.6326825246528
30
0
0
VERTEX
8
0
10
68.9989427749758
20
33.719856302313
30
0
0
VERTEX
8
0
10
69.1938550427017
20
33.8119969646445
30
0
0
VERTEX
8
0
10
69.3887673104276
20
33.8937239706508
30
0
0
VERTEX
8
0
10
69.5836795781535
20
33.9779384849142
30
0
0
VERTEX
8
0
10
69.7785918458795
20
34.0670907020482
30
0
0
VERTEX
8
0
10
69.9735041136054
20
34.1463953888377
30
0
0
VERTEX
8
0
10
70.1684163813313
20
34.2280004886505
30
0
0
VERTEX
8
0
10
70.3633286490572
20
34.3144850981769
30
0
0
VERTEX
8
0
10
70.5582409167831
20
34.3916393098637
30
0
0
VERTEX
8
0
10
70.753153184509
20
34.4708947347942
30
0
0
VERTEX
8
0
10
70.948065452235
20
34.5549547599394
30
0
0
VERTEX
8
0
10
71.1429777199609
20
34.6301640768543
30
0
0
VERTEX
8
0
10
71.3378899876868
20
34.7072711152058
30
0
0
VERTEX
8
0
10
71.5328022554127
20
34.7890979308405
30
0
0
VERTEX
8
0
10
71.7277145231386
20
34.8625233203762
30
0
0
VERTEX
8
0
10
71.9226267908646
20
34.9376430543708
30
0
0
VERTEX
8
0
10
72.1175390585905
20
35.0173918699686
30
0
0
VERTEX
8
0
10
72.3124513263164
20
35.0891627794433
30
0
0
VERTEX
8
0
10
72.5073635940423
20
35.1624273707621
30
0
0
VERTEX
8
0
10
72.7022758617682
20
35.2402270039356
30
0
0
VERTEX
8
0
10
72.8971881294941
20
35.3104497596407
30
0
0
VERTEX
8
0
10
73.0921003972201
20
35.3819698212781
30
0
0
VERTEX
8
0
10
73.287012664946
20
35.4579291865191
30
0
0
VERTEX
8
0
10
73.4819249326719
20
35.5266926379109
30
0
0
VERTEX
8
0
10
73.6768372003978
20
35.5965622631898
30
0
0
VERTEX
8
0
10
73.8717494681237
20
35.6707748579069
30
0
0
VERTEX
8
0
10
74.0666617358497
20
35.7381543156224
30
0
0
VERTEX
8
0
10
74.2615740035756
20
35.8064546325711
30
0
0
VERTEX
8
0
10
74.4564862713015
20
35.8790017435783
30
0
0
VERTEX
8
0
10
74.6513985390274
20
35.9450618136336
30
0
0
VERTEX
8
0
10
74.8463108067533
20
36.0118635720342
30
0
0
VERTEX
8
0
10
75.0412230744792
20
36.0828166321765
30
0
0
VERTEX
8
0
10
75.2361353422052
20
36.1476133093831
30
0
0
VERTEX
8
0
10
75.4310476099311
20
36.2129788113205
30
0
0
VERTEX
8
0
10
75.625959877657
20
36.2824011729614
30
0
0
VERTEX
8
0
10
75.8208721453829
20
36.3459834218671
30
0
0
VERTEX
8
0
10
76.0157844131088
20
36.4099679932589
30
0
0
VERTEX
8
0
10
76.2106966808347
20
36.4779162902929
30
0
0
VERTEX
8
0
10
76.4056089485607
20
36.5403272621277
30
0
0
VERTEX
8
0
10
76.6005212162866
20
36.6029803953154
30
0
0
VERTEX
8
0
10
76.7954334840125
20
36.6695056079477
30
0
0
VERTEX
8
0
10
76.9903457517384
20
36.7307835929739
30
0
0
VERTEX
8
0
10
77.1852580194643
20
36.7921498482934
30
0
0
VERTEX
8
0
10
77.3801702871903
20
36.857298148394
30
0
0
VERTEX
8
0
10
77.5750825549162
20
36.9174773321449
30
0
0
VERTEX
8
0
10
77.7699948226421
20
36.9775970595233
30
0
0
VERTEX
8
0
10
77.964907090368
20
37.0414104910192
30
0
0
VERTEX
8
0
10
78.1598193580939
20
37.1005215626786
30
0
0
VERTEX
8
0
10
78.3547316258199
20
37.1594314864913
30
0
0
VERTEX
8
0
10
78.5496438935458
20
37.2219485198352
30
0
0
VERTEX
8
0
10
78.7445561612717
20
37.2800191671825
30
0
0
VERTEX
8
0
10
78.9394684289976
20
37.3377528657199
30
0
0
VERTEX
8
0
10
79.1343806967235
20
37.3990088546023
30
0
0
VERTEX
8
0
10
79.3292929644494
20
37.4560641709232
30
0
0
VERTEX
8
0
10
79.5242052321754
20
37.5126524733942
30
0
0
VERTEX
8
0
10
79.7191174999013
20
37.5726800346992
30
0
0
VERTEX
8
0
10
79.9140297676272
20
37.6287428564303
30
0
0
VERTEX
8
0
10
80.1089420353531
20
37.6842141747874
30
0
0
VERTEX
8
0
10
80.303854303079
20
37.7430435075853
30
0
0
VERTEX
8
0
10
80.4987665708049
20
37.7981346967698
30
0
0
VERTEX
8
0
10
80.6936788385309
20
37.8525153053139
30
0
0
VERTEX
8
0
10
80.8885911062568
20
37.9101744607459
30
0
0
VERTEX
8
0
10
81.0835033739827
20
37.9643131432617
30
0
0
VERTEX
8
0
10
81.2784156417086
20
38.017627416115
30
0
0
VERTEX
8
0
10
81.4733279094345
20
38.0741425275941
30
0
0
VERTEX
8
0
10
81.6682401771605
20
38.1273462952838
30
0
0
VERTEX
8
0
10
81.8631524448864
20
38.1796169094056
30
0
0
VERTEX
8
0
10
82.0580647126123
20
38.2350123901246
30
0
0
VERTEX
8
0
10
82.2529769803382
20
38.2872974736253
30
0
0
VERTEX
8
0
10
82.4478892480641
20
38.3385455835814
30
0
0
VERTEX
8
0
10
82.64280151579
20
38.3928442971748
30
0
0
VERTEX
8
0
10
82.837713783516
20
38.4442257143889
30
0
0
VERTEX
8
0
10
83.0326260512419
20
38.4944711035781
30
0
0
VERTEX
8
0
10
83.2275383189678
20
38.5476945124132
30
0
0
VERTEX
8
0
10
83.4224505866937
20
38.5981861968256
30
0
0
VERTEX
8
0
10
83.6173628544196
20
38.6474474091581
30
0
0
VERTEX
8
0
10
83.8122751221456
20
38.6996157038599
30
0
0
VERTEX
8
0
10
84.0071873898715
20
38.7492306159637
30
0
0
VERTEX
8
0
10
84.2020996575974
20
38.7975250710813
30
0
0
VERTEX
8
0
10
84.3970119253233
20
38.848657284171
30
0
0
VERTEX
8
0
10
84.5919241930492
20
38.8974075087697
30
0
0
VERTEX
8
0
10
84.7868364607751
20
38.944751603223
30
0
0
VERTEX
8
0
10
84.9817487285011
20
38.994865709469
30
0
0
VERTEX
8
0
10
85.176660996227
20
39.0427625408153
30
0
0
VERTEX
8
0
10
85.3715732639529
20
39.0891717375287
30
0
0
VERTEX
8
0
10
85.5664855316788
20
39.1382847427033
30
0
0
VERTEX
8
0
10
85.7613977994047
20
39.1853387595331
30
0
0
VERTEX
8
0
10
85.9563100671306
20
39.2308276669764
30
0
0
VERTEX
8
0
10
86.1512223348566
20
39.2789556869315
30
0
0
VERTEX
8
0
10
86.3461346025825
20
39.3251768186655
30
0
0
VERTEX
8
0
10
86.5410468703084
20
39.3697592614103
30
0
0
VERTEX
8
0
10
86.7359591380343
20
39.4169175925068
30
0
0
VERTEX
8
0
10
86.9308714057602
20
39.4623151779749
30
0
0
VERTEX
8
0
10
87.1257836734862
20
39.5060042596706
30
0
0
VERTEX
8
0
10
87.3206959412121
20
39.5522074420148
30
0
0
VERTEX
8
0
10
87.515608208938
20
39.596790281687
30
0
0
VERTEX
8
0
10
87.7105204766639
20
39.6395984414944
30
0
0
VERTEX
8
0
10
87.9054327443898
20
39.6848603157316
30
0
0
VERTEX
8
0
10
88.1003450121157
20
39.728636718258
30
0
0
VERTEX
8
0
10
88.2952572798417
20
39.7705757816047
30
0
0
VERTEX
8
0
10
88.4901695475676
20
39.8149095401276
30
0
0
VERTEX
8
0
10
88.6850818152935
20
39.8578873640837
30
0
0
VERTEX
8
0
10
88.8799940830194
20
39.8989685884219
30
0
0
VERTEX
8
0
10
89.0749063507453
20
39.9423868217059
30
0
0
VERTEX
8
0
10
89.2698186184712
20
39.9845735129713
30
0
0
VERTEX
8
0
10
89.4647308861972
20
40.0248076291701
30
0
0
VERTEX
8
0
10
89.6596431539231
20
40.0673223677918
30
0
0
VERTEX
8
0
10
89.854555421649
20
40.1087249932469
30
0
0
VERTEX
8
0
10
90.0494676893749
20
40.1481222431301
30
0
0
VERTEX
8
0
10
90.2443799571008
20
40.1897449959972
30
0
0
VERTEX
8
0
10
90.4392922248268
20
40.2303702738752
30
0
0
VERTEX
8
0
10
90.6342044925527
20
40.268940444345
30
0
0
VERTEX
8
0
10
90.8291167602786
20
40.3096822335425
30
0
0
VERTEX
8
0
10
91.0240290280045
20
40.3495365609189
30
0
0
VERTEX
8
0
10
91.2189412957304
20
40.387289015067
30
0
0
VERTEX
8
0
10
91.4138535634563
20
40.4271604076998
30
0
0
VERTEX
8
0
10
91.6087658311823
20
40.4662498854043
30
0
0
VERTEX
8
0
10
91.8036780989082
20
40.5031935909298
30
0
0
VERTEX
8
0
10
91.9985903666341
20
40.5422047283269
30
0
0
VERTEX
8
0
10
92.19350263436
20
40.5805351835534
30
0
0
VERTEX
8
0
10
92.3884149020859
20
40.616678738791
30
0
0
VERTEX
8
0
10
92.5833271698119
20
40.6548393632894
30
0
0
VERTEX
8
0
10
92.7782394375378
20
40.6924163702142
30
0
0
VERTEX
8
0
10
92.9731517052637
20
40.7277680280177
30
0
0
VERTEX
8
0
10
93.1680639729896
20
40.7650875076286
30
0
0
VERTEX
8
0
10
93.3629762407155
20
40.8019164062034
30
0
0
VERTEX
8
0
10
93.5578885084415
20
40.8364840959097
30
0
0
VERTEX
8
0
10
93.7528007761674
20
40.8729714470483
30
0
0
VERTEX
8
0
10
93.9477130438933
20
40.9090573601916
30
0
0
VERTEX
8
0
10
94.1426253116192
20
40.9428487078496
30
0
0
VERTEX
8
0
10
94.3375375793451
20
40.9785126163326
30
0
0
VERTEX
8
0
10
94.532449847071
20
41.0138604656933
30
0
0
VERTEX
8
0
10
94.7273621147969
20
41.0468828127494
30
0
0
VERTEX
8
0
10
94.9222743825229
20
41.0817316532543
30
0
0
VERTEX
8
0
10
95.1171866502488
20
41.1163461736254
30
0
0
VERTEX
8
0
10
95.3120989179747
20
41.1486065942132
30
0
0
VERTEX
8
0
10
95.5070111857006
20
41.1826484482782
30
0
0
VERTEX
8
0
10
95.7019234534265
20
41.2165342009201
30
0
0
VERTEX
8
0
10
95.8968357211525
20
41.2480395178475
30
0
0
VERTEX
8
0
10
96.0917479888784
20
41.2812821906433
30
0
0
VERTEX
8
0
10
96.2866602566043
20
41.3144435755051
30
0
0
VERTEX
8
0
10
96.4815725243302
20
41.3452003751402
30
0
0
VERTEX
8
0
10
96.6764847920561
20
41.3776514110079
30
0
0
VERTEX
8
0
10
96.8713970597821
20
41.4100926780465
30
0
0
VERTEX
8
0
10
97.066309327508
20
41.4401073241189
30
0
0
VERTEX
8
0
10
97.2612215952339
20
41.471774021129
30
0
0
VERTEX
8
0
10
97.4561338629598
20
41.5034992807194
30
0
0
VERTEX
8
0
10
97.6510461306857
20
41.5327779271661
30
0
0
VERTEX
8
0
10
97.8459583984116
20
41.5636673506578
30
0
0
VERTEX
8
0
10
98.0408706661376
20
41.5946805832743
30
0
0
VERTEX
8
0
10
98.2357829338635
20
41.6232291862838
30
0
0
VERTEX
8
0
10
98.4306952015894
20
41.6533481815178
30
0
0
VERTEX
8
0
10
98.6256074693153
20
41.6836532467131
30
0
0
VERTEX
8
0
10
98.8205197370412
20
41.7114775758983
30
0
0
VERTEX
8
0
10
99.0154320047671
20
41.7408327799357
30
0
0
VERTEX
8
0
10
99.2103442724931
20
41.7704334246559
30
0
0
VERTEX
8
0
10
99.405256540219
20
41.7975390735552
30
0
0
VERTEX
8
0
10
99.6001688079449
20
41.826136926367
30
0
0
VERTEX
8
0
10
99.7950810756708
20
41.8550367927099
30
0
0
VERTEX
8
0
10
99.9899933433967
20
41.8814291886176
30
0
0
VERTEX
8
0
10
100.184905611123
20
41.9092759435532
30
0
0
VERTEX
8
0
10
100.379817878849
20
41.9374785759892
30
0
0
VERTEX
8
0
10
100.574730146574
20
41.9631629891668
30
0
0
VERTEX
8
0
10
100.7696424143
20
41.9902647227489
30
0
0
VERTEX
8
0
10
100.964554682026
20
42.0177735748807
30
0
0
VERTEX
8
0
10
101.159466949752
20
42.0427551272389
30
0
0
VERTEX
8
0
10
101.354379217478
20
42.0691177484125
30
0
0
VERTEX
8
0
10
101.549291485204
20
42.0959361892655
30
0
0
VERTEX
8
0
10
101.74420375293
20
42.1202198624987
30
0
0
VERTEX
8
0
10
101.939116020656
20
42.145849121375
30
0
0
VERTEX
8
0
10
102.134028288382
20
42.1719804413252
30
0
0
VERTEX
8
0
10
102.328940556108
20
42.1955710846091
30
0
0
VERTEX
8
0
10
102.523852823834
20
42.2204725806835
30
0
0
VERTEX
8
0
10
102.71876509156
20
42.2459199969852
30
0
0
VERTEX
8
0
10
102.913677359286
20
42.2688223342265
30
0
0
VERTEX
8
0
10
103.108589627011
20
42.2930015241682
30
0
0
VERTEX
8
0
10
103.303501894737
20
42.3177681861704
30
0
0
VERTEX
8
0
10
103.498414162463
20
42.339986822866
30
0
0
VERTEX
8
0
10
103.693326430189
20
42.3634490278824
30
0
0
VERTEX
8
0
10
103.888238697915
20
42.3875380219431
30
0
0
VERTEX
8
0
10
104.083150965641
20
42.4090774516537
30
0
0
VERTEX
8
0
10
104.278063233367
20
42.4318278644915
30
0
0
VERTEX
8
0
10
104.472975501093
20
42.4552422185785
30
0
0
VERTEX
8
0
10
104.667887768819
20
42.476106829103
30
0
0
VERTEX
8
0
10
104.862800036545
20
42.4981505206574
30
0
0
VERTEX
8
0
10
105.057712304271
20
42.5208932087416
30
0
0
VERTEX
8
0
10
105.252624571997
20
42.5410872879142
30
0
0
VERTEX
8
0
10
105.447536839722
20
42.5624292135637
30
0
0
VERTEX
8
0
10
105.642449107448
20
42.5845031597392
30
0
0
VERTEX
8
0
10
105.837361375174
20
42.6040309009983
30
0
0
VERTEX
8
0
10
106.0322736429
20
42.6246759065801
30
0
0
VERTEX
8
0
10
106.227185910626
20
42.646083988981
30
0
0
VERTEX
8
0
10
106.422098178352
20
42.6649494966325
30
0
0
VERTEX
8
0
10
106.617010446078
20
42.6849023241745
30
0
0
VERTEX
8
0
10
106.811922713804
20
42.7056473786978
30
0
0
VERTEX
8
0
10
107.00683498153
20
42.7238546729525
30
0
0
VERTEX
8
0
10
107.201747249256
20
42.743119966119
30
0
0
VERTEX
8
0
10
107.396659516982
20
42.7632047899647
30
0
0
VERTEX
8
0
10
107.591571784708
20
42.7807578117206
30
0
0
VERTEX
8
0
10
107.786484052433
20
42.7993401210305
30
0
0
VERTEX
8
0
10
107.981396320159
20
42.818767476071
30
0
0
VERTEX
8
0
10
108.176308587885
20
42.8356700915124
30
0
0
VERTEX
8
0
10
108.371220855611
20
42.8535738793261
30
0
0
VERTEX
8
0
10
108.566133123337
20
42.8723464953253
30
0
0
VERTEX
8
0
10
108.761045391063
20
42.8886025002998
30
0
0
VERTEX
8
0
10
108.955957658789
20
42.9058321455949
30
0
0
VERTEX
8
0
10
109.150869926515
20
42.9239527232909
30
0
0
VERTEX
8
0
10
109.345782194241
20
42.9395658475168
30
0
0
VERTEX
8
0
10
109.540694461967
20
42.9561256504745
30
0
0
VERTEX
8
0
10
109.735606729693
20
42.9735968645333
30
0
0
VERTEX
8
0
10
109.930518997419
20
42.9885707756372
30
0
0
VERTEX
8
0
10
110.125431265144
20
43.0044649620379
30
0
0
VERTEX
8
0
10
110.32034353287
20
43.0212894638866
30
0
0
VERTEX
8
0
10
110.515255800596
20
43.0356277712755
30
0
0
VERTEX
8
0
10
110.710168068322
20
43.0508604967441
30
0
0
VERTEX
8
0
10
110.905080336048
20
43.0670409173008
30
0
0
VERTEX
8
0
10
111.099992603774
20
43.0807471759016
30
0
0
VERTEX
8
0
10
111.2949048715
20
43.0953225299837
30
0
0
VERTEX
8
0
10
111.489817139226
20
43.110861482284
30
0
0
VERTEX
8
0
10
111.684729406952
20
43.123939196146
30
0
0
VERTEX
8
0
10
111.879641674678
20
43.1378612062333
30
0
0
VERTEX
8
0
10
112.074553942404
20
43.1527612879887
30
0
0
VERTEX
8
0
10
112.26946621013
20
43.1652139137476
30
0
0
VERTEX
8
0
10
112.464378477855
20
43.1784865488938
30
0
0
VERTEX
8
0
10
112.659290745581
20
43.1927503449317
30
0
0
VERTEX
8
0
10
112.854203013307
20
43.2045812951861
30
0
0
VERTEX
8
0
10
113.049115281033
20
43.217208469772
30
0
0
VERTEX
8
0
10
113.244027548759
20
43.2308385544465
30
0
0
VERTEX
8
0
10
113.438939816485
20
43.2420512010047
30
0
0
VERTEX
8
0
10
113.633852084211
20
43.2540367783088
30
0
0
VERTEX
8
0
10
113.828764351937
20
43.2670357178099
30
0
0
VERTEX
8
0
10
114.023676619663
20
43.2776333948482
30
0
0
VERTEX
8
0
10
114.218588887389
20
43.2889811905019
30
0
0
VERTEX
8
0
10
114.413501155115
20
43.3013515451269
30
0
0
VERTEX
8
0
10
114.608413422841
20
43.3113375522659
30
0
0
VERTEX
8
0
10
114.803325690566
20
43.322051337607
30
0
0
VERTEX
8
0
10
114.998237958292
20
43.3337956639708
30
0
0
VERTEX
8
0
10
115.193150226018
20
43.3431732692548
30
0
0
VERTEX
8
0
10
115.388062493744
20
43.3532567746053
30
0
0
VERTEX
8
0
10
115.58297476147
20
43.3643776278069
30
0
0
VERTEX
8
0
10
115.777887029196
20
43.3731500706254
30
0
0
VERTEX
8
0
10
115.972799296922
20
43.3826069884662
30
0
0
VERTEX
8
0
10
116.167711564648
20
43.3931069242071
30
0
0
VERTEX
8
0
10
116.362623832374
20
43.4012774181377
30
0
0
VERTEX
8
0
10
116.5575361001
20
43.4101114062285
30
0
0
VERTEX
8
0
10
116.752448367826
20
43.4199929829095
30
0
0
VERTEX
8
0
10
116.947360635552
20
43.4275647184959
30
0
0
VERTEX
8
0
10
117.142272903278
20
43.4357794029117
30
0
0
VERTEX
8
0
10
117.337185171003
20
43.4450451836789
30
0
0
VERTEX
8
0
10
117.532097438729
20
43.4520213311645
30
0
0
VERTEX
8
0
10
117.727009706455
20
43.4596203092751
30
0
0
VERTEX
8
0
10
117.921921974181
20
43.46827286406
30
0
0
VERTEX
8
0
10
118.116834241907
20
43.4746565760644
30
0
0
VERTEX
8
0
10
118.311746509633
20
43.4816434194516
30
0
0
VERTEX
8
0
10
118.506658777359
20
43.4896853269768
30
0
0
VERTEX
8
0
10
118.701571045085
20
43.4954797411194
30
0
0
VERTEX
8
0
10
118.896483312811
20
43.5018579984567
30
0
0
VERTEX
8
0
10
119.091395580537
20
43.5092918482257
30
0
0
VERTEX
8
0
10
119.286307848263
20
43.5145000897376
30
0
0
VERTEX
8
0
10
119.481220115989
20
43.5202732896042
30
0
0
VERTEX
8
0
10
119.676132383714
20
43.5271016838837
30
0
0
VERTEX
8
0
10
119.87104465144
20
43.5317268681485
30
0
0
VERTEX
8
0
10
120.065956919166
20
43.5368985218178
30
0
0
VERTEX
8
0
10
120.260869186892
20
43.5431240776084
30
0
0
VERTEX
8
0
10
120.455781454618
20
43.5471693127015
30
0
0
VERTEX
8
0
10
120.650693722344
20
43.5517429168912
30
0
0
VERTEX
8
0
10
120.84560599007
20
43.5573682678899
30
0
0
VERTEX
8
0
10
121.040518257796
20
43.5608366570841
30
0
0
VERTEX
8
0
10
121.235430525522
20
43.5648156966731
30
0
0
VERTEX
8
0
10
121.430342793248
20
43.5698434952432
30
0
0
VERTEX
8
0
10
121.625255060974
20
43.5727381394875
30
0
0
VERTEX
8
0
10
121.8201673287
20
43.5761260902128
30
0
0
VERTEX
8
0
10
122.015079596425
20
43.5805590093466
30
0
0
VERTEX
8
0
10
122.209991864151
20
43.5828830097458
30
0
0
VERTEX
8
0
10
122.404904131877
20
43.585683340864
30
0
0
VERTEX
8
0
10
122.599816399603
20
43.5895240761636
30
0
0
VERTEX
8
0
10
122.794728667329
20
43.5912805364224
30
0
0
VERTEX
8
0
10
122.989640935055
20
43.5934967133843
30
0
0
VERTEX
8
0
10
123.184553202781
20
43.5967479850395
30
0
0
VERTEX
8
0
10
123.379465470507
20
43.5979400139265
30
0
0
VERTEX
8
0
10
123.574377738233
20
43.5995755010057
30
0
0
VERTEX
8
0
10
123.769290005959
20
43.602240055798
30
0
0
VERTEX
8
0
10
123.964202273685
20
43.6028707695856
30
0
0
VERTEX
8
0
10
124.159114541411
20
43.6039290325266
30
0
0
VERTEX
8
0
10
124.354026809136
20
43.6060096458409
30
0
0
VERTEX
8
0
10
124.548939076862
20
43.6060821707625
30
0
0
VERTEX
8
0
10
124.743851344588
20
43.606566679408
30
0
0
VERTEX
8
0
10
124.938763612314
20
43.6080661572745
30
0
0
VERTEX
8
0
10
125.13367588004
20
43.6075836319679
30
0
0
VERTEX
8
0
10
125.328588147766
20
43.6074978629
30
0
0
VERTEX
8
0
10
125.523500415492
20
43.6084190440482
30
0
0
VERTEX
8
0
10
125.718412683218
20
43.6073846220385
30
0
0
VERTEX
8
0
10
125.913324950944
20
43.6067320612172
30
0
0
VERTEX
8
0
10
126.10823721867
20
43.6070778191738
30
0
0
VERTEX
8
0
10
126.303149486396
20
43.6054946713298
30
0
0
VERTEX
8
0
10
126.498061754122
20
43.6042788167459
30
0
0
VERTEX
8
0
10
126.692974021847
20
43.6040520619506
30
0
0
VERTEX
8
0
10
126.887886289573
20
43.6019233789991
30
0
0
VERTEX
8
0
10
127.082798557299
20
43.6001477433404
30
0
0
VERTEX
8
0
10
127.277710825025
20
43.5993514253009
30
0
0
VERTEX
8
0
10
127.472623092751
20
43.5966804203344
30
0
0
VERTEX
8
0
10
127.667535360477
20
43.5943485336659
30
0
0
VERTEX
8
0
10
127.862447628203
20
43.5929856431589
30
0
0
VERTEX
8
0
10
128.057359895929
20
43.5897755541819
30
0
0
VERTEX
8
0
10
128.252272163655
20
43.5868909666547
30
0
0
VERTEX
8
0
10
128.447184431381
20
43.5849645379555
30
0
0
VERTEX
8
0
10
128.642096699107
20
43.5812186304501
30
0
0
VERTEX
8
0
10
128.837008966833
20
43.5777849150425
30
0
0
VERTEX
8
0
10
129.031921234558
20
43.5752980282156
30
0
0
VERTEX
8
0
10
129.226833502284
20
43.5710195977622
30
0
0
VERTEX
8
0
10
129.42174577001
20
43.5670403530311
30
0
0
VERTEX
8
0
10
129.616658037736
20
43.5639961362545
30
0
0
VERTEX
8
0
10
129.811570305462
20
43.5591885111705
30
0
0
VERTEX
8
0
10
130.006482573188
20
43.5546673640591
30
0
0
VERTEX
8
0
10
130.201394840914
20
43.551068996025
30
0
0
VERTEX
8
0
10
130.39630710864
20
43.5457355400463
30
0
0
VERTEX
8
0
10
130.591219376366
20
43.5406761487243
30
0
0
VERTEX
8
0
10
130.786131644092
20
43.5365268610731
30
0
0
VERTEX
8
0
10
130.981043911818
20
43.5306709761028
30
0
0
VERTEX
8
0
10
131.175956179544
20
43.5250770328483
30
0
0
VERTEX
8
0
10
131.37086844727
20
43.5203801126799
30
0
0
VERTEX
8
0
10
131.565780714995
20
43.5140052415665
30
0
0
VERTEX
8
0
10
131.760692982721
20
43.5078804757112
30
0
0
VERTEX
8
0
10
131.955605250447
20
43.5026392681584
30
0
0
VERTEX
8
0
10
132.150517518173
20
43.4957488975346
30
0
0
VERTEX
8
0
10
132.345429785899
20
43.4890970784442
30
0
0
VERTEX
8
0
10
132.540342053625
20
43.4833149893209
30
0
0
VERTEX
8
0
10
132.735254321351
20
43.4759126525247
30
0
0
VERTEX
8
0
10
132.930166589077
20
43.4687375926495
30
0
0
VERTEX
8
0
10
133.125078856803
20
43.4624180911656
30
0
0
VERTEX
8
0
10
133.319991124529
20
43.4545073711919
30
0
0
VERTEX
8
0
10
133.514903392255
20
43.4468129291803
30
0
0
VERTEX
8
0
10
133.709815659981
20
43.439959550751
30
0
0
VERTEX
8
0
10
133.904727927706
20
43.4315440833054
30
0
0
VERTEX
8
0
10
134.099640195432
20
43.4233341671924
30
0
0
VERTEX
8
0
10
134.294552463158
20
43.4159505163154
30
0
0
VERTEX
8
0
10
134.489464730884
20
43.4070339929261
30
0
0
VERTEX
8
0
10
134.68437699861
20
43.3983125633887
30
0
0
VERTEX
8
0
10
134.879289266336
20
43.390402316626
30
0
0
VERTEX
8
0
10
135.074201534062
20
43.3809884878506
30
0
0
VERTEX
8
0
10
135.269113801788
20
43.3717595615437
30
0
0
VERTEX
8
0
10
135.464026069514
20
43.3633264705966
30
0
0
VERTEX
8
0
10
135.65893833724
20
43.353419149306
30
0
0
VERTEX
8
0
10
135.853850604966
20
43.3436868022997
30
0
0
VERTEX
8
0
10
136.048762872692
20
43.3347346971797
30
0
0
VERTEX
8
0
10
136.243675140417
20
43.3243377619463
30
0
0
VERTEX
8
0
10
136.438587408143
20
43.3141061332376
30
0
0
VERTEX
8
0
10
136.633499675869
20
43.3046389255552
30
0
0
VERTEX
8
0
10
136.828411943595
20
43.2937563241299
30
0
0
VERTEX
8
0
10
137.023324211321
20
43.2830296192726
30
0
0
VERTEX
8
0
10
137.218236479047
20
43.2730513056261
30
0
0
VERTEX
8
0
10
137.413148746773
20
43.2616870585392
30
0
0
VERTEX
8
0
10
137.608061014499
20
43.2504695533687
30
0
0
VERTEX
8
0
10
137.802973282225
20
43.2399842188732
30
0
0
VERTEX
8
0
10
137.997885549951
20
43.2281424231309
30
0
0
VERTEX
8
0
10
138.192797817677
20
43.2164384676084
30
0
0
VERTEX
8
0
10
138.387710085403
20
43.2054502895387
30
0
0
VERTEX
8
0
10
138.582622353128
20
43.1931351224584
30
0
0
VERTEX
8
0
10
138.777534620854
20
43.1809491446346
30
0
0
VERTEX
8
0
10
138.97244688858
20
43.1694623962101
30
0
0
VERTEX
8
0
10
139.167359156306
20
43.1566781193735
30
0
0
VERTEX
8
0
10
139.362271424032
20
43.1440146294907
30
0
0
VERTEX
8
0
10
139.557183691758
20
43.1320336838039
30
0
0
VERTEX
8
0
10
139.752095959484
20
43.1187846471588
30
0
0
VERTEX
8
0
10
139.94700822721
20
43.1056482418809
30
0
0
VERTEX
8
0
10
140.141920494936
20
43.0931775759775
30
0
0
VERTEX
8
0
10
140.336832762662
20
43.0794682220807
30
0
0
VERTEX
8
0
10
140.531745030388
20
43.0658635888799
30
0
0
VERTEX
8
0
10
140.726657298114
20
43.0529077880016
30
0
0
VERTEX
8
0
10
140.921569565839
20
43.0387426564175
30
0
0
VERTEX
8
0
10
141.116481833565
20
43.0246745781177
30
0
0
VERTEX
8
0
10
141.311394101291
20
43.0112383401193
30
0
0
VERTEX
8
0
10
141.506306369017
20
42.9966220719914
30
0
0
VERTEX
8
0
10
141.701218636743
20
42.9820954314772
30
0
0
VERTEX
8
0
10
141.896130904469
20
42.9681835714228
30
0
0
VERTEX
8
0
10
142.091043172195
20
42.9531209142204
30
0
0
VERTEX
8
0
10
142.285955439921
20
42.9381406993319
30
0
0
VERTEX
8
0
10
142.480867707647
20
42.9237581542837
30
0
0
VERTEX
8
0
10
142.675779975373
20
42.9082539667393
30
0
0
VERTEX
8
0
10
142.870692243099
20
42.8928252753503
30
0
0
VERTEX
8
0
10
143.065604510825
20
42.8779771093717
30
0
0
VERTEX
8
0
10
143.260516778551
20
42.8620363666164
30
0
0
VERTEX
8
0
10
143.455429046276
20
42.8461644119282
30
0
0
VERTEX
8
0
10
143.650341314002
20
42.8308558212888
30
0
0
VERTEX
8
0
10
143.845253581728
20
42.8144836202151
30
0
0
VERTEX
8
0
10
144.040165849454
20
42.7981737362606
30
0
0
VERTEX
8
0
10
144.23507811718
20
42.7824100548962
30
0
0
VERTEX
8
0
10
144.429990384906
20
42.7656116197331
30
0
0
VERTEX
8
0
10
144.624902652632
20
42.7488692671188
30
0
0
VERTEX
8
0
10
144.819814920358
20
42.7326559723181
30
0
0
VERTEX
8
0
10
145.014727188084
20
42.7154366604701
30
0
0
VERTEX
8
0
10
145.20963945581
20
42.6982674323661
30
0
0
VERTEX
8
0
10
145.404551723536
20
42.6816101507359
30
0
0
VERTEX
8
0
10
145.599463991262
20
42.6639754588733
30
0
0
VERTEX
8
0
10
145.794376258987
20
42.6463850872699
30
0
0
VERTEX
8
0
10
145.989288526713
20
42.6292896009761
30
0
0
VERTEX
8
0
10
146.184200794439
20
42.611245171413
30
0
0
VERTEX
8
0
10
146.379113062165
20
42.5932395336666
30
0
0
VERTEX
8
0
10
146.574025329891
20
42.5757117869772
30
0
0
VERTEX
8
0
10
146.768937597617
20
42.5572634143458
30
0
0
VERTEX
8
0
10
146.963849865343
20
42.5388485400291
30
0
0
VERTEX
8
0
10
147.158762133069
20
42.5208946461802
30
0
0
VERTEX
8
0
10
147.353674400795
20
42.5020482844328
30
0
0
VERTEX
8
0
10
147.548586668521
20
42.4832303625145
30
0
0
VERTEX
8
0
10
147.743498936247
20
42.4648566109223
30
0
0
VERTEX
8
0
10
147.938411203973
20
42.4456183806741
30
0
0
VERTEX
8
0
10
148.133323471698
20
42.4264037670522
30
0
0
VERTEX
8
0
10
148.328235739424
20
42.4076166308933
30
0
0
VERTEX
8
0
10
148.52314800715
20
42.3879928271453
30
0
0
VERTEX
8
0
10
148.718060274876
20
42.3683880525612
30
0
0
VERTEX
8
0
10
148.912972542602
20
42.3491941967521
30
0
0
VERTEX
8
0
10
149.107884810328
20
42.3291912970075
30
0
0
VERTEX
8
0
10
149.302797078054
20
42.309203075372
30
0
0
VERTEX
8
0
10
149.49770934578
20
42.2896093649755
30
0
0
VERTEX
8
0
10
149.692621613506
20
42.2692340377951
30
0
0
VERTEX
8
0
10
149.887533881232
20
42.2488692749506
30
0
0
VERTEX
8
0
10
150.082446148958
20
42.2288827840448
30
0
0
VERTEX
8
0
10
150.277358416684
20
42.2081418980655
30
0
0
VERTEX
8
0
10
150.472270684409
20
42.1874077010333
30
0
0
VERTEX
8
0
10
150.667182952135
20
42.167035722079
30
0
0
VERTEX
8
0
10
150.862095219861
20
42.1459363555352
30
0
0
VERTEX
8
0
10
151.057007487587
20
42.1248400422748
30
0
0
VERTEX
8
0
10
151.251919755313
20
42.1040900960174
30
0
0
VERTEX
8
0
10
151.446832023039
20
42.0826395468179
30
0
0
VERTEX
8
0
10
151.641744290765
20
42.0611886565509
30
0
0
VERTEX
8
0
10
151.836656558491
20
42.0400685025128
30
0
0
VERTEX
8
0
10
152.031568826217
20
42.0182742989022
30
0
0
VERTEX
8
0
10
152.226481093943
20
41.9964766030449
30
0
0
VERTEX
8
0
10
152.421393361669
20
41.9749942506477
30
0
0
VERTEX
8
0
10
152.616305629395
20
41.9528641625222
30
0
0
VERTEX
8
0
10
152.81121789712
20
41.9307276762812
30
0
0
VERTEX
8
0
10
153.006130164846
20
41.9088913966603
30
0
0
VERTEX
8
0
10
153.201042432572
20
41.8864334475828
30
0
0
VERTEX
8
0
10
153.395954700298
20
41.8639664422811
30
0
0
VERTEX
8
0
10
153.590866968024
20
41.8417847808537
30
0
0
VERTEX
8
0
10
153.78577923575
20
41.8190072608476
30
0
0
VERTEX
8
0
10
153.980691503476
20
41.7962182770357
30
0
0
VERTEX
8
0
10
154.175603771202
20
41.7737000668957
30
0
0
VERTEX
8
0
10
154.370516038928
20
41.7506115460756
30
0
0
VERTEX
8
0
10
154.565428306654
20
41.7275094075232
30
0
0
VERTEX
8
0
10
154.76034057438
20
41.704663783739
30
0
0
VERTEX
8
0
10
154.955252842106
20
41.6812731268759
30
0
0
VERTEX
8
0
10
155.150165109832
20
41.6578669555169
30
0
0
VERTEX
8
0
10
155.345077377557
20
41.6347033704265
30
0
0
SEQEND
8
0
0
POLYLINE
8
0
62
4
70
0
10
0
20
0
30
0
0
VERTEX
8
0
10
3.31350855134067
20
0.575677186811883
30
0
0
VERTEX
8
0
10
3.5084208190666
20
0.701998350296605
30
0
0
VERTEX
8
0
10
3.70333308679252
20
1.15418184129115
30
0
0
VERTEX
8
0
10
3.89824535451844
20
0.665114947588002
30
0
0
VERTEX
8
0
10
4.09315762224436
20
0.965211965880001
30
0
0
VERTEX
8
0
10
4.28806988997029
20
1.33230571772307
30
0
0
VERTEX
8
0
10
4.48298215769621
20
0.754552708364122
30
0
0
VERTEX
8
0
10
4.67789442542213
20
1.21828244083038
30
0
0
VERTEX
8
0
10
4.87280669314805
20
1.51092591303828
30
0
0
VERTEX
8
0
10
5.06771896087397
20
0.843990469140242
30
0
0
VERTEX
8
0
10
5.2626312285999
20
1.4711185309883
30
0
0
VERTEX
8
0
10
5.45754349632582
20
1.69001349652272
30
0
0
VERTEX
8
0
10
5.65245576405174
20
0.933428229916362
30
0
0
VERTEX
8
0
10
5.84736803177766
20
1.72745239936764
30
0
0
VERTEX
8
0
10
6.04228029950359
20
1.86954760726244
30
0
0
VERTEX
8
0
10
6.23719256722951
20
1.03958681661431
30
0
0
VERTEX
8
0
10
6.43210483495543
20
2.00439650153489
30
0
0
VERTEX
8
0
10
6.62701710268135
20
2.07227486016792
30
0
0
VERTEX
8
0
10
6.82192937040727
20
1.16770036583417
30
0
0
VERTEX
8
0
10
7.0168416381332
20
2.20755545840383
30
0
0
VERTEX
8
0
10
7.21175390585912
20
2.27360106288639
30
0
0
VERTEX
8
0
10
7.40666617358504
20
1.34136194464973
30
0
0
VERTEX
8
0
10
7.60157844131096
20
2.40932193832792
30
0
0
VERTEX
8
0
10
7.79649070903688
20
2.47548283811847
30
0
0
VERTEX
8
0
10
7.99140297676281
20
1.88409529907109
30
0
0
VERTEX
8
0
10
8.18631524448873
20
2.61159828213374
30
0
0
VERTEX
8
0
10
8.38122751221465
20
2.67786009224261
30
0
0
VERTEX
8
0
10
8.57613977994057
20
2.34762341424283
30
0
0
VERTEX
8
0
10
8.7710520476665
20
2.81433317704322
30
0
0
VERTEX
8
0
10
8.96596431539242
20
2.88068576102419
30
0
0
VERTEX
8
0
10
9.16087658311834
20
2.76992971479621
30
0
0
VERTEX
8
0
10
9.35578885084426
20
3.01748575611219
30
0
0
VERTEX
8
0
10
9.55070111857018
20
3.08392165365906
30
0
0
VERTEX
8
0
10
9.74561338629611
20
3.15487438769744
30
0
0
VERTEX
8
0
10
9.94052565402203
20
3.22102239491206
30
0
0
VERTEX
8
0
10
10.135437921748
20
3.28753583077665
30
0
0
VERTEX
8
0
10
10.3303501894739
20
3.35867628451566
30
0
0
VERTEX
8
0
10
10.5252624571998
20
3.42491462847693
30
0
0
VERTEX
8
0
10
10.7201747249257
20
3.49150088637735
30
0
0
VERTEX
8
0
10
10.9150869926516
20
3.56281470436404
30
0
0
VERTEX
8
0
10
11.1099992603776
20
3.62913775683182
30
0
0
VERTEX
8
0
10
11.3049115281035
20
3.69579278398167
30
0
0
VERTEX
8
0
10
11.4998237958294
20
3.76163260885668
30
0
0
VERTEX
8
0
10
11.6947360635553
20
3.82334598335212
30
0
0
VERTEX
8
0
10
11.8896483312813
20
3.88537217258757
30
0
0
VERTEX
8
0
10
12.0845605990072
20
3.95232109676002
30
0
0
VERTEX
8
0
10
12.2794728667331
20
4.01409964759302
30
0
0
VERTEX
8
0
10
12.474385134459
20
4.07617924897672
30
0
0
VERTEX
8
0
10
12.6692974021849
20
4.14327502387812
30
0
0
VERTEX
8
0
10
12.8642096699109
20
4.20511635602408
30
0
0
VERTEX
8
0
10
13.0591219376368
20
4.26724768450379
30
0
0
VERTEX
8
0
10
13.2540342053627
20
4.33448117546952
30
0
0
VERTEX
8
0
10
13.4489464730886
20
4.39638276615431
30
0
0
VERTEX
8
0
10
13.6438587408145
20
4.45856394315083
30
0
0
VERTEX
8
0
10
13.8387710085405
20
4.52592660031079
30
0
0
VERTEX
8
0
10
14.0336832762664
20
4.58818939529628
30
0
0
VERTEX
8
0
10
14.2285955439923
20
4.65088064752213
30
0
0
VERTEX
8
0
10
14.4235078117182
20
4.71882507895678
30
0
0
VERTEX
8
0
10
14.6184200794442
20
4.78130051078689
30
0
0
VERTEX
8
0
10
14.8133323471701
20
4.84403610869036
30
0
0
VERTEX
8
0
10
15.008244614896
20
4.91209141486799
30
0
0
VERTEX
8
0
10
15.2031568826219
20
4.97461780752821
30
0
0
VERTEX
8
0
10
15.3980691503478
20
5.03739553736369
30
0
0
VERTEX
8
0
10
15.5929814180738
20
5.10555473015785
30
0
0
VERTEX
8
0
10
15.7878936857997
20
5.16812928809763
30
0
0
VERTEX
8
0
10
15.9828059535256
20
5.23094681203652
30
0
0
VERTEX
8
0
10
16.1777182212515
20
5.29920323339615
30
0
0
VERTEX
8
0
10
16.3726304889775
20
5.36182309338196
30
0
0
VERTEX
8
0
10
16.5675427567034
20
5.42467796933526
30
0
0
VERTEX
8
0
10
16.7624550244293
20
5.49608364239597
30
0
0
VERTEX
8
0
10
16.9573672921552
20
5.56150488454084
30
0
0
VERTEX
8
0
10
17.1522795598811
20
5.62715550548562
30
0
0
VERTEX
8
0
10
17.3471918276071
20
5.69833941190955
30
0
0
VERTEX
8
0
10
17.542104095333
20
5.76380382353573
30
0
0
VERTEX
8
0
10
17.7370163630589
20
5.82948991994553
30
0
0
VERTEX
8
0
10
17.9319286307848
20
5.90074822487772
30
0
0
VERTEX
8
0
10
18.1268408985108
20
5.96625236405159
30
0
0
VERTEX
8
0
10
18.3217531662367
20
6.03197088889064
30
0
0
VERTEX
8
0
10
18.5166654339626
20
6.1032979388421
30
0
0
VERTEX
8
0
10
18.7115777016885
20
6.16883840921455
30
0
0
VERTEX
8
0
10
18.9064899694144
20
6.23458632776792
30
0
0
VERTEX
8
0
10
19.1014022371404
20
6.30597668401563
30
0
0
VERTEX
8
0
10
19.2963145048663
20
6.37884882556939
30
0
0
VERTEX
8
0
10
19.4912267725922
20
6.45764996149433
30
0
0
VERTEX
8
0
10
19.6861390403181
20
6.54216407998241
30
0
0
VERTEX
8
0
10
19.8810513080441
20
6.62091756882021
30
0
0
VERTEX
8
0
10
20.07596357577
20
6.69992782071487
30
0
0
VERTEX
8
0
10
20.2708758434959
20
6.7846414230467
30
0
0
VERTEX
8
0
10
20.4657881112218
20
6.86359515563314
30
0
0
VERTEX
8
0
10
20.6607003789477
20
6.94279237448158
30
0
0
VERTEX
8
0
10
20.8556126466737
20
7.02768383865163
30
0
0
VERTEX
8
0
10
21.0505249143996
20
7.10681704991143
30
0
0
VERTEX
8
0
10
21.2454371821255
20
7.18618165629765
30
0
0
VERTEX
8
0
10
21.4403494498514
20
7.27123182409314
30
0
0
VERTEX
8
0
10
21.6352617175774
20
7.3505260778693
30
0
0
VERTEX
8
0
10
21.8301739853033
20
7.4300406649881
30
0
0
VERTEX
8
0
10
22.0250862530292
20
7.53162204626483
30
0
0
VERTEX
8
0
10
22.2199985207551
20
7.62735790581239
30
0
0
VERTEX
8
0
10
22.414910788481
20
7.72345724924395
30
0
0
VERTEX
8
0
10
22.609823056207
20
7.82532618364286
30
0
0
VERTEX
8
0
10
22.8047353239329
20
7.92162540712738
30
0
0
VERTEX
8
0
10
22.9996475916588
20
8.01826098503245
30
0
0
VERTEX
8
0
10
23.1945598593847
20
8.12060904263567
30
0
0
VERTEX
8
0
10
23.3894721271107
20
8.2174108469361
30
0
0
VERTEX
8
0
10
23.5843843948366
20
8.31452497211327
30
0
0
VERTEX
8
0
10
23.7792966625625
20
8.41729844505803
30
0
0
VERTEX
8
0
10
23.9742089302884
20
8.51454979383387
30
0
0
VERTEX
8
0
10
24.1691211980143
20
8.61209207200834
30
0
0
VERTEX
8
0
10
24.3640334657403
20
8.71524407702896
30
0
0
VERTEX
8
0
10
24.5589457334662
20
8.81289848638187
30
0
0
VERTEX
8
0
10
24.7538580011921
20
8.9085016352569
30
0
0
VERTEX
8
0
10
24.948770268918
20
9.01039562857643
30
0
0
VERTEX
8
0
10
25.143682536644
20
9.10680257908756
30
0
0
VERTEX
8
0
10
25.3385948043699
20
9.20345201129114
30
0
0
VERTEX
8
0
10
25.5335070720958
20
9.30561423370199
30
0
0
VERTEX
8
0
10
25.7284193398217
20
9.4023126212303
30
0
0
VERTEX
8
0
10
25.9233316075476
20
9.49923930595022
30
0
0
VERTEX
8
0
10
26.1182438752736
20
9.601641248157
30
0
0
VERTEX
8
0
10
26.3131561429995
20
9.69860247899556
30
0
0
VERTEX
8
0
10
26.5080684107254
20
9.79577912274151
30
0
0
VERTEX
8
0
10
26.7029806784513
20
9.89839538909169
30
0
0
VERTEX
8
0
10
26.8978929461773
20
9.99559391799423
30
0
0
VERTEX
8
0
10
27.0928052139032
20
10.0929961125424
30
0
0
VERTEX
8
0
10
27.2877174816291
20
10.1968181461569
30
0
0
VERTEX
8
0
10
27.482629749355
20
10.2953372885938
30
0
0
VERTEX
8
0
10
27.6775420170809
20
10.3940556681343
30
0
0
VERTEX
8
0
10
27.8724542848069
20
10.4981512378493
30
0
0
VERTEX
8
0
10
28.0673665525328
20
10.5968820696459
30
0
0
VERTEX
8
0
10
28.2622788202587
20
10.6958016653957
30
0
0
VERTEX
8
0
10
28.4571910879846
20
10.8000652545455
30
0
0
VERTEX
8
0
10
28.6521033557106
20
10.8989875418665
30
0
0
VERTEX
8
0
10
28.8470156234365
20
10.9980889671472
30
0
0
VERTEX
8
0
10
29.0419278911624
20
11.102502547116
30
0
0
VERTEX
8
0
10
29.2368401588883
20
11.2015979855683
30
0
0
VERTEX
8
0
10
29.4317524266142
20
11.3008636865856
30
0
0
VERTEX
8
0
10
29.6266646943402
20
11.4054109239802
30
0
0
VERTEX
8
0
10
29.8215769620661
20
11.5046628995127
30
0
0
VERTEX
8
0
10
30.016489229792
20
11.6025108633504
30
0
0
VERTEX
8
0
10
30.2114014975179
20
11.7060334200512
30
0
0
VERTEX
8
0
10
30.4063137652439
20
11.8042777818406
30
0
0
VERTEX
8
0
10
30.6012260329698
20
11.9026719478141
30
0
0
VERTEX
8
0
10
30.7961383006957
20
12.0062877233817
30
0
0
VERTEX
8
0
10
30.9910505684216
20
12.1046464961465
30
0
0
VERTEX
8
0
10
31.1859628361475
20
12.2031483828379
30
0
0
VERTEX
8
0
10
31.3808751038735
20
12.3068459722903
30
0
0
VERTEX
8
0
10
31.5757873715994
20
12.4053075206008
30
0
0
VERTEX
8
0
10
31.7706996393253
20
12.5039059309696
30
0
0
VERTEX
8
0
10
31.9656119070512
20
12.6076748384639
30
0
0
VERTEX
8
0
10
32.1605241747772
20
12.7062284484592
30
0
0
VERTEX
8
0
10
32.3554364425031
20
12.8049130640708
30
0
0
VERTEX
8
0
10
32.550348710229
20
12.9068142482532
30
0
0
VERTEX
8
0
10
32.7452609779549
20
13.0031139183768
30
0
0
VERTEX
8
0
10
32.9401732456808
20
13.0995318947414
30
0
0
VERTEX
8
0
10
33.1350855134068
20
13.2010681962399
30
0
0
VERTEX
8
0
10
33.3299977811327
20
13.297420543999
30
0
0
VERTEX
8
0
10
33.5249100488586
20
13.3938865608576
30
0
0
VERTEX
8
0
10
33.7198223165845
20
13.4954504447123
30
0
0
VERTEX
8
0
10
33.9147345843105
20
13.5918483469435
30
0
0
VERTEX
8
0
10
34.1096468520364
20
13.6883555266423
30
0
0
VERTEX
8
0
10
34.3045591197623
20
13.7899404135741
30
0
0
VERTEX
8
0
10
34.4994713874882
20
13.886377206908
30
0
0
VERTEX
8
0
10
34.6943836552141
20
13.9829191108484
30
0
0
VERTEX
8
0
10
34.8892959229401
20
14.0845188230123
30
0
0
VERTEX
8
0
10
35.084208190666
20
14.1809882591763
30
0
0
VERTEX
8
0
10
35.2791204583919
20
14.2798370816123
30
0
0
VERTEX
8
0
10
35.4740327261178
20
14.3832273960637
30
0
0
VERTEX
8
0
10
35.6689449938438
20
14.4815104154268
30
0
0
VERTEX
8
0
10
35.8638572615697
20
14.5798950788912
30
0
0
VERTEX
8
0
10
36.0587695292956
20
14.683299382809
30
0
0
VERTEX
8
0
10
36.2536817970215
20
14.7816157021101
30
0
0
VERTEX
8
0
10
36.4485940647474
20
14.8800297868703
30
0
0
VERTEX
8
0
10
36.6435063324734
20
14.983442231494
30
0
0
VERTEX
8
0
10
36.8384186001993
20
15.0817859154589
30
0
0
VERTEX
8
0
10
37.0333308679252
20
15.1802236715248
30
0
0
VERTEX
8
0
10
37.2282431356511
20
15.2836387381062
30
0
0
VERTEX
8
0
10
37.4231554033771
20
15.3820041950181
30
0
0
VERTEX
8
0
10
37.618067671103
20
15.480460201639
30
0
0
VERTEX
8
0
10
37.8129799388289
20
15.5829897239101
30
0
0
VERTEX
8
0
10
38.0078922065548
20
15.6801674184789
30
0
0
VERTEX
8
0
10
38.2028044742807
20
15.7774297960787
30
0
0
VERTEX
8
0
10
38.3977167420067
20
15.8796269030144
30
0
0
VERTEX
8
0
10
38.5926290097326
20
15.976809057725
30
0
0
VERTEX
8
0
10
38.7875412774585
20
16.0740728289644
30
0
0
VERTEX
8
0
10
38.9824535451844
20
16.1762520115286
30
0
0
VERTEX
8
0
10
39.1773658129104
20
16.2734342716579
30
0
0
VERTEX
8
0
10
39.3722780806363
20
16.3706952058464
30
0
0
VERTEX
8
0
10
39.5671903483622
20
16.4728523093974
30
0
0
VERTEX
8
0
10
39.7621026160881
20
16.5700305295366
30
0
0
VERTEX
8
0
10
39.957014883814
20
16.6672845968509
30
0
0
VERTEX
8
0
10
40.1519271515399
20
16.7694156496474
30
0
0
VERTEX
8
0
10
40.3468394192659
20
16.8665858770242
30
0
0
VERTEX
8
0
10
40.5417516869918
20
16.9717782481675
30
0
0
VERTEX
8
0
10
40.7366639547177
20
17.0805830542023
30
0
0
VERTEX
8
0
10
40.9315762224436
20
17.184460832604
30
0
0
VERTEX
8
0
10
41.1264884901695
20
17.288422162276
30
0
0
VERTEX
8
0
10
41.3214007578954
20
17.3972253930916
30
0
0
VERTEX
8
0
10
41.5163130256214
20
17.5011247311067
30
0
0
VERTEX
8
0
10
41.7112252933473
20
17.6051043638354
30
0
0
VERTEX
8
0
10
41.9061375610732
20
17.7139008412658
30
0
0
VERTEX
8
0
10
42.1010498287991
20
17.817816437571
30
0
0
VERTEX
8
0
10
42.295962096525
20
17.9218092155496
30
0
0
VERTEX
8
0
10
42.490874364251
20
18.0305940304696
30
0
0
VERTEX
8
0
10
42.6857866319769
20
18.1345208657698
30
0
0
VERTEX
8
0
10
42.8806988997028
20
18.23852190314
30
0
0
VERTEX
8
0
10
43.0756111674287
20
18.3488701296591
30
0
0
VERTEX
8
0
10
43.2705234351546
20
18.4552728842044
30
0
0
VERTEX
8
0
10
43.4654357028805
20
18.5617519953606
30
0
0
VERTEX
8
0
10
43.6603479706065
20
18.67297682015
30
0
0
VERTEX
8
0
10
43.8552602383324
20
18.779395747986
30
0
0
VERTEX
8
0
10
44.0501725060583
20
18.8858880202417
30
0
0
VERTEX
8
0
10
44.2450847737842
20
18.9970997595738
30
0
0
VERTEX
8
0
10
44.4399970415101
20
19.1035298618579
30
0
0
VERTEX
8
0
10
44.6349093092361
20
19.2100304246046
30
0
0
VERTEX
8
0
10
44.829821576962
20
19.3212244544414
30
0
0
VERTEX
8
0
10
45.0247338446879
20
19.4276609890167
30
0
0
VERTEX
8
0
10
45.2196461124138
20
19.534165219694
30
0
0
VERTEX
8
0
10
45.4145583801397
20
19.6453371414035
30
0
0
VERTEX
8
0
10
45.6094706478656
20
19.7517756033276
30
0
0
VERTEX
8
0
10
45.8043829155916
20
19.8534980766819
30
0
0
VERTEX
8
0
10
45.9992951833175
20
19.960267611451
30
0
0
VERTEX
8
0
10
46.1942074510434
20
20.0623192027808
30
0
0
VERTEX
8
0
10
46.3891197187693
20
20.1644261654707
30
0
0
VERTEX
8
0
10
46.5840319864952
20
20.2711478979044
30
0
0
VERTEX
8
0
10
46.7789442542211
20
20.3731728247981
30
0
0
VERTEX
8
0
10
46.9738565219471
20
20.4752510163647
30
0
0
VERTEX
8
0
10
47.168768789673
20
20.5819219002404
30
0
0
VERTEX
8
0
10
47.3636810573989
20
20.683917131844
30
0
0
VERTEX
8
0
10
47.5585933251248
20
20.7859635900311
30
0
0
VERTEX
8
0
10
47.7535055928507
20
20.8925806883451
30
0
0
VERTEX
8
0
10
47.9484178605767
20
20.9945433098986
30
0
0
VERTEX
8
0
10
48.1433301283026
20
21.0965551847887
30
0
0
VERTEX
8
0
10
48.3382423960285
20
21.2079376315939
30
0
0
VERTEX
8
0
10
48.5331546637544
20
21.3186902999485
30
0
0
VERTEX
8
0
10
48.7280669314803
20
21.4295044648787
30
0
0
VERTEX
8
0
10
48.9229791992062
20
21.5448525645716
30
0
0
VERTEX
8
0
10
49.1178914669322
20
21.6556072873159
30
0
0
VERTEX
8
0
10
49.3128037346581
20
21.7664210023003
30
0
0
VERTEX
8
0
10
49.507716002384
20
21.8817406863486
30
0
0
VERTEX
8
0
10
49.7026282701099
20
21.9924932107546
30
0
0
VERTEX
8
0
10
49.8975405378358
20
22.1033023208701
30
0
0
VERTEX
8
0
10
50.0924528055617
20
22.2185896527384
30
0
0
VERTEX
8
0
10
50.2873650732877
20
22.3293359265908
30
0
0
VERTEX
8
0
10
50.4822773410136
20
22.4401364714654
30
0
0
VERTEX
8
0
10
50.6771896087395
20
22.5553876916211
30
0
0
VERTEX
8
0
10
50.8721018764654
20
22.6661238495694
30
0
0
VERTEX
8
0
10
51.0670141441913
20
22.7877437524728
30
0
0
VERTEX
8
0
10
51.2619264119173
20
22.9138014325886
30
0
0
VERTEX
8
0
10
51.4568386796432
20
23.0353925300879
30
0
0
VERTEX
8
0
10
51.6517509473691
20
23.157053554383
30
0
0
VERTEX
8
0
10
51.846663215095
20
23.2831202018998
30
0
0
VERTEX
8
0
10
52.0415754828209
20
23.4047514026337
30
0
0
VERTEX
8
0
10
52.2364877505469
20
23.5264495047114
30
0
0
VERTEX
8
0
10
52.4314000182728
20
23.6525194788945
30
0
0
VERTEX
8
0
10
52.6263122859987
20
23.7741848850195
30
0
0
VERTEX
8
0
10
52.8212245537246
20
23.8959143025675
30
0
0
VERTEX
8
0
10
53.0161368214505
20
24.0219822619615
30
0
0
VERTEX
8
0
10
53.2110490891764
20
24.1436762877909
30
0
0
VERTEX
8
0
10
53.4059613569024
20
24.2654315618221
30
0
0
VERTEX
8
0
10
53.6008736246283
20
24.3914924426862
30
0
0
VERTEX
8
0
10
53.7957858923542
20
24.5197788852838
30
0
0
VERTEX
8
0
10
53.9906981600801
20
24.6460858220982
30
0
0
VERTEX
8
0
10
54.185610427806
20
24.7766718480336
30
0
0
VERTEX
8
0
10
54.3805226955319
20
24.9029550991992
30
0
0
VERTEX
8
0
10
54.5754349632579
20
25.0293028654961
30
0
0
VERTEX
8
0
10
54.7703472309838
20
25.1598948731656
30
0
0
VERTEX
8
0
10
54.9652594987097
20
25.2862159886256
30
0
0
VERTEX
8
0
10
55.1601717664356
20
25.4125987892742
30
0
0
VERTEX
8
0
10
55.3550840341615
20
25.5431914255768
30
0
0
VERTEX
8
0
10
55.5499963018875
20
25.6695447893186
30
0
0
VERTEX
8
0
10
55.7449085696134
20
25.7959571324891
30
0
0
VERTEX
8
0
10
55.9398208373393
20
25.926545322409
30
0
0
VERTEX
8
0
10
56.1347331050652
20
26.0529256086989
30
0
0
VERTEX
8
0
10
56.3296453727911
20
26.1740311763587
30
0
0
VERTEX
8
0
10
56.524557640517
20
26.298721142232
30
0
0
VERTEX
8
0
10
56.719469908243
20
26.4192237284763
30
0
0
VERTEX
8
0
10
56.9143821759689
20
26.5397706488366
30
0
0
VERTEX
8
0
10
57.1092944436948
20
26.6644215879071
30
0
0
VERTEX
8
0
10
57.3042067114207
20
26.7849136953823
30
0
0
VERTEX
8
0
10
57.4991189791466
20
26.9054481756554
30
0
0
VERTEX
8
0
10
57.6940312468725
20
27.0300567661223
30
0
0
VERTEX
8
0
10
57.8889435145985
20
27.1505349362369
30
0
0
VERTEX
8
0
10
58.0838557823244
20
27.2710535885301
30
0
0
VERTEX
8
0
10
58.2787680500503
20
27.3956166518549
30
0
0
VERTEX
8
0
10
58.4736803177762
20
27.5160775774278
30
0
0
VERTEX
8
0
10
58.6685925855021
20
27.6365771614489
30
0
0
VERTEX
8
0
10
58.8635048532281
20
27.761091653768
30
0
0
VERTEX
8
0
10
59.058417120954
20
27.8815321700467
30
0
0
VERTEX
8
0
10
59.2533293886799
20
28.0020095843944
30
0
0
VERTEX
8
0
10
59.4482416564058
20
28.1264725886027
30
0
0
VERTEX
8
0
10
59.6431539241317
20
28.2468896649669
30
0
0
VERTEX
8
0
10
59.8380661918576
20
28.3673419390843
30
0
0
VERTEX
8
0
10
60.0329784595836
20
28.4917506575301
30
0
0
VERTEX
8
0
10
60.2278907273095
20
28.6121413898205
30
0
0
VERTEX
8
0
10
60.4228029950354
20
28.7325656765524
30
0
0
VERTEX
8
0
10
60.6177152627613
20
28.8569174242907
30
0
0
VERTEX
8
0
10
60.8126275304872
20
28.9772790277084
30
0
0
VERTEX
8
0
10
61.0075397982132
20
29.097672596412
30
0
0
VERTEX
8
0
10
61.2024520659391
20
29.221964794966
30
0
0
VERTEX
8
0
10
61.397364333665
20
29.3422945974957
30
0
0
VERTEX
8
0
10
61.5922766013909
20
29.4561698530766
30
0
0
VERTEX
8
0
10
61.7871888691168
20
29.5724143888415
30
0
0
VERTEX
8
0
10
61.9821011368427
20
29.6847145180389
30
0
0
VERTEX
8
0
10
62.1770134045687
20
29.7970349102371
30
0
0
VERTEX
8
0
10
62.3719256722946
20
29.9131930389059
30
0
0
VERTEX
8
0
10
62.5668379400205
20
30.0254314793664
30
0
0
VERTEX
8
0
10
62.7617502077464
20
30.137689025095
30
0
0
VERTEX
8
0
10
62.9566624754723
20
30.2537590803701
30
0
0
VERTEX
8
0
10
63.1515747431982
20
30.3659341816624
30
0
0
VERTEX
8
0
10
63.3464870109242
20
30.4781272598225
30
0
0
VERTEX
8
0
10
63.5413992786501
20
30.5941076246113
30
0
0
VERTEX
8
0
10
63.736311546376
20
30.7062177880071
30
0
0
VERTEX
8
0
10
63.9312238141019
20
30.8183448279694
30
0
0
VERTEX
8
0
10
64.1261360818278
20
30.9342339318905
30
0
0
VERTEX
8
0
10
64.3210483495537
20
31.0428906874646
30
0
0
VERTEX
8
0
10
64.5159606172797
20
31.1522718880661
30
0
0
VERTEX
8
0
10
64.7108728850056
20
31.2653886676303
30
0
0
VERTEX
8
0
10
64.9057851527315
20
31.3746817511672
30
0
0
VERTEX
8
0
10
65.1006974204574
20
31.4839872362226
30
0
0
VERTEX
8
0
10
65.2956096881833
20
31.5970037795099
30
0
0
VERTEX
8
0
10
65.4905219559093
20
31.706219756177
30
0
0
VERTEX
8
0
10
65.6854342236352
20
31.8154449712755
30
0
0
VERTEX
8
0
10
65.8803464913611
20
31.9283512539604
30
0
0
VERTEX
8
0
10
66.075258759087
20
32.0374681984119
30
0
0
VERTEX
8
0
10
66.2701710268129
20
32.1465738299583
30
0
0
VERTEX
8
0
10
66.4650832945389
20
32.2592979565113
30
0
0
VERTEX
8
0
10
66.6599955622648
20
32.3682420091999
30
0
0
VERTEX
8
0
10
66.8549078299907
20
32.4747415546574
30
0
0
VERTEX
8
0
10
67.0498200977166
20
32.5838615482981
30
0
0
VERTEX
8
0
10
67.2447323654425
20
32.6892393540036
30
0
0
VERTEX
8
0
10
67.4396446331684
20
32.7945849314261
30
0
0
VERTEX
8
0
10
67.6345569008944
20
32.9034539480379
30
0
0
VERTEX
8
0
10
67.8294691686203
20
33.0086238975505
30
0
0
VERTEX
8
0
10
68.0243814363462
20
33.1137618809311
30
0
0
VERTEX
8
0
10
68.2192937040721
20
33.2223831257139
30
0
0
VERTEX
8
0
10
68.414205971798
20
33.3273481825095
30
0
0
VERTEX
8
0
10
68.609118239524
20
33.4322815858796
30
0
0
VERTEX
8
0
10
68.8040305072499
20
33.5406584389349
30
0
0
VERTEX
8
0
10
68.9989427749758
20
33.6454215707229
30
0
0
VERTEX
8
0
10
69.1938550427017
20
33.7501533500601
30
0
0
VERTEX
8
0
10
69.3887673104276
20
33.8582891046055
30
0
0
VERTEX
8
0
10
69.5836795781535
20
33.9636443732404
30
0
0
VERTEX
8
0
10
69.7785918458795
20
34.0688529292231
30
0
0
VERTEX
8
0
10
69.9735041136054
20
34.1774265753134
30
0
0
VERTEX
8
0
10
70.1684163813313
20
34.2824708388072
30
0
0
VERTEX
8
0
10
70.3633286490572
20
34.3874847842491
30
0
0
VERTEX
8
0
10
70.5582409167831
20
34.4958248027929
30
0
0
VERTEX
8
0
10
70.753153184509
20
34.6006769023922
30
0
0
VERTEX
8
0
10
70.948065452235
20
34.7054989442808
30
0
0
VERTEX
8
0
10
71.1429777199609
20
34.8136083680109
30
0
0
VERTEX
8
0
10
71.3378899876868
20
34.9182709464958
30
0
0
VERTEX
8
0
10
71.5328022554127
20
35.0229037169126
30
0
0
VERTEX
8
0
10
71.7277145231386
20
35.1307854979235
30
0
0
VERTEX
8
0
10
71.9226267908646
20
35.2352611261678
30
0
0
VERTEX
8
0
10
72.1175390585905
20
35.3053848362817
30
0
0
VERTEX
8
0
10
72.3124513263164
20
35.3581507565842
30
0
0
VERTEX
8
0
10
72.5073635940423
20
35.407543755582
30
0
0
VERTEX
8
0
10
72.7022758617682
20
35.4569034519187
30
0
0
VERTEX
8
0
10
72.8971881294941
20
35.5094551708927
30
0
0
VERTEX
8
0
10
73.0921003972201
20
35.5586580043951
30
0
0
VERTEX
8
0
10
73.287012664946
20
35.6078271021744
30
0
0
VERTEX
8
0
10
73.4819249326719
20
35.6601643816714
30
0
0
VERTEX
8
0
10
73.6768372003978
20
35.709176967739
30
0
0
VERTEX
8
0
10
73.8717494681237
20
35.7581553985113
30
0
0
VERTEX
8
0
10
74.0666617358497
20
35.8102780318566
30
0
0
VERTEX
8
0
10
74.2615740035756
20
35.8591003138741
30
0
0
VERTEX
8
0
10
74.4564862713015
20
35.9078880342531
30
0
0
VERTEX
8
0
10
74.6513985390274
20
35.9597958455708
30
0
0
VERTEX
8
0
10
74.8463108067533
20
35.9924225361972
30
0
0
VERTEX
8
0
10
75.0412230744792
20
36.0261876836641
30
0
0
VERTEX
8
0
10
75.2361353422052
20
36.0630627142264
30
0
0
VERTEX
8
0
10
75.4310476099311
20
36.0966936733127
30
0
0
VERTEX
8
0
10
75.625959877657
20
36.130299147474
30
0
0
VERTEX
8
0
10
75.8208721453829
20
36.166993630221
30
0
0
VERTEX
8
0
10
76.0157844131088
20
36.2004646191449
30
0
0
VERTEX
8
0
10
76.2106966808347
20
36.2339094707324
30
0
0
VERTEX
8
0
10
76.4056089485607
20
36.2704222552282
30
0
0
VERTEX
8
0
10
76.6005212162866
20
36.3037323461713
30
0
0
VERTEX
8
0
10
76.7954334840125
20
36.3370156630201
30
0
0
VERTEX
8
0
10
76.9903457517384
20
36.3733456421112
30
0
0
VERTEX
8
0
10
77.1852580194643
20
36.4064939439536
30
0
0
VERTEX
8
0
10
77.3801702871903
20
36.4364067019897
30
0
0
VERTEX
8
0
10
77.5750825549162
20
36.4665213631296
30
0
0
VERTEX
8
0
10
77.7699948226421
20
36.4934805583532
30
0
0
VERTEX
8
0
10
77.964907090368
20
36.5204169876613
30
0
0
VERTEX
8
0
10
78.1598193580939
20
36.5503644520414
30
0
0
VERTEX
8
0
10
78.3547316258199
20
36.577176238665
30
0
0
VERTEX
8
0
10
78.5496438935458
20
36.6039645643734
30
0
0
VERTEX
8
0
10
78.7445561612717
20
36.6337434612544
30
0
0
VERTEX
8
0
10
78.9394684289976
20
36.6604066991763
30
0
0
VERTEX
8
0
10
79.1343806967235
20
36.6870457964155
30
0
0
VERTEX
8
0
10
79.3292929644494
20
36.7166547985918
30
0
0
VERTEX
8
0
10
79.5242052321754
20
36.7431683849009
30
0
0
VERTEX
8
0
10
79.7191174999013
20
36.7696571657799
30
0
0
VERTEX
8
0
10
79.9140297676272
20
36.7990949889241
30
0
0
VERTEX
8
0
10
80.1089420353531
20
36.8287369977714
30
0
0
VERTEX
8
0
10
80.303854303079
20
36.8584019834514
30
0
0
VERTEX
8
0
10
80.4987665708049
20
36.8909913180214
30
0
0
VERTEX
8
0
10
80.6936788385309
20
36.9205240966908
30
0
0
VERTEX
8
0
10
80.8885911062568
20
36.9500279815202
30
0
0
VERTEX
8
0
10
81.0835033739827
20
36.9824342506003
30
0
0
VERTEX
8
0
10
81.2784156417086
20
37.0118057035981
30
0
0
VERTEX
8
0
10
81.4733279094345
20
37.0411476971915
30
0
0
VERTEX
8
0
10
81.6682401771605
20
37.0733699480112
30
0
0
VERTEX
8
0
10
81.8631524448864
20
37.1025793043371
30
0
0
VERTEX
8
0
10
82.0580647126123
20
37.1317586496322
30
0
0
VERTEX
8
0
10
82.2529769803382
20
37.1637959682164
30
0
0
VERTEX
8
0
10
82.4478892480641
20
37.1928424898776
30
0
0
VERTEX
8
0
10
82.64280151579
20
37.2218584626214
30
0
0
VERTEX
8
0
10
82.837713783516
20
37.2651348840549
30
0
0
VERTEX
8
0
10
83.0326260512419
20
37.3019579617895
30
0
0
VERTEX
8
0
10
83.2275383189678
20
37.3387447798574
30
0
0
VERTEX
8
0
10
83.4224505866937
20
37.3783367222548
30
0
0
VERTEX
8
0
10
83.6173628544196
20
37.4149796144049
30
0
0
VERTEX
8
0
10
83.8122751221456
20
37.451585872846
30
0
0
VERTEX
8
0
10
84.0071873898715
20
37.4909729106425
30
0
0
VERTEX
8
0
10
84.2020996575974
20
37.5274354376136
30
0
0
VERTEX
8
0
10
84.3970119253233
20
37.5638609687723
30
0
0
VERTEX
8
0
10
84.5919241930492
20
37.6030428396919
30
0
0
VERTEX
8
0
10
84.7868364607751
20
37.6393248476613
30
0
0
VERTEX
8
0
10
84.9817487285011
20
37.6755695094768
30
0
0
VERTEX
8
0
10
85.176660996227
20
37.7145459815607
30
0
0
VERTEX
8
0
10
85.3715732639529
20
37.7577008827261
30
0
0
VERTEX
8
0
10
85.5664855316788
20
37.8016792129322
30
0
0
VERTEX
8
0
10
85.7613977994047
20
37.8483599493976
30
0
0
VERTEX
8
0
10
85.9563100671306
20
37.8921884721594
30
0
0
VERTEX
8
0
10
86.1512223348566
20
37.9359759514829
30
0
0
VERTEX
8
0
10
86.3461346025825
20
37.9824395967436
30
0
0
VERTEX
8
0
10
86.5410468703084
20
38.0260778329541
30
0
0
VERTEX
8
0
10
86.7359591380343
20
38.0696748412769
30
0
0
VERTEX
8
0
10
86.9308714057602
20
38.1159217415756
30
0
0
VERTEX
8
0
10
87.1257836734862
20
38.1593700788496
30
0
0
VERTEX
8
0
10
87.3206959412121
20
38.2027770130909
30
0
0
VERTEX
8
0
10
87.515608208938
20
38.2488075356496
30
0
0
VERTEX
8
0
10
87.7105204766639
20
38.2920663785295
30
0
0
VERTEX
8
0
10
87.9054327443898
20
38.3352836524063
30
0
0
VERTEX
8
0
10
88.1003450121157
20
38.3828678468906
30
0
0
VERTEX
8
0
10
88.2952572798417
20
38.4272539928448
30
0
0
VERTEX
8
0
10
88.4901695475676
20
38.4715981252576
30
0
0
VERTEX
8
0
10
88.6850818152935
20
38.5185124948802
30
0
0
VERTEX
8
0
10
88.8799940830194
20
38.5627090812069
30
0
0
VERTEX
8
0
10
89.0749063507453
20
38.6068635262802
30
0
0
VERTEX
8
0
10
89.2698186184712
20
38.6535616003571
30
0
0
VERTEX
8
0
10
89.4647308861972
20
38.6975691493436
30
0
0
VERTEX
8
0
10
89.6596431539231
20
38.7415344378462
30
0
0
VERTEX
8
0
10
89.854555421649
20
38.7880167396531
30
0
0
VERTEX
8
0
10
90.0494676893749
20
38.8318357884015
30
0
0
VERTEX
8
0
10
90.2443799571008
20
38.8756124658082
30
0
0
VERTEX
8
0
10
90.4392922248268
20
38.9218795369049
30
0
0
VERTEX
8
0
10
90.6342044925527
20
38.9660346693559
30
0
0
VERTEX
8
0
10
90.8291167602786
20
39.0102806128987
30
0
0
VERTEX
8
0
10
91.0240290280045
20
39.05699011559
30
0
0
VERTEX
8
0
10
91.2189412957304
20
39.1010909219496
30
0
0
VERTEX
8
0
10
91.4138535634563
20
39.1451490704187
30
0
0
VERTEX
8
0
10
91.6087658311823
20
39.1916440475736
30
0
0
VERTEX
8
0
10
91.8036780989082
20
39.2355577563627
30
0
0
VERTEX
8
0
10
91.9985903666341
20
39.2794287302578
30
0
0
VERTEX
8
0
10
92.19350263436
20
39.3257098123226
30
0
0
VERTEX
8
0
10
92.3884149020859
20
39.3694370496894
30
0
0
VERTEX
8
0
10
92.5833271698119
20
39.4131214829699
30
0
0
VERTEX
8
0
10
92.7782394375378
20
39.4591893172026
30
0
0
VERTEX
8
0
10
92.9731517052637
20
39.5027307227082
30
0
0
VERTEX
8
0
10
93.1680639729896
20
39.546229262655
30
0
0
VERTEX
8
0
10
93.3629762407155
20
39.5888006507571
30
0
0
VERTEX
8
0
10
93.5578885084415
20
39.6295306844762
30
0
0
VERTEX
8
0
10
93.7528007761674
20
39.670218119137
30
0
0
VERTEX
8
0
10
93.9477130438933
20
39.7132365711832
30
0
0
VERTEX
8
0
10
94.1426253116192
20
39.7537831611263
30
0
0
VERTEX
8
0
10
94.3375375793451
20
39.7942870696698
30
0
0
VERTEX
8
0
10
94.532449847071
20
39.8370957663143
30
0
0
VERTEX
8
0
10
94.7273621147969
20
39.8774594705199
30
0
0
VERTEX
8
0
10
94.9222743825229
20
39.917780419016
30
0
0
VERTEX
8
0
10
95.1171866502488
20
39.9603799397582
30
0
0
VERTEX
8
0
10
95.3120989179747
20
40.0005613313016
30
0
0
VERTEX
8
0
10
95.5070111857006
20
40.0406999007672
30
0
0
VERTEX
8
0
10
95.7019234534265
20
40.0830908433893
30
0
0
VERTEX
8
0
10
95.8968357211525
20
40.1221678559924
30
0
0
VERTEX
8
0
10
96.0917479888784
20
40.1608130449014
30
0
0
VERTEX
8
0
10
96.2866602566043
20
40.2016847986342
30
0
0
VERTEX
8
0
10
96.4815725243302
20
40.2401921499927
30
0
0
VERTEX
8
0
10
96.6764847920561
20
40.2786567276683
30
0
0
VERTEX
8
0
10
96.8713970597821
20
40.3193219128305
30
0
0
VERTEX
8
0
10
97.066309327508
20
40.3576492797351
30
0
0
VERTEX
8
0
10
97.2612215952339
20
40.3959338125443
30
0
0
VERTEX
8
0
10
97.4561338629598
20
40.4363930159058
30
0
0
VERTEX
8
0
10
97.6510461306857
20
40.4745409722135
30
0
0
VERTEX
8
0
10
97.8459583984116
20
40.5126460418771
30
0
0
VERTEX
8
0
10
98.0408706661376
20
40.5528998688373
30
0
0
VERTEX
8
0
10
98.2357829338635
20
40.590869003697
30
0
0
VERTEX
8
0
10
98.4306952015894
20
40.6287952071453
30
0
0
VERTEX
8
0
10
98.6256074693153
20
40.6680866586809
30
0
0
VERTEX
8
0
10
98.8205197370412
20
40.7052225600068
30
0
0
VERTEX
8
0
10
99.0154320047671
20
40.7423155638998
30
0
0
VERTEX
8
0
10
99.2103442724931
20
40.7815057941947
30
0
0
VERTEX
8
0
10
99.405256540219
20
40.818464334198
30
0
0
VERTEX
8
0
10
99.6001688079449
20
40.8553799389432
30
0
0
VERTEX
8
0
10
99.7950810756708
20
40.8943670382735
30
0
0
VERTEX
8
0
10
99.9899933433967
20
40.9311488232391
30
0
0
VERTEX
8
0
10
100.184905611123
20
40.9678876427944
30
0
0
VERTEX
8
0
10
100.379817878849
20
41.0066722586594
30
0
0
VERTEX
8
0
10
100.574730146574
20
41.0432779100819
30
0
0
VERTEX
8
0
10
100.7696424143
20
41.0798405735416
30
0
0
VERTEX
8
0
10
100.964554682026
20
41.1184233717368
30
0
0
VERTEX
8
0
10
101.159466949752
20
41.1560505959578
30
0
0
VERTEX
8
0
10
101.354379217478
20
41.1944012385558
30
0
0
VERTEX
8
0
10
101.549291485204
20
41.2347460355547
30
0
0
VERTEX
8
0
10
101.74420375293
20
41.2729645425177
30
0
0
VERTEX
8
0
10
101.939116020656
20
41.3111399508855
30
0
0
VERTEX
8
0
10
102.134028288382
20
41.3512836759323
30
0
0
VERTEX
8
0
10
102.328940556108
20
41.3893276780389
30
0
0
VERTEX
8
0
10
102.523852823834
20
41.4273286048431
30
0
0
VERTEX
8
0
10
102.71876509156
20
41.4672720651497
30
0
0
VERTEX
8
0
10
102.913677359286
20
41.5051423214495
30
0
0
VERTEX
8
0
10
103.108589627011
20
41.5429695327169
30
0
0
VERTEX
8
0
10
103.303501894737
20
41.5827135517955
30
0
0
VERTEX
8
0
10
103.498414162463
20
41.6204108346693
30
0
0
VERTEX
8
0
10
103.693326430189
20
41.6580651096997
30
0
0
VERTEX
8
0
10
103.888238697915
20
41.6920476629358
30
0
0
VERTEX
8
0
10
104.083150965641
20
41.7243387296228
30
0
0
VERTEX
8
0
10
104.278063233367
20
41.7565871091696
30
0
0
VERTEX
8
0
10
104.472975501093
20
41.7907022602026
30
0
0
VERTEX
8
0
10
104.667887768819
20
41.8228229286811
30
0
0
VERTEX
8
0
10
104.862800036545
20
41.8549008997627
30
0
0
VERTEX
8
0
10
105.057712304271
20
41.8888207359356
30
0
0
VERTEX
8
0
10
105.252624571997
20
41.9207716158628
30
0
0
VERTEX
8
0
10
105.447536839722
20
41.9526797957504
30
0
0
VERTEX
8
0
10
105.642449107448
20
41.9864049818302
30
0
0
VERTEX
8
0
10
105.837361375174
20
42.0181866990721
30
0
0
VERTEX
8
0
10
106.0322736429
20
42.0499257211855
30
0
0
VERTEX
8
0
10
106.227185910626
20
42.0834569411954
30
0
0
VERTEX
8
0
10
106.422098178352
20
42.116081877567
30
0
0
VERTEX
8
0
10
106.617010446078
20
42.1496134417273
30
0
0
VERTEX
8
0
10
106.811922713804
20
42.1849121247723
30
0
0
VERTEX
8
0
10
107.00683498153
20
42.218318212298
30
0
0
VERTEX
8
0
10
107.201747249256
20
42.2516815404698
30
0
0
VERTEX
8
0
10
107.396659516982
20
42.2867870671241
30
0
0
VERTEX
8
0
10
107.591571784708
20
42.3200256242588
30
0
0
VERTEX
8
0
10
107.786484052433
20
42.3532214714257
30
0
0
VERTEX
8
0
10
107.981396320159
20
42.3881346642268
30
0
0
VERTEX
8
0
10
108.176308587885
20
42.4212064535415
30
0
0
VERTEX
8
0
10
108.371220855611
20
42.4542355893006
30
0
0
VERTEX
8
0
10
108.566133123337
20
42.4889572883259
30
0
0
VERTEX
8
0
10
108.761045391063
20
42.5218630869734
30
0
0
VERTEX
8
0
10
108.955957658789
20
42.554726295454
30
0
0
VERTEX
8
0
10
109.150869926515
20
42.5860911522959
30
0
0
VERTEX
8
0
10
109.345782194241
20
42.6155644514084
30
0
0
VERTEX
8
0
10
109.540694461967
20
42.6449953442855
30
0
0
VERTEX
8
0
10
109.735606729693
20
42.676070074598
30
0
0
VERTEX
8
0
10
109.930518997419
20
42.7053794062574
30
0
0
VERTEX
8
0
10
110.125431265144
20
42.7346463732035
30
0
0
VERTEX
8
0
10
110.32034353287
20
42.765532960582
30
0
0
VERTEX
8
0
10
110.515255800596
20
42.7946790280817
30
0
0
VERTEX
8
0
10
110.710168068322
20
42.8237827797074
30
0
0
VERTEX
8
0
10
110.905080336048
20
42.8544820044594
30
0
0
VERTEX
8
0
10
111.099992603774
20
42.883465527152
30
0
0
VERTEX
8
0
10
111.2949048715
20
42.91240679008
30
0
0
VERTEX
8
0
10
111.489817139226
20
42.9429194515245
30
0
0
VERTEX
8
0
10
111.684729406952
20
42.9717411647387
30
0
0
VERTEX
8
0
10
111.879641674678
20
43.0005206815228
30
0
0
VERTEX
8
0
10
112.074553942404
20
43.0308475978941
30
0
0
VERTEX
8
0
10
112.26946621013
20
43.0595082528566
30
0
0
VERTEX
8
0
10
112.464378477855
20
43.0881267819033
30
0
0
VERTEX
8
0
10
112.659290745581
20
43.1182687902576
30
0
0
VERTEX
8
0
10
112.854203013307
20
43.1467691540171
30
0
0
VERTEX
8
0
10
113.049115281033
20
43.1752274695127
30
0
0
VERTEX
8
0
10
113.244027548759
20
43.2051854256394
30
0
0
VERTEX
8
0
10
113.438939816485
20
43.2335262809938
30
0
0
VERTEX
8
0
10
113.633852084211
20
43.2618251728321
30
0
0
VERTEX
8
0
10
113.828764351937
20
43.2915999511694
30
0
0
VERTEX
8
0
10
114.023676619663
20
43.3197820965977
30
0
0
VERTEX
8
0
10
114.218588887389
20
43.3479223703133
30
0
0
VERTEX
8
0
10
114.413501155115
20
43.363230118568
30
0
0
VERTEX
8
0
10
114.608413422841
20
43.3749373104881
30
0
0
VERTEX
8
0
10
114.803325690566
20
43.3866060298475
30
0
0
VERTEX
8
0
10
114.998237958292
20
43.3997087854766
30
0
0
VERTEX
8
0
10
115.193150226018
20
43.4112691565857
30
0
0
VERTEX
8
0
10
115.388062493744
20
43.4227909878618
30
0
0
VERTEX
8
0
10
115.58297476147
20
43.4357247927319
30
0
0
VERTEX
8
0
10
115.777887029196
20
43.4471386258641
30
0
0
VERTEX
8
0
10
115.972799296922
20
43.4585138605168
30
0
0
VERTEX
8
0
10
116.167711564648
20
43.471279047628
30
0
0
VERTEX
8
0
10
116.362623832374
20
43.4825466474513
30
0
0
VERTEX
8
0
10
116.5575361001
20
43.4937755987463
30
0
0
VERTEX
8
0
10
116.752448367826
20
43.5063725263961
30
0
0
VERTEX
8
0
10
116.947360635552
20
43.5174942193545
30
0
0
VERTEX
8
0
10
117.142272903278
20
43.5259832852221
30
0
0
VERTEX
8
0
10
117.337185171003
20
43.5364607122305
30
0
0
VERTEX
8
0
10
117.532097438729
20
43.5454858974392
30
0
0
VERTEX
8
0
10
117.727009706455
20
43.5544731139711
30
0
0
VERTEX
8
0
10
117.921921974181
20
43.5647855775023
30
0
0
VERTEX
8
0
10
118.116834241907
20
43.5736678723012
30
0
0
VERTEX
8
0
10
118.311746509633
20
43.5825121543917
30
0
0
VERTEX
8
0
10
118.506658777359
20
43.5926600181116
30
0
0
VERTEX
8
0
10
118.701571045085
20
43.6013997503694
30
0
0
VERTEX
8
0
10
118.896483312811
20
43.6101014345135
30
0
0
VERTEX
8
0
10
119.091395580537
20
43.6200850877311
30
0
0
VERTEX
8
0
10
119.286307848263
20
43.6286826074223
30
0
0
VERTEX
8
0
10
119.481220115989
20
43.6372420522022
30
0
0
VERTEX
8
0
10
119.676132383714
20
43.6470619098287
30
0
0
VERTEX
8
0
10
119.87104465144
20
43.6555175889999
30
0
0
VERTEX
8
0
10
120.065956919166
20
43.6639351750525
30
0
0
VERTEX
8
0
10
120.260869186892
20
43.6735916775643
30
0
0
VERTEX
8
0
10
120.455781454618
20
43.6819059103036
30
0
0
VERTEX
8
0
10
120.650693722344
20
43.6901820402911
30
0
0
VERTEX
8
0
10
120.84560599007
20
43.6996756536962
30
0
0
VERTEX
8
0
10
121.040518257796
20
43.7078488561064
30
0
0
VERTEX
8
0
10
121.235430525522
20
43.7159839546902
30
0
0
VERTEX
8
0
10
121.430342793248
20
43.7253151704991
30
0
0
VERTEX
8
0
10
121.625255060974
20
43.7333477806739
30
0
0
VERTEX
8
0
10
121.8201673287
20
43.7413422944925
30
0
0
VERTEX
8
0
10
122.015079596425
20
43.750511629693
30
0
0
VERTEX
8
0
10
122.209991864151
20
43.7584041076962
30
0
0
VERTEX
8
0
10
122.404904131877
20
43.7678569319705
30
0
0
VERTEX
8
0
10
122.599816399603
20
43.7781589792929
30
0
0
VERTEX
8
0
10
122.794728667329
20
43.7872054660715
30
0
0
VERTEX
8
0
10
122.989640935055
20
43.7962134648557
30
0
0
VERTEX
8
0
10
123.184553202781
20
43.8063533088918
30
0
0
VERTEX
8
0
10
123.379465470507
20
43.8152593339963
30
0
0
VERTEX
8
0
10
123.574377738233
20
43.8241269165239
30
0
0
VERTEX
8
0
10
123.769290005959
20
43.8341051945993
30
0
0
VERTEX
8
0
10
123.964202273685
20
43.8428713237925
30
0
0
VERTEX
8
0
10
124.159114541411
20
43.8515990642315
30
0
0
VERTEX
8
0
10
124.354026809136
20
43.8614164386725
30
0
0
VERTEX
8
0
10
124.548939076862
20
43.8700432592653
30
0
0
VERTEX
8
0
10
124.743851344588
20
43.8786317533218
30
0
0
VERTEX
8
0
10
124.938763612314
20
43.8834021495924
30
0
0
VERTEX
8
0
10
125.13367588004
20
43.8847876159237
30
0
0
VERTEX
8
0
10
125.328588147766
20
43.8861375467418
30
0
0
VERTEX
8
0
10
125.523500415492
20
43.8885386163514
30
0
0
VERTEX
8
0
10
125.718412683218
20
43.889794276004
30
0
0
VERTEX
8
0
10
125.913324950944
20
43.8910144151886
30
0
0
VERTEX
8
0
10
126.10823721867
20
43.8932653567247
30
0
0
VERTEX
8
0
10
126.303149486396
20
43.8943916557087
30
0
0
VERTEX
8
0
10
126.498061754122
20
43.8954824581105
30
0
0
VERTEX
8
0
10
126.692974021847
20
43.8975838081124
30
0
0
VERTEX
8
0
10
126.887886289573
20
43.8985812158287
30
0
0
VERTEX
8
0
10
127.082798557299
20
43.8995431596961
30
0
0
VERTEX
8
0
10
127.277710825025
20
43.9014954817753
30
0
0
VERTEX
8
0
10
127.472623092751
20
43.9023644910483
30
0
0
VERTEX
8
0
10
127.667535360477
20
43.896588321695
30
0
0
VERTEX
8
0
10
127.862447628203
20
43.8926024100277
30
0
0
VERTEX
8
0
10
128.057359895929
20
43.887556606955
30
0
0
VERTEX
8
0
10
128.252272163655
20
43.882478440175
30
0
0
VERTEX
8
0
10
128.447184431381
20
43.87835424714
30
0
0
VERTEX
8
0
10
128.642096699107
20
43.8731901998767
30
0
0
VERTEX
8
0
10
128.837008966833
20
43.8679938038475
30
0
0
VERTEX
8
0
10
129.031921234558
20
43.8637318141438
30
0
0
VERTEX
8
0
10
129.226833502284
20
43.8584499423591
30
0
0
VERTEX
8
0
10
129.42174577001
20
43.8531357459236
30
0
0
VERTEX
8
0
10
129.616658037736
20
43.8487364728493
30
0
0
VERTEX
8
0
10
129.811570305462
20
43.8433372210062
30
0
0
VERTEX
8
0
10
130.006482573188
20
43.8379056778252
30
0
0
VERTEX
8
0
10
130.201394840914
20
43.8329887938085
30
0
0
VERTEX
8
0
10
130.39630710864
20
43.8268317946343
30
0
0
VERTEX
8
0
10
130.591219376366
20
43.8206429228992
30
0
0
VERTEX
8
0
10
130.786131644092
20
43.8153307001812
30
0
0
VERTEX
8
0
10
130.981043911818
20
43.809058421497
30
0
0
VERTEX
8
0
10
131.175956179544
20
43.8027543177002
30
0
0
VERTEX
8
0
10
131.37086844727
20
43.797307690212
30
0
0
VERTEX
8
0
10
131.565780714995
20
43.7909206372557
30
0
0
VERTEX
8
0
10
131.760692982721
20
43.7845018159416
30
0
0
VERTEX
8
0
10
131.955605250447
20
43.7789213965588
30
0
0
VERTEX
8
0
10
132.150517518173
20
43.7724200998327
30
0
0
VERTEX
8
0
10
132.345429785899
20
43.76588710084
30
0
0
VERTEX
8
0
10
132.540342053625
20
43.7601735316706
30
0
0
VERTEX
8
0
10
132.735254321351
20
43.7535585470393
30
0
0
VERTEX
8
0
10
132.930166589077
20
43.7462433657632
30
0
0
VERTEX
8
0
10
133.125078856803
20
43.7397592797832
30
0
0
VERTEX
8
0
10
133.319991124529
20
43.7323935099573
30
0
0
VERTEX
8
0
10
133.514903392255
20
43.7249965698448
30
0
0
VERTEX
8
0
10
133.709815659981
20
43.7183818683183
30
0
0
VERTEX
8
0
10
133.904727927706
20
43.7109047205113
30
0
0
VERTEX
8
0
10
134.099640195432
20
43.7033964926236
30
0
0
VERTEX
8
0
10
134.294552463158
20
43.6966518910653
30
0
0
VERTEX
8
0
10
134.489464730884
20
43.6890639845999
30
0
0
VERTEX
8
0
10
134.68437699861
20
43.681445097762
30
0
0
VERTEX
8
0
10
134.879289266336
20
43.6745713415509
30
0
0
VERTEX
8
0
10
135.074201534062
20
43.6668733216781
30
0
0
VERTEX
8
0
10
135.269113801788
20
43.6591444306803
30
0
0
VERTEX
8
0
10
135.464026069514
20
43.6486424644215
30
0
0
VERTEX
8
0
10
135.65893833724
20
43.6338432285893
30
0
0
VERTEX
8
0
10
135.853850604966
20
43.6190179543913
30
0
0
VERTEX
8
0
10
136.048762872692
20
43.6049063038788
30
0
0
VERTEX
8
0
10
136.243675140417
20
43.5900125418728
30
0
0
VERTEX
8
0
10
136.438587408143
20
43.5750928348618
30
0
0
VERTEX
8
0
10
136.633499675869
20
43.5608689311494
30
0
0
VERTEX
8
0
10
136.828411943595
20
43.5458812512742
30
0
0
VERTEX
8
0
10
137.023324211321
20
43.5308677298232
30
0
0
VERTEX
8
0
10
137.218236479047
20
43.516532307125
30
0
0
VERTEX
8
0
10
137.413148746773
20
43.5014513456993
30
0
0
VERTEX
8
0
10
137.608061014499
20
43.4863446562573
30
0
0
VERTEX
8
0
10
137.802973282225
20
43.4718984811819
30
0
0
VERTEX
8
0
10
137.997885549951
20
43.4567249027275
30
0
0
VERTEX
8
0
10
138.192797817677
20
43.4433348038924
30
0
0
VERTEX
8
0
10
138.387710085403
20
43.4306746820282
30
0
0
VERTEX
8
0
10
138.582622353128
20
43.4173038191518
30
0
0
VERTEX
8
0
10
138.777534620854
20
43.4039060929083
30
0
0
VERTEX
8
0
10
138.97244688858
20
43.3911325582283
30
0
0
VERTEX
8
0
10
139.167359156306
20
43.3776662949587
30
0
0
VERTEX
8
0
10
139.362271424032
20
43.3641733200265
30
0
0
VERTEX
8
0
10
139.557183691758
20
43.3512872670314
30
0
0
VERTEX
8
0
10
139.752095959484
20
43.3377263782846
30
0
0
VERTEX
8
0
10
139.94700822721
20
43.3241389398362
30
0
0
VERTEX
8
0
10
140.141920494936
20
43.311141295767
30
0
0
VERTEX
8
0
10
140.336832762662
20
43.2974865849637
30
0
0
VERTEX
8
0
10
140.531745030388
20
43.2838054967383
30
0
0
VERTEX
8
0
10
140.726657298114
20
43.2706972217885
30
0
0
VERTEX
8
0
10
140.921569565839
20
43.2542940011092
30
0
0
VERTEX
8
0
10
141.116481833565
20
43.2386338144078
30
0
0
VERTEX
8
0
10
141.311394101291
20
43.2235310674907
30
0
0
VERTEX
8
0
10
141.506306369017
20
43.2078077078478
30
0
0
VERTEX
8
0
10
141.701218636743
20
43.1920597117249
30
0
0
VERTEX
8
0
10
141.896130904469
20
43.1768525450528
30
0
0
VERTEX
8
0
10
142.091043172195
20
43.1610420567644
30
0
0
VERTEX
8
0
10
142.285955439921
20
43.1452071288174
30
0
0
VERTEX
8
0
10
142.480867707647
20
43.1298965755543
30
0
0
VERTEX
8
0
10
142.675779975373
20
43.1139998553842
30
0
0
VERTEX
8
0
10
142.870692243099
20
43.0980789031103
30
0
0
VERTEX
8
0
10
143.065604510825
20
43.0826660308829
30
0
0
VERTEX
8
0
10
143.260516778551
20
43.066684005644
30
0
0
VERTEX
8
0
10
143.455429046276
20
43.0496012896348
30
0
0
VERTEX
8
0
10
143.650341314002
20
43.032835731543
30
0
0
VERTEX
8
0
10
143.845253581728
20
43.015518835878
30
0
0
VERTEX
8
0
10
144.040165849454
20
42.998179114817
30
0
0
VERTEX
8
0
10
144.23507811718
20
42.9813164121597
30
0
0
VERTEX
8
0
10
144.429990384906
20
42.9639190431593
30
0
0
VERTEX
8
0
10
144.624902652632
20
42.9464990855814
30
0
0
VERTEX
8
0
10
144.819814920358
20
42.9295403964331
30
0
0
VERTEX
8
0
10
145.014727188084
20
42.9120635609092
30
0
0
VERTEX
8
0
10
145.20963945581
20
42.8945643847826
30
0
0
VERTEX
8
0
10
145.404551723536
20
42.8775109031746
30
0
0
VERTEX
8
0
10
145.599463991262
20
42.8599556393292
30
0
0
VERTEX
8
0
10
145.794376258987
20
42.8423782940955
30
0
0
VERTEX
8
0
10
145.989288526713
20
42.8252312503007
30
0
0
VERTEX
8
0
10
146.184200794439
20
42.8010587421462
30
0
0
VERTEX
8
0
10
146.379113062165
20
42.7784277393862
30
0
0
VERTEX
8
0
10
146.574025329891
20
42.7562162908982
30
0
0
VERTEX
8
0
10
146.768937597617
20
42.7335394704932
30
0
0
VERTEX
8
0
10
146.963849865343
20
42.7108454090725
30
0
0
VERTEX
8
0
10
147.158762133069
20
42.6885560217935
30
0
0
VERTEX
8
0
10
147.353674400795
20
42.6658169803712
30
0
0
VERTEX
8
0
10
147.548586668521
20
42.6430609872365
30
0
0
VERTEX
8
0
10
147.743498936247
20
42.6206949736102
30
0
0
VERTEX
8
0
10
147.938411203973
20
42.5978948603986
30
0
0
VERTEX
8
0
10
148.133323471698
20
42.5750780969475
30
0
0
VERTEX
8
0
10
148.328235739424
20
42.5526368089888
30
0
0
VERTEX
8
0
10
148.52314800715
20
42.5297768078875
30
0
0
VERTEX
8
0
10
148.718060274876
20
42.5073744661616
30
0
0
VERTEX
8
0
10
148.912972542602
20
42.4854776043444
30
0
0
VERTEX
8
0
10
149.107884810328
20
42.4631766672905
30
0
0
VERTEX
8
0
10
149.302797078054
20
42.4408591398798
30
0
0
VERTEX
8
0
10
149.49770934578
20
42.4188880670531
30
0
0
VERTEX
8
0
10
149.692621613506
20
42.3965279700642
30
0
0
VERTEX
8
0
10
149.887533881232
20
42.3741516209559
30
0
0
VERTEX
8
0
10
150.082446148958
20
42.3521078107341
30
0
0
VERTEX
8
0
10
150.277358416684
20
42.3296898430228
30
0
0
VERTEX
8
0
10
150.472270684409
20
42.3072559739679
30
0
0
VERTEX
8
0
10
150.667182952135
20
42.2851409407603
30
0
0
VERTEX
8
0
10
150.862095219861
20
42.262666427294
30
0
0
VERTEX
8
0
10
151.057007487587
20
42.2401763759124
30
0
0
VERTEX
8
0
10
151.251919755313
20
42.2179916753086
30
0
0
VERTEX
8
0
10
151.446832023039
20
42.1932135761756
30
0
0
VERTEX
8
0
10
151.641744290765
20
42.1688263548587
30
0
0
VERTEX
8
0
10
151.836656558491
20
42.1447330478188
30
0
0
VERTEX
8
0
10
152.031568826217
20
42.1203107780665
30
0
0
VERTEX
8
0
10
152.226481093943
20
42.0958755192712
30
0
0
VERTEX
8
0
10
152.421393361669
20
42.0717211811676
30
0
0
VERTEX
8
0
10
152.616305629395
20
42.0472519231786
30
0
0
VERTEX
8
0
10
152.81121789712
20
42.022770081215
30
0
0
VERTEX
8
0
10
153.006130164846
20
41.9985563974064
30
0
0
VERTEX
8
0
10
153.201042432572
20
41.9740416303024
30
0
0
VERTEX
8
0
10
153.395954700298
20
41.9495146977139
30
0
0
VERTEX
8
0
10
153.590866968024
20
41.9252433973811
30
0
0
VERTEX
8
0
10
153.78577923575
20
41.9006846387766
30
0
0
VERTEX
8
0
10
153.980691503476
20
41.8815103052634
30
0
0
VERTEX
8
0
10
154.175603771202
20
41.8652047228934
30
0
0
VERTEX
8
0
10
154.370516038928
20
41.8486181640906
30
0
0
VERTEX
8
0
10
154.565428306654
20
41.8320133556869
30
0
0
VERTEX
8
0
10
154.76034057438
20
41.8156326793427
30
0
0
VERTEX
8
0
10
154.955252842106
20
41.7989843513172
30
0
0
VERTEX
8
0
10
155.150165109832
20
41.7823182298478
30
0
0
VERTEX
8
0
10
155.345077377557
20
41.7658643333404
30
0
0
SEQEND
8
0
0
ENDSEC
0
EOF
