0
SECTION
2
HEADER
9
$ACADVER
1
AC1009
0
ENDSEC
0
SECTION
2
ENTITIES
0
POLYLINE
8
0
62
0
70
1
10
0
20
0
30
0
0
VERTEX
8
0
10
0
20
0
30
0
0
VERTEX
8
0
10
0
20
120.958
30
0
0
VERTEX
8
0
10
179.2
20
120.958
30
0
0
VERTEX
8
0
10
179.2
20
0
30
0
0
SEQEND
8
0
0
TEXT
8
0
62
0
10
0
20
-12
30
0
40
8
1
0
50
0
0
LINE
8
0
62
0
10
10.6333993173737
20
0
30
0
11
10.6333993173737
21
3.2
31
0
0
LINE
8
0
62
0
10
10.6333993173737
20
120.958
30
0
11
10.6333993173737
21
117.758
31
0
0
LINE
8
0
62
0
10
21.2667986347475
20
0
30
0
11
21.2667986347475
21
3.2
31
0
0
LINE
8
0
62
0
10
21.2667986347475
20
120.958
30
0
11
21.2667986347475
21
117.758
31
0
0
LINE
8
0
62
0
10
31.9001979521212
20
0
30
0
11
31.9001979521212
21
3.2
31
0
0
LINE
8
0
62
0
10
31.9001979521212
20
120.958
30
0
11
31.9001979521212
21
117.758
31
0
0
LINE
8
0
62
0
10
42.533597269495
20
0
30
0
11
42.533597269495
21
3.2
31
0
0
LINE
8
0
62
0
10
42.533597269495
20
120.958
30
0
11
42.533597269495
21
117.758
31
0
0
LINE
8
0
62
0
10
53.1669965868687
20
0
30
0
11
53.1669965868687
21
6.4
31
0
0
LINE
8
0
62
0
10
53.1669965868687
20
120.958
30
0
11
53.1669965868687
21
114.558
31
0
0
TEXT
8
0
62
0
10
53.1669965868687
20
-12
30
0
40
8
1
5
50
0
0
LINE
8
0
62
0
10
63.8003959042425
20
0
30
0
11
63.8003959042425
21
3.2
31
0
0
LINE
8
0
62
0
10
63.8003959042425
20
120.958
30
0
11
63.8003959042425
21
117.758
31
0
0
LINE
8
0
62
0
10
74.4337952216162
20
0
30
0
11
74.4337952216162
21
3.2
31
0
0
LINE
8
0
62
0
10
74.4337952216162
20
120.958
30
0
11
74.4337952216162
21
117.758
31
0
0
LINE
8
0
62
0
10
85.0671945389899
20
0
30
0
11
85.0671945389899
21
3.2
31
0
0
LINE
8
0
62
0
10
85.0671945389899
20
120.958
30
0
11
85.0671945389899
21
117.758
31
0
0
LINE
8
0
62
0
10
95.7005938563637
20
0
30
0
11
95.7005938563637
21
3.2
31
0
0
LINE
8
0
62
0
10
95.7005938563637
20
120.958
30
0
11
95.7005938563637
21
117.758
31
0
0
LINE
8
0
62
0
10
106.333993173737
20
0
30
0
11
106.333993173737
21
6.4
31
0
0
LINE
8
0
62
0
10
106.333993173737
20
120.958
30
0
11
106.333993173737
21
114.558
31
0
0
TEXT
8
0
62
0
10
106.333993173737
20
-12
30
0
40
8
1
10
50
0
0
LINE
8
0
62
0
10
116.967392491111
20
0
30
0
11
116.967392491111
21
3.2
31
0
0
LINE
8
0
62
0
10
116.967392491111
20
120.958
30
0
11
116.967392491111
21
117.758
31
0
0
LINE
8
0
62
0
10
127.600791808485
20
0
30
0
11
127.600791808485
21
3.2
31
0
0
LINE
8
0
62
0
10
127.600791808485
20
120.958
30
0
11
127.600791808485
21
117.758
31
0
0
LINE
8
0
62
0
10
138.234191125859
20
0
30
0
11
138.234191125859
21
3.2
31
0
0
LINE
8
0
62
0
10
138.234191125859
20
120.958
30
0
11
138.234191125859
21
117.758
31
0
0
LINE
8
0
62
0
10
148.867590443232
20
0
30
0
11
148.867590443232
21
3.2
31
0
0
LINE
8
0
62
0
10
148.867590443232
20
120.958
30
0
11
148.867590443232
21
117.758
31
0
0
LINE
8
0
62
0
10
159.500989760606
20
0
30
0
11
159.500989760606
21
6.4
31
0
0
LINE
8
0
62
0
10
159.500989760606
20
120.958
30
0
11
159.500989760606
21
114.558
31
0
0
TEXT
8
0
62
0
10
159.500989760606
20
-12
30
0
40
8
1
15
50
0
0
LINE
8
0
62
0
10
170.13438907798
20
0
30
0
11
170.13438907798
21
3.2
31
0
0
LINE
8
0
62
0
10
170.13438907798
20
120.958
30
0
11
170.13438907798
21
117.758
31
0
0
TEXT
8
0
62
0
10
-4
20
-4
30
0
40
8
1
0
50
0
0
LINE
8
0
62
0
10
0
20
4.03193333333333
30
0
11
3.2
21
4.03193333333333
31
0
0
LINE
8
0
62
0
10
179.2
20
4.03193333333333
30
0
11
176
21
4.03193333333333
31
0
0
LINE
8
0
62
0
10
0
20
8.06386666666667
30
0
11
3.2
21
8.06386666666667
31
0
0
LINE
8
0
62
0
10
179.2
20
8.06386666666667
30
0
11
176
21
8.06386666666667
31
0
0
LINE
8
0
62
0
10
0
20
12.0958
30
0
11
3.2
21
12.0958
31
0
0
LINE
8
0
62
0
10
179.2
20
12.0958
30
0
11
176
21
12.0958
31
0
0
LINE
8
0
62
0
10
0
20
16.1277333333333
30
0
11
3.2
21
16.1277333333333
31
0
0
LINE
8
0
62
0
10
179.2
20
16.1277333333333
30
0
11
176
21
16.1277333333333
31
0
0
LINE
8
0
62
0
10
0
20
20.1596666666667
30
0
11
6.4
21
20.1596666666667
31
0
0
LINE
8
0
62
0
10
179.2
20
20.1596666666667
30
0
11
172.8
21
20.1596666666667
31
0
0
TEXT
8
0
62
0
10
-4
20
16.1596666666667
30
0
40
8
1
20
50
0
0
LINE
8
0
62
0
10
0
20
24.1916
30
0
11
3.2
21
24.1916
31
0
0
LINE
8
0
62
0
10
179.2
20
24.1916
30
0
11
176
21
24.1916
31
0
0
LINE
8
0
62
0
10
0
20
28.2235333333333
30
0
11
3.2
21
28.2235333333333
31
0
0
LINE
8
0
62
0
10
179.2
20
28.2235333333333
30
0
11
176
21
28.2235333333333
31
0
0
LINE
8
0
62
0
10
0
20
32.2554666666667
30
0
11
3.2
21
32.2554666666667
31
0
0
LINE
8
0
62
0
10
179.2
20
32.2554666666667
30
0
11
176
21
32.2554666666667
31
0
0
LINE
8
0
62
0
10
0
20
36.2874
30
0
11
3.2
21
36.2874
31
0
0
LINE
8
0
62
0
10
179.2
20
36.2874
30
0
11
176
21
36.2874
31
0
0
LINE
8
0
62
0
10
0
20
40.3193333333333
30
0
11
6.4
21
40.3193333333333
31
0
0
LINE
8
0
62
0
10
179.2
20
40.3193333333333
30
0
11
172.8
21
40.3193333333333
31
0
0
TEXT
8
0
62
0
10
-4
20
36.3193333333333
30
0
40
8
1
40
50
0
0
LINE
8
0
62
0
10
0
20
44.3512666666667
30
0
11
3.2
21
44.3512666666667
31
0
0
LINE
8
0
62
0
10
179.2
20
44.3512666666667
30
0
11
176
21
44.3512666666667
31
0
0
LINE
8
0
62
0
10
0
20
48.3832
30
0
11
3.2
21
48.3832
31
0
0
LINE
8
0
62
0
10
179.2
20
48.3832
30
0
11
176
21
48.3832
31
0
0
LINE
8
0
62
0
10
0
20
52.4151333333333
30
0
11
3.2
21
52.4151333333333
31
0
0
LINE
8
0
62
0
10
179.2
20
52.4151333333333
30
0
11
176
21
52.4151333333333
31
0
0
LINE
8
0
62
0
10
0
20
56.4470666666667
30
0
11
3.2
21
56.4470666666667
31
0
0
LINE
8
0
62
0
10
179.2
20
56.4470666666667
30
0
11
176
21
56.4470666666667
31
0
0
LINE
8
0
62
0
10
0
20
60.479
30
0
11
6.4
21
60.479
31
0
0
LINE
8
0
62
0
10
179.2
20
60.479
30
0
11
172.8
21
60.479
31
0
0
TEXT
8
0
62
0
10
-4
20
56.479
30
0
40
8
1
60
50
0
0
LINE
8
0
62
0
10
0
20
64.5109333333333
30
0
11
3.2
21
64.5109333333333
31
0
0
LINE
8
0
62
0
10
179.2
20
64.5109333333333
30
0
11
176
21
64.5109333333333
31
0
0
LINE
8
0
62
0
10
0
20
68.5428666666667
30
0
11
3.2
21
68.5428666666667
31
0
0
LINE
8
0
62
0
10
179.2
20
68.5428666666667
30
0
11
176
21
68.5428666666667
31
0
0
LINE
8
0
62
0
10
0
20
72.5748
30
0
11
3.2
21
72.5748
31
0
0
LINE
8
0
62
0
10
179.2
20
72.5748
30
0
11
176
21
72.5748
31
0
0
LINE
8
0
62
0
10
0
20
76.6067333333333
30
0
11
3.2
21
76.6067333333333
31
0
0
LINE
8
0
62
0
10
179.2
20
76.6067333333333
30
0
11
176
21
76.6067333333333
31
0
0
LINE
8
0
62
0
10
0
20
80.6386666666667
30
0
11
6.4
21
80.6386666666667
31
0
0
LINE
8
0
62
0
10
179.2
20
80.6386666666667
30
0
11
172.8
21
80.6386666666667
31
0
0
TEXT
8
0
62
0
10
-4
20
76.6386666666667
30
0
40
8
1
80
50
0
0
LINE
8
0
62
0
10
0
20
84.6706
30
0
11
3.2
21
84.6706
31
0
0
LINE
8
0
62
0
10
179.2
20
84.6706
30
0
11
176
21
84.6706
31
0
0
LINE
8
0
62
0
10
0
20
88.7025333333333
30
0
11
3.2
21
88.7025333333333
31
0
0
LINE
8
0
62
0
10
179.2
20
88.7025333333333
30
0
11
176
21
88.7025333333333
31
0
0
LINE
8
0
62
0
10
0
20
92.7344666666666
30
0
11
3.2
21
92.7344666666666
31
0
0
LINE
8
0
62
0
10
179.2
20
92.7344666666666
30
0
11
176
21
92.7344666666666
31
0
0
LINE
8
0
62
0
10
0
20
96.7664
30
0
11
3.2
21
96.7664
31
0
0
LINE
8
0
62
0
10
179.2
20
96.7664
30
0
11
176
21
96.7664
31
0
0
LINE
8
0
62
0
10
0
20
100.798333333333
30
0
11
6.4
21
100.798333333333
31
0
0
LINE
8
0
62
0
10
179.2
20
100.798333333333
30
0
11
172.8
21
100.798333333333
31
0
0
TEXT
8
0
62
0
10
-4
20
96.7983333333333
30
0
40
8
1
100
50
0
0
LINE
8
0
62
0
10
0
20
104.830266666667
30
0
11
3.2
21
104.830266666667
31
0
0
LINE
8
0
62
0
10
179.2
20
104.830266666667
30
0
11
176
21
104.830266666667
31
0
0
LINE
8
0
62
0
10
0
20
108.8622
30
0
11
3.2
21
108.8622
31
0
0
LINE
8
0
62
0
10
179.2
20
108.8622
30
0
11
176
21
108.8622
31
0
0
LINE
8
0
62
0
10
0
20
112.894133333333
30
0
11
3.2
21
112.894133333333
31
0
0
LINE
8
0
62
0
10
179.2
20
112.894133333333
30
0
11
176
21
112.894133333333
31
0
0
LINE
8
0
62
0
10
0
20
116.926066666667
30
0
11
3.2
21
116.926066666667
31
0
0
LINE
8
0
62
0
10
179.2
20
116.926066666667
30
0
11
176
21
116.926066666667
31
0
0
TEXT
8
0
62
0
10
-4
20
116.958
30
0
40
8
1
120
50
0
0
TEXT
8
0
62
0
10
89.6
20
-32
30
0
40
10
1
R (kpc)
50
0
0
TEXT
8
0
62
0
10
-24
20
60.479
30
0
40
10
1
V (km/s)
50
90
0
TEXT
8
0
62
0
10
72.6
20
135.958
30
0
40
11
1
V vs. R
50
0
0
POLYLINE
8
0
62
5
70
0
10
0
20
0
30
0
0
VERTEX
8
0
10
12.7600791808485
20
17.0228688544964
30
0
0
VERTEX
8
0
10
13.2917491467172
20
17.5020259449861
30
0
0
VERTEX
8
0
10
13.8234191125859
20
17.9811830354759
30
0
0
VERTEX
8
0
10
14.3550890784545
20
18.4603401259656
30
0
0
VERTEX
8
0
10
14.8867590443232
20
18.9394972164554
30
0
0
VERTEX
8
0
10
15.4184290101919
20
19.4057066692316
30
0
0
VERTEX
8
0
10
15.9500989760606
20
19.8628840766713
30
0
0
VERTEX
8
0
10
16.4817689419293
20
20.3200614841111
30
0
0
VERTEX
8
0
10
17.013438907798
20
20.7772388915509
30
0
0
VERTEX
8
0
10
17.5451088736667
20
21.2344162989906
30
0
0
VERTEX
8
0
10
18.0767788395354
20
21.6135451151041
30
0
0
VERTEX
8
0
10
18.608448805404
20
21.9454383291589
30
0
0
VERTEX
8
0
10
19.1401187712727
20
22.2773315432137
30
0
0
VERTEX
8
0
10
19.6717887371414
20
22.6092247572685
30
0
0
VERTEX
8
0
10
20.2034587030101
20
22.9411179713234
30
0
0
VERTEX
8
0
10
20.7351286688788
20
23.2585733524509
30
0
0
VERTEX
8
0
10
21.2667986347475
20
23.5684868834558
30
0
0
VERTEX
8
0
10
21.7984686006162
20
23.8784004144606
30
0
0
VERTEX
8
0
10
22.3301385664849
20
24.1883139454654
30
0
0
VERTEX
8
0
10
22.8618085323535
20
24.4982274764703
30
0
0
VERTEX
8
0
10
23.3934784982222
20
24.764110508926
30
0
0
VERTEX
8
0
10
23.9251484640909
20
25.0102829590859
30
0
0
VERTEX
8
0
10
24.4568184299596
20
25.2564554092458
30
0
0
VERTEX
8
0
10
24.9884883958283
20
25.5026278594056
30
0
0
VERTEX
8
0
10
25.520158361697
20
25.7488003095655
30
0
0
VERTEX
8
0
10
26.0518283275656
20
25.9838231400266
30
0
0
VERTEX
8
0
10
26.5834982934343
20
26.2146098120515
30
0
0
VERTEX
8
0
10
27.115168259303
20
26.4453964840764
30
0
0
VERTEX
8
0
10
27.6468382251717
20
26.6761831561013
30
0
0
VERTEX
8
0
10
28.1785081910404
20
26.9069698281262
30
0
0
VERTEX
8
0
10
28.7101781569091
20
27.1377565001511
30
0
0
VERTEX
8
0
10
29.2418481227778
20
27.3685431721759
30
0
0
VERTEX
8
0
10
29.7735180886464
20
27.5993298442008
30
0
0
VERTEX
8
0
10
30.3051880545151
20
27.8301165162257
30
0
0
VERTEX
8
0
10
30.8368580203838
20
28.0609031882506
30
0
0
VERTEX
8
0
10
31.3685279862525
20
28.2882062156045
30
0
0
VERTEX
8
0
10
31.9001979521212
20
28.5145969510194
30
0
0
VERTEX
8
0
10
32.4318679179899
20
28.7409876864343
30
0
0
VERTEX
8
0
10
32.9635378838586
20
28.9673784218491
30
0
0
VERTEX
8
0
10
33.4952078497272
20
29.193769157264
30
0
0
VERTEX
8
0
10
34.0268778155959
20
29.3929149112364
30
0
0
VERTEX
8
0
10
34.5585477814646
20
29.5863361220763
30
0
0
VERTEX
8
0
10
35.0902177473333
20
29.7797573329162
30
0
0
VERTEX
8
0
10
35.621887713202
20
29.9731785437561
30
0
0
VERTEX
8
0
10
36.1535576790707
20
30.166599754596
30
0
0
VERTEX
8
0
10
36.6852276449393
20
30.3543484398653
30
0
0
VERTEX
8
0
10
37.216897610808
20
30.5411757457902
30
0
0
VERTEX
8
0
10
37.7485675766767
20
30.7280030517151
30
0
0
VERTEX
8
0
10
38.2802375425454
20
30.91483035764
30
0
0
VERTEX
8
0
10
38.8119075084141
20
31.1016576635649
30
0
0
VERTEX
8
0
10
39.3435774742828
20
31.270796804932
30
0
0
VERTEX
8
0
10
39.8752474401515
20
31.4378423961119
30
0
0
VERTEX
8
0
10
40.4069174060201
20
31.6048879872918
30
0
0
VERTEX
8
0
10
40.9385873718888
20
31.7719335784717
30
0
0
VERTEX
8
0
10
41.4702573377575
20
31.9389791696516
30
0
0
VERTEX
8
0
10
42.0019273036262
20
32.0917457311839
30
0
0
VERTEX
8
0
10
42.5335972694949
20
32.2434055442288
30
0
0
VERTEX
8
0
10
43.0652672353636
20
32.3950653572737
30
0
0
VERTEX
8
0
10
43.5969372012323
20
32.5467251703187
30
0
0
VERTEX
8
0
10
44.1286071671009
20
32.6983849833636
30
0
0
VERTEX
8
0
10
44.6602771329696
20
32.8479304252696
30
0
0
VERTEX
8
0
10
45.1919470988383
20
32.9973922700095
30
0
0
VERTEX
8
0
10
45.723617064707
20
33.1468541147494
30
0
0
VERTEX
8
0
10
46.2552870305757
20
33.2963159594894
30
0
0
VERTEX
8
0
10
46.7869569964444
20
33.4457778042293
30
0
0
VERTEX
8
0
10
47.3186269623131
20
33.5842952444712
30
0
0
VERTEX
8
0
10
47.8502969281817
20
33.7227672476861
30
0
0
VERTEX
8
0
10
48.3819668940504
20
33.861239250901
30
0
0
VERTEX
8
0
10
48.9136368599191
20
33.999711254116
30
0
0
VERTEX
8
0
10
49.4453068257878
20
34.1381832573309
30
0
0
VERTEX
8
0
10
49.9769767916565
20
34.2676016979046
30
0
0
VERTEX
8
0
10
50.5086467575252
20
34.3972818278996
30
0
0
VERTEX
8
0
10
51.0403167233939
20
34.5269619578945
30
0
0
VERTEX
8
0
10
51.5719866892625
20
34.6566420878894
30
0
0
VERTEX
8
0
10
52.1036566551312
20
34.7863222178844
30
0
0
VERTEX
8
0
10
52.6353266209999
20
34.8972991445115
30
0
0
VERTEX
8
0
10
53.1669965868686
20
35.0093955280664
30
0
0
VERTEX
8
0
10
53.6986665527373
20
35.1214919116213
30
0
0
VERTEX
8
0
10
54.230336518606
20
35.2335882951763
30
0
0
VERTEX
8
0
10
54.7620064844746
20
35.3456846787312
30
0
0
VERTEX
8
0
10
55.2936764503433
20
35.4529562419228
30
0
0
VERTEX
8
0
10
55.825346416212
20
35.5606566888678
30
0
0
VERTEX
8
0
10
56.3570163820807
20
35.6683571358127
30
0
0
VERTEX
8
0
10
56.8886863479494
20
35.7760575827577
30
0
0
VERTEX
8
0
10
57.4203563138181
20
35.8837580297026
30
0
0
VERTEX
8
0
10
57.9520262796868
20
35.9715631171087
30
0
0
VERTEX
8
0
10
58.4836962455554
20
36.0616798176136
30
0
0
VERTEX
8
0
10
59.0153662114241
20
36.1517965181186
30
0
0
VERTEX
8
0
10
59.5470361772928
20
36.2419132186235
30
0
0
VERTEX
8
0
10
60.0787061431615
20
36.3320299191285
30
0
0
VERTEX
8
0
10
60.6103761090302
20
36.4170237602274
30
0
0
VERTEX
8
0
10
61.1420460748989
20
36.5027445241223
30
0
0
VERTEX
8
0
10
61.6737160407676
20
36.5884652880173
30
0
0
VERTEX
8
0
10
62.2053860066362
20
36.6741860519122
30
0
0
VERTEX
8
0
10
62.7370559725049
20
36.7599068158072
30
0
0
VERTEX
8
0
10
63.2687259383736
20
36.8298119429197
30
0
0
VERTEX
8
0
10
63.8003959042423
20
36.9023448969847
30
0
0
VERTEX
8
0
10
64.332065870111
20
36.9748778510497
30
0
0
VERTEX
8
0
10
64.8637358359797
20
37.0474108051146
30
0
0
VERTEX
8
0
10
65.3954058018483
20
37.1199437591796
30
0
0
VERTEX
8
0
10
65.927075767717
20
37.176214017898
30
0
0
VERTEX
8
0
10
66.4587457335857
20
37.235559162133
30
0
0
VERTEX
8
0
10
66.9904156994544
20
37.294904306368
30
0
0
VERTEX
8
0
10
67.5220856653231
20
37.3542494506029
30
0
0
VERTEX
8
0
10
68.0537556311918
20
37.4135945948379
30
0
0
VERTEX
8
0
10
68.5854255970605
20
37.4590149441473
30
0
0
VERTEX
8
0
10
69.1170955629291
20
37.5073702468573
30
0
0
VERTEX
8
0
10
69.6487655287978
20
37.5557255495673
30
0
0
VERTEX
8
0
10
70.1804354946665
20
37.6040808522773
30
0
0
VERTEX
8
0
10
70.7121054605352
20
37.6524361549872
30
0
0
VERTEX
8
0
10
71.2437754264039
20
37.6922130514598
30
0
0
VERTEX
8
0
10
71.7754453922726
20
37.7339744492548
30
0
0
VERTEX
8
0
10
72.3071153581412
20
37.7757358470498
30
0
0
VERTEX
8
0
10
72.8387853240099
20
37.8174972448448
30
0
0
VERTEX
8
0
10
73.3704552898786
20
37.8592586426397
30
0
0
VERTEX
8
0
10
73.9021252557473
20
37.8980860619282
30
0
0
VERTEX
8
0
10
74.433795221616
20
37.9376494914182
30
0
0
VERTEX
8
0
10
74.9654651874847
20
37.9772129209082
30
0
0
VERTEX
8
0
10
75.4971351533534
20
38.0167763503982
30
0
0
VERTEX
8
0
10
76.028805119222
20
38.0563397798881
30
0
0
VERTEX
8
0
10
76.5604750850907
20
38.0868777445766
30
0
0
VERTEX
8
0
10
77.0921450509594
20
38.1198472691516
30
0
0
VERTEX
8
0
10
77.6238150168281
20
38.1528167937266
30
0
0
VERTEX
8
0
10
78.1554849826968
20
38.1857863183016
30
0
0
VERTEX
8
0
10
78.6871549485655
20
38.2187558428765
30
0
0
VERTEX
8
0
10
79.2188249144342
20
38.2270613832287
30
0
0
VERTEX
8
0
10
79.7504948803028
20
38.2424471613637
30
0
0
VERTEX
8
0
10
80.2821648461715
20
38.2578329394986
30
0
0
VERTEX
8
0
10
80.8138348120402
20
38.2732187176336
30
0
0
VERTEX
8
0
10
81.3455047779089
20
38.2886044957686
30
0
0
VERTEX
8
0
10
81.8771747437776
20
38.3481953829433
30
0
0
VERTEX
8
0
10
82.4088447096463
20
38.3943527173482
30
0
0
VERTEX
8
0
10
82.9405146755149
20
38.4405100517532
30
0
0
VERTEX
8
0
10
83.4721846413836
20
38.4866673861582
30
0
0
VERTEX
8
0
10
84.0038546072523
20
38.5328247205632
30
0
0
VERTEX
8
0
10
84.535524573121
20
38.5369658268281
30
0
0
VERTEX
8
0
10
85.0671945389897
20
38.5545495732681
30
0
0
VERTEX
8
0
10
85.5988645048584
20
38.5721333197081
30
0
0
VERTEX
8
0
10
86.1305344707271
20
38.5897170661481
30
0
0
VERTEX
8
0
10
86.6622044365958
20
38.6183864026373
30
0
0
VERTEX
8
0
10
87.1938744024645
20
38.6579498321273
30
0
0
VERTEX
8
0
10
87.7255443683332
20
38.6975132616173
30
0
0
VERTEX
8
0
10
88.2572143342018
20
38.7370766911072
30
0
0
VERTEX
8
0
10
88.7888843000705
20
38.7766401205972
30
0
0
VERTEX
8
0
10
89.3205542659392
20
38.8173866188528
30
0
0
VERTEX
8
0
10
89.8522242318079
20
38.8591480166478
30
0
0
VERTEX
8
0
10
90.3838941976766
20
38.9009094144428
30
0
0
VERTEX
8
0
10
90.9155641635453
20
38.9426708122377
30
0
0
VERTEX
8
0
10
91.447234129414
20
38.9844322100327
30
0
0
VERTEX
8
0
10
91.9789040952827
20
39.0287087648803
30
0
0
VERTEX
8
0
10
92.5105740611514
20
39.0748660992853
30
0
0
VERTEX
8
0
10
93.0422440270201
20
39.1210234336902
30
0
0
VERTEX
8
0
10
93.5739139928888
20
39.1671807680952
30
0
0
VERTEX
8
0
10
94.1055839587575
20
39.2133381025002
30
0
0
VERTEX
8
0
10
94.6372539246262
20
39.2528349954702
30
0
0
VERTEX
8
0
10
95.1689238904949
20
39.2880024883502
30
0
0
VERTEX
8
0
10
95.7005938563636
20
39.3231699812302
30
0
0
VERTEX
8
0
10
96.2322638222323
20
39.3583374741102
30
0
0
VERTEX
8
0
10
96.763933788101
20
39.3935049669902
30
0
0
VERTEX
8
0
10
97.2956037539697
20
39.4160130774411
30
0
0
VERTEX
8
0
10
97.8272737198383
20
39.4313988555761
30
0
0
VERTEX
8
0
10
98.358943685707
20
39.4467846337111
30
0
0
VERTEX
8
0
10
98.8906136515757
20
39.4621704118461
30
0
0
VERTEX
8
0
10
99.4222836174444
20
39.4775561899811
30
0
0
VERTEX
8
0
10
99.9539535833131
20
39.4825742134575
30
0
0
VERTEX
8
0
10
100.485623549182
20
39.4825742134575
30
0
0
VERTEX
8
0
10
101.017293515051
20
39.4825742134575
30
0
0
VERTEX
8
0
10
101.548963480919
20
39.4825742134575
30
0
0
VERTEX
8
0
10
102.080633446788
20
39.4825742134575
30
0
0
VERTEX
8
0
10
102.612303412657
20
39.4825742134575
30
0
0
VERTEX
8
0
10
103.143973378525
20
39.4825742134575
30
0
0
VERTEX
8
0
10
103.675643344394
20
39.4825742134575
30
0
0
VERTEX
8
0
10
104.207313310263
20
39.4825742134575
30
0
0
VERTEX
8
0
10
104.738983276131
20
39.4825742134575
30
0
0
VERTEX
8
0
10
105.270653242
20
39.4825742134575
30
0
0
VERTEX
8
0
10
105.802323207869
20
39.4825742134575
30
0
0
VERTEX
8
0
10
106.333993173737
20
39.4825742134575
30
0
0
VERTEX
8
0
10
106.865663139606
20
39.4825742134575
30
0
0
VERTEX
8
0
10
107.397333105475
20
39.4825742134575
30
0
0
VERTEX
8
0
10
107.929003071344
20
39.4825742134575
30
0
0
VERTEX
8
0
10
108.460673037212
20
39.4825742134575
30
0
0
VERTEX
8
0
10
108.992343003081
20
39.4825742134575
30
0
0
VERTEX
8
0
10
109.52401296895
20
39.4825742134575
30
0
0
VERTEX
8
0
10
110.055682934818
20
39.4825742134575
30
0
0
VERTEX
8
0
10
110.587352900687
20
39.459445304393
30
0
0
VERTEX
8
0
10
111.119022866556
20
39.430871716428
30
0
0
VERTEX
8
0
10
111.650692832424
20
39.402298128463
30
0
0
VERTEX
8
0
10
112.182362798293
20
39.3737245404981
30
0
0
VERTEX
8
0
10
112.714032764162
20
39.3451509525331
30
0
0
VERTEX
8
0
10
113.24570273003
20
39.3239919910153
30
0
0
VERTEX
8
0
10
113.777372695899
20
39.3042102762703
30
0
0
VERTEX
8
0
10
114.309042661768
20
39.2844285615253
30
0
0
VERTEX
8
0
10
114.840712627637
20
39.2646468467803
30
0
0
VERTEX
8
0
10
115.372382593505
20
39.2448651320353
30
0
0
VERTEX
8
0
10
115.904052559374
20
39.2058017535654
30
0
0
VERTEX
8
0
10
116.435722525243
20
39.1640403557705
30
0
0
VERTEX
8
0
10
116.967392491111
20
39.1222789579755
30
0
0
VERTEX
8
0
10
117.49906245698
20
39.0805175601805
30
0
0
VERTEX
8
0
10
118.030732422849
20
39.0387561623855
30
0
0
VERTEX
8
0
10
118.562402388717
20
39.0070081452564
30
0
0
VERTEX
8
0
10
119.094072354586
20
38.9762365889864
30
0
0
VERTEX
8
0
10
119.625742320455
20
38.9454650327165
30
0
0
VERTEX
8
0
10
120.157412286324
20
38.9146934764465
30
0
0
VERTEX
8
0
10
120.689082252192
20
38.8839219201765
30
0
0
VERTEX
8
0
10
121.220752218061
20
38.844841620331
30
0
0
VERTEX
8
0
10
121.75242218393
20
38.8052781908411
30
0
0
VERTEX
8
0
10
122.284092149798
20
38.7657147613511
30
0
0
VERTEX
8
0
10
122.815762115667
20
38.7261513318611
30
0
0
VERTEX
8
0
10
123.347432081536
20
38.6865879023711
30
0
0
VERTEX
8
0
10
123.879102047404
20
38.6470244728811
30
0
0
VERTEX
8
0
10
124.410772013273
20
38.6074610433912
30
0
0
VERTEX
8
0
10
124.942441979142
20
38.5678976139012
30
0
0
VERTEX
8
0
10
125.47411194501
20
38.5283341844112
30
0
0
VERTEX
8
0
10
126.005781910879
20
38.4887707549212
30
0
0
VERTEX
8
0
10
126.537451876748
20
38.446981120016
30
0
0
VERTEX
8
0
10
127.069121842617
20
38.405219722221
30
0
0
VERTEX
8
0
10
127.600791808485
20
38.363458324426
30
0
0
VERTEX
8
0
10
128.132461774354
20
38.3216969266311
30
0
0
VERTEX
8
0
10
128.664131740223
20
38.2799355288361
30
0
0
VERTEX
8
0
10
129.195801706091
20
38.242775561393
30
0
0
VERTEX
8
0
10
129.72747167196
20
38.205410100208
30
0
0
VERTEX
8
0
10
130.259141637829
20
38.168044639023
30
0
0
VERTEX
8
0
10
130.790811603697
20
38.130679177838
30
0
0
VERTEX
8
0
10
131.322481569566
20
38.0933137166531
30
0
0
VERTEX
8
0
10
131.854151535435
20
38.0511978055948
30
0
0
VERTEX
8
0
10
132.385821501303
20
38.0094364077999
30
0
0
VERTEX
8
0
10
132.917491467172
20
37.9676750100049
30
0
0
VERTEX
8
0
10
133.449161433041
20
37.9259136122099
30
0
0
VERTEX
8
0
10
133.98083139891
20
37.8841522144149
30
0
0
VERTEX
8
0
10
134.512501364778
20
37.8423908166199
30
0
0
VERTEX
8
0
10
135.044171330647
20
37.8006294188249
30
0
0
VERTEX
8
0
10
135.575841296516
20
37.75886802103
30
0
0
VERTEX
8
0
10
136.107511262384
20
37.717106623235
30
0
0
VERTEX
8
0
10
136.639181228253
20
37.67534522544
30
0
0
VERTEX
8
0
10
137.170851194122
20
37.6260110942711
30
0
0
VERTEX
8
0
10
137.70252115999
20
37.5776557915611
30
0
0
VERTEX
8
0
10
138.234191125859
20
37.5293004888511
30
0
0
VERTEX
8
0
10
138.765861091728
20
37.4809451861411
30
0
0
VERTEX
8
0
10
139.297531057597
20
37.4325898834311
30
0
0
VERTEX
8
0
10
139.829201023465
20
37.3738395638464
30
0
0
VERTEX
8
0
10
140.360870989334
20
37.3166923879165
30
0
0
VERTEX
8
0
10
140.892540955203
20
37.2595452119865
30
0
0
VERTEX
8
0
10
141.424210921071
20
37.2023980360565
30
0
0
VERTEX
8
0
10
141.95588088694
20
37.1452508601266
30
0
0
VERTEX
8
0
10
142.487550852809
20
37.0934502121553
30
0
0
VERTEX
8
0
10
143.019220818677
20
37.0406989728354
30
0
0
VERTEX
8
0
10
143.550890784546
20
36.9879477335154
30
0
0
VERTEX
8
0
10
144.082560750415
20
36.9351964941954
30
0
0
VERTEX
8
0
10
144.614230716283
20
36.8824452548754
30
0
0
VERTEX
8
0
10
145.145900682152
20
36.8296940155555
30
0
0
VERTEX
8
0
10
145.677570648021
20
36.7769427762355
30
0
0
VERTEX
8
0
10
146.20924061389
20
36.7241915369155
30
0
0
VERTEX
8
0
10
146.740910579758
20
36.6714402975955
30
0
0
VERTEX
8
0
10
147.272580545627
20
36.6186890582756
30
0
0
VERTEX
8
0
10
147.804250511496
20
36.5631155354548
30
0
0
VERTEX
8
0
10
148.335920477364
20
36.5081663278299
30
0
0
VERTEX
8
0
10
148.867590443233
20
36.4532171202049
30
0
0
VERTEX
8
0
10
149.399260409102
20
36.3982679125799
30
0
0
VERTEX
8
0
10
149.93093037497
20
36.343318704955
30
0
0
VERTEX
8
0
10
150.462600340839
20
36.2941630838529
30
0
0
VERTEX
8
0
10
150.994270306708
20
36.2436098128379
30
0
0
VERTEX
8
0
10
151.525940272576
20
36.1930565418229
30
0
0
VERTEX
8
0
10
152.057610238445
20
36.1425032708079
30
0
0
VERTEX
8
0
10
152.589280204314
20
36.091949999793
30
0
0
VERTEX
8
0
10
153.120950170183
20
36.0410995984758
30
0
0
VERTEX
8
0
10
153.652620136051
20
35.9903265306303
30
0
0
VERTEX
8
0
10
154.18429010192
20
35.9395534627848
30
0
0
SEQEND
8
0
0
POLYLINE
8
0
62
6
70
0
10
0
20
0
30
0
0
VERTEX
8
0
10
12.7600791808485
20
3.17980274537469
30
0
0
VERTEX
8
0
10
13.2917491467172
20
3.30069100214962
30
0
0
VERTEX
8
0
10
13.8234191125859
20
3.42157925892456
30
0
0
VERTEX
8
0
10
14.3550890784545
20
3.54246751569949
30
0
0
VERTEX
8
0
10
14.8867590443232
20
3.66335577247443
30
0
0
VERTEX
8
0
10
15.4184290101919
20
3.78424402924936
30
0
0
VERTEX
8
0
10
15.9500989760606
20
3.91513400277906
30
0
0
VERTEX
8
0
10
16.4817689419293
20
4.04481413277399
30
0
0
VERTEX
8
0
10
17.013438907798
20
4.17449426276893
30
0
0
VERTEX
8
0
10
17.5451088736667
20
4.30417439276386
30
0
0
VERTEX
8
0
10
18.0767788395354
20
4.4338545227588
30
0
0
VERTEX
8
0
10
18.608448805404
20
4.55323489695623
30
0
0
VERTEX
8
0
10
19.1401187712727
20
4.67412315373117
30
0
0
VERTEX
8
0
10
19.6717887371414
20
4.79501141050611
30
0
0
VERTEX
8
0
10
20.2034587030101
20
4.91589966728105
30
0
0
VERTEX
8
0
10
20.7351286688788
20
5.03678792405599
30
0
0
VERTEX
8
0
10
21.2667986347475
20
5.16032562954098
30
0
0
VERTEX
8
0
10
21.7984686006162
20
5.28341185462092
30
0
0
VERTEX
8
0
10
22.3301385664849
20
5.40649807970085
30
0
0
VERTEX
8
0
10
22.8618085323535
20
5.52958430478078
30
0
0
VERTEX
8
0
10
23.3934784982222
20
5.65267052986072
30
0
0
VERTEX
8
0
10
23.9251484640909
20
5.79210050576516
30
0
0
VERTEX
8
0
10
24.4568184299596
20
5.9283745406751
30
0
0
VERTEX
8
0
10
24.9884883958283
20
6.06464857558503
30
0
0
VERTEX
8
0
10
25.520158361697
20
6.20092261049496
30
0
0
VERTEX
8
0
10
26.0518283275656
20
6.33719664540489
30
0
0
VERTEX
8
0
10
26.5834982934343
20
6.47626914854625
30
0
0
VERTEX
8
0
10
27.115168259303
20
6.61474115176117
30
0
0
VERTEX
8
0
10
27.6468382251717
20
6.75321315497609
30
0
0
VERTEX
8
0
10
28.1785081910404
20
6.89168515819102
30
0
0
VERTEX
8
0
10
28.7101781569091
20
7.03015716140594
30
0
0
VERTEX
8
0
10
29.2418481227778
20
7.19735894454214
30
0
0
VERTEX
8
0
10
29.7735180886464
20
7.35781063080706
30
0
0
VERTEX
8
0
10
30.3051880545151
20
7.51826231707198
30
0
0
VERTEX
8
0
10
30.8368580203838
20
7.6787140033369
30
0
0
VERTEX
8
0
10
31.3685279862525
20
7.83916568960182
30
0
0
VERTEX
8
0
10
31.9001979521212
20
8.00845983912518
30
0
0
VERTEX
8
0
10
32.4318679179899
20
8.1755054303051
30
0
0
VERTEX
8
0
10
32.9635378838586
20
8.34255102148501
30
0
0
VERTEX
8
0
10
33.4952078497272
20
8.50959661266492
30
0
0
VERTEX
8
0
10
34.0268778155959
20
8.67664220384484
30
0
0
VERTEX
8
0
10
34.5585477814646
20
8.85879778259226
30
0
0
VERTEX
8
0
10
35.0902177473333
20
9.03683321529716
30
0
0
VERTEX
8
0
10
35.621887713202
20
9.21486864800206
30
0
0
VERTEX
8
0
10
36.1535576790707
20
9.39290408070697
30
0
0
VERTEX
8
0
10
36.6852276449393
20
9.57093951341187
30
0
0
VERTEX
8
0
10
37.216897610808
20
9.75207145339097
30
0
0
VERTEX
8
0
10
37.7485675766767
20
9.93230485440088
30
0
0
VERTEX
8
0
10
38.2802375425454
20
10.1125382554108
30
0
0
VERTEX
8
0
10
38.8119075084141
20
10.2927716564207
30
0
0
VERTEX
8
0
10
39.3435774742828
20
10.4730050574306
30
0
0
VERTEX
8
0
10
39.8752474401515
20
10.6722645606498
30
0
0
VERTEX
8
0
10
40.4069174060201
20
10.8656857714897
30
0
0
VERTEX
8
0
10
40.9385873718888
20
11.0591069823296
30
0
0
VERTEX
8
0
10
41.4702573377575
20
11.2525281931695
30
0
0
VERTEX
8
0
10
42.0019273036262
20
11.4459494040094
30
0
0
VERTEX
8
0
10
42.5335972694949
20
11.6458616684404
30
0
0
VERTEX
8
0
10
43.0652672353636
20
11.8436788158903
30
0
0
VERTEX
8
0
10
43.5969372012323
20
12.0414959633402
30
0
0
VERTEX
8
0
10
44.1286071671009
20
12.2393131107901
30
0
0
VERTEX
8
0
10
44.6602771329696
20
12.4202992344712
30
0
0
VERTEX
8
0
10
45.1919470988383
20
12.5851468573461
30
0
0
VERTEX
8
0
10
45.723617064707
20
12.749994480221
30
0
0
VERTEX
8
0
10
46.2552870305757
20
12.9148421030959
30
0
0
VERTEX
8
0
10
46.7869569964444
20
13.0796897259708
30
0
0
VERTEX
8
0
10
47.3186269623131
20
13.2134263205353
30
0
0
VERTEX
8
0
10
47.8502969281817
20
13.3211267674802
30
0
0
VERTEX
8
0
10
48.3819668940504
20
13.4288272144251
30
0
0
VERTEX
8
0
10
48.9136368599191
20
13.5365276613701
30
0
0
VERTEX
8
0
10
49.4453068257878
20
13.644228108315
30
0
0
VERTEX
8
0
10
49.9769767916565
20
13.7481152919421
30
0
0
VERTEX
8
0
10
50.5086467575252
20
13.849221833972
30
0
0
VERTEX
8
0
10
51.0403167233939
20
13.950328376002
30
0
0
VERTEX
8
0
10
51.5719866892625
20
14.0514349180319
30
0
0
VERTEX
8
0
10
52.1036566551312
20
14.1525414600619
30
0
0
VERTEX
8
0
10
52.6353266209999
20
14.2011696982924
30
0
0
VERTEX
8
0
10
53.1669965868686
20
14.2165554764274
30
0
0
VERTEX
8
0
10
53.6986665527373
20
14.2319412545624
30
0
0
VERTEX
8
0
10
54.230336518606
20
14.2473270326974
30
0
0
VERTEX
8
0
10
54.7620064844746
20
14.2627128108324
30
0
0
VERTEX
8
0
10
55.2936764503433
20
14.2851991254374
30
0
0
VERTEX
8
0
10
55.825346416212
20
14.3115747450974
30
0
0
VERTEX
8
0
10
56.3570163820807
20
14.3379503647574
30
0
0
VERTEX
8
0
10
56.8886863479494
20
14.3643259844174
30
0
0
VERTEX
8
0
10
57.4203563138181
20
14.3907016040774
30
0
0
VERTEX
8
0
10
57.9520262796868
20
14.4708834377063
30
0
0
VERTEX
8
0
10
58.4836962455554
20
14.5763859163463
30
0
0
VERTEX
8
0
10
59.0153662114241
20
14.6818883949862
30
0
0
VERTEX
8
0
10
59.5470361772928
20
14.7873908736261
30
0
0
VERTEX
8
0
10
60.0787061431615
20
14.8928933522661
30
0
0
VERTEX
8
0
10
60.6103761090302
20
15.0015340845368
30
0
0
VERTEX
8
0
10
61.1420460748989
20
15.1114324997867
30
0
0
VERTEX
8
0
10
61.6737160407676
20
15.2213309150367
30
0
0
VERTEX
8
0
10
62.2053860066362
20
15.3312293302866
30
0
0
VERTEX
8
0
10
62.7370559725049
20
15.4411277455366
30
0
0
VERTEX
8
0
10
63.2687259383736
20
15.5970479849164
30
0
0
VERTEX
8
0
10
63.8003959042423
20
15.7684895127063
30
0
0
VERTEX
8
0
10
64.332065870111
20
15.9399310404962
30
0
0
VERTEX
8
0
10
64.8637358359797
20
16.1113725682862
30
0
0
VERTEX
8
0
10
65.3954058018483
20
16.2828140960761
30
0
0
VERTEX
8
0
10
65.927075767717
20
16.46800079456
30
0
0
VERTEX
8
0
10
66.4587457335857
20
16.6570260687899
30
0
0
VERTEX
8
0
10
66.9904156994544
20
16.8460513430198
30
0
0
VERTEX
8
0
10
67.5220856653231
20
17.0350766172497
30
0
0
VERTEX
8
0
10
68.0537556311918
20
17.2241018914796
30
0
0
VERTEX
8
0
10
68.5854255970605
20
17.4453949754635
30
0
0
VERTEX
8
0
10
69.1170955629291
20
17.6739836791834
30
0
0
VERTEX
8
0
10
69.6487655287978
20
17.9025723829033
30
0
0
VERTEX
8
0
10
70.1804354946665
20
18.1311610866232
30
0
0
VERTEX
8
0
10
70.7121054605352
20
18.3597497903431
30
0
0
VERTEX
8
0
10
71.2437754264039
20
18.6070101526442
30
0
0
VERTEX
8
0
10
71.7754453922726
20
18.8575785394141
30
0
0
VERTEX
8
0
10
72.3071153581412
20
19.108146926184
30
0
0
VERTEX
8
0
10
72.8387853240099
20
19.3587153129538
30
0
0
VERTEX
8
0
10
73.3704552898786
20
19.6092836997237
30
0
0
VERTEX
8
0
10
73.9021252557473
20
19.8812105183006
30
0
0
VERTEX
8
0
10
74.433795221616
20
20.1559565564255
30
0
0
VERTEX
8
0
10
74.9654651874847
20
20.4307025945503
30
0
0
VERTEX
8
0
10
75.4971351533534
20
20.7054486326752
30
0
0
VERTEX
8
0
10
76.028805119222
20
20.9801946708
30
0
0
VERTEX
8
0
10
76.5604750850907
20
21.2771187480995
30
0
0
VERTEX
8
0
10
77.0921450509594
20
21.5760424375793
30
0
0
VERTEX
8
0
10
77.6238150168281
20
21.8749661270592
30
0
0
VERTEX
8
0
10
78.1554849826968
20
22.173889816539
30
0
0
VERTEX
8
0
10
78.6871549485655
20
22.4728135060189
30
0
0
VERTEX
8
0
10
79.2188249144342
20
22.7466488538164
30
0
0
VERTEX
8
0
10
79.7504948803028
20
23.0191969236362
30
0
0
VERTEX
8
0
10
80.2821648461715
20
23.2917449934561
30
0
0
VERTEX
8
0
10
80.8138348120402
20
23.5642930632759
30
0
0
VERTEX
8
0
10
81.3455047779089
20
23.8368411330958
30
0
0
VERTEX
8
0
10
81.8771747437776
20
24.0530938754927
30
0
0
VERTEX
8
0
10
82.4088447096463
20
24.2684947693826
30
0
0
VERTEX
8
0
10
82.9405146755149
20
24.4838956632725
30
0
0
VERTEX
8
0
10
83.4721846413836
20
24.6992965571624
30
0
0
VERTEX
8
0
10
84.0038546072523
20
24.9146974510522
30
0
0
VERTEX
8
0
10
84.535524573121
20
25.1188997716343
30
0
0
VERTEX
8
0
10
85.0671945389897
20
25.3233108239992
30
0
0
VERTEX
8
0
10
85.5988645048584
20
25.5277218763641
30
0
0
VERTEX
8
0
10
86.1305344707271
20
25.732132928729
30
0
0
VERTEX
8
0
10
86.6622044365958
20
25.9365439810939
30
0
0
VERTEX
8
0
10
87.1938744024645
20
26.0992989938581
30
0
0
VERTEX
8
0
10
87.7255443683332
20
26.264146616733
30
0
0
VERTEX
8
0
10
88.2572143342018
20
26.428994239608
30
0
0
VERTEX
8
0
10
88.7888843000705
20
26.5938418624829
30
0
0
VERTEX
8
0
10
89.3205542659392
20
26.7586894853578
30
0
0
VERTEX
8
0
10
89.8522242318079
20
26.9187596398668
30
0
0
VERTEX
8
0
10
90.3838941976766
20
27.0792113261317
30
0
0
VERTEX
8
0
10
90.9155641635453
20
27.2396630123966
30
0
0
VERTEX
8
0
10
91.447234129414
20
27.4001146986616
30
0
0
VERTEX
8
0
10
91.9789040952827
20
27.5605663849265
30
0
0
VERTEX
8
0
10
92.5105740611514
20
27.7456505106277
30
0
0
VERTEX
8
0
10
93.0422440270201
20
27.9280818799427
30
0
0
VERTEX
8
0
10
93.5739139928888
20
28.1105132492576
30
0
0
VERTEX
8
0
10
94.1055839587575
20
28.2929446185725
30
0
0
VERTEX
8
0
10
94.6372539246262
20
28.4753759878874
30
0
0
VERTEX
8
0
10
95.1689238904949
20
28.6628828646109
30
0
0
VERTEX
8
0
10
95.7005938563636
20
28.8497101705359
30
0
0
VERTEX
8
0
10
96.2322638222323
20
29.0365374764608
30
0
0
VERTEX
8
0
10
96.763933788101
20
29.2233647823857
30
0
0
VERTEX
8
0
10
97.2956037539697
20
29.4101920883106
30
0
0
VERTEX
8
0
10
97.8272737198383
20
29.6100807115605
30
0
0
VERTEX
8
0
10
98.358943685707
20
29.8078978590104
30
0
0
VERTEX
8
0
10
98.8906136515757
20
30.0057150064603
30
0
0
VERTEX
8
0
10
99.4222836174444
20
30.2035321539102
30
0
0
VERTEX
8
0
10
99.9539535833131
20
30.4013493013601
30
0
0
VERTEX
8
0
10
100.485623549182
20
30.6018532220357
30
0
0
VERTEX
8
0
10
101.017293515051
20
30.8018683377906
30
0
0
VERTEX
8
0
10
101.548963480919
20
31.0018834535455
30
0
0
VERTEX
8
0
10
102.080633446788
20
31.2018985693004
30
0
0
VERTEX
8
0
10
102.612303412657
20
31.4019136850553
30
0
0
VERTEX
8
0
10
103.143973378525
20
31.5881223858783
30
0
0
VERTEX
8
0
10
103.675643344394
20
31.7771476601082
30
0
0
VERTEX
8
0
10
104.207313310263
20
31.9661729343381
30
0
0
VERTEX
8
0
10
104.738983276131
20
32.155198208568
30
0
0
VERTEX
8
0
10
105.270653242
20
32.3442234827979
30
0
0
VERTEX
8
0
10
105.802323207869
20
32.5247413787866
30
0
0
VERTEX
8
0
10
106.333993173737
20
32.7071727481015
30
0
0
VERTEX
8
0
10
106.865663139606
20
32.8896041174164
30
0
0
VERTEX
8
0
10
107.397333105475
20
33.0720354867313
30
0
0
VERTEX
8
0
10
107.929003071344
20
33.2544668560462
30
0
0
VERTEX
8
0
10
108.460673037212
20
33.4281673178379
30
0
0
VERTEX
8
0
10
108.992343003081
20
33.6040047822378
30
0
0
VERTEX
8
0
10
109.52401296895
20
33.7798422466377
30
0
0
VERTEX
8
0
10
110.055682934818
20
33.9556797110376
30
0
0
VERTEX
8
0
10
110.587352900687
20
34.1315171754375
30
0
0
VERTEX
8
0
10
111.119022866556
20
34.2924305784952
30
0
0
VERTEX
8
0
10
111.650692832424
20
34.4572782013701
30
0
0
VERTEX
8
0
10
112.182362798293
20
34.622125824245
30
0
0
VERTEX
8
0
10
112.714032764162
20
34.7869734471199
30
0
0
VERTEX
8
0
10
113.24570273003
20
34.9518210699948
30
0
0
VERTEX
8
0
10
113.777372695899
20
35.0983127606949
30
0
0
VERTEX
8
0
10
114.309042661768
20
35.2499725737398
30
0
0
VERTEX
8
0
10
114.840712627637
20
35.4016323867848
30
0
0
VERTEX
8
0
10
115.372382593505
20
35.5532921998297
30
0
0
VERTEX
8
0
10
115.904052559374
20
35.7049520128746
30
0
0
VERTEX
8
0
10
116.435722525243
20
35.8158720126518
30
0
0
VERTEX
8
0
10
116.967392491111
20
35.9389582377317
30
0
0
VERTEX
8
0
10
117.49906245698
20
36.0620444628117
30
0
0
VERTEX
8
0
10
118.030732422849
20
36.1851306878916
30
0
0
VERTEX
8
0
10
118.562402388717
20
36.3082169129716
30
0
0
VERTEX
8
0
10
119.094072354586
20
36.4056364056474
30
0
0
VERTEX
8
0
10
119.625742320455
20
36.5111388842873
30
0
0
VERTEX
8
0
10
120.157412286324
20
36.6166413629273
30
0
0
VERTEX
8
0
10
120.689082252192
20
36.7221438415673
30
0
0
VERTEX
8
0
10
121.220752218061
20
36.8276463202072
30
0
0
VERTEX
8
0
10
121.75242218393
20
36.8773403265567
30
0
0
VERTEX
8
0
10
122.284092149798
20
36.9454773440117
30
0
0
VERTEX
8
0
10
122.815762115667
20
37.0136143614667
30
0
0
VERTEX
8
0
10
123.347432081536
20
37.0817513789216
30
0
0
VERTEX
8
0
10
123.879102047404
20
37.1359756831739
30
0
0
VERTEX
8
0
10
124.410772013273
20
37.1777370809689
30
0
0
VERTEX
8
0
10
124.942441979142
20
37.2194984787639
30
0
0
VERTEX
8
0
10
125.47411194501
20
37.2612598765588
30
0
0
VERTEX
8
0
10
126.005781910879
20
37.3030212743538
30
0
0
VERTEX
8
0
10
126.537451876748
20
37.3213385241248
30
0
0
VERTEX
8
0
10
127.069121842617
20
37.3213385241248
30
0
0
VERTEX
8
0
10
127.600791808485
20
37.3213385241248
30
0
0
VERTEX
8
0
10
128.132461774354
20
37.3213385241248
30
0
0
VERTEX
8
0
10
128.664131740223
20
37.3213385241248
30
0
0
VERTEX
8
0
10
129.195801706091
20
37.3147964626835
30
0
0
VERTEX
8
0
10
129.72747167196
20
37.3038066211585
30
0
0
VERTEX
8
0
10
130.259141637829
20
37.2928167796335
30
0
0
VERTEX
8
0
10
130.790811603697
20
37.2818269381085
30
0
0
VERTEX
8
0
10
131.322481569566
20
37.2708370965835
30
0
0
VERTEX
8
0
10
131.854151535435
20
37.2487838786669
30
0
0
VERTEX
8
0
10
132.385821501303
20
37.2202102907019
30
0
0
VERTEX
8
0
10
132.917491467172
20
37.1916367027369
30
0
0
VERTEX
8
0
10
133.449161433041
20
37.1630631147719
30
0
0
VERTEX
8
0
10
133.98083139891
20
37.1344895268069
30
0
0
VERTEX
8
0
10
134.512501364778
20
37.0884267571263
30
0
0
VERTEX
8
0
10
135.044171330647
20
37.0334775495013
30
0
0
VERTEX
8
0
10
135.575841296516
20
36.9785283418763
30
0
0
VERTEX
8
0
10
136.107511262384
20
36.9235791342513
30
0
0
VERTEX
8
0
10
136.639181228253
20
36.8686299266264
30
0
0
VERTEX
8
0
10
137.170851194122
20
36.8044890695794
30
0
0
VERTEX
8
0
10
137.70252115999
20
36.7363520521244
30
0
0
VERTEX
8
0
10
138.234191125859
20
36.6682150346695
30
0
0
VERTEX
8
0
10
138.765861091728
20
36.6000780172145
30
0
0
VERTEX
8
0
10
139.297531057597
20
36.5319409997595
30
0
0
VERTEX
8
0
10
139.829201023465
20
36.4493459203254
30
0
0
VERTEX
8
0
10
140.360870989334
20
36.3614271881255
30
0
0
VERTEX
8
0
10
140.892540955203
20
36.2735084559255
30
0
0
VERTEX
8
0
10
141.424210921071
20
36.1855897237255
30
0
0
VERTEX
8
0
10
141.95588088694
20
36.0976709915256
30
0
0
VERTEX
8
0
10
142.487550852809
20
36.0063903371422
30
0
0
VERTEX
8
0
10
143.019220818677
20
35.9140756683323
30
0
0
VERTEX
8
0
10
143.550890784546
20
35.8217609995223
30
0
0
VERTEX
8
0
10
144.082560750415
20
35.7294463307124
30
0
0
VERTEX
8
0
10
144.614230716283
20
35.6371316619024
30
0
0
VERTEX
8
0
10
145.145900682152
20
35.5255068137161
30
0
0
VERTEX
8
0
10
145.677570648021
20
35.4090144935512
30
0
0
VERTEX
8
0
10
146.20924061389
20
35.2925221733863
30
0
0
VERTEX
8
0
10
146.740910579758
20
35.1760298532213
30
0
0
VERTEX
8
0
10
147.272580545627
20
35.0595375330564
30
0
0
VERTEX
8
0
10
147.804250511496
20
34.9393852516653
30
0
0
VERTEX
8
0
10
148.335920477364
20
34.8184969948903
30
0
0
VERTEX
8
0
10
148.867590443233
20
34.6976087381154
30
0
0
VERTEX
8
0
10
149.399260409102
20
34.5767204813404
30
0
0
VERTEX
8
0
10
149.93093037497
20
34.4558322245655
30
0
0
VERTEX
8
0
10
150.462600340839
20
34.3235170255479
30
0
0
VERTEX
8
0
10
150.994270306708
20
34.189440958943
30
0
0
VERTEX
8
0
10
151.525940272576
20
34.0553648923381
30
0
0
VERTEX
8
0
10
152.057610238445
20
33.9212888257332
30
0
0
VERTEX
8
0
10
152.589280204314
20
33.7872127591282
30
0
0
VERTEX
8
0
10
153.120950170183
20
33.6698482492143
30
0
0
VERTEX
8
0
10
153.652620136051
20
33.5543328038515
30
0
0
VERTEX
8
0
10
154.18429010192
20
33.4388173584888
30
0
0
SEQEND
8
0
0
POLYLINE
8
0
62
6
70
0
10
0
20
0
30
0
0
VERTEX
8
0
10
12.7600791808485
20
39.4054767410639
30
0
0
VERTEX
8
0
10
13.2917491467172
20
40.221808275008
30
0
0
VERTEX
8
0
10
13.8234191125859
20
41.0381398089521
30
0
0
VERTEX
8
0
10
14.3550890784545
20
41.8939661630419
30
0
0
VERTEX
8
0
10
14.8867590443232
20
42.7569602899781
30
0
0
VERTEX
8
0
10
15.4184290101919
20
43.6199544169143
30
0
0
VERTEX
8
0
10
15.9500989760606
20
44.4680519493669
30
0
0
VERTEX
8
0
10
16.4817689419293
20
45.3093355322293
30
0
0
VERTEX
8
0
10
17.013438907798
20
46.1506191150916
30
0
0
VERTEX
8
0
10
17.5451088736667
20
46.921058262492
30
0
0
VERTEX
8
0
10
18.0767788395354
20
47.6276309347293
30
0
0
VERTEX
8
0
10
18.608448805404
20
48.3342036069667
30
0
0
VERTEX
8
0
10
19.1401187712727
20
49.040776279204
30
0
0
VERTEX
8
0
10
19.6717887371414
20
49.7137413235377
30
0
0
VERTEX
8
0
10
20.2034587030101
20
50.3835518129277
30
0
0
VERTEX
8
0
10
20.7351286688788
20
51.0533623023177
30
0
0
VERTEX
8
0
10
21.2667986347475
20
51.7231727917077
30
0
0
VERTEX
8
0
10
21.7984686006162
20
52.347628740572
30
0
0
VERTEX
8
0
10
22.3301385664849
20
52.9641447111468
30
0
0
VERTEX
8
0
10
22.8618085323535
20
53.5806606817215
30
0
0
VERTEX
8
0
10
23.3934784982222
20
54.1971766522963
30
0
0
VERTEX
8
0
10
23.9251484640909
20
54.7855681413077
30
0
0
VERTEX
8
0
10
24.4568184299596
20
55.3520505125551
30
0
0
VERTEX
8
0
10
24.9884883958283
20
55.9185328838024
30
0
0
VERTEX
8
0
10
25.520158361697
20
56.4850152550498
30
0
0
VERTEX
8
0
10
26.0518283275656
20
57.0514976262971
30
0
0
VERTEX
8
0
10
26.5834982934343
20
57.6056428685869
30
0
0
VERTEX
8
0
10
27.115168259303
20
58.1603472696742
30
0
0
VERTEX
8
0
10
27.6468382251717
20
58.7150516707615
30
0
0
VERTEX
8
0
10
28.1785081910404
20
59.2697560718487
30
0
0
VERTEX
8
0
10
28.7101781569091
20
59.824460472936
30
0
0
VERTEX
8
0
10
29.2418481227778
20
60.2947814061403
30
0
0
VERTEX
8
0
10
29.7735180886464
20
60.784928338155
30
0
0
VERTEX
8
0
10
30.3051880545151
20
61.2750752701698
30
0
0
VERTEX
8
0
10
30.8368580203838
20
61.7652222021845
30
0
0
VERTEX
8
0
10
31.3685279862525
20
62.2553691341993
30
0
0
VERTEX
8
0
10
31.9001979521212
20
62.7337261152027
30
0
0
VERTEX
8
0
10
32.4318679179899
20
63.2150811739975
30
0
0
VERTEX
8
0
10
32.9635378838586
20
63.6964362327922
30
0
0
VERTEX
8
0
10
33.4952078497272
20
64.177791291587
30
0
0
VERTEX
8
0
10
34.0268778155959
20
64.6591463503817
30
0
0
VERTEX
8
0
10
34.5585477814646
20
65.0861054539334
30
0
0
VERTEX
8
0
10
35.0902177473333
20
65.5278970832382
30
0
0
VERTEX
8
0
10
35.621887713202
20
65.969688712543
30
0
0
VERTEX
8
0
10
36.1535576790707
20
66.4114803418477
30
0
0
VERTEX
8
0
10
36.6852276449393
20
66.8532719711525
30
0
0
VERTEX
8
0
10
37.216897610808
20
67.2795810640864
30
0
0
VERTEX
8
0
10
37.7485675766767
20
67.7103828518661
30
0
0
VERTEX
8
0
10
38.2802375425454
20
68.1411846396459
30
0
0
VERTEX
8
0
10
38.8119075084141
20
68.5719864274257
30
0
0
VERTEX
8
0
10
39.3435774742828
20
69.0027882152054
30
0
0
VERTEX
8
0
10
39.8752474401515
20
69.3891957644969
30
0
0
VERTEX
8
0
10
40.4069174060201
20
69.7892259960067
30
0
0
VERTEX
8
0
10
40.9385873718888
20
70.1892562275165
30
0
0
VERTEX
8
0
10
41.4702573377575
20
70.5892864590263
30
0
0
VERTEX
8
0
10
42.0019273036262
20
70.9893166905361
30
0
0
VERTEX
8
0
10
42.5335972694949
20
71.3536461272947
30
0
0
VERTEX
8
0
10
43.0652672353636
20
71.7294987074495
30
0
0
VERTEX
8
0
10
43.5969372012323
20
72.1053512876043
30
0
0
VERTEX
8
0
10
44.1286071671009
20
72.4812038677591
30
0
0
VERTEX
8
0
10
44.6602771329696
20
72.8469578336526
30
0
0
VERTEX
8
0
10
45.1919470988383
20
73.2030286990624
30
0
0
VERTEX
8
0
10
45.723617064707
20
73.5590995644722
30
0
0
VERTEX
8
0
10
46.2552870305757
20
73.9151704298821
30
0
0
VERTEX
8
0
10
46.7869569964444
20
74.2712412952919
30
0
0
VERTEX
8
0
10
47.3186269623131
20
74.6081669125106
30
0
0
VERTEX
8
0
10
47.8502969281817
20
74.9290702850405
30
0
0
VERTEX
8
0
10
48.3819668940504
20
75.2499736575703
30
0
0
VERTEX
8
0
10
48.9136368599191
20
75.5708770301001
30
0
0
VERTEX
8
0
10
49.4453068257878
20
75.8917804026299
30
0
0
VERTEX
8
0
10
49.9769767916565
20
76.2012439852061
30
0
0
VERTEX
8
0
10
50.5086467575252
20
76.502365642991
30
0
0
VERTEX
8
0
10
51.0403167233939
20
76.8034873007758
30
0
0
VERTEX
8
0
10
51.5719866892625
20
77.1046089585606
30
0
0
VERTEX
8
0
10
52.1036566551312
20
77.4057306163455
30
0
0
VERTEX
8
0
10
52.6353266209999
20
77.6893595061972
30
0
0
VERTEX
8
0
10
53.1669965868686
20
77.9619075760171
30
0
0
VERTEX
8
0
10
53.6986665527373
20
78.2344556458369
30
0
0
VERTEX
8
0
10
54.230336518606
20
78.5070037156568
30
0
0
VERTEX
8
0
10
54.7620064844746
20
78.7795517854766
30
0
0
VERTEX
8
0
10
55.2936764503433
20
79.0435792115325
30
0
0
VERTEX
8
0
10
55.825346416212
20
79.3029394715223
30
0
0
VERTEX
8
0
10
56.3570163820807
20
79.5622997315122
30
0
0
VERTEX
8
0
10
56.8886863479494
20
79.8216599915021
30
0
0
VERTEX
8
0
10
57.4203563138181
20
80.0810202514919
30
0
0
VERTEX
8
0
10
57.9520262796868
20
80.3329074262083
30
0
0
VERTEX
8
0
10
58.4836962455554
20
80.5812778446732
30
0
0
VERTEX
8
0
10
59.0153662114241
20
80.8296482631381
30
0
0
VERTEX
8
0
10
59.5470361772928
20
81.0780186816029
30
0
0
VERTEX
8
0
10
60.0787061431615
20
81.3263891000678
30
0
0
VERTEX
8
0
10
60.6103761090302
20
81.5747595185327
30
0
0
VERTEX
8
0
10
61.1420460748989
20
81.8231299369976
30
0
0
VERTEX
8
0
10
61.6737160407676
20
82.0715003554624
30
0
0
VERTEX
8
0
10
62.2053860066362
20
82.3198707739273
30
0
0
VERTEX
8
0
10
62.7370559725049
20
82.5682411923922
30
0
0
VERTEX
8
0
10
63.2687259383736
20
82.8083934279767
30
0
0
VERTEX
8
0
10
63.8003959042423
20
83.0457740049166
30
0
0
VERTEX
8
0
10
64.332065870111
20
83.2831545818564
30
0
0
VERTEX
8
0
10
64.8637358359797
20
83.5205351587963
30
0
0
VERTEX
8
0
10
65.3954058018483
20
83.7579157357362
30
0
0
VERTEX
8
0
10
65.927075767717
20
83.9901418736658
30
0
0
VERTEX
8
0
10
66.4587457335857
20
84.2209285456907
30
0
0
VERTEX
8
0
10
66.9904156994544
20
84.4517152177156
30
0
0
VERTEX
8
0
10
67.5220856653231
20
84.6825018897404
30
0
0
VERTEX
8
0
10
68.0537556311918
20
84.9132885617653
30
0
0
VERTEX
8
0
10
68.5854255970605
20
85.1386972654979
30
0
0
VERTEX
8
0
10
69.1170955629291
20
85.3628900326078
30
0
0
VERTEX
8
0
10
69.6487655287978
20
85.5870827997176
30
0
0
VERTEX
8
0
10
70.1804354946665
20
85.8112755668275
30
0
0
VERTEX
8
0
10
70.7121054605352
20
86.0354683339374
30
0
0
VERTEX
8
0
10
71.2437754264039
20
86.2596611010473
30
0
0
VERTEX
8
0
10
71.7754453922726
20
86.4838538681572
30
0
0
VERTEX
8
0
10
72.3071153581412
20
86.7080466352671
30
0
0
VERTEX
8
0
10
72.8387853240099
20
86.9322394023769
30
0
0
VERTEX
8
0
10
73.3704552898786
20
87.1564321694868
30
0
0
VERTEX
8
0
10
73.9021252557473
20
87.3786832609779
30
0
0
VERTEX
8
0
10
74.433795221616
20
87.6006780597828
30
0
0
VERTEX
8
0
10
74.9654651874847
20
87.8226728585877
30
0
0
VERTEX
8
0
10
75.4971351533534
20
88.0446676573925
30
0
0
VERTEX
8
0
10
76.028805119222
20
88.2666624561974
30
0
0
VERTEX
8
0
10
76.5604750850907
20
88.4886572550023
30
0
0
VERTEX
8
0
10
77.0921450509594
20
88.7106520538072
30
0
0
VERTEX
8
0
10
77.6238150168281
20
88.9326468526121
30
0
0
VERTEX
8
0
10
78.1554849826968
20
89.154641651417
30
0
0
VERTEX
8
0
10
78.6871549485655
20
89.3766364502218
30
0
0
VERTEX
8
0
10
79.2188249144342
20
89.5860870781856
30
0
0
VERTEX
8
0
10
79.7504948803028
20
89.7948940671604
30
0
0
VERTEX
8
0
10
80.2821648461715
20
90.0037010561353
30
0
0
VERTEX
8
0
10
80.8138348120402
20
90.2125080451102
30
0
0
VERTEX
8
0
10
81.3455047779089
20
90.4213150340851
30
0
0
VERTEX
8
0
10
81.8771747437776
20
90.6106351789521
30
0
0
VERTEX
8
0
10
82.4088447096463
20
90.799660453182
30
0
0
VERTEX
8
0
10
82.9405146755149
20
90.9886857274119
30
0
0
VERTEX
8
0
10
83.4721846413836
20
91.1777110016418
30
0
0
VERTEX
8
0
10
84.0038546072523
20
91.3667362758717
30
0
0
VERTEX
8
0
10
84.535524573121
20
91.5490424061169
30
0
0
VERTEX
8
0
10
85.0671945389897
20
91.7314737754318
30
0
0
VERTEX
8
0
10
85.5988645048584
20
91.9139051447467
30
0
0
VERTEX
8
0
10
86.1305344707271
20
92.0963365140616
30
0
0
VERTEX
8
0
10
86.6622044365958
20
92.2787678833765
30
0
0
VERTEX
8
0
10
87.1938744024645
20
92.4519423550024
30
0
0
VERTEX
8
0
10
87.7255443683332
20
92.6255818510973
30
0
0
VERTEX
8
0
10
88.2572143342018
20
92.7992213471922
30
0
0
VERTEX
8
0
10
88.7888843000705
20
92.9728608432871
30
0
0
VERTEX
8
0
10
89.3205542659392
20
93.146500339382
30
0
0
VERTEX
8
0
10
89.8522242318079
20
93.3105848987452
30
0
0
VERTEX
8
0
10
90.3838941976766
20
93.4754325216201
30
0
0
VERTEX
8
0
10
90.9155641635453
20
93.640280144495
30
0
0
VERTEX
8
0
10
91.447234129414
20
93.8051277673699
30
0
0
VERTEX
8
0
10
91.9789040952827
20
93.9699753902448
30
0
0
VERTEX
8
0
10
92.5105740611514
20
94.1496024767816
30
0
0
VERTEX
8
0
10
93.0422440270201
20
94.3276379094865
30
0
0
VERTEX
8
0
10
93.5739139928888
20
94.5056733421914
30
0
0
VERTEX
8
0
10
94.1055839587575
20
94.6837087748963
30
0
0
VERTEX
8
0
10
94.6372539246262
20
94.8617442076012
30
0
0
VERTEX
8
0
10
95.1689238904949
20
95.0194776106715
30
0
0
VERTEX
8
0
10
95.7005938563636
20
95.1799292969365
30
0
0
VERTEX
8
0
10
96.2322638222323
20
95.3403809832014
30
0
0
VERTEX
8
0
10
96.763933788101
20
95.5008326694663
30
0
0
VERTEX
8
0
10
97.2956037539697
20
95.6612843557312
30
0
0
VERTEX
8
0
10
97.8272737198383
20
95.8191237785311
30
0
0
VERTEX
8
0
10
98.358943685707
20
95.977377496491
30
0
0
VERTEX
8
0
10
98.8906136515757
20
96.135631214451
30
0
0
VERTEX
8
0
10
99.4222836174444
20
96.2938849324109
30
0
0
VERTEX
8
0
10
99.9539535833131
20
96.4521386503708
30
0
0
VERTEX
8
0
10
100.485623549182
20
96.6050188218793
30
0
0
VERTEX
8
0
10
101.017293515051
20
96.7588766032292
30
0
0
VERTEX
8
0
10
101.548963480919
20
96.9127343845792
30
0
0
VERTEX
8
0
10
102.080633446788
20
97.0665921659291
30
0
0
VERTEX
8
0
10
102.612303412657
20
97.220449947279
30
0
0
VERTEX
8
0
10
103.143973378525
20
97.360501313697
30
0
0
VERTEX
8
0
10
103.675643344394
20
97.5033692535219
30
0
0
VERTEX
8
0
10
104.207313310263
20
97.6462371933469
30
0
0
VERTEX
8
0
10
104.738983276131
20
97.7891051331718
30
0
0
VERTEX
8
0
10
105.270653242
20
97.9319730729967
30
0
0
VERTEX
8
0
10
105.802323207869
20
98.0691694273275
30
0
0
VERTEX
8
0
10
106.333993173737
20
98.2076414305424
30
0
0
VERTEX
8
0
10
106.865663139606
20
98.3461134337574
30
0
0
VERTEX
8
0
10
107.397333105475
20
98.4845854369723
30
0
0
VERTEX
8
0
10
107.929003071344
20
98.6230574401872
30
0
0
VERTEX
8
0
10
108.460673037212
20
98.7498882333711
30
0
0
VERTEX
8
0
10
108.992343003081
20
98.879568363366
30
0
0
VERTEX
8
0
10
109.52401296895
20
99.009248493361
30
0
0
VERTEX
8
0
10
110.055682934818
20
99.1389286233559
30
0
0
VERTEX
8
0
10
110.587352900687
20
99.2686087533509
30
0
0
VERTEX
8
0
10
111.119022866556
20
99.3803800097351
30
0
0
VERTEX
8
0
10
111.650692832424
20
99.4968723299
30
0
0
VERTEX
8
0
10
112.182362798293
20
99.613364650065
30
0
0
VERTEX
8
0
10
112.714032764162
20
99.7298569702299
30
0
0
VERTEX
8
0
10
113.24570273003
20
99.8463492903948
30
0
0
VERTEX
8
0
10
113.777372695899
20
99.9597822885306
30
0
0
VERTEX
8
0
10
114.309042661768
20
100.074076640391
30
0
0
VERTEX
8
0
10
114.840712627637
20
100.188370992251
30
0
0
VERTEX
8
0
10
115.372382593505
20
100.30266534411
30
0
0
VERTEX
8
0
10
115.904052559374
20
100.41695969597
30
0
0
VERTEX
8
0
10
116.435722525243
20
100.499915729932
30
0
0
VERTEX
8
0
10
116.967392491111
20
100.592230398742
30
0
0
VERTEX
8
0
10
117.49906245698
20
100.684545067552
30
0
0
VERTEX
8
0
10
118.030732422849
20
100.776859736362
30
0
0
VERTEX
8
0
10
118.562402388717
20
100.869174405172
30
0
0
VERTEX
8
0
10
119.094072354586
20
100.961489073982
30
0
0
VERTEX
8
0
10
119.625742320455
20
101.053803742792
30
0
0
VERTEX
8
0
10
120.157412286324
20
101.146118411602
30
0
0
VERTEX
8
0
10
120.689082252192
20
101.238433080412
30
0
0
VERTEX
8
0
10
121.220752218061
20
101.330747749222
30
0
0
VERTEX
8
0
10
121.75242218393
20
101.373819648364
30
0
0
VERTEX
8
0
10
122.284092149798
20
101.433164792599
30
0
0
VERTEX
8
0
10
122.815762115667
20
101.492509936834
30
0
0
VERTEX
8
0
10
123.347432081536
20
101.551855081069
30
0
0
VERTEX
8
0
10
123.879102047404
20
101.613519010837
30
0
0
VERTEX
8
0
10
124.410772013273
20
101.677260091682
30
0
0
VERTEX
8
0
10
124.942441979142
20
101.741001172527
30
0
0
VERTEX
8
0
10
125.47411194501
20
101.804742253372
30
0
0
VERTEX
8
0
10
126.005781910879
20
101.868483334217
30
0
0
VERTEX
8
0
10
126.537451876748
20
101.922353194842
30
0
0
VERTEX
8
0
10
127.069121842617
20
101.968510529246
30
0
0
VERTEX
8
0
10
127.600791808485
20
102.014667863651
30
0
0
VERTEX
8
0
10
128.132461774354
20
102.060825198056
30
0
0
VERTEX
8
0
10
128.664131740223
20
102.106982532461
30
0
0
VERTEX
8
0
10
129.195801706091
20
102.146597805425
30
0
0
VERTEX
8
0
10
129.72747167196
20
102.181765298305
30
0
0
VERTEX
8
0
10
130.259141637829
20
102.216932791185
30
0
0
VERTEX
8
0
10
130.790811603697
20
102.252100284065
30
0
0
VERTEX
8
0
10
131.322481569566
20
102.287267776945
30
0
0
VERTEX
8
0
10
131.854151535435
20
102.312754815482
30
0
0
VERTEX
8
0
10
132.385821501303
20
102.332536530227
30
0
0
VERTEX
8
0
10
132.917491467172
20
102.352318244972
30
0
0
VERTEX
8
0
10
133.449161433041
20
102.372099959717
30
0
0
VERTEX
8
0
10
133.98083139891
20
102.391881674462
30
0
0
VERTEX
8
0
10
134.512501364778
20
102.39854650292
30
0
0
VERTEX
8
0
10
135.044171330647
20
102.39854650292
30
0
0
VERTEX
8
0
10
135.575841296516
20
102.39854650292
30
0
0
VERTEX
8
0
10
136.107511262384
20
102.39854650292
30
0
0
VERTEX
8
0
10
136.639181228253
20
102.39854650292
30
0
0
VERTEX
8
0
10
137.170851194122
20
102.39854650292
30
0
0
VERTEX
8
0
10
137.70252115999
20
102.39854650292
30
0
0
VERTEX
8
0
10
138.234191125859
20
102.39854650292
30
0
0
VERTEX
8
0
10
138.765861091728
20
102.39854650292
30
0
0
VERTEX
8
0
10
139.297531057597
20
102.39854650292
30
0
0
VERTEX
8
0
10
139.829201023465
20
102.39854650292
30
0
0
VERTEX
8
0
10
140.360870989334
20
102.39854650292
30
0
0
VERTEX
8
0
10
140.892540955203
20
102.39854650292
30
0
0
VERTEX
8
0
10
141.424210921071
20
102.39854650292
30
0
0
VERTEX
8
0
10
141.95588088694
20
102.39854650292
30
0
0
VERTEX
8
0
10
142.487550852809
20
102.39854650292
30
0
0
VERTEX
8
0
10
143.019220818677
20
102.39854650292
30
0
0
VERTEX
8
0
10
143.550890784546
20
102.39854650292
30
0
0
VERTEX
8
0
10
144.082560750415
20
102.39854650292
30
0
0
VERTEX
8
0
10
144.614230716283
20
102.39854650292
30
0
0
VERTEX
8
0
10
145.145900682152
20
102.36870349843
30
0
0
VERTEX
8
0
10
145.677570648021
20
102.331338037245
30
0
0
VERTEX
8
0
10
146.20924061389
20
102.29397257606
30
0
0
VERTEX
8
0
10
146.740910579758
20
102.256607114875
30
0
0
VERTEX
8
0
10
147.272580545627
20
102.21924165369
30
0
0
VERTEX
8
0
10
147.804250511496
20
102.203835959862
30
0
0
VERTEX
8
0
10
148.335920477364
20
102.192846118337
30
0
0
VERTEX
8
0
10
148.867590443233
20
102.181856276812
30
0
0
VERTEX
8
0
10
149.399260409102
20
102.170866435287
30
0
0
VERTEX
8
0
10
149.93093037497
20
102.159876593762
30
0
0
VERTEX
8
0
10
150.462600340839
20
102.133650829247
30
0
0
VERTEX
8
0
10
150.994270306708
20
102.105077241282
30
0
0
VERTEX
8
0
10
151.525940272576
20
102.076503653317
30
0
0
VERTEX
8
0
10
152.057610238445
20
102.047930065352
30
0
0
VERTEX
8
0
10
152.589280204314
20
102.019356477387
30
0
0
VERTEX
8
0
10
153.120950170183
20
101.996917789839
30
0
0
VERTEX
8
0
10
153.652620136051
20
101.975157903619
30
0
0
VERTEX
8
0
10
154.18429010192
20
101.9533980174
30
0
0
SEQEND
8
0
0
POLYLINE
8
0
62
1
70
0
10
0
20
0
30
0
0
VERTEX
8
0
10
12.7600791808485
20
17.3173095351695
30
0
0
VERTEX
8
0
10
13.2917491467172
20
17.8105438791363
30
0
0
VERTEX
8
0
10
13.8234191125859
20
18.3038287792578
30
0
0
VERTEX
8
0
10
14.3550890784545
20
18.7971602553716
30
0
0
VERTEX
8
0
10
14.8867590443232
20
19.2905347341084
30
0
0
VERTEX
8
0
10
15.4184290101919
20
19.7712405833617
30
0
0
VERTEX
8
0
10
15.9500989760606
20
20.2450595974179
30
0
0
VERTEX
8
0
10
16.4817689419293
20
20.718721487745
30
0
0
VERTEX
8
0
10
17.013438907798
20
21.1924528619616
30
0
0
VERTEX
8
0
10
17.5451088736667
20
21.6662491622838
30
0
0
VERTEX
8
0
10
18.0767788395354
20
22.0636442677004
30
0
0
VERTEX
8
0
10
18.608448805404
20
22.4128135557715
30
0
0
VERTEX
8
0
10
19.1401187712727
20
22.7624016294966
30
0
0
VERTEX
8
0
10
19.6717887371414
20
23.1121002626669
30
0
0
VERTEX
8
0
10
20.2034587030101
20
23.4619045116323
30
0
0
VERTEX
8
0
10
20.7351286688788
20
23.79769877495
30
0
0
VERTEX
8
0
10
21.2667986347475
20
24.1268011675507
30
0
0
VERTEX
8
0
10
21.7984686006162
20
24.4559286713644
30
0
0
VERTEX
8
0
10
22.3301385664849
20
24.7851720391489
30
0
0
VERTEX
8
0
10
22.8618085323535
20
25.1145267140864
30
0
0
VERTEX
8
0
10
23.3934784982222
20
25.4010600845212
30
0
0
VERTEX
8
0
10
23.9251484640909
20
25.6722161482492
30
0
0
VERTEX
8
0
10
24.4568184299596
20
25.9429020067868
30
0
0
VERTEX
8
0
10
24.9884883958283
20
26.2138129634107
30
0
0
VERTEX
8
0
10
25.520158361697
20
26.4849421106263
30
0
0
VERTEX
8
0
10
26.0518283275656
20
26.7454505719144
30
0
0
VERTEX
8
0
10
26.5834982934343
20
27.0027374479426
30
0
0
VERTEX
8
0
10
27.115168259303
20
27.260113640717
30
0
0
VERTEX
8
0
10
27.6468382251717
20
27.5177149431853
30
0
0
VERTEX
8
0
10
28.1785081910404
20
27.7755350920792
30
0
0
VERTEX
8
0
10
28.7101781569091
20
28.0335680493147
30
0
0
VERTEX
8
0
10
29.2418481227778
20
28.2991012426868
30
0
0
VERTEX
8
0
10
29.7735180886464
20
28.5632698605711
30
0
0
VERTEX
8
0
10
30.3051880545151
20
28.8277583862326
30
0
0
VERTEX
8
0
10
30.8368580203838
20
29.0925580945611
30
0
0
VERTEX
8
0
10
31.3685279862525
20
29.354303425658
30
0
0
VERTEX
8
0
10
31.9001979521212
20
29.6178606295925
30
0
0
VERTEX
8
0
10
32.4318679179899
20
29.8811522909126
30
0
0
VERTEX
8
0
10
32.9635378838586
20
30.1447701961831
30
0
0
VERTEX
8
0
10
33.4952078497272
20
30.4087058606232
30
0
0
VERTEX
8
0
10
34.0268778155959
20
30.6468198499081
30
0
0
VERTEX
8
0
10
34.5585477814646
20
30.8841315772572
30
0
0
VERTEX
8
0
10
35.0902177473333
20
31.1207053481838
30
0
0
VERTEX
8
0
10
35.621887713202
20
31.3576981970267
30
0
0
VERTEX
8
0
10
36.1535576790707
20
31.5951006933568
30
0
0
VERTEX
8
0
10
36.6852276449393
20
31.8274936552997
30
0
0
VERTEX
8
0
10
37.216897610808
20
32.0603542333407
30
0
0
VERTEX
8
0
10
37.7485675766767
20
32.2933561474643
30
0
0
VERTEX
8
0
10
38.2802375425454
20
32.526760767233
30
0
0
VERTEX
8
0
10
38.8119075084141
20
32.7605594853446
30
0
0
VERTEX
8
0
10
39.3435774742828
20
32.9779709465017
30
0
0
VERTEX
8
0
10
39.8752474401515
20
33.1999271893068
30
0
0
VERTEX
8
0
10
40.4069174060201
20
33.4205336877497
30
0
0
VERTEX
8
0
10
40.9385873718888
20
33.6416350756236
30
0
0
VERTEX
8
0
10
41.4702573377575
20
33.8632216591616
30
0
0
VERTEX
8
0
10
42.0019273036262
20
34.0718344359986
30
0
0
VERTEX
8
0
10
42.5335972694949
20
34.2821133404879
30
0
0
VERTEX
8
0
10
43.0652672353636
20
34.4922163305869
30
0
0
VERTEX
8
0
10
43.5969372012323
20
34.7028376987732
30
0
0
VERTEX
8
0
10
44.1286071671009
20
34.9139680635733
30
0
0
VERTEX
8
0
10
44.6602771329696
20
35.1176645905897
30
0
0
VERTEX
8
0
10
45.1919470988383
20
35.3159145151566
30
0
0
VERTEX
8
0
10
45.723617064707
20
35.5144519449498
30
0
0
VERTEX
8
0
10
46.2552870305757
20
35.7132720850673
30
0
0
VERTEX
8
0
10
46.7869569964444
20
35.9123702400377
30
0
0
VERTEX
8
0
10
47.3186269623131
20
36.0901582456495
30
0
0
VERTEX
8
0
10
47.8502969281817
20
36.2584810657712
30
0
0
VERTEX
8
0
10
48.3819668940504
20
36.4268709054408
30
0
0
VERTEX
8
0
10
48.9136368599191
20
36.5953268395064
30
0
0
VERTEX
8
0
10
49.4453068257878
20
36.7638479594131
30
0
0
VERTEX
8
0
10
49.9769767916565
20
36.9226109613983
30
0
0
VERTEX
8
0
10
50.5086467575252
20
37.0806410752905
30
0
0
VERTEX
8
0
10
51.0403167233939
20
37.2387266678142
30
0
0
VERTEX
8
0
10
51.5719866892625
20
37.3968670354049
30
0
0
VERTEX
8
0
10
52.1036566551312
20
37.5550614861066
30
0
0
VERTEX
8
0
10
52.6353266209999
20
37.6761822426479
30
0
0
VERTEX
8
0
10
53.1669965868686
20
37.7858204205617
30
0
0
VERTEX
8
0
10
53.6986665527373
20
37.8954792286811
30
0
0
VERTEX
8
0
10
54.230336518606
20
38.0051584884291
30
0
0
VERTEX
8
0
10
54.7620064844746
20
38.114858023251
30
0
0
VERTEX
8
0
10
55.2936764503433
20
38.2227552688852
30
0
0
VERTEX
8
0
10
55.825346416212
20
38.3325119947549
30
0
0
VERTEX
8
0
10
56.3570163820807
20
38.4422751854014
30
0
0
VERTEX
8
0
10
56.8886863479494
20
38.5520447856064
30
0
0
VERTEX
8
0
10
57.4203563138181
20
38.6618207407753
30
0
0
VERTEX
8
0
10
57.9520262796868
20
38.7731842973442
30
0
0
VERTEX
8
0
10
58.4836962455554
20
38.8962180378805
30
0
0
VERTEX
8
0
10
59.0153662114241
20
39.0193572260011
30
0
0
VERTEX
8
0
10
59.5470361772928
20
39.1426008665194
30
0
0
VERTEX
8
0
10
60.0787061431615
20
39.2659479759043
30
0
0
VERTEX
8
0
10
60.6103761090302
20
39.3858558932326
30
0
0
VERTEX
8
0
10
61.1420460748989
20
39.5070341836609
30
0
0
VERTEX
8
0
10
61.6737160407676
20
39.6283321243463
30
0
0
VERTEX
8
0
10
62.2053860066362
20
39.7497486199361
30
0
0
VERTEX
8
0
10
62.7370559725049
20
39.8712825873561
30
0
0
VERTEX
8
0
10
63.2687259383736
20
39.9962867475797
30
0
0
VERTEX
8
0
10
63.8003959042423
20
40.1301422924009
30
0
0
VERTEX
8
0
10
64.332065870111
20
40.264413489778
30
0
0
VERTEX
8
0
10
64.8637358359797
20
40.3990961952993
30
0
0
VERTEX
8
0
10
65.3954058018483
20
40.5341863070178
30
0
0
VERTEX
8
0
10
65.927075767717
20
40.660373078394
30
0
0
VERTEX
8
0
10
66.4587457335857
20
40.7914621406619
30
0
0
VERTEX
8
0
10
66.9904156994544
20
40.9230904633656
30
0
0
VERTEX
8
0
10
67.5220856653231
20
41.0552528596943
30
0
0
VERTEX
8
0
10
68.0537556311918
20
41.1879441884996
30
0
0
VERTEX
8
0
10
68.5854255970605
20
41.3221442623175
30
0
0
VERTEX
8
0
10
69.1170955629291
20
41.4629053724757
30
0
0
VERTEX
8
0
10
69.6487655287978
20
41.6045023943264
30
0
0
VERTEX
8
0
10
70.1804354946665
20
41.7469268221468
30
0
0
VERTEX
8
0
10
70.7121054605352
20
41.8901702165244
30
0
0
VERTEX
8
0
10
71.2437754264039
20
42.0347921552759
30
0
0
VERTEX
8
0
10
71.7754453922726
20
42.1836591123528
30
0
0
VERTEX
8
0
10
72.3071153581412
20
42.3335268757366
30
0
0
VERTEX
8
0
10
72.8387853240099
20
42.4843848541065
30
0
0
VERTEX
8
0
10
73.3704552898786
20
42.6362225365538
30
0
0
VERTEX
8
0
10
73.9021252557473
20
42.7963486623603
30
0
0
VERTEX
8
0
10
74.433795221616
20
42.9596070005094
30
0
0
VERTEX
8
0
10
74.9654651874847
20
43.1240340152329
30
0
0
VERTEX
8
0
10
75.4971351533534
20
43.2896163895748
30
0
0
VERTEX
8
0
10
76.028805119222
20
43.4563409166828
30
0
0
VERTEX
8
0
10
76.5604750850907
20
43.6271250319231
30
0
0
VERTEX
8
0
10
77.0921450509594
20
43.8023785095247
30
0
0
VERTEX
8
0
10
77.6238150168281
20
43.978990124327
30
0
0
VERTEX
8
0
10
78.1554849826968
20
44.1569435801777
30
0
0
VERTEX
8
0
10
78.6871549485655
20
44.3362227197324
30
0
0
VERTEX
8
0
10
79.2188249144342
20
44.4827860646785
30
0
0
VERTEX
8
0
10
79.7504948803028
20
44.6359517866353
30
0
0
VERTEX
8
0
10
80.2821648461715
20
44.7902574905165
30
0
0
VERTEX
8
0
10
80.8138348120402
20
44.9456914351062
30
0
0
VERTEX
8
0
10
81.3455047779089
20
45.1022419557813
30
0
0
VERTEX
8
0
10
81.8771747437776
20
45.2673769298781
30
0
0
VERTEX
8
0
10
82.4088447096463
20
45.4212082507246
30
0
0
VERTEX
8
0
10
82.9405146755149
20
45.5755851294194
30
0
0
VERTEX
8
0
10
83.4721846413836
20
45.7305020408854
30
0
0
VERTEX
8
0
10
84.0038546072523
20
45.8859535154617
30
0
0
VERTEX
8
0
10
84.535524573121
20
46.0006180488428
30
0
0
VERTEX
8
0
10
85.0671945389897
20
46.1272518570797
30
0
0
VERTEX
8
0
10
85.5988645048584
20
46.2544490079639
30
0
0
VERTEX
8
0
10
86.1305344707271
20
46.3822048668144
30
0
0
VERTEX
8
0
10
86.6622044365958
20
46.5197171318422
30
0
0
VERTEX
8
0
10
87.1938744024645
20
46.643439980281
30
0
0
VERTEX
8
0
10
87.7255443683332
20
46.7686105217837
30
0
0
VERTEX
8
0
10
88.2572143342018
20
46.894059827338
30
0
0
VERTEX
8
0
10
88.7888843000705
20
47.0197856657073
30
0
0
VERTEX
8
0
10
89.3205542659392
20
47.146759876913
30
0
0
VERTEX
8
0
10
89.8522242318079
20
47.2721165712798
30
0
0
VERTEX
8
0
10
90.3838941976766
20
47.3979370786955
30
0
0
VERTEX
8
0
10
90.9155641635453
20
47.5240028934773
30
0
0
VERTEX
8
0
10
91.447234129414
20
47.6503120686365
30
0
0
VERTEX
8
0
10
91.9789040952827
20
47.7789171843794
30
0
0
VERTEX
8
0
10
92.5105740611514
20
47.9235462266199
30
0
0
VERTEX
8
0
10
93.0422440270201
20
48.0669557179579
30
0
0
VERTEX
8
0
10
93.5739139928888
20
48.2106731383968
30
0
0
VERTEX
8
0
10
94.1055839587575
20
48.354695742302
30
0
0
VERTEX
8
0
10
94.6372539246262
20
48.4936294046256
30
0
0
VERTEX
8
0
10
95.1689238904949
20
48.6323759817986
30
0
0
VERTEX
8
0
10
95.7005938563636
20
48.7710721052618
30
0
0
VERTEX
8
0
10
96.2322638222323
20
48.9101138553966
30
0
0
VERTEX
8
0
10
96.763933788101
20
49.0494982929353
30
0
0
VERTEX
8
0
10
97.2956037539697
20
49.1790756886741
30
0
0
VERTEX
8
0
10
97.8272737198383
20
49.3111761718645
30
0
0
VERTEX
8
0
10
98.358943685707
20
49.4424877277791
30
0
0
VERTEX
8
0
10
98.8906136515757
20
49.5742455985212
30
0
0
VERTEX
8
0
10
99.4222836174444
20
49.7064462349241
30
0
0
VERTEX
8
0
10
99.9539535833131
20
49.8308710125008
30
0
0
VERTEX
8
0
10
100.485623549182
20
49.9534492016737
30
0
0
VERTEX
8
0
10
101.017293515051
20
50.076229486851
30
0
0
VERTEX
8
0
10
101.548963480919
20
50.1995064137925
30
0
0
VERTEX
8
0
10
102.080633446788
20
50.3232763326285
30
0
0
VERTEX
8
0
10
102.612303412657
20
50.4475356147834
30
0
0
VERTEX
8
0
10
103.143973378525
20
50.563654361472
30
0
0
VERTEX
8
0
10
103.675643344394
20
50.6819571438742
30
0
0
VERTEX
8
0
10
104.207313310263
20
50.8006877767338
30
0
0
VERTEX
8
0
10
104.738983276131
20
50.9198432671731
30
0
0
VERTEX
8
0
10
105.270653242
20
51.0394206396032
30
0
0
VERTEX
8
0
10
105.802323207869
20
51.1540073530719
30
0
0
VERTEX
8
0
10
106.333993173737
20
51.2701942233042
30
0
0
VERTEX
8
0
10
106.865663139606
20
51.3867660543214
30
0
0
VERTEX
8
0
10
107.397333105475
20
51.5037202322007
30
0
0
VERTEX
8
0
10
107.929003071344
20
51.6210541581733
30
0
0
VERTEX
8
0
10
108.460673037212
20
51.733123206999
30
0
0
VERTEX
8
0
10
108.992343003081
20
51.8469170146677
30
0
0
VERTEX
8
0
10
109.52401296895
20
51.9610566552385
30
0
0
VERTEX
8
0
10
110.055682934818
20
52.0755398547125
30
0
0
VERTEX
8
0
10
110.587352900687
20
52.1728692753961
30
0
0
VERTEX
8
0
10
111.119022866556
20
52.2567166907596
30
0
0
VERTEX
8
0
10
111.650692832424
20
52.3435298661725
30
0
0
VERTEX
8
0
10
112.182362798293
20
52.4307331703541
30
0
0
VERTEX
8
0
10
112.714032764162
20
52.5183246599531
30
0
0
VERTEX
8
0
10
113.24570273003
20
52.6118441248581
30
0
0
VERTEX
8
0
10
113.777372695899
20
52.6945206268055
30
0
0
VERTEX
8
0
10
114.309042661768
20
52.7809330521449
30
0
0
VERTEX
8
0
10
114.840712627637
20
52.867646700524
30
0
0
VERTEX
8
0
10
115.372382593505
20
52.954660092178
30
0
0
VERTEX
8
0
10
115.904052559374
20
53.0277143518515
30
0
0
VERTEX
8
0
10
116.435722525243
20
53.0716378587949
30
0
0
VERTEX
8
0
10
116.967392491111
20
53.1240193328694
30
0
0
VERTEX
8
0
10
117.49906245698
20
53.1766669095514
30
0
0
VERTEX
8
0
10
118.030732422849
20
53.2295797992619
30
0
0
VERTEX
8
0
10
118.562402388717
20
53.2900863185968
30
0
0
VERTEX
8
0
10
119.094072354586
20
53.3340171067288
30
0
0
VERTEX
8
0
10
119.625742320455
20
53.3836352194402
30
0
0
VERTEX
8
0
10
120.157412286324
20
53.4334332891592
30
0
0
VERTEX
8
0
10
120.689082252192
20
53.4834108132151
30
0
0
VERTEX
8
0
10
121.220752218061
20
53.5275373428937
30
0
0
VERTEX
8
0
10
121.75242218393
20
53.5330537614776
30
0
0
VERTEX
8
0
10
122.284092149798
20
53.5513672760585
30
0
0
VERTEX
8
0
10
122.815762115667
20
53.5697904147251
30
0
0
VERTEX
8
0
10
123.347432081536
20
53.5883230644144
30
0
0
VERTEX
8
0
10
123.879102047404
20
53.5973244719245
30
0
0
VERTEX
8
0
10
124.410772013273
20
53.5977628514345
30
0
0
VERTEX
8
0
10
124.942441979142
20
53.5982629696809
30
0
0
VERTEX
8
0
10
125.47411194501
20
53.5988248249355
30
0
0
VERTEX
8
0
10
126.005781910879
20
53.5994484152568
30
0
0
VERTEX
8
0
10
126.537451876748
20
53.5822047556387
30
0
0
VERTEX
8
0
10
127.069121842617
20
53.5522474891988
30
0
0
VERTEX
8
0
10
127.600791808485
20
53.5223060400269
30
0
0
VERTEX
8
0
10
128.132461774354
20
53.4923804346833
30
0
0
VERTEX
8
0
10
128.664131740223
20
53.4624706997738
30
0
0
VERTEX
8
0
10
129.195801706091
20
53.4313009170708
30
0
0
VERTEX
8
0
10
129.72747167196
20
53.3968852027332
30
0
0
VERTEX
8
0
10
130.259141637829
20
53.3624757196081
30
0
0
VERTEX
8
0
10
130.790811603697
20
53.3280724797576
30
0
0
VERTEX
8
0
10
131.322481569566
20
53.2936754952725
30
0
0
VERTEX
8
0
10
131.854151535435
20
53.248150717937
30
0
0
VERTEX
8
0
10
132.385821501303
20
53.1983205573508
30
0
0
VERTEX
8
0
10
132.917491467172
20
53.1484918534262
30
0
0
VERTEX
8
0
10
133.449161433041
20
53.0986646102642
30
0
0
VERTEX
8
0
10
133.98083139891
20
53.048838831981
30
0
0
VERTEX
8
0
10
134.512501364778
20
52.9867713871728
30
0
0
VERTEX
8
0
10
135.044171330647
20
52.9184848977061
30
0
0
VERTEX
8
0
10
135.575841296516
20
52.8502003076669
30
0
0
VERTEX
8
0
10
136.107511262384
20
52.781917624427
30
0
0
VERTEX
8
0
10
136.639181228253
20
52.7136368553965
30
0
0
VERTEX
8
0
10
137.170851194122
20
52.6335171401171
30
0
0
VERTEX
8
0
10
137.70252115999
20
52.5513061387314
30
0
0
VERTEX
8
0
10
138.234191125859
20
52.4690993729761
30
0
0
VERTEX
8
0
10
138.765861091728
20
52.386896862791
30
0
0
VERTEX
8
0
10
139.297531057597
20
52.3046986282405
30
0
0
VERTEX
8
0
10
139.829201023465
20
52.2049681712735
30
0
0
VERTEX
8
0
10
140.360870989334
20
52.1026766868242
30
0
0
VERTEX
8
0
10
140.892540955203
20
52.0003954322096
30
0
0
VERTEX
8
0
10
141.424210921071
20
51.8981244679129
30
0
0
VERTEX
8
0
10
141.95588088694
20
51.7958638548887
30
0
0
VERTEX
8
0
10
142.487550852809
20
51.695108025347
30
0
0
VERTEX
8
0
10
143.019220818677
20
51.5929666864283
30
0
0
VERTEX
8
0
10
143.550890784546
20
51.4908422794206
30
0
0
VERTEX
8
0
10
144.082560750415
20
51.3887349052697
30
0
0
VERTEX
8
0
10
144.614230716283
20
51.2866446657086
30
0
0
VERTEX
8
0
10
145.145900682152
20
51.1711637121029
30
0
0
VERTEX
8
0
10
145.677570648021
20
51.0523439948747
30
0
0
VERTEX
8
0
10
146.20924061389
20
50.9335681589167
30
0
0
VERTEX
8
0
10
146.740910579758
20
50.8148365119365
30
0
0
VERTEX
8
0
10
147.272580545627
20
50.6961493644089
30
0
0
VERTEX
8
0
10
147.804250511496
20
50.5729380145479
30
0
0
VERTEX
8
0
10
148.335920477364
20
50.4497169625725
30
0
0
VERTEX
8
0
10
148.867590443233
20
50.3265445918567
30
0
0
VERTEX
8
0
10
149.399260409102
20
50.2034212607138
30
0
0
VERTEX
8
0
10
149.93093037497
20
50.0803473308376
30
0
0
VERTEX
8
0
10
150.462600340839
20
49.9536794937108
30
0
0
VERTEX
8
0
10
150.994270306708
20
49.8248645291715
30
0
0
VERTEX
8
0
10
151.525940272576
20
49.6961288209643
30
0
0
VERTEX
8
0
10
152.057610238445
20
49.5674729866187
30
0
0
VERTEX
8
0
10
152.589280204314
20
49.4388976497065
30
0
0
VERTEX
8
0
10
153.120950170183
20
49.321593054081
30
0
0
VERTEX
8
0
10
153.652620136051
20
49.2056587568241
30
0
0
VERTEX
8
0
10
154.18429010192
20
49.0897749988604
30
0
0
SEQEND
8
0
0
POLYLINE
8
0
62
2
70
0
10
0
20
0
30
0
0
VERTEX
8
0
10
12.7600791808485
20
17.3173095351696
30
0
0
VERTEX
8
0
10
13.2917491467172
20
17.8105438791363
30
0
0
VERTEX
8
0
10
13.8234191125859
20
18.3038287792578
30
0
0
VERTEX
8
0
10
14.3550890784545
20
18.7971602553716
30
0
0
VERTEX
8
0
10
14.8867590443232
20
19.2905347341084
30
0
0
VERTEX
8
0
10
15.4184290101919
20
19.7712405833617
30
0
0
VERTEX
8
0
10
15.9500989760606
20
20.2450595974179
30
0
0
VERTEX
8
0
10
16.4817689419293
20
20.718721487745
30
0
0
VERTEX
8
0
10
17.013438907798
20
21.1924528619616
30
0
0
VERTEX
8
0
10
17.5451088736667
20
21.6662491622838
30
0
0
VERTEX
8
0
10
18.0767788395354
20
22.0636442677004
30
0
0
VERTEX
8
0
10
18.608448805404
20
22.4128135557715
30
0
0
VERTEX
8
0
10
19.1401187712727
20
22.7624016294966
30
0
0
VERTEX
8
0
10
19.6717887371414
20
23.1121002626669
30
0
0
VERTEX
8
0
10
20.2034587030101
20
23.4619045116323
30
0
0
VERTEX
8
0
10
20.7351286688788
20
23.79769877495
30
0
0
VERTEX
8
0
10
21.2667986347475
20
24.1268011675507
30
0
0
VERTEX
8
0
10
21.7984686006162
20
24.4559286713644
30
0
0
VERTEX
8
0
10
22.3301385664849
20
24.7851720391489
30
0
0
VERTEX
8
0
10
22.8618085323535
20
25.1145267140864
30
0
0
VERTEX
8
0
10
23.3934784982222
20
25.4010600845212
30
0
0
VERTEX
8
0
10
23.9251484640909
20
25.6722161482492
30
0
0
VERTEX
8
0
10
24.4568184299596
20
25.9429020067868
30
0
0
VERTEX
8
0
10
24.9884883958283
20
26.2138129634107
30
0
0
VERTEX
8
0
10
25.520158361697
20
26.4849421106263
30
0
0
VERTEX
8
0
10
26.0518283275656
20
26.7454505719144
30
0
0
VERTEX
8
0
10
26.5834982934343
20
27.0027374479426
30
0
0
VERTEX
8
0
10
27.115168259303
20
27.260113640717
30
0
0
VERTEX
8
0
10
27.6468382251717
20
27.5177149431853
30
0
0
VERTEX
8
0
10
28.1785081910404
20
27.7755350920792
30
0
0
VERTEX
8
0
10
28.7101781569091
20
28.0335680493147
30
0
0
VERTEX
8
0
10
29.2418481227778
20
28.2991012426868
30
0
0
VERTEX
8
0
10
29.7735180886464
20
28.5632698605711
30
0
0
VERTEX
8
0
10
30.3051880545151
20
28.8277583862326
30
0
0
VERTEX
8
0
10
30.8368580203838
20
29.0925580945611
30
0
0
VERTEX
8
0
10
31.3685279862525
20
29.354303425658
30
0
0
VERTEX
8
0
10
31.9001979521212
20
29.6178606295925
30
0
0
VERTEX
8
0
10
32.4318679179899
20
29.8811522909126
30
0
0
VERTEX
8
0
10
32.9635378838586
20
30.1447701961831
30
0
0
VERTEX
8
0
10
33.4952078497272
20
30.4087058606232
30
0
0
VERTEX
8
0
10
34.0268778155959
20
30.6468198499081
30
0
0
VERTEX
8
0
10
34.5585477814646
20
30.8841315772572
30
0
0
VERTEX
8
0
10
35.0902177473333
20
31.1207053481838
30
0
0
VERTEX
8
0
10
35.621887713202
20
31.3576981970267
30
0
0
VERTEX
8
0
10
36.1535576790707
20
31.5951006933568
30
0
0
VERTEX
8
0
10
36.6852276449393
20
31.8274936552997
30
0
0
VERTEX
8
0
10
37.216897610808
20
32.0603542333407
30
0
0
VERTEX
8
0
10
37.7485675766767
20
32.2933561474643
30
0
0
VERTEX
8
0
10
38.2802375425454
20
32.526760767233
30
0
0
VERTEX
8
0
10
38.8119075084141
20
32.7605594853446
30
0
0
VERTEX
8
0
10
39.3435774742828
20
32.9779709465017
30
0
0
VERTEX
8
0
10
39.8752474401515
20
33.1999271893067
30
0
0
VERTEX
8
0
10
40.4069174060201
20
33.4205336877497
30
0
0
VERTEX
8
0
10
40.9385873718888
20
33.6416350756236
30
0
0
VERTEX
8
0
10
41.4702573377575
20
33.8632216591616
30
0
0
VERTEX
8
0
10
42.0019273036262
20
34.0718344359986
30
0
0
VERTEX
8
0
10
42.5335972694949
20
34.2821133404879
30
0
0
VERTEX
8
0
10
43.0652672353636
20
34.4922163305869
30
0
0
VERTEX
8
0
10
43.5969372012323
20
34.7028376987732
30
0
0
VERTEX
8
0
10
44.1286071671009
20
34.9139680635733
30
0
0
VERTEX
8
0
10
44.6602771329696
20
35.1176645905897
30
0
0
VERTEX
8
0
10
45.1919470988383
20
35.3159145151566
30
0
0
VERTEX
8
0
10
45.723617064707
20
35.5144519449498
30
0
0
VERTEX
8
0
10
46.2552870305757
20
35.7132720850673
30
0
0
VERTEX
8
0
10
46.7869569964444
20
35.9123702400377
30
0
0
VERTEX
8
0
10
47.3186269623131
20
36.0901582456495
30
0
0
VERTEX
8
0
10
47.8502969281817
20
36.2584810657712
30
0
0
VERTEX
8
0
10
48.3819668940504
20
36.4268709054408
30
0
0
VERTEX
8
0
10
48.9136368599191
20
36.5953268395064
30
0
0
VERTEX
8
0
10
49.4453068257878
20
36.7638479594131
30
0
0
VERTEX
8
0
10
49.9769767916565
20
36.9226109613983
30
0
0
VERTEX
8
0
10
50.5086467575252
20
37.0806410752905
30
0
0
VERTEX
8
0
10
51.0403167233939
20
37.2387266678142
30
0
0
VERTEX
8
0
10
51.5719866892625
20
37.3968670354049
30
0
0
VERTEX
8
0
10
52.1036566551312
20
37.5550614861066
30
0
0
VERTEX
8
0
10
52.6353266209999
20
37.6761822426479
30
0
0
VERTEX
8
0
10
53.1669965868686
20
37.7858204205617
30
0
0
VERTEX
8
0
10
53.6986665527373
20
37.8954792286811
30
0
0
VERTEX
8
0
10
54.230336518606
20
38.0051584884291
30
0
0
VERTEX
8
0
10
54.7620064844746
20
38.114858023251
30
0
0
VERTEX
8
0
10
55.2936764503433
20
38.2227552688852
30
0
0
VERTEX
8
0
10
55.825346416212
20
38.3325119947549
30
0
0
VERTEX
8
0
10
56.3570163820807
20
38.4422751854014
30
0
0
VERTEX
8
0
10
56.8886863479494
20
38.5520447856064
30
0
0
VERTEX
8
0
10
57.4203563138181
20
38.6618207407753
30
0
0
VERTEX
8
0
10
57.9520262796868
20
38.7731842973442
30
0
0
VERTEX
8
0
10
58.4836962455554
20
38.8962180378805
30
0
0
VERTEX
8
0
10
59.0153662114241
20
39.0193572260011
30
0
0
VERTEX
8
0
10
59.5470361772928
20
39.1426008665194
30
0
0
VERTEX
8
0
10
60.0787061431615
20
39.2659479759043
30
0
0
VERTEX
8
0
10
60.6103761090302
20
39.3858558932326
30
0
0
VERTEX
8
0
10
61.1420460748989
20
39.5070341836609
30
0
0
VERTEX
8
0
10
61.6737160407676
20
39.6283321243463
30
0
0
VERTEX
8
0
10
62.2053860066362
20
39.7497486199361
30
0
0
VERTEX
8
0
10
62.7370559725049
20
39.8712825873561
30
0
0
VERTEX
8
0
10
63.2687259383736
20
39.9962867475797
30
0
0
VERTEX
8
0
10
63.8003959042423
20
40.1301422924009
30
0
0
VERTEX
8
0
10
64.332065870111
20
40.264413489778
30
0
0
VERTEX
8
0
10
64.8637358359797
20
40.3990961952993
30
0
0
VERTEX
8
0
10
65.3954058018483
20
40.5341863070178
30
0
0
VERTEX
8
0
10
65.927075767717
20
40.660373078394
30
0
0
VERTEX
8
0
10
66.4587457335857
20
40.7914621406619
30
0
0
VERTEX
8
0
10
66.9904156994544
20
40.9230904633656
30
0
0
VERTEX
8
0
10
67.5220856653231
20
41.0552528596943
30
0
0
VERTEX
8
0
10
68.0537556311918
20
41.1879441884996
30
0
0
VERTEX
8
0
10
68.5854255970605
20
41.3221442623175
30
0
0
VERTEX
8
0
10
69.1170955629291
20
41.4629053724757
30
0
0
VERTEX
8
0
10
69.6487655287978
20
41.6045023943264
30
0
0
VERTEX
8
0
10
70.1804354946665
20
41.7469268221468
30
0
0
VERTEX
8
0
10
70.7121054605352
20
41.8901702165244
30
0
0
VERTEX
8
0
10
71.2437754264039
20
42.0347921552759
30
0
0
VERTEX
8
0
10
71.7754453922726
20
42.1836591123528
30
0
0
VERTEX
8
0
10
72.3071153581412
20
42.3335268757366
30
0
0
VERTEX
8
0
10
72.8387853240099
20
42.4843848541065
30
0
0
VERTEX
8
0
10
73.3704552898786
20
42.6362225365538
30
0
0
VERTEX
8
0
10
73.9021252557473
20
42.7963486623603
30
0
0
VERTEX
8
0
10
74.433795221616
20
42.9596070005094
30
0
0
VERTEX
8
0
10
74.9654651874847
20
43.1240340152329
30
0
0
VERTEX
8
0
10
75.4971351533534
20
43.2896163895748
30
0
0
VERTEX
8
0
10
76.028805119222
20
43.4563409166828
30
0
0
VERTEX
8
0
10
76.5604750850907
20
43.6271250319231
30
0
0
VERTEX
8
0
10
77.0921450509594
20
43.8023785095247
30
0
0
VERTEX
8
0
10
77.6238150168281
20
43.978990124327
30
0
0
VERTEX
8
0
10
78.1554849826968
20
44.1569435801777
30
0
0
VERTEX
8
0
10
78.6871549485655
20
44.3362227197324
30
0
0
VERTEX
8
0
10
79.2188249144342
20
44.4827860646785
30
0
0
VERTEX
8
0
10
79.7504948803028
20
44.6359517866353
30
0
0
VERTEX
8
0
10
80.2821648461715
20
44.7902574905165
30
0
0
VERTEX
8
0
10
80.8138348120402
20
44.9456914351062
30
0
0
VERTEX
8
0
10
81.3455047779089
20
45.1022419557813
30
0
0
VERTEX
8
0
10
81.8771747437776
20
45.2673769298781
30
0
0
VERTEX
8
0
10
82.4088447096463
20
45.4212082507246
30
0
0
VERTEX
8
0
10
82.9405146755149
20
45.5755851294194
30
0
0
VERTEX
8
0
10
83.4721846413836
20
45.7305020408854
30
0
0
VERTEX
8
0
10
84.0038546072523
20
45.8859535154617
30
0
0
VERTEX
8
0
10
84.535524573121
20
46.0006180488428
30
0
0
VERTEX
8
0
10
85.0671945389897
20
46.1272518570797
30
0
0
VERTEX
8
0
10
85.5988645048584
20
46.2544490079639
30
0
0
VERTEX
8
0
10
86.1305344707271
20
46.3822048668144
30
0
0
VERTEX
8
0
10
86.6622044365958
20
46.5197171318423
30
0
0
VERTEX
8
0
10
87.1938744024645
20
46.643439980281
30
0
0
VERTEX
8
0
10
87.7255443683332
20
46.7686105217837
30
0
0
VERTEX
8
0
10
88.2572143342018
20
46.894059827338
30
0
0
VERTEX
8
0
10
88.7888843000705
20
47.0197856657073
30
0
0
VERTEX
8
0
10
89.3205542659392
20
47.146759876913
30
0
0
VERTEX
8
0
10
89.8522242318079
20
47.2721165712798
30
0
0
VERTEX
8
0
10
90.3838941976766
20
47.3979370786955
30
0
0
VERTEX
8
0
10
90.9155641635453
20
47.5240028934773
30
0
0
VERTEX
8
0
10
91.447234129414
20
47.6503120686365
30
0
0
VERTEX
8
0
10
91.9789040952827
20
47.7789171843794
30
0
0
VERTEX
8
0
10
92.5105740611514
20
47.9235462266199
30
0
0
VERTEX
8
0
10
93.0422440270201
20
48.0669557179579
30
0
0
VERTEX
8
0
10
93.5739139928888
20
48.2106731383968
30
0
0
VERTEX
8
0
10
94.1055839587575
20
48.354695742302
30
0
0
VERTEX
8
0
10
94.6372539246262
20
48.4936294046256
30
0
0
VERTEX
8
0
10
95.1689238904949
20
48.6323759817986
30
0
0
VERTEX
8
0
10
95.7005938563636
20
48.7710721052618
30
0
0
VERTEX
8
0
10
96.2322638222323
20
48.9101138553966
30
0
0
VERTEX
8
0
10
96.763933788101
20
49.0494982929353
30
0
0
VERTEX
8
0
10
97.2956037539697
20
49.1790756886741
30
0
0
VERTEX
8
0
10
97.8272737198383
20
49.3111761718645
30
0
0
VERTEX
8
0
10
98.358943685707
20
49.4424877277791
30
0
0
VERTEX
8
0
10
98.8906136515757
20
49.5742455985212
30
0
0
VERTEX
8
0
10
99.4222836174444
20
49.7064462349241
30
0
0
VERTEX
8
0
10
99.9539535833131
20
49.8308710125008
30
0
0
VERTEX
8
0
10
100.485623549182
20
49.9534492016737
30
0
0
VERTEX
8
0
10
101.017293515051
20
50.076229486851
30
0
0
VERTEX
8
0
10
101.548963480919
20
50.1995064137925
30
0
0
VERTEX
8
0
10
102.080633446788
20
50.3232763326285
30
0
0
VERTEX
8
0
10
102.612303412657
20
50.4475356147834
30
0
0
VERTEX
8
0
10
103.143973378525
20
50.563654361472
30
0
0
VERTEX
8
0
10
103.675643344394
20
50.6819571438742
30
0
0
VERTEX
8
0
10
104.207313310263
20
50.8006877767338
30
0
0
VERTEX
8
0
10
104.738983276131
20
50.9198432671731
30
0
0
VERTEX
8
0
10
105.270653242
20
51.0394206396032
30
0
0
VERTEX
8
0
10
105.802323207869
20
51.1540073530719
30
0
0
VERTEX
8
0
10
106.333993173737
20
51.2701942233042
30
0
0
VERTEX
8
0
10
106.865663139606
20
51.3867660543214
30
0
0
VERTEX
8
0
10
107.397333105475
20
51.5037202322007
30
0
0
VERTEX
8
0
10
107.929003071344
20
51.6210541581733
30
0
0
VERTEX
8
0
10
108.460673037212
20
51.733123206999
30
0
0
VERTEX
8
0
10
108.992343003081
20
51.8469170146677
30
0
0
VERTEX
8
0
10
109.52401296895
20
51.9610566552385
30
0
0
VERTEX
8
0
10
110.055682934818
20
52.0755398547125
30
0
0
VERTEX
8
0
10
110.587352900687
20
52.1728692753961
30
0
0
VERTEX
8
0
10
111.119022866556
20
52.2567166907596
30
0
0
VERTEX
8
0
10
111.650692832424
20
52.3435298661725
30
0
0
VERTEX
8
0
10
112.182362798293
20
52.4307331703541
30
0
0
VERTEX
8
0
10
112.714032764162
20
52.5183246599531
30
0
0
VERTEX
8
0
10
113.24570273003
20
52.6118441248581
30
0
0
VERTEX
8
0
10
113.777372695899
20
52.6945206268055
30
0
0
VERTEX
8
0
10
114.309042661768
20
52.7809330521449
30
0
0
VERTEX
8
0
10
114.840712627637
20
52.867646700524
30
0
0
VERTEX
8
0
10
115.372382593505
20
52.954660092178
30
0
0
VERTEX
8
0
10
115.904052559374
20
53.0277143518515
30
0
0
VERTEX
8
0
10
116.435722525243
20
53.0716378587949
30
0
0
VERTEX
8
0
10
116.967392491111
20
53.1240193328694
30
0
0
VERTEX
8
0
10
117.49906245698
20
53.1766669095514
30
0
0
VERTEX
8
0
10
118.030732422849
20
53.2295797992619
30
0
0
VERTEX
8
0
10
118.562402388717
20
53.2900863185968
30
0
0
VERTEX
8
0
10
119.094072354586
20
53.3340171067288
30
0
0
VERTEX
8
0
10
119.625742320455
20
53.3836352194402
30
0
0
VERTEX
8
0
10
120.157412286324
20
53.4334332891592
30
0
0
VERTEX
8
0
10
120.689082252192
20
53.4834108132152
30
0
0
VERTEX
8
0
10
121.220752218061
20
53.5275373428937
30
0
0
VERTEX
8
0
10
121.75242218393
20
53.5330537614776
30
0
0
VERTEX
8
0
10
122.284092149798
20
53.5513672760586
30
0
0
VERTEX
8
0
10
122.815762115667
20
53.5697904147251
30
0
0
VERTEX
8
0
10
123.347432081536
20
53.5883230644144
30
0
0
VERTEX
8
0
10
123.879102047404
20
53.5973244719245
30
0
0
VERTEX
8
0
10
124.410772013273
20
53.5977628514345
30
0
0
VERTEX
8
0
10
124.942441979142
20
53.5982629696809
30
0
0
VERTEX
8
0
10
125.47411194501
20
53.5988248249355
30
0
0
VERTEX
8
0
10
126.005781910879
20
53.5994484152568
30
0
0
VERTEX
8
0
10
126.537451876748
20
53.5822047556387
30
0
0
VERTEX
8
0
10
127.069121842617
20
53.5522474891988
30
0
0
VERTEX
8
0
10
127.600791808485
20
53.5223060400269
30
0
0
VERTEX
8
0
10
128.132461774354
20
53.4923804346833
30
0
0
VERTEX
8
0
10
128.664131740223
20
53.4624706997738
30
0
0
VERTEX
8
0
10
129.195801706091
20
53.4313009170708
30
0
0
VERTEX
8
0
10
129.72747167196
20
53.3968852027332
30
0
0
VERTEX
8
0
10
130.259141637829
20
53.3624757196081
30
0
0
VERTEX
8
0
10
130.790811603697
20
53.3280724797576
30
0
0
VERTEX
8
0
10
131.322481569566
20
53.2936754952725
30
0
0
VERTEX
8
0
10
131.854151535435
20
53.248150717937
30
0
0
VERTEX
8
0
10
132.385821501303
20
53.1983205573508
30
0
0
VERTEX
8
0
10
132.917491467172
20
53.1484918534262
30
0
0
VERTEX
8
0
10
133.449161433041
20
53.0986646102642
30
0
0
VERTEX
8
0
10
133.98083139891
20
53.048838831981
30
0
0
VERTEX
8
0
10
134.512501364778
20
52.9867713871728
30
0
0
VERTEX
8
0
10
135.044171330647
20
52.9184848977061
30
0
0
VERTEX
8
0
10
135.575841296516
20
52.8502003076669
30
0
0
VERTEX
8
0
10
136.107511262384
20
52.781917624427
30
0
0
VERTEX
8
0
10
136.639181228253
20
52.7136368553965
30
0
0
VERTEX
8
0
10
137.170851194122
20
52.6335171401171
30
0
0
VERTEX
8
0
10
137.70252115999
20
52.5513061387314
30
0
0
VERTEX
8
0
10
138.234191125859
20
52.4690993729761
30
0
0
VERTEX
8
0
10
138.765861091728
20
52.386896862791
30
0
0
VERTEX
8
0
10
139.297531057597
20
52.3046986282405
30
0
0
VERTEX
8
0
10
139.829201023465
20
52.2049681712735
30
0
0
VERTEX
8
0
10
140.360870989334
20
52.1026766868242
30
0
0
VERTEX
8
0
10
140.892540955203
20
52.0003954322096
30
0
0
VERTEX
8
0
10
141.424210921071
20
51.8981244679129
30
0
0
VERTEX
8
0
10
141.95588088694
20
51.7958638548887
30
0
0
VERTEX
8
0
10
142.487550852809
20
51.695108025347
30
0
0
VERTEX
8
0
10
143.019220818677
20
51.5929666864283
30
0
0
VERTEX
8
0
10
143.550890784546
20
51.4908422794206
30
0
0
VERTEX
8
0
10
144.082560750415
20
51.3887349052697
30
0
0
VERTEX
8
0
10
144.614230716283
20
51.2866446657086
30
0
0
VERTEX
8
0
10
145.145900682152
20
51.1711637121029
30
0
0
VERTEX
8
0
10
145.677570648021
20
51.0523439948747
30
0
0
VERTEX
8
0
10
146.20924061389
20
50.9335681589167
30
0
0
VERTEX
8
0
10
146.740910579758
20
50.8148365119365
30
0
0
VERTEX
8
0
10
147.272580545627
20
50.6961493644089
30
0
0
VERTEX
8
0
10
147.804250511496
20
50.5729380145479
30
0
0
VERTEX
8
0
10
148.335920477364
20
50.4497169625725
30
0
0
VERTEX
8
0
10
148.867590443233
20
50.3265445918567
30
0
0
VERTEX
8
0
10
149.399260409102
20
50.2034212607138
30
0
0
VERTEX
8
0
10
149.93093037497
20
50.0803473308376
30
0
0
VERTEX
8
0
10
150.462600340839
20
49.9536794937108
30
0
0
VERTEX
8
0
10
150.994270306708
20
49.8248645291715
30
0
0
VERTEX
8
0
10
151.525940272576
20
49.6961288209643
30
0
0
VERTEX
8
0
10
152.057610238445
20
49.5674729866187
30
0
0
VERTEX
8
0
10
152.589280204314
20
49.4388976497065
30
0
0
VERTEX
8
0
10
153.120950170183
20
49.321593054081
30
0
0
VERTEX
8
0
10
153.652620136051
20
49.2056587568241
30
0
0
VERTEX
8
0
10
154.18429010192
20
49.0897749988604
30
0
0
SEQEND
8
0
0
POLYLINE
8
0
62
3
70
0
10
0
20
0
30
0
0
VERTEX
8
0
10
12.7600791808485
20
24.8959529961048
30
0
0
VERTEX
8
0
10
13.2917491467172
20
26.0161629252628
30
0
0
VERTEX
8
0
10
13.8234191125859
20
26.3623411319665
30
0
0
VERTEX
8
0
10
14.3550890784545
20
27.380529589799
30
0
0
VERTEX
8
0
10
14.8867590443232
20
28.0467293154319
30
0
0
VERTEX
8
0
10
15.4184290101919
20
28.905714506091
30
0
0
VERTEX
8
0
10
15.9500989760606
20
29.8728881020791
30
0
0
VERTEX
8
0
10
16.4817689419293
20
30.3217947780129
30
0
0
VERTEX
8
0
10
17.013438907798
20
31.0254128244433
30
0
0
VERTEX
8
0
10
17.5451088736667
20
31.9385707962599
30
0
0
VERTEX
8
0
10
18.0767788395354
20
32.3978999842851
30
0
0
VERTEX
8
0
10
18.608448805404
20
33.242631506928
30
0
0
VERTEX
8
0
10
19.1401187712727
20
33.8493801232792
30
0
0
VERTEX
8
0
10
19.6717887371414
20
34.5408538381839
30
0
0
VERTEX
8
0
10
20.2034587030101
20
35.3858296181122
30
0
0
VERTEX
8
0
10
20.7351286688788
20
35.8461221172853
30
0
0
VERTEX
8
0
10
21.2667986347475
20
36.5339523680639
30
0
0
VERTEX
8
0
10
21.7984686006162
20
37.2483982857307
30
0
0
VERTEX
8
0
10
22.3301385664849
20
37.8010502023196
30
0
0
VERTEX
8
0
10
22.8618085323535
20
38.4665975079671
30
0
0
VERTEX
8
0
10
23.3934784982222
20
39.0918561627876
30
0
0
VERTEX
8
0
10
23.9251484640909
20
39.7146043906222
30
0
0
VERTEX
8
0
10
24.4568184299596
20
40.4345591027191
30
0
0
VERTEX
8
0
10
24.9884883958283
20
40.9153839555669
30
0
0
VERTEX
8
0
10
25.520158361697
20
41.5347187365625
30
0
0
VERTEX
8
0
10
26.0518283275656
20
42.1637803308883
30
0
0
VERTEX
8
0
10
26.5834982934343
20
42.704187922905
30
0
0
VERTEX
8
0
10
27.115168259303
20
43.2957293840407
30
0
0
VERTEX
8
0
10
27.6468382251717
20
43.8727723429761
30
0
0
VERTEX
8
0
10
28.1785081910404
20
44.4392201769649
30
0
0
VERTEX
8
0
10
28.7101781569091
20
45.0739965772711
30
0
0
VERTEX
8
0
10
29.2418481227778
20
45.548737397099
30
0
0
VERTEX
8
0
10
29.7735180886464
20
46.1155603093436
30
0
0
VERTEX
8
0
10
30.3051880545151
20
46.6803650160835
30
0
0
VERTEX
8
0
10
30.8368580203838
20
47.1997183823358
30
0
0
VERTEX
8
0
10
31.3685279862525
20
47.7348377169612
30
0
0
VERTEX
8
0
10
31.9001979521212
20
48.2717507427993
30
0
0
VERTEX
8
0
10
32.4318679179899
20
48.7967571444577
30
0
0
VERTEX
8
0
10
32.9635378838586
20
49.3650486544625
30
0
0
VERTEX
8
0
10
33.4952078497272
20
49.8279433695441
30
0
0
VERTEX
8
0
10
34.0268778155959
20
50.3495167013693
30
0
0
VERTEX
8
0
10
34.5585477814646
20
50.8676824921694
30
0
0
VERTEX
8
0
10
35.0902177473333
20
51.361423295099
30
0
0
VERTEX
8
0
10
35.621887713202
20
51.8550328159164
30
0
0
VERTEX
8
0
10
36.1535576790707
20
52.3564146505329
30
0
0
VERTEX
8
0
10
36.6852276449393
20
52.8408339946747
30
0
0
VERTEX
8
0
10
37.216897610808
20
53.3659262436893
30
0
0
VERTEX
8
0
10
37.7485675766767
20
53.8082285660103
30
0
0
VERTEX
8
0
10
38.2802375425454
20
54.2996077280927
30
0
0
VERTEX
8
0
10
38.8119075084141
20
54.7767654343999
30
0
0
VERTEX
8
0
10
39.3435774742828
20
55.2518940866874
30
0
0
VERTEX
8
0
10
39.8752474401515
20
55.7092631828356
30
0
0
VERTEX
8
0
10
40.4069174060201
20
56.1857851614113
30
0
0
VERTEX
8
0
10
40.9385873718888
20
56.6384280748998
30
0
0
VERTEX
8
0
10
41.4702573377575
20
57.1302557527908
30
0
0
VERTEX
8
0
10
42.0019273036262
20
57.5541610043701
30
0
0
VERTEX
8
0
10
42.5335972694949
20
58.0213048824157
30
0
0
VERTEX
8
0
10
43.0652672353636
20
58.4672203240176
30
0
0
VERTEX
8
0
10
43.5969372012323
20
58.9257901135682
30
0
0
VERTEX
8
0
10
44.1286071671009
20
59.355654451314
30
0
0
VERTEX
8
0
10
44.6602771329696
20
59.7991105094947
30
0
0
VERTEX
8
0
10
45.1919470988383
20
60.2403836502361
30
0
0
VERTEX
8
0
10
45.723617064707
20
60.6934430126647
30
0
0
VERTEX
8
0
10
46.2552870305757
20
61.1156792084601
30
0
0
VERTEX
8
0
10
46.7869569964444
20
61.5501713510596
30
0
0
VERTEX
8
0
10
47.3186269623131
20
61.9865855821712
30
0
0
VERTEX
8
0
10
47.8502969281817
20
62.4174200107511
30
0
0
VERTEX
8
0
10
48.3819668940504
20
62.8411751264349
30
0
0
VERTEX
8
0
10
48.9136368599191
20
63.2677526845267
30
0
0
VERTEX
8
0
10
49.4453068257878
20
63.6925067811201
30
0
0
VERTEX
8
0
10
49.9769767916565
20
64.1254420573357
30
0
0
VERTEX
8
0
10
50.5086467575252
20
64.5377596588789
30
0
0
VERTEX
8
0
10
51.0403167233939
20
64.9570820481058
30
0
0
VERTEX
8
0
10
51.5719866892625
20
65.3782090982014
30
0
0
VERTEX
8
0
10
52.1036566551312
20
65.797753795309
30
0
0
VERTEX
8
0
10
52.6353266209999
20
66.2086946133827
30
0
0
VERTEX
8
0
10
53.1669965868686
20
66.623276260662
30
0
0
VERTEX
8
0
10
53.6986665527373
20
67.0369583111448
30
0
0
VERTEX
8
0
10
54.230336518606
20
67.4559890764356
30
0
0
VERTEX
8
0
10
54.7620064844746
20
67.8622224529736
30
0
0
VERTEX
8
0
10
55.2936764503433
20
68.271602770746
30
0
0
VERTEX
8
0
10
55.825346416212
20
68.6833489630228
30
0
0
VERTEX
8
0
10
56.3570163820807
20
69.0960708838684
30
0
0
VERTEX
8
0
10
56.8886863479494
20
69.5000324360734
30
0
0
VERTEX
8
0
10
57.4203563138181
20
69.9155991508609
30
0
0
VERTEX
8
0
10
57.9520262796868
20
70.3167735265704
30
0
0
VERTEX
8
0
10
58.4836962455554
20
70.7358131138419
30
0
0
VERTEX
8
0
10
59.0153662114241
20
71.1353472683387
30
0
0
VERTEX
8
0
10
59.5470361772928
20
71.5484677251395
30
0
0
VERTEX
8
0
10
60.0787061431615
20
71.9526864677793
30
0
0
VERTEX
8
0
10
60.6103761090302
20
72.3706279943
30
0
0
VERTEX
8
0
10
61.1420460748989
20
72.7687554243354
30
0
0
VERTEX
8
0
10
61.6737160407676
20
73.1803713994316
30
0
0
VERTEX
8
0
10
62.2053860066362
20
73.5830668335305
30
0
0
VERTEX
8
0
10
62.7370559725049
20
73.9952038932168
30
0
0
VERTEX
8
0
10
63.2687259383736
20
74.3957248066118
30
0
0
VERTEX
8
0
10
63.8003959042423
20
74.8010311480573
30
0
0
VERTEX
8
0
10
64.332065870111
20
75.2014275811828
30
0
0
VERTEX
8
0
10
64.8637358359797
20
75.6107091798164
30
0
0
VERTEX
8
0
10
65.3954058018483
20
76.0040873097266
30
0
0
VERTEX
8
0
10
65.927075767717
20
76.4055324770549
30
0
0
VERTEX
8
0
10
66.4587457335857
20
76.8022528514998
30
0
0
VERTEX
8
0
10
66.9904156994544
20
77.2022230018422
30
0
0
VERTEX
8
0
10
67.5220856653231
20
77.5971850621741
30
0
0
VERTEX
8
0
10
68.0537556311918
20
77.9908868352172
30
0
0
VERTEX
8
0
10
68.5854255970605
20
78.3831800369055
30
0
0
VERTEX
8
0
10
69.1170955629291
20
78.7807611376243
30
0
0
VERTEX
8
0
10
69.6487655287978
20
79.1659205578313
30
0
0
VERTEX
8
0
10
70.1804354946665
20
79.5550402065905
30
0
0
VERTEX
8
0
10
70.7121054605352
20
79.9413159009734
30
0
0
VERTEX
8
0
10
71.2437754264039
20
80.3292494001738
30
0
0
VERTEX
8
0
10
71.7754453922726
20
80.7141745411669
30
0
0
VERTEX
8
0
10
72.3071153581412
20
81.0965720530218
30
0
0
VERTEX
8
0
10
72.8387853240099
20
81.4770899510976
30
0
0
VERTEX
8
0
10
73.3704552898786
20
81.8633928118756
30
0
0
VERTEX
8
0
10
73.9021252557473
20
82.2368631116851
30
0
0
VERTEX
8
0
10
74.433795221616
20
82.61458880135
30
0
0
VERTEX
8
0
10
74.9654651874847
20
82.9901492393987
30
0
0
VERTEX
8
0
10
75.4971351533534
20
83.3645233459924
30
0
0
VERTEX
8
0
10
76.028805119222
20
83.7392402326454
30
0
0
VERTEX
8
0
10
76.5604750850907
20
84.1087864553123
30
0
0
VERTEX
8
0
10
77.0921450509594
20
84.4781546682527
30
0
0
VERTEX
8
0
10
77.6238150168281
20
84.8516671289629
30
0
0
VERTEX
8
0
10
78.1554849826968
20
85.2144847537574
30
0
0
VERTEX
8
0
10
78.6871549485655
20
85.5797264798807
30
0
0
VERTEX
8
0
10
79.2188249144342
20
85.9446089305929
30
0
0
VERTEX
8
0
10
79.7504948803028
20
86.3064644894001
30
0
0
VERTEX
8
0
10
80.2821648461715
20
86.6714398143473
30
0
0
VERTEX
8
0
10
80.8138348120402
20
87.0297889547122
30
0
0
VERTEX
8
0
10
81.3455047779089
20
87.3897946991009
30
0
0
VERTEX
8
0
10
81.8771747437776
20
87.753361663949
30
0
0
VERTEX
8
0
10
82.4088447096463
20
88.1166173922332
30
0
0
VERTEX
8
0
10
82.9405146755149
20
88.4676740946089
30
0
0
VERTEX
8
0
10
83.4721846413836
20
88.836723000227
30
0
0
VERTEX
8
0
10
84.0038546072523
20
89.1902241656051
30
0
0
VERTEX
8
0
10
84.535524573121
20
89.5587337541853
30
0
0
VERTEX
8
0
10
85.0671945389897
20
89.9005492526094
30
0
0
VERTEX
8
0
10
85.5988645048584
20
90.2511285591088
30
0
0
VERTEX
8
0
10
86.1305344707271
20
90.5881383751389
30
0
0
VERTEX
8
0
10
86.6622044365958
20
90.9249211855418
30
0
0
VERTEX
8
0
10
87.1938744024645
20
91.248286932341
30
0
0
VERTEX
8
0
10
87.7255443683332
20
91.5801097226519
30
0
0
VERTEX
8
0
10
88.2572143342018
20
91.8946538773605
30
0
0
VERTEX
8
0
10
88.7888843000705
20
92.2210969631528
30
0
0
VERTEX
8
0
10
89.3205542659392
20
92.5281828200062
30
0
0
VERTEX
8
0
10
89.8522242318079
20
92.8432520117212
30
0
0
VERTEX
8
0
10
90.3838941976766
20
93.1498665792178
30
0
0
VERTEX
8
0
10
90.9155641635453
20
93.4548211952844
30
0
0
VERTEX
8
0
10
91.447234129414
20
93.7503056644263
30
0
0
VERTEX
8
0
10
91.9789040952827
20
94.0518793377442
30
0
0
VERTEX
8
0
10
92.5105740611514
20
94.3397264840899
30
0
0
VERTEX
8
0
10
93.0422440270201
20
94.6371973930205
30
0
0
VERTEX
8
0
10
93.5739139928888
20
94.9186881335113
30
0
0
VERTEX
8
0
10
94.1055839587575
20
95.2056288249484
30
0
0
VERTEX
8
0
10
94.6372539246262
20
95.486864221795
30
0
0
VERTEX
8
0
10
95.1689238904949
20
95.7646685870437
30
0
0
VERTEX
8
0
10
95.7005938563636
20
96.0375512420276
30
0
0
VERTEX
8
0
10
96.2322638222323
20
96.3101704014867
30
0
0
VERTEX
8
0
10
96.763933788101
20
96.5757212416537
30
0
0
VERTEX
8
0
10
97.2956037539697
20
96.8445929782442
30
0
0
VERTEX
8
0
10
97.8272737198383
20
97.1042512565163
30
0
0
VERTEX
8
0
10
98.358943685707
20
97.3629701808737
30
0
0
VERTEX
8
0
10
98.8906136515757
20
97.6221802262683
30
0
0
VERTEX
8
0
10
99.4222836174444
20
97.8723093710492
30
0
0
VERTEX
8
0
10
99.9539535833131
20
98.1216314474952
30
0
0
VERTEX
8
0
10
100.485623549182
20
98.368539542527
30
0
0
VERTEX
8
0
10
101.017293515051
20
98.6106211716262
30
0
0
VERTEX
8
0
10
101.548963480919
20
98.8539194062018
30
0
0
VERTEX
8
0
10
102.080633446788
20
99.0903120855916
30
0
0
VERTEX
8
0
10
102.612303412657
20
99.3237929728853
30
0
0
VERTEX
8
0
10
103.143973378525
20
99.5593539914093
30
0
0
VERTEX
8
0
10
103.675643344394
20
99.7846776604578
30
0
0
VERTEX
8
0
10
104.207313310263
20
100.010723674362
30
0
0
VERTEX
8
0
10
104.738983276131
20
100.232685783738
30
0
0
VERTEX
8
0
10
105.270653242
20
100.451545203175
30
0
0
VERTEX
8
0
10
105.802323207869
20
100.669891383303
30
0
0
VERTEX
8
0
10
106.333993173737
20
100.883160972365
30
0
0
VERTEX
8
0
10
106.865663139606
20
101.09199856539
30
0
0
VERTEX
8
0
10
107.397333105475
20
101.303987443177
30
0
0
VERTEX
8
0
10
107.929003071344
20
101.505006248021
30
0
0
VERTEX
8
0
10
108.460673037212
20
101.712637583039
30
0
0
VERTEX
8
0
10
108.992343003081
20
101.905269823879
30
0
0
VERTEX
8
0
10
109.52401296895
20
102.105316982229
30
0
0
VERTEX
8
0
10
110.055682934818
20
102.294676719223
30
0
0
VERTEX
8
0
10
110.587352900687
20
102.488747062205
30
0
0
VERTEX
8
0
10
111.119022866556
20
102.669314223315
30
0
0
VERTEX
8
0
10
111.650692832424
20
102.861223366143
30
0
0
VERTEX
8
0
10
112.182362798293
20
103.034637438094
30
0
0
VERTEX
8
0
10
112.714032764162
20
103.217294576087
30
0
0
VERTEX
8
0
10
113.24570273003
20
103.38728157807
30
0
0
VERTEX
8
0
10
113.777372695899
20
103.562484186626
30
0
0
VERTEX
8
0
10
114.309042661768
20
103.728942538199
30
0
0
VERTEX
8
0
10
114.840712627637
20
103.898233041524
30
0
0
VERTEX
8
0
10
115.372382593505
20
104.05609950623
30
0
0
VERTEX
8
0
10
115.904052559374
20
104.22280220413
30
0
0
VERTEX
8
0
10
116.435722525243
20
104.373646646169
30
0
0
VERTEX
8
0
10
116.967392491111
20
104.531450178407
30
0
0
VERTEX
8
0
10
117.49906245698
20
104.678520618285
30
0
0
VERTEX
8
0
10
118.030732422849
20
104.82897590216
30
0
0
VERTEX
8
0
10
118.562402388717
20
104.972221140549
30
0
0
VERTEX
8
0
10
119.094072354586
20
105.116768635731
30
0
0
VERTEX
8
0
10
119.625742320455
20
105.251617827779
30
0
0
VERTEX
8
0
10
120.157412286324
20
105.393118628597
30
0
0
VERTEX
8
0
10
120.689082252192
20
105.523152185475
30
0
0
VERTEX
8
0
10
121.220752218061
20
105.653941344744
30
0
0
VERTEX
8
0
10
121.75242218393
20
105.779865701721
30
0
0
VERTEX
8
0
10
122.284092149798
20
105.90335470718
30
0
0
VERTEX
8
0
10
122.815762115667
20
106.025139344991
30
0
0
VERTEX
8
0
10
123.347432081536
20
106.142645216842
30
0
0
VERTEX
8
0
10
123.879102047404
20
106.256223043343
30
0
0
VERTEX
8
0
10
124.410772013273
20
106.370177690992
30
0
0
VERTEX
8
0
10
124.942441979142
20
106.476868753794
30
0
0
VERTEX
8
0
10
125.47411194501
20
106.582469706185
30
0
0
VERTEX
8
0
10
126.005781910879
20
106.684634132799
30
0
0
VERTEX
8
0
10
126.537451876748
20
106.782997378864
30
0
0
VERTEX
8
0
10
127.069121842617
20
106.880613498907
30
0
0
VERTEX
8
0
10
127.600791808485
20
106.972901790438
30
0
0
VERTEX
8
0
10
128.132461774354
20
107.062417137075
30
0
0
VERTEX
8
0
10
128.664131740223
20
107.150650363461
30
0
0
VERTEX
8
0
10
129.195801706091
20
107.233225815959
30
0
0
VERTEX
8
0
10
129.72747167196
20
107.31330337217
30
0
0
VERTEX
8
0
10
130.259141637829
20
107.390893181748
30
0
0
VERTEX
8
0
10
130.790811603697
20
107.463727886049
30
0
0
VERTEX
8
0
10
131.322481569566
20
107.536299435684
30
0
0
VERTEX
8
0
10
131.854151535435
20
107.602880302117
30
0
0
VERTEX
8
0
10
132.385821501303
20
107.66738287211
30
0
0
VERTEX
8
0
10
132.917491467172
20
107.72933890426
30
0
0
VERTEX
8
0
10
133.449161433041
20
107.789098818969
30
0
0
VERTEX
8
0
10
133.98083139891
20
107.840636603503
30
0
0
VERTEX
8
0
10
134.512501364778
20
107.894600637837
30
0
0
VERTEX
8
0
10
135.044171330647
20
107.939051040963
30
0
0
VERTEX
8
0
10
135.575841296516
20
107.987169677339
30
0
0
VERTEX
8
0
10
136.107511262384
20
108.025307412627
30
0
0
VERTEX
8
0
10
136.639181228253
20
108.065016525037
30
0
0
VERTEX
8
0
10
137.170851194122
20
108.098072606124
30
0
0
VERTEX
8
0
10
137.70252115999
20
108.13015971854
30
0
0
VERTEX
8
0
10
138.234191125859
20
108.155254769391
30
0
0
VERTEX
8
0
10
138.765861091728
20
108.180913988713
30
0
0
VERTEX
8
0
10
139.297531057597
20
108.198527225013
30
0
0
VERTEX
8
0
10
139.829201023465
20
108.217629039072
30
0
0
VERTEX
8
0
10
140.360870989334
20
108.228299301315
30
0
0
VERTEX
8
0
10
140.892540955203
20
108.238675038374
30
0
0
VERTEX
8
0
10
141.424210921071
20
108.243233155672
30
0
0
VERTEX
8
0
10
141.95588088694
20
108.245396568464
30
0
0
VERTEX
8
0
10
142.487550852809
20
108.241427448709
30
0
0
VERTEX
8
0
10
143.019220818677
20
108.23613046479
30
0
0
VERTEX
8
0
10
143.550890784546
20
108.223815077685
30
0
0
VERTEX
8
0
10
144.082560750415
20
108.210727727649
30
0
0
VERTEX
8
0
10
144.614230716283
20
108.190234252746
30
0
0
VERTEX
8
0
10
145.145900682152
20
108.167382965115
30
0
0
VERTEX
8
0
10
145.677570648021
20
108.138972291757
30
0
0
VERTEX
8
0
10
146.20924061389
20
108.106352380195
30
0
0
VERTEX
8
0
10
146.740910579758
20
108.068225246901
30
0
0
VERTEX
8
0
10
147.272580545627
20
108.025268071429
30
0
0
VERTEX
8
0
10
147.804250511496
20
107.976215829409
30
0
0
VERTEX
8
0
10
148.335920477364
20
107.922328500174
30
0
0
VERTEX
8
0
10
148.867590443233
20
107.861257512908
30
0
0
VERTEX
8
0
10
149.399260409102
20
107.793406323908
30
0
0
VERTEX
8
0
10
149.93093037497
20
107.718309384857
30
0
0
VERTEX
8
0
10
150.462600340839
20
107.63355614907
30
0
0
VERTEX
8
0
10
150.994270306708
20
107.538888609456
30
0
0
VERTEX
8
0
10
151.525940272576
20
107.433214563956
30
0
0
VERTEX
8
0
10
152.057610238445
20
107.318426831577
30
0
0
VERTEX
8
0
10
152.589280204314
20
107.20216429757
30
0
0
VERTEX
8
0
10
153.120950170183
20
107.090267792939
30
0
0
VERTEX
8
0
10
153.652620136051
20
106.985335414117
30
0
0
VERTEX
8
0
10
154.18429010192
20
106.887024123232
30
0
0
SEQEND
8
0
0
POLYLINE
8
0
62
4
70
0
10
0
20
0
30
0
0
VERTEX
8
0
10
12.7600791808485
20
24.3051671987668
30
0
0
VERTEX
8
0
10
13.2917491467172
20
25.1100948337994
30
0
0
VERTEX
8
0
10
13.8234191125859
20
25.92282356273
30
0
0
VERTEX
8
0
10
14.3550890784545
20
26.7046835988802
30
0
0
VERTEX
8
0
10
14.8867590443232
20
27.4984222689795
30
0
0
VERTEX
8
0
10
15.4184290101919
20
28.2735739485164
30
0
0
VERTEX
8
0
10
15.9500989760606
20
29.0399249465492
30
0
0
VERTEX
8
0
10
16.4817689419293
20
29.8148892031315
30
0
0
VERTEX
8
0
10
17.013438907798
20
30.5778070707813
30
0
0
VERTEX
8
0
10
17.5451088736667
20
31.3311956214044
30
0
0
VERTEX
8
0
10
18.0767788395354
20
32.0514010676361
30
0
0
VERTEX
8
0
10
18.608448805404
20
32.7081140301413
30
0
0
VERTEX
8
0
10
19.1401187712727
20
33.3777854113727
30
0
0
VERTEX
8
0
10
19.6717887371414
20
34.0405003056772
30
0
0
VERTEX
8
0
10
20.2034587030101
20
34.6950895627864
30
0
0
VERTEX
8
0
10
20.7351286688788
20
35.3542437589278
30
0
0
VERTEX
8
0
10
21.2667986347475
20
35.9924948294005
30
0
0
VERTEX
8
0
10
21.7984686006162
20
36.6270742218271
30
0
0
VERTEX
8
0
10
22.3301385664849
20
37.2756075950627
30
0
0
VERTEX
8
0
10
22.8618085323535
20
37.9006980189349
30
0
0
VERTEX
8
0
10
23.3934784982222
20
38.5036843012344
30
0
0
VERTEX
8
0
10
23.9251484640909
20
39.0934271666181
30
0
0
VERTEX
8
0
10
24.4568184299596
20
39.6738941720869
30
0
0
VERTEX
8
0
10
24.9884883958283
20
40.2695744521978
30
0
0
VERTEX
8
0
10
25.520158361697
20
40.8484670701348
30
0
0
VERTEX
8
0
10
26.0518283275656
20
41.4183478660856
30
0
0
VERTEX
8
0
10
26.5834982934343
20
41.9982357344823
30
0
0
VERTEX
8
0
10
27.115168259303
20
42.5574047243706
30
0
0
VERTEX
8
0
10
27.6468382251717
20
43.1213337786965
30
0
0
VERTEX
8
0
10
28.1785081910404
20
43.6838231153104
30
0
0
VERTEX
8
0
10
28.7101781569091
20
44.2363337208974
30
0
0
VERTEX
8
0
10
29.2418481227778
20
44.8094265856065
30
0
0
VERTEX
8
0
10
29.7735180886464
20
45.3639675920841
30
0
0
VERTEX
8
0
10
30.3051880545151
20
45.9181515229904
30
0
0
VERTEX
8
0
10
30.8368580203838
20
46.4822457571613
30
0
0
VERTEX
8
0
10
31.3685279862525
20
47.0264276185898
30
0
0
VERTEX
8
0
10
31.9001979521212
20
47.5743353843637
30
0
0
VERTEX
8
0
10
32.4318679179899
20
48.1259085323369
30
0
0
VERTEX
8
0
10
32.9635378838586
20
48.6589953061554
30
0
0
VERTEX
8
0
10
33.4952078497272
20
49.2161695512525
30
0
0
VERTEX
8
0
10
34.0268778155959
20
49.7319899336926
30
0
0
VERTEX
8
0
10
34.5585477814646
20
50.2555189410977
30
0
0
VERTEX
8
0
10
35.0902177473333
20
50.7792975594988
30
0
0
VERTEX
8
0
10
35.621887713202
20
51.2949514719558
30
0
0
VERTEX
8
0
10
36.1535576790707
20
51.8051710435525
30
0
0
VERTEX
8
0
10
36.6852276449393
20
52.320610074486
30
0
0
VERTEX
8
0
10
37.216897610808
20
52.8179567493711
30
0
0
VERTEX
8
0
10
37.7485675766767
20
53.3389231297899
30
0
0
VERTEX
8
0
10
38.2802375425454
20
53.8354434458177
30
0
0
VERTEX
8
0
10
38.8119075084141
20
54.3408829137876
30
0
0
VERTEX
8
0
10
39.3435774742828
20
54.8362208189061
30
0
0
VERTEX
8
0
10
39.8752474401515
20
55.3275284615895
30
0
0
VERTEX
8
0
10
40.4069174060201
20
55.8118229652322
30
0
0
VERTEX
8
0
10
40.9385873718888
20
56.3052115012642
30
0
0
VERTEX
8
0
10
41.4702573377575
20
56.7807891659956
30
0
0
VERTEX
8
0
10
42.0019273036262
20
57.2717851999942
30
0
0
VERTEX
8
0
10
42.5335972694949
20
57.7398010084075
30
0
0
VERTEX
8
0
10
43.0652672353636
20
58.2169062825435
30
0
0
VERTEX
8
0
10
43.5969372012323
20
58.6932769036971
30
0
0
VERTEX
8
0
10
44.1286071671009
20
59.164662430181
30
0
0
VERTEX
8
0
10
44.6602771329696
20
59.6290990228713
30
0
0
VERTEX
8
0
10
45.1919470988383
20
60.0914369702738
30
0
0
VERTEX
8
0
10
45.723617064707
20
60.5445998989661
30
0
0
VERTEX
8
0
10
46.2552870305757
20
61.012021127885
30
0
0
VERTEX
8
0
10
46.7869569964444
20
61.4652527624533
30
0
0
VERTEX
8
0
10
47.3186269623131
20
61.9064521742128
30
0
0
VERTEX
8
0
10
47.8502969281817
20
62.3499404220575
30
0
0
VERTEX
8
0
10
48.3819668940504
20
62.7798104591782
30
0
0
VERTEX
8
0
10
48.9136368599191
20
63.2127732380948
30
0
0
VERTEX
8
0
10
49.4453068257878
20
63.6452502979745
30
0
0
VERTEX
8
0
10
49.9769767916565
20
64.0651804057412
30
0
0
VERTEX
8
0
10
50.5086467575252
20
64.4964069006105
30
0
0
VERTEX
8
0
10
51.0403167233939
20
64.9160938996845
30
0
0
VERTEX
8
0
10
51.5719866892625
20
65.3345110758805
30
0
0
VERTEX
8
0
10
52.1036566551312
20
65.7623155233491
30
0
0
VERTEX
8
0
10
52.6353266209999
20
66.1543102232276
30
0
0
VERTEX
8
0
10
53.1669965868686
20
66.5447802339661
30
0
0
VERTEX
8
0
10
53.6986665527373
20
66.9330624561352
30
0
0
VERTEX
8
0
10
54.230336518606
20
67.3169745673666
30
0
0
VERTEX
8
0
10
54.7620064844746
20
67.7102623995321
30
0
0
VERTEX
8
0
10
55.2936764503433
20
68.0937567919275
30
0
0
VERTEX
8
0
10
55.825346416212
20
68.4752108507165
30
0
0
VERTEX
8
0
10
56.3570163820807
20
68.8678348763734
30
0
0
VERTEX
8
0
10
56.8886863479494
20
69.2445919431401
30
0
0
VERTEX
8
0
10
57.4203563138181
20
69.6329634909737
30
0
0
VERTEX
8
0
10
57.9520262796868
20
70.0087189815826
30
0
0
VERTEX
8
0
10
58.4836962455554
20
70.3979996688811
30
0
0
VERTEX
8
0
10
59.0153662114241
20
70.7853221995458
30
0
0
VERTEX
8
0
10
59.5470361772928
20
71.1750601664327
30
0
0
VERTEX
8
0
10
60.0787061431615
20
71.5513518326664
30
0
0
VERTEX
8
0
10
60.6103761090302
20
71.9466454043288
30
0
0
VERTEX
8
0
10
61.1420460748989
20
72.3173610030068
30
0
0
VERTEX
8
0
10
61.6737160407676
20
72.7044570539831
30
0
0
VERTEX
8
0
10
62.2053860066362
20
73.0779405133279
30
0
0
VERTEX
8
0
10
62.7370559725049
20
73.4587221186602
30
0
0
VERTEX
8
0
10
63.2687259383736
20
73.8386662750817
30
0
0
VERTEX
8
0
10
63.8003959042423
20
74.2261094426675
30
0
0
VERTEX
8
0
10
64.332065870111
20
74.6000673541938
30
0
0
VERTEX
8
0
10
64.8637358359797
20
74.9945818940623
30
0
0
VERTEX
8
0
10
65.3954058018483
20
75.3644302033003
30
0
0
VERTEX
8
0
10
65.927075767717
20
75.7454636267414
30
0
0
VERTEX
8
0
10
66.4587457335857
20
76.1152965688509
30
0
0
VERTEX
8
0
10
66.9904156994544
20
76.4927563119201
30
0
0
VERTEX
8
0
10
67.5220856653231
20
76.8670847485644
30
0
0
VERTEX
8
0
10
68.0537556311918
20
77.2447475727032
30
0
0
VERTEX
8
0
10
68.5854255970605
20
77.6094023293174
30
0
0
VERTEX
8
0
10
69.1170955629291
20
77.9972910776466
30
0
0
VERTEX
8
0
10
69.6487655287978
20
78.3612540828089
30
0
0
VERTEX
8
0
10
70.1804354946665
20
78.7412418603904
30
0
0
VERTEX
8
0
10
70.7121054605352
20
79.1127009490097
30
0
0
VERTEX
8
0
10
71.2437754264039
20
79.4823937867071
30
0
0
VERTEX
8
0
10
71.7754453922726
20
79.860435747116
30
0
0
VERTEX
8
0
10
72.3071153581412
20
80.2319306414789
30
0
0
VERTEX
8
0
10
72.8387853240099
20
80.6007834465019
30
0
0
VERTEX
8
0
10
73.3704552898786
20
80.9782624592731
30
0
0
VERTEX
8
0
10
73.9021252557473
20
81.3475639508767
30
0
0
VERTEX
8
0
10
74.433795221616
20
81.7221771462663
30
0
0
VERTEX
8
0
10
74.9654651874847
20
82.0952119642193
30
0
0
VERTEX
8
0
10
75.4971351533534
20
82.464322164117
30
0
0
VERTEX
8
0
10
76.028805119222
20
82.8416078553122
30
0
0
VERTEX
8
0
10
76.5604750850907
20
83.2121793261442
30
0
0
VERTEX
8
0
10
77.0921450509594
20
83.5840090576366
30
0
0
VERTEX
8
0
10
77.6238150168281
20
83.9618909528446
30
0
0
VERTEX
8
0
10
78.1554849826968
20
84.3306663955262
30
0
0
VERTEX
8
0
10
78.6871549485655
20
84.701299750499
30
0
0
VERTEX
8
0
10
79.2188249144342
20
85.0547097969839
30
0
0
VERTEX
8
0
10
79.7504948803028
20
85.4050819729206
30
0
0
VERTEX
8
0
10
80.2821648461715
20
85.7650933951823
30
0
0
VERTEX
8
0
10
80.8138348120402
20
86.1151597862239
30
0
0
VERTEX
8
0
10
81.3455047779089
20
86.4668016675301
30
0
0
VERTEX
8
0
10
81.8771747437776
20
86.825568811887
30
0
0
VERTEX
8
0
10
82.4088447096463
20
87.1713385624501
30
0
0
VERTEX
8
0
10
82.9405146755149
20
87.5161516638044
30
0
0
VERTEX
8
0
10
83.4721846413836
20
87.8677558502661
30
0
0
VERTEX
8
0
10
84.0038546072523
20
88.2019801629715
30
0
0
VERTEX
8
0
10
84.535524573121
20
88.5340172462967
30
0
0
VERTEX
8
0
10
85.0671945389897
20
88.8511441095763
30
0
0
VERTEX
8
0
10
85.5988645048584
20
89.1792973817986
30
0
0
VERTEX
8
0
10
86.1305344707271
20
89.4994430321475
30
0
0
VERTEX
8
0
10
86.6622044365958
20
89.8272505380725
30
0
0
VERTEX
8
0
10
87.1938744024645
20
90.1366509171088
30
0
0
VERTEX
8
0
10
87.7255443683332
20
90.4571471039063
30
0
0
VERTEX
8
0
10
88.2572143342018
20
90.7605667260301
30
0
0
VERTEX
8
0
10
88.7888843000705
20
91.0817080954893
30
0
0
VERTEX
8
0
10
89.3205542659392
20
91.3834459093029
30
0
0
VERTEX
8
0
10
89.8522242318079
20
91.6944167400344
30
0
0
VERTEX
8
0
10
90.3838941976766
20
91.9974828490167
30
0
0
VERTEX
8
0
10
90.9155641635453
20
92.3032487358545
30
0
0
VERTEX
8
0
10
91.447234129414
20
92.5982758932793
30
0
0
VERTEX
8
0
10
91.9789040952827
20
92.9041663057668
30
0
0
VERTEX
8
0
10
92.5105740611514
20
93.2019637539481
30
0
0
VERTEX
8
0
10
93.0422440270201
20
93.5154394937099
30
0
0
VERTEX
8
0
10
93.5739139928888
20
93.810163612541
30
0
0
VERTEX
8
0
10
94.1055839587575
20
94.1144318758245
30
0
0
VERTEX
8
0
10
94.6372539246262
20
94.4081148474344
30
0
0
VERTEX
8
0
10
95.1689238904949
20
94.704211391276
30
0
0
VERTEX
8
0
10
95.7005938563636
20
94.9940899205255
30
0
0
VERTEX
8
0
10
96.2322638222323
20
95.2846445716455
30
0
0
VERTEX
8
0
10
96.763933788101
20
95.5686228548486
30
0
0
VERTEX
8
0
10
97.2956037539697
20
95.8537726321583
30
0
0
VERTEX
8
0
10
97.8272737198383
20
96.1314615554904
30
0
0
VERTEX
8
0
10
98.358943685707
20
96.4083048272655
30
0
0
VERTEX
8
0
10
98.8906136515757
20
96.6869136269218
30
0
0
VERTEX
8
0
10
99.4222836174444
20
96.9587322617933
30
0
0
VERTEX
8
0
10
99.9539535833131
20
97.2261615867115
30
0
0
VERTEX
8
0
10
100.485623549182
20
97.4912270734919
30
0
0
VERTEX
8
0
10
101.017293515051
20
97.7517723500497
30
0
0
VERTEX
8
0
10
101.548963480919
20
98.0163377102618
30
0
0
VERTEX
8
0
10
102.080633446788
20
98.2747060370322
30
0
0
VERTEX
8
0
10
102.612303412657
20
98.5310747879072
30
0
0
VERTEX
8
0
10
103.143973378525
20
98.7861324671314
30
0
0
VERTEX
8
0
10
103.675643344394
20
99.034127905882
30
0
0
VERTEX
8
0
10
104.207313310263
20
99.283431227831
30
0
0
VERTEX
8
0
10
104.738983276131
20
99.5298417202289
30
0
0
VERTEX
8
0
10
105.270653242
20
99.7737357197408
30
0
0
VERTEX
8
0
10
105.802323207869
20
100.016647144577
30
0
0
VERTEX
8
0
10
106.333993173737
20
100.255989853485
30
0
0
VERTEX
8
0
10
106.865663139606
20
100.49170168024
30
0
0
VERTEX
8
0
10
107.397333105475
20
100.731565424357
30
0
0
VERTEX
8
0
10
107.929003071344
20
100.962494175769
30
0
0
VERTEX
8
0
10
108.460673037212
20
101.19645334455
30
0
0
VERTEX
8
0
10
108.992343003081
20
101.419988200214
30
0
0
VERTEX
8
0
10
109.52401296895
20
101.649095636322
30
0
0
VERTEX
8
0
10
110.055682934818
20
101.871790352868
30
0
0
VERTEX
8
0
10
110.587352900687
20
102.089105063847
30
0
0
VERTEX
8
0
10
111.119022866556
20
102.288655005461
30
0
0
VERTEX
8
0
10
111.650692832424
20
102.500024879571
30
0
0
VERTEX
8
0
10
112.182362798293
20
102.696518351025
30
0
0
VERTEX
8
0
10
112.714032764162
20
102.901579018273
30
0
0
VERTEX
8
0
10
113.24570273003
20
103.099142684846
30
0
0
VERTEX
8
0
10
113.777372695899
20
103.296001023648
30
0
0
VERTEX
8
0
10
114.309042661768
20
103.488442489274
30
0
0
VERTEX
8
0
10
114.840712627637
20
103.684064707791
30
0
0
VERTEX
8
0
10
115.372382593505
20
103.869748613928
30
0
0
VERTEX
8
0
10
115.904052559374
20
104.057415740811
30
0
0
VERTEX
8
0
10
116.435722525243
20
104.216487230995
30
0
0
VERTEX
8
0
10
116.967392491111
20
104.387247379165
30
0
0
VERTEX
8
0
10
117.49906245698
20
104.548427684031
30
0
0
VERTEX
8
0
10
118.030732422849
20
104.713983864
30
0
0
VERTEX
8
0
10
118.562402388717
20
104.877384786054
30
0
0
VERTEX
8
0
10
119.094072354586
20
105.035000646445
30
0
0
VERTEX
8
0
10
119.625742320455
20
105.186225065324
30
0
0
VERTEX
8
0
10
120.157412286324
20
105.34544763884
30
0
0
VERTEX
8
0
10
120.689082252192
20
105.494974398756
30
0
0
VERTEX
8
0
10
121.220752218061
20
105.642575420018
30
0
0
VERTEX
8
0
10
121.75242218393
20
105.767116496824
30
0
0
VERTEX
8
0
10
122.284092149798
20
105.896314044411
30
0
0
VERTEX
8
0
10
122.815762115667
20
106.025429154026
30
0
0
VERTEX
8
0
10
123.347432081536
20
106.151238226476
30
0
0
VERTEX
8
0
10
123.879102047404
20
106.269413453615
30
0
0
VERTEX
8
0
10
124.410772013273
20
106.384330566878
30
0
0
VERTEX
8
0
10
124.942441979142
20
106.493865424554
30
0
0
VERTEX
8
0
10
125.47411194501
20
106.603054641116
30
0
0
VERTEX
8
0
10
126.005781910879
20
106.710004169813
30
0
0
VERTEX
8
0
10
126.537451876748
20
106.80515884926
30
0
0
VERTEX
8
0
10
127.069121842617
20
106.894530788971
30
0
0
VERTEX
8
0
10
127.600791808485
20
106.979831334759
30
0
0
VERTEX
8
0
10
128.132461774354
20
107.063428003018
30
0
0
VERTEX
8
0
10
128.664131740223
20
107.146718334267
30
0
0
VERTEX
8
0
10
129.195801706091
20
107.225437936737
30
0
0
VERTEX
8
0
10
129.72747167196
20
107.30103422458
30
0
0
VERTEX
8
0
10
130.259141637829
20
107.375322923882
30
0
0
VERTEX
8
0
10
130.790811603697
20
107.446074773095
30
0
0
VERTEX
8
0
10
131.322481569566
20
107.517862200998
30
0
0
VERTEX
8
0
10
131.854151535435
20
107.579559711009
30
0
0
VERTEX
8
0
10
132.385821501303
20
107.638204970984
30
0
0
VERTEX
8
0
10
132.917491467172
20
107.695461930867
30
0
0
VERTEX
8
0
10
133.449161433041
20
107.751609922408
30
0
0
VERTEX
8
0
10
133.98083139891
20
107.802019496269
30
0
0
VERTEX
8
0
10
134.512501364778
20
107.848956508743
30
0
0
VERTEX
8
0
10
135.044171330647
20
107.885844612569
30
0
0
VERTEX
8
0
10
135.575841296516
20
107.926825899448
30
0
0
VERTEX
8
0
10
136.107511262384
20
107.960354269565
30
0
0
VERTEX
8
0
10
136.639181228253
20
107.995982624811
30
0
0
VERTEX
8
0
10
137.170851194122
20
108.021338924702
30
0
0
VERTEX
8
0
10
137.70252115999
20
108.045900110559
30
0
0
VERTEX
8
0
10
138.234191125859
20
108.065567442126
30
0
0
VERTEX
8
0
10
138.765861091728
20
108.08683202623
30
0
0
VERTEX
8
0
10
139.297531057597
20
108.102234573805
30
0
0
VERTEX
8
0
10
139.829201023465
20
108.111913412223
30
0
0
VERTEX
8
0
10
140.360870989334
20
108.114216202286
30
0
0
VERTEX
8
0
10
140.892540955203
20
108.117658466324
30
0
0
VERTEX
8
0
10
141.424210921071
20
108.117357239388
30
0
0
VERTEX
8
0
10
141.95588088694
20
108.116642325383
30
0
0
VERTEX
8
0
10
142.487550852809
20
108.11263474066
30
0
0
VERTEX
8
0
10
143.019220818677
20
108.10854857874
30
0
0
VERTEX
8
0
10
143.550890784546
20
108.099774942778
30
0
0
VERTEX
8
0
10
144.082560750415
20
108.092400668193
30
0
0
VERTEX
8
0
10
144.614230716283
20
108.080174825122
30
0
0
VERTEX
8
0
10
145.145900682152
20
108.0616678773
30
0
0
VERTEX
8
0
10
145.677570648021
20
108.038632418359
30
0
0
VERTEX
8
0
10
146.20924061389
20
108.014464447305
30
0
0
VERTEX
8
0
10
146.740910579758
20
107.987806843085
30
0
0
VERTEX
8
0
10
147.272580545627
20
107.959574868344
30
0
0
VERTEX
8
0
10
147.804250511496
20
107.926759730404
30
0
0
VERTEX
8
0
10
148.335920477364
20
107.893021908185
30
0
0
VERTEX
8
0
10
148.867590443233
20
107.856636799547
30
0
0
VERTEX
8
0
10
149.399260409102
20
107.818499480629
30
0
0
VERTEX
8
0
10
149.93093037497
20
107.778947139961
30
0
0
VERTEX
8
0
10
150.462600340839
20
107.735210391584
30
0
0
VERTEX
8
0
10
150.994270306708
20
107.688853460017
30
0
0
VERTEX
8
0
10
151.525940272576
20
107.640776597829
30
0
0
VERTEX
8
0
10
152.057610238445
20
107.590989065413
30
0
0
VERTEX
8
0
10
152.589280204314
20
107.540663251437
30
0
0
VERTEX
8
0
10
153.120950170183
20
107.494413975338
30
0
0
VERTEX
8
0
10
153.652620136051
20
107.448351850401
30
0
0
VERTEX
8
0
10
154.18429010192
20
107.402309440366
30
0
0
SEQEND
8
0
0
POLYLINE
8
0
62
2
70
0
10
0
20
0
30
0
0
VERTEX
8
0
10
12.7600791808485
20
18.1371588888977
30
0
0
VERTEX
8
0
10
13.2917491467172
20
18.9108063945756
30
0
0
VERTEX
8
0
10
13.8234191125859
20
18.9037150397464
30
0
0
VERTEX
8
0
10
14.3550890784545
20
19.5614067296645
30
0
0
VERTEX
8
0
10
14.8867590443232
20
20.0119146825341
30
0
0
VERTEX
8
0
10
15.4184290101919
20
20.4511816213356
30
0
0
VERTEX
8
0
10
15.9500989760606
20
21.3342165866523
30
0
0
VERTEX
8
0
10
16.4817689419293
20
21.1930084253859
30
0
0
VERTEX
8
0
10
17.013438907798
20
21.7020164694731
30
0
0
VERTEX
8
0
10
17.5451088736667
20
22.2526843956009
30
0
0
VERTEX
8
0
10
18.0767788395354
20
22.3881868228559
30
0
0
VERTEX
8
0
10
18.608448805404
20
22.8600035375838
30
0
0
VERTEX
8
0
10
19.1401187712727
20
23.2265113445716
30
0
0
VERTEX
8
0
10
19.6717887371414
20
23.5839039026474
30
0
0
VERTEX
8
0
10
20.2034587030101
20
24.2028852268866
30
0
0
VERTEX
8
0
10
20.7351286688788
20
24.2138828307195
30
0
0
VERTEX
8
0
10
21.2667986347475
20
24.6023115778678
30
0
0
VERTEX
8
0
10
21.7984686006162
20
25.0182235888693
30
0
0
VERTEX
8
0
10
22.3301385664849
20
25.1864554001699
30
0
0
VERTEX
8
0
10
22.8618085323535
20
25.5449120557425
30
0
0
VERTEX
8
0
10
23.3934784982222
20
25.8431410172023
30
0
0
VERTEX
8
0
10
23.9251484640909
20
26.1338120891582
30
0
0
VERTEX
8
0
10
24.4568184299596
20
26.5912885728879
30
0
0
VERTEX
8
0
10
24.9884883958283
20
26.6575711683807
30
0
0
VERTEX
8
0
10
25.520158361697
20
26.9615261266831
30
0
0
VERTEX
8
0
10
26.0518283275656
20
27.2841260455327
30
0
0
VERTEX
8
0
10
26.5834982934343
20
27.4478045662628
30
0
0
VERTEX
8
0
10
27.115168259303
20
27.7265091977991
30
0
0
VERTEX
8
0
10
27.6468382251717
20
27.9682782910391
30
0
0
VERTEX
8
0
10
28.1785081910404
20
28.2037570759236
30
0
0
VERTEX
8
0
10
28.7101781569091
20
28.5516760129635
30
0
0
VERTEX
8
0
10
29.2418481227778
20
28.6334584757747
30
0
0
VERTEX
8
0
10
29.7735180886464
20
28.8734993595864
30
0
0
VERTEX
8
0
10
30.3051880545151
20
29.1266624525744
30
0
0
VERTEX
8
0
10
30.8368580203838
20
29.272702862659
30
0
0
VERTEX
8
0
10
31.3685279862525
20
29.4912790553427
30
0
0
VERTEX
8
0
10
31.9001979521212
20
29.6862753164738
30
0
0
VERTEX
8
0
10
32.4318679179899
20
29.8760687628636
30
0
0
VERTEX
8
0
10
32.9635378838586
20
30.1449251702827
30
0
0
VERTEX
8
0
10
33.4952078497272
20
30.2251721467622
30
0
0
VERTEX
8
0
10
34.0268778155959
20
30.4152513102011
30
0
0
VERTEX
8
0
10
34.5585477814646
20
30.6149542640453
30
0
0
VERTEX
8
0
10
35.0902177473333
20
30.7398960746844
30
0
0
VERTEX
8
0
10
35.621887713202
20
30.9118268953303
30
0
0
VERTEX
8
0
10
36.1535576790707
20
31.068438848273
30
0
0
VERTEX
8
0
10
36.6852276449393
20
31.2208204247012
30
0
0
VERTEX
8
0
10
37.216897610808
20
31.4307500764254
30
0
0
VERTEX
8
0
10
37.7485675766767
20
31.5027751567441
30
0
0
VERTEX
8
0
10
38.2802375425454
20
31.6535746724906
30
0
0
VERTEX
8
0
10
38.8119075084141
20
31.8117743721836
30
0
0
VERTEX
8
0
10
39.3435774742828
20
31.9165036303626
30
0
0
VERTEX
8
0
10
39.8752474401515
20
32.0521932202236
30
0
0
VERTEX
8
0
10
40.4069174060201
20
32.1779971102823
30
0
0
VERTEX
8
0
10
40.9385873718888
20
32.3004709916289
30
0
0
VERTEX
8
0
10
41.4702573377575
20
32.466123240993
30
0
0
VERTEX
8
0
10
42.0019273036262
20
32.5284552602657
30
0
0
VERTEX
8
0
10
42.5335972694949
20
32.6488902765632
30
0
0
VERTEX
8
0
10
43.0652672353636
20
32.7753385856288
30
0
0
VERTEX
8
0
10
43.5969372012323
20
32.8629257750646
30
0
0
VERTEX
8
0
10
44.1286071671009
20
32.9711226482595
30
0
0
VERTEX
8
0
10
44.6602771329696
20
33.0732121185166
30
0
0
VERTEX
8
0
10
45.1919470988383
20
33.172834230871
30
0
0
VERTEX
8
0
10
45.723617064707
20
33.3057912145071
30
0
0
VERTEX
8
0
10
46.2552870305757
20
33.359856365973
30
0
0
VERTEX
8
0
10
46.7869569964444
20
33.457886504531
30
0
0
VERTEX
8
0
10
47.3186269623131
20
33.5611232033945
30
0
0
VERTEX
8
0
10
47.8502969281817
20
33.6359077044289
30
0
0
VERTEX
8
0
10
48.3819668940504
20
33.7245100748687
30
0
0
VERTEX
8
0
10
48.9136368599191
20
33.8097934129249
30
0
0
VERTEX
8
0
10
49.4453068257878
20
33.8934757457436
30
0
0
VERTEX
8
0
10
49.9769767916565
20
34.0036518853461
30
0
0
VERTEX
8
0
10
50.5086467575252
20
34.0527536775658
30
0
0
VERTEX
8
0
10
51.0403167233939
20
34.1359847493068
30
0
0
VERTEX
8
0
10
51.5719866892625
20
34.2240674915668
30
0
0
VERTEX
8
0
10
52.1036566551312
20
34.2914210996322
30
0
0
VERTEX
8
0
10
52.6353266209999
20
34.3681657470565
30
0
0
VERTEX
8
0
10
53.1669965868686
20
34.4438353883876
30
0
0
VERTEX
8
0
10
53.6986665527373
20
34.5188702744047
30
0
0
VERTEX
8
0
10
54.230336518606
20
34.6157012243971
30
0
0
VERTEX
8
0
10
54.7620064844746
20
34.6649620382908
30
0
0
VERTEX
8
0
10
55.2936764503433
20
34.7415750717609
30
0
0
VERTEX
8
0
10
55.825346416212
20
34.8232143220006
30
0
0
VERTEX
8
0
10
56.3570163820807
20
34.8903134930127
30
0
0
VERTEX
8
0
10
56.8886863479494
20
34.9642949691816
30
0
0
VERTEX
8
0
10
57.4203563138181
20
35.039561621275
30
0
0
VERTEX
8
0
10
57.9520262796868
20
35.1158918637974
30
0
0
VERTEX
8
0
10
58.4836962455554
20
35.2118151105249
30
0
0
VERTEX
8
0
10
59.0153662114241
20
35.2721663515198
30
0
0
VERTEX
8
0
10
59.5470361772928
20
35.3562210015232
30
0
0
VERTEX
8
0
10
60.0787061431615
20
35.4459289566392
30
0
0
VERTEX
8
0
10
60.6103761090302
20
35.5255559687447
30
0
0
VERTEX
8
0
10
61.1420460748989
20
35.6094731958634
30
0
0
VERTEX
8
0
10
61.6737160407676
20
35.6949895816515
30
0
0
VERTEX
8
0
10
62.2053860066362
20
35.7807201849742
30
0
0
VERTEX
8
0
10
62.7370559725049
20
35.8810986993888
30
0
0
VERTEX
8
0
10
63.2687259383736
20
35.9510257812506
30
0
0
VERTEX
8
0
10
63.8003959042423
20
36.0378311258692
30
0
0
VERTEX
8
0
10
64.332065870111
20
36.1280234989081
30
0
0
VERTEX
8
0
10
64.8637358359797
20
36.2097834799645
30
0
0
VERTEX
8
0
10
65.3954058018483
20
36.2927493861509
30
0
0
VERTEX
8
0
10
65.927075767717
20
36.3768769347209
30
0
0
VERTEX
8
0
10
66.4587457335857
20
36.4604846761718
30
0
0
VERTEX
8
0
10
66.9904156994544
20
36.5553337789104
30
0
0
VERTEX
8
0
10
67.5220856653231
20
36.6251553298033
30
0
0
VERTEX
8
0
10
68.0537556311918
20
36.7076682218836
30
0
0
VERTEX
8
0
10
68.5854255970605
20
36.7925750741456
30
0
0
VERTEX
8
0
10
69.1170955629291
20
36.8708924873568
30
0
0
VERTEX
8
0
10
69.6487655287978
20
36.9485208040409
30
0
0
VERTEX
8
0
10
70.1804354946665
20
37.0272313988287
30
0
0
VERTEX
8
0
10
70.7121054605352
20
37.1051077502006
30
0
0
VERTEX
8
0
10
71.2437754264039
20
37.1916937725876
30
0
0
VERTEX
8
0
10
71.7754453922726
20
37.2578172901629
30
0
0
VERTEX
8
0
10
72.3071153581412
20
37.3334509212388
30
0
0
VERTEX
8
0
10
72.8387853240099
20
37.4107950840261
30
0
0
VERTEX
8
0
10
73.3704552898786
20
37.483085273204
30
0
0
VERTEX
8
0
10
73.9021252557473
20
37.5533900666628
30
0
0
VERTEX
8
0
10
74.433795221616
20
37.6247409542214
30
0
0
VERTEX
8
0
10
74.9654651874847
20
37.6950838216166
30
0
0
VERTEX
8
0
10
75.4971351533534
20
37.772151408383
30
0
0
VERTEX
8
0
10
76.028805119222
20
37.8325088806094
30
0
0
VERTEX
8
0
10
76.5604750850907
20
37.8998936183418
30
0
0
VERTEX
8
0
10
77.0921450509594
20
37.9684700050269
30
0
0
VERTEX
8
0
10
77.6238150168281
20
38.0332174135024
30
0
0
VERTEX
8
0
10
78.1554849826968
20
38.0950883172267
30
0
0
VERTEX
8
0
10
78.6871549485655
20
38.157958096964
30
0
0
VERTEX
8
0
10
79.2188249144342
20
38.2197139390796
30
0
0
VERTEX
8
0
10
79.7504948803028
20
38.2866097092203
30
0
0
VERTEX
8
0
10
80.2821648461715
20
38.3398629037001
30
0
0
VERTEX
8
0
10
80.8138348120402
20
38.3981874897573
30
0
0
VERTEX
8
0
10
81.3455047779089
20
38.4572923794006
30
0
0
VERTEX
8
0
10
81.8771747437776
20
38.5135268492842
30
0
0
VERTEX
8
0
10
82.4088447096463
20
38.5773342682769
30
0
0
VERTEX
8
0
10
82.9405146755149
20
38.6199786511335
30
0
0
VERTEX
8
0
10
83.4721846413836
20
38.6724876634078
30
0
0
VERTEX
8
0
10
84.0038546072523
20
38.7288597509965
30
0
0
VERTEX
8
0
10
84.535524573121
20
38.7740928178544
30
0
0
VERTEX
8
0
10
85.0671945389897
20
38.8228510099105
30
0
0
VERTEX
8
0
10
85.5988645048584
20
38.872055398442
30
0
0
VERTEX
8
0
10
86.1305344707271
20
38.919128197884
30
0
0
VERTEX
8
0
10
86.6622044365958
20
38.9623505159358
30
0
0
VERTEX
8
0
10
87.1938744024645
20
39.0064114135604
30
0
0
VERTEX
8
0
10
87.7255443683332
20
39.0492463554075
30
0
0
VERTEX
8
0
10
88.2572143342018
20
39.0949103068235
30
0
0
VERTEX
8
0
10
88.7888843000705
20
39.131476865541
30
0
0
VERTEX
8
0
10
89.3205542659392
20
39.1703457145663
30
0
0
VERTEX
8
0
10
89.8522242318079
20
39.2093851695723
30
0
0
VERTEX
8
0
10
90.3838941976766
20
39.2468532098401
30
0
0
VERTEX
8
0
10
90.9155641635453
20
39.280259928435
30
0
0
VERTEX
8
0
10
91.447234129414
20
39.3143961879522
30
0
0
VERTEX
8
0
10
91.9789040952827
20
39.3472775418185
30
0
0
VERTEX
8
0
10
92.5105740611514
20
39.3821481680557
30
0
0
VERTEX
8
0
10
93.0422440270201
20
39.4095847347417
30
0
0
VERTEX
8
0
10
93.5739139928888
20
39.4383588216167
30
0
0
VERTEX
8
0
10
94.1055839587575
20
39.4670738452493
30
0
0
VERTEX
8
0
10
94.6372539246262
20
39.4946332893711
30
0
0
VERTEX
8
0
10
95.1689238904949
20
39.5180472160952
30
0
0
VERTEX
8
0
10
95.7005938563636
20
39.5420679579561
30
0
0
VERTEX
8
0
10
96.2322638222323
20
39.5648153917773
30
0
0
VERTEX
8
0
10
96.763933788101
20
39.588869630229
30
0
0
VERTEX
8
0
10
97.2956037539697
20
39.6068428227788
30
0
0
VERTEX
8
0
10
97.8272737198383
20
39.6253962957203
30
0
0
VERTEX
8
0
10
98.358943685707
20
39.6436980441257
30
0
0
VERTEX
8
0
10
98.8906136515757
20
39.6611439159664
30
0
0
VERTEX
8
0
10
99.4222836174444
20
39.6744567106215
30
0
0
VERTEX
8
0
10
99.9539535833131
20
39.6882441067121
30
0
0
VERTEX
8
0
10
100.485623549182
20
39.7007474487083
30
0
0
VERTEX
8
0
10
101.017293515051
20
39.7140035632017
30
0
0
VERTEX
8
0
10
101.548963480919
20
39.7222765720835
30
0
0
VERTEX
8
0
10
102.080633446788
20
39.7305405769886
30
0
0
VERTEX
8
0
10
102.612303412657
20
39.738390709841
30
0
0
VERTEX
8
0
10
103.143973378525
20
39.7455916472346
30
0
0
VERTEX
8
0
10
103.675643344394
20
39.7487455504957
30
0
0
VERTEX
8
0
10
104.207313310263
20
39.7522361558673
30
0
0
VERTEX
8
0
10
104.738983276131
20
39.7544378893802
30
0
0
VERTEX
8
0
10
105.270653242
20
39.7569441087034
30
0
0
VERTEX
8
0
10
105.802323207869
20
39.7553551592821
30
0
0
VERTEX
8
0
10
106.333993173737
20
39.7533045931662
30
0
0
VERTEX
8
0
10
106.865663139606
20
39.750703730765
30
0
0
VERTEX
8
0
10
107.397333105475
20
39.7475863354653
30
0
0
VERTEX
8
0
10
107.929003071344
20
39.7405637048289
30
0
0
VERTEX
8
0
10
108.460673037212
20
39.7337375880858
30
0
0
VERTEX
8
0
10
108.992343003081
20
39.7256227632666
30
0
0
VERTEX
8
0
10
109.52401296895
20
39.7174519009916
30
0
0
VERTEX
8
0
10
110.055682934818
20
39.7059007978754
30
0
0
VERTEX
8
0
10
110.587352900687
20
39.6935472422658
30
0
0
VERTEX
8
0
10
111.119022866556
20
39.6805291754734
30
0
0
VERTEX
8
0
10
111.650692832424
20
39.667068979324
30
0
0
VERTEX
8
0
10
112.182362798293
20
39.6498871945209
30
0
0
VERTEX
8
0
10
112.714032764162
20
39.6327625220653
30
0
0
VERTEX
8
0
10
113.24570273003
20
39.6143539218773
30
0
0
VERTEX
8
0
10
113.777372695899
20
39.5956022342163
30
0
0
VERTEX
8
0
10
114.309042661768
20
39.5740428405469
30
0
0
VERTEX
8
0
10
114.840712627637
20
39.5514320497139
30
0
0
VERTEX
8
0
10
115.372382593505
20
39.528062248272
30
0
0
VERTEX
8
0
10
115.904052559374
20
39.5042797076346
30
0
0
VERTEX
8
0
10
116.435722525243
20
39.4769902222145
30
0
0
VERTEX
8
0
10
116.967392491111
20
39.4496221141376
30
0
0
VERTEX
8
0
10
117.49906245698
20
39.4209796011618
30
0
0
VERTEX
8
0
10
118.030732422849
20
39.3917691010834
30
0
0
VERTEX
8
0
10
118.562402388717
20
39.3602066453899
30
0
0
VERTEX
8
0
10
119.094072354586
20
39.3274198556553
30
0
0
VERTEX
8
0
10
119.625742320455
20
39.293797655303
30
0
0
VERTEX
8
0
10
120.157412286324
20
39.2597584440358
30
0
0
VERTEX
8
0
10
120.689082252192
20
39.2224495131602
30
0
0
VERTEX
8
0
10
121.220752218061
20
39.1849327263726
30
0
0
VERTEX
8
0
10
121.75242218393
20
39.146156402578
30
0
0
VERTEX
8
0
10
122.284092149798
20
39.1066404791906
30
0
0
VERTEX
8
0
10
122.815762115667
20
39.06513329177
30
0
0
VERTEX
8
0
10
123.347432081536
20
39.0222922350074
30
0
0
VERTEX
8
0
10
123.879102047404
20
38.9785566755461
30
0
0
VERTEX
8
0
10
124.410772013273
20
38.934376171322
30
0
0
VERTEX
8
0
10
124.942441979142
20
38.8871793485857
30
0
0
VERTEX
8
0
10
125.47411194501
20
38.8396549084348
30
0
0
VERTEX
8
0
10
126.005781910879
20
38.790892275902
30
0
0
VERTEX
8
0
10
126.537451876748
20
38.7412649820385
30
0
0
VERTEX
8
0
10
127.069121842617
20
38.6899308491931
30
0
0
VERTEX
8
0
10
127.600791808485
20
38.63720688446
30
0
0
VERTEX
8
0
10
128.132461774354
20
38.5835466961824
30
0
0
VERTEX
8
0
10
128.664131740223
20
38.5293991182773
30
0
0
VERTEX
8
0
10
129.195801706091
20
38.4725001455456
30
0
0
VERTEX
8
0
10
129.72747167196
20
38.4151665940689
30
0
0
VERTEX
8
0
10
130.259141637829
20
38.3566244583152
30
0
0
VERTEX
8
0
10
130.790811603697
20
38.2971343656868
30
0
0
VERTEX
8
0
10
131.322481569566
20
38.2361622959506
30
0
0
VERTEX
8
0
10
131.854151535435
20
38.1737906528886
30
0
0
VERTEX
8
0
10
132.385821501303
20
38.1104594802363
30
0
0
VERTEX
8
0
10
132.917491467172
20
38.046592773617
30
0
0
VERTEX
8
0
10
133.449161433041
20
37.9802481179539
30
0
0
VERTEX
8
0
10
133.98083139891
20
37.9133787072181
30
0
0
VERTEX
8
0
10
134.512501364778
20
37.8453412496544
30
0
0
VERTEX
8
0
10
135.044171330647
20
37.7763114634823
30
0
0
VERTEX
8
0
10
135.575841296516
20
37.7059804268761
30
0
0
VERTEX
8
0
10
136.107511262384
20
37.634281324754
30
0
0
VERTEX
8
0
10
136.639181228253
20
37.5616200802119
30
0
0
VERTEX
8
0
10
137.170851194122
20
37.4883785057295
30
0
0
VERTEX
8
0
10
137.70252115999
20
37.4129396859023
30
0
0
VERTEX
8
0
10
138.234191125859
20
37.3369077867864
30
0
0
VERTEX
8
0
10
138.765861091728
20
37.2597632262727
30
0
0
VERTEX
8
0
10
139.297531057597
20
37.181620185875
30
0
0
VERTEX
8
0
10
139.829201023465
20
37.1023275166832
30
0
0
VERTEX
8
0
10
140.360870989334
20
37.0217370962925
30
0
0
VERTEX
8
0
10
140.892540955203
20
36.9402065813045
30
0
0
VERTEX
8
0
10
141.424210921071
20
36.8580643108113
30
0
0
VERTEX
8
0
10
141.95588088694
20
36.7740135650639
30
0
0
VERTEX
8
0
10
142.487550852809
20
36.6893300695417
30
0
0
VERTEX
8
0
10
143.019220818677
20
36.6036099427001
30
0
0
VERTEX
8
0
10
143.550890784546
20
36.5169253439271
30
0
0
VERTEX
8
0
10
144.082560750415
20
36.4292293545708
30
0
0
VERTEX
8
0
10
144.614230716283
20
36.3403453325475
30
0
0
VERTEX
8
0
10
145.145900682152
20
36.2505743784796
30
0
0
VERTEX
8
0
10
145.677570648021
20
36.1601856821946
30
0
0
VERTEX
8
0
10
146.20924061389
20
36.068188980001
30
0
0
VERTEX
8
0
10
146.740910579758
20
35.9755581218903
30
0
0
VERTEX
8
0
10
147.272580545627
20
35.8819960699788
30
0
0
VERTEX
8
0
10
147.804250511496
20
35.787549327234
30
0
0
VERTEX
8
0
10
148.335920477364
20
35.6922340401092
30
0
0
VERTEX
8
0
10
148.867590443233
20
35.5958846247112
30
0
0
VERTEX
8
0
10
149.399260409102
20
35.4987429499508
30
0
0
VERTEX
8
0
10
149.93093037497
20
35.4010188653923
30
0
0
VERTEX
8
0
10
150.462600340839
20
35.3020069465718
30
0
0
VERTEX
8
0
10
150.994270306708
20
35.2024120819048
30
0
0
VERTEX
8
0
10
151.525940272576
20
35.102034631145
30
0
0
VERTEX
8
0
10
152.057610238445
20
35.0009094291766
30
0
0
VERTEX
8
0
10
152.589280204314
20
34.8990860882001
30
0
0
VERTEX
8
0
10
153.120950170183
20
34.7964381218336
30
0
0
VERTEX
8
0
10
153.652620136051
20
34.693151295267
30
0
0
VERTEX
8
0
10
154.18429010192
20
34.589381738283
30
0
0
SEQEND
8
0
0
POLYLINE
8
0
62
3
70
0
10
0
20
0
30
0
0
VERTEX
8
0
10
12.7600791808485
20
23.9971178898603
30
0
0
VERTEX
8
0
10
13.2917491467172
20
24.9533341810211
30
0
0
VERTEX
8
0
10
13.8234191125859
20
25.3343851637971
30
0
0
VERTEX
8
0
10
14.3550890784545
20
26.1895802966205
30
0
0
VERTEX
8
0
10
14.8867590443232
20
26.8953794727474
30
0
0
VERTEX
8
0
10
15.4184290101919
20
27.5894040153399
30
0
0
VERTEX
8
0
10
15.9500989760606
20
28.6020604030548
30
0
0
VERTEX
8
0
10
16.4817689419293
20
28.8708648916439
30
0
0
VERTEX
8
0
10
17.013438907798
20
29.601620690578
30
0
0
VERTEX
8
0
10
17.5451088736667
20
30.359534350159
30
0
0
VERTEX
8
0
10
18.0767788395354
20
30.827347286339
30
0
0
VERTEX
8
0
10
18.608448805404
20
31.5156294069214
30
0
0
VERTEX
8
0
10
19.1401187712727
20
32.1328581655244
30
0
0
VERTEX
8
0
10
19.6717887371414
20
32.740233741148
30
0
0
VERTEX
8
0
10
20.2034587030101
20
33.5252179025685
30
0
0
VERTEX
8
0
10
20.7351286688788
20
33.888666887195
30
0
0
VERTEX
8
0
10
21.2667986347475
20
34.5043435198109
30
0
0
VERTEX
8
0
10
21.7984686006162
20
35.1364747139615
30
0
0
VERTEX
8
0
10
22.3301385664849
20
35.6056115618111
30
0
0
VERTEX
8
0
10
22.8618085323535
20
36.1858579431287
30
0
0
VERTEX
8
0
10
23.3934784982222
20
36.7288412068692
30
0
0
VERTEX
8
0
10
23.9251484640909
20
37.2634421330052
30
0
0
VERTEX
8
0
10
24.4568184299596
20
37.9044658661245
30
0
0
VERTEX
8
0
10
24.9884883958283
20
38.2873484405128
30
0
0
VERTEX
8
0
10
25.520158361697
20
38.8181258741326
30
0
0
VERTEX
8
0
10
26.0518283275656
20
39.3589758561266
30
0
0
VERTEX
8
0
10
26.5834982934343
20
39.8024234856657
30
0
0
VERTEX
8
0
10
27.115168259303
20
40.3026678817094
30
0
0
VERTEX
8
0
10
27.6468382251717
20
40.7826313919888
30
0
0
VERTEX
8
0
10
28.1785081910404
20
41.2554496406345
30
0
0
VERTEX
8
0
10
28.7101781569091
20
41.7950607372157
30
0
0
VERTEX
8
0
10
29.2418481227778
20
42.1684295613758
30
0
0
VERTEX
8
0
10
29.7735180886464
20
42.6321841477587
30
0
0
VERTEX
8
0
10
30.3051880545151
20
43.102214480789
30
0
0
VERTEX
8
0
10
30.8368580203838
20
43.5120862951117
30
0
0
VERTEX
8
0
10
31.3685279862525
20
43.9493542816441
30
0
0
VERTEX
8
0
10
31.9001979521212
20
44.3757942122115
30
0
0
VERTEX
8
0
10
32.4318679179899
20
44.7961744402798
30
0
0
VERTEX
8
0
10
32.9635378838586
20
45.2597725653537
30
0
0
VERTEX
8
0
10
33.4952078497272
20
45.6126894036161
30
0
0
VERTEX
8
0
10
34.0268778155959
20
46.0220601602649
30
0
0
VERTEX
8
0
10
34.5585477814646
20
46.4354452329592
30
0
0
VERTEX
8
0
10
35.0902177473333
20
46.8112790785927
30
0
0
VERTEX
8
0
10
35.621887713202
20
47.1977385076127
30
0
0
VERTEX
8
0
10
36.1535576790707
20
47.5790352751076
30
0
0
VERTEX
8
0
10
36.6852276449393
20
47.955251691655
30
0
0
VERTEX
8
0
10
37.216897610808
20
48.3600040405588
30
0
0
VERTEX
8
0
10
37.7485675766767
20
48.6895006273579
30
0
0
VERTEX
8
0
10
38.2802375425454
20
49.0544696791479
30
0
0
VERTEX
8
0
10
38.8119075084141
20
49.4221303030165
30
0
0
VERTEX
8
0
10
39.3435774742828
20
49.7666664219883
30
0
0
VERTEX
8
0
10
39.8752474401515
20
50.1119729861464
30
0
0
VERTEX
8
0
10
40.4069174060201
20
50.4557213752561
30
0
0
VERTEX
8
0
10
40.9385873718888
20
50.7952894228619
30
0
0
VERTEX
8
0
10
41.4702573377575
20
51.1539533431745
30
0
0
VERTEX
8
0
10
42.0019273036262
20
51.4609005987016
30
0
0
VERTEX
8
0
10
42.5335972694949
20
51.7899126503296
30
0
0
VERTEX
8
0
10
43.0652672353636
20
52.1208864207041
30
0
0
VERTEX
8
0
10
43.5969372012323
20
52.438320965521
30
0
0
VERTEX
8
0
10
44.1286071671009
20
52.7506657829131
30
0
0
VERTEX
8
0
10
44.6602771329696
20
53.0638738621766
30
0
0
VERTEX
8
0
10
45.1919470988383
20
53.3737411035792
30
0
0
VERTEX
8
0
10
45.723617064707
20
53.6965033856009
30
0
0
VERTEX
8
0
10
46.2552870305757
20
53.9837313225858
30
0
0
VERTEX
8
0
10
46.7869569964444
20
54.2842593285394
30
0
0
VERTEX
8
0
10
47.3186269623131
20
54.5864083533113
30
0
0
VERTEX
8
0
10
47.8502969281817
20
54.881618811458
30
0
0
VERTEX
8
0
10
48.3819668940504
20
55.1682805420335
30
0
0
VERTEX
8
0
10
48.9136368599191
20
55.4575290311727
30
0
0
VERTEX
8
0
10
49.4453068257878
20
55.7442370274218
30
0
0
VERTEX
8
0
10
49.9769767916565
20
56.0397240896112
30
0
0
VERTEX
8
0
10
50.5086467575252
20
56.3111490489433
30
0
0
VERTEX
8
0
10
51.0403167233939
20
56.5900725013872
30
0
0
VERTEX
8
0
10
51.5719866892625
20
56.8705562658677
30
0
0
VERTEX
8
0
10
52.1036566551312
20
57.1488248239053
30
0
0
VERTEX
8
0
10
52.6353266209999
20
57.4165940305348
30
0
0
VERTEX
8
0
10
53.1669965868686
20
57.6882845248251
30
0
0
VERTEX
8
0
10
53.6986665527373
20
57.9582477780626
30
0
0
VERTEX
8
0
10
54.230336518606
20
58.2343030247646
30
0
0
VERTEX
8
0
10
54.7620064844746
20
58.494726589331
30
0
0
VERTEX
8
0
10
55.2936764503433
20
58.7588670222098
30
0
0
VERTEX
8
0
10
55.825346416212
20
59.0248083125966
30
0
0
VERTEX
8
0
10
56.3570163820807
20
59.292174130732
30
0
0
VERTEX
8
0
10
56.8886863479494
20
59.5482257125051
30
0
0
VERTEX
8
0
10
57.4203563138181
20
59.8095496498015
30
0
0
VERTEX
8
0
10
57.9520262796868
20
60.0703321608633
30
0
0
VERTEX
8
0
10
58.4836962455554
20
60.3360560936022
30
0
0
VERTEX
8
0
10
59.0153662114241
20
60.5933418358029
30
0
0
VERTEX
8
0
10
59.5470361772928
20
60.8524599276242
30
0
0
VERTEX
8
0
10
60.0787061431615
20
61.1137899334713
30
0
0
VERTEX
8
0
10
60.6103761090302
20
61.378936127347
30
0
0
VERTEX
8
0
10
61.1420460748989
20
61.6317474210665
30
0
0
VERTEX
8
0
10
61.6737160407676
20
61.8897854834593
30
0
0
VERTEX
8
0
10
62.2053860066362
20
62.1467479057277
30
0
0
VERTEX
8
0
10
62.7370559725049
20
62.4057664801264
30
0
0
VERTEX
8
0
10
63.2687259383736
20
62.6590182485896
30
0
0
VERTEX
8
0
10
63.8003959042423
20
62.9102930902533
30
0
0
VERTEX
8
0
10
64.332065870111
20
63.1623476094877
30
0
0
VERTEX
8
0
10
64.8637358359797
20
63.4187231691977
30
0
0
VERTEX
8
0
10
65.3954058018483
20
63.6614526478106
30
0
0
VERTEX
8
0
10
65.927075767717
20
63.9088462323404
30
0
0
VERTEX
8
0
10
66.4587457335857
20
64.1546768094897
30
0
0
VERTEX
8
0
10
66.9904156994544
20
64.4006732310302
30
0
0
VERTEX
8
0
10
67.5220856653231
20
64.6435952633426
30
0
0
VERTEX
8
0
10
68.0537556311918
20
64.8824342879091
30
0
0
VERTEX
8
0
10
68.5854255970605
20
65.1214105638379
30
0
0
VERTEX
8
0
10
69.1170955629291
20
65.3652822697676
30
0
0
VERTEX
8
0
10
69.6487655287978
20
65.5949861363819
30
0
0
VERTEX
8
0
10
70.1804354946665
20
65.8290084533192
30
0
0
VERTEX
8
0
10
70.7121054605352
20
66.06124983545
30
0
0
VERTEX
8
0
10
71.2437754264039
20
66.2923521027331
30
0
0
VERTEX
8
0
10
71.7754453922726
20
66.522477078984
30
0
0
VERTEX
8
0
10
72.3071153581412
20
66.7470944470064
30
0
0
VERTEX
8
0
10
72.8387853240099
20
66.9714127379886
30
0
0
VERTEX
8
0
10
73.3704552898786
20
67.2009916429101
30
0
0
VERTEX
8
0
10
73.9021252557473
20
67.416288140726
30
0
0
VERTEX
8
0
10
74.433795221616
20
67.6355870501567
30
0
0
VERTEX
8
0
10
74.9654651874847
20
67.8529843780015
30
0
0
VERTEX
8
0
10
75.4971351533534
20
68.0683045137955
30
0
0
VERTEX
8
0
10
76.028805119222
20
68.2842103320592
30
0
0
VERTEX
8
0
10
76.5604750850907
20
68.4936523492398
30
0
0
VERTEX
8
0
10
77.0921450509594
20
68.7024721825701
30
0
0
VERTEX
8
0
10
77.6238150168281
20
68.9167189188156
30
0
0
VERTEX
8
0
10
78.1554849826968
20
69.116842408606
30
0
0
VERTEX
8
0
10
78.6871549485655
20
69.3206503174759
30
0
0
VERTEX
8
0
10
79.2188249144342
20
69.5224866538054
30
0
0
VERTEX
8
0
10
79.7504948803028
20
69.7215734899675
30
0
0
VERTEX
8
0
10
80.2821648461715
20
69.9223722095053
30
0
0
VERTEX
8
0
10
80.8138348120402
20
70.1160987929432
30
0
0
VERTEX
8
0
10
81.3455047779089
20
70.3089555909621
30
0
0
VERTEX
8
0
10
81.8771747437776
20
70.5072411209234
30
0
0
VERTEX
8
0
10
82.4088447096463
20
70.6917609893087
30
0
0
VERTEX
8
0
10
82.9405146755149
20
70.8796344781903
30
0
0
VERTEX
8
0
10
83.4721846413836
20
71.0655000432986
30
0
0
VERTEX
8
0
10
84.0038546072523
20
71.2481457744268
30
0
0
VERTEX
8
0
10
84.535524573121
20
71.4332790002638
30
0
0
VERTEX
8
0
10
85.0671945389897
20
71.6109975753428
30
0
0
VERTEX
8
0
10
85.5988645048584
20
71.7876538987275
30
0
0
VERTEX
8
0
10
86.1305344707271
20
71.9696100229949
30
0
0
VERTEX
8
0
10
86.6622044365958
20
72.1382961924459
30
0
0
VERTEX
8
0
10
87.1938744024645
20
72.310008963453
30
0
0
VERTEX
8
0
10
87.7255443683332
20
72.4796934342642
30
0
0
VERTEX
8
0
10
88.2572143342018
20
72.6458449381696
30
0
0
VERTEX
8
0
10
88.7888843000705
20
72.8149797065832
30
0
0
VERTEX
8
0
10
89.3205542659392
20
72.9765634242751
30
0
0
VERTEX
8
0
10
89.8522242318079
20
73.1369349397577
30
0
0
VERTEX
8
0
10
90.3838941976766
20
73.3023754813278
30
0
0
VERTEX
8
0
10
90.9155641635453
20
73.4551497960476
30
0
0
VERTEX
8
0
10
91.447234129414
20
73.6106151178589
30
0
0
VERTEX
8
0
10
91.9789040952827
20
73.7640499048415
30
0
0
VERTEX
8
0
10
92.5105740611514
20
73.913762762075
30
0
0
VERTEX
8
0
10
93.0422440270201
20
74.0667319689003
30
0
0
VERTEX
8
0
10
93.5739139928888
20
74.2121748652598
30
0
0
VERTEX
8
0
10
94.1055839587575
20
74.3562897030218
30
0
0
VERTEX
8
0
10
94.6372539246262
20
74.5051649706797
30
0
0
VERTEX
8
0
10
95.1689238904949
20
74.6420549545654
30
0
0
VERTEX
8
0
10
95.7005938563636
20
74.7813004754623
30
0
0
VERTEX
8
0
10
96.2322638222323
20
74.9185255346521
30
0
0
VERTEX
8
0
10
96.763933788101
20
75.0519387897223
30
0
0
VERTEX
8
0
10
97.2956037539697
20
75.1887049898989
30
0
0
VERTEX
8
0
10
97.8272737198383
20
75.318096115572
30
0
0
VERTEX
8
0
10
98.358943685707
20
75.4460715653296
30
0
0
VERTEX
8
0
10
98.8906136515757
20
75.5784408914747
30
0
0
VERTEX
8
0
10
99.4222836174444
20
75.6995614714312
30
0
0
VERTEX
8
0
10
99.9539535833131
20
75.8227057558378
30
0
0
VERTEX
8
0
10
100.485623549182
20
75.9438500451571
30
0
0
VERTEX
8
0
10
101.017293515051
20
76.0611723261641
30
0
0
VERTEX
8
0
10
101.548963480919
20
76.1818052554462
30
0
0
VERTEX
8
0
10
102.080633446788
20
76.2953136941857
30
0
0
VERTEX
8
0
10
102.612303412657
20
76.4073429304422
30
0
0
VERTEX
8
0
10
103.143973378525
20
76.5233580730523
30
0
0
VERTEX
8
0
10
103.675643344394
20
76.6288996860554
30
0
0
VERTEX
8
0
10
104.207313310263
20
76.736140160705
30
0
0
VERTEX
8
0
10
104.738983276131
20
76.8414104425977
30
0
0
VERTEX
8
0
10
105.270653242
20
76.942912931626
30
0
0
VERTEX
8
0
10
105.802323207869
20
77.047575805466
30
0
0
VERTEX
8
0
10
106.333993173737
20
77.1454425357116
30
0
0
VERTEX
8
0
10
106.865663139606
20
77.2417876897962
30
0
0
VERTEX
8
0
10
107.397333105475
20
77.3416833266185
30
0
0
VERTEX
8
0
10
107.929003071344
20
77.4319058330824
30
0
0
VERTEX
8
0
10
108.460673037212
20
77.5235125490961
30
0
0
VERTEX
8
0
10
108.992343003081
20
77.6131877445239
30
0
0
VERTEX
8
0
10
109.52401296895
20
77.6992016712733
30
0
0
VERTEX
8
0
10
110.055682934818
20
77.7881435317556
30
0
0
VERTEX
8
0
10
110.587352900687
20
77.8706779672972
30
0
0
VERTEX
8
0
10
111.119022866556
20
77.9516675752034
30
0
0
VERTEX
8
0
10
111.650692832424
20
78.0357567962576
30
0
0
VERTEX
8
0
10
112.182362798293
20
78.110987490961
30
0
0
VERTEX
8
0
10
112.714032764162
20
78.1873010440413
30
0
0
VERTEX
8
0
10
113.24570273003
20
78.2617305975346
30
0
0
VERTEX
8
0
10
113.777372695899
20
78.3326480151412
30
0
0
VERTEX
8
0
10
114.309042661768
20
78.406200559845
30
0
0
VERTEX
8
0
10
114.840712627637
20
78.4737805801041
30
0
0
VERTEX
8
0
10
115.372382593505
20
78.5398103294457
30
0
0
VERTEX
8
0
10
115.904052559374
20
78.6084839391062
30
0
0
VERTEX
8
0
10
116.435722525243
20
78.6691187248368
30
0
0
VERTEX
8
0
10
116.967392491111
20
78.73055141784
30
0
0
VERTEX
8
0
10
117.49906245698
20
78.7901568256161
30
0
0
VERTEX
8
0
10
118.030732422849
20
78.8464340231868
30
0
0
VERTEX
8
0
10
118.562402388717
20
78.9050120197533
30
0
0
VERTEX
8
0
10
119.094072354586
20
78.9580868548648
30
0
0
VERTEX
8
0
10
119.625742320455
20
79.0096230680287
30
0
0
VERTEX
8
0
10
120.157412286324
20
79.0633520437433
30
0
0
VERTEX
8
0
10
120.689082252192
20
79.1098592895149
30
0
0
VERTEX
8
0
10
121.220752218061
20
79.1568990670963
30
0
0
VERTEX
8
0
10
121.75242218393
20
79.2021781414145
30
0
0
VERTEX
8
0
10
122.284092149798
20
79.2443414099237
30
0
0
VERTEX
8
0
10
122.815762115667
20
79.2884462244122
30
0
0
VERTEX
8
0
10
123.347432081536
20
79.3275419111168
30
0
0
VERTEX
8
0
10
123.879102047404
20
79.3651275310667
30
0
0
VERTEX
8
0
10
124.410772013273
20
79.4044683375593
30
0
0
VERTEX
8
0
10
124.942441979142
20
79.4373952459528
30
0
0
VERTEX
8
0
10
125.47411194501
20
79.4706122317284
30
0
0
VERTEX
8
0
10
126.005781910879
20
79.5021459638737
30
0
0
VERTEX
8
0
10
126.537451876748
20
79.5307996846609
30
0
0
VERTEX
8
0
10
127.069121842617
20
79.5610257543698
30
0
0
VERTEX
8
0
10
127.600791808485
20
79.586753133864
30
0
0
VERTEX
8
0
10
128.132461774354
20
79.6110162236486
30
0
0
VERTEX
8
0
10
128.664131740223
20
79.6366189470383
30
0
0
VERTEX
8
0
10
129.195801706091
20
79.6566004907056
30
0
0
VERTEX
8
0
10
129.72747167196
20
79.6766561960294
30
0
0
VERTEX
8
0
10
130.259141637829
20
79.6951183154663
30
0
0
VERTEX
8
0
10
130.790811603697
20
79.7109555539534
30
0
0
VERTEX
8
0
10
131.322481569566
20
79.7279998897661
30
0
0
VERTEX
8
0
10
131.854151535435
20
79.7410653438626
30
0
0
VERTEX
8
0
10
132.385821501303
20
79.752730333479
30
0
0
VERTEX
8
0
10
132.917491467172
20
79.7653498424808
30
0
0
VERTEX
8
0
10
133.449161433041
20
79.7731205566154
30
0
0
VERTEX
8
0
10
133.98083139891
20
79.780780064574
30
0
0
VERTEX
8
0
10
134.512501364778
20
79.7869496297112
30
0
0
VERTEX
8
0
10
135.044171330647
20
79.7907656453636
30
0
0
VERTEX
8
0
10
135.575841296516
20
79.7954407134081
30
0
0
VERTEX
8
0
10
136.107511262384
20
79.7966600860548
30
0
0
VERTEX
8
0
10
136.639181228253
20
79.7965622566735
30
0
0
VERTEX
8
0
10
137.170851194122
20
79.7970728767187
30
0
0
VERTEX
8
0
10
137.70252115999
20
79.7934820706476
30
0
0
VERTEX
8
0
10
138.234191125859
20
79.7896297899303
30
0
0
VERTEX
8
0
10
138.765861091728
20
79.7844074495967
30
0
0
VERTEX
8
0
10
139.297531057597
20
79.7771168408963
30
0
0
VERTEX
8
0
10
139.829201023465
20
79.770367519088
30
0
0
VERTEX
8
0
10
140.360870989334
20
79.7606840192184
30
0
0
VERTEX
8
0
10
140.892540955203
20
79.7497880818392
30
0
0
VERTEX
8
0
10
141.424210921071
20
79.7392026662427
30
0
0
VERTEX
8
0
10
141.95588088694
20
79.7252340315356
30
0
0
VERTEX
8
0
10
142.487550852809
20
79.7108940580322
30
0
0
VERTEX
8
0
10
143.019220818677
20
79.6953230955077
30
0
0
VERTEX
8
0
10
143.550890784546
20
79.6779817971362
30
0
0
VERTEX
8
0
10
144.082560750415
20
79.6609076524553
30
0
0
VERTEX
8
0
10
144.614230716283
20
79.6414151146688
30
0
0
VERTEX
8
0
10
145.145900682152
20
79.620839364255
30
0
0
VERTEX
8
0
10
145.677570648021
20
79.6003343260283
30
0
0
VERTEX
8
0
10
146.20924061389
20
79.5771316481367
30
0
0
VERTEX
8
0
10
146.740910579758
20
79.5534945637448
30
0
0
VERTEX
8
0
10
147.272580545627
20
79.5287886945759
30
0
0
VERTEX
8
0
10
147.804250511496
20
79.5026229740361
30
0
0
VERTEX
8
0
10
148.335920477364
20
79.4765081308283
30
0
0
VERTEX
8
0
10
148.867590443233
20
79.4484821224863
30
0
0
VERTEX
8
0
10
149.399260409102
20
79.4195308650126
30
0
0
VERTEX
8
0
10
149.93093037497
20
79.3904800698735
30
0
0
VERTEX
8
0
10
150.462600340839
20
79.3593822176605
30
0
0
VERTEX
8
0
10
150.994270306708
20
79.3278417714197
30
0
0
VERTEX
8
0
10
151.525940272576
20
79.2954234488053
30
0
0
VERTEX
8
0
10
152.057610238445
20
79.2618700178813
30
0
0
VERTEX
8
0
10
152.589280204314
20
79.2282250741224
30
0
0
VERTEX
8
0
10
153.120950170183
20
79.1931667625275
30
0
0
VERTEX
8
0
10
153.652620136051
20
79.1573764108003
30
0
0
VERTEX
8
0
10
154.18429010192
20
79.1213998425996
30
0
0
SEQEND
8
0
0
POLYLINE
8
0
62
4
70
0
10
0
20
0
30
0
0
VERTEX
8
0
10
12.7600791808485
20
23.1664239470859
30
0
0
VERTEX
8
0
10
13.2917491467172
20
23.9033721561532
30
0
0
VERTEX
8
0
10
13.8234191125859
20
24.6536726002227
30
0
0
VERTEX
8
0
10
14.3550890784545
20
25.377739072583
30
0
0
VERTEX
8
0
10
14.8867590443232
20
26.1072645547973
30
0
0
VERTEX
8
0
10
15.4184290101919
20
26.8236059385209
30
0
0
VERTEX
8
0
10
15.9500989760606
20
27.522049810599
30
0
0
VERTEX
8
0
10
16.4817689419293
20
28.236291048775
30
0
0
VERTEX
8
0
10
17.013438907798
20
28.9304698306845
30
0
0
VERTEX
8
0
10
17.5451088736667
20
29.6212727394874
30
0
0
VERTEX
8
0
10
18.0767788395354
20
30.2694526534606
30
0
0
VERTEX
8
0
10
18.608448805404
20
30.8586681280151
30
0
0
VERTEX
8
0
10
19.1401187712727
20
31.4536046476785
30
0
0
VERTEX
8
0
10
19.6717887371414
20
32.0452715117283
30
0
0
VERTEX
8
0
10
20.2034587030101
20
32.6259938681265
30
0
0
VERTEX
8
0
10
20.7351286688788
20
33.2128116250762
30
0
0
VERTEX
8
0
10
21.2667986347475
20
33.7749842447669
30
0
0
VERTEX
8
0
10
21.7984686006162
20
34.3342154437161
30
0
0
VERTEX
8
0
10
22.3301385664849
20
34.9066837524023
30
0
0
VERTEX
8
0
10
22.8618085323535
20
35.4547166486147
30
0
0
VERTEX
8
0
10
23.3934784982222
20
35.9777849243489
30
0
0
VERTEX
8
0
10
23.9251484640909
20
36.4842738584988
30
0
0
VERTEX
8
0
10
24.4568184299596
20
36.9802710167032
30
0
0
VERTEX
8
0
10
24.9884883958283
20
37.4923855968554
30
0
0
VERTEX
8
0
10
25.520158361697
20
37.9858358165523
30
0
0
VERTEX
8
0
10
26.0518283275656
20
38.4690071531203
30
0
0
VERTEX
8
0
10
26.5834982934343
20
38.9622472070416
30
0
0
VERTEX
8
0
10
27.115168259303
20
39.4322801938682
30
0
0
VERTEX
8
0
10
27.6468382251717
20
39.9076080524464
30
0
0
VERTEX
8
0
10
28.1785081910404
20
40.3800103663299
30
0
0
VERTEX
8
0
10
28.7101781569091
20
40.8422174562035
30
0
0
VERTEX
8
0
10
29.2418481227778
20
41.319954776791
30
0
0
VERTEX
8
0
10
29.7735180886464
20
41.7797459038392
30
0
0
VERTEX
8
0
10
30.3051880545151
20
42.2368774038568
30
0
0
VERTEX
8
0
10
30.8368580203838
20
42.7062619367241
30
0
0
VERTEX
8
0
10
31.3685279862525
20
43.1512782238248
30
0
0
VERTEX
8
0
10
31.9001979521212
20
43.6006698237326
30
0
0
VERTEX
8
0
10
32.4318679179899
20
44.0472715721688
30
0
0
VERTEX
8
0
10
32.9635378838586
20
44.4841489946724
30
0
0
VERTEX
8
0
10
33.4952078497272
20
44.9358716499075
30
0
0
VERTEX
8
0
10
34.0268778155959
20
45.3529046050144
30
0
0
VERTEX
8
0
10
34.5585477814646
20
45.7638114072904
30
0
0
VERTEX
8
0
10
35.0902177473333
20
46.1864545629871
30
0
0
VERTEX
8
0
10
35.621887713202
20
46.5883774158534
30
0
0
VERTEX
8
0
10
36.1535576790707
20
46.9951108733137
30
0
0
VERTEX
8
0
10
36.6852276449393
20
47.3957066201918
30
0
0
VERTEX
8
0
10
37.216897610808
20
47.7866231949004
30
0
0
VERTEX
8
0
10
37.7485675766767
20
48.1918333362752
30
0
0
VERTEX
8
0
10
38.2802375425454
20
48.5810553816728
30
0
0
VERTEX
8
0
10
38.8119075084141
20
48.9680618812223
30
0
0
VERTEX
8
0
10
39.3435774742828
20
49.3550465057612
30
0
0
VERTEX
8
0
10
39.8752474401515
20
49.7212699039404
30
0
0
VERTEX
8
0
10
40.4069174060201
20
50.0921677127014
30
0
0
VERTEX
8
0
10
40.9385873718888
20
50.4608438750885
30
0
0
VERTEX
8
0
10
41.4702573377575
20
50.8210209926539
30
0
0
VERTEX
8
0
10
42.0019273036262
20
51.1859749627308
30
0
0
VERTEX
8
0
10
42.5335972694949
20
51.5352521787496
30
0
0
VERTEX
8
0
10
43.0652672353636
20
51.8826005649232
30
0
0
VERTEX
8
0
10
43.5969372012323
20
52.24074017946
30
0
0
VERTEX
8
0
10
44.1286071671009
20
52.5806256369615
30
0
0
VERTEX
8
0
10
44.6602771329696
20
52.9237553717417
30
0
0
VERTEX
8
0
10
45.1919470988383
20
53.2648777817422
30
0
0
VERTEX
8
0
10
45.723617064707
20
53.598066057648
30
0
0
VERTEX
8
0
10
46.2552870305757
20
53.9444889421054
30
0
0
VERTEX
8
0
10
46.7869569964444
20
54.2767970170303
30
0
0
VERTEX
8
0
10
47.3186269623131
20
54.6006581765168
30
0
0
VERTEX
8
0
10
47.8502969281817
20
54.9348962600908
30
0
0
VERTEX
8
0
10
48.3819668940504
20
55.251969392786
30
0
0
VERTEX
8
0
10
48.9136368599191
20
55.5735167231836
30
0
0
VERTEX
8
0
10
49.4453068257878
20
55.8933611420281
30
0
0
VERTEX
8
0
10
49.9769767916565
20
56.2002745600605
30
0
0
VERTEX
8
0
10
50.5086467575252
20
56.520159866505
30
0
0
VERTEX
8
0
10
51.0403167233939
20
56.8267714457653
30
0
0
VERTEX
8
0
10
51.5719866892625
20
57.1319194070178
30
0
0
VERTEX
8
0
10
52.1036566551312
20
57.4471481552182
30
0
0
VERTEX
8
0
10
52.6353266209999
20
57.7348762952829
30
0
0
VERTEX
8
0
10
53.1669965868686
20
58.0277360440283
30
0
0
VERTEX
8
0
10
53.6986665527373
20
58.319167300127
30
0
0
VERTEX
8
0
10
54.230336518606
20
58.6036946077409
30
0
0
VERTEX
8
0
10
54.7620064844746
20
58.9006865074825
30
0
0
VERTEX
8
0
10
55.2936764503433
20
59.1822568136652
30
0
0
VERTEX
8
0
10
55.825346416212
20
59.4628627360498
30
0
0
VERTEX
8
0
10
56.3570163820807
20
59.7533232404376
30
0
0
VERTEX
8
0
10
56.8886863479494
20
60.0284562435209
30
0
0
VERTEX
8
0
10
57.4203563138181
20
60.3080047840681
30
0
0
VERTEX
8
0
10
57.9520262796868
20
60.5745185504158
30
0
0
VERTEX
8
0
10
58.4836962455554
20
60.8359473734124
30
0
0
VERTEX
8
0
10
59.0153662114241
20
61.1095716495266
30
0
0
VERTEX
8
0
10
59.5470361772928
20
61.3712945071293
30
0
0
VERTEX
8
0
10
60.0787061431615
20
61.6319546864919
30
0
0
VERTEX
8
0
10
60.6103761090302
20
61.8991784500367
30
0
0
VERTEX
8
0
10
61.1420460748989
20
62.152136461111
30
0
0
VERTEX
8
0
10
61.6737160407676
20
62.4093667496061
30
0
0
VERTEX
8
0
10
62.2053860066362
20
62.665415189504
30
0
0
VERTEX
8
0
10
62.7370559725049
20
62.9151587076088
30
0
0
VERTEX
8
0
10
63.2687259383736
20
63.1673282710594
30
0
0
VERTEX
8
0
10
63.8003959042423
20
63.409484805831
30
0
0
VERTEX
8
0
10
64.332065870111
20
63.6505276152849
30
0
0
VERTEX
8
0
10
64.8637358359797
20
63.9006782132111
30
0
0
VERTEX
8
0
10
65.3954058018483
20
64.1366285355578
30
0
0
VERTEX
8
0
10
65.927075767717
20
64.36718371911
30
0
0
VERTEX
8
0
10
66.4587457335857
20
64.5983163853782
30
0
0
VERTEX
8
0
10
66.9904156994544
20
64.8233304616751
30
0
0
VERTEX
8
0
10
67.5220856653231
20
65.0594524850655
30
0
0
VERTEX
8
0
10
68.0537556311918
20
65.2844118710113
30
0
0
VERTEX
8
0
10
68.5854255970605
20
65.5002468226124
30
0
0
VERTEX
8
0
10
69.1170955629291
20
65.7264044066539
30
0
0
VERTEX
8
0
10
69.6487655287978
20
65.938922786014
30
0
0
VERTEX
8
0
10
70.1804354946665
20
66.1551916755546
30
0
0
VERTEX
8
0
10
70.7121054605352
20
66.3702166417523
30
0
0
VERTEX
8
0
10
71.2437754264039
20
66.5744454453468
30
0
0
VERTEX
8
0
10
71.7754453922726
20
66.7903274077452
30
0
0
VERTEX
8
0
10
72.3071153581412
20
66.9954795356756
30
0
0
VERTEX
8
0
10
72.8387853240099
20
67.1994466730707
30
0
0
VERTEX
8
0
10
73.3704552898786
20
67.4115350749594
30
0
0
VERTEX
8
0
10
73.9021252557473
20
67.6089027298313
30
0
0
VERTEX
8
0
10
74.433795221616
20
67.8101522832736
30
0
0
VERTEX
8
0
10
74.9654651874847
20
68.0101231135675
30
0
0
VERTEX
8
0
10
75.4971351533534
20
68.2043542703923
30
0
0
VERTEX
8
0
10
76.028805119222
20
68.4084764478336
30
0
0
VERTEX
8
0
10
76.5604750850907
20
68.5972939130052
30
0
0
VERTEX
8
0
10
77.0921450509594
20
68.786246628942
30
0
0
VERTEX
8
0
10
77.6238150168281
20
68.9827945868241
30
0
0
VERTEX
8
0
10
78.1554849826968
20
69.1668737719565
30
0
0
VERTEX
8
0
10
78.6871549485655
20
69.3541353668656
30
0
0
VERTEX
8
0
10
79.2188249144342
20
69.5265261532647
30
0
0
VERTEX
8
0
10
79.7504948803028
20
69.6973320277073
30
0
0
VERTEX
8
0
10
80.2821648461715
20
69.8774271790016
30
0
0
VERTEX
8
0
10
80.8138348120402
20
70.0477392815145
30
0
0
VERTEX
8
0
10
81.3455047779089
20
70.2168294169607
30
0
0
VERTEX
8
0
10
81.8771747437776
20
70.4170674569872
30
0
0
VERTEX
8
0
10
82.4088447096463
20
70.5920723106166
30
0
0
VERTEX
8
0
10
82.9405146755149
20
70.7820079242372
30
0
0
VERTEX
8
0
10
83.4721846413836
20
70.9645514381681
30
0
0
VERTEX
8
0
10
84.0038546072523
20
71.1417759099902
30
0
0
VERTEX
8
0
10
84.535524573121
20
71.3048442254806
30
0
0
VERTEX
8
0
10
85.0671945389897
20
71.465897503604
30
0
0
VERTEX
8
0
10
85.5988645048584
20
71.6256939248569
30
0
0
VERTEX
8
0
10
86.1305344707271
20
71.7920085415083
30
0
0
VERTEX
8
0
10
86.6622044365958
20
71.9531013102689
30
0
0
VERTEX
8
0
10
87.1938744024645
20
72.1226341043779
30
0
0
VERTEX
8
0
10
87.7255443683332
20
72.2908006044522
30
0
0
VERTEX
8
0
10
88.2572143342018
20
72.4539017959332
30
0
0
VERTEX
8
0
10
88.7888843000705
20
72.624903490704
30
0
0
VERTEX
8
0
10
89.3205542659392
20
72.7877210093578
30
0
0
VERTEX
8
0
10
89.8522242318079
20
72.9497686876813
30
0
0
VERTEX
8
0
10
90.3838941976766
20
73.1177373665345
30
0
0
VERTEX
8
0
10
90.9155641635453
20
73.2751787545052
30
0
0
VERTEX
8
0
10
91.447234129414
20
73.4349158448822
30
0
0
VERTEX
8
0
10
91.9789040952827
20
73.5946120056686
30
0
0
VERTEX
8
0
10
92.5105740611514
20
73.7504975711668
30
0
0
VERTEX
8
0
10
93.0422440270201
20
73.9135974641166
30
0
0
VERTEX
8
0
10
93.5739139928888
20
74.0684197280457
30
0
0
VERTEX
8
0
10
94.1055839587575
20
74.2219225406776
30
0
0
VERTEX
8
0
10
94.6372539246262
20
74.377272091869
30
0
0
VERTEX
8
0
10
95.1689238904949
20
74.5205169841933
30
0
0
VERTEX
8
0
10
95.7005938563636
20
74.6657850677436
30
0
0
VERTEX
8
0
10
96.2322638222323
20
74.8096890785335
30
0
0
VERTEX
8
0
10
96.763933788101
20
74.9490703817014
30
0
0
VERTEX
8
0
10
97.2956037539697
20
75.0883575968388
30
0
0
VERTEX
8
0
10
97.8272737198383
20
75.2162135884889
30
0
0
VERTEX
8
0
10
98.358943685707
20
75.3427882279745
30
0
0
VERTEX
8
0
10
98.8906136515757
20
75.4742160242604
30
0
0
VERTEX
8
0
10
99.4222836174444
20
75.5965510748812
30
0
0
VERTEX
8
0
10
99.9539535833131
20
75.7152537761287
30
0
0
VERTEX
8
0
10
100.485623549182
20
75.8300249124076
30
0
0
VERTEX
8
0
10
101.017293515051
20
75.9405920646766
30
0
0
VERTEX
8
0
10
101.548963480919
20
76.0570960688798
30
0
0
VERTEX
8
0
10
102.080633446788
20
76.1664801843674
30
0
0
VERTEX
8
0
10
102.612303412657
20
76.2746093008899
30
0
0
VERTEX
8
0
10
103.143973378525
20
76.3870796791514
30
0
0
VERTEX
8
0
10
103.675643344394
20
76.4911704759358
30
0
0
VERTEX
8
0
10
104.207313310263
20
76.5967923211716
30
0
0
VERTEX
8
0
10
104.738983276131
20
76.7011127261421
30
0
0
VERTEX
8
0
10
105.270653242
20
76.8015033190262
30
0
0
VERTEX
8
0
10
105.802323207869
20
76.9071800300827
30
0
0
VERTEX
8
0
10
106.333993173737
20
77.0062837986284
30
0
0
VERTEX
8
0
10
106.865663139606
20
77.1041437598893
30
0
0
VERTEX
8
0
10
107.397333105475
20
77.2058224930015
30
0
0
VERTEX
8
0
10
107.929003071344
20
77.299814384557
30
0
0
VERTEX
8
0
10
108.460673037212
20
77.3950822840326
30
0
0
VERTEX
8
0
10
108.992343003081
20
77.48906680596
30
0
0
VERTEX
8
0
10
109.52401296895
20
77.579402043112
30
0
0
VERTEX
8
0
10
110.055682934818
20
77.6743869140109
30
0
0
VERTEX
8
0
10
110.587352900687
20
77.7516084601657
30
0
0
VERTEX
8
0
10
111.119022866556
20
77.8248785827953
30
0
0
VERTEX
8
0
10
111.650692832424
20
77.9015023934615
30
0
0
VERTEX
8
0
10
112.182362798293
20
77.9711677254218
30
0
0
VERTEX
8
0
10
112.714032764162
20
78.041905940967
30
0
0
VERTEX
8
0
10
113.24570273003
20
78.1151572076941
30
0
0
VERTEX
8
0
10
113.777372695899
20
78.1857594080598
30
0
0
VERTEX
8
0
10
114.309042661768
20
78.2604226086902
30
0
0
VERTEX
8
0
10
114.840712627637
20
78.3296301111755
30
0
0
VERTEX
8
0
10
115.372382593505
20
78.3976628523687
30
0
0
VERTEX
8
0
10
115.904052559374
20
78.4589097752802
30
0
0
VERTEX
8
0
10
116.435722525243
20
78.512543844446
30
0
0
VERTEX
8
0
10
116.967392491111
20
78.5670398607109
30
0
0
VERTEX
8
0
10
117.49906245698
20
78.6203665258662
30
0
0
VERTEX
8
0
10
118.030732422849
20
78.6706626892508
30
0
0
VERTEX
8
0
10
118.562402388717
20
78.7294210515594
30
0
0
VERTEX
8
0
10
119.094072354586
20
78.7837581352782
30
0
0
VERTEX
8
0
10
119.625742320455
20
78.8369662645045
30
0
0
VERTEX
8
0
10
120.157412286324
20
78.8925748830309
30
0
0
VERTEX
8
0
10
120.689082252192
20
78.9425656720684
30
0
0
VERTEX
8
0
10
121.220752218061
20
78.9890969543059
30
0
0
VERTEX
8
0
10
121.75242218393
20
79.0342525536734
30
0
0
VERTEX
8
0
10
122.284092149798
20
79.076652413227
30
0
0
VERTEX
8
0
10
122.815762115667
20
79.1219809064204
30
0
0
VERTEX
8
0
10
123.347432081536
20
79.1629439694708
30
0
0
VERTEX
8
0
10
123.879102047404
20
79.2028287886311
30
0
0
VERTEX
8
0
10
124.410772013273
20
79.2446843159679
30
0
0
VERTEX
8
0
10
124.942441979142
20
79.2815853280509
30
0
0
VERTEX
8
0
10
125.47411194501
20
79.3189255481005
30
0
0
VERTEX
8
0
10
126.005781910879
20
79.355172254399
30
0
0
VERTEX
8
0
10
126.537451876748
20
79.3878633250449
30
0
0
VERTEX
8
0
10
127.069121842617
20
79.422962497531
30
0
0
VERTEX
8
0
10
127.600791808485
20
79.4542160817664
30
0
0
VERTEX
8
0
10
128.132461774354
20
79.4844405141165
30
0
0
VERTEX
8
0
10
128.664131740223
20
79.5162244135882
30
0
0
VERTEX
8
0
10
129.195801706091
20
79.5459025778572
30
0
0
VERTEX
8
0
10
129.72747167196
20
79.5757367484291
30
0
0
VERTEX
8
0
10
130.259141637829
20
79.6045279808027
30
0
0
VERTEX
8
0
10
130.790811603697
20
79.6311159614386
30
0
0
VERTEX
8
0
10
131.322481569566
20
79.6595908175256
30
0
0
VERTEX
8
0
10
131.854151535435
20
79.6824501619027
30
0
0
VERTEX
8
0
10
132.385821501303
20
79.7045050790008
30
0
0
VERTEX
8
0
10
132.917491467172
20
79.7277377044982
30
0
0
VERTEX
8
0
10
133.449161433041
20
79.747266031882
30
0
0
VERTEX
8
0
10
133.98083139891
20
79.7668952117352
30
0
0
VERTEX
8
0
10
134.512501364778
20
79.7855501931839
30
0
0
VERTEX
8
0
10
135.044171330647
20
79.8022816650416
30
0
0
VERTEX
8
0
10
135.575841296516
20
79.8204454568165
30
0
0
VERTEX
8
0
10
136.107511262384
20
79.8357561628067
30
0
0
VERTEX
8
0
10
136.639181228253
20
79.8501576879412
30
0
0
VERTEX
8
0
10
137.170851194122
20
79.861824594544
30
0
0
VERTEX
8
0
10
137.70252115999
20
79.8708453680493
30
0
0
VERTEX
8
0
10
138.234191125859
20
79.8798393470944
30
0
0
VERTEX
8
0
10
138.765861091728
20
79.8879400688982
30
0
0
VERTEX
8
0
10
139.297531057597
20
79.8943945291564
30
0
0
VERTEX
8
0
10
139.829201023465
20
79.8970131526784
30
0
0
VERTEX
8
0
10
140.360870989334
20
79.8980176747895
30
0
0
VERTEX
8
0
10
140.892540955203
20
79.8982074031257
30
0
0
VERTEX
8
0
10
141.424210921071
20
79.8989484082326
30
0
0
VERTEX
8
0
10
141.95588088694
20
79.8971496935989
30
0
0
VERTEX
8
0
10
142.487550852809
20
79.897707972261
30
0
0
VERTEX
8
0
10
143.019220818677
20
79.8970189860438
30
0
0
VERTEX
8
0
10
143.550890784546
20
79.8949511810858
30
0
0
VERTEX
8
0
10
144.082560750415
20
79.8935554141253
30
0
0
VERTEX
8
0
10
144.614230716283
20
79.8902313837999
30
0
0
VERTEX
8
0
10
145.145900682152
20
79.8861707655227
30
0
0
VERTEX
8
0
10
145.677570648021
20
79.8823992892752
30
0
0
VERTEX
8
0
10
146.20924061389
20
79.8766040157434
30
0
0
VERTEX
8
0
10
146.740910579758
20
79.8705968966202
30
0
0
VERTEX
8
0
10
147.272580545627
20
79.8638778022155
30
0
0
VERTEX
8
0
10
147.804250511496
20
79.8547418163852
30
0
0
VERTEX
8
0
10
148.335920477364
20
79.8462646747873
30
0
0
VERTEX
8
0
10
148.867590443233
20
79.8362783937483
30
0
0
VERTEX
8
0
10
149.399260409102
20
79.8256540144079
30
0
0
VERTEX
8
0
10
149.93093037497
20
79.8151176376196
30
0
0
VERTEX
8
0
10
150.462600340839
20
79.8056772759322
30
0
0
VERTEX
8
0
10
150.994270306708
20
79.7953376833034
30
0
0
VERTEX
8
0
10
151.525940272576
20
79.7843887393946
30
0
0
VERTEX
8
0
10
152.057610238445
20
79.7725574401526
30
0
0
VERTEX
8
0
10
152.589280204314
20
79.7608568998086
30
0
0
VERTEX
8
0
10
153.120950170183
20
79.747892863562
30
0
0
VERTEX
8
0
10
153.652620136051
20
79.7344285564664
30
0
0
VERTEX
8
0
10
154.18429010192
20
79.720901193603
30
0
0
SEQEND
8
0
0
POLYLINE
8
0
62
2
70
0
10
0
20
0
30
0
0
VERTEX
8
0
10
12.7600791808485
20
0
30
0
0
VERTEX
8
0
10
13.2917491467172
20
2.43325822076775
30
0
0
VERTEX
8
0
10
13.8234191125859
20
0.812375633677574
30
0
0
VERTEX
8
0
10
14.3550890784545
20
2.69032989135509
30
0
0
VERTEX
8
0
10
14.8867590443232
20
1.45044788834925
30
0
0
VERTEX
8
0
10
15.4184290101919
20
2.96588465415111
30
0
0
VERTEX
8
0
10
15.9500989760606
20
1.94572438822538
30
0
0
VERTEX
8
0
10
16.4817689419293
20
3.25659858336694
30
0
0
VERTEX
8
0
10
17.013438907798
20
2.39091930737809
30
0
0
VERTEX
8
0
10
17.5451088736667
20
3.55989822789041
30
0
0
VERTEX
8
0
10
18.0767788395354
20
2.81160134972997
30
0
0
VERTEX
8
0
10
18.608448805404
20
3.87379346947021
30
0
0
VERTEX
8
0
10
19.1401187712727
20
3.21870695553393
30
0
0
VERTEX
8
0
10
19.6717887371414
20
3.50479358482607
30
0
0
VERTEX
8
0
10
20.2034587030101
20
3.61787340842667
30
0
0
VERTEX
8
0
10
20.7351286688788
20
3.87817796459787
30
0
0
VERTEX
8
0
10
21.2667986347475
20
4.01232989565679
30
0
0
VERTEX
8
0
10
21.7984686006162
20
4.25223993177718
30
0
0
VERTEX
8
0
10
22.3301385664849
20
4.40405406445574
30
0
0
VERTEX
8
0
10
22.8618085323535
20
4.62743272823983
30
0
0
VERTEX
8
0
10
23.3934784982222
20
4.7943121785508
30
0
0
VERTEX
8
0
10
23.9251484640909
20
5.00402856935829
30
0
0
VERTEX
8
0
10
24.4568184299596
20
5.18393939205366
30
0
0
VERTEX
8
0
10
24.9884883958283
20
5.38218423632602
30
0
0
VERTEX
8
0
10
25.520158361697
20
5.57349675418193
30
0
0
VERTEX
8
0
10
26.0518283275656
20
5.76198091471357
30
0
0
VERTEX
8
0
10
26.5834982934343
20
5.96336444638446
30
0
0
VERTEX
8
0
10
27.115168259303
20
6.14344931055596
30
0
0
VERTEX
8
0
10
27.6468382251717
20
6.35379975559905
30
0
0
VERTEX
8
0
10
28.1785081910404
20
6.5265859697589
30
0
0
VERTEX
8
0
10
28.7101781569091
20
6.74497448531602
30
0
0
VERTEX
8
0
10
29.2418481227778
20
6.91136414891819
30
0
0
VERTEX
8
0
10
29.7735180886464
20
7.13699984649203
30
0
0
VERTEX
8
0
10
30.3051880545151
20
7.29774120500866
30
0
0
VERTEX
8
0
10
30.8368580203838
20
7.52994344882893
30
0
0
VERTEX
8
0
10
31.3685279862525
20
7.68566370482491
30
0
0
VERTEX
8
0
10
31.9001979521212
20
7.9238411530962
30
0
0
VERTEX
8
0
10
32.4318679179899
20
8.08233959084154
30
0
0
VERTEX
8
0
10
32.9635378838586
20
8.31870549495216
30
0
0
VERTEX
8
0
10
33.4952078497272
20
8.46882258388667
30
0
0
VERTEX
8
0
10
34.0268778155959
20
8.71453176863792
30
0
0
VERTEX
8
0
10
34.5585477814646
20
8.85765752199104
30
0
0
VERTEX
8
0
10
35.0902177473333
20
9.11130248363496
30
0
0
VERTEX
8
0
10
35.621887713202
20
9.24859859862121
30
0
0
VERTEX
8
0
10
36.1535576790707
20
9.50899066995453
30
0
0
VERTEX
8
0
10
36.6852276449393
20
9.64143262555199
30
0
0
VERTEX
8
0
10
37.216897610808
20
9.90756235756414
30
0
0
VERTEX
8
0
10
37.7485675766767
20
10.0359727708366
30
0
0
VERTEX
8
0
10
38.2802375425454
20
10.3069784553371
30
0
0
VERTEX
8
0
10
38.8119075084141
20
10.4320537139814
30
0
0
VERTEX
8
0
10
39.3435774742828
20
10.7071961889211
30
0
0
VERTEX
8
0
10
39.8752474401515
20
10.8295278685254
30
0
0
VERTEX
8
0
10
40.4069174060201
20
11.1081702114492
30
0
0
VERTEX
8
0
10
40.9385873718888
20
11.228262415613
30
0
0
VERTEX
8
0
10
41.4702573377575
20
11.5098534701447
30
0
0
VERTEX
8
0
10
42.0019273036262
20
11.6281369590181
30
0
0
VERTEX
8
0
10
42.5335972694949
20
11.9121978898412
30
0
0
VERTEX
8
0
10
43.0652672353636
20
12.0290416617514
30
0
0
VERTEX
8
0
10
43.5969372012323
20
12.3151549184008
30
0
0
VERTEX
8
0
10
44.1286071671009
20
12.4308757585365
30
0
0
VERTEX
8
0
10
44.6602771329696
20
12.6379260129237
30
0
0
VERTEX
8
0
10
45.1919470988383
20
12.8335463652196
30
0
0
VERTEX
8
0
10
45.723617064707
20
13.0401693367651
30
0
0
VERTEX
8
0
10
46.2552870305757
20
13.2369675252906
30
0
0
VERTEX
8
0
10
46.7869569964444
20
13.4430079632491
30
0
0
VERTEX
8
0
10
47.3186269623131
20
13.6410594478703
30
0
0
VERTEX
8
0
10
47.8502969281817
20
13.8463862527528
30
0
0
VERTEX
8
0
10
48.3819668940504
20
14.0457479029295
30
0
0
VERTEX
8
0
10
48.9136368599191
20
14.2502507053483
30
0
0
VERTEX
8
0
10
49.4453068257878
20
14.4509637473329
30
0
0
VERTEX
8
0
10
49.9769767916565
20
14.6545500543524
30
0
0
VERTEX
8
0
10
50.5086467575252
20
14.8566425624246
30
0
0
VERTEX
8
0
10
51.0403167233939
20
15.0592353739147
30
0
0
VERTEX
8
0
10
51.5719866892625
20
15.2627243885303
30
0
0
VERTEX
8
0
10
52.1036566551312
20
15.4642602056653
30
0
0
VERTEX
8
0
10
52.6353266209999
20
15.6691535464177
30
0
0
VERTEX
8
0
10
53.1669965868686
20
15.8695807099692
30
0
0
VERTEX
8
0
10
53.6986665527373
20
16.0758785390875
30
0
0
VERTEX
8
0
10
54.230336518606
20
16.2751558471989
30
0
0
VERTEX
8
0
10
54.7620064844746
20
16.482852030514
30
0
0
VERTEX
8
0
10
55.2936764503433
20
16.6809475967839
30
0
0
VERTEX
8
0
10
55.825346416212
20
16.8900309010469
30
0
0
VERTEX
8
0
10
56.3570163820807
20
17.0869212211726
30
0
0
VERTEX
8
0
10
56.8886863479494
20
17.2973763820626
30
0
0
VERTEX
8
0
10
57.4203563138181
20
17.5044824107796
30
0
0
VERTEX
8
0
10
57.9520262796868
20
17.7048542753308
30
0
0
VERTEX
8
0
10
58.4836962455554
20
17.908678169232
30
0
0
VERTEX
8
0
10
59.0153662114241
20
18.1124352668169
30
0
0
VERTEX
8
0
10
59.5470361772928
20
18.3132433830578
30
0
0
VERTEX
8
0
10
60.0787061431615
20
18.5200953479148
30
0
0
VERTEX
8
0
10
60.6103761090302
20
18.7181336918829
30
0
0
VERTEX
8
0
10
61.1420460748989
20
18.9278163629503
30
0
0
VERTEX
8
0
10
61.6737160407676
20
19.1233132162696
30
0
0
VERTEX
8
0
10
62.2053860066362
20
19.3355867082179
30
0
0
VERTEX
8
0
10
62.7370559725049
20
19.5287550851997
30
0
0
VERTEX
8
0
10
63.2687259383736
20
19.743402216657
30
0
0
VERTEX
8
0
10
63.8003959042423
20
19.9344422036196
30
0
0
VERTEX
8
0
10
64.332065870111
20
20.1512672736924
30
0
0
VERTEX
8
0
10
64.8637358359797
20
20.340368308875
30
0
0
VERTEX
8
0
10
65.3954058018483
20
20.5591962265673
30
0
0
VERTEX
8
0
10
65.927075767717
20
20.7465393842598
30
0
0
VERTEX
8
0
10
66.4587457335857
20
20.9672151716265
30
0
0
VERTEX
8
0
10
66.9904156994544
20
21.1529755263091
30
0
0
VERTEX
8
0
10
67.5220856653231
20
21.3753642371665
30
0
0
VERTEX
8
0
10
68.0537556311918
20
21.5597134016223
30
0
0
VERTEX
8
0
10
68.5854255970605
20
21.7837005266146
30
0
0
VERTEX
8
0
10
69.1170955629291
20
21.966809488065
30
0
0
VERTEX
8
0
10
69.6487655287978
20
22.1923019583638
30
0
0
VERTEX
8
0
10
70.1804354946665
20
22.3743443834006
30
0
0
VERTEX
8
0
10
70.7121054605352
20
22.578571171515
30
0
0
VERTEX
8
0
10
71.2437754264039
20
22.782428601742
30
0
0
VERTEX
8
0
10
71.7754453922726
20
22.9870598603375
30
0
0
VERTEX
8
0
10
72.3071153581412
20
23.1912104975579
30
0
0
VERTEX
8
0
10
72.8387853240099
20
23.3962659910123
30
0
0
VERTEX
8
0
10
73.3704552898786
20
23.6008873209626
30
0
0
VERTEX
8
0
10
73.9021252557473
20
23.8064244908689
30
0
0
VERTEX
8
0
10
74.433795221616
20
24.0117210348686
30
0
0
VERTEX
8
0
10
74.9654651874847
20
24.21784484127
30
0
0
VERTEX
8
0
10
75.4971351533534
20
24.4240616576352
30
0
0
VERTEX
8
0
10
76.028805119222
20
24.6309398999092
30
0
0
VERTEX
8
0
10
76.5604750850907
20
24.8383830602633
30
0
0
VERTEX
8
0
10
77.0921450509594
20
25.0462710712631
30
0
0
VERTEX
8
0
10
77.6238150168281
20
25.25534057818
30
0
0
VERTEX
8
0
10
78.1554849826968
20
25.4646230991255
30
0
0
VERTEX
8
0
10
78.6871549485655
20
25.6758696809157
30
0
0
VERTEX
8
0
10
79.2188249144342
20
25.8871371162261
30
0
0
VERTEX
8
0
10
79.7504948803028
20
26.1013695949362
30
0
0
VERTEX
8
0
10
80.2821648461715
20
26.3155716829396
30
0
0
VERTEX
8
0
10
80.8138348120402
20
26.5340874457005
30
0
0
VERTEX
8
0
10
81.3455047779089
20
26.7528936607268
30
0
0
VERTEX
8
0
10
81.8771747437776
20
26.9780790190338
30
0
0
VERTEX
8
0
10
82.4088447096463
20
27.2134421488579
30
0
0
VERTEX
8
0
10
82.9405146755149
20
27.442371736839
30
0
0
VERTEX
8
0
10
83.4721846413836
20
27.6936518013078
30
0
0
VERTEX
8
0
10
84.0038546072523
20
27.9446405318163
30
0
0
VERTEX
8
0
10
84.535524573121
20
28.1978929871262
30
0
0
VERTEX
8
0
10
85.0671945389897
20
28.4269687038369
30
0
0
VERTEX
8
0
10
85.5988645048584
20
28.6488479142233
30
0
0
VERTEX
8
0
10
86.1305344707271
20
28.8560374936079
30
0
0
VERTEX
8
0
10
86.6622044365958
20
29.0590033839309
30
0
0
VERTEX
8
0
10
87.1938744024645
20
29.2531090888511
30
0
0
VERTEX
8
0
10
87.7255443683332
20
29.4428314509357
30
0
0
VERTEX
8
0
10
88.2572143342018
20
29.6274834233541
30
0
0
VERTEX
8
0
10
88.7888843000705
20
29.8067263862705
30
0
0
VERTEX
8
0
10
89.3205542659392
20
29.9838525411035
30
0
0
VERTEX
8
0
10
89.8522242318079
20
30.154278346027
30
0
0
VERTEX
8
0
10
90.3838941976766
20
30.325067940768
30
0
0
VERTEX
8
0
10
90.9155641635453
20
30.4877993371672
30
0
0
VERTEX
8
0
10
91.447234129414
20
30.6530521544048
30
0
0
VERTEX
8
0
10
91.9789040952827
20
30.8089040270974
30
0
0
VERTEX
8
0
10
92.5105740611514
20
30.9691884637766
30
0
0
VERTEX
8
0
10
93.0422440270201
20
31.1187816235011
30
0
0
VERTEX
8
0
10
93.5739139928888
20
31.2745170688502
30
0
0
VERTEX
8
0
10
94.1055839587575
20
31.4183410616932
30
0
0
VERTEX
8
0
10
94.6372539246262
20
31.5698451696618
30
0
0
VERTEX
8
0
10
95.1689238904949
20
31.7082959523893
30
0
0
VERTEX
8
0
10
95.7005938563636
20
31.8492773017099
30
0
0
VERTEX
8
0
10
96.2322638222323
20
31.9892177456878
30
0
0
VERTEX
8
0
10
96.763933788101
20
32.1260477364195
30
0
0
VERTEX
8
0
10
97.2956037539697
20
32.2615707693892
30
0
0
VERTEX
8
0
10
97.8272737198383
20
32.3944096281084
30
0
0
VERTEX
8
0
10
98.358943685707
20
32.525736284864
30
0
0
VERTEX
8
0
10
98.8906136515757
20
32.6547132183039
30
0
0
VERTEX
8
0
10
99.4222836174444
20
32.7820295563084
30
0
0
VERTEX
8
0
10
99.9539535833131
20
32.9072491500468
30
0
0
VERTEX
8
0
10
100.485623549182
20
33.0307122931465
30
0
0
VERTEX
8
0
10
101.017293515051
20
33.1522592123041
30
0
0
VERTEX
8
0
10
101.548963480919
20
33.2720019228638
30
0
0
VERTEX
8
0
10
102.080633446788
20
33.3899444274051
30
0
0
VERTEX
8
0
10
102.612303412657
20
33.5060786284708
30
0
0
VERTEX
8
0
10
103.143973378525
20
33.6204712395707
30
0
0
VERTEX
8
0
10
103.675643344394
20
33.733090768833
30
0
0
VERTEX
8
0
10
104.207313310263
20
33.8439763133051
30
0
0
VERTEX
8
0
10
104.738983276131
20
33.9531591022188
30
0
0
VERTEX
8
0
10
105.270653242
20
34.0605702917107
30
0
0
VERTEX
8
0
10
105.802323207869
20
34.1663801056053
30
0
0
VERTEX
8
0
10
106.333993173737
20
34.2703407612508
30
0
0
VERTEX
8
0
10
106.865663139606
20
34.3728285973818
30
0
0
VERTEX
8
0
10
107.397333105475
20
34.4733545989857
30
0
0
VERTEX
8
0
10
107.929003071344
20
34.5725598132694
30
0
0
VERTEX
8
0
10
108.460673037212
20
34.6739759562511
30
0
0
VERTEX
8
0
10
108.992343003081
20
34.7656110451501
30
0
0
VERTEX
8
0
10
109.52401296895
20
34.8630540197027
30
0
0
VERTEX
8
0
10
110.055682934818
20
34.9520029237347
30
0
0
VERTEX
8
0
10
110.587352900687
20
35.0455203613394
30
0
0
VERTEX
8
0
10
111.119022866556
20
35.1317404053956
30
0
0
VERTEX
8
0
10
111.650692832424
20
35.2213703524902
30
0
0
VERTEX
8
0
10
112.182362798293
20
35.3048135077871
30
0
0
VERTEX
8
0
10
112.714032764162
20
35.390584837082
30
0
0
VERTEX
8
0
10
113.24570273003
20
35.4711978275826
30
0
0
VERTEX
8
0
10
113.777372695899
20
35.5531305404496
30
0
0
VERTEX
8
0
10
114.309042661768
20
35.6308548641006
30
0
0
VERTEX
8
0
10
114.840712627637
20
35.708960294158
30
0
0
VERTEX
8
0
10
115.372382593505
20
35.783732165675
30
0
0
VERTEX
8
0
10
115.904052559374
20
35.8580130903508
30
0
0
VERTEX
8
0
10
116.435722525243
20
35.9297633092891
30
0
0
VERTEX
8
0
10
116.967392491111
20
36.0002139734297
30
0
0
VERTEX
8
0
10
117.49906245698
20
36.0688677189053
30
0
0
VERTEX
8
0
10
118.030732422849
20
36.1354737718838
30
0
0
VERTEX
8
0
10
118.562402388717
20
36.2009503230804
30
0
0
VERTEX
8
0
10
119.094072354586
20
36.2636886686549
30
0
0
VERTEX
8
0
10
119.625742320455
20
36.3259010478511
30
0
0
VERTEX
8
0
10
120.157412286324
20
36.384739603535
30
0
0
VERTEX
8
0
10
120.689082252192
20
36.4420184699966
30
0
0
VERTEX
8
0
10
121.220752218061
20
36.4984914966213
30
0
0
VERTEX
8
0
10
121.75242218393
20
36.5522002040306
30
0
0
VERTEX
8
0
10
122.284092149798
20
36.6047922765437
30
0
0
VERTEX
8
0
10
122.815762115667
20
36.6548271282659
30
0
0
VERTEX
8
0
10
123.347432081536
20
36.7034716913267
30
0
0
VERTEX
8
0
10
123.879102047404
20
36.7497212193655
30
0
0
VERTEX
8
0
10
124.410772013273
20
36.7943398728535
30
0
0
VERTEX
8
0
10
124.942441979142
20
36.8366839200771
30
0
0
VERTEX
8
0
10
125.47411194501
20
36.8771856174095
30
0
0
VERTEX
8
0
10
126.005781910879
20
36.9154942671335
30
0
0
VERTEX
8
0
10
126.537451876748
20
36.9517743344691
30
0
0
VERTEX
8
0
10
127.069121842617
20
36.9859066583158
30
0
0
VERTEX
8
0
10
127.600791808485
20
37.0178456026667
30
0
0
VERTEX
8
0
10
128.132461774354
20
37.0476481897025
30
0
0
VERTEX
8
0
10
128.664131740223
20
37.0751102549763
30
0
0
VERTEX
8
0
10
129.195801706091
20
37.1004154749356
30
0
0
VERTEX
8
0
10
129.72747167196
20
37.1232468931073
30
0
0
VERTEX
8
0
10
130.259141637829
20
37.1438708329548
30
0
0
VERTEX
8
0
10
130.790811603697
20
37.1618977018682
30
0
0
VERTEX
8
0
10
131.322481569566
20
37.1776376968923
30
0
0
VERTEX
8
0
10
131.854151535435
20
37.190663395088
30
0
0
VERTEX
8
0
10
132.385821501303
20
37.2012950511408
30
0
0
VERTEX
8
0
10
132.917491467172
20
37.2090970712587
30
0
0
VERTEX
8
0
10
133.449161433041
20
37.2162507465049
30
0
0
VERTEX
8
0
10
133.98083139891
20
37.2166966830688
30
0
0
VERTEX
8
0
10
134.512501364778
20
37.2179461349923
30
0
0
VERTEX
8
0
10
135.044171330647
20
37.2128957209583
30
0
0
VERTEX
8
0
10
135.575841296516
20
37.2079531659723
30
0
0
VERTEX
8
0
10
136.107511262384
20
37.1970515614285
30
0
0
VERTEX
8
0
10
136.639181228253
20
37.1855851228726
30
0
0
VERTEX
8
0
10
137.170851194122
20
37.1684307124156
30
0
0
VERTEX
8
0
10
137.70252115999
20
37.1500555989084
30
0
0
VERTEX
8
0
10
138.234191125859
20
37.1261898607356
30
0
0
VERTEX
8
0
10
138.765861091728
20
37.1004568866968
30
0
0
VERTEX
8
0
10
139.297531057597
20
37.0693511240262
30
0
0
VERTEX
8
0
10
139.829201023465
20
37.0357315007374
30
0
0
VERTEX
8
0
10
140.360870989334
20
36.9967691146841
30
0
0
VERTEX
8
0
10
140.892540955203
20
36.9546338726104
30
0
0
VERTEX
8
0
10
141.424210921071
20
36.9070861232749
30
0
0
VERTEX
8
0
10
141.95588088694
20
36.855677572659
30
0
0
VERTEX
8
0
10
142.487550852809
20
36.7986695189809
30
0
0
VERTEX
8
0
10
143.019220818677
20
36.7370604820097
30
0
0
VERTEX
8
0
10
143.550890784546
20
36.6695215316489
30
0
0
VERTEX
8
0
10
144.082560750415
20
36.5965549871876
30
0
0
VERTEX
8
0
10
144.614230716283
20
36.5171441875305
30
0
0
VERTEX
8
0
10
145.145900682152
20
36.4313398872318
30
0
0
VERTEX
8
0
10
145.677570648021
20
36.3383273182519
30
0
0
VERTEX
8
0
10
146.20924061389
20
36.237729015693
30
0
0
VERTEX
8
0
10
146.740910579758
20
36.1286826328999
30
0
0
VERTEX
8
0
10
147.272580545627
20
36.0107019448794
30
0
0
VERTEX
8
0
10
147.804250511496
20
35.8824621717762
30
0
0
VERTEX
8
0
10
148.335920477364
20
35.7430158667269
30
0
0
VERTEX
8
0
10
148.867590443233
20
35.590600709977
30
0
0
VERTEX
8
0
10
149.399260409102
20
35.4233308980216
30
0
0
VERTEX
8
0
10
149.93093037497
20
35.2383566898728
30
0
0
VERTEX
8
0
10
150.462600340839
20
35.0320603402174
30
0
0
VERTEX
8
0
10
150.994270306708
20
34.7998665628186
30
0
0
VERTEX
8
0
10
151.525940272576
20
34.5385464301119
30
0
0
VERTEX
8
0
10
152.057610238445
20
34.2533870871264
30
0
0
VERTEX
8
0
10
152.589280204314
20
33.9642189451013
30
0
0
VERTEX
8
0
10
153.120950170183
20
33.691302371501
30
0
0
VERTEX
8
0
10
153.652620136051
20
33.4409297897096
30
0
0
VERTEX
8
0
10
154.18429010192
20
33.2108496307812
30
0
0
SEQEND
8
0
0
POLYLINE
8
0
62
3
70
0
10
0
20
0
30
0
0
VERTEX
8
0
10
12.7600791808485
20
6.62923891290736
30
0
0
VERTEX
8
0
10
13.2917491467172
20
7.36015262097884
30
0
0
VERTEX
8
0
10
13.8234191125859
20
7.28985310761123
30
0
0
VERTEX
8
0
10
14.3550890784545
20
7.98744543046945
30
0
0
VERTEX
8
0
10
14.8867590443232
20
7.95346391894922
30
0
0
VERTEX
8
0
10
15.4184290101919
20
8.62352115936342
30
0
0
VERTEX
8
0
10
15.9500989760606
20
8.62041671030698
30
0
0
VERTEX
8
0
10
16.4817689419293
20
9.2673836096482
30
0
0
VERTEX
8
0
10
17.013438907798
20
9.29087151015852
30
0
0
VERTEX
8
0
10
17.5451088736667
20
9.91821448392921
30
0
0
VERTEX
8
0
10
18.0767788395354
20
9.96486741904702
30
0
0
VERTEX
8
0
10
18.608448805404
20
10.575332268586
30
0
0
VERTEX
8
0
10
19.1401187712727
20
10.6423663179079
30
0
0
VERTEX
8
0
10
19.6717887371414
20
11.0067106097044
30
0
0
VERTEX
8
0
10
20.2034587030101
20
11.3232814301936
30
0
0
VERTEX
8
0
10
20.7351286688788
20
11.6834381693089
30
0
0
VERTEX
8
0
10
21.2667986347475
20
12.0074957380317
30
0
0
VERTEX
8
0
10
21.7984686006162
20
12.3641141828912
30
0
0
VERTEX
8
0
10
22.3301385664849
20
12.6948738358325
30
0
0
VERTEX
8
0
10
22.8618085323535
20
13.0484791742044
30
0
0
VERTEX
8
0
10
23.3934784982222
20
13.3852695846092
30
0
0
VERTEX
8
0
10
23.9251484640909
20
13.7362907039638
30
0
0
VERTEX
8
0
10
24.4568184299596
20
14.0785310751899
30
0
0
VERTEX
8
0
10
24.9884883958283
20
14.4273210828006
30
0
0
VERTEX
8
0
10
25.520158361697
20
14.7745038544565
30
0
0
VERTEX
8
0
10
26.0518283275656
20
15.1213554732453
30
0
0
VERTEX
8
0
10
26.5834982934343
20
15.4730330194993
30
0
0
VERTEX
8
0
10
27.115168259303
20
15.8181903046056
30
0
0
VERTEX
8
0
10
27.6468382251717
20
16.1739645666664
30
0
0
VERTEX
8
0
10
28.1785081910404
20
16.5176319394106
30
0
0
VERTEX
8
0
10
28.7101781569091
20
16.8771462463383
30
0
0
VERTEX
8
0
10
29.2418481227778
20
17.219495544213
30
0
0
VERTEX
8
0
10
29.7735180886464
20
17.5824280870503
30
0
0
VERTEX
8
0
10
30.3051880545151
20
17.9236041265939
30
0
0
VERTEX
8
0
10
30.8368580203838
20
18.2896626983268
30
0
0
VERTEX
8
0
10
31.3685279862525
20
18.6297877092349
30
0
0
VERTEX
8
0
10
31.9001979521212
20
18.9987054245914
30
0
0
VERTEX
8
0
10
32.4318679179899
20
19.3500972434561
30
0
0
VERTEX
8
0
10
32.9635378838586
20
19.709414399974
30
0
0
VERTEX
8
0
10
33.4952078497272
20
20.0575797594762
30
0
0
VERTEX
8
0
10
34.0268778155959
20
20.4216505372711
30
0
0
VERTEX
8
0
10
34.5585477814646
20
20.767054392499
30
0
0
VERTEX
8
0
10
35.0902177473333
20
21.135277474508
30
0
0
VERTEX
8
0
10
35.621887713202
20
21.4783125060323
30
0
0
VERTEX
8
0
10
36.1535576790707
20
21.8501614947947
30
0
0
VERTEX
8
0
10
36.6852276449393
20
22.1911597813812
30
0
0
VERTEX
8
0
10
37.216897610808
20
22.5661714307949
30
0
0
VERTEX
8
0
10
37.7485675766767
20
22.9054139903762
30
0
0
VERTEX
8
0
10
38.2802375425454
20
23.2831785614058
30
0
0
VERTEX
8
0
10
38.8119075084141
20
23.6209031954099
30
0
0
VERTEX
8
0
10
39.3435774742828
20
24.0010565061013
30
0
0
VERTEX
8
0
10
39.8752474401515
20
24.3374642847231
30
0
0
VERTEX
8
0
10
40.4069174060201
20
24.7196811206534
30
0
0
VERTEX
8
0
10
40.9385873718888
20
25.0549417728977
30
0
0
VERTEX
8
0
10
41.4702573377575
20
25.438930397004
30
0
0
VERTEX
8
0
10
42.0019273036262
20
25.7731868128005
30
0
0
VERTEX
8
0
10
42.5335972694949
20
26.158684369239
30
0
0
VERTEX
8
0
10
43.0652672353636
20
26.4920563780404
30
0
0
VERTEX
8
0
10
43.5969372012323
20
26.8788250268737
30
0
0
VERTEX
8
0
10
44.1286071671009
20
27.2114125837522
30
0
0
VERTEX
8
0
10
44.6602771329696
20
27.5709794614875
30
0
0
VERTEX
8
0
10
45.1919470988383
20
27.9311221209555
30
0
0
VERTEX
8
0
10
45.723617064707
20
28.290979991717
30
0
0
VERTEX
8
0
10
46.2552870305757
20
28.6510557851236
30
0
0
VERTEX
8
0
10
46.7869569964444
20
29.0110803400473
30
0
0
VERTEX
8
0
10
47.3186269623131
20
29.3710880837156
30
0
0
VERTEX
8
0
10
47.8502969281817
20
29.7311660960738
30
0
0
VERTEX
8
0
10
48.3819668940504
20
30.0910969109926
30
0
0
VERTEX
8
0
10
48.9136368599191
20
30.451124831557
30
0
0
VERTEX
8
0
10
49.4453068257878
20
30.8109632808462
30
0
0
VERTEX
8
0
10
49.9769767916565
20
31.1708460425599
30
0
0
VERTEX
8
0
10
50.5086467575252
20
31.5305711108268
30
0
0
VERTEX
8
0
10
51.0403167233939
20
31.8902211107432
30
0
0
VERTEX
8
0
10
51.5719866892625
20
32.2498070521192
30
0
0
VERTEX
8
0
10
52.1036566551312
20
32.6091432845864
30
0
0
VERTEX
8
0
10
52.6353266209999
20
32.9685603619712
30
0
0
VERTEX
8
0
10
53.1669965868686
20
33.3275076819031
30
0
0
VERTEX
8
0
10
53.6986665527373
20
33.6867228163689
30
0
0
VERTEX
8
0
10
54.230336518606
20
34.0452113152511
30
0
0
VERTEX
8
0
10
54.7620064844746
20
34.4041886620843
30
0
0
VERTEX
8
0
10
55.2936764503433
20
34.7621531432218
30
0
0
VERTEX
8
0
10
55.825346416212
20
35.1208546085881
30
0
0
VERTEX
8
0
10
56.3570163820807
20
35.4782341505257
30
0
0
VERTEX
8
0
10
56.8886863479494
20
35.8366198616415
30
0
0
VERTEX
8
0
10
57.4203563138181
20
36.207855160335
30
0
0
VERTEX
8
0
10
57.9520262796868
20
36.5513862017646
30
0
0
VERTEX
8
0
10
58.4836962455554
20
36.9203953384312
30
0
0
VERTEX
8
0
10
59.0153662114241
20
37.2650581128848
30
0
0
VERTEX
8
0
10
59.5470361772928
20
37.6319193580693
30
0
0
VERTEX
8
0
10
60.0787061431615
20
37.9775429681556
30
0
0
VERTEX
8
0
10
60.6103761090302
20
38.3423264313007
30
0
0
VERTEX
8
0
10
61.1420460748989
20
38.6887512829324
30
0
0
VERTEX
8
0
10
61.6737160407676
20
39.0515199572326
30
0
0
VERTEX
8
0
10
62.2053860066362
20
39.3985970482421
30
0
0
VERTEX
8
0
10
62.7370559725049
20
39.7594078077964
30
0
0
VERTEX
8
0
10
63.2687259383736
20
40.106998162715
30
0
0
VERTEX
8
0
10
63.8003959042423
20
40.4659027344141
30
0
0
VERTEX
8
0
10
64.332065870111
20
40.8138769869529
30
0
0
VERTEX
8
0
10
64.8637358359797
20
41.170922922172
30
0
0
VERTEX
8
0
10
65.3954058018483
20
41.5191610531224
30
0
0
VERTEX
8
0
10
65.927075767717
20
41.8743927281741
30
0
0
VERTEX
8
0
10
66.4587457335857
20
42.2227839742436
30
0
0
VERTEX
8
0
10
66.9904156994544
20
42.5762436555438
30
0
0
VERTEX
8
0
10
67.5220856653231
20
42.9246866150756
30
0
0
VERTEX
8
0
10
68.0537556311918
20
43.2764156350639
30
0
0
VERTEX
8
0
10
68.5854255970605
20
43.6248186113594
30
0
0
VERTEX
8
0
10
69.1170955629291
20
43.9748587174197
30
0
0
VERTEX
8
0
10
69.6487655287978
20
44.3231403618553
30
0
0
VERTEX
8
0
10
70.1804354946665
20
44.6715353253621
30
0
0
VERTEX
8
0
10
70.7121054605352
20
45.0169441228242
30
0
0
VERTEX
8
0
10
71.2437754264039
20
45.3664232873012
30
0
0
VERTEX
8
0
10
71.7754453922726
20
45.7114648106798
30
0
0
VERTEX
8
0
10
72.3071153581412
20
46.0595199891766
30
0
0
VERTEX
8
0
10
72.8387853240099
20
46.404159972757
30
0
0
VERTEX
8
0
10
73.3704552898786
20
46.7508481728509
30
0
0
VERTEX
8
0
10
73.9021252557473
20
47.0950713745784
30
0
0
VERTEX
8
0
10
74.433795221616
20
47.4404642388417
30
0
0
VERTEX
8
0
10
74.9654651874847
20
47.784279651119
30
0
0
VERTEX
8
0
10
75.4971351533534
20
48.1284705067772
30
0
0
VERTEX
8
0
10
76.028805119222
20
48.4719194386585
30
0
0
VERTEX
8
0
10
76.5604750850907
20
48.8150340248453
30
0
0
VERTEX
8
0
10
77.0921450509594
20
49.1582031013788
30
0
0
VERTEX
8
0
10
77.6238150168281
20
49.5004168470255
30
0
0
VERTEX
8
0
10
78.1554849826968
20
49.8434600254866
30
0
0
VERTEX
8
0
10
78.6871549485655
20
50.1850278861478
30
0
0
VERTEX
8
0
10
79.2188249144342
20
50.5282065158067
30
0
0
VERTEX
8
0
10
79.7504948803028
20
50.8695193877743
30
0
0
VERTEX
8
0
10
80.2821648461715
20
51.2132828872297
30
0
0
VERTEX
8
0
10
80.8138348120402
20
51.5549886583246
30
0
0
VERTEX
8
0
10
81.3455047779089
20
51.9001635956876
30
0
0
VERTEX
8
0
10
81.8771747437776
20
52.2434822043841
30
0
0
VERTEX
8
0
10
82.4088447096463
20
52.6043077026935
30
0
0
VERTEX
8
0
10
82.9405146755149
20
52.9396522084163
30
0
0
VERTEX
8
0
10
83.4721846413836
20
53.3072045507452
30
0
0
VERTEX
8
0
10
84.0038546072523
20
53.6525657393653
30
0
0
VERTEX
8
0
10
84.535524573121
20
54.0190100142859
30
0
0
VERTEX
8
0
10
85.0671945389897
20
54.3504717751843
30
0
0
VERTEX
8
0
10
85.5988645048584
20
54.6973395505603
30
0
0
VERTEX
8
0
10
86.1305344707271
20
55.0144167233585
30
0
0
VERTEX
8
0
10
86.6622044365958
20
55.3480579157745
30
0
0
VERTEX
8
0
10
87.1938744024645
20
55.6553004824534
30
0
0
VERTEX
8
0
10
87.7255443683332
20
55.9786614388737
30
0
0
VERTEX
8
0
10
88.2572143342018
20
56.2779586024521
30
0
0
VERTEX
8
0
10
88.7888843000705
20
56.5924858564907
30
0
0
VERTEX
8
0
10
89.3205542659392
20
56.8848468992862
30
0
0
VERTEX
8
0
10
89.8522242318079
20
57.1914171159417
30
0
0
VERTEX
8
0
10
90.3838941976766
20
57.4774685639555
30
0
0
VERTEX
8
0
10
90.9155641635453
20
57.7766784531855
30
0
0
VERTEX
8
0
10
91.447234129414
20
58.0568441628013
30
0
0
VERTEX
8
0
10
91.9789040952827
20
58.3491298015458
30
0
0
VERTEX
8
0
10
92.5105740611514
20
58.6237125013811
30
0
0
VERTEX
8
0
10
93.0422440270201
20
58.9094079570709
30
0
0
VERTEX
8
0
10
93.5739139928888
20
59.1786317749479
30
0
0
VERTEX
8
0
10
94.1055839587575
20
59.4580014931055
30
0
0
VERTEX
8
0
10
94.6372539246262
20
59.7220363986637
30
0
0
VERTEX
8
0
10
95.1689238904949
20
59.9952946633814
30
0
0
VERTEX
8
0
10
95.7005938563636
20
60.2575169399113
30
0
0
VERTEX
8
0
10
96.2322638222323
20
60.5215949432686
30
0
0
VERTEX
8
0
10
96.763933788101
20
60.7789142486882
30
0
0
VERTEX
8
0
10
97.2956037539697
20
61.0371512364702
30
0
0
VERTEX
8
0
10
97.8272737198383
20
61.2896403123245
30
0
0
VERTEX
8
0
10
98.358943685707
20
61.5421664210877
30
0
0
VERTEX
8
0
10
98.8906136515757
20
61.7898805998511
30
0
0
VERTEX
8
0
10
99.4222836174444
20
62.0368062899387
30
0
0
VERTEX
8
0
10
99.9539535833131
20
62.2797868475938
30
0
0
VERTEX
8
0
10
100.485623549182
20
62.5212060987981
30
0
0
VERTEX
8
0
10
101.017293515051
20
62.7594827275013
30
0
0
VERTEX
8
0
10
101.548963480919
20
62.9954754723632
30
0
0
VERTEX
8
0
10
102.080633446788
20
63.229068137414
30
0
0
VERTEX
8
0
10
102.612303412657
20
63.4597021489258
30
0
0
VERTEX
8
0
10
103.143973378525
20
63.6886225036323
30
0
0
VERTEX
8
0
10
103.675643344394
20
63.9139548823723
30
0
0
VERTEX
8
0
10
104.207313310263
20
64.1382073580662
30
0
0
VERTEX
8
0
10
104.738983276131
20
64.3582857184198
30
0
0
VERTEX
8
0
10
105.270653242
20
64.5778683706863
30
0
0
VERTEX
8
0
10
105.802323207869
20
64.7927317962977
30
0
0
VERTEX
8
0
10
106.333993173737
20
65.007636964785
30
0
0
VERTEX
8
0
10
106.865663139606
20
65.2173167834225
30
0
0
VERTEX
8
0
10
107.397333105475
20
65.4275316062929
30
0
0
VERTEX
8
0
10
107.929003071344
20
65.6320520208491
30
0
0
VERTEX
8
0
10
108.460673037212
20
65.8450123103402
30
0
0
VERTEX
8
0
10
108.992343003081
20
66.036937436642
30
0
0
VERTEX
8
0
10
109.52401296895
20
66.244470076288
30
0
0
VERTEX
8
0
10
110.055682934818
20
66.4319622694784
30
0
0
VERTEX
8
0
10
110.587352900687
20
66.6340812744812
30
0
0
VERTEX
8
0
10
111.119022866556
20
66.8171056341914
30
0
0
VERTEX
8
0
10
111.650692832424
20
67.0138189750057
30
0
0
VERTEX
8
0
10
112.182362798293
20
67.192336952858
30
0
0
VERTEX
8
0
10
112.714032764162
20
67.3836467924914
30
0
0
VERTEX
8
0
10
113.24570273003
20
67.5576162692414
30
0
0
VERTEX
8
0
10
113.777372695899
20
67.7435191427283
30
0
0
VERTEX
8
0
10
114.309042661768
20
67.9128944594638
30
0
0
VERTEX
8
0
10
114.840712627637
20
68.0933814009587
30
0
0
VERTEX
8
0
10
115.372382593505
20
68.2581133482689
30
0
0
VERTEX
8
0
10
115.904052559374
20
68.4331699695147
30
0
0
VERTEX
8
0
10
116.435722525243
20
68.5932057369889
30
0
0
VERTEX
8
0
10
116.967392491111
20
68.7628122595618
30
0
0
VERTEX
8
0
10
117.49906245698
20
68.9180953467779
30
0
0
VERTEX
8
0
10
118.030732422849
20
69.0822265892092
30
0
0
VERTEX
8
0
10
118.562402388717
20
69.2326966782531
30
0
0
VERTEX
8
0
10
119.094072354586
20
69.3913219980533
30
0
0
VERTEX
8
0
10
119.625742320455
20
69.5369147864138
30
0
0
VERTEX
8
0
10
120.157412286324
20
69.6899979758119
30
0
0
VERTEX
8
0
10
120.689082252192
20
69.83384430455
30
0
0
VERTEX
8
0
10
121.220752218061
20
69.9781441005704
30
0
0
VERTEX
8
0
10
121.75242218393
20
70.1170091028537
30
0
0
VERTEX
8
0
10
122.284092149798
20
70.2556395796254
30
0
0
VERTEX
8
0
10
122.815762115667
20
70.3894343523459
30
0
0
VERTEX
8
0
10
123.347432081536
20
70.5223526831626
30
0
0
VERTEX
8
0
10
123.879102047404
20
70.6509834851155
30
0
0
VERTEX
8
0
10
124.410772013273
20
70.7781400578084
30
0
0
VERTEX
8
0
10
124.942441979142
20
70.9015078552696
30
0
0
VERTEX
8
0
10
125.47411194501
20
71.0228459031604
30
0
0
VERTEX
8
0
10
126.005781910879
20
71.1408458425117
30
0
0
VERTEX
8
0
10
126.537451876748
20
71.2563009896872
30
0
0
VERTEX
8
0
10
127.069121842617
20
71.3688217838528
30
0
0
VERTEX
8
0
10
127.600791808485
20
71.4783214903376
30
0
0
VERTEX
8
0
10
128.132461774354
20
71.5852447021797
30
0
0
VERTEX
8
0
10
128.664131740223
20
71.6887075905046
30
0
0
VERTEX
8
0
10
129.195801706091
20
71.7899067916966
30
0
0
VERTEX
8
0
10
129.72747167196
20
71.8872418309885
30
0
0
VERTEX
8
0
10
130.259141637829
20
71.9825816087297
30
0
0
VERTEX
8
0
10
130.790811603697
20
72.073687125347
30
0
0
VERTEX
8
0
10
131.322481569566
20
72.1630219010992
30
0
0
VERTEX
8
0
10
131.854151535435
20
72.2477843752841
30
0
0
VERTEX
8
0
10
132.385821501303
20
72.3309569885881
30
0
0
VERTEX
8
0
10
132.917491467172
20
72.4092495835693
30
0
0
VERTEX
8
0
10
133.449161433041
20
72.4895789811559
30
0
0
VERTEX
8
0
10
133.98083139891
20
72.5577703305231
30
0
0
VERTEX
8
0
10
134.512501364778
20
72.6311745436091
30
0
0
VERTEX
8
0
10
135.044171330647
20
72.6930014330833
30
0
0
VERTEX
8
0
10
135.575841296516
20
72.7593049463463
30
0
0
VERTEX
8
0
10
136.107511262384
20
72.8145595379327
30
0
0
VERTEX
8
0
10
136.639181228253
20
72.8735648131289
30
0
0
VERTEX
8
0
10
137.170851194122
20
72.9220163014333
30
0
0
VERTEX
8
0
10
137.70252115999
20
72.9734997091295
30
0
0
VERTEX
8
0
10
138.234191125859
20
73.0148896610671
30
0
0
VERTEX
8
0
10
138.765861091728
20
73.0585962043482
30
0
0
VERTEX
8
0
10
139.297531057597
20
73.0926324756192
30
0
0
VERTEX
8
0
10
139.829201023465
20
73.1282688206683
30
0
0
VERTEX
8
0
10
140.360870989334
20
73.1546174512688
30
0
0
VERTEX
8
0
10
140.892540955203
20
73.1818425223389
30
0
0
VERTEX
8
0
10
141.424210921071
20
73.2001166812261
30
0
0
VERTEX
8
0
10
141.95588088694
20
73.2185286446051
30
0
0
VERTEX
8
0
10
142.487550852809
20
73.2282731231812
30
0
0
VERTEX
8
0
10
143.019220818677
20
73.2373908239075
30
0
0
VERTEX
8
0
10
143.550890784546
20
73.2380595503752
30
0
0
VERTEX
8
0
10
144.082560750415
20
73.2372950574658
30
0
0
VERTEX
8
0
10
144.614230716283
20
73.2282171447389
30
0
0
VERTEX
8
0
10
145.145900682152
20
73.2168332861594
30
0
0
VERTEX
8
0
10
145.677570648021
20
73.1971591217989
30
0
0
VERTEX
8
0
10
146.20924061389
20
73.1741999861019
30
0
0
VERTEX
8
0
10
146.740910579758
20
73.1435766879853
30
0
0
VERTEX
8
0
10
147.272580545627
20
73.1069785360985
30
0
0
VERTEX
8
0
10
147.804250511496
20
73.0629600077046
30
0
0
VERTEX
8
0
10
148.335920477364
20
73.0117363458078
30
0
0
VERTEX
8
0
10
148.867590443233
20
72.9519674902527
30
0
0
VERTEX
8
0
10
149.399260409102
20
72.8831706506551
30
0
0
VERTEX
8
0
10
149.93093037497
20
72.8037488801691
30
0
0
VERTEX
8
0
10
150.462600340839
20
72.7122469968179
30
0
0
VERTEX
8
0
10
150.994270306708
20
72.606515432471
30
0
0
VERTEX
8
0
10
151.525940272576
20
72.4853875730802
30
0
0
VERTEX
8
0
10
152.057610238445
20
72.3519225651473
30
0
0
VERTEX
8
0
10
152.589280204314
20
72.2162888944549
30
0
0
VERTEX
8
0
10
153.120950170183
20
72.0886107099166
30
0
0
VERTEX
8
0
10
153.652620136051
20
71.9720206290607
30
0
0
VERTEX
8
0
10
154.18429010192
20
71.8654298871705
30
0
0
SEQEND
8
0
0
POLYLINE
8
0
62
4
70
0
10
0
20
0
30
0
0
VERTEX
8
0
10
12.7600791808485
20
7.35241144549852
30
0
0
VERTEX
8
0
10
13.2917491467172
20
7.69062169963127
30
0
0
VERTEX
8
0
10
13.8234191125859
20
8.01181682176139
30
0
0
VERTEX
8
0
10
14.3550890784545
20
8.31327165923228
30
0
0
VERTEX
8
0
10
14.8867590443232
20
8.63562185073733
30
0
0
VERTEX
8
0
10
15.4184290101919
20
8.93807296217529
30
0
0
VERTEX
8
0
10
15.9500989760606
20
9.26574417540877
30
0
0
VERTEX
8
0
10
16.4817689419293
20
9.5728515085045
30
0
0
VERTEX
8
0
10
17.013438907798
20
9.90102018146476
30
0
0
VERTEX
8
0
10
17.5451088736667
20
10.2090166205962
30
0
0
VERTEX
8
0
10
18.0767788395354
20
10.5381472023487
30
0
0
VERTEX
8
0
10
18.608448805404
20
10.842662254896
30
0
0
VERTEX
8
0
10
19.1401187712727
20
11.1690336929917
30
0
0
VERTEX
8
0
10
19.6717887371414
20
11.4828670113532
30
0
0
VERTEX
8
0
10
20.2034587030101
20
11.8022779109263
30
0
0
VERTEX
8
0
10
20.7351286688788
20
12.1174129137736
30
0
0
VERTEX
8
0
10
21.2667986347475
20
12.4382524218704
30
0
0
VERTEX
8
0
10
21.7984686006162
20
12.7555562762163
30
0
0
VERTEX
8
0
10
22.3301385664849
20
13.0764808335754
30
0
0
VERTEX
8
0
10
22.8618085323535
20
13.3949982340029
30
0
0
VERTEX
8
0
10
23.3934784982222
20
13.7161472982183
30
0
0
VERTEX
8
0
10
23.9251484640909
20
14.0425712976554
30
0
0
VERTEX
8
0
10
24.4568184299596
20
14.3693226809453
30
0
0
VERTEX
8
0
10
24.9884883958283
20
14.6955656174852
30
0
0
VERTEX
8
0
10
25.520158361697
20
15.022434532985
30
0
0
VERTEX
8
0
10
26.0518283275656
20
15.349756630294
30
0
0
VERTEX
8
0
10
26.5834982934343
20
15.6778537238528
30
0
0
VERTEX
8
0
10
27.115168259303
20
16.007122651687
30
0
0
VERTEX
8
0
10
27.6468382251717
20
16.3350006546088
30
0
0
VERTEX
8
0
10
28.1785081910404
20
16.665268218208
30
0
0
VERTEX
8
0
10
28.7101781569091
20
16.9931307982606
30
0
0
VERTEX
8
0
10
29.2418481227778
20
17.3362639624228
30
0
0
VERTEX
8
0
10
29.7735180886464
20
17.6732110242108
30
0
0
VERTEX
8
0
10
30.3051880545151
20
18.0145171031554
30
0
0
VERTEX
8
0
10
30.8368580203838
20
18.35141307968
30
0
0
VERTEX
8
0
10
31.3685279862525
20
18.6936374795417
30
0
0
VERTEX
8
0
10
31.9001979521212
20
19.0341529411156
30
0
0
VERTEX
8
0
10
32.4318679179899
20
19.3891964534498
30
0
0
VERTEX
8
0
10
32.9635378838586
20
19.7194906735503
30
0
0
VERTEX
8
0
10
33.4952078497272
20
20.074829622208
30
0
0
VERTEX
8
0
10
34.0268778155959
20
20.4055106932752
30
0
0
VERTEX
8
0
10
34.5585477814646
20
20.7675407671922
30
0
0
VERTEX
8
0
10
35.0902177473333
20
21.1032811557172
30
0
0
VERTEX
8
0
10
35.621887713202
20
21.4638099196834
30
0
0
VERTEX
8
0
10
36.1535576790707
20
21.7998922212173
30
0
0
VERTEX
8
0
10
36.6852276449393
20
22.1606234690976
30
0
0
VERTEX
8
0
10
37.216897610808
20
22.4983376898616
30
0
0
VERTEX
8
0
10
37.7485675766767
20
22.8601819838405
30
0
0
VERTEX
8
0
10
38.2802375425454
20
23.1977591376984
30
0
0
VERTEX
8
0
10
38.8119075084141
20
23.5597213788014
30
0
0
VERTEX
8
0
10
39.3435774742828
20
23.8974998297727
30
0
0
VERTEX
8
0
10
39.8752474401515
20
24.2678949397657
30
0
0
VERTEX
8
0
10
40.4069174060201
20
24.6116703322837
30
0
0
VERTEX
8
0
10
40.9385873718888
20
24.9795932235903
30
0
0
VERTEX
8
0
10
41.4702573377575
20
25.3235432666419
30
0
0
VERTEX
8
0
10
42.0019273036262
20
25.6915034030509
30
0
0
VERTEX
8
0
10
42.5335972694949
20
26.0384792828456
30
0
0
VERTEX
8
0
10
43.0652672353636
20
26.408406535251
30
0
0
VERTEX
8
0
10
43.5969372012323
20
26.7545476357986
30
0
0
VERTEX
8
0
10
44.1286071671009
20
27.1244371020484
30
0
0
VERTEX
8
0
10
44.6602771329696
20
27.4719050601053
30
0
0
VERTEX
8
0
10
45.1919470988383
20
27.8178646205717
30
0
0
VERTEX
8
0
10
45.723617064707
20
28.1584071247982
30
0
0
VERTEX
8
0
10
46.2552870305757
20
28.50366353444
30
0
0
VERTEX
8
0
10
46.7869569964444
20
28.8445246576256
30
0
0
VERTEX
8
0
10
47.3186269623131
20
29.1749369748979
30
0
0
VERTEX
8
0
10
47.8502969281817
20
29.4902058915698
30
0
0
VERTEX
8
0
10
48.3819668940504
20
29.8081277424294
30
0
0
VERTEX
8
0
10
48.9136368599191
20
30.1237271842119
30
0
0
VERTEX
8
0
10
49.4453068257878
20
30.4409274782924
30
0
0
VERTEX
8
0
10
49.9769767916565
20
30.7551049387575
30
0
0
VERTEX
8
0
10
50.5086467575252
20
31.0686020244527
30
0
0
VERTEX
8
0
10
51.0403167233939
20
31.3817987732287
30
0
0
VERTEX
8
0
10
51.5719866892625
20
31.6945124965563
30
0
0
VERTEX
8
0
10
52.1036566551312
20
32.007925765737
30
0
0
VERTEX
8
0
10
52.6353266209999
20
32.2966998357328
30
0
0
VERTEX
8
0
10
53.1669965868686
20
32.5728357069418
30
0
0
VERTEX
8
0
10
53.6986665527373
20
32.8467589752275
30
0
0
VERTEX
8
0
10
54.230336518606
20
33.1237383642927
30
0
0
VERTEX
8
0
10
54.7620064844746
20
33.3974364758847
30
0
0
VERTEX
8
0
10
55.2936764503433
20
33.6781857064711
30
0
0
VERTEX
8
0
10
55.825346416212
20
33.9561843599038
30
0
0
VERTEX
8
0
10
56.3570163820807
20
34.2391448824764
30
0
0
VERTEX
8
0
10
56.8886863479494
20
34.5166330106468
30
0
0
VERTEX
8
0
10
57.4203563138181
20
34.8093976319628
30
0
0
VERTEX
8
0
10
57.9520262796868
20
35.0991230065301
30
0
0
VERTEX
8
0
10
58.4836962455554
20
35.4240859382311
30
0
0
VERTEX
8
0
10
59.0153662114241
20
35.7236909026052
30
0
0
VERTEX
8
0
10
59.5470361772928
20
36.0479319824941
30
0
0
VERTEX
8
0
10
60.0787061431615
20
36.3469133573158
30
0
0
VERTEX
8
0
10
60.6103761090302
20
36.6716715210357
30
0
0
VERTEX
8
0
10
61.1420460748989
20
36.9717816146131
30
0
0
VERTEX
8
0
10
61.6737160407676
20
37.2962332873929
30
0
0
VERTEX
8
0
10
62.2053860066362
20
37.5956264583605
30
0
0
VERTEX
8
0
10
62.7370559725049
20
37.919212282205
30
0
0
VERTEX
8
0
10
63.2687259383736
20
38.2365960354621
30
0
0
VERTEX
8
0
10
63.8003959042423
20
38.5843564110371
30
0
0
VERTEX
8
0
10
64.332065870111
20
38.9073307173097
30
0
0
VERTEX
8
0
10
64.8637358359797
20
39.2541798711534
30
0
0
VERTEX
8
0
10
65.3954058018483
20
39.5763846246723
30
0
0
VERTEX
8
0
10
65.927075767717
20
39.9279466051079
30
0
0
VERTEX
8
0
10
66.4587457335857
20
40.2566254415184
30
0
0
VERTEX
8
0
10
66.9904156994544
20
40.6088364281872
30
0
0
VERTEX
8
0
10
67.5220856653231
20
40.9367360702643
30
0
0
VERTEX
8
0
10
68.0537556311918
20
41.2879715441045
30
0
0
VERTEX
8
0
10
68.5854255970605
20
41.6285598608781
30
0
0
VERTEX
8
0
10
69.1170955629291
20
41.9954423625245
30
0
0
VERTEX
8
0
10
69.6487655287978
20
42.3384530096533
30
0
0
VERTEX
8
0
10
70.1804354946665
20
42.7044937224075
30
0
0
VERTEX
8
0
10
70.7121054605352
20
43.0559379688134
30
0
0
VERTEX
8
0
10
71.2437754264039
20
43.4199739257144
30
0
0
VERTEX
8
0
10
71.7754453922726
20
43.780604866601
30
0
0
VERTEX
8
0
10
72.3071153581412
20
44.1448571890764
30
0
0
VERTEX
8
0
10
72.8387853240099
20
44.5052879894403
30
0
0
VERTEX
8
0
10
73.3704552898786
20
44.8682953739101
30
0
0
VERTEX
8
0
10
73.9021252557473
20
45.2378429239302
30
0
0
VERTEX
8
0
10
74.433795221616
20
45.6102782807228
30
0
0
VERTEX
8
0
10
74.9654651874847
20
45.9809415032737
30
0
0
VERTEX
8
0
10
75.4971351533534
20
46.3522436193342
30
0
0
VERTEX
8
0
10
76.028805119222
20
46.722717623652
30
0
0
VERTEX
8
0
10
76.5604750850907
20
47.1028455193437
30
0
0
VERTEX
8
0
10
77.0921450509594
20
47.4840904393191
30
0
0
VERTEX
8
0
10
77.6238150168281
20
47.8641116429565
30
0
0
VERTEX
8
0
10
78.1554849826968
20
48.2452574594413
30
0
0
VERTEX
8
0
10
78.6871549485655
20
48.6242129698606
30
0
0
VERTEX
8
0
10
79.2188249144342
20
48.9935283451656
30
0
0
VERTEX
8
0
10
79.7504948803028
20
49.3589904173579
30
0
0
VERTEX
8
0
10
80.2821648461715
20
49.7272200703767
30
0
0
VERTEX
8
0
10
80.8138348120402
20
50.0912663700554
30
0
0
VERTEX
8
0
10
81.3455047779089
20
50.4589403103298
30
0
0
VERTEX
8
0
10
81.8771747437776
20
50.7948423589033
30
0
0
VERTEX
8
0
10
82.4088447096463
20
51.142952531722
30
0
0
VERTEX
8
0
10
82.9405146755149
20
51.4682830125042
30
0
0
VERTEX
8
0
10
83.4721846413836
20
51.8148140722474
30
0
0
VERTEX
8
0
10
84.0038546072523
20
52.1386327500248
30
0
0
VERTEX
8
0
10
84.535524573121
20
52.4775323328709
30
0
0
VERTEX
8
0
10
85.0671945389897
20
52.7934778508203
30
0
0
VERTEX
8
0
10
85.5988645048584
20
53.1291544379731
30
0
0
VERTEX
8
0
10
86.1305344707271
20
53.4420977567369
30
0
0
VERTEX
8
0
10
86.6622044365958
20
53.7744005179401
30
0
0
VERTEX
8
0
10
87.1938744024645
20
54.0642348359686
30
0
0
VERTEX
8
0
10
87.7255443683332
20
54.3740343375869
30
0
0
VERTEX
8
0
10
88.2572143342018
20
54.6618019001882
30
0
0
VERTEX
8
0
10
88.7888843000705
20
54.9681811829158
30
0
0
VERTEX
8
0
10
89.3205542659392
20
55.2528900286889
30
0
0
VERTEX
8
0
10
89.8522242318079
20
55.5535535290847
30
0
0
VERTEX
8
0
10
90.3838941976766
20
55.8330845731597
30
0
0
VERTEX
8
0
10
90.9155641635453
20
56.1305434294765
30
0
0
VERTEX
8
0
10
91.447234129414
20
56.4070370899141
30
0
0
VERTEX
8
0
10
91.9789040952827
20
56.7011216882407
30
0
0
VERTEX
8
0
10
92.5105740611514
20
56.9865787321679
30
0
0
VERTEX
8
0
10
93.0422440270201
20
57.2880226017119
30
0
0
VERTEX
8
0
10
93.5739139928888
20
57.5692278565708
30
0
0
VERTEX
8
0
10
94.1055839587575
20
57.8673699218728
30
0
0
VERTEX
8
0
10
94.6372539246262
20
58.1456236119146
30
0
0
VERTEX
8
0
10
95.1689238904949
20
58.4429653906444
30
0
0
VERTEX
8
0
10
95.7005938563636
20
58.7273161318173
30
0
0
VERTEX
8
0
10
96.2322638222323
20
59.0141839824797
30
0
0
VERTEX
8
0
10
96.763933788101
20
59.2958558694541
30
0
0
VERTEX
8
0
10
97.2956037539697
20
59.5792269270653
30
0
0
VERTEX
8
0
10
97.8272737198383
20
59.8646733408406
30
0
0
VERTEX
8
0
10
98.358943685707
20
60.1500249517948
30
0
0
VERTEX
8
0
10
98.8906136515757
20
60.4317961194528
30
0
0
VERTEX
8
0
10
99.4222836174444
20
60.7137317861206
30
0
0
VERTEX
8
0
10
99.9539535833131
20
60.9928425514155
30
0
0
VERTEX
8
0
10
100.485623549182
20
61.272723769054
30
0
0
VERTEX
8
0
10
101.017293515051
20
61.5502678665359
30
0
0
VERTEX
8
0
10
101.548963480919
20
61.8265363391908
30
0
0
VERTEX
8
0
10
102.080633446788
20
62.1014101529865
30
0
0
VERTEX
8
0
10
102.612303412657
20
62.37432704933
30
0
0
VERTEX
8
0
10
103.143973378525
20
62.6395563993281
30
0
0
VERTEX
8
0
10
103.675643344394
20
62.9035716736333
30
0
0
VERTEX
8
0
10
104.207313310263
20
63.1674846933036
30
0
0
VERTEX
8
0
10
104.738983276131
20
63.4281380731412
30
0
0
VERTEX
8
0
10
105.270653242
20
63.6893038697261
30
0
0
VERTEX
8
0
10
105.802323207869
20
63.9422815190639
30
0
0
VERTEX
8
0
10
106.333993173737
20
64.1973189239799
30
0
0
VERTEX
8
0
10
106.865663139606
20
64.4479101417933
30
0
0
VERTEX
8
0
10
107.397333105475
20
64.7001487326008
30
0
0
VERTEX
8
0
10
107.929003071344
20
64.947393529727
30
0
0
VERTEX
8
0
10
108.460673037212
20
65.1975721002212
30
0
0
VERTEX
8
0
10
108.992343003081
20
65.4328551422981
30
0
0
VERTEX
8
0
10
109.52401296895
20
65.6808573506408
30
0
0
VERTEX
8
0
10
110.055682934818
20
65.9132102634306
30
0
0
VERTEX
8
0
10
110.587352900687
20
66.1579379560329
30
0
0
VERTEX
8
0
10
111.119022866556
20
66.3796445938022
30
0
0
VERTEX
8
0
10
111.650692832424
20
66.6153963071163
30
0
0
VERTEX
8
0
10
112.182362798293
20
66.8361570181636
30
0
0
VERTEX
8
0
10
112.714032764162
20
67.0685908719958
30
0
0
VERTEX
8
0
10
113.24570273003
20
67.2863688778604
30
0
0
VERTEX
8
0
10
113.777372695899
20
67.5059319857338
30
0
0
VERTEX
8
0
10
114.309042661768
20
67.7138389250313
30
0
0
VERTEX
8
0
10
114.840712627637
20
67.9327190753891
30
0
0
VERTEX
8
0
10
115.372382593505
20
68.1375897460927
30
0
0
VERTEX
8
0
10
115.904052559374
20
68.3530924503815
30
0
0
VERTEX
8
0
10
116.435722525243
20
68.5336170783507
30
0
0
VERTEX
8
0
10
116.967392491111
20
68.730762129664
30
0
0
VERTEX
8
0
10
117.49906245698
20
68.9145245832944
30
0
0
VERTEX
8
0
10
118.030732422849
20
69.1082140465526
30
0
0
VERTEX
8
0
10
118.562402388717
20
69.2888454258566
30
0
0
VERTEX
8
0
10
119.094072354586
20
69.4656088642472
30
0
0
VERTEX
8
0
10
119.625742320455
20
69.6338616888539
30
0
0
VERTEX
8
0
10
120.157412286324
20
69.8113527053649
30
0
0
VERTEX
8
0
10
120.689082252192
20
69.9804326115901
30
0
0
VERTEX
8
0
10
121.220752218061
20
70.1503834894545
30
0
0
VERTEX
8
0
10
121.75242218393
20
70.2870532554526
30
0
0
VERTEX
8
0
10
122.284092149798
20
70.4337445498263
30
0
0
VERTEX
8
0
10
122.815762115667
20
70.5769350761247
30
0
0
VERTEX
8
0
10
123.347432081536
20
70.7199666225918
30
0
0
VERTEX
8
0
10
123.879102047404
20
70.8526650709362
30
0
0
VERTEX
8
0
10
124.410772013273
20
70.978206499075
30
0
0
VERTEX
8
0
10
124.942441979142
20
71.1011504895237
30
0
0
VERTEX
8
0
10
125.47411194501
20
71.2230251303022
30
0
0
VERTEX
8
0
10
126.005781910879
20
71.3427054883408
30
0
0
VERTEX
8
0
10
126.537451876748
20
71.4486466876714
30
0
0
VERTEX
8
0
10
127.069121842617
20
71.5432298733431
30
0
0
VERTEX
8
0
10
127.600791808485
20
71.6359676366943
30
0
0
VERTEX
8
0
10
128.132461774354
20
71.7272704897886
30
0
0
VERTEX
8
0
10
128.664131740223
20
71.8163581979102
30
0
0
VERTEX
8
0
10
129.195801706091
20
71.9009313138511
30
0
0
VERTEX
8
0
10
129.72747167196
20
71.9806506403575
30
0
0
VERTEX
8
0
10
130.259141637829
20
72.0595524407522
30
0
0
VERTEX
8
0
10
130.790811603697
20
72.1355970023217
30
0
0
VERTEX
8
0
10
131.322481569566
20
72.2110814422357
30
0
0
VERTEX
8
0
10
131.854151535435
20
72.2777199682617
30
0
0
VERTEX
8
0
10
132.385821501303
20
72.3406873031147
30
0
0
VERTEX
8
0
10
132.917491467172
20
72.4002787358284
30
0
0
VERTEX
8
0
10
133.449161433041
20
72.4622867518755
30
0
0
VERTEX
8
0
10
133.98083139891
20
72.5156385599267
30
0
0
VERTEX
8
0
10
134.512501364778
20
72.564890962474
30
0
0
VERTEX
8
0
10
135.044171330647
20
72.6013175419066
30
0
0
VERTEX
8
0
10
135.575841296516
20
72.6422482843501
30
0
0
VERTEX
8
0
10
136.107511262384
20
72.6752374053425
30
0
0
VERTEX
8
0
10
136.639181228253
20
72.7123413205036
30
0
0
VERTEX
8
0
10
137.170851194122
20
72.7371888067971
30
0
0
VERTEX
8
0
10
137.70252115999
20
72.7637587738152
30
0
0
VERTEX
8
0
10
138.234191125859
20
72.7830896051492
30
0
0
VERTEX
8
0
10
138.765861091728
20
72.8057709870209
30
0
0
VERTEX
8
0
10
139.297531057597
20
72.8215547943706
30
0
0
VERTEX
8
0
10
139.829201023465
20
72.8330495786957
30
0
0
VERTEX
8
0
10
140.360870989334
20
72.8353658374391
30
0
0
VERTEX
8
0
10
140.892540955203
20
72.8402672016504
30
0
0
VERTEX
8
0
10
141.424210921071
20
72.8390072673157
30
0
0
VERTEX
8
0
10
141.95588088694
20
72.839919127862
30
0
0
VERTEX
8
0
10
142.487550852809
20
72.8333580946718
30
0
0
VERTEX
8
0
10
143.019220818677
20
72.8280483944588
30
0
0
VERTEX
8
0
10
143.550890784546
20
72.8172927157494
30
0
0
VERTEX
8
0
10
144.082560750415
20
72.8078765347769
30
0
0
VERTEX
8
0
10
144.614230716283
20
72.7933727730205
30
0
0
VERTEX
8
0
10
145.145900682152
20
72.7703496270675
30
0
0
VERTEX
8
0
10
145.677570648021
20
72.7402803034059
30
0
0
VERTEX
8
0
10
146.20924061389
20
72.7107465286266
30
0
0
VERTEX
8
0
10
146.740910579758
20
72.6777419720584
30
0
0
VERTEX
8
0
10
147.272580545627
20
72.6431746838366
30
0
0
VERTEX
8
0
10
147.804250511496
20
72.6044466637049
30
0
0
VERTEX
8
0
10
148.335920477364
20
72.5636148077248
30
0
0
VERTEX
8
0
10
148.867590443233
20
72.5204988533947
30
0
0
VERTEX
8
0
10
149.399260409102
20
72.4754702739247
30
0
0
VERTEX
8
0
10
149.93093037497
20
72.428229600698
30
0
0
VERTEX
8
0
10
150.462600340839
20
72.3735409707767
30
0
0
VERTEX
8
0
10
150.994270306708
20
72.3159266243662
30
0
0
VERTEX
8
0
10
151.525940272576
20
72.256405252856
30
0
0
VERTEX
8
0
10
152.057610238445
20
72.195290757302
30
0
0
VERTEX
8
0
10
152.589280204314
20
72.1332098216016
30
0
0
VERTEX
8
0
10
153.120950170183
20
72.0785864159607
30
0
0
VERTEX
8
0
10
153.652620136051
20
72.0247819721885
30
0
0
VERTEX
8
0
10
154.18429010192
20
71.9710635325325
30
0
0
SEQEND
8
0
0
ENDSEC
0
EOF
