0
SECTION
2
HEADER
9
$ACADVER
1
AC1009
0
ENDSEC
0
SECTION
2
ENTITIES
0
POLYLINE
8
0
62
0
70
1
10
0
20
0
30
0
0
VERTEX
8
0
10
0
20
0
30
0
0
VERTEX
8
0
10
0
20
108.731
30
0
0
VERTEX
8
0
10
179.2
20
108.731
30
0
0
VERTEX
8
0
10
179.2
20
0
30
0
0
SEQEND
8
0
0
TEXT
8
0
62
0
10
0
20
-12
30
0
40
8
1
0
50
0
0
LINE
8
0
62
0
10
8.96
20
0
30
0
11
8.96
21
3.2
31
0
0
LINE
8
0
62
0
10
8.96
20
108.731
30
0
11
8.96
21
105.531
31
0
0
LINE
8
0
62
0
10
17.92
20
0
30
0
11
17.92
21
3.2
31
0
0
LINE
8
0
62
0
10
17.92
20
108.731
30
0
11
17.92
21
105.531
31
0
0
LINE
8
0
62
0
10
26.88
20
0
30
0
11
26.88
21
3.2
31
0
0
LINE
8
0
62
0
10
26.88
20
108.731
30
0
11
26.88
21
105.531
31
0
0
LINE
8
0
62
0
10
35.84
20
0
30
0
11
35.84
21
3.2
31
0
0
LINE
8
0
62
0
10
35.84
20
108.731
30
0
11
35.84
21
105.531
31
0
0
LINE
8
0
62
0
10
44.8
20
0
30
0
11
44.8
21
6.4
31
0
0
LINE
8
0
62
0
10
44.8
20
108.731
30
0
11
44.8
21
102.331
31
0
0
TEXT
8
0
62
0
10
44.8
20
-12
30
0
40
8
1
10
50
0
0
LINE
8
0
62
0
10
53.76
20
0
30
0
11
53.76
21
3.2
31
0
0
LINE
8
0
62
0
10
53.76
20
108.731
30
0
11
53.76
21
105.531
31
0
0
LINE
8
0
62
0
10
62.72
20
0
30
0
11
62.72
21
3.2
31
0
0
LINE
8
0
62
0
10
62.72
20
108.731
30
0
11
62.72
21
105.531
31
0
0
LINE
8
0
62
0
10
71.68
20
0
30
0
11
71.68
21
3.2
31
0
0
LINE
8
0
62
0
10
71.68
20
108.731
30
0
11
71.68
21
105.531
31
0
0
LINE
8
0
62
0
10
80.64
20
0
30
0
11
80.64
21
3.2
31
0
0
LINE
8
0
62
0
10
80.64
20
108.731
30
0
11
80.64
21
105.531
31
0
0
LINE
8
0
62
0
10
89.6
20
0
30
0
11
89.6
21
6.4
31
0
0
LINE
8
0
62
0
10
89.6
20
108.731
30
0
11
89.6
21
102.331
31
0
0
TEXT
8
0
62
0
10
89.6
20
-12
30
0
40
8
1
20
50
0
0
LINE
8
0
62
0
10
98.56
20
0
30
0
11
98.56
21
3.2
31
0
0
LINE
8
0
62
0
10
98.56
20
108.731
30
0
11
98.56
21
105.531
31
0
0
LINE
8
0
62
0
10
107.52
20
0
30
0
11
107.52
21
3.2
31
0
0
LINE
8
0
62
0
10
107.52
20
108.731
30
0
11
107.52
21
105.531
31
0
0
LINE
8
0
62
0
10
116.48
20
0
30
0
11
116.48
21
3.2
31
0
0
LINE
8
0
62
0
10
116.48
20
108.731
30
0
11
116.48
21
105.531
31
0
0
LINE
8
0
62
0
10
125.44
20
0
30
0
11
125.44
21
3.2
31
0
0
LINE
8
0
62
0
10
125.44
20
108.731
30
0
11
125.44
21
105.531
31
0
0
LINE
8
0
62
0
10
134.4
20
0
30
0
11
134.4
21
6.4
31
0
0
LINE
8
0
62
0
10
134.4
20
108.731
30
0
11
134.4
21
102.331
31
0
0
TEXT
8
0
62
0
10
134.4
20
-12
30
0
40
8
1
30
50
0
0
LINE
8
0
62
0
10
143.36
20
0
30
0
11
143.36
21
3.2
31
0
0
LINE
8
0
62
0
10
143.36
20
108.731
30
0
11
143.36
21
105.531
31
0
0
LINE
8
0
62
0
10
152.32
20
0
30
0
11
152.32
21
3.2
31
0
0
LINE
8
0
62
0
10
152.32
20
108.731
30
0
11
152.32
21
105.531
31
0
0
LINE
8
0
62
0
10
161.28
20
0
30
0
11
161.28
21
3.2
31
0
0
LINE
8
0
62
0
10
161.28
20
108.731
30
0
11
161.28
21
105.531
31
0
0
LINE
8
0
62
0
10
170.24
20
0
30
0
11
170.24
21
3.2
31
0
0
LINE
8
0
62
0
10
170.24
20
108.731
30
0
11
170.24
21
105.531
31
0
0
LINE
8
0
62
0
10
179.2
20
0
30
0
11
179.2
21
6.4
31
0
0
LINE
8
0
62
0
10
179.2
20
108.731
30
0
11
179.2
21
102.331
31
0
0
TEXT
8
0
62
0
10
179.2
20
-12
30
0
40
8
1
40
50
0
0
TEXT
8
0
62
0
10
-4
20
-4
30
0
40
8
1
0
50
0
0
LINE
8
0
62
0
10
0
20
3.1066
30
0
11
3.2
21
3.1066
31
0
0
LINE
8
0
62
0
10
179.2
20
3.1066
30
0
11
176
21
3.1066
31
0
0
LINE
8
0
62
0
10
0
20
6.2132
30
0
11
3.2
21
6.2132
31
0
0
LINE
8
0
62
0
10
179.2
20
6.2132
30
0
11
176
21
6.2132
31
0
0
LINE
8
0
62
0
10
0
20
9.3198
30
0
11
3.2
21
9.3198
31
0
0
LINE
8
0
62
0
10
179.2
20
9.3198
30
0
11
176
21
9.3198
31
0
0
LINE
8
0
62
0
10
0
20
12.4264
30
0
11
3.2
21
12.4264
31
0
0
LINE
8
0
62
0
10
179.2
20
12.4264
30
0
11
176
21
12.4264
31
0
0
LINE
8
0
62
0
10
0
20
15.533
30
0
11
6.4
21
15.533
31
0
0
LINE
8
0
62
0
10
179.2
20
15.533
30
0
11
172.8
21
15.533
31
0
0
TEXT
8
0
62
0
10
-4
20
11.533
30
0
40
8
1
50
50
0
0
LINE
8
0
62
0
10
0
20
18.6396
30
0
11
3.2
21
18.6396
31
0
0
LINE
8
0
62
0
10
179.2
20
18.6396
30
0
11
176
21
18.6396
31
0
0
LINE
8
0
62
0
10
0
20
21.7462
30
0
11
3.2
21
21.7462
31
0
0
LINE
8
0
62
0
10
179.2
20
21.7462
30
0
11
176
21
21.7462
31
0
0
LINE
8
0
62
0
10
0
20
24.8528
30
0
11
3.2
21
24.8528
31
0
0
LINE
8
0
62
0
10
179.2
20
24.8528
30
0
11
176
21
24.8528
31
0
0
LINE
8
0
62
0
10
0
20
27.9594
30
0
11
3.2
21
27.9594
31
0
0
LINE
8
0
62
0
10
179.2
20
27.9594
30
0
11
176
21
27.9594
31
0
0
LINE
8
0
62
0
10
0
20
31.066
30
0
11
6.4
21
31.066
31
0
0
LINE
8
0
62
0
10
179.2
20
31.066
30
0
11
172.8
21
31.066
31
0
0
TEXT
8
0
62
0
10
-4
20
27.066
30
0
40
8
1
100
50
0
0
LINE
8
0
62
0
10
0
20
34.1726
30
0
11
3.2
21
34.1726
31
0
0
LINE
8
0
62
0
10
179.2
20
34.1726
30
0
11
176
21
34.1726
31
0
0
LINE
8
0
62
0
10
0
20
37.2792
30
0
11
3.2
21
37.2792
31
0
0
LINE
8
0
62
0
10
179.2
20
37.2792
30
0
11
176
21
37.2792
31
0
0
LINE
8
0
62
0
10
0
20
40.3858
30
0
11
3.2
21
40.3858
31
0
0
LINE
8
0
62
0
10
179.2
20
40.3858
30
0
11
176
21
40.3858
31
0
0
LINE
8
0
62
0
10
0
20
43.4924
30
0
11
3.2
21
43.4924
31
0
0
LINE
8
0
62
0
10
179.2
20
43.4924
30
0
11
176
21
43.4924
31
0
0
LINE
8
0
62
0
10
0
20
46.599
30
0
11
6.4
21
46.599
31
0
0
LINE
8
0
62
0
10
179.2
20
46.599
30
0
11
172.8
21
46.599
31
0
0
TEXT
8
0
62
0
10
-4
20
42.599
30
0
40
8
1
150
50
0
0
LINE
8
0
62
0
10
0
20
49.7056
30
0
11
3.2
21
49.7056
31
0
0
LINE
8
0
62
0
10
179.2
20
49.7056
30
0
11
176
21
49.7056
31
0
0
LINE
8
0
62
0
10
0
20
52.8122
30
0
11
3.2
21
52.8122
31
0
0
LINE
8
0
62
0
10
179.2
20
52.8122
30
0
11
176
21
52.8122
31
0
0
LINE
8
0
62
0
10
0
20
55.9188
30
0
11
3.2
21
55.9188
31
0
0
LINE
8
0
62
0
10
179.2
20
55.9188
30
0
11
176
21
55.9188
31
0
0
LINE
8
0
62
0
10
0
20
59.0254
30
0
11
3.2
21
59.0254
31
0
0
LINE
8
0
62
0
10
179.2
20
59.0254
30
0
11
176
21
59.0254
31
0
0
LINE
8
0
62
0
10
0
20
62.132
30
0
11
6.4
21
62.132
31
0
0
LINE
8
0
62
0
10
179.2
20
62.132
30
0
11
172.8
21
62.132
31
0
0
TEXT
8
0
62
0
10
-4
20
58.132
30
0
40
8
1
200
50
0
0
LINE
8
0
62
0
10
0
20
65.2386
30
0
11
3.2
21
65.2386
31
0
0
LINE
8
0
62
0
10
179.2
20
65.2386
30
0
11
176
21
65.2386
31
0
0
LINE
8
0
62
0
10
0
20
68.3452
30
0
11
3.2
21
68.3452
31
0
0
LINE
8
0
62
0
10
179.2
20
68.3452
30
0
11
176
21
68.3452
31
0
0
LINE
8
0
62
0
10
0
20
71.4518
30
0
11
3.2
21
71.4518
31
0
0
LINE
8
0
62
0
10
179.2
20
71.4518
30
0
11
176
21
71.4518
31
0
0
LINE
8
0
62
0
10
0
20
74.5584
30
0
11
3.2
21
74.5584
31
0
0
LINE
8
0
62
0
10
179.2
20
74.5584
30
0
11
176
21
74.5584
31
0
0
LINE
8
0
62
0
10
0
20
77.665
30
0
11
6.4
21
77.665
31
0
0
LINE
8
0
62
0
10
179.2
20
77.665
30
0
11
172.8
21
77.665
31
0
0
TEXT
8
0
62
0
10
-4
20
73.665
30
0
40
8
1
250
50
0
0
LINE
8
0
62
0
10
0
20
80.7716
30
0
11
3.2
21
80.7716
31
0
0
LINE
8
0
62
0
10
179.2
20
80.7716
30
0
11
176
21
80.7716
31
0
0
LINE
8
0
62
0
10
0
20
83.8782
30
0
11
3.2
21
83.8782
31
0
0
LINE
8
0
62
0
10
179.2
20
83.8782
30
0
11
176
21
83.8782
31
0
0
LINE
8
0
62
0
10
0
20
86.9848
30
0
11
3.2
21
86.9848
31
0
0
LINE
8
0
62
0
10
179.2
20
86.9848
30
0
11
176
21
86.9848
31
0
0
LINE
8
0
62
0
10
0
20
90.0914
30
0
11
3.2
21
90.0914
31
0
0
LINE
8
0
62
0
10
179.2
20
90.0914
30
0
11
176
21
90.0914
31
0
0
LINE
8
0
62
0
10
0
20
93.198
30
0
11
6.4
21
93.198
31
0
0
LINE
8
0
62
0
10
179.2
20
93.198
30
0
11
172.8
21
93.198
31
0
0
TEXT
8
0
62
0
10
-4
20
89.198
30
0
40
8
1
300
50
0
0
LINE
8
0
62
0
10
0
20
96.3046
30
0
11
3.2
21
96.3046
31
0
0
LINE
8
0
62
0
10
179.2
20
96.3046
30
0
11
176
21
96.3046
31
0
0
LINE
8
0
62
0
10
0
20
99.4112
30
0
11
3.2
21
99.4112
31
0
0
LINE
8
0
62
0
10
179.2
20
99.4112
30
0
11
176
21
99.4112
31
0
0
LINE
8
0
62
0
10
0
20
102.5178
30
0
11
3.2
21
102.5178
31
0
0
LINE
8
0
62
0
10
179.2
20
102.5178
30
0
11
176
21
102.5178
31
0
0
LINE
8
0
62
0
10
0
20
105.6244
30
0
11
3.2
21
105.6244
31
0
0
LINE
8
0
62
0
10
179.2
20
105.6244
30
0
11
176
21
105.6244
31
0
0
TEXT
8
0
62
0
10
-4
20
104.731
30
0
40
8
1
350
50
0
0
TEXT
8
0
62
0
10
89.6
20
-32
30
0
40
10
1
R (kpc)
50
0
0
TEXT
8
0
62
0
10
-24
20
54.3655
30
0
40
10
1
V (km/s)
50
90
0
TEXT
8
0
62
0
10
72.6
20
123.731
30
0
40
11
1
V vs. R
50
0
0
POLYLINE
8
0
62
6
70
0
10
0
20
0
30
0
0
VERTEX
8
0
10
0.224
20
0.645790883422115
30
0
0
VERTEX
8
0
10
0.672
20
0.586039936205918
30
0
0
VERTEX
8
0
10
1.12
20
0.526288988989722
30
0
0
VERTEX
8
0
10
1.568
20
0.466538041773525
30
0
0
VERTEX
8
0
10
2.016
20
0.406787094557329
30
0
0
VERTEX
8
0
10
2.464
20
0.347036147341132
30
0
0
VERTEX
8
0
10
2.912
20
0.389306838548783
30
0
0
VERTEX
8
0
10
3.36
20
0.404759669725385
30
0
0
VERTEX
8
0
10
3.808
20
0.420212500901986
30
0
0
VERTEX
8
0
10
4.256
20
0.435665332078588
30
0
0
VERTEX
8
0
10
4.704
20
0.62781695544186
30
0
0
VERTEX
8
0
10
5.152
20
0.804353844944258
30
0
0
VERTEX
8
0
10
5.6
20
0.980890734446655
30
0
0
VERTEX
8
0
10
6.048
20
1.15742762394905
30
0
0
VERTEX
8
0
10
6.496
20
1.33396451345145
30
0
0
VERTEX
8
0
10
6.944
20
1.80122207885672
30
0
0
VERTEX
8
0
10
7.392
20
2.21038617392416
30
0
0
VERTEX
8
0
10
7.84
20
2.61955026899159
30
0
0
VERTEX
8
0
10
8.288
20
2.9406420471949
30
0
0
VERTEX
8
0
10
8.736
20
3.24873286877841
30
0
0
VERTEX
8
0
10
9.184
20
3.55682369036193
30
0
0
VERTEX
8
0
10
9.632
20
3.86491451194544
30
0
0
VERTEX
8
0
10
10.08
20
4.17300533352896
30
0
0
VERTEX
8
0
10
10.528
20
3.8264275833969
30
0
0
VERTEX
8
0
10
10.976
20
3.57547360508887
30
0
0
VERTEX
8
0
10
11.424
20
3.32451962678085
30
0
0
VERTEX
8
0
10
11.872
20
3.07356564847282
30
0
0
VERTEX
8
0
10
12.32
20
2.78184552622689
30
0
0
VERTEX
8
0
10
12.768
20
2.50369456504805
30
0
0
VERTEX
8
0
10
13.216
20
2.2255436038692
30
0
0
VERTEX
8
0
10
13.664
20
1.94739264269036
30
0
0
VERTEX
8
0
10
14.112
20
1.61726314360695
30
0
0
VERTEX
8
0
10
14.56
20
1.29716878352017
30
0
0
VERTEX
8
0
10
15.008
20
0.977074423433401
30
0
0
VERTEX
8
0
10
15.456
20
0.472178756724766
30
0
0
VERTEX
8
0
10
15.8965702596683
20
0
30
0
0
SEQEND
8
0
0
POLYLINE
8
0
62
6
70
0
10
0
20
0
30
0
0
VERTEX
8
0
10
15.9671687614096
20
0
30
0
0
VERTEX
8
0
10
16.352
20
0.0485101770622402
30
0
0
VERTEX
8
0
10
16.8
20
0.056965499781515
30
0
0
VERTEX
8
0
10
17.248
20
0.0654208225007898
30
0
0
VERTEX
8
0
10
17.696
20
0.0738761452200646
30
0
0
VERTEX
8
0
10
18.144
20
0.0823314679393394
30
0
0
VERTEX
8
0
10
18.592
20
0.0907867906586141
30
0
0
VERTEX
8
0
10
19.04
20
0.0992421133778889
30
0
0
VERTEX
8
0
10
19.488
20
0.107697436097164
30
0
0
VERTEX
8
0
10
19.936
20
1.74461376717446
30
0
0
VERTEX
8
0
10
20.384
20
2.99298177151286
30
0
0
VERTEX
8
0
10
20.832
20
2.48441682028455
30
0
0
VERTEX
8
0
10
21.28
20
3.40941975095304
30
0
0
VERTEX
8
0
10
21.728
20
4.40909906014708
30
0
0
VERTEX
8
0
10
22.176
20
3.92404095762792
30
0
0
VERTEX
8
0
10
22.624
20
3.47590885350644
30
0
0
VERTEX
8
0
10
23.072
20
4.06647680820484
30
0
0
VERTEX
8
0
10
23.52
20
4.54908061264334
30
0
0
VERTEX
8
0
10
23.968
20
3.83152004890704
30
0
0
VERTEX
8
0
10
24.416
20
3.31936907276822
30
0
0
VERTEX
8
0
10
24.864
20
3.99093312130249
30
0
0
VERTEX
8
0
10
25.312
20
4.50800862605804
30
0
0
VERTEX
8
0
10
25.76
20
3.6138246254003
30
0
0
VERTEX
8
0
10
26.208
20
2.99333401969365
30
0
0
VERTEX
8
0
10
26.656
20
3.62958042656645
30
0
0
VERTEX
8
0
10
27.104
20
3.95323139065419
30
0
0
VERTEX
8
0
10
27.552
20
3.55058497592942
30
0
0
VERTEX
8
0
10
28
20
2.81727789645791
30
0
0
VERTEX
8
0
10
28.448
20
2.86965240411781
30
0
0
VERTEX
8
0
10
28.896
20
2.86965240411781
30
0
0
VERTEX
8
0
10
29.344
20
2.86965240411781
30
0
0
VERTEX
8
0
10
29.792
20
1.18900206942336
30
0
0
VERTEX
8
0
10
30.1978810223558
20
0
30
0
0
SEQEND
8
0
0
POLYLINE
8
0
62
6
70
0
10
0
20
0
30
0
0
VERTEX
8
0
10
30.4278510287952
20
0
30
0
0
VERTEX
8
0
10
30.688
20
0.17087173166692
30
0
0
VERTEX
8
0
10
31.136
20
0.17087173166692
30
0
0
VERTEX
8
0
10
31.584
20
0.17087173166692
30
0
0
VERTEX
8
0
10
32.032
20
0.17087173166692
30
0
0
VERTEX
8
0
10
32.48
20
0.17087173166692
30
0
0
VERTEX
8
0
10
32.928
20
0.17087173166692
30
0
0
VERTEX
8
0
10
33.376
20
0.17087173166692
30
0
0
VERTEX
8
0
10
33.824
20
0.17087173166692
30
0
0
VERTEX
8
0
10
34.2719999999999
20
0.17087173166692
30
0
0
VERTEX
8
0
10
34.7199999999999
20
0.17087173166692
30
0
0
VERTEX
8
0
10
35.168
20
0.17087173166692
30
0
0
VERTEX
8
0
10
35.6159999999999
20
0.17087173166692
30
0
0
VERTEX
8
0
10
36.0639999999999
20
0.17087173166692
30
0
0
VERTEX
8
0
10
36.5119999999999
20
0.17087173166692
30
0
0
VERTEX
8
0
10
36.9599999999999
20
0.17087173166692
30
0
0
VERTEX
8
0
10
37.4079999999999
20
0.17087173166692
30
0
0
VERTEX
8
0
10
37.8559999999999
20
0.17087173166692
30
0
0
VERTEX
8
0
10
38.3039999999999
20
0.17087173166692
30
0
0
VERTEX
8
0
10
38.7519999999999
20
0.17087173166692
30
0
0
VERTEX
8
0
10
39.1999999999999
20
0.17087173166692
30
0
0
VERTEX
8
0
10
39.6479999999999
20
1.25198992733213
30
0
0
VERTEX
8
0
10
40.0959999999999
20
2.11837866196698
30
0
0
VERTEX
8
0
10
40.5439999999999
20
2.98476739660183
30
0
0
VERTEX
8
0
10
40.9919999999999
20
3.85115613123669
30
0
0
VERTEX
8
0
10
41.4399999999999
20
4.71754486587154
30
0
0
VERTEX
8
0
10
41.8879999999999
20
5.58393360050639
30
0
0
VERTEX
8
0
10
42.3359999999999
20
5.7603133058227
30
0
0
VERTEX
8
0
10
42.7839999999999
20
5.54520989584439
30
0
0
VERTEX
8
0
10
43.2319999999999
20
5.33010648586608
30
0
0
VERTEX
8
0
10
43.6799999999999
20
5.11500307588777
30
0
0
VERTEX
8
0
10
44.1279999999999
20
5.19423480251074
30
0
0
VERTEX
8
0
10
44.5759999999999
20
5.28386122333503
30
0
0
VERTEX
8
0
10
45.0239999999999
20
5.37348764415932
30
0
0
VERTEX
8
0
10
45.4719999999999
20
5.46311406498362
30
0
0
VERTEX
8
0
10
45.9199999999999
20
4.44633417144855
30
0
0
VERTEX
8
0
10
46.3679999999999
20
3.68077516024103
30
0
0
VERTEX
8
0
10
46.8159999999999
20
2.91521614903352
30
0
0
VERTEX
8
0
10
47.2639999999999
20
2.71151237452983
30
0
0
VERTEX
8
0
10
47.7119999999999
20
2.67704067421279
30
0
0
VERTEX
8
0
10
48.1599999999999
20
3.03307292083107
30
0
0
VERTEX
8
0
10
48.6079999999999
20
3.45319676844496
30
0
0
VERTEX
8
0
10
49.0559999999999
20
3.65953943020099
30
0
0
VERTEX
8
0
10
49.5039999999999
20
3.65953943020099
30
0
0
VERTEX
8
0
10
49.9519999999999
20
3.65953943020099
30
0
0
VERTEX
8
0
10
50.3999999999999
20
4.08589837217114
30
0
0
VERTEX
8
0
10
50.8479999999999
20
4.57884368670476
30
0
0
VERTEX
8
0
10
51.2959999999999
20
5.75401714067098
30
0
0
VERTEX
8
0
10
51.7439999999999
20
6.73563984493707
30
0
0
VERTEX
8
0
10
52.1919999999999
20
7.71726254920315
30
0
0
VERTEX
8
0
10
52.6399999999999
20
8.30787155744915
30
0
0
VERTEX
8
0
10
53.0879999999999
20
8.49239654149917
30
0
0
VERTEX
8
0
10
53.5359999999999
20
8.67692152554919
30
0
0
VERTEX
8
0
10
53.9839999999999
20
8.87390208757034
30
0
0
VERTEX
8
0
10
54.4319999999999
20
9.06995988312348
30
0
0
VERTEX
8
0
10
54.8799999999999
20
9.40327013342111
30
0
0
VERTEX
8
0
10
55.3279999999999
20
9.78738336552523
30
0
0
VERTEX
8
0
10
55.7759999999999
20
10.0521035771971
30
0
0
VERTEX
8
0
10
56.2239999999999
20
10.2589337790994
30
0
0
VERTEX
8
0
10
56.6719999999999
20
10.2863582151184
30
0
0
VERTEX
8
0
10
57.1199999999999
20
10.2583499586109
30
0
0
VERTEX
8
0
10
57.5679999999999
20
10.2303417021033
30
0
0
VERTEX
8
0
10
58.0159999999999
20
10.1231377083319
30
0
0
VERTEX
8
0
10
58.4639999999999
20
10.0391129388091
30
0
0
VERTEX
8
0
10
58.9119999999999
20
10.4019451113883
30
0
0
VERTEX
8
0
10
59.3599999999999
20
10.7380441894794
30
0
0
VERTEX
8
0
10
59.8079999999999
20
11.083024626229
30
0
0
VERTEX
8
0
10
60.2559999999999
20
11.4315718183235
30
0
0
VERTEX
8
0
10
60.7039999999999
20
11.780119010418
30
0
0
VERTEX
8
0
10
61.1519999999999
20
11.7558814475536
30
0
0
VERTEX
8
0
10
61.5999999999999
20
11.7558814475536
30
0
0
VERTEX
8
0
10
62.0479999999998
20
11.7558814475536
30
0
0
VERTEX
8
0
10
62.4959999999998
20
11.7558814475536
30
0
0
VERTEX
8
0
10
62.9439999999998
20
11.7558814475536
30
0
0
VERTEX
8
0
10
63.3919999999998
20
11.9272241724369
30
0
0
VERTEX
8
0
10
63.8399999999998
20
12.1117491564869
30
0
0
VERTEX
8
0
10
64.2879999999998
20
12.2962741405369
30
0
0
VERTEX
8
0
10
64.7359999999998
20
12.5053273616368
30
0
0
VERTEX
8
0
10
65.1839999999998
20
12.7069868084914
30
0
0
VERTEX
8
0
10
65.6319999999998
20
12.9086462553461
30
0
0
VERTEX
8
0
10
66.0799999999998
20
12.7771867359605
30
0
0
VERTEX
8
0
10
66.5279999999998
20
12.7558471119548
30
0
0
VERTEX
8
0
10
66.9759999999998
20
12.734507487949
30
0
0
VERTEX
8
0
10
67.4239999999998
20
12.7432402301576
30
0
0
VERTEX
8
0
10
67.8719999999998
20
12.7432402301576
30
0
0
VERTEX
8
0
10
68.3199999999998
20
13.2022168815486
30
0
0
VERTEX
8
0
10
68.7679999999998
20
13.5082583185096
30
0
0
VERTEX
8
0
10
69.2159999999998
20
13.8142997554706
30
0
0
VERTEX
8
0
10
69.6639999999998
20
14.1203411924316
30
0
0
VERTEX
8
0
10
70.1119999999998
20
14.4263826293926
30
0
0
VERTEX
8
0
10
70.5599999999998
20
14.7324240663536
30
0
0
VERTEX
8
0
10
71.0079999999998
20
14.1890590140248
30
0
0
VERTEX
8
0
10
71.4559999999998
20
13.9201797515519
30
0
0
VERTEX
8
0
10
71.9039999999998
20
13.651300489079
30
0
0
VERTEX
8
0
10
72.3519999999998
20
13.3824212266061
30
0
0
VERTEX
8
0
10
72.7999999999998
20
13.1135419641332
30
0
0
VERTEX
8
0
10
73.2479999999998
20
13.1006482333433
30
0
0
VERTEX
8
0
10
73.6959999999998
20
13.2569733859438
30
0
0
VERTEX
8
0
10
74.1439999999998
20
13.4132985385443
30
0
0
VERTEX
8
0
10
74.5919999999999
20
13.5696236911448
30
0
0
VERTEX
8
0
10
75.0399999999999
20
13.7259488437454
30
0
0
VERTEX
8
0
10
75.4879999999999
20
13.8822739963459
30
0
0
VERTEX
8
0
10
75.9359999999999
20
14.0385991489464
30
0
0
VERTEX
8
0
10
76.3839999999999
20
13.5114236159045
30
0
0
VERTEX
8
0
10
76.8319999999999
20
13.1362432496632
30
0
0
VERTEX
8
0
10
77.2799999999999
20
12.761062883422
30
0
0
VERTEX
8
0
10
77.7279999999999
20
12.3858825171808
30
0
0
VERTEX
8
0
10
78.1759999999999
20
12.0107021509395
30
0
0
VERTEX
8
0
10
78.6239999999999
20
11.6355217846983
30
0
0
VERTEX
8
0
10
79.0719999999999
20
11.6049158762547
30
0
0
VERTEX
8
0
10
79.5199999999999
20
11.5849988938493
30
0
0
VERTEX
8
0
10
79.9679999999999
20
11.5650819114439
30
0
0
VERTEX
8
0
10
80.4159999999999
20
11.5451649290385
30
0
0
VERTEX
8
0
10
80.8639999999999
20
11.5252479466331
30
0
0
VERTEX
8
0
10
81.312
20
11.5053309642277
30
0
0
VERTEX
8
0
10
81.76
20
11.4854139818223
30
0
0
VERTEX
8
0
10
82.208
20
10.8559996119649
30
0
0
VERTEX
8
0
10
82.656
20
10.387950525438
30
0
0
VERTEX
8
0
10
83.104
20
9.9199014389111
30
0
0
VERTEX
8
0
10
83.552
20
9.45185235238422
30
0
0
VERTEX
8
0
10
84
20
8.98380326585734
30
0
0
VERTEX
8
0
10
84.448
20
8.51575417933045
30
0
0
VERTEX
8
0
10
84.896
20
9.07128891543813
30
0
0
VERTEX
8
0
10
85.344
20
9.96755312368109
30
0
0
VERTEX
8
0
10
85.792
20
10.863817331924
30
0
0
VERTEX
8
0
10
86.24
20
11.760081540167
30
0
0
VERTEX
8
0
10
86.688
20
12.6563457484099
30
0
0
VERTEX
8
0
10
87.136
20
13.5526099566529
30
0
0
VERTEX
8
0
10
87.584
20
14.4488741648959
30
0
0
VERTEX
8
0
10
88.0320000000001
20
15.3451383731388
30
0
0
VERTEX
8
0
10
88.4800000000001
20
15.5125788425857
30
0
0
VERTEX
8
0
10
88.9280000000001
20
15.8300057496717
30
0
0
VERTEX
8
0
10
89.3760000000001
20
16.1474326567578
30
0
0
VERTEX
8
0
10
89.8240000000001
20
16.4648595638438
30
0
0
VERTEX
8
0
10
90.2720000000001
20
16.7822864709299
30
0
0
VERTEX
8
0
10
90.7200000000001
20
17.0997133780159
30
0
0
VERTEX
8
0
10
91.1680000000001
20
17.417140285102
30
0
0
VERTEX
8
0
10
91.6160000000001
20
16.8613668322987
30
0
0
VERTEX
8
0
10
92.0640000000001
20
16.4563243535735
30
0
0
VERTEX
8
0
10
92.5120000000001
20
16.0512818748483
30
0
0
VERTEX
8
0
10
92.9600000000001
20
15.6462393961231
30
0
0
VERTEX
8
0
10
93.4080000000001
20
15.2411969173979
30
0
0
VERTEX
8
0
10
93.8560000000001
20
14.8361544386727
30
0
0
VERTEX
8
0
10
94.3040000000001
20
14.4311119599475
30
0
0
VERTEX
8
0
10
94.7520000000001
20
14.2437320366331
30
0
0
VERTEX
8
0
10
95.2000000000001
20
14.2201461364162
30
0
0
VERTEX
8
0
10
95.6480000000002
20
14.1965602361993
30
0
0
VERTEX
8
0
10
96.0960000000002
20
14.1729743359824
30
0
0
VERTEX
8
0
10
96.5440000000002
20
14.1493884357655
30
0
0
VERTEX
8
0
10
96.9920000000002
20
14.1258025355485
30
0
0
VERTEX
8
0
10
97.4400000000002
20
14.0823042898071
30
0
0
VERTEX
8
0
10
97.8880000000002
20
14.0385840845269
30
0
0
VERTEX
8
0
10
98.3360000000002
20
13.9948638792468
30
0
0
VERTEX
8
0
10
98.7840000000002
20
13.9511436739666
30
0
0
VERTEX
8
0
10
99.2320000000002
20
13.9074234686865
30
0
0
VERTEX
8
0
10
99.6800000000002
20
13.8637032634063
30
0
0
VERTEX
8
0
10
100.128
20
13.7647759794135
30
0
0
VERTEX
8
0
10
100.576
20
13.6639462559862
30
0
0
VERTEX
8
0
10
101.024
20
13.5631165325588
30
0
0
VERTEX
8
0
10
101.472
20
13.4622868091315
30
0
0
VERTEX
8
0
10
101.92
20
13.3614570857042
30
0
0
VERTEX
8
0
10
102.368
20
13.2606273622768
30
0
0
VERTEX
8
0
10
102.816
20
13.1068183334275
30
0
0
VERTEX
8
0
10
103.264
20
12.9574409653871
30
0
0
VERTEX
8
0
10
103.712
20
12.8080635973466
30
0
0
VERTEX
8
0
10
104.16
20
12.6586862293061
30
0
0
VERTEX
8
0
10
104.608
20
12.5093088612656
30
0
0
VERTEX
8
0
10
105.056
20
12.3599314932251
30
0
0
VERTEX
8
0
10
105.504
20
12.2105541251846
30
0
0
VERTEX
8
0
10
105.952
20
12.4300034923635
30
0
0
VERTEX
8
0
10
106.4
20
12.5295884043905
30
0
0
VERTEX
8
0
10
106.848
20
12.6291733164175
30
0
0
VERTEX
8
0
10
107.296
20
12.7287582284445
30
0
0
VERTEX
8
0
10
107.744
20
12.8283431404715
30
0
0
VERTEX
8
0
10
108.192
20
12.9279280524985
30
0
0
VERTEX
8
0
10
108.64
20
13.0275129645255
30
0
0
VERTEX
8
0
10
109.088
20
13.1270978765525
30
0
0
VERTEX
8
0
10
109.536
20
13.2266827885795
30
0
0
VERTEX
8
0
10
109.984
20
12.7070797633477
30
0
0
VERTEX
8
0
10
110.432
20
12.3023152822057
30
0
0
VERTEX
8
0
10
110.88
20
11.8975508010637
30
0
0
VERTEX
8
0
10
111.328
20
11.4927863199217
30
0
0
VERTEX
8
0
10
111.776
20
11.0880218387798
30
0
0
VERTEX
8
0
10
112.224
20
10.6832573576378
30
0
0
VERTEX
8
0
10
112.672
20
10.2784928764958
30
0
0
VERTEX
8
0
10
113.12
20
9.8737283953538
30
0
0
VERTEX
8
0
10
113.568
20
9.46896391421182
30
0
0
VERTEX
8
0
10
114.016
20
10.0461241500097
30
0
0
VERTEX
8
0
10
114.464
20
10.5174355008961
30
0
0
VERTEX
8
0
10
114.912
20
10.9887468517825
30
0
0
VERTEX
8
0
10
115.36
20
11.4600582026689
30
0
0
VERTEX
8
0
10
115.808
20
11.9313695535553
30
0
0
VERTEX
8
0
10
116.256
20
12.4026809044417
30
0
0
VERTEX
8
0
10
116.704
20
12.8739922553281
30
0
0
VERTEX
8
0
10
117.152
20
13.3453036062144
30
0
0
VERTEX
8
0
10
117.6
20
13.7404700891523
30
0
0
VERTEX
8
0
10
118.048
20
14.0851870923227
30
0
0
VERTEX
8
0
10
118.496
20
14.2495099970381
30
0
0
VERTEX
8
0
10
118.944
20
14.3335347665608
30
0
0
VERTEX
8
0
10
119.392
20
14.4175595360836
30
0
0
VERTEX
8
0
10
119.840000000001
20
14.5015843056064
30
0
0
VERTEX
8
0
10
120.288000000001
20
14.5856090751292
30
0
0
VERTEX
8
0
10
120.736000000001
20
14.6974084736409
30
0
0
VERTEX
8
0
10
121.184000000001
20
14.8094414996713
30
0
0
VERTEX
8
0
10
121.632000000001
20
14.9214745257016
30
0
0
VERTEX
8
0
10
122.080000000001
20
15.033507551732
30
0
0
VERTEX
8
0
10
122.528000000001
20
15.3424669541533
30
0
0
VERTEX
8
0
10
122.976000000001
20
15.6785660322444
30
0
0
VERTEX
8
0
10
123.424000000001
20
16.0146651103355
30
0
0
VERTEX
8
0
10
123.872000000001
20
16.3507641884266
30
0
0
VERTEX
8
0
10
124.320000000001
20
16.6868632665178
30
0
0
VERTEX
8
0
10
124.768000000001
20
17.0060345282467
30
0
0
VERTEX
8
0
10
125.216000000001
20
17.3277703978723
30
0
0
VERTEX
8
0
10
125.664000000001
20
17.649506267498
30
0
0
VERTEX
8
0
10
126.112000000001
20
17.9712421371237
30
0
0
VERTEX
8
0
10
126.560000000001
20
18.2929780067494
30
0
0
VERTEX
8
0
10
127.008000000001
20
18.6147138763751
30
0
0
VERTEX
8
0
10
127.456000000001
20
17.7701283041507
30
0
0
VERTEX
8
0
10
127.904000000001
20
17.2875244997122
30
0
0
VERTEX
8
0
10
128.352000000001
20
16.8049206952737
30
0
0
VERTEX
8
0
10
128.800000000001
20
16.3223168908352
30
0
0
VERTEX
8
0
10
129.248000000001
20
15.8397130863966
30
0
0
VERTEX
8
0
10
129.696000000001
20
15.371551059212
30
0
0
VERTEX
8
0
10
130.144000000001
20
14.9089630807641
30
0
0
VERTEX
8
0
10
130.592000000001
20
14.4463751023161
30
0
0
VERTEX
8
0
10
131.040000000001
20
13.9837871238681
30
0
0
VERTEX
8
0
10
131.488000000001
20
13.5211991454201
30
0
0
VERTEX
8
0
10
131.936000000001
20
12.2106591162033
30
0
0
VERTEX
8
0
10
132.384000000001
20
11.022134840055
30
0
0
VERTEX
8
0
10
132.832000000001
20
9.83361056390677
30
0
0
VERTEX
8
0
10
133.280000000001
20
8.67586024966232
30
0
0
VERTEX
8
0
10
133.728000000001
20
7.52630398256809
30
0
0
VERTEX
8
0
10
134.176000000001
20
6.37674771547386
30
0
0
VERTEX
8
0
10
134.624000000001
20
5.22719144837963
30
0
0
VERTEX
8
0
10
135.072000000001
20
4.02401197485691
30
0
0
VERTEX
8
0
10
135.520000000001
20
2.83646189893497
30
0
0
VERTEX
8
0
10
135.968000000001
20
1.64891182301303
30
0
0
VERTEX
8
0
10
136.365380842939
20
0
30
0
0
SEQEND
8
0
0
POLYLINE
8
0
62
6
70
0
10
0
20
0
30
0
0
VERTEX
8
0
10
136.793503675252
20
0
30
0
0
VERTEX
8
0
10
136.864000000001
20
0.0392238939863807
30
0
0
VERTEX
8
0
10
137.312000000001
20
0.0392238939863807
30
0
0
VERTEX
8
0
10
137.760000000001
20
0.0392238939863807
30
0
0
VERTEX
8
0
10
138.208000000001
20
0.0392238939863807
30
0
0
VERTEX
8
0
10
138.656000000001
20
0.0392238939863807
30
0
0
VERTEX
8
0
10
139.104000000001
20
0.0392238939863807
30
0
0
VERTEX
8
0
10
139.552000000001
20
0.0392238939863807
30
0
0
VERTEX
8
0
10
140.000000000001
20
0.0392238939863807
30
0
0
VERTEX
8
0
10
140.448000000001
20
0.0392238939863807
30
0
0
VERTEX
8
0
10
140.896000000001
20
0.0392238939863807
30
0
0
VERTEX
8
0
10
141.344000000001
20
0.0392238939863807
30
0
0
VERTEX
8
0
10
141.792000000001
20
0.0392238939863807
30
0
0
VERTEX
8
0
10
142.240000000001
20
1.81156381562459
30
0
0
VERTEX
8
0
10
142.688000000001
20
3.22490352862311
30
0
0
VERTEX
8
0
10
143.136000000001
20
4.63824324162163
30
0
0
VERTEX
8
0
10
143.584000000001
20
6.05158295462014
30
0
0
VERTEX
8
0
10
144.032000000001
20
7.30168233798912
30
0
0
VERTEX
8
0
10
144.480000000001
20
8.60126543994141
30
0
0
VERTEX
8
0
10
144.928000000001
20
9.90084854189369
30
0
0
VERTEX
8
0
10
145.376000000001
20
11.4017274140759
30
0
0
VERTEX
8
0
10
145.824000000001
20
12.8357501472646
30
0
0
VERTEX
8
0
10
146.272000000001
20
14.1837940008406
30
0
0
VERTEX
8
0
10
146.720000000001
20
15.4641714411877
30
0
0
VERTEX
8
0
10
147.168000000001
20
16.3364993142032
30
0
0
VERTEX
8
0
10
147.616000000001
20
16.8059710423304
30
0
0
VERTEX
8
0
10
148.064000000001
20
17.2754427704577
30
0
0
VERTEX
8
0
10
148.512000000001
20
17.744914498585
30
0
0
VERTEX
8
0
10
148.960000000001
20
18.2143862267122
30
0
0
VERTEX
8
0
10
149.408000000001
20
18.6838579548395
30
0
0
VERTEX
8
0
10
149.856000000001
20
19.1533296829668
30
0
0
VERTEX
8
0
10
150.304000000001
20
19.622801411094
30
0
0
VERTEX
8
0
10
150.752000000001
20
20.0922731392213
30
0
0
VERTEX
8
0
10
151.200000000001
20
20.5617448673486
30
0
0
VERTEX
8
0
10
151.648000000001
20
21.0312165954758
30
0
0
VERTEX
8
0
10
152.096000000001
20
21.5006883236031
30
0
0
VERTEX
8
0
10
152.544000000001
20
21.9701600517303
30
0
0
VERTEX
8
0
10
152.992000000001
20
21.5537979050063
30
0
0
VERTEX
8
0
10
153.440000000001
20
21.2628030322002
30
0
0
VERTEX
8
0
10
153.888000000001
20
20.971808159394
30
0
0
VERTEX
8
0
10
154.336000000001
20
20.6808132865878
30
0
0
VERTEX
8
0
10
154.784000000001
20
20.3898184137817
30
0
0
VERTEX
8
0
10
155.232000000001
20
20.0988235409755
30
0
0
VERTEX
8
0
10
155.680000000001
20
19.8078286681694
30
0
0
VERTEX
8
0
10
156.128000000001
20
19.5168337953632
30
0
0
VERTEX
8
0
10
156.576000000001
20
19.2258389225571
30
0
0
VERTEX
8
0
10
157.024000000001
20
18.9348440497509
30
0
0
VERTEX
8
0
10
157.472000000001
20
18.6438491769448
30
0
0
VERTEX
8
0
10
157.920000000001
20
18.4526165349294
30
0
0
VERTEX
8
0
10
158.368000000001
20
18.2783429388822
30
0
0
VERTEX
8
0
10
158.816000000001
20
18.104069342835
30
0
0
VERTEX
8
0
10
159.264000000001
20
18.0445362432673
30
0
0
VERTEX
8
0
10
159.712000000001
20
17.9650289344715
30
0
0
VERTEX
8
0
10
160.160000000001
20
17.8855216256758
30
0
0
VERTEX
8
0
10
160.608000000001
20
17.80601431688
30
0
0
VERTEX
8
0
10
161.056000000001
20
17.7265070080843
30
0
0
VERTEX
8
0
10
161.504000000001
20
17.6469996992885
30
0
0
VERTEX
8
0
10
161.952000000001
20
17.5674923904928
30
0
0
VERTEX
8
0
10
162.400000000001
20
17.487985081697
30
0
0
VERTEX
8
0
10
162.848000000001
20
17.4084777729013
30
0
0
VERTEX
8
0
10
163.296000000001
20
17.3177999909059
30
0
0
VERTEX
8
0
10
163.744000000001
20
17.2281735700816
30
0
0
VERTEX
8
0
10
164.192000000001
20
17.1385471492574
30
0
0
VERTEX
8
0
10
164.640000000001
20
16.8398766003884
30
0
0
VERTEX
8
0
10
165.088000000001
20
16.5709973379155
30
0
0
VERTEX
8
0
10
165.536000000001
20
16.3021180754426
30
0
0
VERTEX
8
0
10
165.984000000001
20
16.0332388129697
30
0
0
VERTEX
8
0
10
166.432000000001
20
15.7704462847294
30
0
0
VERTEX
8
0
10
166.880000000001
20
15.5056409504758
30
0
0
VERTEX
8
0
10
167.328000000001
20
15.2408356162222
30
0
0
VERTEX
8
0
10
167.776000000001
20
14.9760302819686
30
0
0
VERTEX
8
0
10
168.224000000001
20
14.711224947715
30
0
0
VERTEX
8
0
10
168.672000000001
20
14.4464196134614
30
0
0
VERTEX
8
0
10
169.120000000001
20
14.1816142792078
30
0
0
VERTEX
8
0
10
169.568000000001
20
13.9168089449542
30
0
0
VERTEX
8
0
10
170.016000000001
20
13.6520036107006
30
0
0
SEQEND
8
0
0
POLYLINE
8
0
62
6
70
0
10
0
20
0
30
0
0
VERTEX
8
0
10
0.224
20
0
30
0
0
VERTEX
8
0
10
0.672
20
0
30
0
0
VERTEX
8
0
10
1.12
20
0
30
0
0
VERTEX
8
0
10
1.568
20
0
30
0
0
VERTEX
8
0
10
2.016
20
0
30
0
0
VERTEX
8
0
10
2.464
20
0
30
0
0
VERTEX
8
0
10
2.912
20
0
30
0
0
VERTEX
8
0
10
3.36
20
0
30
0
0
VERTEX
8
0
10
3.808
20
0
30
0
0
VERTEX
8
0
10
4.256
20
0
30
0
0
VERTEX
8
0
10
4.704
20
0
30
0
0
VERTEX
8
0
10
5.152
20
0
30
0
0
VERTEX
8
0
10
5.6
20
0
30
0
0
VERTEX
8
0
10
6.048
20
0
30
0
0
VERTEX
8
0
10
6.496
20
0
30
0
0
VERTEX
8
0
10
6.944
20
0
30
0
0
VERTEX
8
0
10
7.392
20
0
30
0
0
VERTEX
8
0
10
7.84
20
0
30
0
0
VERTEX
8
0
10
8.288
20
0
30
0
0
VERTEX
8
0
10
8.736
20
0
30
0
0
VERTEX
8
0
10
9.184
20
0
30
0
0
VERTEX
8
0
10
9.632
20
0
30
0
0
VERTEX
8
0
10
10.08
20
0
30
0
0
VERTEX
8
0
10
10.528
20
0
30
0
0
VERTEX
8
0
10
10.976
20
0
30
0
0
VERTEX
8
0
10
11.424
20
0
30
0
0
VERTEX
8
0
10
11.872
20
0
30
0
0
VERTEX
8
0
10
12.32
20
0
30
0
0
VERTEX
8
0
10
12.768
20
0
30
0
0
VERTEX
8
0
10
13.216
20
0
30
0
0
VERTEX
8
0
10
13.664
20
0
30
0
0
VERTEX
8
0
10
14.112
20
0
30
0
0
VERTEX
8
0
10
14.56
20
0
30
0
0
VERTEX
8
0
10
15.008
20
0
30
0
0
VERTEX
8
0
10
15.456
20
0
30
0
0
VERTEX
8
0
10
15.904
20
0
30
0
0
VERTEX
8
0
10
16.352
20
0
30
0
0
VERTEX
8
0
10
16.8
20
0
30
0
0
VERTEX
8
0
10
17.248
20
0
30
0
0
VERTEX
8
0
10
17.696
20
0
30
0
0
VERTEX
8
0
10
18.144
20
0
30
0
0
VERTEX
8
0
10
18.592
20
0
30
0
0
VERTEX
8
0
10
19.04
20
0
30
0
0
VERTEX
8
0
10
19.488
20
0
30
0
0
VERTEX
8
0
10
19.936
20
0
30
0
0
VERTEX
8
0
10
20.384
20
0
30
0
0
VERTEX
8
0
10
20.832
20
0
30
0
0
VERTEX
8
0
10
21.28
20
0
30
0
0
VERTEX
8
0
10
21.728
20
0
30
0
0
VERTEX
8
0
10
22.176
20
0
30
0
0
VERTEX
8
0
10
22.624
20
0
30
0
0
VERTEX
8
0
10
23.072
20
0
30
0
0
VERTEX
8
0
10
23.52
20
0
30
0
0
VERTEX
8
0
10
23.968
20
0
30
0
0
VERTEX
8
0
10
24.416
20
0
30
0
0
VERTEX
8
0
10
24.864
20
0
30
0
0
VERTEX
8
0
10
25.312
20
0
30
0
0
VERTEX
8
0
10
25.76
20
0
30
0
0
VERTEX
8
0
10
26.208
20
0
30
0
0
VERTEX
8
0
10
26.656
20
0
30
0
0
VERTEX
8
0
10
27.104
20
0
30
0
0
VERTEX
8
0
10
27.552
20
0
30
0
0
VERTEX
8
0
10
28
20
0
30
0
0
VERTEX
8
0
10
28.448
20
0
30
0
0
VERTEX
8
0
10
28.896
20
0
30
0
0
VERTEX
8
0
10
29.344
20
0
30
0
0
VERTEX
8
0
10
29.792
20
0
30
0
0
VERTEX
8
0
10
30.24
20
0
30
0
0
VERTEX
8
0
10
30.688
20
0
30
0
0
VERTEX
8
0
10
31.136
20
0
30
0
0
VERTEX
8
0
10
31.584
20
0
30
0
0
VERTEX
8
0
10
32.032
20
0
30
0
0
VERTEX
8
0
10
32.48
20
0
30
0
0
VERTEX
8
0
10
32.928
20
0
30
0
0
VERTEX
8
0
10
33.376
20
0
30
0
0
VERTEX
8
0
10
33.824
20
0
30
0
0
VERTEX
8
0
10
34.2719999999999
20
0
30
0
0
VERTEX
8
0
10
34.7199999999999
20
0
30
0
0
VERTEX
8
0
10
35.168
20
0
30
0
0
VERTEX
8
0
10
35.6159999999999
20
0
30
0
0
VERTEX
8
0
10
36.0639999999999
20
0
30
0
0
VERTEX
8
0
10
36.5119999999999
20
0
30
0
0
VERTEX
8
0
10
36.9599999999999
20
0
30
0
0
VERTEX
8
0
10
37.4079999999999
20
0
30
0
0
VERTEX
8
0
10
37.8559999999999
20
0
30
0
0
VERTEX
8
0
10
38.3039999999999
20
0
30
0
0
VERTEX
8
0
10
38.7519999999999
20
0
30
0
0
VERTEX
8
0
10
39.1999999999999
20
0
30
0
0
VERTEX
8
0
10
39.6479999999999
20
0
30
0
0
VERTEX
8
0
10
40.0959999999999
20
0
30
0
0
VERTEX
8
0
10
40.5439999999999
20
0
30
0
0
VERTEX
8
0
10
40.9919999999999
20
0
30
0
0
VERTEX
8
0
10
41.4399999999999
20
0
30
0
0
VERTEX
8
0
10
41.8879999999999
20
0
30
0
0
VERTEX
8
0
10
42.3359999999999
20
0
30
0
0
VERTEX
8
0
10
42.7839999999999
20
0
30
0
0
VERTEX
8
0
10
43.2319999999999
20
0
30
0
0
VERTEX
8
0
10
43.6799999999999
20
0
30
0
0
VERTEX
8
0
10
44.1279999999999
20
0
30
0
0
VERTEX
8
0
10
44.5759999999999
20
0
30
0
0
VERTEX
8
0
10
45.0239999999999
20
0
30
0
0
VERTEX
8
0
10
45.4719999999999
20
0
30
0
0
VERTEX
8
0
10
45.9199999999999
20
0.189826413860636
30
0
0
VERTEX
8
0
10
46.3679999999999
20
0.458617996086388
30
0
0
VERTEX
8
0
10
46.8159999999999
20
0.72740957831214
30
0
0
VERTEX
8
0
10
47.2639999999999
20
1.07004028305903
30
0
0
VERTEX
8
0
10
47.7119999999999
20
1.45761399473166
30
0
0
VERTEX
8
0
10
48.1599999999999
20
1.84518770640429
30
0
0
VERTEX
8
0
10
48.6079999999999
20
2.23276141807691
30
0
0
VERTEX
8
0
10
49.0559999999999
20
2.62033512974954
30
0
0
VERTEX
8
0
10
49.5039999999999
20
3.00790884142217
30
0
0
VERTEX
8
0
10
49.9519999999999
20
3.17724096095607
30
0
0
VERTEX
8
0
10
50.3999999999999
20
3.38093737192037
30
0
0
VERTEX
8
0
10
50.8479999999999
20
3.58463378288468
30
0
0
VERTEX
8
0
10
51.2959999999999
20
3.69512000381514
30
0
0
VERTEX
8
0
10
51.7439999999999
20
3.80125655479127
30
0
0
VERTEX
8
0
10
52.1919999999999
20
3.90739310576741
30
0
0
VERTEX
8
0
10
52.6399999999999
20
4.01352965674355
30
0
0
VERTEX
8
0
10
53.0879999999999
20
4.11966620771969
30
0
0
VERTEX
8
0
10
53.5359999999999
20
4.22580275869582
30
0
0
VERTEX
8
0
10
53.9839999999999
20
4.2438466568862
30
0
0
VERTEX
8
0
10
54.4319999999999
20
4.28585904164759
30
0
0
VERTEX
8
0
10
54.8799999999999
20
4.32787142640898
30
0
0
VERTEX
8
0
10
55.3279999999999
20
4.36988381117037
30
0
0
VERTEX
8
0
10
55.7759999999999
20
4.38360253744391
30
0
0
VERTEX
8
0
10
56.2239999999999
20
4.38360253744391
30
0
0
VERTEX
8
0
10
56.6719999999999
20
4.38360253744391
30
0
0
VERTEX
8
0
10
57.1199999999999
20
4.38360253744391
30
0
0
VERTEX
8
0
10
57.5679999999999
20
4.38360253744391
30
0
0
VERTEX
8
0
10
58.0159999999999
20
4.38360253744391
30
0
0
VERTEX
8
0
10
58.4639999999999
20
4.30236741771083
30
0
0
VERTEX
8
0
10
58.9119999999999
20
4.23678710979062
30
0
0
VERTEX
8
0
10
59.3599999999999
20
4.1712068018704
30
0
0
VERTEX
8
0
10
59.8079999999999
20
4.10562649395018
30
0
0
VERTEX
8
0
10
60.2559999999999
20
4.04004618602997
30
0
0
VERTEX
8
0
10
60.7039999999999
20
3.97446587810975
30
0
0
VERTEX
8
0
10
61.1519999999999
20
3.8848269093952
30
0
0
VERTEX
8
0
10
61.5999999999999
20
3.79946841337207
30
0
0
VERTEX
8
0
10
62.0479999999998
20
3.71410991734893
30
0
0
VERTEX
8
0
10
62.4959999999998
20
3.62875142132579
30
0
0
VERTEX
8
0
10
62.9439999999998
20
3.54339292530265
30
0
0
VERTEX
8
0
10
63.3919999999998
20
3.45803442927952
30
0
0
VERTEX
8
0
10
63.8399999999998
20
3.40151197855438
30
0
0
VERTEX
8
0
10
64.2879999999998
20
3.34368848124839
30
0
0
VERTEX
8
0
10
64.7359999999998
20
3.28586498394239
30
0
0
VERTEX
8
0
10
65.1839999999998
20
3.22804148663639
30
0
0
VERTEX
8
0
10
65.6319999999998
20
3.1702179893304
30
0
0
VERTEX
8
0
10
66.0799999999998
20
3.18160723745287
30
0
0
VERTEX
8
0
10
66.5279999999998
20
3.17011667068053
30
0
0
VERTEX
8
0
10
66.9759999999998
20
3.15862610390818
30
0
0
VERTEX
8
0
10
67.4239999999998
20
3.14713553713584
30
0
0
VERTEX
8
0
10
67.8719999999998
20
3.13564497036349
30
0
0
VERTEX
8
0
10
68.3199999999998
20
3.13954333639466
30
0
0
VERTEX
8
0
10
68.7679999999998
20
3.14816126147392
30
0
0
VERTEX
8
0
10
69.2159999999998
20
3.15677918655318
30
0
0
VERTEX
8
0
10
69.6639999999998
20
3.16539711163243
30
0
0
VERTEX
8
0
10
70.1119999999998
20
3.17401503671169
30
0
0
VERTEX
8
0
10
70.5599999999998
20
3.18263296179095
30
0
0
VERTEX
8
0
10
71.0079999999998
20
3.19125088687021
30
0
0
VERTEX
8
0
10
71.4559999999998
20
3.19986881194947
30
0
0
VERTEX
8
0
10
71.9039999999998
20
3.24086919939406
30
0
0
VERTEX
8
0
10
72.3519999999998
20
3.27821354140418
30
0
0
VERTEX
8
0
10
72.7999999999998
20
3.31555788341431
30
0
0
VERTEX
8
0
10
73.2479999999998
20
3.35290222542443
30
0
0
VERTEX
8
0
10
73.6959999999998
20
3.39024656743456
30
0
0
VERTEX
8
0
10
74.1439999999998
20
3.45197202969282
30
0
0
VERTEX
8
0
10
74.5919999999999
20
3.51836197104415
30
0
0
VERTEX
8
0
10
75.0399999999999
20
3.58475191239548
30
0
0
VERTEX
8
0
10
75.4879999999999
20
3.65114185374681
30
0
0
VERTEX
8
0
10
75.9359999999999
20
3.62395320628683
30
0
0
VERTEX
8
0
10
76.3839999999999
20
3.58321392409397
30
0
0
VERTEX
8
0
10
76.8319999999999
20
3.54247464190111
30
0
0
VERTEX
8
0
10
77.2799999999999
20
3.51190722802411
30
0
0
VERTEX
8
0
10
77.7279999999999
20
3.48701100001736
30
0
0
VERTEX
8
0
10
78.1759999999999
20
3.46211477201061
30
0
0
VERTEX
8
0
10
78.6239999999999
20
3.43721854400386
30
0
0
VERTEX
8
0
10
79.0719999999999
20
3.41232231599711
30
0
0
VERTEX
8
0
10
79.5199999999999
20
3.38742608799036
30
0
0
VERTEX
8
0
10
79.9679999999999
20
3.33028178664279
30
0
0
VERTEX
8
0
10
80.4159999999999
20
3.28157177532524
30
0
0
VERTEX
8
0
10
80.8639999999999
20
3.23286176400769
30
0
0
VERTEX
8
0
10
81.312
20
3.18415175269014
30
0
0
VERTEX
8
0
10
81.76
20
3.13544174137259
30
0
0
VERTEX
8
0
10
82.208
20
3.08673173005503
30
0
0
VERTEX
8
0
10
82.656
20
3.05848730691311
30
0
0
VERTEX
8
0
10
83.104
20
3.04403143258661
30
0
0
VERTEX
8
0
10
83.552
20
3.02957555826011
30
0
0
VERTEX
8
0
10
84
20
3.01511968393362
30
0
0
VERTEX
8
0
10
84.448
20
3.00066380960712
30
0
0
VERTEX
8
0
10
84.896
20
2.97953924170302
30
0
0
VERTEX
8
0
10
85.344
20
2.95869588802295
30
0
0
VERTEX
8
0
10
85.792
20
2.93785253434288
30
0
0
VERTEX
8
0
10
86.24
20
2.91700918066281
30
0
0
VERTEX
8
0
10
86.688
20
2.89616582698274
30
0
0
VERTEX
8
0
10
87.136
20
2.87532247330267
30
0
0
VERTEX
8
0
10
87.584
20
2.8416902084052
30
0
0
VERTEX
8
0
10
88.0320000000001
20
2.80327888519479
30
0
0
VERTEX
8
0
10
88.4800000000001
20
2.76486756198438
30
0
0
VERTEX
8
0
10
88.9280000000001
20
2.72645623877397
30
0
0
VERTEX
8
0
10
89.3760000000001
20
2.68804491556355
30
0
0
VERTEX
8
0
10
89.8240000000001
20
2.67218064759701
30
0
0
VERTEX
8
0
10
90.2720000000001
20
2.67218064759701
30
0
0
VERTEX
8
0
10
90.7200000000001
20
2.67218064759701
30
0
0
VERTEX
8
0
10
91.1680000000001
20
2.67218064759701
30
0
0
VERTEX
8
0
10
91.6160000000001
20
2.67218064759701
30
0
0
VERTEX
8
0
10
92.0640000000001
20
2.65468606371216
30
0
0
VERTEX
8
0
10
92.5120000000001
20
2.64150570770859
30
0
0
VERTEX
8
0
10
92.9600000000001
20
2.62832535170501
30
0
0
VERTEX
8
0
10
93.4080000000001
20
2.61514499570144
30
0
0
VERTEX
8
0
10
93.8560000000001
20
2.60196463969787
30
0
0
VERTEX
8
0
10
94.3040000000001
20
2.60635672875675
30
0
0
VERTEX
8
0
10
94.7520000000001
20
2.60635672875675
30
0
0
VERTEX
8
0
10
95.2000000000001
20
2.60635672875675
30
0
0
VERTEX
8
0
10
95.6480000000002
20
2.60635672875675
30
0
0
VERTEX
8
0
10
96.0960000000002
20
2.60635672875675
30
0
0
VERTEX
8
0
10
96.5440000000002
20
2.60635672875675
30
0
0
VERTEX
8
0
10
96.9920000000002
20
2.60635672875675
30
0
0
VERTEX
8
0
10
97.4400000000002
20
2.60635672875675
30
0
0
VERTEX
8
0
10
97.8880000000002
20
2.60635672875675
30
0
0
VERTEX
8
0
10
98.3360000000002
20
2.59490737248341
30
0
0
VERTEX
8
0
10
98.7840000000002
20
2.58557128698088
30
0
0
VERTEX
8
0
10
99.2320000000002
20
2.57623520147835
30
0
0
VERTEX
8
0
10
99.6800000000002
20
2.56689911597582
30
0
0
VERTEX
8
0
10
100.128
20
2.55756303047329
30
0
0
VERTEX
8
0
10
100.576
20
2.54822694497076
30
0
0
VERTEX
8
0
10
101.024
20
2.53889085946823
30
0
0
VERTEX
8
0
10
101.472
20
2.52137114716602
30
0
0
VERTEX
8
0
10
101.92
20
2.50507543428888
30
0
0
VERTEX
8
0
10
102.368
20
2.48877972141173
30
0
0
VERTEX
8
0
10
102.816
20
2.47248400853458
30
0
0
VERTEX
8
0
10
103.264
20
2.45618829565744
30
0
0
VERTEX
8
0
10
103.712
20
2.43989258278029
30
0
0
VERTEX
8
0
10
104.16
20
2.42359686990315
30
0
0
VERTEX
8
0
10
104.608
20
2.407301157026
30
0
0
VERTEX
8
0
10
105.056
20
2.40888497223595
30
0
0
VERTEX
8
0
10
105.504
20
2.40888497223595
30
0
0
VERTEX
8
0
10
105.952
20
2.40888497223595
30
0
0
VERTEX
8
0
10
106.4
20
2.40888497223595
30
0
0
VERTEX
8
0
10
106.848
20
2.40888497223595
30
0
0
VERTEX
8
0
10
107.296
20
2.40888497223595
30
0
0
VERTEX
8
0
10
107.744
20
2.40888497223595
30
0
0
VERTEX
8
0
10
108.192
20
2.40888497223595
30
0
0
VERTEX
8
0
10
108.64
20
2.40888497223595
30
0
0
VERTEX
8
0
10
109.088
20
2.3997509908221
30
0
0
VERTEX
8
0
10
109.536
20
2.39263778282017
30
0
0
VERTEX
8
0
10
109.984
20
2.38552457481824
30
0
0
VERTEX
8
0
10
110.432
20
2.37841136681632
30
0
0
VERTEX
8
0
10
110.88
20
2.37129815881439
30
0
0
VERTEX
8
0
10
111.328
20
2.36418495081246
30
0
0
VERTEX
8
0
10
111.776
20
2.35707174281053
30
0
0
VERTEX
8
0
10
112.224
20
2.3499585348086
30
0
0
VERTEX
8
0
10
112.672
20
2.34284532680668
30
0
0
VERTEX
8
0
10
113.12
20
2.33561391018231
30
0
0
VERTEX
8
0
10
113.568
20
2.32838597301907
30
0
0
VERTEX
8
0
10
114.016
20
2.32115803585582
30
0
0
VERTEX
8
0
10
114.464
20
2.31393009869257
30
0
0
VERTEX
8
0
10
114.912
20
2.30670216152932
30
0
0
VERTEX
8
0
10
115.36
20
2.29947422436607
30
0
0
VERTEX
8
0
10
115.808
20
2.29224628720282
30
0
0
VERTEX
8
0
10
116.256
20
2.28501835003957
30
0
0
VERTEX
8
0
10
116.704
20
2.27779041287632
30
0
0
VERTEX
8
0
10
117.152
20
2.27045305507631
30
0
0
VERTEX
8
0
10
117.6
20
2.2631066271399
30
0
0
VERTEX
8
0
10
118.048
20
2.25576019920348
30
0
0
VERTEX
8
0
10
118.496
20
2.24841377126706
30
0
0
VERTEX
8
0
10
118.944
20
2.24106734333064
30
0
0
VERTEX
8
0
10
119.392
20
2.23372091539423
30
0
0
VERTEX
8
0
10
119.840000000001
20
2.22637448745781
30
0
0
VERTEX
8
0
10
120.288000000001
20
2.21902805952139
30
0
0
VERTEX
8
0
10
120.736000000001
20
2.21168163158498
30
0
0
VERTEX
8
0
10
121.184000000001
20
2.20496905547541
30
0
0
VERTEX
8
0
10
121.632000000001
20
2.19828051660793
30
0
0
VERTEX
8
0
10
122.080000000001
20
2.19159197774044
30
0
0
VERTEX
8
0
10
122.528000000001
20
2.18490343887295
30
0
0
VERTEX
8
0
10
122.976000000001
20
2.17821490000546
30
0
0
VERTEX
8
0
10
123.424000000001
20
2.17152636113797
30
0
0
VERTEX
8
0
10
123.872000000001
20
2.16483782227049
30
0
0
VERTEX
8
0
10
124.320000000001
20
2.158149283403
30
0
0
VERTEX
8
0
10
124.768000000001
20
2.15146074453551
30
0
0
VERTEX
8
0
10
125.216000000001
20
2.14477220566802
30
0
0
VERTEX
8
0
10
125.664000000001
20
2.14558929687487
30
0
0
VERTEX
8
0
10
126.112000000001
20
2.14558929687487
30
0
0
VERTEX
8
0
10
126.560000000001
20
2.14558929687487
30
0
0
VERTEX
8
0
10
127.008000000001
20
2.14558929687487
30
0
0
VERTEX
8
0
10
127.456000000001
20
2.14558929687487
30
0
0
VERTEX
8
0
10
127.904000000001
20
2.14558929687487
30
0
0
VERTEX
8
0
10
128.352000000001
20
2.14558929687487
30
0
0
VERTEX
8
0
10
128.800000000001
20
2.14558929687487
30
0
0
VERTEX
8
0
10
129.248000000001
20
2.14558929687487
30
0
0
VERTEX
8
0
10
129.696000000001
20
2.14558929687487
30
0
0
VERTEX
8
0
10
130.144000000001
20
2.14558929687487
30
0
0
VERTEX
8
0
10
130.592000000001
20
2.14558929687487
30
0
0
VERTEX
8
0
10
131.040000000001
20
2.14558929687487
30
0
0
VERTEX
8
0
10
131.488000000001
20
2.14558929687487
30
0
0
VERTEX
8
0
10
131.936000000001
20
2.14558929687487
30
0
0
VERTEX
8
0
10
132.384000000001
20
2.14558929687487
30
0
0
VERTEX
8
0
10
132.832000000001
20
2.14558929687487
30
0
0
VERTEX
8
0
10
133.280000000001
20
2.14558929687487
30
0
0
VERTEX
8
0
10
133.728000000001
20
2.14558929687487
30
0
0
VERTEX
8
0
10
134.176000000001
20
2.13710378618303
30
0
0
VERTEX
8
0
10
134.624000000001
20
2.12987584901978
30
0
0
VERTEX
8
0
10
135.072000000001
20
2.12264791185653
30
0
0
VERTEX
8
0
10
135.520000000001
20
2.11541997469328
30
0
0
VERTEX
8
0
10
135.968000000001
20
2.10819203753003
30
0
0
VERTEX
8
0
10
136.416000000001
20
2.10096410036678
30
0
0
VERTEX
8
0
10
136.864000000001
20
2.09373616320354
30
0
0
VERTEX
8
0
10
137.312000000001
20
2.08650822604029
30
0
0
VERTEX
8
0
10
137.760000000001
20
2.07928028887704
30
0
0
VERTEX
8
0
10
138.208000000001
20
2.07976537803461
30
0
0
VERTEX
8
0
10
138.656000000001
20
2.07976537803461
30
0
0
VERTEX
8
0
10
139.104000000001
20
2.07976537803461
30
0
0
VERTEX
8
0
10
139.552000000001
20
2.07976537803461
30
0
0
VERTEX
8
0
10
140.000000000001
20
2.07976537803461
30
0
0
VERTEX
8
0
10
140.448000000001
20
2.07976537803461
30
0
0
VERTEX
8
0
10
140.896000000001
20
2.07976537803461
30
0
0
VERTEX
8
0
10
141.344000000001
20
2.07976537803461
30
0
0
VERTEX
8
0
10
141.792000000001
20
2.07405136273449
30
0
0
VERTEX
8
0
10
142.240000000001
20
2.06726148236902
30
0
0
VERTEX
8
0
10
142.688000000001
20
2.06047160200354
30
0
0
VERTEX
8
0
10
143.136000000001
20
2.05368172163807
30
0
0
VERTEX
8
0
10
143.584000000001
20
2.04689184127259
30
0
0
VERTEX
8
0
10
144.032000000001
20
2.04010196090712
30
0
0
VERTEX
8
0
10
144.480000000001
20
2.03331208054164
30
0
0
VERTEX
8
0
10
144.928000000001
20
2.02652220017617
30
0
0
VERTEX
8
0
10
145.376000000001
20
2.01973231981069
30
0
0
VERTEX
8
0
10
145.824000000001
20
2.01294243944522
30
0
0
VERTEX
8
0
10
146.272000000001
20
2.02108128429943
30
0
0
VERTEX
8
0
10
146.720000000001
20
2.02730534130112
30
0
0
VERTEX
8
0
10
147.168000000001
20
2.0335293983028
30
0
0
VERTEX
8
0
10
147.616000000001
20
2.03975345530449
30
0
0
VERTEX
8
0
10
148.064000000001
20
2.04597751230617
30
0
0
VERTEX
8
0
10
148.512000000001
20
2.05220156930786
30
0
0
VERTEX
8
0
10
148.960000000001
20
2.05842562630954
30
0
0
VERTEX
8
0
10
149.408000000001
20
2.06464968331123
30
0
0
VERTEX
8
0
10
149.856000000001
20
2.07087374031291
30
0
0
VERTEX
8
0
10
150.304000000001
20
2.0770977973146
30
0
0
VERTEX
8
0
10
150.752000000001
20
2.07976537803461
30
0
0
VERTEX
8
0
10
151.200000000001
20
2.07976537803461
30
0
0
VERTEX
8
0
10
151.648000000001
20
2.07976537803461
30
0
0
VERTEX
8
0
10
152.096000000001
20
2.07976537803461
30
0
0
VERTEX
8
0
10
152.544000000001
20
2.07976537803461
30
0
0
VERTEX
8
0
10
152.992000000001
20
2.07976537803461
30
0
0
VERTEX
8
0
10
153.440000000001
20
2.07976537803461
30
0
0
VERTEX
8
0
10
153.888000000001
20
2.07976537803461
30
0
0
VERTEX
8
0
10
154.336000000001
20
2.07976537803461
30
0
0
VERTEX
8
0
10
154.784000000001
20
2.07976537803461
30
0
0
VERTEX
8
0
10
155.232000000001
20
2.07976537803461
30
0
0
VERTEX
8
0
10
155.680000000001
20
2.07976537803461
30
0
0
VERTEX
8
0
10
156.128000000001
20
2.07976537803461
30
0
0
VERTEX
8
0
10
156.576000000001
20
2.07976537803461
30
0
0
VERTEX
8
0
10
157.024000000001
20
2.07976537803461
30
0
0
VERTEX
8
0
10
157.472000000001
20
2.07976537803461
30
0
0
VERTEX
8
0
10
157.920000000001
20
2.07976537803461
30
0
0
VERTEX
8
0
10
158.368000000001
20
2.07976537803461
30
0
0
VERTEX
8
0
10
158.816000000001
20
2.07976537803461
30
0
0
VERTEX
8
0
10
159.264000000001
20
2.07976537803461
30
0
0
VERTEX
8
0
10
159.712000000001
20
2.06815837934205
30
0
0
VERTEX
8
0
10
160.160000000001
20
2.06029641260308
30
0
0
VERTEX
8
0
10
160.608000000001
20
2.05243444586411
30
0
0
VERTEX
8
0
10
161.056000000001
20
2.04457247912514
30
0
0
VERTEX
8
0
10
161.504000000001
20
2.03671051238617
30
0
0
VERTEX
8
0
10
161.952000000001
20
2.0288485456472
30
0
0
VERTEX
8
0
10
162.400000000001
20
2.02098657890823
30
0
0
VERTEX
8
0
10
162.848000000001
20
2.01312461216926
30
0
0
VERTEX
8
0
10
163.296000000001
20
2.00644612003448
30
0
0
VERTEX
8
0
10
163.744000000001
20
1.999656239669
30
0
0
VERTEX
8
0
10
164.192000000001
20
1.99286635930352
30
0
0
VERTEX
8
0
10
164.640000000001
20
1.98607647893805
30
0
0
VERTEX
8
0
10
165.088000000001
20
1.97928659857257
30
0
0
VERTEX
8
0
10
165.536000000001
20
1.97249671820709
30
0
0
VERTEX
8
0
10
165.984000000001
20
1.96570683784162
30
0
0
VERTEX
8
0
10
166.432000000001
20
1.95891695747614
30
0
0
VERTEX
8
0
10
166.880000000001
20
1.95212707711066
30
0
0
VERTEX
8
0
10
167.328000000001
20
1.94533719674519
30
0
0
VERTEX
8
0
10
167.776000000001
20
1.9481175403541
30
0
0
VERTEX
8
0
10
168.224000000001
20
1.9481175403541
30
0
0
VERTEX
8
0
10
168.672000000001
20
1.9481175403541
30
0
0
VERTEX
8
0
10
169.120000000001
20
1.9481175403541
30
0
0
VERTEX
8
0
10
169.568000000001
20
1.9481175403541
30
0
0
VERTEX
8
0
10
170.016000000001
20
1.9481175403541
30
0
0
SEQEND
8
0
0
POLYLINE
8
0
62
6
70
0
10
0
20
0
30
0
0
VERTEX
8
0
10
0.224
20
8.47892433504495
30
0
0
VERTEX
8
0
10
0.672
20
16.4308617166606
30
0
0
VERTEX
8
0
10
1.12
20
21.251087009699
30
0
0
VERTEX
8
0
10
1.568
20
28.3155778269862
30
0
0
VERTEX
8
0
10
2.016
20
32.3036683765512
30
0
0
VERTEX
8
0
10
2.464
20
36.8840489875909
30
0
0
VERTEX
8
0
10
2.912
20
39.3223544572101
30
0
0
VERTEX
8
0
10
3.36
20
42.1983987430467
30
0
0
VERTEX
8
0
10
3.808
20
44.1261698291078
30
0
0
VERTEX
8
0
10
4.256
20
45.5263082678113
30
0
0
VERTEX
8
0
10
4.704
20
46.3335808871773
30
0
0
VERTEX
8
0
10
5.152
20
47.3292348880331
30
0
0
VERTEX
8
0
10
5.6
20
47.8552967165043
30
0
0
VERTEX
8
0
10
6.048
20
48.4351187522968
30
0
0
VERTEX
8
0
10
6.496
20
48.7693429415918
30
0
0
VERTEX
8
0
10
6.944
20
49.0829739518614
30
0
0
VERTEX
8
0
10
7.392
20
49.3966049621309
30
0
0
VERTEX
8
0
10
7.84
20
49.2941782199401
30
0
0
VERTEX
8
0
10
8.288
20
49.2941782199401
30
0
0
VERTEX
8
0
10
8.736
20
49.2941782199401
30
0
0
VERTEX
8
0
10
9.184
20
49.0305625391528
30
0
0
VERTEX
8
0
10
9.632
20
48.8513448189987
30
0
0
VERTEX
8
0
10
10.08
20
48.6721270988447
30
0
0
VERTEX
8
0
10
10.528
20
48.3987542747112
30
0
0
VERTEX
8
0
10
10.976
20
48.1427289602054
30
0
0
VERTEX
8
0
10
11.424
20
47.828031177792
30
0
0
VERTEX
8
0
10
11.872
20
47.4546609274711
30
0
0
VERTEX
8
0
10
12.32
20
47.0812906771502
30
0
0
VERTEX
8
0
10
12.768
20
46.7307854519965
30
0
0
VERTEX
8
0
10
13.216
20
46.3770662674819
30
0
0
VERTEX
8
0
10
13.664
20
46.0022057894737
30
0
0
VERTEX
8
0
10
14.112
20
45.618167817715
30
0
0
VERTEX
8
0
10
14.56
20
45.2341298459564
30
0
0
VERTEX
8
0
10
15.008
20
44.8500918741977
30
0
0
VERTEX
8
0
10
15.456
20
44.466053902439
30
0
0
VERTEX
8
0
10
15.904
20
44.0353571116816
30
0
0
VERTEX
8
0
10
16.352
20
43.6108940902642
30
0
0
VERTEX
8
0
10
16.8
20
43.2064710507438
30
0
0
VERTEX
8
0
10
17.248
20
42.8111378445216
30
0
0
VERTEX
8
0
10
17.696
20
42.4158046382995
30
0
0
VERTEX
8
0
10
18.144
20
42.0204714320773
30
0
0
VERTEX
8
0
10
18.592
20
41.6251382258552
30
0
0
VERTEX
8
0
10
19.04
20
41.1926743361935
30
0
0
VERTEX
8
0
10
19.488
20
40.768211314776
30
0
0
VERTEX
8
0
10
19.936
20
40.4127886077091
30
0
0
VERTEX
8
0
10
20.384
20
40.0737280560663
30
0
0
VERTEX
8
0
10
20.832
20
39.7346675044235
30
0
0
VERTEX
8
0
10
21.28
20
39.3956069527808
30
0
0
VERTEX
8
0
10
21.728
20
39.056546401138
30
0
0
VERTEX
8
0
10
22.176
20
38.6980003046641
30
0
0
VERTEX
8
0
10
22.624
20
38.339564864356
30
0
0
VERTEX
8
0
10
23.072
20
37.9811294240479
30
0
0
VERTEX
8
0
10
23.52
20
37.650005937388
30
0
0
VERTEX
8
0
10
23.968
20
37.3109453857452
30
0
0
VERTEX
8
0
10
24.416
20
36.9718848341024
30
0
0
VERTEX
8
0
10
24.864
20
36.6328242824596
30
0
0
VERTEX
8
0
10
25.312
20
36.3265038952425
30
0
0
VERTEX
8
0
10
25.76
20
36.0413847949975
30
0
0
VERTEX
8
0
10
26.208
20
35.7562656947524
30
0
0
VERTEX
8
0
10
26.656
20
35.4904737599937
30
0
0
VERTEX
8
0
10
27.104
20
35.2310796913497
30
0
0
VERTEX
8
0
10
27.552
20
34.9716856227057
30
0
0
VERTEX
8
0
10
28
20
34.7122915540617
30
0
0
VERTEX
8
0
10
28.448
20
34.4528974854176
30
0
0
VERTEX
8
0
10
28.896
20
34.1613230109827
30
0
0
VERTEX
8
0
10
29.344
20
33.862626810726
30
0
0
VERTEX
8
0
10
29.792
20
33.5639306104693
30
0
0
VERTEX
8
0
10
30.24
20
33.3357193680223
30
0
0
VERTEX
8
0
10
30.688
20
33.101514392821
30
0
0
VERTEX
8
0
10
31.136
20
32.8673094176197
30
0
0
VERTEX
8
0
10
31.584
20
32.6331044424184
30
0
0
VERTEX
8
0
10
32.032
20
32.3988994672171
30
0
0
VERTEX
8
0
10
32.48
20
32.1646944920158
30
0
0
VERTEX
8
0
10
32.928
20
31.9445583108687
30
0
0
VERTEX
8
0
10
33.376
20
31.7205361606761
30
0
0
VERTEX
8
0
10
33.824
20
31.5125813029039
30
0
0
VERTEX
8
0
10
34.2719999999999
20
31.3191076277376
30
0
0
VERTEX
8
0
10
34.7199999999999
20
31.1256339525713
30
0
0
VERTEX
8
0
10
35.168
20
30.932160277405
30
0
0
VERTEX
8
0
10
35.6159999999999
20
30.7386866022387
30
0
0
VERTEX
8
0
10
36.0639999999999
20
30.5452129270724
30
0
0
VERTEX
8
0
10
36.5119999999999
20
30.3355435601198
30
0
0
VERTEX
8
0
10
36.9599999999999
20
30.122189131365
30
0
0
VERTEX
8
0
10
37.4079999999999
20
29.9088347026102
30
0
0
VERTEX
8
0
10
37.8559999999999
20
29.7434883436029
30
0
0
VERTEX
8
0
10
38.3039999999999
20
29.5742271634574
30
0
0
VERTEX
8
0
10
38.7519999999999
20
29.404965983312
30
0
0
VERTEX
8
0
10
39.1999999999999
20
29.2357048031665
30
0
0
VERTEX
8
0
10
39.6479999999999
20
29.066443623021
30
0
0
VERTEX
8
0
10
40.0959999999999
20
28.8971824428755
30
0
0
VERTEX
8
0
10
40.5439999999999
20
28.7612359132727
30
0
0
VERTEX
8
0
10
40.9919999999999
20
28.6186763631501
30
0
0
VERTEX
8
0
10
41.4399999999999
20
28.4761168130276
30
0
0
VERTEX
8
0
10
41.8879999999999
20
28.3196843140415
30
0
0
VERTEX
8
0
10
42.3359999999999
20
28.1671585947614
30
0
0
VERTEX
8
0
10
42.7839999999999
20
28.0146328754814
30
0
0
VERTEX
8
0
10
43.2319999999999
20
27.8621071562014
30
0
0
VERTEX
8
0
10
43.6799999999999
20
27.7095814369213
30
0
0
VERTEX
8
0
10
44.1279999999999
20
27.5570557176413
30
0
0
VERTEX
8
0
10
44.5759999999999
20
27.4086331857082
30
0
0
VERTEX
8
0
10
45.0239999999999
20
27.2592850855798
30
0
0
VERTEX
8
0
10
45.4719999999999
20
27.1172799842794
30
0
0
VERTEX
8
0
10
45.9199999999999
20
26.9809186754665
30
0
0
VERTEX
8
0
10
46.3679999999999
20
26.8445573666537
30
0
0
VERTEX
8
0
10
46.8159999999999
20
26.7081960578408
30
0
0
VERTEX
8
0
10
47.2639999999999
20
26.5718347490279
30
0
0
VERTEX
8
0
10
47.7119999999999
20
26.4354734402151
30
0
0
VERTEX
8
0
10
48.1599999999999
20
26.3106930317576
30
0
0
VERTEX
8
0
10
48.6079999999999
20
26.193811909918
30
0
0
VERTEX
8
0
10
49.0559999999999
20
26.0769307880784
30
0
0
VERTEX
8
0
10
49.5039999999999
20
25.9573308096652
30
0
0
VERTEX
8
0
10
49.9519999999999
20
25.8359854783109
30
0
0
VERTEX
8
0
10
50.3999999999999
20
25.7146401469566
30
0
0
VERTEX
8
0
10
50.8479999999999
20
25.5932948156023
30
0
0
VERTEX
8
0
10
51.2959999999999
20
25.471949484248
30
0
0
VERTEX
8
0
10
51.7439999999999
20
25.3506041528937
30
0
0
VERTEX
8
0
10
52.1919999999999
20
25.2292588215394
30
0
0
VERTEX
8
0
10
52.6399999999999
20
25.1628920216284
30
0
0
VERTEX
8
0
10
53.0879999999999
20
25.0814294215584
30
0
0
VERTEX
8
0
10
53.5359999999999
20
24.9927170622457
30
0
0
VERTEX
8
0
10
53.9839999999999
20
24.8973884876957
30
0
0
VERTEX
8
0
10
54.4319999999999
20
24.8020599131457
30
0
0
VERTEX
8
0
10
54.8799999999999
20
24.7067313385956
30
0
0
VERTEX
8
0
10
55.3279999999999
20
24.6114027640456
30
0
0
VERTEX
8
0
10
55.7759999999999
20
24.5160741894956
30
0
0
VERTEX
8
0
10
56.2239999999999
20
24.4207456149456
30
0
0
VERTEX
8
0
10
56.6719999999999
20
24.3396194565683
30
0
0
VERTEX
8
0
10
57.1199999999999
20
24.2542776850663
30
0
0
VERTEX
8
0
10
57.5679999999999
20
24.1597257817287
30
0
0
VERTEX
8
0
10
58.0159999999999
20
24.061156035644
30
0
0
VERTEX
8
0
10
58.4639999999999
20
23.9625862895593
30
0
0
VERTEX
8
0
10
58.9119999999999
20
23.8640165434745
30
0
0
VERTEX
8
0
10
59.3599999999999
20
23.7654467973898
30
0
0
VERTEX
8
0
10
59.8079999999999
20
23.6668770513051
30
0
0
VERTEX
8
0
10
60.2559999999999
20
23.5683073052204
30
0
0
VERTEX
8
0
10
60.7039999999999
20
23.4903709444898
30
0
0
VERTEX
8
0
10
61.1519999999999
20
23.4089083444198
30
0
0
VERTEX
8
0
10
61.5999999999999
20
23.3274457443498
30
0
0
VERTEX
8
0
10
62.0479999999998
20
23.2299396435067
30
0
0
VERTEX
8
0
10
62.4959999999998
20
23.1365970809264
30
0
0
VERTEX
8
0
10
62.9439999999998
20
23.0432545183462
30
0
0
VERTEX
8
0
10
63.3919999999998
20
22.949911955766
30
0
0
VERTEX
8
0
10
63.8399999999998
20
22.8565693931857
30
0
0
VERTEX
8
0
10
64.2879999999998
20
22.7632268306055
30
0
0
VERTEX
8
0
10
64.7359999999998
20
22.6831890858521
30
0
0
VERTEX
8
0
10
65.1839999999998
20
22.6017264857821
30
0
0
VERTEX
8
0
10
65.6319999999998
20
22.5202638857121
30
0
0
VERTEX
8
0
10
66.0799999999998
20
22.4529373597792
30
0
0
VERTEX
8
0
10
66.5279999999998
20
22.3826559008952
30
0
0
VERTEX
8
0
10
66.9759999999998
20
22.3123744420113
30
0
0
VERTEX
8
0
10
67.4239999999998
20
22.2420929831273
30
0
0
VERTEX
8
0
10
67.8719999999998
20
22.1718115242434
30
0
0
VERTEX
8
0
10
68.3199999999998
20
22.1015300653595
30
0
0
VERTEX
8
0
10
68.7679999999998
20
22.0332298338682
30
0
0
VERTEX
8
0
10
69.2159999999998
20
21.9660231888104
30
0
0
VERTEX
8
0
10
69.6639999999998
20
21.8988165437527
30
0
0
VERTEX
8
0
10
70.1119999999998
20
21.8203784482149
30
0
0
VERTEX
8
0
10
70.5599999999998
20
21.7424577003219
30
0
0
VERTEX
8
0
10
71.0079999999998
20
21.6645369524288
30
0
0
VERTEX
8
0
10
71.4559999999998
20
21.6044969491773
30
0
0
VERTEX
8
0
10
71.9039999999998
20
21.5433999991247
30
0
0
VERTEX
8
0
10
72.3519999999998
20
21.4823030490722
30
0
0
VERTEX
8
0
10
72.7999999999998
20
21.4084220539153
30
0
0
VERTEX
8
0
10
73.2479999999998
20
21.3367349658537
30
0
0
VERTEX
8
0
10
73.6959999999998
20
21.265047877792
30
0
0
VERTEX
8
0
10
74.1439999999998
20
21.1933607897304
30
0
0
VERTEX
8
0
10
74.5919999999999
20
21.1216737016688
30
0
0
VERTEX
8
0
10
75.0399999999999
20
21.0499866136072
30
0
0
VERTEX
8
0
10
75.4879999999999
20
20.9877976844152
30
0
0
VERTEX
8
0
10
75.9359999999999
20
20.9293571234954
30
0
0
VERTEX
8
0
10
76.3839999999999
20
20.8709165625756
30
0
0
VERTEX
8
0
10
76.8319999999999
20
20.8150935472828
30
0
0
VERTEX
8
0
10
77.2799999999999
20
20.7602309798887
30
0
0
VERTEX
8
0
10
77.7279999999999
20
20.7053684124946
30
0
0
VERTEX
8
0
10
78.1759999999999
20
20.6505058451005
30
0
0
VERTEX
8
0
10
78.6239999999999
20
20.5956432777065
30
0
0
VERTEX
8
0
10
79.0719999999999
20
20.5407807103124
30
0
0
VERTEX
8
0
10
79.5199999999999
20
20.4859181429183
30
0
0
VERTEX
8
0
10
79.9679999999999
20
20.4185173234917
30
0
0
VERTEX
8
0
10
80.4159999999999
20
20.3545109948652
30
0
0
VERTEX
8
0
10
80.8639999999999
20
20.2921246012149
30
0
0
VERTEX
8
0
10
81.312
20
20.2306283246915
30
0
0
VERTEX
8
0
10
81.76
20
20.169132048168
30
0
0
VERTEX
8
0
10
82.208
20
20.1076357716446
30
0
0
VERTEX
8
0
10
82.656
20
20.0461394951211
30
0
0
VERTEX
8
0
10
83.104
20
19.9846432185977
30
0
0
VERTEX
8
0
10
83.552
20
19.9231469420742
30
0
0
VERTEX
8
0
10
84
20
19.8787671747967
30
0
0
VERTEX
8
0
10
84.448
20
19.8339627447582
30
0
0
VERTEX
8
0
10
84.896
20
19.7891583147197
30
0
0
VERTEX
8
0
10
85.344
20
19.7456096275181
30
0
0
VERTEX
8
0
10
85.792
20
19.7016837157156
30
0
0
VERTEX
8
0
10
86.24
20
19.6577578039132
30
0
0
VERTEX
8
0
10
86.688
20
19.6138318921107
30
0
0
VERTEX
8
0
10
87.136
20
19.5699059803082
30
0
0
VERTEX
8
0
10
87.584
20
19.5259800685058
30
0
0
VERTEX
8
0
10
88.0320000000001
20
19.4681550660326
30
0
0
VERTEX
8
0
10
88.4800000000001
20
19.4070581159801
30
0
0
VERTEX
8
0
10
88.9280000000001
20
19.3459611659275
30
0
0
VERTEX
8
0
10
89.3760000000001
20
19.2995317394095
30
0
0
VERTEX
8
0
10
89.8240000000001
20
19.2538129332477
30
0
0
VERTEX
8
0
10
90.2720000000001
20
19.208094127086
30
0
0
VERTEX
8
0
10
90.7200000000001
20
19.1623753209242
30
0
0
VERTEX
8
0
10
91.1680000000001
20
19.1166565147625
30
0
0
VERTEX
8
0
10
91.6160000000001
20
19.0709377086007
30
0
0
VERTEX
8
0
10
92.0640000000001
20
19.0281787775703
30
0
0
VERTEX
8
0
10
92.5120000000001
20
18.9874474775353
30
0
0
VERTEX
8
0
10
92.9600000000001
20
18.9467161775003
30
0
0
VERTEX
8
0
10
93.4080000000001
20
18.9036278975475
30
0
0
VERTEX
8
0
10
93.8560000000001
20
18.8597019857451
30
0
0
VERTEX
8
0
10
94.3040000000001
20
18.8157760739426
30
0
0
VERTEX
8
0
10
94.7520000000001
20
18.7718501621401
30
0
0
VERTEX
8
0
10
95.2000000000001
20
18.7279242503377
30
0
0
VERTEX
8
0
10
95.6480000000002
20
18.6839983385352
30
0
0
VERTEX
8
0
10
96.0960000000002
20
18.6400724267328
30
0
0
VERTEX
8
0
10
96.5440000000002
20
18.5997176463609
30
0
0
VERTEX
8
0
10
96.9920000000002
20
18.5589863463259
30
0
0
VERTEX
8
0
10
97.4400000000002
20
18.5182550462908
30
0
0
VERTEX
8
0
10
97.8880000000002
20
18.4827697774925
30
0
0
VERTEX
8
0
10
98.3360000000002
20
18.4461947325631
30
0
0
VERTEX
8
0
10
98.7840000000002
20
18.4096196876337
30
0
0
VERTEX
8
0
10
99.2320000000002
20
18.3730446427043
30
0
0
VERTEX
8
0
10
99.6800000000002
20
18.3364695977749
30
0
0
VERTEX
8
0
10
100.128
20
18.2998945528455
30
0
0
VERTEX
8
0
10
100.576
20
18.2750381846947
30
0
0
VERTEX
8
0
10
101.024
20
18.2514569057271
30
0
0
VERTEX
8
0
10
101.472
20
18.2278756267594
30
0
0
VERTEX
8
0
10
101.92
20
18.1762999376666
30
0
0
VERTEX
8
0
10
102.368
20
18.1332187549373
30
0
0
VERTEX
8
0
10
102.816
20
18.0901375722079
30
0
0
VERTEX
8
0
10
103.264
20
18.0470563894786
30
0
0
VERTEX
8
0
10
103.712
20
18.0039752067492
30
0
0
VERTEX
8
0
10
104.16
20
17.9608940240199
30
0
0
VERTEX
8
0
10
104.608
20
17.9180942547425
30
0
0
VERTEX
8
0
10
105.056
20
17.8754233689915
30
0
0
VERTEX
8
0
10
105.504
20
17.8327524832406
30
0
0
VERTEX
8
0
10
105.952
20
17.7966359873341
30
0
0
VERTEX
8
0
10
106.4
20
17.7607924433033
30
0
0
VERTEX
8
0
10
106.848
20
17.7249488992725
30
0
0
VERTEX
8
0
10
107.296
20
17.6891053552417
30
0
0
VERTEX
8
0
10
107.744
20
17.6532618112109
30
0
0
VERTEX
8
0
10
108.192
20
17.6174182671801
30
0
0
VERTEX
8
0
10
108.64
20
17.5815747231493
30
0
0
VERTEX
8
0
10
109.088
20
17.5654883974112
30
0
0
VERTEX
8
0
10
109.536
20
17.5430861823919
30
0
0
VERTEX
8
0
10
109.984
20
17.494199105691
30
0
0
VERTEX
8
0
10
110.432
20
17.4414880115281
30
0
0
VERTEX
8
0
10
110.88
20
17.3887769173651
30
0
0
VERTEX
8
0
10
111.328
20
17.3360658232021
30
0
0
VERTEX
8
0
10
111.776
20
17.2833547290392
30
0
0
VERTEX
8
0
10
112.224
20
17.2306436348762
30
0
0
VERTEX
8
0
10
112.672
20
17.1779325407133
30
0
0
VERTEX
8
0
10
113.12
20
17.1913155755242
30
0
0
VERTEX
8
0
10
113.568
20
17.1913155755242
30
0
0
VERTEX
8
0
10
114.016
20
17.1685671005315
30
0
0
VERTEX
8
0
10
114.464
20
17.1254859178022
30
0
0
VERTEX
8
0
10
114.912
20
17.0824047350728
30
0
0
VERTEX
8
0
10
115.36
20
17.0393235523435
30
0
0
VERTEX
8
0
10
115.808
20
16.9962423696142
30
0
0
VERTEX
8
0
10
116.256
20
16.9531611868848
30
0
0
VERTEX
8
0
10
116.704
20
16.9100800041555
30
0
0
VERTEX
8
0
10
117.152
20
16.8811559134455
30
0
0
VERTEX
8
0
10
117.6
20
16.8562645634241
30
0
0
VERTEX
8
0
10
118.048
20
16.8313732134027
30
0
0
VERTEX
8
0
10
118.496
20
16.7926781891642
30
0
0
VERTEX
8
0
10
118.944
20
16.7582132429808
30
0
0
VERTEX
8
0
10
119.392
20
16.7237482967973
30
0
0
VERTEX
8
0
10
119.840000000001
20
16.6892833506138
30
0
0
VERTEX
8
0
10
120.288000000001
20
16.6548184044303
30
0
0
VERTEX
8
0
10
120.736000000001
20
16.6203534582469
30
0
0
VERTEX
8
0
10
121.184000000001
20
16.6097419768934
30
0
0
VERTEX
8
0
10
121.632000000001
20
16.6097419768934
30
0
0
VERTEX
8
0
10
122.080000000001
20
16.6097419768934
30
0
0
VERTEX
8
0
10
122.528000000001
20
16.5733656252872
30
0
0
VERTEX
8
0
10
122.976000000001
20
16.540177158592
30
0
0
VERTEX
8
0
10
123.424000000001
20
16.5069886918968
30
0
0
VERTEX
8
0
10
123.872000000001
20
16.4738002252016
30
0
0
VERTEX
8
0
10
124.320000000001
20
16.4406117585064
30
0
0
VERTEX
8
0
10
124.768000000001
20
16.4074232918112
30
0
0
VERTEX
8
0
10
125.216000000001
20
16.374234825116
30
0
0
VERTEX
8
0
10
125.664000000001
20
16.3284231957637
30
0
0
VERTEX
8
0
10
126.112000000001
20
16.2836187657252
30
0
0
VERTEX
8
0
10
126.560000000001
20
16.2388143356867
30
0
0
VERTEX
8
0
10
127.008000000001
20
16.2103918463438
30
0
0
VERTEX
8
0
10
127.456000000001
20
16.1765771821638
30
0
0
VERTEX
8
0
10
127.904000000001
20
16.1427625179838
30
0
0
VERTEX
8
0
10
128.352000000001
20
16.1089478538038
30
0
0
VERTEX
8
0
10
128.800000000001
20
16.0751331896238
30
0
0
VERTEX
8
0
10
129.248000000001
20
16.0413185254438
30
0
0
VERTEX
8
0
10
129.696000000001
20
16.0281683782627
30
0
0
VERTEX
8
0
10
130.144000000001
20
16.0281683782627
30
0
0
VERTEX
8
0
10
130.592000000001
20
16.0281683782627
30
0
0
VERTEX
8
0
10
131.040000000001
20
15.9925497386182
30
0
0
VERTEX
8
0
10
131.488000000001
20
15.9671887404832
30
0
0
VERTEX
8
0
10
131.936000000001
20
15.9418277423482
30
0
0
VERTEX
8
0
10
132.384000000001
20
15.9164667442132
30
0
0
VERTEX
8
0
10
132.832000000001
20
15.8911057460782
30
0
0
VERTEX
8
0
10
133.280000000001
20
15.8657447479432
30
0
0
VERTEX
8
0
10
133.728000000001
20
15.8430059185241
30
0
0
VERTEX
8
0
10
134.176000000001
20
15.8226402685066
30
0
0
VERTEX
8
0
10
134.624000000001
20
15.8022746184891
30
0
0
VERTEX
8
0
10
135.072000000001
20
15.7835445649122
30
0
0
VERTEX
8
0
10
135.520000000001
20
15.7656227928968
30
0
0
VERTEX
8
0
10
135.968000000001
20
15.7477010208814
30
0
0
VERTEX
8
0
10
136.416000000001
20
15.729779248866
30
0
0
VERTEX
8
0
10
136.864000000001
20
15.7118574768506
30
0
0
VERTEX
8
0
10
137.312000000001
20
15.6939357048352
30
0
0
VERTEX
8
0
10
137.760000000001
20
15.6760139328198
30
0
0
VERTEX
8
0
10
138.208000000001
20
15.6289097946084
30
0
0
VERTEX
8
0
10
138.656000000001
20
15.5862389088574
30
0
0
VERTEX
8
0
10
139.104000000001
20
15.5435680231065
30
0
0
VERTEX
8
0
10
139.552000000001
20
15.5185142856517
30
0
0
VERTEX
8
0
10
140.000000000001
20
15.4879658106255
30
0
0
VERTEX
8
0
10
140.448000000001
20
15.4574173355992
30
0
0
VERTEX
8
0
10
140.896000000001
20
15.4268688605729
30
0
0
VERTEX
8
0
10
141.344000000001
20
15.3963203855467
30
0
0
VERTEX
8
0
10
141.792000000001
20
15.3733270802699
30
0
0
VERTEX
8
0
10
142.240000000001
20
15.3529614302524
30
0
0
VERTEX
8
0
10
142.688000000001
20
15.3325957802349
30
0
0
VERTEX
8
0
10
143.136000000001
20
15.3140719597775
30
0
0
VERTEX
8
0
10
143.584000000001
20
15.2957844373128
30
0
0
VERTEX
8
0
10
144.032000000001
20
15.2774969148481
30
0
0
VERTEX
8
0
10
144.480000000001
20
15.2592093923833
30
0
0
VERTEX
8
0
10
144.928000000001
20
15.2409218699186
30
0
0
VERTEX
8
0
10
145.376000000001
20
15.2226343474539
30
0
0
VERTEX
8
0
10
145.824000000001
20
15.2032538118994
30
0
0
VERTEX
8
0
10
146.272000000001
20
15.1828881618819
30
0
0
VERTEX
8
0
10
146.720000000001
20
15.1625225118644
30
0
0
VERTEX
8
0
10
147.168000000001
20
15.1388084742977
30
0
0
VERTEX
8
0
10
147.616000000001
20
15.1134474761627
30
0
0
VERTEX
8
0
10
148.064000000001
20
15.0880864780277
30
0
0
VERTEX
8
0
10
148.512000000001
20
15.0627254798927
30
0
0
VERTEX
8
0
10
148.960000000001
20
15.0373644817577
30
0
0
VERTEX
8
0
10
149.408000000001
20
15.0120034836227
30
0
0
VERTEX
8
0
10
149.856000000001
20
14.9866424854877
30
0
0
VERTEX
8
0
10
150.304000000001
20
14.9659317861063
30
0
0
VERTEX
8
0
10
150.752000000001
20
14.946451599133
30
0
0
VERTEX
8
0
10
151.200000000001
20
14.9269714121597
30
0
0
VERTEX
8
0
10
151.648000000001
20
14.9001482263585
30
0
0
VERTEX
8
0
10
152.096000000001
20
14.8715496539935
30
0
0
VERTEX
8
0
10
152.544000000001
20
14.8429510816285
30
0
0
VERTEX
8
0
10
152.992000000001
20
14.8143525092635
30
0
0
VERTEX
8
0
10
153.440000000001
20
14.7857539368985
30
0
0
VERTEX
8
0
10
153.888000000001
20
14.7571553645335
30
0
0
VERTEX
8
0
10
154.336000000001
20
14.7349813243474
30
0
0
VERTEX
8
0
10
154.784000000001
20
14.7155011373741
30
0
0
VERTEX
8
0
10
155.232000000001
20
14.6960209504009
30
0
0
VERTEX
8
0
10
155.680000000001
20
14.6779141298967
30
0
0
VERTEX
8
0
10
156.128000000001
20
14.6603437651757
30
0
0
VERTEX
8
0
10
156.576000000001
20
14.6427734004547
30
0
0
VERTEX
8
0
10
157.024000000001
20
14.6252030357337
30
0
0
VERTEX
8
0
10
157.472000000001
20
14.6076326710127
30
0
0
VERTEX
8
0
10
157.920000000001
20
14.5900623062917
30
0
0
VERTEX
8
0
10
158.368000000001
20
14.5724919415707
30
0
0
VERTEX
8
0
10
158.816000000001
20
14.5507831186706
30
0
0
VERTEX
8
0
10
159.264000000001
20
14.5294476757951
30
0
0
VERTEX
8
0
10
159.712000000001
20
14.5081122329196
30
0
0
VERTEX
8
0
10
160.160000000001
20
14.4784052952502
30
0
0
VERTEX
8
0
10
160.608000000001
20
14.4509740115532
30
0
0
VERTEX
8
0
10
161.056000000001
20
14.4235427278561
30
0
0
VERTEX
8
0
10
161.504000000001
20
14.3961114441591
30
0
0
VERTEX
8
0
10
161.952000000001
20
14.368680160462
30
0
0
VERTEX
8
0
10
162.400000000001
20
14.341248876765
30
0
0
VERTEX
8
0
10
162.848000000001
20
14.3416049422336
30
0
0
VERTEX
8
0
10
163.296000000001
20
14.3416049422336
30
0
0
VERTEX
8
0
10
163.744000000001
20
14.3416049422336
30
0
0
VERTEX
8
0
10
164.192000000001
20
14.304979226449
30
0
0
VERTEX
8
0
10
164.640000000001
20
14.2791305168114
30
0
0
VERTEX
8
0
10
165.088000000001
20
14.2532818071738
30
0
0
VERTEX
8
0
10
165.536000000001
20
14.2274330975362
30
0
0
VERTEX
8
0
10
165.984000000001
20
14.2015843878986
30
0
0
VERTEX
8
0
10
166.432000000001
20
14.175735678261
30
0
0
VERTEX
8
0
10
166.880000000001
20
14.1671328626444
30
0
0
VERTEX
8
0
10
167.328000000001
20
14.1671328626444
30
0
0
VERTEX
8
0
10
167.776000000001
20
14.1671328626444
30
0
0
VERTEX
8
0
10
168.224000000001
20
14.1671328626444
30
0
0
VERTEX
8
0
10
168.672000000001
20
14.1671328626444
30
0
0
VERTEX
8
0
10
169.120000000001
20
14.1671328626444
30
0
0
VERTEX
8
0
10
169.568000000001
20
14.1671328626444
30
0
0
VERTEX
8
0
10
170.016000000001
20
14.1671328626444
30
0
0
SEQEND
8
0
0
POLYLINE
8
0
62
6
70
0
10
0
20
0
30
0
0
VERTEX
8
0
10
0.224
20
0.676915336225598
30
0
0
VERTEX
8
0
10
0.672
20
1.84205880694144
30
0
0
VERTEX
8
0
10
1.12
20
3.00720227765727
30
0
0
VERTEX
8
0
10
1.568
20
4.17234574837311
30
0
0
VERTEX
8
0
10
2.016
20
5.33748921908895
30
0
0
VERTEX
8
0
10
2.464
20
6.50263268980479
30
0
0
VERTEX
8
0
10
2.912
20
7.5032645065076
30
0
0
VERTEX
8
0
10
3.36
20
8.43687305676067
30
0
0
VERTEX
8
0
10
3.808
20
9.37048160701374
30
0
0
VERTEX
8
0
10
4.256
20
10.3040901572668
30
0
0
VERTEX
8
0
10
4.704
20
11.2376987075199
30
0
0
VERTEX
8
0
10
5.152
20
12.171307257773
30
0
0
VERTEX
8
0
10
5.6
20
13.104915808026
30
0
0
VERTEX
8
0
10
6.048
20
13.8475440829115
30
0
0
VERTEX
8
0
10
6.496
20
14.6442233791275
30
0
0
VERTEX
8
0
10
6.944
20
15.4409026753435
30
0
0
VERTEX
8
0
10
7.392
20
16.2375819715594
30
0
0
VERTEX
8
0
10
7.84
20
16.9155128118221
30
0
0
VERTEX
8
0
10
8.288
20
17.5316944549892
30
0
0
VERTEX
8
0
10
8.736
20
18.1478760981562
30
0
0
VERTEX
8
0
10
9.184
20
18.7640577413232
30
0
0
VERTEX
8
0
10
9.632
20
19.3802393844903
30
0
0
VERTEX
8
0
10
10.08
20
20.1585740916486
30
0
0
VERTEX
8
0
10
10.528
20
20.886788760846
30
0
0
VERTEX
8
0
10
10.976
20
21.6150034300434
30
0
0
VERTEX
8
0
10
11.424
20
22.3432180992408
30
0
0
VERTEX
8
0
10
11.872
20
22.8635820227766
30
0
0
VERTEX
8
0
10
12.32
20
23.4237471529284
30
0
0
VERTEX
8
0
10
12.768
20
23.9839122830803
30
0
0
VERTEX
8
0
10
13.216
20
24.5440774132321
30
0
0
VERTEX
8
0
10
13.664
20
25.104242543384
30
0
0
VERTEX
8
0
10
14.112
20
25.6644076735358
30
0
0
VERTEX
8
0
10
14.56
20
26.1557805947216
30
0
0
VERTEX
8
0
10
15.008
20
26.6412570408532
30
0
0
VERTEX
8
0
10
15.456
20
27.1267334869848
30
0
0
VERTEX
8
0
10
15.904
20
27.6122099331164
30
0
0
VERTEX
8
0
10
16.352
20
28.097686379248
30
0
0
VERTEX
8
0
10
16.8
20
28.5831628253796
30
0
0
VERTEX
8
0
10
17.248
20
29.0460361171367
30
0
0
VERTEX
8
0
10
17.696
20
29.4941682212581
30
0
0
VERTEX
8
0
10
18.144
20
29.9423003253796
30
0
0
VERTEX
8
0
10
18.592
20
30.3904324295011
30
0
0
VERTEX
8
0
10
19.04
20
30.8385645336226
30
0
0
VERTEX
8
0
10
19.488
20
31.2380507185466
30
0
0
VERTEX
8
0
10
19.936
20
31.6301663096529
30
0
0
VERTEX
8
0
10
20.384
20
32.0222819007592
30
0
0
VERTEX
8
0
10
20.832
20
32.4143974918655
30
0
0
VERTEX
8
0
10
21.28
20
32.6825530960363
30
0
0
VERTEX
8
0
10
21.728
20
32.8862495070006
30
0
0
VERTEX
8
0
10
22.176
20
33.0899459179649
30
0
0
VERTEX
8
0
10
22.624
20
33.2936423289292
30
0
0
VERTEX
8
0
10
23.072
20
33.4973387398935
30
0
0
VERTEX
8
0
10
23.52
20
33.7010351508578
30
0
0
VERTEX
8
0
10
23.968
20
33.7632161605206
30
0
0
VERTEX
8
0
10
24.416
20
33.8039554427135
30
0
0
VERTEX
8
0
10
24.864
20
33.8446947249063
30
0
0
VERTEX
8
0
10
25.312
20
33.8854340070992
30
0
0
VERTEX
8
0
10
25.76
20
33.926173289292
30
0
0
VERTEX
8
0
10
26.208
20
33.9669125714849
30
0
0
VERTEX
8
0
10
26.656
20
33.9636963123644
30
0
0
VERTEX
8
0
10
27.104
20
33.9636963123644
30
0
0
VERTEX
8
0
10
27.552
20
33.9636963123644
30
0
0
VERTEX
8
0
10
28
20
33.9636963123644
30
0
0
VERTEX
8
0
10
28.448
20
33.9636963123644
30
0
0
VERTEX
8
0
10
28.896
20
33.9636963123644
30
0
0
VERTEX
8
0
10
29.344
20
33.9636963123644
30
0
0
VERTEX
8
0
10
29.792
20
34.0644724314731
30
0
0
VERTEX
8
0
10
30.24
20
34.1459509958588
30
0
0
VERTEX
8
0
10
30.688
20
34.2274295602445
30
0
0
VERTEX
8
0
10
31.136
20
34.3089081246302
30
0
0
VERTEX
8
0
10
31.584
20
34.390386689016
30
0
0
VERTEX
8
0
10
32.032
20
34.4718652534017
30
0
0
VERTEX
8
0
10
32.48
20
34.5533438177874
30
0
0
VERTEX
8
0
10
32.928
20
34.6348223821731
30
0
0
VERTEX
8
0
10
33.376
20
34.7163009465589
30
0
0
VERTEX
8
0
10
33.824
20
34.7977795109446
30
0
0
VERTEX
8
0
10
34.2719999999999
20
34.8792580753303
30
0
0
VERTEX
8
0
10
34.7199999999999
20
34.9398905157869
30
0
0
VERTEX
8
0
10
35.168
20
34.9896829718004
30
0
0
VERTEX
8
0
10
35.6159999999999
20
35.0394754278139
30
0
0
VERTEX
8
0
10
36.0639999999999
20
35.0892678838274
30
0
0
VERTEX
8
0
10
36.5119999999999
20
35.1390603398409
30
0
0
VERTEX
8
0
10
36.9599999999999
20
35.1429913232104
30
0
0
VERTEX
8
0
10
37.4079999999999
20
35.1429913232104
30
0
0
VERTEX
8
0
10
37.8559999999999
20
35.1429913232104
30
0
0
VERTEX
8
0
10
38.3039999999999
20
35.1429913232104
30
0
0
VERTEX
8
0
10
38.7519999999999
20
35.1429913232104
30
0
0
VERTEX
8
0
10
39.1999999999999
20
35.1429913232104
30
0
0
VERTEX
8
0
10
39.6479999999999
20
35.1429913232104
30
0
0
VERTEX
8
0
10
40.0959999999999
20
35.1429913232104
30
0
0
VERTEX
8
0
10
40.5439999999999
20
35.1429913232104
30
0
0
VERTEX
8
0
10
40.9919999999999
20
35.1429913232104
30
0
0
VERTEX
8
0
10
41.4399999999999
20
35.1429913232104
30
0
0
VERTEX
8
0
10
41.8879999999999
20
35.1429913232104
30
0
0
VERTEX
8
0
10
42.3359999999999
20
35.1429913232104
30
0
0
VERTEX
8
0
10
42.7839999999999
20
35.1429913232104
30
0
0
VERTEX
8
0
10
43.2319999999999
20
35.1429913232104
30
0
0
VERTEX
8
0
10
43.6799999999999
20
35.1429913232104
30
0
0
VERTEX
8
0
10
44.1279999999999
20
35.1429913232104
30
0
0
VERTEX
8
0
10
44.5759999999999
20
35.1429913232104
30
0
0
VERTEX
8
0
10
45.0239999999999
20
35.1429913232104
30
0
0
VERTEX
8
0
10
45.4719999999999
20
35.1429913232104
30
0
0
VERTEX
8
0
10
45.9199999999999
20
35.1429913232104
30
0
0
VERTEX
8
0
10
46.3679999999999
20
35.1429913232104
30
0
0
VERTEX
8
0
10
46.8159999999999
20
35.2355206240614
30
0
0
VERTEX
8
0
10
47.2639999999999
20
35.3044640246955
30
0
0
VERTEX
8
0
10
47.7119999999999
20
35.3734074253295
30
0
0
VERTEX
8
0
10
48.1599999999999
20
35.4423508259636
30
0
0
VERTEX
8
0
10
48.6079999999999
20
35.5112942265977
30
0
0
VERTEX
8
0
10
49.0559999999999
20
35.5802376272317
30
0
0
VERTEX
8
0
10
49.5039999999999
20
35.6491810278658
30
0
0
VERTEX
8
0
10
49.9519999999999
20
35.7698319789754
30
0
0
VERTEX
8
0
10
50.3999999999999
20
35.8732470799265
30
0
0
VERTEX
8
0
10
50.8479999999999
20
35.9766621808777
30
0
0
VERTEX
8
0
10
51.2959999999999
20
36.0800772818288
30
0
0
VERTEX
8
0
10
51.7439999999999
20
36.1834923827799
30
0
0
VERTEX
8
0
10
52.1919999999999
20
36.286907483731
30
0
0
VERTEX
8
0
10
52.6399999999999
20
36.3676438344735
30
0
0
VERTEX
8
0
10
53.0879999999999
20
36.4365872351076
30
0
0
VERTEX
8
0
10
53.5359999999999
20
36.5055306357417
30
0
0
VERTEX
8
0
10
53.9839999999999
20
36.5744740363757
30
0
0
VERTEX
8
0
10
54.4319999999999
20
36.6434174370098
30
0
0
VERTEX
8
0
10
54.8799999999999
20
36.7123608376439
30
0
0
VERTEX
8
0
10
55.3279999999999
20
36.781304238278
30
0
0
VERTEX
8
0
10
55.7759999999999
20
36.8183764352856
30
0
0
VERTEX
8
0
10
56.2239999999999
20
36.8482519088937
30
0
0
VERTEX
8
0
10
56.6719999999999
20
36.8781273825018
30
0
0
VERTEX
8
0
10
57.1199999999999
20
36.9080028561099
30
0
0
VERTEX
8
0
10
57.5679999999999
20
36.937878329718
30
0
0
VERTEX
8
0
10
58.0159999999999
20
36.9677538033261
30
0
0
VERTEX
8
0
10
58.4639999999999
20
36.9976292769342
30
0
0
VERTEX
8
0
10
58.9119999999999
20
37.0275047505423
30
0
0
VERTEX
8
0
10
59.3599999999999
20
37.029863340564
30
0
0
VERTEX
8
0
10
59.8079999999999
20
37.029863340564
30
0
0
VERTEX
8
0
10
60.2559999999999
20
37.029863340564
30
0
0
VERTEX
8
0
10
60.7039999999999
20
37.029863340564
30
0
0
VERTEX
8
0
10
61.1519999999999
20
37.029863340564
30
0
0
VERTEX
8
0
10
61.5999999999999
20
37.029863340564
30
0
0
VERTEX
8
0
10
62.0479999999998
20
37.029863340564
30
0
0
VERTEX
8
0
10
62.4959999999998
20
37.029863340564
30
0
0
VERTEX
8
0
10
62.9439999999998
20
37.029863340564
30
0
0
VERTEX
8
0
10
63.3919999999998
20
37.029863340564
30
0
0
VERTEX
8
0
10
63.8399999999998
20
37.029863340564
30
0
0
VERTEX
8
0
10
64.2879999999998
20
37.029863340564
30
0
0
VERTEX
8
0
10
64.7359999999998
20
37.029863340564
30
0
0
VERTEX
8
0
10
65.1839999999998
20
37.029863340564
30
0
0
VERTEX
8
0
10
65.6319999999998
20
37.029863340564
30
0
0
VERTEX
8
0
10
66.0799999999998
20
37.029863340564
30
0
0
VERTEX
8
0
10
66.5279999999998
20
37.029863340564
30
0
0
VERTEX
8
0
10
66.9759999999998
20
37.029863340564
30
0
0
VERTEX
8
0
10
67.4239999999998
20
37.029863340564
30
0
0
VERTEX
8
0
10
67.8719999999998
20
37.029863340564
30
0
0
VERTEX
8
0
10
68.3199999999998
20
37.0515871960269
30
0
0
VERTEX
8
0
10
68.7679999999998
20
37.0751730962439
30
0
0
VERTEX
8
0
10
69.2159999999998
20
37.0987589964608
30
0
0
VERTEX
8
0
10
69.6639999999998
20
37.1223448966777
30
0
0
VERTEX
8
0
10
70.1119999999998
20
37.1459307968946
30
0
0
VERTEX
8
0
10
70.5599999999998
20
37.1695166971115
30
0
0
VERTEX
8
0
10
71.0079999999998
20
37.1931025973284
30
0
0
VERTEX
8
0
10
71.4559999999998
20
37.2166884975454
30
0
0
VERTEX
8
0
10
71.9039999999998
20
37.2402743977623
30
0
0
VERTEX
8
0
10
72.3519999999998
20
37.2638602979792
30
0
0
VERTEX
8
0
10
72.7999999999998
20
37.2657223427332
30
0
0
VERTEX
8
0
10
73.2479999999998
20
37.2657223427332
30
0
0
VERTEX
8
0
10
73.6959999999998
20
37.2657223427332
30
0
0
VERTEX
8
0
10
74.1439999999998
20
37.2657223427332
30
0
0
VERTEX
8
0
10
74.5919999999999
20
37.2657223427332
30
0
0
VERTEX
8
0
10
75.0399999999999
20
37.2657223427332
30
0
0
VERTEX
8
0
10
75.4879999999999
20
37.2657223427332
30
0
0
VERTEX
8
0
10
75.9359999999999
20
37.2657223427332
30
0
0
VERTEX
8
0
10
76.3839999999999
20
37.2657223427332
30
0
0
VERTEX
8
0
10
76.8319999999999
20
37.2657223427332
30
0
0
VERTEX
8
0
10
77.2799999999999
20
37.2657223427332
30
0
0
VERTEX
8
0
10
77.7279999999999
20
37.2657223427332
30
0
0
VERTEX
8
0
10
78.1759999999999
20
37.2657223427332
30
0
0
VERTEX
8
0
10
78.6239999999999
20
37.2131901104319
30
0
0
VERTEX
8
0
10
79.0719999999999
20
37.172450828239
30
0
0
VERTEX
8
0
10
79.5199999999999
20
37.1317115460461
30
0
0
VERTEX
8
0
10
79.9679999999999
20
37.0909722638533
30
0
0
VERTEX
8
0
10
80.4159999999999
20
37.0502329816604
30
0
0
VERTEX
8
0
10
80.8639999999999
20
37.0094936994676
30
0
0
VERTEX
8
0
10
81.312
20
36.9687544172747
30
0
0
VERTEX
8
0
10
81.76
20
36.9280151350818
30
0
0
VERTEX
8
0
10
82.208
20
36.887275852889
30
0
0
VERTEX
8
0
10
82.656
20
36.8465365706961
30
0
0
VERTEX
8
0
10
83.104
20
36.8057972885032
30
0
0
VERTEX
8
0
10
83.552
20
36.7557951800434
30
0
0
VERTEX
8
0
10
84
20
36.7020193275488
30
0
0
VERTEX
8
0
10
84.448
20
36.6482434750542
30
0
0
VERTEX
8
0
10
84.896
20
36.5944676225596
30
0
0
VERTEX
8
0
10
85.344
20
36.5406917700651
30
0
0
VERTEX
8
0
10
85.792
20
36.4869159175705
30
0
0
VERTEX
8
0
10
86.24
20
36.4331400650759
30
0
0
VERTEX
8
0
10
86.688
20
36.3793642125813
30
0
0
VERTEX
8
0
10
87.136
20
36.3255883600868
30
0
0
VERTEX
8
0
10
87.584
20
36.2718125075922
30
0
0
VERTEX
8
0
10
88.0320000000001
20
36.2180366550976
30
0
0
VERTEX
8
0
10
88.4800000000001
20
36.164260802603
30
0
0
VERTEX
8
0
10
88.9280000000001
20
36.1104849501085
30
0
0
VERTEX
8
0
10
89.3760000000001
20
36.0526566111221
30
0
0
VERTEX
8
0
10
89.8240000000001
20
35.9915476878328
30
0
0
VERTEX
8
0
10
90.2720000000001
20
35.9304387645435
30
0
0
VERTEX
8
0
10
90.7200000000001
20
35.8693298412542
30
0
0
VERTEX
8
0
10
91.1680000000001
20
35.8082209179649
30
0
0
VERTEX
8
0
10
91.6160000000001
20
35.7471119946756
30
0
0
VERTEX
8
0
10
92.0640000000001
20
35.6860030713863
30
0
0
VERTEX
8
0
10
92.5120000000001
20
35.624894148097
30
0
0
VERTEX
8
0
10
92.9600000000001
20
35.5637852248077
30
0
0
VERTEX
8
0
10
93.4080000000001
20
35.5026763015184
30
0
0
VERTEX
8
0
10
93.8560000000001
20
35.4415673782291
30
0
0
VERTEX
8
0
10
94.3040000000001
20
35.3804584549398
30
0
0
VERTEX
8
0
10
94.7520000000001
20
35.3193495316505
30
0
0
VERTEX
8
0
10
95.2000000000001
20
35.2582406083612
30
0
0
VERTEX
8
0
10
95.6480000000002
20
35.197131685072
30
0
0
VERTEX
8
0
10
96.0960000000002
20
35.1360227617827
30
0
0
VERTEX
8
0
10
96.5440000000002
20
35.0749138384934
30
0
0
VERTEX
8
0
10
96.9920000000002
20
35.0138049152041
30
0
0
VERTEX
8
0
10
97.4400000000002
20
34.9526959919148
30
0
0
VERTEX
8
0
10
97.8880000000002
20
34.8915870686255
30
0
0
VERTEX
8
0
10
98.3360000000002
20
34.8304781453362
30
0
0
VERTEX
8
0
10
98.7840000000002
20
34.7693692220469
30
0
0
VERTEX
8
0
10
99.2320000000002
20
34.7082602987576
30
0
0
VERTEX
8
0
10
99.6800000000002
20
34.6471513754683
30
0
0
VERTEX
8
0
10
100.128
20
34.5962701561822
30
0
0
VERTEX
8
0
10
100.576
20
34.5424943036876
30
0
0
VERTEX
8
0
10
101.024
20
34.488718451193
30
0
0
VERTEX
8
0
10
101.472
20
34.4349425986984
30
0
0
VERTEX
8
0
10
101.92
20
34.3811667462039
30
0
0
VERTEX
8
0
10
102.368
20
34.3273908937093
30
0
0
VERTEX
8
0
10
102.816
20
34.2736150412147
30
0
0
VERTEX
8
0
10
103.264
20
34.2198391887201
30
0
0
VERTEX
8
0
10
103.712
20
34.1660633362256
30
0
0
VERTEX
8
0
10
104.16
20
34.112287483731
30
0
0
VERTEX
8
0
10
104.608
20
34.0585116312364
30
0
0
VERTEX
8
0
10
105.056
20
34.0047357787418
30
0
0
VERTEX
8
0
10
105.504
20
33.9509599262473
30
0
0
VERTEX
8
0
10
105.952
20
33.8921777762228
30
0
0
VERTEX
8
0
10
106.4
20
33.8343542789168
30
0
0
VERTEX
8
0
10
106.848
20
33.7765307816108
30
0
0
VERTEX
8
0
10
107.296
20
33.7187072843048
30
0
0
VERTEX
8
0
10
107.744
20
33.6608837869988
30
0
0
VERTEX
8
0
10
108.192
20
33.6030602896928
30
0
0
VERTEX
8
0
10
108.64
20
33.5452367923868
30
0
0
VERTEX
8
0
10
109.088
20
33.4874132950808
30
0
0
VERTEX
8
0
10
109.536
20
33.4295897977748
30
0
0
VERTEX
8
0
10
109.984
20
33.3717663004688
30
0
0
VERTEX
8
0
10
110.432
20
33.3139428031628
30
0
0
VERTEX
8
0
10
110.88
20
33.2561193058568
30
0
0
VERTEX
8
0
10
111.328
20
33.1982958085508
30
0
0
VERTEX
8
0
10
111.776
20
33.1404723112448
30
0
0
VERTEX
8
0
10
112.224
20
33.0826488139388
30
0
0
VERTEX
8
0
10
112.672
20
33.0248253166328
30
0
0
VERTEX
8
0
10
113.12
20
32.9633288204054
30
0
0
VERTEX
8
0
10
113.568
20
32.9015174956989
30
0
0
VERTEX
8
0
10
114.016
20
32.8397061709925
30
0
0
VERTEX
8
0
10
114.464
20
32.7778948462861
30
0
0
VERTEX
8
0
10
114.912
20
32.7160835215797
30
0
0
VERTEX
8
0
10
115.36
20
32.6542721968733
30
0
0
VERTEX
8
0
10
115.808
20
32.5924608721669
30
0
0
VERTEX
8
0
10
116.256
20
32.5306495474605
30
0
0
VERTEX
8
0
10
116.704
20
32.4688382227541
30
0
0
VERTEX
8
0
10
117.152
20
32.4070268980477
30
0
0
VERTEX
8
0
10
117.6
20
32.3452155733412
30
0
0
VERTEX
8
0
10
118.048
20
32.2834042486348
30
0
0
VERTEX
8
0
10
118.496
20
32.2215929239284
30
0
0
VERTEX
8
0
10
118.944
20
32.159781599222
30
0
0
VERTEX
8
0
10
119.392
20
32.0979702745156
30
0
0
VERTEX
8
0
10
119.840000000001
20
32.042139147633
30
0
0
VERTEX
8
0
10
120.288000000001
20
31.9894177236187
30
0
0
VERTEX
8
0
10
120.736000000001
20
31.9366962996044
30
0
0
VERTEX
8
0
10
121.184000000001
20
31.8839748755901
30
0
0
VERTEX
8
0
10
121.632000000001
20
31.8312534515758
30
0
0
VERTEX
8
0
10
122.080000000001
20
31.7785320275615
30
0
0
VERTEX
8
0
10
122.528000000001
20
31.7258106035472
30
0
0
VERTEX
8
0
10
122.976000000001
20
31.6730891795329
30
0
0
VERTEX
8
0
10
123.424000000001
20
31.6203677555186
30
0
0
VERTEX
8
0
10
123.872000000001
20
31.5676463315043
30
0
0
VERTEX
8
0
10
124.320000000001
20
31.51492490749
30
0
0
VERTEX
8
0
10
124.768000000001
20
31.4622034834757
30
0
0
VERTEX
8
0
10
125.216000000001
20
31.4094820594615
30
0
0
VERTEX
8
0
10
125.664000000001
20
31.3567606354472
30
0
0
VERTEX
8
0
10
126.112000000001
20
31.3040392114329
30
0
0
VERTEX
8
0
10
126.560000000001
20
31.2513177874186
30
0
0
VERTEX
8
0
10
127.008000000001
20
31.1985963634043
30
0
0
VERTEX
8
0
10
127.456000000001
20
31.14587493939
30
0
0
VERTEX
8
0
10
127.904000000001
20
31.0923488199565
30
0
0
VERTEX
8
0
10
128.352000000001
20
31.038572967462
30
0
0
VERTEX
8
0
10
128.800000000001
20
30.9847971149674
30
0
0
VERTEX
8
0
10
129.248000000001
20
30.9310212624728
30
0
0
VERTEX
8
0
10
129.696000000001
20
30.8772454099782
30
0
0
VERTEX
8
0
10
130.144000000001
20
30.8234695574836
30
0
0
VERTEX
8
0
10
130.592000000001
20
30.7696937049891
30
0
0
VERTEX
8
0
10
131.040000000001
20
30.7159178524945
30
0
0
VERTEX
8
0
10
131.488000000001
20
30.6621419999999
30
0
0
VERTEX
8
0
10
131.936000000001
20
30.6083661475053
30
0
0
VERTEX
8
0
10
132.384000000001
20
30.5545902950108
30
0
0
VERTEX
8
0
10
132.832000000001
20
30.5008144425162
30
0
0
VERTEX
8
0
10
133.280000000001
20
30.4470385900216
30
0
0
VERTEX
8
0
10
133.728000000001
20
30.3939009442388
30
0
0
VERTEX
8
0
10
134.176000000001
20
30.3411795202245
30
0
0
VERTEX
8
0
10
134.624000000001
20
30.2884580962102
30
0
0
VERTEX
8
0
10
135.072000000001
20
30.2357366721959
30
0
0
VERTEX
8
0
10
135.520000000001
20
30.1830152481816
30
0
0
VERTEX
8
0
10
135.968000000001
20
30.1302938241673
30
0
0
VERTEX
8
0
10
136.416000000001
20
30.077572400153
30
0
0
VERTEX
8
0
10
136.864000000001
20
30.0248509761387
30
0
0
VERTEX
8
0
10
137.312000000001
20
29.9721295521244
30
0
0
VERTEX
8
0
10
137.760000000001
20
29.9194081281101
30
0
0
VERTEX
8
0
10
138.208000000001
20
29.8666867040959
30
0
0
VERTEX
8
0
10
138.656000000001
20
29.8139652800816
30
0
0
VERTEX
8
0
10
139.104000000001
20
29.7612438560673
30
0
0
VERTEX
8
0
10
139.552000000001
20
29.708522432053
30
0
0
VERTEX
8
0
10
140.000000000001
20
29.6558010080387
30
0
0
VERTEX
8
0
10
140.448000000001
20
29.6030795840244
30
0
0
VERTEX
8
0
10
140.896000000001
20
29.5503581600101
30
0
0
VERTEX
8
0
10
141.344000000001
20
29.4976367359958
30
0
0
VERTEX
8
0
10
141.792000000001
20
29.4505343058567
30
0
0
VERTEX
8
0
10
142.240000000001
20
29.4057210954446
30
0
0
VERTEX
8
0
10
142.688000000001
20
29.3609078850324
30
0
0
VERTEX
8
0
10
143.136000000001
20
29.3160946746203
30
0
0
VERTEX
8
0
10
143.584000000001
20
29.2712814642082
30
0
0
VERTEX
8
0
10
144.032000000001
20
29.226468253796
30
0
0
VERTEX
8
0
10
144.480000000001
20
29.1816550433839
30
0
0
VERTEX
8
0
10
144.928000000001
20
29.1368418329717
30
0
0
VERTEX
8
0
10
145.376000000001
20
29.0920286225596
30
0
0
VERTEX
8
0
10
145.824000000001
20
29.0472154121474
30
0
0
VERTEX
8
0
10
146.272000000001
20
29.0024022017353
30
0
0
VERTEX
8
0
10
146.720000000001
20
28.9575889913231
30
0
0
VERTEX
8
0
10
147.168000000001
20
28.912775780911
30
0
0
VERTEX
8
0
10
147.616000000001
20
28.8679625704988
30
0
0
VERTEX
8
0
10
148.064000000001
20
28.8231493600867
30
0
0
VERTEX
8
0
10
148.512000000001
20
28.7783361496745
30
0
0
VERTEX
8
0
10
148.960000000001
20
28.7361026470986
30
0
0
VERTEX
8
0
10
149.408000000001
20
28.6940902623372
30
0
0
VERTEX
8
0
10
149.856000000001
20
28.6520778775758
30
0
0
VERTEX
8
0
10
150.304000000001
20
28.6100654928144
30
0
0
VERTEX
8
0
10
150.752000000001
20
28.5680531080531
30
0
0
VERTEX
8
0
10
151.200000000001
20
28.5260407232917
30
0
0
VERTEX
8
0
10
151.648000000001
20
28.4840283385303
30
0
0
VERTEX
8
0
10
152.096000000001
20
28.4420159537689
30
0
0
VERTEX
8
0
10
152.544000000001
20
28.4000035690075
30
0
0
VERTEX
8
0
10
152.992000000001
20
28.3579911842461
30
0
0
VERTEX
8
0
10
153.440000000001
20
28.3159787994847
30
0
0
VERTEX
8
0
10
153.888000000001
20
28.2739664147233
30
0
0
VERTEX
8
0
10
154.336000000001
20
28.2319540299619
30
0
0
VERTEX
8
0
10
154.784000000001
20
28.1899416452006
30
0
0
VERTEX
8
0
10
155.232000000001
20
28.1479292604392
30
0
0
VERTEX
8
0
10
155.680000000001
20
28.1059168756778
30
0
0
VERTEX
8
0
10
156.128000000001
20
28.0639044909164
30
0
0
VERTEX
8
0
10
156.576000000001
20
28.0163253681926
30
0
0
VERTEX
8
0
10
157.024000000001
20
27.9691535677588
30
0
0
VERTEX
8
0
10
157.472000000001
20
27.9219817673249
30
0
0
VERTEX
8
0
10
157.920000000001
20
27.8748099668911
30
0
0
VERTEX
8
0
10
158.368000000001
20
27.8276381664572
30
0
0
VERTEX
8
0
10
158.816000000001
20
27.7804663660234
30
0
0
VERTEX
8
0
10
159.264000000001
20
27.7332945655896
30
0
0
VERTEX
8
0
10
159.712000000001
20
27.6861227651557
30
0
0
VERTEX
8
0
10
160.160000000001
20
27.6389509647219
30
0
0
VERTEX
8
0
10
160.608000000001
20
27.591779164288
30
0
0
VERTEX
8
0
10
161.056000000001
20
27.5446073638542
30
0
0
VERTEX
8
0
10
161.504000000001
20
27.4974355634204
30
0
0
VERTEX
8
0
10
161.952000000001
20
27.4502637629865
30
0
0
VERTEX
8
0
10
162.400000000001
20
27.4030919625527
30
0
0
VERTEX
8
0
10
162.848000000001
20
27.3559201621188
30
0
0
VERTEX
8
0
10
163.296000000001
20
27.308748361685
30
0
0
VERTEX
8
0
10
163.744000000001
20
27.2615765612512
30
0
0
VERTEX
8
0
10
164.192000000001
20
27.2144047608173
30
0
0
VERTEX
8
0
10
164.640000000001
20
27.1672329603835
30
0
0
VERTEX
8
0
10
165.088000000001
20
27.1200611599496
30
0
0
VERTEX
8
0
10
165.536000000001
20
27.101807478801
30
0
0
VERTEX
8
0
10
165.984000000001
20
27.0814378377045
30
0
0
VERTEX
8
0
10
166.432000000001
20
27.0610681966081
30
0
0
VERTEX
8
0
10
166.880000000001
20
27.0406985555117
30
0
0
VERTEX
8
0
10
167.328000000001
20
27.0203289144152
30
0
0
VERTEX
8
0
10
167.776000000001
20
26.9999592733188
30
0
0
VERTEX
8
0
10
168.224000000001
20
26.9795896322224
30
0
0
VERTEX
8
0
10
168.672000000001
20
26.9592199911259
30
0
0
VERTEX
8
0
10
169.120000000001
20
26.9388503500295
30
0
0
VERTEX
8
0
10
169.568000000001
20
26.9184807089331
30
0
0
VERTEX
8
0
10
170.016000000001
20
26.8981110678367
30
0
0
SEQEND
8
0
0
POLYLINE
8
0
62
1
70
0
10
0
20
0
30
0
0
VERTEX
8
0
10
0.224
20
13.264823804542
30
0
0
VERTEX
8
0
10
0.672
20
19.2507305208415
30
0
0
VERTEX
8
0
10
1.12
20
23.4883221429063
30
0
0
VERTEX
8
0
10
1.568
20
30.070930279018
30
0
0
VERTEX
8
0
10
2.016
20
33.9313036286427
30
0
0
VERTEX
8
0
10
2.464
20
38.4402675396165
30
0
0
VERTEX
8
0
10
2.912
20
40.9048322643324
30
0
0
VERTEX
8
0
10
3.36
20
43.799261386317
30
0
0
VERTEX
8
0
10
3.808
20
45.797090953324
30
0
0
VERTEX
8
0
10
4.256
20
47.3006891121103
30
0
0
VERTEX
8
0
10
4.704
20
48.2496540487657
30
0
0
VERTEX
8
0
10
5.152
20
49.3982286264616
30
0
0
VERTEX
8
0
10
5.6
20
50.1092938253172
30
0
0
VERTEX
8
0
10
6.048
20
50.8334617625242
30
0
0
VERTEX
8
0
10
6.496
20
51.3482961356408
30
0
0
VERTEX
8
0
10
6.944
20
51.863812742976
30
0
0
VERTEX
8
0
10
7.392
20
52.3909356947345
30
0
0
VERTEX
8
0
10
7.84
20
52.5100097056456
30
0
0
VERTEX
8
0
10
8.288
20
52.7141700416827
30
0
0
VERTEX
8
0
10
8.736
20
52.9261937856532
30
0
0
VERTEX
8
0
10
9.184
20
52.9022140795303
30
0
0
VERTEX
8
0
10
9.632
20
52.9666709874153
30
0
0
VERTEX
8
0
10
10.08
20
53.1022754111126
30
0
0
VERTEX
8
0
10
10.528
20
53.0949882718809
30
0
0
VERTEX
8
0
10
10.976
20
53.123757483794
30
0
0
VERTEX
8
0
10
11.424
20
53.1123903659312
30
0
0
VERTEX
8
0
10
11.872
20
52.9718617819537
30
0
0
VERTEX
8
0
10
12.32
20
52.8601016960985
30
0
0
VERTEX
8
0
10
12.768
20
52.7806602421904
30
0
0
VERTEX
8
0
10
13.216
20
52.7081044731227
30
0
0
VERTEX
8
0
10
13.664
20
52.6268562787408
30
0
0
VERTEX
8
0
10
14.112
20
52.5460881713895
30
0
0
VERTEX
8
0
10
14.56
20
52.4420479122926
30
0
0
VERTEX
8
0
10
15.008
20
52.3442691258294
30
0
0
VERTEX
8
0
10
15.456
20
52.2536866563879
30
0
0
VERTEX
8
0
10
15.904
20
52.1358344267631
30
0
0
VERTEX
8
0
10
16.352
20
52.0332835535609
30
0
0
VERTEX
8
0
10
16.8
20
51.9552698822812
30
0
0
VERTEX
8
0
10
17.248
20
51.8797585767601
30
0
0
VERTEX
8
0
10
17.696
20
51.8029788810672
30
0
0
VERTEX
8
0
10
18.144
20
51.7330725772622
30
0
0
VERTEX
8
0
10
18.592
20
51.6710704692441
30
0
0
VERTEX
8
0
10
19.04
20
51.5868146945208
30
0
0
VERTEX
8
0
10
19.488
20
51.4867929031923
30
0
0
VERTEX
8
0
10
19.936
20
51.4723529838803
30
0
0
VERTEX
8
0
10
20.384
20
51.5041140644211
30
0
0
VERTEX
8
0
10
20.832
20
51.4566406917796
30
0
0
VERTEX
8
0
10
21.28
20
51.4155493966553
30
0
0
VERTEX
8
0
10
21.728
20
51.3598053879384
30
0
0
VERTEX
8
0
10
22.176
20
51.1766622631339
30
0
0
VERTEX
8
0
10
22.624
20
51.0034341734181
30
0
0
VERTEX
8
0
10
23.072
20
50.9093716462205
30
0
0
VERTEX
8
0
10
23.52
20
50.8369756247421
30
0
0
VERTEX
8
0
10
23.968
20
50.5665276188238
30
0
0
VERTEX
8
0
10
24.416
20
50.3059628594428
30
0
0
VERTEX
8
0
10
24.864
20
50.1319532424369
30
0
0
VERTEX
8
0
10
25.312
20
49.9783294284811
30
0
0
VERTEX
8
0
10
25.76
20
49.7244165498795
30
0
0
VERTEX
8
0
10
26.208
20
49.5028500903901
30
0
0
VERTEX
8
0
10
26.656
20
49.3498898832166
30
0
0
VERTEX
8
0
10
27.104
20
49.1868249923788
30
0
0
VERTEX
8
0
10
27.552
20
48.9687309826474
30
0
0
VERTEX
8
0
10
28
20
48.7341519890192
30
0
0
VERTEX
8
0
10
28.448
20
48.5520627625076
30
0
0
VERTEX
8
0
10
28.896
20
48.3447894754409
30
0
0
VERTEX
8
0
10
29.344
20
48.1333829913204
30
0
0
VERTEX
8
0
10
29.792
20
47.9232686648437
30
0
0
VERTEX
8
0
10
30.24
20
47.806270390246
30
0
0
VERTEX
8
0
10
30.688
20
47.7011863349162
30
0
0
VERTEX
8
0
10
31.136
20
47.5968592355518
30
0
0
VERTEX
8
0
10
31.584
20
47.4936014613086
30
0
0
VERTEX
8
0
10
32.032
20
47.3914200018151
30
0
0
VERTEX
8
0
10
32.48
20
47.2903218339378
30
0
0
VERTEX
8
0
10
32.928
20
47.2000492901731
30
0
0
VERTEX
8
0
10
33.376
20
47.1081184748385
30
0
0
VERTEX
8
0
10
33.824
20
47.0279837078604
30
0
0
VERTEX
8
0
10
34.2719999999999
20
46.958434044632
30
0
0
VERTEX
8
0
10
34.7199999999999
20
46.8741827229713
30
0
0
VERTEX
8
0
10
35.168
20
46.7825525720844
30
0
0
VERTEX
8
0
10
35.6159999999999
20
46.6905984499121
30
0
0
VERTEX
8
0
10
36.0639999999999
20
46.5992426816038
30
0
0
VERTEX
8
0
10
36.5119999999999
20
46.4980162144749
30
0
0
VERTEX
8
0
10
36.9599999999999
20
46.3604212110441
30
0
0
VERTEX
8
0
10
37.4079999999999
20
46.2204312919785
30
0
0
VERTEX
8
0
10
37.8559999999999
20
46.1119743826067
30
0
0
VERTEX
8
0
10
38.3039999999999
20
46.0013577008174
30
0
0
VERTEX
8
0
10
38.7519999999999
20
45.8924262692211
30
0
0
VERTEX
8
0
10
39.1999999999999
20
45.7836833126114
30
0
0
VERTEX
8
0
10
39.6479999999999
20
45.6921465388093
30
0
0
VERTEX
8
0
10
40.0959999999999
20
45.6162040064482
30
0
0
VERTEX
8
0
10
40.5439999999999
20
45.5782603648228
30
0
0
VERTEX
8
0
10
40.9919999999999
20
45.5530172724401
30
0
0
VERTEX
8
0
10
41.4399999999999
20
45.5446923497108
30
0
0
VERTEX
8
0
10
41.8879999999999
20
45.5443844740981
30
0
0
VERTEX
8
0
10
42.3359999999999
20
45.470698808213
30
0
0
VERTEX
8
0
10
42.7839999999999
20
45.3485657663103
30
0
0
VERTEX
8
0
10
43.2319999999999
20
45.2276480535911
30
0
0
VERTEX
8
0
10
43.6799999999999
20
45.1079554435981
30
0
0
VERTEX
8
0
10
44.1279999999999
20
45.0225050728564
30
0
0
VERTEX
8
0
10
44.5759999999999
20
44.9412807056426
30
0
0
VERTEX
8
0
10
45.0239999999999
20
44.8600247432677
30
0
0
VERTEX
8
0
10
45.4719999999999
20
44.7837525410841
30
0
0
VERTEX
8
0
10
45.9199999999999
20
44.5879105771104
30
0
0
VERTEX
8
0
10
46.3679999999999
20
44.4365743727751
30
0
0
VERTEX
8
0
10
46.8159999999999
20
44.374032787867
30
0
0
VERTEX
8
0
10
47.2639999999999
20
44.3406416712403
30
0
0
VERTEX
8
0
10
47.7119999999999
20
44.3226942764648
30
0
0
VERTEX
8
0
10
48.1599999999999
20
44.3405589378884
30
0
0
VERTEX
8
0
10
48.6079999999999
20
44.3747234436242
30
0
0
VERTEX
8
0
10
49.0559999999999
20
44.3985017902193
30
0
0
VERTEX
8
0
10
49.5039999999999
20
44.4079538743501
30
0
0
VERTEX
8
0
10
49.9519999999999
20
44.445654886765
30
0
0
VERTEX
8
0
10
50.3999999999999
20
44.5104338273247
30
0
0
VERTEX
8
0
10
50.8479999999999
20
44.5874872366072
30
0
0
VERTEX
8
0
10
51.2959999999999
20
44.7460142287592
30
0
0
VERTEX
8
0
10
51.7439999999999
20
44.9057522634768
30
0
0
VERTEX
8
0
10
52.1919999999999
20
45.087116703214
30
0
0
VERTEX
8
0
10
52.6399999999999
20
45.2286876729716
30
0
0
VERTEX
8
0
10
53.0879999999999
20
45.2822626443417
30
0
0
VERTEX
8
0
10
53.5359999999999
20
45.3330296664119
30
0
0
VERTEX
8
0
10
53.9839999999999
20
45.3754982361128
30
0
0
VERTEX
8
0
10
54.4319999999999
20
45.4211200883317
30
0
0
VERTEX
8
0
10
54.8799999999999
20
45.496051791085
30
0
0
VERTEX
8
0
10
55.3279999999999
20
45.5845237208798
30
0
0
VERTEX
8
0
10
55.7759999999999
20
45.6215088591974
30
0
0
VERTEX
8
0
10
56.2239999999999
20
45.6400590518632
30
0
0
VERTEX
8
0
10
56.6719999999999
20
45.626546609403
30
0
0
VERTEX
8
0
10
57.1199999999999
20
45.5985368625195
30
0
0
VERTEX
8
0
10
57.5679999999999
20
45.565871971078
30
0
0
VERTEX
8
0
10
58.0159999999999
20
45.5136146227317
30
0
0
VERTEX
8
0
10
58.4639999999999
20
45.4591368623946
30
0
0
VERTEX
8
0
10
58.9119999999999
20
45.5066465542315
30
0
0
VERTEX
8
0
10
59.3599999999999
20
45.5286326014524
30
0
0
VERTEX
8
0
10
59.8079999999999
20
45.553639696897
30
0
0
VERTEX
8
0
10
60.2559999999999
20
45.5824473607681
30
0
0
VERTEX
8
0
10
60.7039999999999
20
45.6248287517799
30
0
0
VERTEX
8
0
10
61.1519999999999
20
45.5683329161731
30
0
0
VERTEX
8
0
10
61.5999999999999
20
45.5187657963115
30
0
0
VERTEX
8
0
10
62.0479999999998
20
45.461254490812
30
0
0
VERTEX
8
0
10
62.4959999999998
20
45.406165302605
30
0
0
VERTEX
8
0
10
62.9439999999998
20
45.3513656944969
30
0
0
VERTEX
8
0
10
63.3919999999998
20
45.3416271910758
30
0
0
VERTEX
8
0
10
63.8399999999998
20
45.3385650597959
30
0
0
VERTEX
8
0
10
64.2879999999998
20
45.3364241683724
30
0
0
VERTEX
8
0
10
64.7359999999998
20
45.3487161918277
30
0
0
VERTEX
8
0
10
65.1839999999998
20
45.3594051658129
30
0
0
VERTEX
8
0
10
65.6319999999998
20
45.3717921623786
30
0
0
VERTEX
8
0
10
66.0799999999998
20
45.3019572411571
30
0
0
VERTEX
8
0
10
66.5279999999998
20
45.2603399095235
30
0
0
VERTEX
8
0
10
66.9759999999998
20
45.2188065008783
30
0
0
VERTEX
8
0
10
67.4239999999998
20
45.18582899783
30
0
0
VERTEX
8
0
10
67.8719999999998
20
45.1504759167462
30
0
0
VERTEX
8
0
10
68.3199999999998
20
45.2658374185314
30
0
0
VERTEX
8
0
10
68.7679999999998
20
45.3422901573445
30
0
0
VERTEX
8
0
10
69.2159999999998
20
45.421382114954
30
0
0
VERTEX
8
0
10
69.6639999999998
20
45.5025095477513
30
0
0
VERTEX
8
0
10
70.1119999999998
20
45.5802837562356
30
0
0
VERTEX
8
0
10
70.5599999999998
20
45.6603731149858
30
0
0
VERTEX
8
0
10
71.0079999999998
20
45.470340716998
30
0
0
VERTEX
8
0
10
71.4559999999998
20
45.3781538889874
30
0
0
VERTEX
8
0
10
71.9039999999998
20
45.2892736881526
30
0
0
VERTEX
8
0
10
72.3519999999998
20
45.2019919106402
30
0
0
VERTEX
8
0
10
72.7999999999998
20
45.092261704957
30
0
0
VERTEX
8
0
10
73.2479999999998
20
45.0572837660744
30
0
0
VERTEX
8
0
10
73.6959999999998
20
45.0719092151068
30
0
0
VERTEX
8
0
10
74.1439999999998
20
45.0890768817459
30
0
0
VERTEX
8
0
10
74.5919999999999
20
45.1073417743138
30
0
0
VERTEX
8
0
10
75.0399999999999
20
45.1263523705827
30
0
0
VERTEX
8
0
10
75.4879999999999
20
45.1505220755437
30
0
0
VERTEX
8
0
10
75.9359999999999
20
45.1695352689772
30
0
0
VERTEX
8
0
10
76.3839999999999
20
44.9780699032612
30
0
0
VERTEX
8
0
10
76.8319999999999
20
44.8376154204412
30
0
0
VERTEX
8
0
10
77.2799999999999
20
44.701031251803
30
0
0
VERTEX
8
0
10
77.7279999999999
20
44.5676144700813
30
0
0
VERTEX
8
0
10
78.1759999999999
20
44.4370477043699
30
0
0
VERTEX
8
0
10
78.6239999999999
20
44.2651838223233
30
0
0
VERTEX
8
0
10
79.0719999999999
20
44.195153388841
30
0
0
VERTEX
8
0
10
79.5199999999999
20
44.1279590758104
30
0
0
VERTEX
8
0
10
79.9679999999999
20
44.0525302961367
30
0
0
VERTEX
8
0
10
80.4159999999999
20
43.9793971298463
30
0
0
VERTEX
8
0
10
80.8639999999999
20
43.9070861675581
30
0
0
VERTEX
8
0
10
81.312
20
43.8352577350995
30
0
0
VERTEX
8
0
10
81.76
20
43.7635002237144
30
0
0
VERTEX
8
0
10
82.208
20
43.5358440281344
30
0
0
VERTEX
8
0
10
82.656
20
43.3561388430489
30
0
0
VERTEX
8
0
10
83.104
20
43.1818748293709
30
0
0
VERTEX
8
0
10
83.552
20
43.0042135909837
30
0
0
VERTEX
8
0
10
84
20
42.8357897166027
30
0
0
VERTEX
8
0
10
84.448
20
42.671757805106
30
0
0
VERTEX
8
0
10
84.896
20
42.7174946618017
30
0
0
VERTEX
8
0
10
85.344
20
42.8491009739977
30
0
0
VERTEX
8
0
10
85.792
20
42.9991782715931
30
0
0
VERTEX
8
0
10
86.24
20
43.1673968333652
30
0
0
VERTEX
8
0
10
86.688
20
43.3536166276729
30
0
0
VERTEX
8
0
10
87.136
20
43.5576067756514
30
0
0
VERTEX
8
0
10
87.584
20
43.7782868729982
30
0
0
VERTEX
8
0
10
88.0320000000001
20
44.0097944441002
30
0
0
VERTEX
8
0
10
88.4800000000001
20
43.9947447659277
30
0
0
VERTEX
8
0
10
88.9280000000001
20
44.0342082211068
30
0
0
VERTEX
8
0
10
89.3760000000001
20
44.0792113460682
30
0
0
VERTEX
8
0
10
89.8240000000001
20
44.1256041015721
30
0
0
VERTEX
8
0
10
90.2720000000001
20
44.1753236989507
30
0
0
VERTEX
8
0
10
90.7200000000001
20
44.2273975785582
30
0
0
VERTEX
8
0
10
91.1680000000001
20
44.2818174347329
30
0
0
VERTEX
8
0
10
91.6160000000001
20
43.9965909829348
30
0
0
VERTEX
8
0
10
92.0640000000001
20
43.7733685400517
30
0
0
VERTEX
8
0
10
92.5120000000001
20
43.5540493020996
30
0
0
VERTEX
8
0
10
92.9600000000001
20
43.3375345191879
30
0
0
VERTEX
8
0
10
93.4080000000001
20
43.1228331585648
30
0
0
VERTEX
8
0
10
93.8560000000001
20
42.9106472896057
30
0
0
VERTEX
8
0
10
94.3040000000001
20
42.7024550178781
30
0
0
VERTEX
8
0
10
94.7520000000001
20
42.5693028354789
30
0
0
VERTEX
8
0
10
95.2000000000001
20
42.4912286487335
30
0
0
VERTEX
8
0
10
95.6480000000002
20
42.4131516288582
30
0
0
VERTEX
8
0
10
96.0960000000002
20
42.3350783187949
30
0
0
VERTEX
8
0
10
96.5440000000002
20
42.2585798626636
30
0
0
VERTEX
8
0
10
96.9920000000002
20
42.1819175628797
30
0
0
VERTEX
8
0
10
97.4400000000002
20
42.0985921974373
30
0
0
VERTEX
8
0
10
97.8880000000002
20
42.0175084163381
30
0
0
VERTEX
8
0
10
98.3360000000002
20
41.9352433436917
30
0
0
VERTEX
8
0
10
98.7840000000002
20
41.8531172900062
30
0
0
VERTEX
8
0
10
99.2320000000002
20
41.7709992685969
30
0
0
VERTEX
8
0
10
99.6800000000002
20
41.6888893269291
30
0
0
VERTEX
8
0
10
100.128
20
41.5969887058022
30
0
0
VERTEX
8
0
10
100.576
20
41.5073399439107
30
0
0
VERTEX
8
0
10
101.024
20
41.4183915422839
30
0
0
VERTEX
8
0
10
101.472
20
41.3290833955976
30
0
0
VERTEX
8
0
10
101.92
20
41.2276442502519
30
0
0
VERTEX
8
0
10
102.368
20
41.1300881000268
30
0
0
VERTEX
8
0
10
102.816
20
41.0157096228726
30
0
0
VERTEX
8
0
10
103.264
20
40.9031161556954
30
0
0
VERTEX
8
0
10
103.712
20
40.7908820655538
30
0
0
VERTEX
8
0
10
104.16
20
40.6790103270305
30
0
0
VERTEX
8
0
10
104.608
20
40.5676282330483
30
0
0
VERTEX
8
0
10
105.056
20
40.4577315036875
30
0
0
VERTEX
8
0
10
105.504
20
40.3481108255843
30
0
0
VERTEX
8
0
10
105.952
20
40.3496345135944
30
0
0
VERTEX
8
0
10
106.4
20
40.3159808499095
30
0
0
VERTEX
8
0
10
106.848
20
40.2826603976416
30
0
0
VERTEX
8
0
10
107.296
20
40.2496739843318
30
0
0
VERTEX
8
0
10
107.744
20
40.2170224319268
30
0
0
VERTEX
8
0
10
108.192
20
40.184706556687
30
0
0
VERTEX
8
0
10
108.64
20
40.1527271690953
30
0
0
VERTEX
8
0
10
109.088
20
40.1291819694169
30
0
0
VERTEX
8
0
10
109.536
20
40.1033195976164
30
0
0
VERTEX
8
0
10
109.984
20
39.8645454836484
30
0
0
VERTEX
8
0
10
110.432
20
39.6650760366608
30
0
0
VERTEX
8
0
10
110.88
20
39.4689062495804
30
0
0
VERTEX
8
0
10
111.328
20
39.2760855642477
30
0
0
VERTEX
8
0
10
111.776
20
39.0866635456381
30
0
0
VERTEX
8
0
10
112.224
20
38.9006898419242
30
0
0
VERTEX
8
0
10
112.672
20
38.7182141426115
30
0
0
VERTEX
8
0
10
113.12
20
38.5655543610316
30
0
0
VERTEX
8
0
10
113.568
20
38.4103963883412
30
0
0
VERTEX
8
0
10
114.016
20
38.4932957291805
30
0
0
VERTEX
8
0
10
114.464
20
38.5467186318365
30
0
0
VERTEX
8
0
10
114.912
20
38.605970290692
30
0
0
VERTEX
8
0
10
115.36
20
38.6710242048531
30
0
0
VERTEX
8
0
10
115.808
20
38.7418511455197
30
0
0
VERTEX
8
0
10
116.256
20
38.8184195128241
30
0
0
VERTEX
8
0
10
116.704
20
38.900695404174
30
0
0
VERTEX
8
0
10
117.152
20
38.9947629483373
30
0
0
VERTEX
8
0
10
117.6
20
39.0693005877371
30
0
0
VERTEX
8
0
10
118.048
20
39.129612247996
30
0
0
VERTEX
8
0
10
118.496
20
39.1209935926669
30
0
0
VERTEX
8
0
10
118.944
20
39.085494641522
30
0
0
VERTEX
8
0
10
119.392
20
39.0502741080936
30
0
0
VERTEX
8
0
10
119.840000000001
20
39.0202433386918
30
0
0
VERTEX
8
0
10
120.288000000001
20
38.993033682975
30
0
0
VERTEX
8
0
10
120.736000000001
20
38.976554526595
30
0
0
VERTEX
8
0
10
121.184000000001
20
38.9707779709821
30
0
0
VERTEX
8
0
10
121.632000000001
20
38.9699213039343
30
0
0
VERTEX
8
0
10
122.080000000001
20
38.9694594293457
30
0
0
VERTEX
8
0
10
122.528000000001
20
39.0308897344457
30
0
0
VERTEX
8
0
10
122.976000000001
20
39.1069929457065
30
0
0
VERTEX
8
0
10
123.424000000001
20
39.1859316258953
30
0
0
VERTEX
8
0
10
123.872000000001
20
39.2677620678957
30
0
0
VERTEX
8
0
10
124.320000000001
20
39.3524326774267
30
0
0
VERTEX
8
0
10
124.768000000001
20
39.4325819282901
30
0
0
VERTEX
8
0
10
125.216000000001
20
39.5163705422837
30
0
0
VERTEX
8
0
10
125.664000000001
20
39.5978939242204
30
0
0
VERTEX
8
0
10
126.112000000001
20
39.6823505496866
30
0
0
VERTEX
8
0
10
126.560000000001
20
39.7693511258761
30
0
0
VERTEX
8
0
10
127.008000000001
20
39.8655375192235
30
0
0
VERTEX
8
0
10
127.456000000001
20
39.4226955592242
30
0
0
VERTEX
8
0
10
127.904000000001
20
39.1510629526287
30
0
0
VERTEX
8
0
10
128.352000000001
20
38.8834265790213
30
0
0
VERTEX
8
0
10
128.800000000001
20
38.620070923593
30
0
0
VERTEX
8
0
10
129.248000000001
20
38.3610841501166
30
0
0
VERTEX
8
0
10
129.696000000001
20
38.1210616034575
30
0
0
VERTEX
8
0
10
130.144000000001
20
37.8931382628217
30
0
0
VERTEX
8
0
10
130.592000000001
20
37.6695935204546
30
0
0
VERTEX
8
0
10
131.040000000001
20
37.43527546483
30
0
0
VERTEX
8
0
10
131.488000000001
20
37.20974583051
30
0
0
VERTEX
8
0
10
131.936000000001
20
36.6979350396892
30
0
0
VERTEX
8
0
10
132.384000000001
20
36.263323734686
30
0
0
VERTEX
8
0
10
132.832000000001
20
35.8629489912792
30
0
0
VERTEX
8
0
10
133.280000000001
20
35.5054764299748
30
0
0
VERTEX
8
0
10
133.728000000001
20
35.1860710071369
30
0
0
VERTEX
8
0
10
134.176000000001
20
34.9026357238617
30
0
0
VERTEX
8
0
10
134.624000000001
20
34.6552047352499
30
0
0
VERTEX
8
0
10
135.072000000001
20
34.4389183102817
30
0
0
VERTEX
8
0
10
135.520000000001
20
34.2652962339613
30
0
0
VERTEX
8
0
10
135.968000000001
20
34.1322254467638
30
0
0
VERTEX
8
0
10
136.416000000001
20
34.037054860304
30
0
0
VERTEX
8
0
10
136.864000000001
20
33.9817619886754
30
0
0
VERTEX
8
0
10
137.312000000001
20
33.9264492630136
30
0
0
VERTEX
8
0
10
137.760000000001
20
33.8711392973394
30
0
0
VERTEX
8
0
10
138.208000000001
20
33.8026341156685
30
0
0
VERTEX
8
0
10
138.656000000001
20
33.7361419039838
30
0
0
VERTEX
8
0
10
139.104000000001
20
33.6696555804915
30
0
0
VERTEX
8
0
10
139.552000000001
20
33.6113054753668
30
0
0
VERTEX
8
0
10
140.000000000001
20
33.5504191107389
30
0
0
VERTEX
8
0
10
140.448000000001
20
33.489533484343
30
0
0
VERTEX
8
0
10
140.896000000001
20
33.4286486002127
30
0
0
VERTEX
8
0
10
141.344000000001
20
33.3677644624113
30
0
0
VERTEX
8
0
10
141.792000000001
20
33.3149780767657
30
0
0
VERTEX
8
0
10
142.240000000001
20
33.3146289462909
30
0
0
VERTEX
8
0
10
142.688000000001
20
33.3719077993822
30
0
0
VERTEX
8
0
10
143.136000000001
20
33.4897059054003
30
0
0
VERTEX
8
0
10
143.584000000001
20
33.6666555094902
30
0
0
VERTEX
8
0
10
144.032000000001
20
33.8661535065308
30
0
0
VERTEX
8
0
10
144.480000000001
20
34.1228387257712
30
0
0
VERTEX
8
0
10
144.928000000001
20
34.4267706924208
30
0
0
VERTEX
8
0
10
145.376000000001
20
34.8420625846824
30
0
0
VERTEX
8
0
10
145.824000000001
20
35.2915315265183
30
0
0
VERTEX
8
0
10
146.272000000001
20
35.759147238718
30
0
0
VERTEX
8
0
10
146.720000000001
20
36.2419001981734
30
0
0
VERTEX
8
0
10
147.168000000001
20
36.5775565525009
30
0
0
VERTEX
8
0
10
147.616000000001
20
36.7441732759054
30
0
0
VERTEX
8
0
10
148.064000000001
20
36.916082159814
30
0
0
VERTEX
8
0
10
148.512000000001
20
37.0932096245735
30
0
0
VERTEX
8
0
10
148.960000000001
20
37.2774698610362
30
0
0
VERTEX
8
0
10
149.408000000001
20
37.4669425566109
30
0
0
VERTEX
8
0
10
149.856000000001
20
37.6613800782131
30
0
0
VERTEX
8
0
10
150.304000000001
20
37.8625438169277
30
0
0
VERTEX
8
0
10
150.752000000001
20
38.0687823077658
30
0
0
VERTEX
8
0
10
151.200000000001
20
38.2795793394828
30
0
0
VERTEX
8
0
10
151.648000000001
20
38.4921973594095
30
0
0
VERTEX
8
0
10
152.096000000001
20
38.7087324802734
30
0
0
VERTEX
8
0
10
152.544000000001
20
38.9297916059702
30
0
0
VERTEX
8
0
10
152.992000000001
20
38.6544499383275
30
0
0
VERTEX
8
0
10
153.440000000001
20
38.4509015106845
30
0
0
VERTEX
8
0
10
153.888000000001
20
38.2485515299636
30
0
0
VERTEX
8
0
10
154.336000000001
20
38.0499065826864
30
0
0
VERTEX
8
0
10
154.784000000001
20
37.8535632554042
30
0
0
VERTEX
8
0
10
155.232000000001
20
37.6585020243174
30
0
0
VERTEX
8
0
10
155.680000000001
20
37.4652809428827
30
0
0
VERTEX
8
0
10
156.128000000001
20
37.2735974473995
30
0
0
VERTEX
8
0
10
156.576000000001
20
37.0790564743071
30
0
0
VERTEX
8
0
10
157.024000000001
20
36.8861640114859
30
0
0
VERTEX
8
0
10
157.472000000001
20
36.6946345410492
30
0
0
VERTEX
8
0
10
157.920000000001
20
36.5547473080834
30
0
0
VERTEX
8
0
10
158.368000000001
20
36.4239042703797
30
0
0
VERTEX
8
0
10
158.816000000001
20
36.2918369581671
30
0
0
VERTEX
8
0
10
159.264000000001
20
36.2173822037974
30
0
0
VERTEX
8
0
10
159.712000000001
20
36.1323451586224
30
0
0
VERTEX
8
0
10
160.160000000001
20
36.0442115581504
30
0
0
VERTEX
8
0
10
160.608000000001
20
35.9570406573393
30
0
0
VERTEX
8
0
10
161.056000000001
20
35.8699191371893
30
0
0
VERTEX
8
0
10
161.504000000001
20
35.7829580195695
30
0
0
VERTEX
8
0
10
161.952000000001
20
35.6960400433662
30
0
0
VERTEX
8
0
10
162.400000000001
20
35.6091727884605
30
0
0
VERTEX
8
0
10
162.848000000001
20
35.5335627057611
30
0
0
VERTEX
8
0
10
163.296000000001
20
35.4524992238033
30
0
0
VERTEX
8
0
10
163.744000000001
20
35.3720523551714
30
0
0
VERTEX
8
0
10
164.192000000001
20
35.2768462468418
30
0
0
VERTEX
8
0
10
164.640000000001
20
35.0852728077123
30
0
0
VERTEX
8
0
10
165.088000000001
20
34.9094198900788
30
0
0
VERTEX
8
0
10
165.536000000001
20
34.757386660494
30
0
0
VERTEX
8
0
10
165.984000000001
20
34.6051489513531
30
0
0
VERTEX
8
0
10
166.432000000001
20
34.4571550607771
30
0
0
VERTEX
8
0
10
166.880000000001
20
34.3167749443818
30
0
0
VERTEX
8
0
10
167.328000000001
20
34.1814502988971
30
0
0
VERTEX
8
0
10
167.776000000001
20
34.0482071263876
30
0
0
VERTEX
8
0
10
168.224000000001
20
33.9163606676699
30
0
0
VERTEX
8
0
10
168.672000000001
20
33.7860874759449
30
0
0
VERTEX
8
0
10
169.120000000001
20
33.657405819516
30
0
0
VERTEX
8
0
10
169.568000000001
20
33.5303340222198
30
0
0
VERTEX
8
0
10
170.016000000001
20
33.4048904557152
30
0
0
SEQEND
8
0
0
POLYLINE
8
0
62
2
70
0
10
0
20
0
30
0
0
VERTEX
8
0
10
0.224
20
29.5296327433248
30
0
0
VERTEX
8
0
10
0.672
20
23.555340477122
30
0
0
VERTEX
8
0
10
1.12
20
25.1494007373657
30
0
0
VERTEX
8
0
10
1.568
20
30.4487948453923
30
0
0
VERTEX
8
0
10
2.016
20
34.0172724778148
30
0
0
VERTEX
8
0
10
2.464
20
38.2353365434433
30
0
0
VERTEX
8
0
10
2.912
20
40.5823546192575
30
0
0
VERTEX
8
0
10
3.36
20
43.5444189531592
30
0
0
VERTEX
8
0
10
3.808
20
45.6074154342971
30
0
0
VERTEX
8
0
10
4.256
20
47.1449011814415
30
0
0
VERTEX
8
0
10
4.704
20
48.0980362528096
30
0
0
VERTEX
8
0
10
5.152
20
49.1912784269663
30
0
0
VERTEX
8
0
10
5.6
20
50.0796175862342
30
0
0
VERTEX
8
0
10
6.048
20
50.6676469947361
30
0
0
VERTEX
8
0
10
6.496
20
51.1991948799924
30
0
0
VERTEX
8
0
10
6.944
20
51.8529024228289
30
0
0
VERTEX
8
0
10
7.392
20
52.2373301260499
30
0
0
VERTEX
8
0
10
7.84
20
52.3741781215403
30
0
0
VERTEX
8
0
10
8.288
20
52.6567514583543
30
0
0
VERTEX
8
0
10
8.736
20
52.7983214386102
30
0
0
VERTEX
8
0
10
9.184
20
52.8289404829343
30
0
0
VERTEX
8
0
10
9.632
20
52.8895101430591
30
0
0
VERTEX
8
0
10
10.08
20
53.0094424998028
30
0
0
VERTEX
8
0
10
10.528
20
53.0888786148793
30
0
0
VERTEX
8
0
10
10.976
20
53.0457260853468
30
0
0
VERTEX
8
0
10
11.424
20
53.0320071781062
30
0
0
VERTEX
8
0
10
11.872
20
52.9398881306606
30
0
0
VERTEX
8
0
10
12.32
20
52.7984047524852
30
0
0
VERTEX
8
0
10
12.768
20
52.724303683808
30
0
0
VERTEX
8
0
10
13.216
20
52.660390447572
30
0
0
VERTEX
8
0
10
13.664
20
52.5680073048545
30
0
0
VERTEX
8
0
10
14.112
20
52.4982293989384
30
0
0
VERTEX
8
0
10
14.56
20
52.3907632414737
30
0
0
VERTEX
8
0
10
15.008
20
52.2926539374223
30
0
0
VERTEX
8
0
10
15.456
20
52.2205594651141
30
0
0
VERTEX
8
0
10
15.904
20
52.0877192118582
30
0
0
VERTEX
8
0
10
16.352
20
51.987203459752
30
0
0
VERTEX
8
0
10
16.8
20
51.9183691684895
30
0
0
VERTEX
8
0
10
17.248
20
51.8368593686154
30
0
0
VERTEX
8
0
10
17.696
20
51.7648691273703
30
0
0
VERTEX
8
0
10
18.144
20
51.6980639106032
30
0
0
VERTEX
8
0
10
18.592
20
51.6339918286782
30
0
0
VERTEX
8
0
10
19.04
20
51.5567184991132
30
0
0
VERTEX
8
0
10
19.488
20
51.4554812384338
30
0
0
VERTEX
8
0
10
19.936
20
51.4388430509228
30
0
0
VERTEX
8
0
10
20.384
20
51.4770725565072
30
0
0
VERTEX
8
0
10
20.832
20
51.4250530301892
30
0
0
VERTEX
8
0
10
21.28
20
51.3863818970098
30
0
0
VERTEX
8
0
10
21.728
20
51.3322161617251
30
0
0
VERTEX
8
0
10
22.176
20
51.1491617301695
30
0
0
VERTEX
8
0
10
22.624
20
50.9773670372397
30
0
0
VERTEX
8
0
10
23.072
20
50.8856824742994
30
0
0
VERTEX
8
0
10
23.52
20
50.8115312595945
30
0
0
VERTEX
8
0
10
23.968
20
50.5426738540698
30
0
0
VERTEX
8
0
10
24.416
20
50.2813062080743
30
0
0
VERTEX
8
0
10
24.864
20
50.1108407316456
30
0
0
VERTEX
8
0
10
25.312
20
49.9588604986255
30
0
0
VERTEX
8
0
10
25.76
20
49.7033553279989
30
0
0
VERTEX
8
0
10
26.208
20
49.4831715523014
30
0
0
VERTEX
8
0
10
26.656
20
49.3312545565437
30
0
0
VERTEX
8
0
10
27.104
20
49.1674171485316
30
0
0
VERTEX
8
0
10
27.552
20
48.9528237196962
30
0
0
VERTEX
8
0
10
28
20
48.716831160941
30
0
0
VERTEX
8
0
10
28.448
20
48.5338972595673
30
0
0
VERTEX
8
0
10
28.896
20
48.3425956811417
30
0
0
VERTEX
8
0
10
29.344
20
48.1562645930401
30
0
0
VERTEX
8
0
10
29.792
20
47.9760494119424
30
0
0
VERTEX
8
0
10
30.24
20
47.8578724172262
30
0
0
VERTEX
8
0
10
30.688
20
47.7516509903023
30
0
0
VERTEX
8
0
10
31.136
20
47.6463523454901
30
0
0
VERTEX
8
0
10
31.584
20
47.5424827852325
30
0
0
VERTEX
8
0
10
32.032
20
47.4427777816105
30
0
0
VERTEX
8
0
10
32.48
20
47.3474607279043
30
0
0
VERTEX
8
0
10
32.928
20
47.2563787204991
30
0
0
VERTEX
8
0
10
33.376
20
47.169253575387
30
0
0
VERTEX
8
0
10
33.824
20
47.0885993747815
30
0
0
VERTEX
8
0
10
34.2719999999999
20
47.0169573459401
30
0
0
VERTEX
8
0
10
34.7199999999999
20
46.9321250761041
30
0
0
VERTEX
8
0
10
35.168
20
46.8395181749614
30
0
0
VERTEX
8
0
10
35.6159999999999
20
46.7474238404728
30
0
0
VERTEX
8
0
10
36.0639999999999
20
46.6573344312761
30
0
0
VERTEX
8
0
10
36.5119999999999
20
46.5703031501977
30
0
0
VERTEX
8
0
10
36.9599999999999
20
46.4513946316599
30
0
0
VERTEX
8
0
10
37.4079999999999
20
46.3324235102363
30
0
0
VERTEX
8
0
10
37.8559999999999
20
46.2224729309612
30
0
0
VERTEX
8
0
10
38.3039999999999
20
46.1122221489113
30
0
0
VERTEX
8
0
10
38.7519999999999
20
46.0016507764436
30
0
0
VERTEX
8
0
10
39.1999999999999
20
45.8919226327854
30
0
0
VERTEX
8
0
10
39.6479999999999
20
45.8009116356235
30
0
0
VERTEX
8
0
10
40.0959999999999
20
45.7287129197507
30
0
0
VERTEX
8
0
10
40.5439999999999
20
45.6866382434797
30
0
0
VERTEX
8
0
10
40.9919999999999
20
45.6626620692815
30
0
0
VERTEX
8
0
10
41.4399999999999
20
45.6512133807646
30
0
0
VERTEX
8
0
10
41.8879999999999
20
45.6524663082741
30
0
0
VERTEX
8
0
10
42.3359999999999
20
45.5792712481299
30
0
0
VERTEX
8
0
10
42.7839999999999
20
45.45940198913
30
0
0
VERTEX
8
0
10
43.2319999999999
20
45.3422164314487
30
0
0
VERTEX
8
0
10
43.6799999999999
20
45.2276469719524
30
0
0
VERTEX
8
0
10
44.1279999999999
20
45.1485629821666
30
0
0
VERTEX
8
0
10
44.5759999999999
20
45.0724758614764
30
0
0
VERTEX
8
0
10
45.0239999999999
20
44.9981656724469
30
0
0
VERTEX
8
0
10
45.4719999999999
20
44.9255890593902
30
0
0
VERTEX
8
0
10
45.9199999999999
20
44.7316162259599
30
0
0
VERTEX
8
0
10
46.3679999999999
20
44.583186363807
30
0
0
VERTEX
8
0
10
46.8159999999999
20
44.5238110600566
30
0
0
VERTEX
8
0
10
47.2639999999999
20
44.4945297211256
30
0
0
VERTEX
8
0
10
47.7119999999999
20
44.4816203097624
30
0
0
VERTEX
8
0
10
48.1599999999999
20
44.4988982206807
30
0
0
VERTEX
8
0
10
48.6079999999999
20
44.5310588502505
30
0
0
VERTEX
8
0
10
49.0559999999999
20
44.5530872656658
30
0
0
VERTEX
8
0
10
49.5039999999999
20
44.5617489354342
30
0
0
VERTEX
8
0
10
49.9519999999999
20
44.6003820011262
30
0
0
VERTEX
8
0
10
50.3999999999999
20
44.666927287062
30
0
0
VERTEX
8
0
10
50.8479999999999
20
44.74652686681
30
0
0
VERTEX
8
0
10
51.2959999999999
20
44.9080910387704
30
0
0
VERTEX
8
0
10
51.7439999999999
20
45.0710868801154
30
0
0
VERTEX
8
0
10
52.1919999999999
20
45.2596095111198
30
0
0
VERTEX
8
0
10
52.6399999999999
20
45.3939219334188
30
0
0
VERTEX
8
0
10
53.0879999999999
20
45.4504592754933
30
0
0
VERTEX
8
0
10
53.5359999999999
20
45.4981243745273
30
0
0
VERTEX
8
0
10
53.9839999999999
20
45.5394080753101
30
0
0
VERTEX
8
0
10
54.4319999999999
20
45.5836559199999
30
0
0
VERTEX
8
0
10
54.8799999999999
20
45.6565657135092
30
0
0
VERTEX
8
0
10
55.3279999999999
20
45.7434745943211
30
0
0
VERTEX
8
0
10
55.7759999999999
20
45.7788843058982
30
0
0
VERTEX
8
0
10
56.2239999999999
20
45.7968483292008
30
0
0
VERTEX
8
0
10
56.6719999999999
20
45.7817253607081
30
0
0
VERTEX
8
0
10
57.1199999999999
20
45.7526176635561
30
0
0
VERTEX
8
0
10
57.5679999999999
20
45.719521876684
30
0
0
VERTEX
8
0
10
58.0159999999999
20
45.6686407297739
30
0
0
VERTEX
8
0
10
58.4639999999999
20
45.6162826871262
30
0
0
VERTEX
8
0
10
58.9119999999999
20
45.6661637826388
30
0
0
VERTEX
8
0
10
59.3599999999999
20
45.6911113024907
30
0
0
VERTEX
8
0
10
59.8079999999999
20
45.7194743537232
30
0
0
VERTEX
8
0
10
60.2559999999999
20
45.7530065873998
30
0
0
VERTEX
8
0
10
60.7039999999999
20
45.7932713759708
30
0
0
VERTEX
8
0
10
61.1519999999999
20
45.7364104287374
30
0
0
VERTEX
8
0
10
61.5999999999999
20
45.6857805721628
30
0
0
VERTEX
8
0
10
62.0479999999998
20
45.634184384457
30
0
0
VERTEX
8
0
10
62.4959999999998
20
45.583246135328
30
0
0
VERTEX
8
0
10
62.9439999999998
20
45.533099973092
30
0
0
VERTEX
8
0
10
63.3919999999998
20
45.5282804654613
30
0
0
VERTEX
8
0
10
63.8399999999998
20
45.5305172605111
30
0
0
VERTEX
8
0
10
64.2879999999998
20
45.5340486280555
30
0
0
VERTEX
8
0
10
64.7359999999998
20
45.5456517589691
30
0
0
VERTEX
8
0
10
65.1839999999998
20
45.5566873762635
30
0
0
VERTEX
8
0
10
65.6319999999998
20
45.5700195281391
30
0
0
VERTEX
8
0
10
66.0799999999998
20
45.4974640382761
30
0
0
VERTEX
8
0
10
66.5279999999998
20
45.4554864831024
30
0
0
VERTEX
8
0
10
66.9759999999998
20
45.4123278339099
30
0
0
VERTEX
8
0
10
67.4239999999998
20
45.3779916800761
30
0
0
VERTEX
8
0
10
67.8719999999998
20
45.3413008854557
30
0
0
VERTEX
8
0
10
68.3199999999998
20
45.4546383383259
30
0
0
VERTEX
8
0
10
68.7679999999998
20
45.5297388103186
30
0
0
VERTEX
8
0
10
69.2159999999998
20
45.6074504904617
30
0
0
VERTEX
8
0
10
69.6639999999998
20
45.686784776792
30
0
0
VERTEX
8
0
10
70.1119999999998
20
45.7672057593016
30
0
0
VERTEX
8
0
10
70.5599999999998
20
45.8496397511391
30
0
0
VERTEX
8
0
10
71.0079999999998
20
45.6642357278986
30
0
0
VERTEX
8
0
10
71.4559999999998
20
45.5708736585695
30
0
0
VERTEX
8
0
10
71.9039999999998
20
45.4813137385194
30
0
0
VERTEX
8
0
10
72.3519999999998
20
45.3928065213023
30
0
0
VERTEX
8
0
10
72.7999999999998
20
45.2861830062918
30
0
0
VERTEX
8
0
10
73.2479999999998
20
45.2526629313642
30
0
0
VERTEX
8
0
10
73.6959999999998
20
45.268872850222
30
0
0
VERTEX
8
0
10
74.1439999999998
20
45.2879185293632
30
0
0
VERTEX
8
0
10
74.5919999999999
20
45.3083045630836
30
0
0
VERTEX
8
0
10
75.0399999999999
20
45.329704446609
30
0
0
VERTEX
8
0
10
75.4879999999999
20
45.3525240711863
30
0
0
VERTEX
8
0
10
75.9359999999999
20
45.3697233723901
30
0
0
VERTEX
8
0
10
76.3839999999999
20
45.1781307221829
30
0
0
VERTEX
8
0
10
76.8319999999999
20
45.0366210916166
30
0
0
VERTEX
8
0
10
77.2799999999999
20
44.8996353955419
30
0
0
VERTEX
8
0
10
77.7279999999999
20
44.7659063041114
30
0
0
VERTEX
8
0
10
78.1759999999999
20
44.6347147019264
30
0
0
VERTEX
8
0
10
78.6239999999999
20
44.4630262055142
30
0
0
VERTEX
8
0
10
79.0719999999999
20
44.3921052362528
30
0
0
VERTEX
8
0
10
79.5199999999999
20
44.3239259677262
30
0
0
VERTEX
8
0
10
79.9679999999999
20
44.252587924189
30
0
0
VERTEX
8
0
10
80.4159999999999
20
44.1818985382348
30
0
0
VERTEX
8
0
10
80.8639999999999
20
44.1115335214615
30
0
0
VERTEX
8
0
10
81.312
20
44.0414827378015
30
0
0
VERTEX
8
0
10
81.76
20
43.9717159253937
30
0
0
VERTEX
8
0
10
82.208
20
43.7469808471516
30
0
0
VERTEX
8
0
10
82.656
20
43.5701147651268
30
0
0
VERTEX
8
0
10
83.104
20
43.3988271037605
30
0
0
VERTEX
8
0
10
83.552
20
43.2252368339067
30
0
0
VERTEX
8
0
10
84
20
43.0555144993695
30
0
0
VERTEX
8
0
10
84.448
20
42.8916309591204
30
0
0
VERTEX
8
0
10
84.896
20
42.9366562430099
30
0
0
VERTEX
8
0
10
85.344
20
43.0660979983347
30
0
0
VERTEX
8
0
10
85.792
20
43.2145287804941
30
0
0
VERTEX
8
0
10
86.24
20
43.3809510101495
30
0
0
VERTEX
8
0
10
86.688
20
43.5649197681625
30
0
0
VERTEX
8
0
10
87.136
20
43.7675095601103
30
0
0
VERTEX
8
0
10
87.584
20
43.9848509231092
30
0
0
VERTEX
8
0
10
88.0320000000001
20
44.2179859319074
30
0
0
VERTEX
8
0
10
88.4800000000001
20
44.2068246966995
30
0
0
VERTEX
8
0
10
88.9280000000001
20
44.2502606075974
30
0
0
VERTEX
8
0
10
89.3760000000001
20
44.2935857371142
30
0
0
VERTEX
8
0
10
89.8240000000001
20
44.3386225977766
30
0
0
VERTEX
8
0
10
90.2720000000001
20
44.3869208479693
30
0
0
VERTEX
8
0
10
90.7200000000001
20
44.437678612117
30
0
0
VERTEX
8
0
10
91.1680000000001
20
44.4906981156753
30
0
0
VERTEX
8
0
10
91.6160000000001
20
44.2058664590887
30
0
0
VERTEX
8
0
10
92.0640000000001
20
43.9829550606846
30
0
0
VERTEX
8
0
10
92.5120000000001
20
43.7633371813731
30
0
0
VERTEX
8
0
10
92.9600000000001
20
43.5467750787536
30
0
0
VERTEX
8
0
10
93.4080000000001
20
43.3323283034479
30
0
0
VERTEX
8
0
10
93.8560000000001
20
43.1201023212089
30
0
0
VERTEX
8
0
10
94.3040000000001
20
42.9118352335001
30
0
0
VERTEX
8
0
10
94.7520000000001
20
42.7782132748984
30
0
0
VERTEX
8
0
10
95.2000000000001
20
42.6993726752597
30
0
0
VERTEX
8
0
10
95.6480000000002
20
42.6206058276856
30
0
0
VERTEX
8
0
10
96.0960000000002
20
42.5422600107351
30
0
0
VERTEX
8
0
10
96.5440000000002
20
42.4646671366229
30
0
0
VERTEX
8
0
10
96.9920000000002
20
42.3874910576972
30
0
0
VERTEX
8
0
10
97.4400000000002
20
42.3040187165855
30
0
0
VERTEX
8
0
10
97.8880000000002
20
42.2218420673642
30
0
0
VERTEX
8
0
10
98.3360000000002
20
42.1392832879579
30
0
0
VERTEX
8
0
10
98.7840000000002
20
42.0563182051278
30
0
0
VERTEX
8
0
10
99.2320000000002
20
41.9736491014981
30
0
0
VERTEX
8
0
10
99.6800000000002
20
41.8909445452676
30
0
0
VERTEX
8
0
10
100.128
20
41.7993241686774
30
0
0
VERTEX
8
0
10
100.576
20
41.7099779713734
30
0
0
VERTEX
8
0
10
101.024
20
41.6200005625985
30
0
0
VERTEX
8
0
10
101.472
20
41.5289971935996
30
0
0
VERTEX
8
0
10
101.92
20
41.4339754368457
30
0
0
VERTEX
8
0
10
102.368
20
41.3372055618887
30
0
0
VERTEX
8
0
10
102.816
20
41.2236681729955
30
0
0
VERTEX
8
0
10
103.264
20
41.1121674293427
30
0
0
VERTEX
8
0
10
103.712
20
41.0012346886313
30
0
0
VERTEX
8
0
10
104.16
20
40.8908189832502
30
0
0
VERTEX
8
0
10
104.608
20
40.780892393604
30
0
0
VERTEX
8
0
10
105.056
20
40.6725253238404
30
0
0
VERTEX
8
0
10
105.504
20
40.5647267643105
30
0
0
VERTEX
8
0
10
105.952
20
40.5650574008184
30
0
0
VERTEX
8
0
10
106.4
20
40.5306319070384
30
0
0
VERTEX
8
0
10
106.848
20
40.4965465217532
30
0
0
VERTEX
8
0
10
107.296
20
40.4626056685315
30
0
0
VERTEX
8
0
10
107.744
20
40.4290014183959
30
0
0
VERTEX
8
0
10
108.192
20
40.3961105196393
30
0
0
VERTEX
8
0
10
108.64
20
40.3651709954925
30
0
0
VERTEX
8
0
10
109.088
20
40.3397732349665
30
0
0
VERTEX
8
0
10
109.536
20
40.3113281093463
30
0
0
VERTEX
8
0
10
109.984
20
40.0800320877153
30
0
0
VERTEX
8
0
10
110.432
20
39.8880167166698
30
0
0
VERTEX
8
0
10
110.88
20
39.6991373268637
30
0
0
VERTEX
8
0
10
111.328
20
39.5135982488311
30
0
0
VERTEX
8
0
10
111.776
20
39.3314440906812
30
0
0
VERTEX
8
0
10
112.224
20
39.1538071647807
30
0
0
VERTEX
8
0
10
112.672
20
38.9852596883658
30
0
0
VERTEX
8
0
10
113.12
20
38.82571619361
30
0
0
VERTEX
8
0
10
113.568
20
38.6701497594848
30
0
0
VERTEX
8
0
10
114.016
20
38.753964508335
30
0
0
VERTEX
8
0
10
114.464
20
38.811329986686
30
0
0
VERTEX
8
0
10
114.912
20
38.8728793582989
30
0
0
VERTEX
8
0
10
115.36
20
38.9401559559762
30
0
0
VERTEX
8
0
10
115.808
20
39.0133960725351
30
0
0
VERTEX
8
0
10
116.256
20
39.0925814749365
30
0
0
VERTEX
8
0
10
116.704
20
39.1780333231273
30
0
0
VERTEX
8
0
10
117.152
20
39.2701035607752
30
0
0
VERTEX
8
0
10
117.6
20
39.3431635829011
30
0
0
VERTEX
8
0
10
118.048
20
39.4007287458113
30
0
0
VERTEX
8
0
10
118.496
20
39.3946745918468
30
0
0
VERTEX
8
0
10
118.944
20
39.3593582608901
30
0
0
VERTEX
8
0
10
119.392
20
39.3241272835762
30
0
0
VERTEX
8
0
10
119.840000000001
20
39.2940306822482
30
0
0
VERTEX
8
0
10
120.288000000001
20
39.2673497344523
30
0
0
VERTEX
8
0
10
120.736000000001
20
39.2536549261288
30
0
0
VERTEX
8
0
10
121.184000000001
20
39.2483721385772
30
0
0
VERTEX
8
0
10
121.632000000001
20
39.2442707224384
30
0
0
VERTEX
8
0
10
122.080000000001
20
39.2399004053707
30
0
0
VERTEX
8
0
10
122.528000000001
20
39.3063195041904
30
0
0
VERTEX
8
0
10
122.976000000001
20
39.3823733699208
30
0
0
VERTEX
8
0
10
123.424000000001
20
39.4605639601018
30
0
0
VERTEX
8
0
10
123.872000000001
20
39.5417268778227
30
0
0
VERTEX
8
0
10
124.320000000001
20
39.6259047078702
30
0
0
VERTEX
8
0
10
124.768000000001
20
39.7057637612574
30
0
0
VERTEX
8
0
10
125.216000000001
20
39.7893576800888
30
0
0
VERTEX
8
0
10
125.664000000001
20
39.8759629676798
30
0
0
VERTEX
8
0
10
126.112000000001
20
39.9650960532798
30
0
0
VERTEX
8
0
10
126.560000000001
20
40.0567751486202
30
0
0
VERTEX
8
0
10
127.008000000001
20
40.150956870555
30
0
0
VERTEX
8
0
10
127.456000000001
20
39.7121442454219
30
0
0
VERTEX
8
0
10
127.904000000001
20
39.443279258035
30
0
0
VERTEX
8
0
10
128.352000000001
20
39.1783909441771
30
0
0
VERTEX
8
0
10
128.800000000001
20
38.9182900613739
30
0
0
VERTEX
8
0
10
129.248000000001
20
38.6644217868522
30
0
0
VERTEX
8
0
10
129.696000000001
20
38.4268709893241
30
0
0
VERTEX
8
0
10
130.144000000001
20
38.1969807865363
30
0
0
VERTEX
8
0
10
130.592000000001
20
37.9711470013029
30
0
0
VERTEX
8
0
10
131.040000000001
20
37.7449268277256
30
0
0
VERTEX
8
0
10
131.488000000001
20
37.5201784883186
30
0
0
VERTEX
8
0
10
131.936000000001
20
37.0110070011131
30
0
0
VERTEX
8
0
10
132.384000000001
20
36.5784968927436
30
0
0
VERTEX
8
0
10
132.832000000001
20
36.1800621978294
30
0
0
VERTEX
8
0
10
133.280000000001
20
35.8248019083459
30
0
0
VERTEX
8
0
10
133.728000000001
20
35.5069643259929
30
0
0
VERTEX
8
0
10
134.176000000001
20
35.2242687606936
30
0
0
VERTEX
8
0
10
134.624000000001
20
34.978827179614
30
0
0
VERTEX
8
0
10
135.072000000001
20
34.7630424555702
30
0
0
VERTEX
8
0
10
135.520000000001
20
34.5900355499368
30
0
0
VERTEX
8
0
10
135.968000000001
20
34.4575268262999
30
0
0
VERTEX
8
0
10
136.416000000001
20
34.361921941213
30
0
0
VERTEX
8
0
10
136.864000000001
20
34.3064918078997
30
0
0
VERTEX
8
0
10
137.312000000001
20
34.2505994689647
30
0
0
VERTEX
8
0
10
137.760000000001
20
34.1934762442536
30
0
0
VERTEX
8
0
10
138.208000000001
20
34.1354654685129
30
0
0
VERTEX
8
0
10
138.656000000001
20
34.0765741171225
30
0
0
VERTEX
8
0
10
139.104000000001
20
34.0175135655647
30
0
0
VERTEX
8
0
10
139.552000000001
20
33.9585233342209
30
0
0
VERTEX
8
0
10
140.000000000001
20
33.899625069162
30
0
0
VERTEX
8
0
10
140.448000000001
20
33.8407997496894
30
0
0
VERTEX
8
0
10
140.896000000001
20
33.7820775043699
30
0
0
VERTEX
8
0
10
141.344000000001
20
33.7236439798799
30
0
0
VERTEX
8
0
10
141.792000000001
20
33.6704070883542
30
0
0
VERTEX
8
0
10
142.240000000001
20
33.668675117546
30
0
0
VERTEX
8
0
10
142.688000000001
20
33.724335583924
30
0
0
VERTEX
8
0
10
143.136000000001
20
33.8403585078802
30
0
0
VERTEX
8
0
10
143.584000000001
20
34.0142546124014
30
0
0
VERTEX
8
0
10
144.032000000001
20
34.210993531627
30
0
0
VERTEX
8
0
10
144.480000000001
20
34.4644843081303
30
0
0
VERTEX
8
0
10
144.928000000001
20
34.7643064861772
30
0
0
VERTEX
8
0
10
145.376000000001
20
35.1747758510423
30
0
0
VERTEX
8
0
10
145.824000000001
20
35.6192708126372
30
0
0
VERTEX
8
0
10
146.272000000001
20
36.0816875570885
30
0
0
VERTEX
8
0
10
146.720000000001
20
36.5591657465766
30
0
0
VERTEX
8
0
10
147.168000000001
20
36.8914824658438
30
0
0
VERTEX
8
0
10
147.616000000001
20
37.0567570356199
30
0
0
VERTEX
8
0
10
148.064000000001
20
37.227243877517
30
0
0
VERTEX
8
0
10
148.512000000001
20
37.4029626838662
30
0
0
VERTEX
8
0
10
148.960000000001
20
37.5858393566743
30
0
0
VERTEX
8
0
10
149.408000000001
20
37.7740236234553
30
0
0
VERTEX
8
0
10
149.856000000001
20
37.9673961804746
30
0
0
VERTEX
8
0
10
150.304000000001
20
38.1660655283387
30
0
0
VERTEX
8
0
10
150.752000000001
20
38.369613506206
30
0
0
VERTEX
8
0
10
151.200000000001
20
38.5776183021279
30
0
0
VERTEX
8
0
10
151.648000000001
20
38.789927187617
30
0
0
VERTEX
8
0
10
152.096000000001
20
39.0065471305483
30
0
0
VERTEX
8
0
10
152.544000000001
20
39.2275782302529
30
0
0
VERTEX
8
0
10
152.992000000001
20
38.9560077469775
30
0
0
VERTEX
8
0
10
153.440000000001
20
38.7557546528759
30
0
0
VERTEX
8
0
10
153.888000000001
20
38.5568184480031
30
0
0
VERTEX
8
0
10
154.336000000001
20
38.3593513028925
30
0
0
VERTEX
8
0
10
154.784000000001
20
38.1634279153356
30
0
0
VERTEX
8
0
10
155.232000000001
20
37.9694092089794
30
0
0
VERTEX
8
0
10
155.680000000001
20
37.7767719514705
30
0
0
VERTEX
8
0
10
156.128000000001
20
37.5858232583272
30
0
0
VERTEX
8
0
10
156.576000000001
20
37.3922661450865
30
0
0
VERTEX
8
0
10
157.024000000001
20
37.2000937462033
30
0
0
VERTEX
8
0
10
157.472000000001
20
37.0094794917757
30
0
0
VERTEX
8
0
10
157.920000000001
20
36.8699195909858
30
0
0
VERTEX
8
0
10
158.368000000001
20
36.7388512113513
30
0
0
VERTEX
8
0
10
158.816000000001
20
36.6078146491152
30
0
0
VERTEX
8
0
10
159.264000000001
20
36.53344671923
30
0
0
VERTEX
8
0
10
159.712000000001
20
36.4484799937188
30
0
0
VERTEX
8
0
10
160.160000000001
20
36.363747117392
30
0
0
VERTEX
8
0
10
160.608000000001
20
36.279041422438
30
0
0
VERTEX
8
0
10
161.056000000001
20
36.1943922365547
30
0
0
VERTEX
8
0
10
161.504000000001
20
36.1100199082207
30
0
0
VERTEX
8
0
10
161.952000000001
20
36.0266496841074
30
0
0
VERTEX
8
0
10
162.400000000001
20
35.9455708335527
30
0
0
VERTEX
8
0
10
162.848000000001
20
35.867586143893
30
0
0
VERTEX
8
0
10
163.296000000001
20
35.7843448834493
30
0
0
VERTEX
8
0
10
163.744000000001
20
35.702773129466
30
0
0
VERTEX
8
0
10
164.192000000001
20
35.6163095315973
30
0
0
VERTEX
8
0
10
164.640000000001
20
35.428614128012
30
0
0
VERTEX
8
0
10
165.088000000001
20
35.2555698386117
30
0
0
VERTEX
8
0
10
165.536000000001
20
35.1059950990683
30
0
0
VERTEX
8
0
10
165.984000000001
20
34.9567632073398
30
0
0
VERTEX
8
0
10
166.432000000001
20
34.8132999636803
30
0
0
VERTEX
8
0
10
166.880000000001
20
34.6724039757769
30
0
0
VERTEX
8
0
10
167.328000000001
20
34.5366965557266
30
0
0
VERTEX
8
0
10
167.776000000001
20
34.4041571778259
30
0
0
VERTEX
8
0
10
168.224000000001
20
34.2725821911974
30
0
0
VERTEX
8
0
10
168.672000000001
20
34.1453502071226
30
0
0
VERTEX
8
0
10
169.120000000001
20
34.0165723693488
30
0
0
VERTEX
8
0
10
169.568000000001
20
33.8894305783512
30
0
0
VERTEX
8
0
10
170.016000000001
20
33.7612580389004
30
0
0
SEQEND
8
0
0
POLYLINE
8
0
62
3
70
0
10
0
20
0
30
0
0
VERTEX
8
0
10
0.224
20
29.6408786882568
30
0
0
VERTEX
8
0
10
0.672
20
24.0266844852514
30
0
0
VERTEX
8
0
10
1.12
20
26.1099218920913
30
0
0
VERTEX
8
0
10
1.568
20
31.7735591890752
30
0
0
VERTEX
8
0
10
2.016
20
35.867660130907
30
0
0
VERTEX
8
0
10
2.464
20
40.3967846206666
30
0
0
VERTEX
8
0
10
2.912
20
43.1858560934469
30
0
0
VERTEX
8
0
10
3.36
20
46.5646134920153
30
0
0
VERTEX
8
0
10
3.808
20
48.9481606568006
30
0
0
VERTEX
8
0
10
4.256
20
50.883435933873
30
0
0
VERTEX
8
0
10
4.704
20
52.2372353535851
30
0
0
VERTEX
8
0
10
5.152
20
53.622084555954
30
0
0
VERTEX
8
0
10
5.6
20
54.8691910798131
30
0
0
VERTEX
8
0
10
6.048
20
55.8339168359446
30
0
0
VERTEX
8
0
10
6.496
20
56.6621530231588
30
0
0
VERTEX
8
0
10
6.944
20
57.6922342151384
30
0
0
VERTEX
8
0
10
7.392
20
58.3322926769772
30
0
0
VERTEX
8
0
10
7.84
20
58.8127641478305
30
0
0
VERTEX
8
0
10
8.288
20
59.4363290248381
30
0
0
VERTEX
8
0
10
8.736
20
59.863497655284
30
0
0
VERTEX
8
0
10
9.184
20
60.2253564895682
30
0
0
VERTEX
8
0
10
9.632
20
60.5885877674241
30
0
0
VERTEX
8
0
10
10.08
20
60.8998255262994
30
0
0
VERTEX
8
0
10
10.528
20
61.291645775792
30
0
0
VERTEX
8
0
10
10.976
20
61.4808652118893
30
0
0
VERTEX
8
0
10
11.424
20
61.7065082250809
30
0
0
VERTEX
8
0
10
11.872
20
61.9360888561153
30
0
0
VERTEX
8
0
10
12.32
20
62.0658266187886
30
0
0
VERTEX
8
0
10
12.768
20
62.2663501557459
30
0
0
VERTEX
8
0
10
13.216
20
62.4620964305965
30
0
0
VERTEX
8
0
10
13.664
20
62.5986593743649
30
0
0
VERTEX
8
0
10
14.112
20
62.7687828945784
30
0
0
VERTEX
8
0
10
14.56
20
62.9138386674525
30
0
0
VERTEX
8
0
10
15.008
20
63.0438802675235
30
0
0
VERTEX
8
0
10
15.456
20
63.2183355276111
30
0
0
VERTEX
8
0
10
15.904
20
63.2965279332456
30
0
0
VERTEX
8
0
10
16.352
20
63.4025003544582
30
0
0
VERTEX
8
0
10
16.8
20
63.5269453458428
30
0
0
VERTEX
8
0
10
17.248
20
63.6291359275971
30
0
0
VERTEX
8
0
10
17.696
20
63.7480426886198
30
0
0
VERTEX
8
0
10
18.144
20
63.8589517273648
30
0
0
VERTEX
8
0
10
18.592
20
63.9566524576781
30
0
0
VERTEX
8
0
10
19.04
20
64.0436629252347
30
0
0
VERTEX
8
0
10
19.488
20
64.1171196747125
30
0
0
VERTEX
8
0
10
19.936
20
64.233250767669
30
0
0
VERTEX
8
0
10
20.384
20
64.3651651063502
30
0
0
VERTEX
8
0
10
20.832
20
64.4744070283154
30
0
0
VERTEX
8
0
10
21.28
20
64.5906057400219
30
0
0
VERTEX
8
0
10
21.728
20
64.6998587260851
30
0
0
VERTEX
8
0
10
22.176
20
64.7869995739522
30
0
0
VERTEX
8
0
10
22.624
20
64.8728392352595
30
0
0
VERTEX
8
0
10
23.072
20
64.952556536609
30
0
0
VERTEX
8
0
10
23.52
20
65.0387016877875
30
0
0
VERTEX
8
0
10
23.968
20
65.1189420508258
30
0
0
VERTEX
8
0
10
24.416
20
65.1887331045065
30
0
0
VERTEX
8
0
10
24.864
20
65.2556302660645
30
0
0
VERTEX
8
0
10
25.312
20
65.3331380962148
30
0
0
VERTEX
8
0
10
25.76
20
65.4102325356183
30
0
0
VERTEX
8
0
10
26.208
20
65.483666923533
30
0
0
VERTEX
8
0
10
26.656
20
65.5582843116018
30
0
0
VERTEX
8
0
10
27.104
20
65.6231259038945
30
0
0
VERTEX
8
0
10
27.552
20
65.6858544164519
30
0
0
VERTEX
8
0
10
28
20
65.7293563887717
30
0
0
VERTEX
8
0
10
28.448
20
65.7636788164271
30
0
0
VERTEX
8
0
10
28.896
20
65.7802526735117
30
0
0
VERTEX
8
0
10
29.344
20
65.785181571523
30
0
0
VERTEX
8
0
10
29.792
20
65.7766638629214
30
0
0
VERTEX
8
0
10
30.24
20
65.7610278922124
30
0
0
VERTEX
8
0
10
30.688
20
65.713230296535
30
0
0
VERTEX
8
0
10
31.136
20
65.6221341748139
30
0
0
VERTEX
8
0
10
31.584
20
65.4696691814524
30
0
0
VERTEX
8
0
10
32.032
20
65.3630769933965
30
0
0
VERTEX
8
0
10
32.48
20
65.3032574288178
30
0
0
VERTEX
8
0
10
32.928
20
65.27041445634
30
0
0
VERTEX
8
0
10
33.376
20
65.2565557846108
30
0
0
VERTEX
8
0
10
33.824
20
65.2596004149715
30
0
0
VERTEX
8
0
10
34.2719999999999
20
65.2778680365015
30
0
0
VERTEX
8
0
10
34.7199999999999
20
65.3064107709677
30
0
0
VERTEX
8
0
10
35.168
20
65.3412907146991
30
0
0
VERTEX
8
0
10
35.6159999999999
20
65.3819342160376
30
0
0
VERTEX
8
0
10
36.0639999999999
20
65.4288380264056
30
0
0
VERTEX
8
0
10
36.5119999999999
20
65.4821047781554
30
0
0
VERTEX
8
0
10
36.9599999999999
20
65.5410705453708
30
0
0
VERTEX
8
0
10
37.4079999999999
20
65.6103085995435
30
0
0
VERTEX
8
0
10
37.8559999999999
20
65.6964506815348
30
0
0
VERTEX
8
0
10
38.3039999999999
20
65.7846522020207
30
0
0
VERTEX
8
0
10
38.7519999999999
20
65.874154086732
30
0
0
VERTEX
8
0
10
39.1999999999999
20
65.9651413376996
30
0
0
VERTEX
8
0
10
39.6479999999999
20
66.0593060676882
30
0
0
VERTEX
8
0
10
40.0959999999999
20
66.1573637166278
30
0
0
VERTEX
8
0
10
40.5439999999999
20
66.2648687122665
30
0
0
VERTEX
8
0
10
40.9919999999999
20
66.3774218943645
30
0
0
VERTEX
8
0
10
41.4399999999999
20
66.4851233754116
30
0
0
VERTEX
8
0
10
41.8879999999999
20
66.5917644514917
30
0
0
VERTEX
8
0
10
42.3359999999999
20
66.6998795043088
30
0
0
VERTEX
8
0
10
42.7839999999999
20
66.8099405638331
30
0
0
VERTEX
8
0
10
43.2319999999999
20
66.9212786816911
30
0
0
VERTEX
8
0
10
43.6799999999999
20
67.034432842103
30
0
0
VERTEX
8
0
10
44.1279999999999
20
67.149017735264
30
0
0
VERTEX
8
0
10
44.5759999999999
20
67.2650014097995
30
0
0
VERTEX
8
0
10
45.0239999999999
20
67.3820557193449
30
0
0
VERTEX
8
0
10
45.4719999999999
20
67.5002742376064
30
0
0
VERTEX
8
0
10
45.9199999999999
20
67.6195573062263
30
0
0
VERTEX
8
0
10
46.3679999999999
20
67.739809640006
30
0
0
VERTEX
8
0
10
46.8159999999999
20
67.8609392614948
30
0
0
VERTEX
8
0
10
47.2639999999999
20
67.9825471436516
30
0
0
VERTEX
8
0
10
47.7119999999999
20
68.1049764276963
30
0
0
VERTEX
8
0
10
48.1599999999999
20
68.2282509735013
30
0
0
VERTEX
8
0
10
48.6079999999999
20
68.353651266951
30
0
0
VERTEX
8
0
10
49.0559999999999
20
68.4787940658266
30
0
0
VERTEX
8
0
10
49.5039999999999
20
68.6032830302075
30
0
0
VERTEX
8
0
10
49.9519999999999
20
68.7280442638848
30
0
0
VERTEX
8
0
10
50.3999999999999
20
68.8531307587386
30
0
0
VERTEX
8
0
10
50.8479999999999
20
68.9784441771341
30
0
0
VERTEX
8
0
10
51.2959999999999
20
69.1036484000536
30
0
0
VERTEX
8
0
10
51.7439999999999
20
69.2287461406573
30
0
0
VERTEX
8
0
10
52.1919999999999
20
69.3562831318856
30
0
0
VERTEX
8
0
10
52.6399999999999
20
69.4918424413795
30
0
0
VERTEX
8
0
10
53.0879999999999
20
69.6331074869161
30
0
0
VERTEX
8
0
10
53.5359999999999
20
69.7616311295303
30
0
0
VERTEX
8
0
10
53.9839999999999
20
69.890140281995
30
0
0
VERTEX
8
0
10
54.4319999999999
20
70.0180258987014
30
0
0
VERTEX
8
0
10
54.8799999999999
20
70.1438987765412
30
0
0
VERTEX
8
0
10
55.3279999999999
20
70.2698489018848
30
0
0
VERTEX
8
0
10
55.7759999999999
20
70.3948498789056
30
0
0
VERTEX
8
0
10
56.2239999999999
20
70.5187912443344
30
0
0
VERTEX
8
0
10
56.6719999999999
20
70.6475283114625
30
0
0
VERTEX
8
0
10
57.1199999999999
20
70.7734881759385
30
0
0
VERTEX
8
0
10
57.5679999999999
20
70.8957125842446
30
0
0
VERTEX
8
0
10
58.0159999999999
20
71.0167915928304
30
0
0
VERTEX
8
0
10
58.4639999999999
20
71.1374208509008
30
0
0
VERTEX
8
0
10
58.9119999999999
20
71.2575061734665
30
0
0
VERTEX
8
0
10
59.3599999999999
20
71.3768945444449
30
0
0
VERTEX
8
0
10
59.8079999999999
20
71.4956231210005
30
0
0
VERTEX
8
0
10
60.2559999999999
20
71.6142780295768
30
0
0
VERTEX
8
0
10
60.7039999999999
20
71.7345784944138
30
0
0
VERTEX
8
0
10
61.1519999999999
20
71.8527487454164
30
0
0
VERTEX
8
0
10
61.5999999999999
20
71.9702010662211
30
0
0
VERTEX
8
0
10
62.0479999999998
20
72.0853653355557
30
0
0
VERTEX
8
0
10
62.4959999999998
20
72.1997748630809
30
0
0
VERTEX
8
0
10
62.9439999999998
20
72.3134329553795
30
0
0
VERTEX
8
0
10
63.3919999999998
20
72.4262517442223
30
0
0
VERTEX
8
0
10
63.8399999999998
20
72.5382613461261
30
0
0
VERTEX
8
0
10
64.2879999999998
20
72.6494152140702
30
0
0
VERTEX
8
0
10
64.7359999999998
20
72.7597140720147
30
0
0
VERTEX
8
0
10
65.1839999999998
20
72.8690201988455
30
0
0
VERTEX
8
0
10
65.6319999999998
20
72.9779638940021
30
0
0
VERTEX
8
0
10
66.0799999999998
20
73.0870867847471
30
0
0
VERTEX
8
0
10
66.5279999999998
20
73.197012987856
30
0
0
VERTEX
8
0
10
66.9759999999998
20
73.3036802511088
30
0
0
VERTEX
8
0
10
67.4239999999998
20
73.4098111796844
30
0
0
VERTEX
8
0
10
67.8719999999998
20
73.5147841996028
30
0
0
VERTEX
8
0
10
68.3199999999998
20
73.6180911134551
30
0
0
VERTEX
8
0
10
68.7679999999998
20
73.7212917291843
30
0
0
VERTEX
8
0
10
69.2159999999998
20
73.8234821075447
30
0
0
VERTEX
8
0
10
69.6639999999998
20
73.92402375809
30
0
0
VERTEX
8
0
10
70.1119999999998
20
74.0227997792179
30
0
0
VERTEX
8
0
10
70.5599999999998
20
74.1203261440732
30
0
0
VERTEX
8
0
10
71.0079999999998
20
74.2173537514493
30
0
0
VERTEX
8
0
10
71.4559999999998
20
74.3154662607041
30
0
0
VERTEX
8
0
10
71.9039999999998
20
74.4112881454625
30
0
0
VERTEX
8
0
10
72.3519999999998
20
74.506470420363
30
0
0
VERTEX
8
0
10
72.7999999999998
20
74.599085886745
30
0
0
VERTEX
8
0
10
73.2479999999998
20
74.690217270742
30
0
0
VERTEX
8
0
10
73.6959999999998
20
74.7802917268544
30
0
0
VERTEX
8
0
10
74.1439999999998
20
74.8692907067186
30
0
0
VERTEX
8
0
10
74.5919999999999
20
74.9571816572766
30
0
0
VERTEX
8
0
10
75.0399999999999
20
75.0439817581896
30
0
0
VERTEX
8
0
10
75.4879999999999
20
75.1298972284708
30
0
0
VERTEX
8
0
10
75.9359999999999
20
75.2153845449878
30
0
0
VERTEX
8
0
10
76.3839999999999
20
75.3001728416125
30
0
0
VERTEX
8
0
10
76.8319999999999
20
75.3834260788196
30
0
0
VERTEX
8
0
10
77.2799999999999
20
75.4665842812808
30
0
0
VERTEX
8
0
10
77.7279999999999
20
75.5482909484436
30
0
0
VERTEX
8
0
10
78.1759999999999
20
75.6280290335124
30
0
0
VERTEX
8
0
10
78.6239999999999
20
75.7078444811966
30
0
0
VERTEX
8
0
10
79.0719999999999
20
75.7850125912185
30
0
0
VERTEX
8
0
10
79.5199999999999
20
75.8611848245206
30
0
0
VERTEX
8
0
10
79.9679999999999
20
75.935578078718
30
0
0
VERTEX
8
0
10
80.4159999999999
20
76.0086269035348
30
0
0
VERTEX
8
0
10
80.8639999999999
20
76.0805256236034
30
0
0
VERTEX
8
0
10
81.312
20
76.1512589549464
30
0
0
VERTEX
8
0
10
81.76
20
76.2208137611877
30
0
0
VERTEX
8
0
10
82.208
20
76.289167547254
30
0
0
VERTEX
8
0
10
82.656
20
76.3562853442822
30
0
0
VERTEX
8
0
10
83.104
20
76.4221703303349
30
0
0
VERTEX
8
0
10
83.552
20
76.4873362512343
30
0
0
VERTEX
8
0
10
84
20
76.5524646286079
30
0
0
VERTEX
8
0
10
84.448
20
76.6173434264937
30
0
0
VERTEX
8
0
10
84.896
20
76.6812557496558
30
0
0
VERTEX
8
0
10
85.344
20
76.7424920169864
30
0
0
VERTEX
8
0
10
85.792
20
76.8038109246419
30
0
0
VERTEX
8
0
10
86.24
20
76.863357975001
30
0
0
VERTEX
8
0
10
86.688
20
76.9203698451224
30
0
0
VERTEX
8
0
10
87.136
20
76.9779485843209
30
0
0
VERTEX
8
0
10
87.584
20
77.0310576656005
30
0
0
VERTEX
8
0
10
88.0320000000001
20
77.0820877047873
30
0
0
VERTEX
8
0
10
88.4800000000001
20
77.1306762026273
30
0
0
VERTEX
8
0
10
88.9280000000001
20
77.1767774790905
30
0
0
VERTEX
8
0
10
89.3760000000001
20
77.2202976684411
30
0
0
VERTEX
8
0
10
89.8240000000001
20
77.262466696304
30
0
0
VERTEX
8
0
10
90.2720000000001
20
77.3055252946961
30
0
0
VERTEX
8
0
10
90.7200000000001
20
77.35121680978
30
0
0
VERTEX
8
0
10
91.1680000000001
20
77.3985179920377
30
0
0
VERTEX
8
0
10
91.6160000000001
20
77.4468284283309
30
0
0
VERTEX
8
0
10
92.0640000000001
20
77.4977242695875
30
0
0
VERTEX
8
0
10
92.5120000000001
20
77.5483483147212
30
0
0
VERTEX
8
0
10
92.9600000000001
20
77.6000153597125
30
0
0
VERTEX
8
0
10
93.4080000000001
20
77.6514996180228
30
0
0
VERTEX
8
0
10
93.8560000000001
20
77.7025058616598
30
0
0
VERTEX
8
0
10
94.3040000000001
20
77.753751509769
30
0
0
VERTEX
8
0
10
94.7520000000001
20
77.8049231884921
30
0
0
VERTEX
8
0
10
95.2000000000001
20
77.8559806312785
30
0
0
VERTEX
8
0
10
95.6480000000002
20
77.9069845825828
30
0
0
VERTEX
8
0
10
96.0960000000002
20
77.9580442258917
30
0
0
VERTEX
8
0
10
96.5440000000002
20
78.0093434994473
30
0
0
VERTEX
8
0
10
96.9920000000002
20
78.0607681368625
30
0
0
VERTEX
8
0
10
97.4400000000002
20
78.1116691171734
30
0
0
VERTEX
8
0
10
97.8880000000002
20
78.1635213315317
30
0
0
VERTEX
8
0
10
98.3360000000002
20
78.2152399378784
30
0
0
VERTEX
8
0
10
98.7840000000002
20
78.2656116464573
30
0
0
VERTEX
8
0
10
99.2320000000002
20
78.3166122866382
30
0
0
VERTEX
8
0
10
99.6800000000002
20
78.3669164114976
30
0
0
VERTEX
8
0
10
100.128
20
78.4159117194697
30
0
0
VERTEX
8
0
10
100.576
20
78.4711574337125
30
0
0
VERTEX
8
0
10
101.024
20
78.5213714894292
30
0
0
VERTEX
8
0
10
101.472
20
78.5726996120288
30
0
0
VERTEX
8
0
10
101.92
20
78.6208830058574
30
0
0
VERTEX
8
0
10
102.368
20
78.6675398267779
30
0
0
VERTEX
8
0
10
102.816
20
78.7136652137063
30
0
0
VERTEX
8
0
10
103.264
20
78.7594109592037
30
0
0
VERTEX
8
0
10
103.712
20
78.8047450400828
30
0
0
VERTEX
8
0
10
104.16
20
78.8496323846424
30
0
0
VERTEX
8
0
10
104.608
20
78.8940509713191
30
0
0
VERTEX
8
0
10
105.056
20
78.9380022751959
30
0
0
VERTEX
8
0
10
105.504
20
78.9815618828976
30
0
0
VERTEX
8
0
10
105.952
20
79.0247506119689
30
0
0
VERTEX
8
0
10
106.4
20
79.067686716986
30
0
0
VERTEX
8
0
10
106.848
20
79.1100525733221
30
0
0
VERTEX
8
0
10
107.296
20
79.1515890046391
30
0
0
VERTEX
8
0
10
107.744
20
79.1927445232589
30
0
0
VERTEX
8
0
10
108.192
20
79.2334642210964
30
0
0
VERTEX
8
0
10
108.64
20
79.2728413187285
30
0
0
VERTEX
8
0
10
109.088
20
79.3193170333737
30
0
0
VERTEX
8
0
10
109.536
20
79.3587831179908
30
0
0
VERTEX
8
0
10
109.984
20
79.3977829810929
30
0
0
VERTEX
8
0
10
110.432
20
79.4353795940563
30
0
0
VERTEX
8
0
10
110.88
20
79.4722732462261
30
0
0
VERTEX
8
0
10
111.328
20
79.5085517045468
30
0
0
VERTEX
8
0
10
111.776
20
79.5442224179425
30
0
0
VERTEX
8
0
10
112.224
20
79.5798418741197
30
0
0
VERTEX
8
0
10
112.672
20
79.6176687359309
30
0
0
VERTEX
8
0
10
113.12
20
79.6588402533224
30
0
0
VERTEX
8
0
10
113.568
20
79.7002416754549
30
0
0
VERTEX
8
0
10
114.016
20
79.7374963786699
30
0
0
VERTEX
8
0
10
114.464
20
79.7702735567827
30
0
0
VERTEX
8
0
10
114.912
20
79.8019872104085
30
0
0
VERTEX
8
0
10
115.36
20
79.8330628739834
30
0
0
VERTEX
8
0
10
115.808
20
79.8636560569588
30
0
0
VERTEX
8
0
10
116.256
20
79.893783346136
30
0
0
VERTEX
8
0
10
116.704
20
79.9235827118355
30
0
0
VERTEX
8
0
10
117.152
20
79.9525133365529
30
0
0
VERTEX
8
0
10
117.6
20
79.9836004015947
30
0
0
VERTEX
8
0
10
118.048
20
80.0113631422304
30
0
0
VERTEX
8
0
10
118.496
20
80.0384091851284
30
0
0
VERTEX
8
0
10
118.944
20
80.0643157942366
30
0
0
VERTEX
8
0
10
119.392
20
80.0893870754591
30
0
0
VERTEX
8
0
10
119.840000000001
20
80.1137259428746
30
0
0
VERTEX
8
0
10
120.288000000001
20
80.1376655494931
30
0
0
VERTEX
8
0
10
120.736000000001
20
80.160819036638
30
0
0
VERTEX
8
0
10
121.184000000001
20
80.191866949932
30
0
0
VERTEX
8
0
10
121.632000000001
20
80.2168146072389
30
0
0
VERTEX
8
0
10
122.080000000001
20
80.2432871367189
30
0
0
VERTEX
8
0
10
122.528000000001
20
80.2657428679785
30
0
0
VERTEX
8
0
10
122.976000000001
20
80.2856535937462
30
0
0
VERTEX
8
0
10
123.424000000001
20
80.304477923207
30
0
0
VERTEX
8
0
10
123.872000000001
20
80.3226545356096
30
0
0
VERTEX
8
0
10
124.320000000001
20
80.3402231284138
30
0
0
VERTEX
8
0
10
124.768000000001
20
80.3571595560875
30
0
0
VERTEX
8
0
10
125.216000000001
20
80.3734443432629
30
0
0
VERTEX
8
0
10
125.664000000001
20
80.3890672756849
30
0
0
VERTEX
8
0
10
126.112000000001
20
80.4040247634078
30
0
0
VERTEX
8
0
10
126.560000000001
20
80.4183171714469
30
0
0
VERTEX
8
0
10
127.008000000001
20
80.4319361162343
30
0
0
VERTEX
8
0
10
127.456000000001
20
80.4448541754834
30
0
0
VERTEX
8
0
10
127.904000000001
20
80.4570526192429
30
0
0
VERTEX
8
0
10
128.352000000001
20
80.4685643587111
30
0
0
VERTEX
8
0
10
128.800000000001
20
80.4796608818504
30
0
0
VERTEX
8
0
10
129.248000000001
20
80.4901362363603
30
0
0
VERTEX
8
0
10
129.696000000001
20
80.5063425364755
30
0
0
VERTEX
8
0
10
130.144000000001
20
80.5179726437676
30
0
0
VERTEX
8
0
10
130.592000000001
20
80.5308885546359
30
0
0
VERTEX
8
0
10
131.040000000001
20
80.5405886306646
30
0
0
VERTEX
8
0
10
131.488000000001
20
80.5481004173744
30
0
0
VERTEX
8
0
10
131.936000000001
20
80.5547943074983
30
0
0
VERTEX
8
0
10
132.384000000001
20
80.5608149417227
30
0
0
VERTEX
8
0
10
132.832000000001
20
80.5659714180181
30
0
0
VERTEX
8
0
10
133.280000000001
20
80.5709977288081
30
0
0
VERTEX
8
0
10
133.728000000001
20
80.5756680023432
30
0
0
VERTEX
8
0
10
134.176000000001
20
80.5792166277674
30
0
0
VERTEX
8
0
10
134.624000000001
20
80.5846311590478
30
0
0
VERTEX
8
0
10
135.072000000001
20
80.5872629779434
30
0
0
VERTEX
8
0
10
135.520000000001
20
80.5905451451546
30
0
0
VERTEX
8
0
10
135.968000000001
20
80.5935674209944
30
0
0
VERTEX
8
0
10
136.416000000001
20
80.5943054463359
30
0
0
VERTEX
8
0
10
136.864000000001
20
80.5960095672937
30
0
0
VERTEX
8
0
10
137.312000000001
20
80.5965995274636
30
0
0
VERTEX
8
0
10
137.760000000001
20
80.5956193482641
30
0
0
VERTEX
8
0
10
138.208000000001
20
80.5935763251099
30
0
0
VERTEX
8
0
10
138.656000000001
20
80.5905116557781
30
0
0
VERTEX
8
0
10
139.104000000001
20
80.5867290340963
30
0
0
VERTEX
8
0
10
139.552000000001
20
80.5823400718803
30
0
0
VERTEX
8
0
10
140.000000000001
20
80.5773613822627
30
0
0
VERTEX
8
0
10
140.448000000001
20
80.5717916807274
30
0
0
VERTEX
8
0
10
140.896000000001
20
80.5656508721144
30
0
0
VERTEX
8
0
10
141.344000000001
20
80.5590254807889
30
0
0
VERTEX
8
0
10
141.792000000001
20
80.5520694927379
30
0
0
VERTEX
8
0
10
142.240000000001
20
80.5448981239066
30
0
0
VERTEX
8
0
10
142.688000000001
20
80.5366709630838
30
0
0
VERTEX
8
0
10
143.136000000001
20
80.5300518104608
30
0
0
VERTEX
8
0
10
143.584000000001
20
80.5209069659821
30
0
0
VERTEX
8
0
10
144.032000000001
20
80.5121582150183
30
0
0
VERTEX
8
0
10
144.480000000001
20
80.5030411803859
30
0
0
VERTEX
8
0
10
144.928000000001
20
80.4921940394348
30
0
0
VERTEX
8
0
10
145.376000000001
20
80.4818065920729
30
0
0
VERTEX
8
0
10
145.824000000001
20
80.4704380014001
30
0
0
VERTEX
8
0
10
146.272000000001
20
80.4577806931806
30
0
0
VERTEX
8
0
10
146.720000000001
20
80.4453786575536
30
0
0
VERTEX
8
0
10
147.168000000001
20
80.4312756265774
30
0
0
VERTEX
8
0
10
147.616000000001
20
80.4167934097866
30
0
0
VERTEX
8
0
10
148.064000000001
20
80.4017439708408
30
0
0
VERTEX
8
0
10
148.512000000001
20
80.3861785970194
30
0
0
VERTEX
8
0
10
148.960000000001
20
80.3701181181951
30
0
0
VERTEX
8
0
10
149.408000000001
20
80.3535963617238
30
0
0
VERTEX
8
0
10
149.856000000001
20
80.3366477645817
30
0
0
VERTEX
8
0
10
150.304000000001
20
80.3194745284794
30
0
0
VERTEX
8
0
10
150.752000000001
20
80.3019316858106
30
0
0
VERTEX
8
0
10
151.200000000001
20
80.2837976405654
30
0
0
VERTEX
8
0
10
151.648000000001
20
80.2650365641688
30
0
0
VERTEX
8
0
10
152.096000000001
20
80.2456705225351
30
0
0
VERTEX
8
0
10
152.544000000001
20
80.2257931882282
30
0
0
VERTEX
8
0
10
152.992000000001
20
80.2054541008769
30
0
0
VERTEX
8
0
10
153.440000000001
20
80.1846778250735
30
0
0
VERTEX
8
0
10
153.888000000001
20
80.1635012244522
30
0
0
VERTEX
8
0
10
154.336000000001
20
80.1420067384364
30
0
0
VERTEX
8
0
10
154.784000000001
20
80.1200316207809
30
0
0
VERTEX
8
0
10
155.232000000001
20
80.0985024064875
30
0
0
VERTEX
8
0
10
155.680000000001
20
80.0759585302128
30
0
0
VERTEX
8
0
10
156.128000000001
20
80.0534533364352
30
0
0
VERTEX
8
0
10
156.576000000001
20
80.0308808813881
30
0
0
VERTEX
8
0
10
157.024000000001
20
80.0071171019688
30
0
0
VERTEX
8
0
10
157.472000000001
20
79.9836019999089
30
0
0
VERTEX
8
0
10
157.920000000001
20
79.959621552074
30
0
0
VERTEX
8
0
10
158.368000000001
20
79.9347666669695
30
0
0
VERTEX
8
0
10
158.816000000001
20
79.9094915051792
30
0
0
VERTEX
8
0
10
159.264000000001
20
79.8837172918116
30
0
0
VERTEX
8
0
10
159.712000000001
20
79.8575461604108
30
0
0
VERTEX
8
0
10
160.160000000001
20
79.8310263288988
30
0
0
VERTEX
8
0
10
160.608000000001
20
79.8041731331328
30
0
0
VERTEX
8
0
10
161.056000000001
20
79.7770134347942
30
0
0
VERTEX
8
0
10
161.504000000001
20
79.7496639302603
30
0
0
VERTEX
8
0
10
161.952000000001
20
79.7224749981216
30
0
0
VERTEX
8
0
10
162.400000000001
20
79.6960525647277
30
0
0
VERTEX
8
0
10
162.848000000001
20
79.6712955630608
30
0
0
VERTEX
8
0
10
163.296000000001
20
79.6433119595587
30
0
0
VERTEX
8
0
10
163.744000000001
20
79.6215114758725
30
0
0
VERTEX
8
0
10
164.192000000001
20
79.5920456110731
30
0
0
VERTEX
8
0
10
164.640000000001
20
79.5632500612435
30
0
0
VERTEX
8
0
10
165.088000000001
20
79.5337898395363
30
0
0
VERTEX
8
0
10
165.536000000001
20
79.5040555447746
30
0
0
VERTEX
8
0
10
165.984000000001
20
79.4743687622886
30
0
0
VERTEX
8
0
10
166.432000000001
20
79.4452062890987
30
0
0
VERTEX
8
0
10
166.880000000001
20
79.415453068671
30
0
0
VERTEX
8
0
10
167.328000000001
20
79.3899122383586
30
0
0
VERTEX
8
0
10
167.776000000001
20
79.3635440361883
30
0
0
VERTEX
8
0
10
168.224000000001
20
79.3342923993
30
0
0
VERTEX
8
0
10
168.672000000001
20
79.3126157071498
30
0
0
VERTEX
8
0
10
169.120000000001
20
79.2829337351881
30
0
0
VERTEX
8
0
10
169.568000000001
20
79.2560415819589
30
0
0
VERTEX
8
0
10
170.016000000001
20
79.2273561700948
30
0
0
SEQEND
8
0
0
POLYLINE
8
0
62
4
70
0
10
0
20
0
30
0
0
VERTEX
8
0
10
0.224
20
29.6556394240536
30
0
0
VERTEX
8
0
10
0.672
20
24.015377202148
30
0
0
VERTEX
8
0
10
1.12
20
26.0602414703649
30
0
0
VERTEX
8
0
10
1.568
20
31.6994944060609
30
0
0
VERTEX
8
0
10
2.016
20
35.7781937910162
30
0
0
VERTEX
8
0
10
2.464
20
40.3073804649546
30
0
0
VERTEX
8
0
10
2.912
20
43.0790971315971
30
0
0
VERTEX
8
0
10
3.36
20
46.4394705595451
30
0
0
VERTEX
8
0
10
3.808
20
48.8102896964412
30
0
0
VERTEX
8
0
10
4.256
20
50.7394926567796
30
0
0
VERTEX
8
0
10
4.704
20
52.0952982957473
30
0
0
VERTEX
8
0
10
5.152
20
53.4906667285784
30
0
0
VERTEX
8
0
10
5.6
20
54.7566934235161
30
0
0
VERTEX
8
0
10
6.048
20
55.7010482897125
30
0
0
VERTEX
8
0
10
6.496
20
56.527945046353
30
0
0
VERTEX
8
0
10
6.944
20
57.5723238085639
30
0
0
VERTEX
8
0
10
7.392
20
58.2337497141644
30
0
0
VERTEX
8
0
10
7.84
20
58.7107253548334
30
0
0
VERTEX
8
0
10
8.288
20
59.3160235054806
30
0
0
VERTEX
8
0
10
8.736
20
59.7298001572865
30
0
0
VERTEX
8
0
10
9.184
20
60.0842523735244
30
0
0
VERTEX
8
0
10
9.632
20
60.4465220987835
30
0
0
VERTEX
8
0
10
10.08
20
60.8169661838793
30
0
0
VERTEX
8
0
10
10.528
20
61.2165867237576
30
0
0
VERTEX
8
0
10
10.976
20
61.4290179287718
30
0
0
VERTEX
8
0
10
11.424
20
61.687343463604
30
0
0
VERTEX
8
0
10
11.872
20
61.8821321602717
30
0
0
VERTEX
8
0
10
12.32
20
61.996342399089
30
0
0
VERTEX
8
0
10
12.768
20
62.1893383629662
30
0
0
VERTEX
8
0
10
13.216
20
62.3850200721642
30
0
0
VERTEX
8
0
10
13.664
20
62.5291105464436
30
0
0
VERTEX
8
0
10
14.112
20
62.7132903047227
30
0
0
VERTEX
8
0
10
14.56
20
62.8524667874804
30
0
0
VERTEX
8
0
10
15.008
20
62.981722463141
30
0
0
VERTEX
8
0
10
15.456
20
63.1614751154909
30
0
0
VERTEX
8
0
10
15.904
20
63.25105982508
30
0
0
VERTEX
8
0
10
16.352
20
63.3848245229542
30
0
0
VERTEX
8
0
10
16.8
20
63.5395270438156
30
0
0
VERTEX
8
0
10
17.248
20
63.6683864500432
30
0
0
VERTEX
8
0
10
17.696
20
63.8137213005813
30
0
0
VERTEX
8
0
10
18.144
20
63.9576154138842
30
0
0
VERTEX
8
0
10
18.592
20
64.0950260116201
30
0
0
VERTEX
8
0
10
19.04
20
64.2286314521211
30
0
0
VERTEX
8
0
10
19.488
20
64.3321087868223
30
0
0
VERTEX
8
0
10
19.936
20
64.5045948283697
30
0
0
VERTEX
8
0
10
20.384
20
64.7215757958783
30
0
0
VERTEX
8
0
10
20.832
20
64.8554800887321
30
0
0
VERTEX
8
0
10
21.28
20
65.0042386685429
30
0
0
VERTEX
8
0
10
21.728
20
65.1375740729412
30
0
0
VERTEX
8
0
10
22.176
20
65.1636958817052
30
0
0
VERTEX
8
0
10
22.624
20
65.2001601665706
30
0
0
VERTEX
8
0
10
23.072
20
65.2963230359353
30
0
0
VERTEX
8
0
10
23.52
20
65.4029503131468
30
0
0
VERTEX
8
0
10
23.968
20
65.3593624237323
30
0
0
VERTEX
8
0
10
24.416
20
65.3186228702906
30
0
0
VERTEX
8
0
10
24.864
20
65.3472175264855
30
0
0
VERTEX
8
0
10
25.312
20
65.3893896334068
30
0
0
VERTEX
8
0
10
25.76
20
65.3492765261449
30
0
0
VERTEX
8
0
10
26.208
20
65.3373612988861
30
0
0
VERTEX
8
0
10
26.656
20
65.3754948795618
30
0
0
VERTEX
8
0
10
27.104
20
65.4006225454344
30
0
0
VERTEX
8
0
10
27.552
20
65.3909664201427
30
0
0
VERTEX
8
0
10
28
20
65.3593296857486
30
0
0
VERTEX
8
0
10
28.448
20
65.3673313672229
30
0
0
VERTEX
8
0
10
28.896
20
65.3672941604727
30
0
0
VERTEX
8
0
10
29.344
20
65.3692982990153
30
0
0
VERTEX
8
0
10
29.792
20
65.3742002934744
30
0
0
VERTEX
8
0
10
30.24
20
65.4230448851759
30
0
0
VERTEX
8
0
10
30.688
20
65.4779848417025
30
0
0
VERTEX
8
0
10
31.136
20
65.5321325552239
30
0
0
VERTEX
8
0
10
31.584
20
65.5851879469156
30
0
0
VERTEX
8
0
10
32.032
20
65.6410911534455
30
0
0
VERTEX
8
0
10
32.48
20
65.7005743779002
30
0
0
VERTEX
8
0
10
32.928
20
65.7635249893599
30
0
0
VERTEX
8
0
10
33.376
20
65.8297305926984
30
0
0
VERTEX
8
0
10
33.824
20
65.9011838689046
30
0
0
VERTEX
8
0
10
34.2719999999999
20
65.9787198881042
30
0
0
VERTEX
8
0
10
34.7199999999999
20
66.0481096805453
30
0
0
VERTEX
8
0
10
35.168
20
66.1119649378999
30
0
0
VERTEX
8
0
10
35.6159999999999
20
66.1763848018612
30
0
0
VERTEX
8
0
10
36.0639999999999
20
66.2425904736368
30
0
0
VERTEX
8
0
10
36.5119999999999
20
66.3112689329649
30
0
0
VERTEX
8
0
10
36.9599999999999
20
66.3579451803383
30
0
0
VERTEX
8
0
10
37.4079999999999
20
66.4050419684437
30
0
0
VERTEX
8
0
10
37.8559999999999
20
66.4587039534303
30
0
0
VERTEX
8
0
10
38.3039999999999
20
66.5129227780364
30
0
0
VERTEX
8
0
10
38.7519999999999
20
66.567067410787
30
0
0
VERTEX
8
0
10
39.1999999999999
20
66.6220833103383
30
0
0
VERTEX
8
0
10
39.6479999999999
20
66.6903205534435
30
0
0
VERTEX
8
0
10
40.0959999999999
20
66.7717787905331
30
0
0
VERTEX
8
0
10
40.5439999999999
20
66.8728512336789
30
0
0
VERTEX
8
0
10
40.9919999999999
20
66.989446765585
30
0
0
VERTEX
8
0
10
41.4399999999999
20
67.1115805661429
30
0
0
VERTEX
8
0
10
41.8879999999999
20
67.2430408787168
30
0
0
VERTEX
8
0
10
42.3359999999999
20
67.3238130560293
30
0
0
VERTEX
8
0
10
42.7839999999999
20
67.3731234041195
30
0
0
VERTEX
8
0
10
43.2319999999999
20
67.4244703306011
30
0
0
VERTEX
8
0
10
43.6799999999999
20
67.4777839838817
30
0
0
VERTEX
8
0
10
44.1279999999999
20
67.5550015393112
30
0
0
VERTEX
8
0
10
44.5759999999999
20
67.6342526012727
30
0
0
VERTEX
8
0
10
45.0239999999999
20
67.7146996821046
30
0
0
VERTEX
8
0
10
45.4719999999999
20
67.7962939970646
30
0
0
VERTEX
8
0
10
45.9199999999999
20
67.8678815609109
30
0
0
VERTEX
8
0
10
46.3679999999999
20
67.901945851743
30
0
0
VERTEX
8
0
10
46.8159999999999
20
67.9945540241435
30
0
0
VERTEX
8
0
10
47.2639999999999
20
68.1067767356312
30
0
0
VERTEX
8
0
10
47.7119999999999
20
68.2293723265042
30
0
0
VERTEX
8
0
10
48.1599999999999
20
68.3713254537745
30
0
0
VERTEX
8
0
10
48.6079999999999
20
68.5226767875072
30
0
0
VERTEX
8
0
10
49.0559999999999
20
68.6668947351608
30
0
0
VERTEX
8
0
10
49.5039999999999
20
68.8020494691879
30
0
0
VERTEX
8
0
10
49.9519999999999
20
68.9561941701185
30
0
0
VERTEX
8
0
10
50.3999999999999
20
69.1279191415738
30
0
0
VERTEX
8
0
10
50.8479999999999
20
69.3075769497769
30
0
0
VERTEX
8
0
10
51.2959999999999
20
69.5397059839444
30
0
0
VERTEX
8
0
10
51.7439999999999
20
69.7721778738917
30
0
0
VERTEX
8
0
10
52.1919999999999
20
70.0208474228539
30
0
0
VERTEX
8
0
10
52.6399999999999
20
70.2320153111211
30
0
0
VERTEX
8
0
10
53.0879999999999
20
70.397745168357
30
0
0
VERTEX
8
0
10
53.5359999999999
20
70.5517638578849
30
0
0
VERTEX
8
0
10
53.9839999999999
20
70.7028984973586
30
0
0
VERTEX
8
0
10
54.4319999999999
20
70.8555976683919
30
0
0
VERTEX
8
0
10
54.8799999999999
20
71.0252255981121
30
0
0
VERTEX
8
0
10
55.3279999999999
20
71.2039128910207
30
0
0
VERTEX
8
0
10
55.7759999999999
20
71.3487596878893
30
0
0
VERTEX
8
0
10
56.2239999999999
20
71.4810055433187
30
0
0
VERTEX
8
0
10
56.6719999999999
20
71.5929631865048
30
0
0
VERTEX
8
0
10
57.1199999999999
20
71.6947678686874
30
0
0
VERTEX
8
0
10
57.5679999999999
20
71.7934042201886
30
0
0
VERTEX
8
0
10
58.0159999999999
20
71.8802426903602
30
0
0
VERTEX
8
0
10
58.4639999999999
20
71.9656819701285
30
0
0
VERTEX
8
0
10
58.9119999999999
20
72.1153620573269
30
0
0
VERTEX
8
0
10
59.3599999999999
20
72.2486504640806
30
0
0
VERTEX
8
0
10
59.8079999999999
20
72.3834246666873
30
0
0
VERTEX
8
0
10
60.2559999999999
20
72.5208317183099
30
0
0
VERTEX
8
0
10
60.7039999999999
20
72.6620220199225
30
0
0
VERTEX
8
0
10
61.1519999999999
20
72.7408426724875
30
0
0
VERTEX
8
0
10
61.5999999999999
20
72.8238222548115
30
0
0
VERTEX
8
0
10
62.0479999999998
20
72.9052551359907
30
0
0
VERTEX
8
0
10
62.4959999999998
20
72.9866618402549
30
0
0
VERTEX
8
0
10
62.9439999999998
20
73.068051166544
30
0
0
VERTEX
8
0
10
63.3919999999998
20
73.1771562214137
30
0
0
VERTEX
8
0
10
63.8399999999998
20
73.2899908233127
30
0
0
VERTEX
8
0
10
64.2879999999998
20
73.4029888696397
30
0
0
VERTEX
8
0
10
64.7359999999998
20
73.5203709002104
30
0
0
VERTEX
8
0
10
65.1839999999998
20
73.6367087960374
30
0
0
VERTEX
8
0
10
65.6319999999998
20
73.7538354705537
30
0
0
VERTEX
8
0
10
66.0799999999998
20
73.8168474911388
30
0
0
VERTEX
8
0
10
66.5279999999998
20
73.8995258607316
30
0
0
VERTEX
8
0
10
66.9759999999998
20
73.9796436688327
30
0
0
VERTEX
8
0
10
67.4239999999998
20
74.0651187230347
30
0
0
VERTEX
8
0
10
67.8719999999998
20
74.1485732576798
30
0
0
VERTEX
8
0
10
68.3199999999998
20
74.3226828977115
30
0
0
VERTEX
8
0
10
68.7679999999998
20
74.4730926208088
30
0
0
VERTEX
8
0
10
69.2159999999998
20
74.6242334432424
30
0
0
VERTEX
8
0
10
69.6639999999998
20
74.775448704228
30
0
0
VERTEX
8
0
10
70.1119999999998
20
74.9266202995778
30
0
0
VERTEX
8
0
10
70.5599999999998
20
75.078255148355
30
0
0
VERTEX
8
0
10
71.0079999999998
20
75.0659104377746
30
0
0
VERTEX
8
0
10
71.4559999999998
20
75.1097436073785
30
0
0
VERTEX
8
0
10
71.9039999999998
20
75.154381897351
30
0
0
VERTEX
8
0
10
72.3519999999998
20
75.1999441729042
30
0
0
VERTEX
8
0
10
72.7999999999998
20
75.2339056638175
30
0
0
VERTEX
8
0
10
73.2479999999998
20
75.3113026102633
30
0
0
VERTEX
8
0
10
73.6959999999998
20
75.4178974294441
30
0
0
VERTEX
8
0
10
74.1439999999998
20
75.5254709852194
30
0
0
VERTEX
8
0
10
74.5919999999999
20
75.633125829841
30
0
0
VERTEX
8
0
10
75.0399999999999
20
75.7406688768639
30
0
0
VERTEX
8
0
10
75.4879999999999
20
75.8483178262151
30
0
0
VERTEX
8
0
10
75.9359999999999
20
75.9519794284103
30
0
0
VERTEX
8
0
10
76.3839999999999
20
75.9306406146936
30
0
0
VERTEX
8
0
10
76.8319999999999
20
75.938339470561
30
0
0
VERTEX
8
0
10
77.2799999999999
20
75.9490344991269
30
0
0
VERTEX
8
0
10
77.7279999999999
20
75.9611515907868
30
0
0
VERTEX
8
0
10
78.1759999999999
20
75.97390935561
30
0
0
VERTEX
8
0
10
78.6239999999999
20
75.963594284508
30
0
0
VERTEX
8
0
10
79.0719999999999
20
76.0108926822184
30
0
0
VERTEX
8
0
10
79.5199999999999
20
76.0595842049393
30
0
0
VERTEX
8
0
10
79.9679999999999
20
76.1058258541841
30
0
0
VERTEX
8
0
10
80.4159999999999
20
76.1518730556101
30
0
0
VERTEX
8
0
10
80.8639999999999
20
76.1975456857244
30
0
0
VERTEX
8
0
10
81.312
20
76.2428349338778
30
0
0
VERTEX
8
0
10
81.76
20
76.2877297581216
30
0
0
VERTEX
8
0
10
82.208
20
76.2430459348274
30
0
0
VERTEX
8
0
10
82.656
20
76.2257603713454
30
0
0
VERTEX
8
0
10
83.104
20
76.2114740922884
30
0
0
VERTEX
8
0
10
83.552
20
76.19569652945
30
0
0
VERTEX
8
0
10
84
20
76.1817783799877
30
0
0
VERTEX
8
0
10
84.448
20
76.1712884857175
30
0
0
VERTEX
8
0
10
84.896
20
76.2781648044636
30
0
0
VERTEX
8
0
10
85.344
20
76.4307621155101
30
0
0
VERTEX
8
0
10
85.792
20
76.5944993218918
30
0
0
VERTEX
8
0
10
86.24
20
76.7675144869075
30
0
0
VERTEX
8
0
10
86.688
20
76.9490553996491
30
0
0
VERTEX
8
0
10
87.136
20
77.1422507378532
30
0
0
VERTEX
8
0
10
87.584
20
77.341663360999
30
0
0
VERTEX
8
0
10
88.0320000000001
20
77.5501151086816
30
0
0
VERTEX
8
0
10
88.4800000000001
20
77.6187130438196
30
0
0
VERTEX
8
0
10
88.9280000000001
20
77.7177442490464
30
0
0
VERTEX
8
0
10
89.3760000000001
20
77.8160551152158
30
0
0
VERTEX
8
0
10
89.8240000000001
20
77.9148198778156
30
0
0
VERTEX
8
0
10
90.2720000000001
20
78.0146580805535
30
0
0
VERTEX
8
0
10
90.7200000000001
20
78.115744015945
30
0
0
VERTEX
8
0
10
91.1680000000001
20
78.2175642249147
30
0
0
VERTEX
8
0
10
91.6160000000001
20
78.1269775216777
30
0
0
VERTEX
8
0
10
92.0640000000001
20
78.0727501636133
30
0
0
VERTEX
8
0
10
92.5120000000001
20
78.0196246235789
30
0
0
VERTEX
8
0
10
92.9600000000001
20
77.968940208587
30
0
0
VERTEX
8
0
10
93.4080000000001
20
77.9196145555295
30
0
0
VERTEX
8
0
10
93.8560000000001
20
77.8714572001001
30
0
0
VERTEX
8
0
10
94.3040000000001
20
77.8258545737169
30
0
0
VERTEX
8
0
10
94.7520000000001
20
77.8213739802038
30
0
0
VERTEX
8
0
10
95.2000000000001
20
77.8467555959711
30
0
0
VERTEX
8
0
10
95.6480000000002
20
77.8719029201886
30
0
0
VERTEX
8
0
10
96.0960000000002
20
77.8969660983655
30
0
0
VERTEX
8
0
10
96.5440000000002
20
77.922165574483
30
0
0
VERTEX
8
0
10
96.9920000000002
20
77.9474187257608
30
0
0
VERTEX
8
0
10
97.4400000000002
20
77.9685051673473
30
0
0
VERTEX
8
0
10
97.8880000000002
20
77.9905055434094
30
0
0
VERTEX
8
0
10
98.3360000000002
20
78.0120144535753
30
0
0
VERTEX
8
0
10
98.7840000000002
20
78.0322888565502
30
0
0
VERTEX
8
0
10
99.2320000000002
20
78.0532577075302
30
0
0
VERTEX
8
0
10
99.6800000000002
20
78.0736085373153
30
0
0
VERTEX
8
0
10
100.128
20
78.0875207205283
30
0
0
VERTEX
8
0
10
100.576
20
78.1062970256063
30
0
0
VERTEX
8
0
10
101.024
20
78.1202416663854
30
0
0
VERTEX
8
0
10
101.472
20
78.1352758324251
30
0
0
VERTEX
8
0
10
101.92
20
78.1474341818085
30
0
0
VERTEX
8
0
10
102.368
20
78.158311867551
30
0
0
VERTEX
8
0
10
102.816
20
78.1600170713568
30
0
0
VERTEX
8
0
10
103.264
20
78.1625213749072
30
0
0
VERTEX
8
0
10
103.712
20
78.1650489510508
30
0
0
VERTEX
8
0
10
104.16
20
78.1675716571288
30
0
0
VERTEX
8
0
10
104.608
20
78.1700742654281
30
0
0
VERTEX
8
0
10
105.056
20
78.1731134866746
30
0
0
VERTEX
8
0
10
105.504
20
78.1761708382912
30
0
0
VERTEX
8
0
10
105.952
20
78.2349024699209
30
0
0
VERTEX
8
0
10
106.4
20
78.2752836683937
30
0
0
VERTEX
8
0
10
106.848
20
78.3153941046796
30
0
0
VERTEX
8
0
10
107.296
20
78.3549767531906
30
0
0
VERTEX
8
0
10
107.744
20
78.3944892566203
30
0
0
VERTEX
8
0
10
108.192
20
78.4338801486363
30
0
0
VERTEX
8
0
10
108.64
20
78.4722372986326
30
0
0
VERTEX
8
0
10
109.088
20
78.5178118235929
30
0
0
VERTEX
8
0
10
109.536
20
78.5566975173741
30
0
0
VERTEX
8
0
10
109.984
20
78.4928308182737
30
0
0
VERTEX
8
0
10
110.432
20
78.449089406659
30
0
0
VERTEX
8
0
10
110.88
20
78.4069313943373
30
0
0
VERTEX
8
0
10
111.328
20
78.3664498186524
30
0
0
VERTEX
8
0
10
111.776
20
78.3276560910126
30
0
0
VERTEX
8
0
10
112.224
20
78.2911190026815
30
0
0
VERTEX
8
0
10
112.672
20
78.2591405578365
30
0
0
VERTEX
8
0
10
113.12
20
78.2313365300165
30
0
0
VERTEX
8
0
10
113.568
20
78.2059669347136
30
0
0
VERTEX
8
0
10
114.016
20
78.2986223967215
30
0
0
VERTEX
8
0
10
114.464
20
78.3768249181334
30
0
0
VERTEX
8
0
10
114.912
20
78.4569261664633
30
0
0
VERTEX
8
0
10
115.36
20
78.5393415309552
30
0
0
VERTEX
8
0
10
115.808
20
78.6242084020788
30
0
0
VERTEX
8
0
10
116.256
20
78.711533093463
30
0
0
VERTEX
8
0
10
116.704
20
78.8014924834182
30
0
0
VERTEX
8
0
10
117.152
20
78.8936180959318
30
0
0
VERTEX
8
0
10
117.6
20
78.9777375352216
30
0
0
VERTEX
8
0
10
118.048
20
79.0517620767587
30
0
0
VERTEX
8
0
10
118.496
20
79.0941643811936
30
0
0
VERTEX
8
0
10
118.944
20
79.1214998831454
30
0
0
VERTEX
8
0
10
119.392
20
79.1484122058046
30
0
0
VERTEX
8
0
10
119.840000000001
20
79.1774176838754
30
0
0
VERTEX
8
0
10
120.288000000001
20
79.2076730388753
30
0
0
VERTEX
8
0
10
120.736000000001
20
79.2426682668023
30
0
0
VERTEX
8
0
10
121.184000000001
20
79.2861587233857
30
0
0
VERTEX
8
0
10
121.632000000001
20
79.3239251471841
30
0
0
VERTEX
8
0
10
122.080000000001
20
79.3636769212562
30
0
0
VERTEX
8
0
10
122.528000000001
20
79.4376078362454
30
0
0
VERTEX
8
0
10
122.976000000001
20
79.5157458628314
30
0
0
VERTEX
8
0
10
123.424000000001
20
79.594425780343
30
0
0
VERTEX
8
0
10
123.872000000001
20
79.6740864188939
30
0
0
VERTEX
8
0
10
124.320000000001
20
79.7547634202435
30
0
0
VERTEX
8
0
10
124.768000000001
20
79.8328204425207
30
0
0
VERTEX
8
0
10
125.216000000001
20
79.9122658756054
30
0
0
VERTEX
8
0
10
125.664000000001
20
79.9927501911908
30
0
0
VERTEX
8
0
10
126.112000000001
20
80.0740422816573
30
0
0
VERTEX
8
0
10
126.560000000001
20
80.156160816192
30
0
0
VERTEX
8
0
10
127.008000000001
20
80.2390937711739
30
0
0
VERTEX
8
0
10
127.456000000001
20
80.055868940137
30
0
0
VERTEX
8
0
10
127.904000000001
20
79.9578803852947
30
0
0
VERTEX
8
0
10
128.352000000001
20
79.8621819747384
30
0
0
VERTEX
8
0
10
128.800000000001
20
79.769152302777
30
0
0
VERTEX
8
0
10
129.248000000001
20
79.6785917017441
30
0
0
VERTEX
8
0
10
129.696000000001
20
79.5997198457231
30
0
0
VERTEX
8
0
10
130.144000000001
20
79.5202198513365
30
0
0
VERTEX
8
0
10
130.592000000001
20
79.4449178557823
30
0
0
VERTEX
8
0
10
131.040000000001
20
79.3692574663535
30
0
0
VERTEX
8
0
10
131.488000000001
20
79.2942793383935
30
0
0
VERTEX
8
0
10
131.936000000001
20
79.0860258726966
30
0
0
VERTEX
8
0
10
132.384000000001
20
78.9155336165169
30
0
0
VERTEX
8
0
10
132.832000000001
20
78.7620019298963
30
0
0
VERTEX
8
0
10
133.280000000001
20
78.6296706503024
30
0
0
VERTEX
8
0
10
133.728000000001
20
78.5151320880512
30
0
0
VERTEX
8
0
10
134.176000000001
20
78.4163302295802
30
0
0
VERTEX
8
0
10
134.624000000001
20
78.3365018408894
30
0
0
VERTEX
8
0
10
135.072000000001
20
78.2681082300977
30
0
0
VERTEX
8
0
10
135.520000000001
20
78.2196705165842
30
0
0
VERTEX
8
0
10
135.968000000001
20
78.1892430726107
30
0
0
VERTEX
8
0
10
136.416000000001
20
78.1798948259463
30
0
0
VERTEX
8
0
10
136.864000000001
20
78.1762123243558
30
0
0
VERTEX
8
0
10
137.312000000001
20
78.1781341560329
30
0
0
VERTEX
8
0
10
137.760000000001
20
78.1787009881101
30
0
0
VERTEX
8
0
10
138.208000000001
20
78.1786391743202
30
0
0
VERTEX
8
0
10
138.656000000001
20
78.1777713287366
30
0
0
VERTEX
8
0
10
139.104000000001
20
78.176421902299
30
0
0
VERTEX
8
0
10
139.552000000001
20
78.1747043730768
30
0
0
VERTEX
8
0
10
140.000000000001
20
78.1726342450497
30
0
0
VERTEX
8
0
10
140.448000000001
20
78.1702085328319
30
0
0
VERTEX
8
0
10
140.896000000001
20
78.1674460506453
30
0
0
VERTEX
8
0
10
141.344000000001
20
78.1644342289709
30
0
0
VERTEX
8
0
10
141.792000000001
20
78.163295095179
30
0
0
VERTEX
8
0
10
142.240000000001
20
78.1839868874468
30
0
0
VERTEX
8
0
10
142.688000000001
20
78.2283557391534
30
0
0
VERTEX
8
0
10
143.136000000001
20
78.3001022318382
30
0
0
VERTEX
8
0
10
143.584000000001
20
78.3949029083898
30
0
0
VERTEX
8
0
10
144.032000000001
20
78.5003171098007
30
0
0
VERTEX
8
0
10
144.480000000001
20
78.6307145346734
30
0
0
VERTEX
8
0
10
144.928000000001
20
78.7807922034398
30
0
0
VERTEX
8
0
10
145.376000000001
20
78.9814762210835
30
0
0
VERTEX
8
0
10
145.824000000001
20
79.1984534692864
30
0
0
VERTEX
8
0
10
146.272000000001
20
79.4246171098064
30
0
0
VERTEX
8
0
10
146.720000000001
20
79.6602083333144
30
0
0
VERTEX
8
0
10
147.168000000001
20
79.8296158730722
30
0
0
VERTEX
8
0
10
147.616000000001
20
79.9223203060541
30
0
0
VERTEX
8
0
10
148.064000000001
20
80.0173061077562
30
0
0
VERTEX
8
0
10
148.512000000001
20
80.114614294967
30
0
0
VERTEX
8
0
10
148.960000000001
20
80.2151789925529
30
0
0
VERTEX
8
0
10
149.408000000001
20
80.3181726248291
30
0
0
VERTEX
8
0
10
149.856000000001
20
80.4235385978286
30
0
0
VERTEX
8
0
10
150.304000000001
20
80.5314666560748
30
0
0
VERTEX
8
0
10
150.752000000001
20
80.6417075556284
30
0
0
VERTEX
8
0
10
151.200000000001
20
80.7540512902382
30
0
0
VERTEX
8
0
10
151.648000000001
20
80.8685194251968
30
0
0
VERTEX
8
0
10
152.096000000001
20
80.9851221206973
30
0
0
VERTEX
8
0
10
152.544000000001
20
81.1039400647836
30
0
0
VERTEX
8
0
10
152.992000000001
20
80.9847597305433
30
0
0
VERTEX
8
0
10
153.440000000001
20
80.9001389521254
30
0
0
VERTEX
8
0
10
153.888000000001
20
80.8162425813736
30
0
0
VERTEX
8
0
10
154.336000000001
20
80.7331515182416
30
0
0
VERTEX
8
0
10
154.784000000001
20
80.6507032386142
30
0
0
VERTEX
8
0
10
155.232000000001
20
80.5698175472162
30
0
0
VERTEX
8
0
10
155.680000000001
20
80.4890419635089
30
0
0
VERTEX
8
0
10
156.128000000001
20
80.4094225003922
30
0
0
VERTEX
8
0
10
156.576000000001
20
80.3289113876242
30
0
0
VERTEX
8
0
10
157.024000000001
20
80.2484731025441
30
0
0
VERTEX
8
0
10
157.472000000001
20
80.1693988614262
30
0
0
VERTEX
8
0
10
157.920000000001
20
80.1138947705702
30
0
0
VERTEX
8
0
10
158.368000000001
20
80.0619381288618
30
0
0
VERTEX
8
0
10
158.816000000001
20
80.0100358981382
30
0
0
VERTEX
8
0
10
159.264000000001
20
79.9839128798508
30
0
0
VERTEX
8
0
10
159.712000000001
20
79.9527574249445
30
0
0
VERTEX
8
0
10
160.160000000001
20
79.9215340264339
30
0
0
VERTEX
8
0
10
160.608000000001
20
79.8901559579688
30
0
0
VERTEX
8
0
10
161.056000000001
20
79.8586451744547
30
0
0
VERTEX
8
0
10
161.504000000001
20
79.8271132505292
30
0
0
VERTEX
8
0
10
161.952000000001
20
79.7959051119634
30
0
0
VERTEX
8
0
10
162.400000000001
20
79.7656209299579
30
0
0
VERTEX
8
0
10
162.848000000001
20
79.7371535951293
30
0
0
VERTEX
8
0
10
163.296000000001
20
79.7032114795362
30
0
0
VERTEX
8
0
10
163.744000000001
20
79.67583584091
30
0
0
VERTEX
8
0
10
164.192000000001
20
79.6409553463087
30
0
0
VERTEX
8
0
10
164.640000000001
20
79.5623858379679
30
0
0
VERTEX
8
0
10
165.088000000001
20
79.4904572090112
30
0
0
VERTEX
8
0
10
165.536000000001
20
79.4290119386576
30
0
0
VERTEX
8
0
10
165.984000000001
20
79.3677752002086
30
0
0
VERTEX
8
0
10
166.432000000001
20
79.3091516712703
30
0
0
VERTEX
8
0
10
166.880000000001
20
79.2503762341013
30
0
0
VERTEX
8
0
10
167.328000000001
20
79.1966640331729
30
0
0
VERTEX
8
0
10
167.776000000001
20
79.1431946340023
30
0
0
VERTEX
8
0
10
168.224000000001
20
79.0875945704783
30
0
0
VERTEX
8
0
10
168.672000000001
20
79.0404169869639
30
0
0
VERTEX
8
0
10
169.120000000001
20
78.9860231795884
30
0
0
VERTEX
8
0
10
169.568000000001
20
78.9352370985159
30
0
0
VERTEX
8
0
10
170.016000000001
20
78.8834502762226
30
0
0
SEQEND
8
0
0
POLYLINE
8
0
62
2
70
0
10
0
20
0
30
0
0
VERTEX
8
0
10
0.224
20
6.93852929545041
30
0
0
VERTEX
8
0
10
0.672
20
16.6370226070247
30
0
0
VERTEX
8
0
10
1.12
20
21.4143867440344
30
0
0
VERTEX
8
0
10
1.568
20
28.1413272717357
30
0
0
VERTEX
8
0
10
2.016
20
32.2036993706504
30
0
0
VERTEX
8
0
10
2.464
20
36.6704221654467
30
0
0
VERTEX
8
0
10
2.912
20
39.0790321783236
30
0
0
VERTEX
8
0
10
3.36
20
42.0702552944456
30
0
0
VERTEX
8
0
10
3.808
20
44.0867690527115
30
0
0
VERTEX
8
0
10
4.256
20
45.5298018034995
30
0
0
VERTEX
8
0
10
4.704
20
46.3416821550704
30
0
0
VERTEX
8
0
10
5.152
20
47.2780329074063
30
0
0
VERTEX
8
0
10
5.6
20
47.9827875615591
30
0
0
VERTEX
8
0
10
6.048
20
48.4111099565672
30
0
0
VERTEX
8
0
10
6.496
20
48.7518837557047
30
0
0
VERTEX
8
0
10
6.944
20
49.1986772869238
30
0
0
VERTEX
8
0
10
7.392
20
49.3483026297717
30
0
0
VERTEX
8
0
10
7.84
20
49.2599652921259
30
0
0
VERTEX
8
0
10
8.288
20
49.3404809944692
30
0
0
VERTEX
8
0
10
8.736
20
49.2611510605965
30
0
0
VERTEX
8
0
10
9.184
20
49.0518439345472
30
0
0
VERTEX
8
0
10
9.632
20
48.8633804901417
30
0
0
VERTEX
8
0
10
10.08
20
48.6613856138895
30
0
0
VERTEX
8
0
10
10.528
20
48.4769977498417
30
0
0
VERTEX
8
0
10
10.976
20
48.1358613240359
30
0
0
VERTEX
8
0
10
11.424
20
47.8119763437388
30
0
0
VERTEX
8
0
10
11.872
20
47.4859308394982
30
0
0
VERTEX
8
0
10
12.32
20
47.0775706959132
30
0
0
VERTEX
8
0
10
12.768
20
46.7324020899966
30
0
0
VERTEX
8
0
10
13.216
20
46.3875318941929
30
0
0
VERTEX
8
0
10
13.664
20
45.998788813807
30
0
0
VERTEX
8
0
10
14.112
20
45.6259086707645
30
0
0
VERTEX
8
0
10
14.56
20
45.2363053882176
30
0
0
VERTEX
8
0
10
15.008
20
44.8500513905386
30
0
0
VERTEX
8
0
10
15.456
20
44.485693778927
30
0
0
VERTEX
8
0
10
15.904
20
44.0352708289602
30
0
0
VERTEX
8
0
10
16.352
20
43.6109307560375
30
0
0
VERTEX
8
0
10
16.8
20
43.215084613278
30
0
0
VERTEX
8
0
10
17.248
20
42.8099922140763
30
0
0
VERTEX
8
0
10
17.696
20
42.4178356477385
30
0
0
VERTEX
8
0
10
18.144
20
42.0235818148708
30
0
0
VERTEX
8
0
10
18.592
20
41.6241162766965
30
0
0
VERTEX
8
0
10
19.04
20
41.1993468917421
30
0
0
VERTEX
8
0
10
19.488
20
40.7722894754553
30
0
0
VERTEX
8
0
10
19.936
20
40.4128259541769
30
0
0
VERTEX
8
0
10
20.384
20
40.0806783418888
30
0
0
VERTEX
8
0
10
20.832
20
39.7343847563578
30
0
0
VERTEX
8
0
10
21.28
20
39.3970033019475
30
0
0
VERTEX
8
0
10
21.728
20
39.0585012151465
30
0
0
VERTEX
8
0
10
22.176
20
38.6985941660536
30
0
0
VERTEX
8
0
10
22.624
20
38.3405146522476
30
0
0
VERTEX
8
0
10
23.072
20
37.9836101511335
30
0
0
VERTEX
8
0
10
23.52
20
37.6499653688575
30
0
0
VERTEX
8
0
10
23.968
20
37.3126675534056
30
0
0
VERTEX
8
0
10
24.416
20
36.9720686081468
30
0
0
VERTEX
8
0
10
24.864
20
36.6372926066057
30
0
0
VERTEX
8
0
10
25.312
20
36.3326292348289
30
0
0
VERTEX
8
0
10
25.76
20
36.0447251888566
30
0
0
VERTEX
8
0
10
26.208
20
35.7608591211733
30
0
0
VERTEX
8
0
10
26.656
20
35.4957793284969
30
0
0
VERTEX
8
0
10
27.104
20
35.2345385884239
30
0
0
VERTEX
8
0
10
27.552
20
34.9792614096759
30
0
0
VERTEX
8
0
10
28
20
34.7170861440267
30
0
0
VERTEX
8
0
10
28.448
20
34.4570957512576
30
0
0
VERTEX
8
0
10
28.896
20
34.1885841948766
30
0
0
VERTEX
8
0
10
29.344
20
33.9260364845486
30
0
0
VERTEX
8
0
10
29.792
20
33.6706323663704
30
0
0
VERTEX
8
0
10
30.24
20
33.4414986073772
30
0
0
VERTEX
8
0
10
30.688
20
33.206428323602
30
0
0
VERTEX
8
0
10
31.136
20
32.9715603676681
30
0
0
VERTEX
8
0
10
31.584
20
32.7371811955466
30
0
0
VERTEX
8
0
10
32.032
20
32.5072816799804
30
0
0
VERTEX
8
0
10
32.48
20
32.2822480917265
30
0
0
VERTEX
8
0
10
32.928
20
32.0619198209354
30
0
0
VERTEX
8
0
10
33.376
20
31.8459475206311
30
0
0
VERTEX
8
0
10
33.824
20
31.6381309707587
30
0
0
VERTEX
8
0
10
34.2719999999999
20
31.4423834626764
30
0
0
VERTEX
8
0
10
34.7199999999999
20
31.2488346096117
30
0
0
VERTEX
8
0
10
35.168
20
31.0546523981836
30
0
0
VERTEX
8
0
10
35.6159999999999
20
30.8601947610062
30
0
0
VERTEX
8
0
10
36.0639999999999
20
30.6677233702688
30
0
0
VERTEX
8
0
10
36.5119999999999
20
30.4788683363101
30
0
0
VERTEX
8
0
10
36.9599999999999
20
30.2933204642013
30
0
0
VERTEX
8
0
10
37.4079999999999
20
30.1115659428629
30
0
0
VERTEX
8
0
10
37.8559999999999
20
29.9430836574481
30
0
0
VERTEX
8
0
10
38.3039999999999
20
29.773566165824
30
0
0
VERTEX
8
0
10
38.7519999999999
20
29.6029681559281
30
0
0
VERTEX
8
0
10
39.1999999999999
20
29.4330898723919
30
0
0
VERTEX
8
0
10
39.6479999999999
20
29.2656211263997
30
0
0
VERTEX
8
0
10
40.0959999999999
20
29.1032671725349
30
0
0
VERTEX
8
0
10
40.5439999999999
20
28.9617572568161
30
0
0
VERTEX
8
0
10
40.9919999999999
20
28.8222188933284
30
0
0
VERTEX
8
0
10
41.4399999999999
20
28.6757679893259
30
0
0
VERTEX
8
0
10
41.8879999999999
20
28.5225622936296
30
0
0
VERTEX
8
0
10
42.3359999999999
20
28.3708393147898
30
0
0
VERTEX
8
0
10
42.7839999999999
20
28.2217865749431
30
0
0
VERTEX
8
0
10
43.2319999999999
20
28.0751236435753
30
0
0
VERTEX
8
0
10
43.6799999999999
20
27.9307454403089
30
0
0
VERTEX
8
0
10
44.1279999999999
20
27.7885814267916
30
0
0
VERTEX
8
0
10
44.5759999999999
20
27.6485708491313
30
0
0
VERTEX
8
0
10
45.0239999999999
20
27.5106574554911
30
0
0
VERTEX
8
0
10
45.4719999999999
20
27.3747877705845
30
0
0
VERTEX
8
0
10
45.9199999999999
20
27.2409102108298
30
0
0
VERTEX
8
0
10
46.3679999999999
20
27.1089741320443
30
0
0
VERTEX
8
0
10
46.8159999999999
20
26.9789273467764
30
0
0
VERTEX
8
0
10
47.2639999999999
20
26.8507043988658
30
0
0
VERTEX
8
0
10
47.7119999999999
20
26.724177213405
30
0
0
VERTEX
8
0
10
48.1599999999999
20
26.5999933134607
30
0
0
VERTEX
8
0
10
48.6079999999999
20
26.4813303128074
30
0
0
VERTEX
8
0
10
49.0559999999999
20
26.3630041391416
30
0
0
VERTEX
8
0
10
49.5039999999999
20
26.2435081675786
30
0
0
VERTEX
8
0
10
49.9519999999999
20
26.1253824697606
30
0
0
VERTEX
8
0
10
50.3999999999999
20
26.0088742916499
30
0
0
VERTEX
8
0
10
50.8479999999999
20
25.8938326671292
30
0
0
VERTEX
8
0
10
51.2959999999999
20
25.7799968296454
30
0
0
VERTEX
8
0
10
51.7439999999999
20
25.6666450621697
30
0
0
VERTEX
8
0
10
52.1919999999999
20
25.5604505038498
30
0
0
VERTEX
8
0
10
52.6399999999999
20
25.4827674029795
30
0
0
VERTEX
8
0
10
53.0879999999999
20
25.4077629410463
30
0
0
VERTEX
8
0
10
53.5359999999999
20
25.3147337402701
30
0
0
VERTEX
8
0
10
53.9839999999999
20
25.2185310074944
30
0
0
VERTEX
8
0
10
54.4319999999999
20
25.1219054504437
30
0
0
VERTEX
8
0
10
54.8799999999999
20
25.0242580119037
30
0
0
VERTEX
8
0
10
55.3279999999999
20
24.9275041452395
30
0
0
VERTEX
8
0
10
55.7759999999999
20
24.8303746208395
30
0
0
VERTEX
8
0
10
56.2239999999999
20
24.7349377772376
30
0
0
VERTEX
8
0
10
56.6719999999999
20
24.6514111734828
30
0
0
VERTEX
8
0
10
57.1199999999999
20
24.5646953497949
30
0
0
VERTEX
8
0
10
57.5679999999999
20
24.4701798688381
30
0
0
VERTEX
8
0
10
58.0159999999999
20
24.3749565061806
30
0
0
VERTEX
8
0
10
58.4639999999999
20
24.2811312975966
30
0
0
VERTEX
8
0
10
58.9119999999999
20
24.1884760793883
30
0
0
VERTEX
8
0
10
59.3599999999999
20
24.0968198329045
30
0
0
VERTEX
8
0
10
59.8079999999999
20
24.0059914904417
30
0
0
VERTEX
8
0
10
60.2559999999999
20
23.91787234078
30
0
0
VERTEX
8
0
10
60.7039999999999
20
23.8371246588269
30
0
0
VERTEX
8
0
10
61.1519999999999
20
23.7550257759972
30
0
0
VERTEX
8
0
10
61.5999999999999
20
23.6717215538145
30
0
0
VERTEX
8
0
10
62.0479999999998
20
23.5860466091336
30
0
0
VERTEX
8
0
10
62.4959999999998
20
23.5011321407084
30
0
0
VERTEX
8
0
10
62.9439999999998
20
23.4172431116554
30
0
0
VERTEX
8
0
10
63.3919999999998
20
23.3342839041891
30
0
0
VERTEX
8
0
10
63.8399999999998
20
23.2522003222531
30
0
0
VERTEX
8
0
10
64.2879999999998
20
23.170944440369
30
0
0
VERTEX
8
0
10
64.7359999999998
20
23.0904267981375
30
0
0
VERTEX
8
0
10
65.1839999999998
20
23.0105433987685
30
0
0
VERTEX
8
0
10
65.6319999999998
20
22.9330255847501
30
0
0
VERTEX
8
0
10
66.0799999999998
20
22.8613115131888
30
0
0
VERTEX
8
0
10
66.5279999999998
20
22.791626053275
30
0
0
VERTEX
8
0
10
66.9759999999998
20
22.7194123258556
30
0
0
VERTEX
8
0
10
67.4239999999998
20
22.647793731215
30
0
0
VERTEX
8
0
10
67.8719999999998
20
22.5761874083959
30
0
0
VERTEX
8
0
10
68.3199999999998
20
22.5044544967844
30
0
0
VERTEX
8
0
10
68.7679999999998
20
22.4348829905699
30
0
0
VERTEX
8
0
10
69.2159999999998
20
22.3664507787316
30
0
0
VERTEX
8
0
10
69.6639999999998
20
22.2971701782795
30
0
0
VERTEX
8
0
10
70.1119999999998
20
22.2259472130902
30
0
0
VERTEX
8
0
10
70.5599999999998
20
22.1546921674784
30
0
0
VERTEX
8
0
10
71.0079999999998
20
22.0858758497662
30
0
0
VERTEX
8
0
10
71.4559999999998
20
22.0234461780905
30
0
0
VERTEX
8
0
10
71.9039999999998
20
21.9610295969184
30
0
0
VERTEX
8
0
10
72.3519999999998
20
21.8981229700467
30
0
0
VERTEX
8
0
10
72.7999999999998
20
21.8314945465291
30
0
0
VERTEX
8
0
10
73.2479999999998
20
21.7642767499892
30
0
0
VERTEX
8
0
10
73.6959999999998
20
21.6977927674874
30
0
0
VERTEX
8
0
10
74.1439999999998
20
21.6319778963664
30
0
0
VERTEX
8
0
10
74.5919999999999
20
21.5667204015907
30
0
0
VERTEX
8
0
10
75.0399999999999
20
21.5020758665027
30
0
0
VERTEX
8
0
10
75.4879999999999
20
21.4389115942658
30
0
0
VERTEX
8
0
10
75.9359999999999
20
21.3783713690776
30
0
0
VERTEX
8
0
10
76.3839999999999
20
21.3194280025098
30
0
0
VERTEX
8
0
10
76.8319999999999
20
21.2615569397511
30
0
0
VERTEX
8
0
10
77.2799999999999
20
21.2056484728256
30
0
0
VERTEX
8
0
10
77.7279999999999
20
21.1497345510072
30
0
0
VERTEX
8
0
10
78.1759999999999
20
21.0931832325203
30
0
0
VERTEX
8
0
10
78.6239999999999
20
21.0379340264934
30
0
0
VERTEX
8
0
10
79.0719999999999
20
20.9813846156037
30
0
0
VERTEX
8
0
10
79.5199999999999
20
20.9246577108683
30
0
0
VERTEX
8
0
10
79.9679999999999
20
20.8663401169295
30
0
0
VERTEX
8
0
10
80.4159999999999
20
20.8078932709277
30
0
0
VERTEX
8
0
10
80.8639999999999
20
20.7499953062163
30
0
0
VERTEX
8
0
10
81.312
20
20.6926260046436
30
0
0
VERTEX
8
0
10
81.76
20
20.6357221474929
30
0
0
VERTEX
8
0
10
82.208
20
20.5792156958457
30
0
0
VERTEX
8
0
10
82.656
20
20.5229988671257
30
0
0
VERTEX
8
0
10
83.104
20
20.4671109596779
30
0
0
VERTEX
8
0
10
83.552
20
20.4134856489149
30
0
0
VERTEX
8
0
10
84
20
20.3652847486866
30
0
0
VERTEX
8
0
10
84.448
20
20.3197743871525
30
0
0
VERTEX
8
0
10
84.896
20
20.2747132871603
30
0
0
VERTEX
8
0
10
85.344
20
20.2287070927782
30
0
0
VERTEX
8
0
10
85.792
20
20.1841072424968
30
0
0
VERTEX
8
0
10
86.24
20
20.1391941940596
30
0
0
VERTEX
8
0
10
86.688
20
20.0934482959094
30
0
0
VERTEX
8
0
10
87.136
20
20.0496926572218
30
0
0
VERTEX
8
0
10
87.584
20
20.0018186707713
30
0
0
VERTEX
8
0
10
88.0320000000001
20
19.9513998981795
30
0
0
VERTEX
8
0
10
88.4800000000001
20
19.9002889372486
30
0
0
VERTEX
8
0
10
88.9280000000001
20
19.8500074421616
30
0
0
VERTEX
8
0
10
89.3760000000001
20
19.801512907745
30
0
0
VERTEX
8
0
10
89.8240000000001
20
19.7544293243933
30
0
0
VERTEX
8
0
10
90.2720000000001
20
19.7072191864383
30
0
0
VERTEX
8
0
10
90.7200000000001
20
19.6602558194916
30
0
0
VERTEX
8
0
10
91.1680000000001
20
19.6131114980357
30
0
0
VERTEX
8
0
10
91.6160000000001
20
19.5664047457007
30
0
0
VERTEX
8
0
10
92.0640000000001
20
19.5230419006024
30
0
0
VERTEX
8
0
10
92.5120000000001
20
19.4803158717707
30
0
0
VERTEX
8
0
10
92.9600000000001
20
19.4381792531391
30
0
0
VERTEX
8
0
10
93.4080000000001
20
19.39443244433
30
0
0
VERTEX
8
0
10
93.8560000000001
20
19.3492292583163
30
0
0
VERTEX
8
0
10
94.3040000000001
20
19.3039853700495
30
0
0
VERTEX
8
0
10
94.7520000000001
20
19.2586733948558
30
0
0
VERTEX
8
0
10
95.2000000000001
20
19.2132979783588
30
0
0
VERTEX
8
0
10
95.6480000000002
20
19.1680773400219
30
0
0
VERTEX
8
0
10
96.0960000000002
20
19.1237842569515
30
0
0
VERTEX
8
0
10
96.5440000000002
20
19.0811587074768
30
0
0
VERTEX
8
0
10
96.9920000000002
20
19.0394543631619
30
0
0
VERTEX
8
0
10
97.4400000000002
20
18.9984931814736
30
0
0
VERTEX
8
0
10
97.8880000000002
20
18.9605619570971
30
0
0
VERTEX
8
0
10
98.3360000000002
20
18.9233336778275
30
0
0
VERTEX
8
0
10
98.7840000000002
20
18.8848909622029
30
0
0
VERTEX
8
0
10
99.2320000000002
20
18.8470880031194
30
0
0
VERTEX
8
0
10
99.6800000000002
20
18.8091866449429
30
0
0
VERTEX
8
0
10
100.128
20
18.7731266854994
30
0
0
VERTEX
8
0
10
100.576
20
18.7485610784728
30
0
0
VERTEX
8
0
10
101.024
20
18.722282406501
30
0
0
VERTEX
8
0
10
101.472
20
18.69452120183
30
0
0
VERTEX
8
0
10
101.92
20
18.6573579684032
30
0
0
VERTEX
8
0
10
102.368
20
18.6160066173855
30
0
0
VERTEX
8
0
10
102.816
20
18.5745869197317
30
0
0
VERTEX
8
0
10
103.264
20
18.5337414354701
30
0
0
VERTEX
8
0
10
103.712
20
18.4933581840656
30
0
0
VERTEX
8
0
10
104.16
20
18.4533170408362
30
0
0
VERTEX
8
0
10
104.608
20
18.4135491255705
30
0
0
VERTEX
8
0
10
105.056
20
18.3740815032971
30
0
0
VERTEX
8
0
10
105.504
20
18.3352587511353
30
0
0
VERTEX
8
0
10
105.952
20
18.2974461836844
30
0
0
VERTEX
8
0
10
106.4
20
18.2604131893019
30
0
0
VERTEX
8
0
10
106.848
20
18.2233964051437
30
0
0
VERTEX
8
0
10
107.296
20
18.1859588980238
30
0
0
VERTEX
8
0
10
107.744
20
18.1485251498493
30
0
0
VERTEX
8
0
10
108.192
20
18.1119336302662
30
0
0
VERTEX
8
0
10
108.64
20
18.0789499042225
30
0
0
VERTEX
8
0
10
109.088
20
18.0588220291727
30
0
0
VERTEX
8
0
10
109.536
20
18.0308862649961
30
0
0
VERTEX
8
0
10
109.984
20
17.9971511810632
30
0
0
VERTEX
8
0
10
110.432
20
17.9600099775042
30
0
0
VERTEX
8
0
10
110.88
20
17.922462883044
30
0
0
VERTEX
8
0
10
111.328
20
17.8848594402548
30
0
0
VERTEX
8
0
10
111.776
20
17.8471934405954
30
0
0
VERTEX
8
0
10
112.224
20
17.811849816795
30
0
0
VERTEX
8
0
10
112.672
20
17.7887296084839
30
0
0
VERTEX
8
0
10
113.12
20
17.7842604959778
30
0
0
VERTEX
8
0
10
113.568
20
17.7810217321261
30
0
0
VERTEX
8
0
10
114.016
20
17.7621569797941
30
0
0
VERTEX
8
0
10
114.464
20
17.7298531550392
30
0
0
VERTEX
8
0
10
114.912
20
17.6940935168587
30
0
0
VERTEX
8
0
10
115.36
20
17.6583044643635
30
0
0
VERTEX
8
0
10
115.808
20
17.6230745316491
30
0
0
VERTEX
8
0
10
116.256
20
17.5884410672393
30
0
0
VERTEX
8
0
10
116.704
20
17.5552048177768
30
0
0
VERTEX
8
0
10
117.152
20
17.5242682844427
30
0
0
VERTEX
8
0
10
117.6
20
17.4980512613983
30
0
0
VERTEX
8
0
10
118.048
20
17.4687335830542
30
0
0
VERTEX
8
0
10
118.496
20
17.4370211553727
30
0
0
VERTEX
8
0
10
118.944
20
17.4035932741377
30
0
0
VERTEX
8
0
10
119.392
20
17.3697353119255
30
0
0
VERTEX
8
0
10
119.840000000001
20
17.3358355314659
30
0
0
VERTEX
8
0
10
120.288000000001
20
17.3033314313387
30
0
0
VERTEX
8
0
10
120.736000000001
20
17.2761291112949
30
0
0
VERTEX
8
0
10
121.184000000001
20
17.2668524700835
30
0
0
VERTEX
8
0
10
121.632000000001
20
17.2593635642354
30
0
0
VERTEX
8
0
10
122.080000000001
20
17.2503682525822
30
0
0
VERTEX
8
0
10
122.528000000001
20
17.2275960024873
30
0
0
VERTEX
8
0
10
122.976000000001
20
17.1966754602683
30
0
0
VERTEX
8
0
10
123.424000000001
20
17.1642014881404
30
0
0
VERTEX
8
0
10
123.872000000001
20
17.1321232217782
30
0
0
VERTEX
8
0
10
124.320000000001
20
17.1005839014245
30
0
0
VERTEX
8
0
10
124.768000000001
20
17.0694437610068
30
0
0
VERTEX
8
0
10
125.216000000001
20
17.0385888229519
30
0
0
VERTEX
8
0
10
125.664000000001
20
17.0079502367291
30
0
0
VERTEX
8
0
10
126.112000000001
20
16.9774897044427
30
0
0
VERTEX
8
0
10
126.560000000001
20
16.947187700439
30
0
0
VERTEX
8
0
10
127.008000000001
20
16.9169835153178
30
0
0
VERTEX
8
0
10
127.456000000001
20
16.8867254989311
30
0
0
VERTEX
8
0
10
127.904000000001
20
16.8562976190459
30
0
0
VERTEX
8
0
10
128.352000000001
20
16.8258172316987
30
0
0
VERTEX
8
0
10
128.800000000001
20
16.796511424735
30
0
0
VERTEX
8
0
10
129.248000000001
20
16.7714955168243
30
0
0
VERTEX
8
0
10
129.696000000001
20
16.7603881672983
30
0
0
VERTEX
8
0
10
130.144000000001
20
16.7518906977499
30
0
0
VERTEX
8
0
10
130.592000000001
20
16.7427899724105
30
0
0
VERTEX
8
0
10
131.040000000001
20
16.7228954201449
30
0
0
VERTEX
8
0
10
131.488000000001
20
16.696360396457
30
0
0
VERTEX
8
0
10
131.936000000001
20
16.6685800434904
30
0
0
VERTEX
8
0
10
132.384000000001
20
16.6409108685533
30
0
0
VERTEX
8
0
10
132.832000000001
20
16.613426585891
30
0
0
VERTEX
8
0
10
133.280000000001
20
16.5872543666719
30
0
0
VERTEX
8
0
10
133.728000000001
20
16.5628490523973
30
0
0
VERTEX
8
0
10
134.176000000001
20
16.5395854407444
30
0
0
VERTEX
8
0
10
134.624000000001
20
16.5196368936344
30
0
0
VERTEX
8
0
10
135.072000000001
20
16.4986736308436
30
0
0
VERTEX
8
0
10
135.520000000001
20
16.4795428735775
30
0
0
VERTEX
8
0
10
135.968000000001
20
16.4610858830075
30
0
0
VERTEX
8
0
10
136.416000000001
20
16.4412865590584
30
0
0
VERTEX
8
0
10
136.864000000001
20
16.4228954116579
30
0
0
VERTEX
8
0
10
137.312000000001
20
16.4035792710082
30
0
0
VERTEX
8
0
10
137.760000000001
20
16.3816882462479
30
0
0
VERTEX
8
0
10
138.208000000001
20
16.3569625276111
30
0
0
VERTEX
8
0
10
138.656000000001
20
16.330458737114
30
0
0
VERTEX
8
0
10
139.104000000001
20
16.3036002146393
30
0
0
VERTEX
8
0
10
139.552000000001
20
16.2768867722763
30
0
0
VERTEX
8
0
10
140.000000000001
20
16.2503635233906
30
0
0
VERTEX
8
0
10
140.448000000001
20
16.2239907329319
30
0
0
VERTEX
8
0
10
140.896000000001
20
16.1978311850218
30
0
0
VERTEX
8
0
10
141.344000000001
20
16.1722719275569
30
0
0
VERTEX
8
0
10
141.792000000001
20
16.1480335472006
30
0
0
VERTEX
8
0
10
142.240000000001
20
16.1255041731673
30
0
0
VERTEX
8
0
10
142.688000000001
20
16.1037383620767
30
0
0
VERTEX
8
0
10
143.136000000001
20
16.0847016812452
30
0
0
VERTEX
8
0
10
143.584000000001
20
16.0644413059011
30
0
0
VERTEX
8
0
10
144.032000000001
20
16.0452218116256
30
0
0
VERTEX
8
0
10
144.480000000001
20
16.0262167464708
30
0
0
VERTEX
8
0
10
144.928000000001
20
16.0061195920251
30
0
0
VERTEX
8
0
10
145.376000000001
20
15.9866176846215
30
0
0
VERTEX
8
0
10
145.824000000001
20
15.9661871328284
30
0
0
VERTEX
8
0
10
146.272000000001
20
15.9443956999349
30
0
0
VERTEX
8
0
10
146.720000000001
20
15.9224249223838
30
0
0
VERTEX
8
0
10
147.168000000001
20
15.8985467629712
30
0
0
VERTEX
8
0
10
147.616000000001
20
15.8743154017273
30
0
0
VERTEX
8
0
10
148.064000000001
20
15.8499762360951
30
0
0
VERTEX
8
0
10
148.512000000001
20
15.8257437696276
30
0
0
VERTEX
8
0
10
148.960000000001
20
15.8016827607763
30
0
0
VERTEX
8
0
10
149.408000000001
20
15.7779233144446
30
0
0
VERTEX
8
0
10
149.856000000001
20
15.754773386748
30
0
0
VERTEX
8
0
10
150.304000000001
20
15.7326902032968
30
0
0
VERTEX
8
0
10
150.752000000001
20
15.711329169558
30
0
0
VERTEX
8
0
10
151.200000000001
20
15.6897300086149
30
0
0
VERTEX
8
0
10
151.648000000001
20
15.667337247388
30
0
0
VERTEX
8
0
10
152.096000000001
20
15.6443400905263
30
0
0
VERTEX
8
0
10
152.544000000001
20
15.6211665930853
30
0
0
VERTEX
8
0
10
152.992000000001
20
15.5980222319904
30
0
0
VERTEX
8
0
10
153.440000000001
20
15.5749868301532
30
0
0
VERTEX
8
0
10
153.888000000001
20
15.5522016563393
30
0
0
VERTEX
8
0
10
154.336000000001
20
15.5299930769175
30
0
0
VERTEX
8
0
10
154.784000000001
20
15.5084912760886
30
0
0
VERTEX
8
0
10
155.232000000001
20
15.4885254250916
30
0
0
VERTEX
8
0
10
155.680000000001
20
15.4687520536051
30
0
0
VERTEX
8
0
10
156.128000000001
20
15.4498673832879
30
0
0
VERTEX
8
0
10
156.576000000001
20
15.4315069020517
30
0
0
VERTEX
8
0
10
157.024000000001
20
15.4125166851063
30
0
0
VERTEX
8
0
10
157.472000000001
20
15.3940020992365
30
0
0
VERTEX
8
0
10
157.920000000001
20
15.3751133441537
30
0
0
VERTEX
8
0
10
158.368000000001
20
15.355079011504
30
0
0
VERTEX
8
0
10
158.816000000001
20
15.3340884425195
30
0
0
VERTEX
8
0
10
159.264000000001
20
15.3123770822411
30
0
0
VERTEX
8
0
10
159.712000000001
20
15.2904056738272
30
0
0
VERTEX
8
0
10
160.160000000001
20
15.2683583535943
30
0
0
VERTEX
8
0
10
160.608000000001
20
15.2462495286734
30
0
0
VERTEX
8
0
10
161.056000000001
20
15.2241482071071
30
0
0
VERTEX
8
0
10
161.504000000001
20
15.2025768741108
30
0
0
VERTEX
8
0
10
161.952000000001
20
15.1832541148555
30
0
0
VERTEX
8
0
10
162.400000000001
20
15.1692273565565
30
0
0
VERTEX
8
0
10
162.848000000001
20
15.1623736843778
30
0
0
VERTEX
8
0
10
163.296000000001
20
15.1555488759283
30
0
0
VERTEX
8
0
10
163.744000000001
20
15.1512387024008
30
0
0
VERTEX
8
0
10
164.192000000001
20
15.1351777860517
30
0
0
VERTEX
8
0
10
164.640000000001
20
15.1156378262966
30
0
0
VERTEX
8
0
10
165.088000000001
20
15.0938827323201
30
0
0
VERTEX
8
0
10
165.536000000001
20
15.0718109444418
30
0
0
VERTEX
8
0
10
165.984000000001
20
15.0509678448135
30
0
0
VERTEX
8
0
10
166.432000000001
20
15.0337109539206
30
0
0
VERTEX
8
0
10
166.880000000001
20
15.0211798976254
30
0
0
VERTEX
8
0
10
167.328000000001
20
15.017193902657
30
0
0
VERTEX
8
0
10
167.776000000001
20
15.0157521518793
30
0
0
VERTEX
8
0
10
168.224000000001
20
15.0133435770797
30
0
0
VERTEX
8
0
10
168.672000000001
20
15.0172654201884
30
0
0
VERTEX
8
0
10
169.120000000001
20
15.0140651164045
30
0
0
VERTEX
8
0
10
169.568000000001
20
15.0109629018133
30
0
0
VERTEX
8
0
10
170.016000000001
20
15.0019167004157
30
0
0
SEQEND
8
0
0
POLYLINE
8
0
62
4
70
0
10
0
20
0
30
0
0
VERTEX
8
0
10
0.224
20
7.06906150353416
30
0
0
VERTEX
8
0
10
0.672
20
17.0891557223867
30
0
0
VERTEX
8
0
10
1.12
20
22.2870370888512
30
0
0
VERTEX
8
0
10
1.568
20
29.2981726658139
30
0
0
VERTEX
8
0
10
2.016
20
33.8390648286156
30
0
0
VERTEX
8
0
10
2.464
20
38.5760406948263
30
0
0
VERTEX
8
0
10
2.912
20
41.3695710220534
30
0
0
VERTEX
8
0
10
3.36
20
44.7187783234687
30
0
0
VERTEX
8
0
10
3.808
20
46.9959697335546
30
0
0
VERTEX
8
0
10
4.256
20
48.7840050152347
30
0
0
VERTEX
8
0
10
4.704
20
49.9490494284538
30
0
0
VERTEX
8
0
10
5.152
20
51.133778296818
30
0
0
VERTEX
8
0
10
5.6
20
52.1645062128052
30
0
0
VERTEX
8
0
10
6.048
20
52.8899935402054
30
0
0
VERTEX
8
0
10
6.496
20
53.463825302346
30
0
0
VERTEX
8
0
10
6.944
20
54.2460636377193
30
0
0
VERTEX
8
0
10
7.392
20
54.6086895545501
30
0
0
VERTEX
8
0
10
7.84
20
54.7949394768708
30
0
0
VERTEX
8
0
10
8.288
20
55.1299406889046
30
0
0
VERTEX
8
0
10
8.736
20
55.2491102760411
30
0
0
VERTEX
8
0
10
9.184
20
55.2929755267118
30
0
0
VERTEX
8
0
10
9.632
20
55.3342679789926
30
0
0
VERTEX
8
0
10
10.08
20
55.3150256860129
30
0
0
VERTEX
8
0
10
10.528
20
55.3817718457088
30
0
0
VERTEX
8
0
10
10.976
20
55.2214524299009
30
0
0
VERTEX
8
0
10
11.424
20
55.0984328156151
30
0
0
VERTEX
8
0
10
11.872
20
54.9774123930884
30
0
0
VERTEX
8
0
10
12.32
20
54.741384467436
30
0
0
VERTEX
8
0
10
12.768
20
54.5834116454443
30
0
0
VERTEX
8
0
10
13.216
20
54.4187627651824
30
0
0
VERTEX
8
0
10
13.664
20
54.1849858702787
30
0
0
VERTEX
8
0
10
14.112
20
53.9890751529525
30
0
0
VERTEX
8
0
10
14.56
20
53.7636407662603
30
0
0
VERTEX
8
0
10
15.008
20
53.520408870995
30
0
0
VERTEX
8
0
10
15.456
20
53.3299339783277
30
0
0
VERTEX
8
0
10
15.904
20
53.025809634025
30
0
0
VERTEX
8
0
10
16.352
20
52.7552062629702
30
0
0
VERTEX
8
0
10
16.8
20
52.5079674464688
30
0
0
VERTEX
8
0
10
17.248
20
52.2353629498066
30
0
0
VERTEX
8
0
10
17.696
20
51.9850608248504
30
0
0
VERTEX
8
0
10
18.144
20
51.7273888234044
30
0
0
VERTEX
8
0
10
18.592
20
51.4560991424488
30
0
0
VERTEX
8
0
10
19.04
20
51.1744376821339
30
0
0
VERTEX
8
0
10
19.488
20
50.878952701786
30
0
0
VERTEX
8
0
10
19.936
20
50.6410637191435
30
0
0
VERTEX
8
0
10
20.384
20
50.4279412096613
30
0
0
VERTEX
8
0
10
20.832
20
50.1910150140693
30
0
0
VERTEX
8
0
10
21.28
20
49.9684853907753
30
0
0
VERTEX
8
0
10
21.728
20
49.7428983188694
30
0
0
VERTEX
8
0
10
22.176
20
49.4947065229139
30
0
0
VERTEX
8
0
10
22.624
20
49.2512652058214
30
0
0
VERTEX
8
0
10
23.072
20
49.0066586413669
30
0
0
VERTEX
8
0
10
23.52
20
48.7779987316449
30
0
0
VERTEX
8
0
10
23.968
20
48.5494465443001
30
0
0
VERTEX
8
0
10
24.416
20
48.3153080110536
30
0
0
VERTEX
8
0
10
24.864
20
48.0862044604871
30
0
0
VERTEX
8
0
10
25.312
20
47.8811565451404
30
0
0
VERTEX
8
0
10
25.76
20
47.6859847471912
30
0
0
VERTEX
8
0
10
26.208
20
47.4969725726919
30
0
0
VERTEX
8
0
10
26.656
20
47.3216051715775
30
0
0
VERTEX
8
0
10
27.104
20
47.1456098087309
30
0
0
VERTEX
8
0
10
27.552
20
46.9806147327721
30
0
0
VERTEX
8
0
10
28
20
46.8038496227851
30
0
0
VERTEX
8
0
10
28.448
20
46.630722007647
30
0
0
VERTEX
8
0
10
28.896
20
46.4509434017231
30
0
0
VERTEX
8
0
10
29.344
20
46.2755459351892
30
0
0
VERTEX
8
0
10
29.792
20
46.1055064544415
30
0
0
VERTEX
8
0
10
30.24
20
45.9554172017796
30
0
0
VERTEX
8
0
10
30.688
20
45.7994299777166
30
0
0
VERTEX
8
0
10
31.136
20
45.6449339531949
30
0
0
VERTEX
8
0
10
31.584
20
45.4903998646212
30
0
0
VERTEX
8
0
10
32.032
20
45.3391944391161
30
0
0
VERTEX
8
0
10
32.48
20
45.1916283871773
30
0
0
VERTEX
8
0
10
32.928
20
45.0476057537504
30
0
0
VERTEX
8
0
10
33.376
20
44.9068979842973
30
0
0
VERTEX
8
0
10
33.824
20
44.7725178695436
30
0
0
VERTEX
8
0
10
34.2719999999999
20
44.6458155952892
30
0
0
VERTEX
8
0
10
34.7199999999999
20
44.5221758610427
30
0
0
VERTEX
8
0
10
35.168
20
44.39770918642
30
0
0
VERTEX
8
0
10
35.6159999999999
20
44.2729925613183
30
0
0
VERTEX
8
0
10
36.0639999999999
20
44.1498914571311
30
0
0
VERTEX
8
0
10
36.5119999999999
20
44.0294946896728
30
0
0
VERTEX
8
0
10
36.9599999999999
20
43.9116031456332
30
0
0
VERTEX
8
0
10
37.4079999999999
20
43.79657758482
30
0
0
VERTEX
8
0
10
37.8559999999999
20
43.690658867718
30
0
0
VERTEX
8
0
10
38.3039999999999
20
43.5848006591782
30
0
0
VERTEX
8
0
10
38.7519999999999
20
43.478070702767
30
0
0
VERTEX
8
0
10
39.1999999999999
20
43.3719456939367
30
0
0
VERTEX
8
0
10
39.6479999999999
20
43.2677218911048
30
0
0
VERTEX
8
0
10
40.0959999999999
20
43.1673187571844
30
0
0
VERTEX
8
0
10
40.5439999999999
20
43.0794061763805
30
0
0
VERTEX
8
0
10
40.9919999999999
20
42.9978555754555
30
0
0
VERTEX
8
0
10
41.4399999999999
20
42.9072438893595
30
0
0
VERTEX
8
0
10
41.8879999999999
20
42.8135406470203
30
0
0
VERTEX
8
0
10
42.3359999999999
20
42.7208323671879
30
0
0
VERTEX
8
0
10
42.7839999999999
20
42.6300260778339
30
0
0
VERTEX
8
0
10
43.2319999999999
20
42.5409453933307
30
0
0
VERTEX
8
0
10
43.6799999999999
20
42.4535261097386
30
0
0
VERTEX
8
0
10
44.1279999999999
20
42.3677244625964
30
0
0
VERTEX
8
0
10
44.5759999999999
20
42.2835017551603
30
0
0
VERTEX
8
0
10
45.0239999999999
20
42.2008214810697
30
0
0
VERTEX
8
0
10
45.4719999999999
20
42.1196485772851
30
0
0
VERTEX
8
0
10
45.9199999999999
20
42.0399491250616
30
0
0
VERTEX
8
0
10
46.3679999999999
20
41.9616899725066
30
0
0
VERTEX
8
0
10
46.8159999999999
20
41.8848373927431
30
0
0
VERTEX
8
0
10
47.2639999999999
20
41.8093499034108
30
0
0
VERTEX
8
0
10
47.7119999999999
20
41.735147454773
30
0
0
VERTEX
8
0
10
48.1599999999999
20
41.6626547849841
30
0
0
VERTEX
8
0
10
48.6079999999999
20
41.5939455069498
30
0
0
VERTEX
8
0
10
49.0559999999999
20
41.5255505253956
30
0
0
VERTEX
8
0
10
49.5039999999999
20
41.4566067904904
30
0
0
VERTEX
8
0
10
49.9519999999999
20
41.3887202073158
30
0
0
VERTEX
8
0
10
50.3999999999999
20
41.3220607621401
30
0
0
VERTEX
8
0
10
50.8479999999999
20
41.2565444200743
30
0
0
VERTEX
8
0
10
51.2959999999999
20
41.1920234506678
30
0
0
VERTEX
8
0
10
51.7439999999999
20
41.1280744492243
30
0
0
VERTEX
8
0
10
52.1919999999999
20
41.0692509244067
30
0
0
VERTEX
8
0
10
52.6399999999999
20
41.0249950217711
30
0
0
VERTEX
8
0
10
53.0879999999999
20
40.991873463395
30
0
0
VERTEX
8
0
10
53.5359999999999
20
40.9383552454718
30
0
0
VERTEX
8
0
10
53.9839999999999
20
40.886056870546
30
0
0
VERTEX
8
0
10
54.4319999999999
20
40.8339945643872
30
0
0
VERTEX
8
0
10
54.8799999999999
20
40.779828171163
30
0
0
VERTEX
8
0
10
55.3279999999999
20
40.7274122294295
30
0
0
VERTEX
8
0
10
55.7759999999999
20
40.6747091782109
30
0
0
VERTEX
8
0
10
56.2239999999999
20
40.6216849961766
30
0
0
VERTEX
8
0
10
56.6719999999999
20
40.5784630583339
30
0
0
VERTEX
8
0
10
57.1199999999999
20
40.5322201471132
30
0
0
VERTEX
8
0
10
57.5679999999999
20
40.4810778575568
30
0
0
VERTEX
8
0
10
58.0159999999999
20
40.4295781770378
30
0
0
VERTEX
8
0
10
58.4639999999999
20
40.3789783831146
30
0
0
VERTEX
8
0
10
58.9119999999999
20
40.3291534977748
30
0
0
VERTEX
8
0
10
59.3599999999999
20
40.2800103531189
30
0
0
VERTEX
8
0
10
59.8079999999999
20
40.2314572759144
30
0
0
VERTEX
8
0
10
60.2559999999999
20
40.1846428748788
30
0
0
VERTEX
8
0
10
60.7039999999999
20
40.1425911587901
30
0
0
VERTEX
8
0
10
61.1519999999999
20
40.0988307012038
30
0
0
VERTEX
8
0
10
61.5999999999999
20
40.0557408840268
30
0
0
VERTEX
8
0
10
62.0479999999998
20
40.010523438539
30
0
0
VERTEX
8
0
10
62.4959999999998
20
39.9659549719809
30
0
0
VERTEX
8
0
10
62.9439999999998
20
39.9220696721241
30
0
0
VERTEX
8
0
10
63.3919999999998
20
39.8788162930334
30
0
0
VERTEX
8
0
10
63.8399999999998
20
39.8361672737773
30
0
0
VERTEX
8
0
10
64.2879999999998
20
39.7940988815146
30
0
0
VERTEX
8
0
10
64.7359999999998
20
39.7525639873142
30
0
0
VERTEX
8
0
10
65.1839999999998
20
39.7115101814473
30
0
0
VERTEX
8
0
10
65.6319999999998
20
39.6719876442843
30
0
0
VERTEX
8
0
10
66.0799999999998
20
39.6350230512614
30
0
0
VERTEX
8
0
10
66.5279999999998
20
39.6018040226974
30
0
0
VERTEX
8
0
10
66.9759999999998
20
39.5648453517777
30
0
0
VERTEX
8
0
10
67.4239999999998
20
39.5292328304001
30
0
0
VERTEX
8
0
10
67.8719999999998
20
39.4937786794653
30
0
0
VERTEX
8
0
10
68.3199999999998
20
39.4575640302788
30
0
0
VERTEX
8
0
10
68.7679999999998
20
39.4234594629093
30
0
0
VERTEX
8
0
10
69.2159999999998
20
39.3899246443714
30
0
0
VERTEX
8
0
10
69.6639999999998
20
39.35568109879
30
0
0
VERTEX
8
0
10
70.1119999999998
20
39.3205134178708
30
0
0
VERTEX
8
0
10
70.5599999999998
20
39.2853976867193
30
0
0
VERTEX
8
0
10
71.0079999999998
20
39.2517621682868
30
0
0
VERTEX
8
0
10
71.4559999999998
20
39.2226437354238
30
0
0
VERTEX
8
0
10
71.9039999999998
20
39.1916473412249
30
0
0
VERTEX
8
0
10
72.3519999999998
20
39.1619131675783
30
0
0
VERTEX
8
0
10
72.7999999999998
20
39.129746066679
30
0
0
VERTEX
8
0
10
73.2479999999998
20
39.097288061717
30
0
0
VERTEX
8
0
10
73.6959999999998
20
39.0652996642485
30
0
0
VERTEX
8
0
10
74.1439999999998
20
39.0337524081159
30
0
0
VERTEX
8
0
10
74.5919999999999
20
39.0025901205453
30
0
0
VERTEX
8
0
10
75.0399999999999
20
38.9718514314971
30
0
0
VERTEX
8
0
10
75.4879999999999
20
38.9419461253664
30
0
0
VERTEX
8
0
10
75.9359999999999
20
38.9137586606209
30
0
0
VERTEX
8
0
10
76.3839999999999
20
38.8867759032336
30
0
0
VERTEX
8
0
10
76.8319999999999
20
38.8593655147746
30
0
0
VERTEX
8
0
10
77.2799999999999
20
38.8343709056484
30
0
0
VERTEX
8
0
10
77.7279999999999
20
38.8091327078852
30
0
0
VERTEX
8
0
10
78.1759999999999
20
38.7826429868233
30
0
0
VERTEX
8
0
10
78.6239999999999
20
38.7588934401232
30
0
0
VERTEX
8
0
10
79.0719999999999
20
38.7325686270931
30
0
0
VERTEX
8
0
10
79.5199999999999
20
38.7068956770837
30
0
0
VERTEX
8
0
10
79.9679999999999
20
38.6803436744323
30
0
0
VERTEX
8
0
10
80.4159999999999
20
38.6537649735084
30
0
0
VERTEX
8
0
10
80.8639999999999
20
38.627539585419
30
0
0
VERTEX
8
0
10
81.312
20
38.6016630818948
30
0
0
VERTEX
8
0
10
81.76
20
38.5761067360859
30
0
0
VERTEX
8
0
10
82.208
20
38.5508395965248
30
0
0
VERTEX
8
0
10
82.656
20
38.52581073299
30
0
0
VERTEX
8
0
10
83.104
20
38.5010523474927
30
0
0
VERTEX
8
0
10
83.552
20
38.4776197161254
30
0
0
VERTEX
8
0
10
84
20
38.4568828446984
30
0
0
VERTEX
8
0
10
84.448
20
38.4383333778244
30
0
0
VERTEX
8
0
10
84.896
20
38.4204836860844
30
0
0
VERTEX
8
0
10
85.344
20
38.3999985195114
30
0
0
VERTEX
8
0
10
85.792
20
38.3824988970688
30
0
0
VERTEX
8
0
10
86.24
20
38.3644053444808
30
0
0
VERTEX
8
0
10
86.688
20
38.3443322353199
30
0
0
VERTEX
8
0
10
87.136
20
38.3286937492337
30
0
0
VERTEX
8
0
10
87.584
20
38.3076429955094
30
0
0
VERTEX
8
0
10
88.0320000000001
20
38.2863652814884
30
0
0
VERTEX
8
0
10
88.4800000000001
20
38.2647375246528
30
0
0
VERTEX
8
0
10
88.9280000000001
20
38.2435797450162
30
0
0
VERTEX
8
0
10
89.3760000000001
20
38.2234041771605
30
0
0
VERTEX
8
0
10
89.8240000000001
20
38.2041699955749
30
0
0
VERTEX
8
0
10
90.2720000000001
20
38.1843601401179
30
0
0
VERTEX
8
0
10
90.7200000000001
20
38.1653474589885
30
0
0
VERTEX
8
0
10
91.1680000000001
20
38.1460670082167
30
0
0
VERTEX
8
0
10
91.6160000000001
20
38.1264301913087
30
0
0
VERTEX
8
0
10
92.0640000000001
20
38.1104149521484
30
0
0
VERTEX
8
0
10
92.5120000000001
20
38.0927382593841
30
0
0
VERTEX
8
0
10
92.9600000000001
20
38.0764443669333
30
0
0
VERTEX
8
0
10
93.4080000000001
20
38.0593184070178
30
0
0
VERTEX
8
0
10
93.8560000000001
20
38.0409695915321
30
0
0
VERTEX
8
0
10
94.3040000000001
20
38.0230356799193
30
0
0
VERTEX
8
0
10
94.7520000000001
20
38.0050208973931
30
0
0
VERTEX
8
0
10
95.2000000000001
20
37.9869640196
30
0
0
VERTEX
8
0
10
95.6480000000002
20
37.9690932171889
30
0
0
VERTEX
8
0
10
96.0960000000002
20
37.9517246186028
30
0
0
VERTEX
8
0
10
96.5440000000002
20
37.9353169339079
30
0
0
VERTEX
8
0
10
96.9920000000002
20
37.9197071522437
30
0
0
VERTEX
8
0
10
97.4400000000002
20
37.9036257704604
30
0
0
VERTEX
8
0
10
97.8880000000002
20
37.89016854408
30
0
0
VERTEX
8
0
10
98.3360000000002
20
37.8771544135835
30
0
0
VERTEX
8
0
10
98.7840000000002
20
37.8621232064758
30
0
0
VERTEX
8
0
10
99.2320000000002
20
37.8491996464935
30
0
0
VERTEX
8
0
10
99.6800000000002
20
37.8356833879787
30
0
0
VERTEX
8
0
10
100.128
20
37.8203400342594
30
0
0
VERTEX
8
0
10
100.576
20
37.8188841401958
30
0
0
VERTEX
8
0
10
101.024
20
37.8079508302891
30
0
0
VERTEX
8
0
10
101.472
20
37.8003209382364
30
0
0
VERTEX
8
0
10
101.92
20
37.7871680164899
30
0
0
VERTEX
8
0
10
102.368
20
37.7718714248077
30
0
0
VERTEX
8
0
10
102.816
20
37.756522922092
30
0
0
VERTEX
8
0
10
103.264
20
37.741461166401
30
0
0
VERTEX
8
0
10
103.712
20
37.726640423863
30
0
0
VERTEX
8
0
10
104.16
20
37.7120083423121
30
0
0
VERTEX
8
0
10
104.608
20
37.6975373046655
30
0
0
VERTEX
8
0
10
105.056
20
37.6832473475141
30
0
0
VERTEX
8
0
10
105.504
20
37.6693155013513
30
0
0
VERTEX
8
0
10
105.952
20
37.655800547757
30
0
0
VERTEX
8
0
10
106.4
20
37.6429663845952
30
0
0
VERTEX
8
0
10
106.848
20
37.6301605922269
30
0
0
VERTEX
8
0
10
107.296
20
37.6168506057295
30
0
0
VERTEX
8
0
10
107.744
20
37.6039912543362
30
0
0
VERTEX
8
0
10
108.192
20
37.5914798548294
30
0
0
VERTEX
8
0
10
108.64
20
37.5774145166779
30
0
0
VERTEX
8
0
10
109.088
20
37.5796205140028
30
0
0
VERTEX
8
0
10
109.536
20
37.5683407341458
30
0
0
VERTEX
8
0
10
109.984
20
37.5573851926928
30
0
0
VERTEX
8
0
10
110.432
20
37.5447796514789
30
0
0
VERTEX
8
0
10
110.88
20
37.5320096909682
30
0
0
VERTEX
8
0
10
111.328
20
37.5192668073552
30
0
0
VERTEX
8
0
10
111.776
20
37.5065715589474
30
0
0
VERTEX
8
0
10
112.224
20
37.495109655353
30
0
0
VERTEX
8
0
10
112.672
20
37.4896832859808
30
0
0
VERTEX
8
0
10
113.12
20
37.4927205319598
30
0
0
VERTEX
8
0
10
113.568
20
37.4976123597228
30
0
0
VERTEX
8
0
10
114.016
20
37.4950497581468
30
0
0
VERTEX
8
0
10
114.464
20
37.4843090202888
30
0
0
VERTEX
8
0
10
114.912
20
37.4726308209215
30
0
0
VERTEX
8
0
10
115.36
20
37.4608991878397
30
0
0
VERTEX
8
0
10
115.808
20
37.4494196040237
30
0
0
VERTEX
8
0
10
116.256
20
37.4382261272077
30
0
0
VERTEX
8
0
10
116.704
20
37.4277145992167
30
0
0
VERTEX
8
0
10
117.152
20
37.4169317027007
30
0
0
VERTEX
8
0
10
117.6
20
37.4124623432794
30
0
0
VERTEX
8
0
10
118.048
20
37.402589819536
30
0
0
VERTEX
8
0
10
118.496
20
37.3928499168608
30
0
0
VERTEX
8
0
10
118.944
20
37.382305369727
30
0
0
VERTEX
8
0
10
119.392
20
37.3715829110506
30
0
0
VERTEX
8
0
10
119.840000000001
20
37.3608856746729
30
0
0
VERTEX
8
0
10
120.288000000001
20
37.3509159637782
30
0
0
VERTEX
8
0
10
120.736000000001
20
37.3408343708603
30
0
0
VERTEX
8
0
10
121.184000000001
20
37.3492738494195
30
0
0
VERTEX
8
0
10
121.632000000001
20
37.3461863545353
30
0
0
VERTEX
8
0
10
122.080000000001
20
37.347937504871
30
0
0
VERTEX
8
0
10
122.528000000001
20
37.3426157870359
30
0
0
VERTEX
8
0
10
122.976000000001
20
37.3333724749294
30
0
0
VERTEX
8
0
10
123.424000000001
20
37.3233356366625
30
0
0
VERTEX
8
0
10
123.872000000001
20
37.3134440440399
30
0
0
VERTEX
8
0
10
124.320000000001
20
37.3037794395046
30
0
0
VERTEX
8
0
10
124.768000000001
20
37.2942860072757
30
0
0
VERTEX
8
0
10
125.216000000001
20
37.2849179211244
30
0
0
VERTEX
8
0
10
125.664000000001
20
37.275649548296
30
0
0
VERTEX
8
0
10
126.112000000001
20
37.266469131846
30
0
0
VERTEX
8
0
10
126.560000000001
20
37.2573735298724
30
0
0
VERTEX
8
0
10
127.008000000001
20
37.2483406431545
30
0
0
VERTEX
8
0
10
127.456000000001
20
37.2393071326891
30
0
0
VERTEX
8
0
10
127.904000000001
20
37.2302282223846
30
0
0
VERTEX
8
0
10
128.352000000001
20
37.2211707157038
30
0
0
VERTEX
8
0
10
128.800000000001
20
37.2127172847111
30
0
0
VERTEX
8
0
10
129.248000000001
20
37.2044183956236
30
0
0
VERTEX
8
0
10
129.696000000001
20
37.2100147729671
30
0
0
VERTEX
8
0
10
130.144000000001
20
37.2072034493874
30
0
0
VERTEX
8
0
10
130.592000000001
20
37.2086625931066
30
0
0
VERTEX
8
0
10
131.040000000001
20
37.2046442431737
30
0
0
VERTEX
8
0
10
131.488000000001
20
37.1973643915721
30
0
0
VERTEX
8
0
10
131.936000000001
20
37.189783189738
30
0
0
VERTEX
8
0
10
132.384000000001
20
37.18220818933
30
0
0
VERTEX
8
0
10
132.832000000001
20
37.1742199129493
30
0
0
VERTEX
8
0
10
133.280000000001
20
37.167403281043
30
0
0
VERTEX
8
0
10
133.728000000001
20
37.1612633198433
30
0
0
VERTEX
8
0
10
134.176000000001
20
37.1541337930937
30
0
0
VERTEX
8
0
10
134.624000000001
20
37.1524881340057
30
0
0
VERTEX
8
0
10
135.072000000001
20
37.1462376391277
30
0
0
VERTEX
8
0
10
135.520000000001
20
37.1428223715414
30
0
0
VERTEX
8
0
10
135.968000000001
20
37.1402614644169
30
0
0
VERTEX
8
0
10
136.416000000001
20
37.1341547887856
30
0
0
VERTEX
8
0
10
136.864000000001
20
37.1315489524155
30
0
0
VERTEX
8
0
10
137.312000000001
20
37.1279219644435
30
0
0
VERTEX
8
0
10
137.760000000001
20
37.1222760053143
30
0
0
VERTEX
8
0
10
138.208000000001
20
37.1157041170744
30
0
0
VERTEX
8
0
10
138.656000000001
20
37.1082875201847
30
0
0
VERTEX
8
0
10
139.104000000001
20
37.1006774734444
30
0
0
VERTEX
8
0
10
139.552000000001
20
37.0931081849203
30
0
0
VERTEX
8
0
10
140.000000000001
20
37.0856074137018
30
0
0
VERTEX
8
0
10
140.448000000001
20
37.0781638548488
30
0
0
VERTEX
8
0
10
140.896000000001
20
37.0708120587859
30
0
0
VERTEX
8
0
10
141.344000000001
20
37.0637312002695
30
0
0
VERTEX
8
0
10
141.792000000001
20
37.0572469722214
30
0
0
VERTEX
8
0
10
142.240000000001
20
37.0516006722518
30
0
0
VERTEX
8
0
10
142.688000000001
20
37.0449558826477
30
0
0
VERTEX
8
0
10
143.136000000001
20
37.0430940010458
30
0
0
VERTEX
8
0
10
143.584000000001
20
37.0370184818836
30
0
0
VERTEX
8
0
10
144.032000000001
20
37.0330711336158
30
0
0
VERTEX
8
0
10
144.480000000001
20
37.0295798324473
30
0
0
VERTEX
8
0
10
144.928000000001
20
37.0235733522343
30
0
0
VERTEX
8
0
10
145.376000000001
20
37.0198016594414
30
0
0
VERTEX
8
0
10
145.824000000001
20
37.0151213220832
30
0
0
VERTEX
8
0
10
146.272000000001
20
37.0088525291389
30
0
0
VERTEX
8
0
10
146.720000000001
20
37.0043405240274
30
0
0
VERTEX
8
0
10
147.168000000001
20
36.9973208309253
30
0
0
VERTEX
8
0
10
147.616000000001
20
36.9906552204228
30
0
0
VERTEX
8
0
10
148.064000000001
20
36.9839228887891
30
0
0
VERTEX
8
0
10
148.512000000001
20
36.9772230855179
30
0
0
VERTEX
8
0
10
148.960000000001
20
36.9705886135868
30
0
0
VERTEX
8
0
10
149.408000000001
20
36.9640802915322
30
0
0
VERTEX
8
0
10
149.856000000001
20
36.957760013743
30
0
0
VERTEX
8
0
10
150.304000000001
20
36.9520540726583
30
0
0
VERTEX
8
0
10
150.752000000001
20
36.9466338285646
30
0
0
VERTEX
8
0
10
151.200000000001
20
36.9410039252193
30
0
0
VERTEX
8
0
10
151.648000000001
20
36.9350725975776
30
0
0
VERTEX
8
0
10
152.096000000001
20
36.9288736594389
30
0
0
VERTEX
8
0
10
152.544000000001
20
36.9225962463577
30
0
0
VERTEX
8
0
10
152.992000000001
20
36.9163332880217
30
0
0
VERTEX
8
0
10
153.440000000001
20
36.9101231560178
30
0
0
VERTEX
8
0
10
153.888000000001
20
36.9040306467574
30
0
0
VERTEX
8
0
10
154.336000000001
20
36.8982192354837
30
0
0
VERTEX
8
0
10
154.784000000001
20
36.892319553993
30
0
0
VERTEX
8
0
10
155.232000000001
20
36.8883274085152
30
0
0
VERTEX
8
0
10
155.680000000001
20
36.8830545378496
30
0
0
VERTEX
8
0
10
156.128000000001
20
36.8787713119623
30
0
0
VERTEX
8
0
10
156.576000000001
20
36.8752302550757
30
0
0
VERTEX
8
0
10
157.024000000001
20
36.8699744410652
30
0
0
VERTEX
8
0
10
157.472000000001
20
36.8661112741953
30
0
0
VERTEX
8
0
10
157.920000000001
20
36.8620731350698
30
0
0
VERTEX
8
0
10
158.368000000001
20
36.8569545391269
30
0
0
VERTEX
8
0
10
158.816000000001
20
36.8517221656015
30
0
0
VERTEX
8
0
10
159.264000000001
20
36.846186241651
30
0
0
VERTEX
8
0
10
159.712000000001
20
36.8405489080004
30
0
0
VERTEX
8
0
10
160.160000000001
20
36.8348949387599
30
0
0
VERTEX
8
0
10
160.608000000001
20
36.8292374083412
30
0
0
VERTEX
8
0
10
161.056000000001
20
36.8236139516985
30
0
0
VERTEX
8
0
10
161.504000000001
20
36.8182563480474
30
0
0
VERTEX
8
0
10
161.952000000001
20
36.8139018148369
30
0
0
VERTEX
8
0
10
162.400000000001
20
36.8118396652017
30
0
0
VERTEX
8
0
10
162.848000000001
20
36.813991168093
30
0
0
VERTEX
8
0
10
163.296000000001
20
36.8097454073078
30
0
0
VERTEX
8
0
10
163.744000000001
20
36.8194364901889
30
0
0
VERTEX
8
0
10
164.192000000001
20
36.8130864374318
30
0
0
VERTEX
8
0
10
164.640000000001
20
36.8087018861288
30
0
0
VERTEX
8
0
10
165.088000000001
20
36.8033717509215
30
0
0
VERTEX
8
0
10
165.536000000001
20
36.7979152583745
30
0
0
VERTEX
8
0
10
165.984000000001
20
36.7930012168656
30
0
0
VERTEX
8
0
10
166.432000000001
20
36.7896323253539
30
0
0
VERTEX
8
0
10
166.880000000001
20
36.7853728944502
30
0
0
VERTEX
8
0
10
167.328000000001
20
36.7905615264655
30
0
0
VERTEX
8
0
10
167.776000000001
20
36.7942872229125
30
0
0
VERTEX
8
0
10
168.224000000001
20
36.7920892629659
30
0
0
VERTEX
8
0
10
168.672000000001
20
36.8064846974839
30
0
0
VERTEX
8
0
10
169.120000000001
20
36.8038585128646
30
0
0
VERTEX
8
0
10
169.568000000001
20
36.8074447168344
30
0
0
VERTEX
8
0
10
170.016000000001
20
36.807338342564
30
0
0
SEQEND
8
0
0
POLYLINE
8
0
62
2
70
0
10
0
20
0
30
0
0
VERTEX
8
0
10
0.224
20
0
30
0
0
VERTEX
8
0
10
0.672
20
2.0687795067214
30
0
0
VERTEX
8
0
10
1.12
20
3.45138832298892
30
0
0
VERTEX
8
0
10
1.568
20
4.72517139690924
30
0
0
VERTEX
8
0
10
2.016
20
5.91963696508711
30
0
0
VERTEX
8
0
10
2.464
20
7.04071654353582
30
0
0
VERTEX
8
0
10
2.912
20
8.09841671353916
30
0
0
VERTEX
8
0
10
3.36
20
9.10380854309366
30
0
0
VERTEX
8
0
10
3.808
20
10.0661032923623
30
0
0
VERTEX
8
0
10
4.256
20
10.992058281014
30
0
0
VERTEX
8
0
10
4.704
20
11.8863798926927
30
0
0
VERTEX
8
0
10
5.152
20
12.7523136898197
30
0
0
VERTEX
8
0
10
5.6
20
13.5921403315091
30
0
0
VERTEX
8
0
10
6.048
20
14.407526750287
30
0
0
VERTEX
8
0
10
6.496
20
15.1997552902703
30
0
0
VERTEX
8
0
10
6.944
20
15.9698663098233
30
0
0
VERTEX
8
0
10
7.392
20
16.7187442222416
30
0
0
VERTEX
8
0
10
7.84
20
17.4471682740435
30
0
0
VERTEX
8
0
10
8.288
20
18.1558420454028
30
0
0
VERTEX
8
0
10
8.736
20
18.8454104521678
30
0
0
VERTEX
8
0
10
9.184
20
19.5164695992842
30
0
0
VERTEX
8
0
10
9.632
20
20.1695726682334
30
0
0
VERTEX
8
0
10
10.08
20
20.8052336850792
30
0
0
VERTEX
8
0
10
10.528
20
21.4239302090786
30
0
0
VERTEX
8
0
10
10.976
20
22.0261055052322
30
0
0
VERTEX
8
0
10
11.424
20
22.6121704843363
30
0
0
VERTEX
8
0
10
11.872
20
23.1825055393106
30
0
0
VERTEX
8
0
10
12.32
20
23.7374623229934
30
0
0
VERTEX
8
0
10
12.768
20
24.2773654693361
30
0
0
VERTEX
8
0
10
13.216
20
24.8025142432659
30
0
0
VERTEX
8
0
10
13.664
20
25.3131840991203
30
0
0
VERTEX
8
0
10
14.112
20
25.8096281276
30
0
0
VERTEX
8
0
10
14.56
20
26.2920783765443
30
0
0
VERTEX
8
0
10
15.008
20
26.7607470344907
30
0
0
VERTEX
8
0
10
15.456
20
27.2158274694545
30
0
0
VERTEX
8
0
10
15.904
20
27.6574951197808
30
0
0
VERTEX
8
0
10
16.352
20
28.0859082343309
30
0
0
VERTEX
8
0
10
16.8
20
28.5012084619859
30
0
0
VERTEX
8
0
10
17.248
20
28.9035212890718
30
0
0
VERTEX
8
0
10
17.696
20
29.2929563230924
30
0
0
VERTEX
8
0
10
18.144
20
29.6696074203085
30
0
0
VERTEX
8
0
10
18.592
20
30.0335526509829
30
0
0
VERTEX
8
0
10
19.04
20
30.3848540942819
30
0
0
VERTEX
8
0
10
19.488
20
30.7235574503097
30
0
0
VERTEX
8
0
10
19.936
20
31.0496914522043
30
0
0
VERTEX
8
0
10
20.384
20
31.3632670545053
30
0
0
VERTEX
8
0
10
20.832
20
31.664276367386
30
0
0
VERTEX
8
0
10
21.28
20
31.9526912952517
30
0
0
VERTEX
8
0
10
21.728
20
32.2284618264778
30
0
0
VERTEX
8
0
10
22.176
20
32.4915139041235
30
0
0
VERTEX
8
0
10
22.624
20
32.7417467850645
30
0
0
VERTEX
8
0
10
23.072
20
32.9790297660237
30
0
0
VERTEX
8
0
10
23.52
20
33.2031981129299
30
0
0
VERTEX
8
0
10
23.968
20
33.4140479741301
30
0
0
VERTEX
8
0
10
24.416
20
33.6113299759777
30
0
0
VERTEX
8
0
10
24.864
20
33.794741082283
30
0
0
VERTEX
8
0
10
25.312
20
33.9639141249875
30
0
0
VERTEX
8
0
10
25.76
20
34.1184041488994
30
0
0
VERTEX
8
0
10
26.208
20
34.2576703026006
30
0
0
VERTEX
8
0
10
26.656
20
34.3810513447565
30
0
0
VERTEX
8
0
10
27.104
20
34.4877317337006
30
0
0
VERTEX
8
0
10
27.552
20
34.5766933532336
30
0
0
VERTEX
8
0
10
28
20
34.6466444374549
30
0
0
VERTEX
8
0
10
28.448
20
34.6959105030654
30
0
0
VERTEX
8
0
10
28.896
20
34.7222580419905
30
0
0
VERTEX
8
0
10
29.344
20
34.7225896453043
30
0
0
VERTEX
8
0
10
29.792
20
34.6923665123806
30
0
0
VERTEX
8
0
10
30.24
20
34.6243614683172
30
0
0
VERTEX
8
0
10
30.688
20
34.5053450441493
30
0
0
VERTEX
8
0
10
31.136
20
34.3038118115251
30
0
0
VERTEX
8
0
10
31.584
20
33.9853559232976
30
0
0
VERTEX
8
0
10
32.032
20
33.7479559967325
30
0
0
VERTEX
8
0
10
32.48
20
33.5931958284808
30
0
0
VERTEX
8
0
10
32.928
20
33.4835979801177
30
0
0
VERTEX
8
0
10
33.376
20
33.4043144754114
30
0
0
VERTEX
8
0
10
33.824
20
33.3475080201822
30
0
0
VERTEX
8
0
10
34.2719999999999
20
33.3083165316991
30
0
0
VERTEX
8
0
10
34.7199999999999
20
33.2834242334696
30
0
0
VERTEX
8
0
10
35.168
20
33.2704237100497
30
0
0
VERTEX
8
0
10
35.6159999999999
20
33.2674871934672
30
0
0
VERTEX
8
0
10
36.0639999999999
20
33.2731796969871
30
0
0
VERTEX
8
0
10
36.5119999999999
20
33.2863448413867
30
0
0
VERTEX
8
0
10
36.9599999999999
20
33.3060311211071
30
0
0
VERTEX
8
0
10
37.4079999999999
20
33.3314421432988
30
0
0
VERTEX
8
0
10
37.8559999999999
20
33.3619018186071
30
0
0
VERTEX
8
0
10
38.3039999999999
20
33.3968292736503
30
0
0
VERTEX
8
0
10
38.7519999999999
20
33.4357203079095
30
0
0
VERTEX
8
0
10
39.1999999999999
20
33.4781333882879
30
0
0
VERTEX
8
0
10
39.6479999999999
20
33.5236788706431
30
0
0
VERTEX
8
0
10
40.0959999999999
20
33.5720105674944
30
0
0
VERTEX
8
0
10
40.5439999999999
20
33.6228190545916
30
0
0
VERTEX
8
0
10
40.9919999999999
20
33.675826289129
30
0
0
VERTEX
8
0
10
41.4399999999999
20
33.7307812317682
30
0
0
VERTEX
8
0
10
41.8879999999999
20
33.7874562483165
30
0
0
VERTEX
8
0
10
42.3359999999999
20
33.8456441240812
30
0
0
VERTEX
8
0
10
42.7839999999999
20
33.9051555650395
30
0
0
VERTEX
8
0
10
43.2319999999999
20
33.9658170902001
30
0
0
VERTEX
8
0
10
43.6799999999999
20
34.0274692410721
30
0
0
VERTEX
8
0
10
44.1279999999999
20
34.0899650501171
30
0
0
VERTEX
8
0
10
44.5759999999999
20
34.1531687231959
30
0
0
VERTEX
8
0
10
45.0239999999999
20
34.2169544991229
30
0
0
VERTEX
8
0
10
45.4719999999999
20
34.2812056578694
30
0
0
VERTEX
8
0
10
45.9199999999999
20
34.3458136532511
30
0
0
VERTEX
8
0
10
46.3679999999999
20
34.410677351509
30
0
0
VERTEX
8
0
10
46.8159999999999
20
34.4757023596559
30
0
0
VERTEX
8
0
10
47.2639999999999
20
34.5408004307815
30
0
0
VERTEX
8
0
10
47.7119999999999
20
34.6058889354401
30
0
0
VERTEX
8
0
10
48.1599999999999
20
34.6708903902159
30
0
0
VERTEX
8
0
10
48.6079999999999
20
34.7357320358065
30
0
0
VERTEX
8
0
10
49.0559999999999
20
34.8003454581745
30
0
0
VERTEX
8
0
10
49.5039999999999
20
34.8646662474924
30
0
0
VERTEX
8
0
10
49.9519999999999
20
34.9286336901927
30
0
0
VERTEX
8
0
10
50.3999999999999
20
34.9921904899942
30
0
0
VERTEX
8
0
10
50.8479999999999
20
35.0552825148634
30
0
0
VERTEX
8
0
10
51.2959999999999
20
35.1178585666302
30
0
0
VERTEX
8
0
10
51.7439999999999
20
35.1798701708446
30
0
0
VERTEX
8
0
10
52.1919999999999
20
35.2412713847911
30
0
0
VERTEX
8
0
10
52.6399999999999
20
35.3020186214293
30
0
0
VERTEX
8
0
10
53.0879999999999
20
35.3620704878983
30
0
0
VERTEX
8
0
10
53.5359999999999
20
35.4213876368921
30
0
0
VERTEX
8
0
10
53.9839999999999
20
35.4799326296123
30
0
0
VERTEX
8
0
10
54.4319999999999
20
35.5376698093375
30
0
0
VERTEX
8
0
10
54.8799999999999
20
35.5945651842358
30
0
0
VERTEX
8
0
10
55.3279999999999
20
35.6505863189154
30
0
0
VERTEX
8
0
10
55.7759999999999
20
35.7057022335692
30
0
0
VERTEX
8
0
10
56.2239999999999
20
35.7598833101914
30
0
0
VERTEX
8
0
10
56.6719999999999
20
35.8131012050831
30
0
0
VERTEX
8
0
10
57.1199999999999
20
35.8653287672058
30
0
0
VERTEX
8
0
10
57.5679999999999
20
35.9165399617179
30
0
0
VERTEX
8
0
10
58.0159999999999
20
35.9667097982959
30
0
0
VERTEX
8
0
10
58.4639999999999
20
36.0158142638012
30
0
0
VERTEX
8
0
10
58.9119999999999
20
36.0638302588517
30
0
0
VERTEX
8
0
10
59.3599999999999
20
36.1107355380176
30
0
0
VERTEX
8
0
10
59.8079999999999
20
36.156508653217
30
0
0
VERTEX
8
0
10
60.2559999999999
20
36.2011289000909
30
0
0
VERTEX
8
0
10
60.7039999999999
20
36.2445762670424
30
0
0
VERTEX
8
0
10
61.1519999999999
20
36.2868313866862
30
0
0
VERTEX
8
0
10
61.5999999999999
20
36.3278754893686
30
0
0
VERTEX
8
0
10
62.0479999999998
20
36.3676903588022
30
0
0
VERTEX
8
0
10
62.4959999999998
20
36.4062582891657
30
0
0
VERTEX
8
0
10
62.9439999999998
20
36.4435620439996
30
0
0
VERTEX
8
0
10
63.3919999999998
20
36.479584816114
30
0
0
VERTEX
8
0
10
63.8399999999998
20
36.5143101888481
30
0
0
VERTEX
8
0
10
64.2879999999998
20
36.5477220981726
30
0
0
VERTEX
8
0
10
64.7359999999998
20
36.5798047954709
30
0
0
VERTEX
8
0
10
65.1839999999998
20
36.6105428110281
30
0
0
VERTEX
8
0
10
65.6319999999998
20
36.639920917801
30
0
0
VERTEX
8
0
10
66.0799999999998
20
36.6679240954112
30
0
0
VERTEX
8
0
10
66.5279999999998
20
36.6945374941247
30
0
0
VERTEX
8
0
10
66.9759999999998
20
36.7197463987557
30
0
0
VERTEX
8
0
10
67.4239999999998
20
36.7435361919894
30
0
0
VERTEX
8
0
10
67.8719999999998
20
36.7658923172274
30
0
0
VERTEX
8
0
10
68.3199999999998
20
36.7868002405452
30
0
0
VERTEX
8
0
10
68.7679999999998
20
36.8062454115388
30
0
0
VERTEX
8
0
10
69.2159999999998
20
36.8242132228471
30
0
0
VERTEX
8
0
10
69.6639999999998
20
36.8406889679433
30
0
0
VERTEX
8
0
10
70.1119999999998
20
36.8556577969837
30
0
0
VERTEX
8
0
10
70.5599999999998
20
36.8691046702406
30
0
0
VERTEX
8
0
10
71.0079999999998
20
36.8810143088254
30
0
0
VERTEX
8
0
10
71.4559999999998
20
36.8913711421023
30
0
0
VERTEX
8
0
10
71.9039999999998
20
36.9001592513836
30
0
0
VERTEX
8
0
10
72.3519999999998
20
36.9073623092488
30
0
0
VERTEX
8
0
10
72.7999999999998
20
36.9129635137991
30
0
0
VERTEX
8
0
10
73.2479999999998
20
36.9169455170975
30
0
0
VERTEX
8
0
10
73.6959999999998
20
36.9192903468036
30
0
0
VERTEX
8
0
10
74.1439999999998
20
36.91997932002
30
0
0
VERTEX
8
0
10
74.5919999999999
20
36.9189929480096
30
0
0
VERTEX
8
0
10
75.0399999999999
20
36.9163108303735
30
0
0
VERTEX
8
0
10
75.4879999999999
20
36.911911536874
30
0
0
VERTEX
8
0
10
75.9359999999999
20
36.9057724749187
30
0
0
VERTEX
8
0
10
76.3839999999999
20
36.8978697400657
30
0
0
VERTEX
8
0
10
76.8319999999999
20
36.8881779467043
30
0
0
VERTEX
8
0
10
77.2799999999999
20
36.8766700351674
30
0
0
VERTEX
8
0
10
77.7279999999999
20
36.8633170508316
30
0
0
VERTEX
8
0
10
78.1759999999999
20
36.8480878898023
30
0
0
VERTEX
8
0
10
78.6239999999999
20
36.8309490044317
30
0
0
VERTEX
8
0
10
79.0719999999999
20
36.8118640601548
30
0
0
VERTEX
8
0
10
79.5199999999999
20
36.7907935331824
30
0
0
VERTEX
8
0
10
79.9679999999999
20
36.7676942354771
30
0
0
VERTEX
8
0
10
80.4159999999999
20
36.7425187498846
30
0
0
VERTEX
8
0
10
80.8639999999999
20
36.7152147529743
30
0
0
VERTEX
8
0
10
81.312
20
36.6857241964125
30
0
0
VERTEX
8
0
10
81.76
20
36.6539823079295
30
0
0
VERTEX
8
0
10
82.208
20
36.6199163595818
30
0
0
VERTEX
8
0
10
82.656
20
36.5834441317754
30
0
0
VERTEX
8
0
10
83.104
20
36.5444719734812
30
0
0
VERTEX
8
0
10
83.552
20
36.5028923175892
30
0
0
VERTEX
8
0
10
84
20
36.4585804468166
30
0
0
VERTEX
8
0
10
84.448
20
36.4113902064845
30
0
0
VERTEX
8
0
10
84.896
20
36.3611482000423
30
0
0
VERTEX
8
0
10
85.344
20
36.3076457348164
30
0
0
VERTEX
8
0
10
85.792
20
36.2506273166078
30
0
0
VERTEX
8
0
10
86.24
20
36.189773632976
30
0
0
VERTEX
8
0
10
86.688
20
36.1246753034633
30
0
0
VERTEX
8
0
10
87.136
20
36.0547902812442
30
0
0
VERTEX
8
0
10
87.584
20
35.9793706143418
30
0
0
VERTEX
8
0
10
88.0320000000001
20
35.8973299941081
30
0
0
VERTEX
8
0
10
88.4800000000001
20
35.8070093212874
30
0
0
VERTEX
8
0
10
88.9280000000001
20
35.7059299957643
30
0
0
VERTEX
8
0
10
89.3760000000001
20
35.5920003097416
30
0
0
VERTEX
8
0
10
89.8240000000001
20
35.470801277512
30
0
0
VERTEX
8
0
10
90.2720000000001
20
35.3566683380939
30
0
0
VERTEX
8
0
10
90.7200000000001
20
35.2549084344801
30
0
0
VERTEX
8
0
10
91.1680000000001
20
35.1632898272308
30
0
0
VERTEX
8
0
10
91.6160000000001
20
35.0792571741603
30
0
0
VERTEX
8
0
10
92.0640000000001
20
35.0010872790708
30
0
0
VERTEX
8
0
10
92.5120000000001
20
34.927636986209
30
0
0
VERTEX
8
0
10
92.9600000000001
20
34.8581079976988
30
0
0
VERTEX
8
0
10
93.4080000000001
20
34.7919134714966
30
0
0
VERTEX
8
0
10
93.8560000000001
20
34.7286038336512
30
0
0
VERTEX
8
0
10
94.3040000000001
20
34.6678234028389
30
0
0
VERTEX
8
0
10
94.7520000000001
20
34.6092835380684
30
0
0
VERTEX
8
0
10
95.2000000000001
20
34.5527451556215
30
0
0
VERTEX
8
0
10
95.6480000000002
20
34.4980068576196
30
0
0
VERTEX
8
0
10
96.0960000000002
20
34.4448965855666
30
0
0
VERTEX
8
0
10
96.5440000000002
20
34.3932655788734
30
0
0
VERTEX
8
0
10
96.9920000000002
20
34.3429838926786
30
0
0
VERTEX
8
0
10
97.4400000000002
20
34.293937001496
30
0
0
VERTEX
8
0
10
97.8880000000002
20
34.2460231780037
30
0
0
VERTEX
8
0
10
98.3360000000002
20
34.1991514373518
30
0
0
VERTEX
8
0
10
98.7840000000002
20
34.1532399019721
30
0
0
VERTEX
8
0
10
99.2320000000002
20
34.1082144843514
30
0
0
VERTEX
8
0
10
99.6800000000002
20
34.0640078139221
30
0
0
VERTEX
8
0
10
100.128
20
34.0205583538583
30
0
0
VERTEX
8
0
10
100.576
20
33.9778096674693
30
0
0
VERTEX
8
0
10
101.024
20
33.9357098037133
30
0
0
VERTEX
8
0
10
101.472
20
33.8942107785429
30
0
0
VERTEX
8
0
10
101.92
20
33.8532681340123
30
0
0
VERTEX
8
0
10
102.368
20
33.8128405611211
30
0
0
VERTEX
8
0
10
102.816
20
33.7728895751907
30
0
0
VERTEX
8
0
10
103.264
20
33.7333792349373
30
0
0
VERTEX
8
0
10
103.712
20
33.6942758980704
30
0
0
VERTEX
8
0
10
104.16
20
33.655548007711
30
0
0
VERTEX
8
0
10
104.608
20
33.6171659048228
30
0
0
VERTEX
8
0
10
105.056
20
33.5791016628679
30
0
0
VERTEX
8
0
10
105.504
20
33.5413289414435
30
0
0
VERTEX
8
0
10
105.952
20
33.5038228562471
30
0
0
VERTEX
8
0
10
106.4
20
33.4665598631604
30
0
0
VERTEX
8
0
10
106.848
20
33.4295176545614
30
0
0
VERTEX
8
0
10
107.296
20
33.3926750662959
30
0
0
VERTEX
8
0
10
107.744
20
33.3560119939802
30
0
0
VERTEX
8
0
10
108.192
20
33.3195093174632
30
0
0
VERTEX
8
0
10
108.64
20
33.2831488325014
30
0
0
VERTEX
8
0
10
109.088
20
33.2469131887846
30
0
0
VERTEX
8
0
10
109.536
20
33.2107858336014
30
0
0
VERTEX
8
0
10
109.984
20
33.1747509605136
30
0
0
VERTEX
8
0
10
110.432
20
33.1387934624753
30
0
0
VERTEX
8
0
10
110.88
20
33.1028988889644
30
0
0
VERTEX
8
0
10
111.328
20
33.067053406659
30
0
0
VERTEX
8
0
10
111.776
20
33.0312437633427
30
0
0
VERTEX
8
0
10
112.224
20
32.9954572546842
30
0
0
VERTEX
8
0
10
112.672
20
32.959681693616
30
0
0
VERTEX
8
0
10
113.12
20
32.9239053820909
30
0
0
VERTEX
8
0
10
113.568
20
32.8881170849421
30
0
0
VERTEX
8
0
10
114.016
20
32.8523060057032
30
0
0
VERTEX
8
0
10
114.464
20
32.8164617641821
30
0
0
VERTEX
8
0
10
114.912
20
32.7805743756318
30
0
0
VERTEX
8
0
10
115.36
20
32.7446342314073
30
0
0
VERTEX
8
0
10
115.808
20
32.7086320809411
30
0
0
VERTEX
8
0
10
116.256
20
32.672559014963
30
0
0
VERTEX
8
0
10
116.704
20
32.6364064498467
30
0
0
VERTEX
8
0
10
117.152
20
32.6001661129761
30
0
0
VERTEX
8
0
10
117.6
20
32.563830029087
30
0
0
VERTEX
8
0
10
118.048
20
32.5273905074793
30
0
0
VERTEX
8
0
10
118.496
20
32.4908401300344
30
0
0
VERTEX
8
0
10
118.944
20
32.4541717399953
30
0
0
VERTEX
8
0
10
119.392
20
32.4173784314401
30
0
0
VERTEX
8
0
10
119.840000000001
20
32.3804535393922
30
0
0
VERTEX
8
0
10
120.288000000001
20
32.3433906305415
30
0
0
VERTEX
8
0
10
120.736000000001
20
32.3061834945084
30
0
0
VERTEX
8
0
10
121.184000000001
20
32.2688261356486
30
0
0
VERTEX
8
0
10
121.632000000001
20
32.2313127653099
30
0
0
VERTEX
8
0
10
122.080000000001
20
32.1936377945765
30
0
0
VERTEX
8
0
10
122.528000000001
20
32.155795827397
30
0
0
VERTEX
8
0
10
122.976000000001
20
32.1177816541475
30
0
0
VERTEX
8
0
10
123.424000000001
20
32.0795902455322
30
0
0
VERTEX
8
0
10
123.872000000001
20
32.0412167468443
30
0
0
VERTEX
8
0
10
124.320000000001
20
32.0026564725567
30
0
0
VERTEX
8
0
10
124.768000000001
20
31.9639049012118
30
0
0
VERTEX
8
0
10
125.216000000001
20
31.924957670602
30
0
0
VERTEX
8
0
10
125.664000000001
20
31.8858105732326
30
0
0
VERTEX
8
0
10
126.112000000001
20
31.8464595520225
30
0
0
VERTEX
8
0
10
126.560000000001
20
31.8069006962673
30
0
0
VERTEX
8
0
10
127.008000000001
20
31.7671302378179
30
0
0
VERTEX
8
0
10
127.456000000001
20
31.7271445474943
30
0
0
VERTEX
8
0
10
127.904000000001
20
31.6869401316832
30
0
0
VERTEX
8
0
10
128.352000000001
20
31.646513629155
30
0
0
VERTEX
8
0
10
128.800000000001
20
31.6058618080522
30
0
0
VERTEX
8
0
10
129.248000000001
20
31.5649815630682
30
0
0
VERTEX
8
0
10
129.696000000001
20
31.5238699127841
30
0
0
VERTEX
8
0
10
130.144000000001
20
31.4825239971814
30
0
0
VERTEX
8
0
10
130.592000000001
20
31.4409410752987
30
0
0
VERTEX
8
0
10
131.040000000001
20
31.3991185230462
30
0
0
VERTEX
8
0
10
131.488000000001
20
31.3570538311565
30
0
0
VERTEX
8
0
10
131.936000000001
20
31.3147446032797
30
0
0
VERTEX
8
0
10
132.384000000001
20
31.2721885542115
30
0
0
VERTEX
8
0
10
132.832000000001
20
31.2293835082371
30
0
0
VERTEX
8
0
10
133.280000000001
20
31.1863273976179
30
0
0
VERTEX
8
0
10
133.728000000001
20
31.1430182611818
30
0
0
VERTEX
8
0
10
134.176000000001
20
31.0994542430368
30
0
0
VERTEX
8
0
10
134.624000000001
20
31.0556335913991
30
0
0
VERTEX
8
0
10
135.072000000001
20
31.0115546575245
30
0
0
VERTEX
8
0
10
135.520000000001
20
30.9672158947551
30
0
0
VERTEX
8
0
10
135.968000000001
20
30.9226158576611
30
0
0
VERTEX
8
0
10
136.416000000001
20
30.8777532012937
30
0
0
VERTEX
8
0
10
136.864000000001
20
30.8326266805335
30
0
0
VERTEX
8
0
10
137.312000000001
20
30.7872351495403
30
0
0
VERTEX
8
0
10
137.760000000001
20
30.7415775612932
30
0
0
VERTEX
8
0
10
138.208000000001
20
30.6956529672416
30
0
0
VERTEX
8
0
10
138.656000000001
20
30.6494605170325
30
0
0
VERTEX
8
0
10
139.104000000001
20
30.6029994583471
30
0
0
VERTEX
8
0
10
139.552000000001
20
30.5562691368175
30
0
0
VERTEX
8
0
10
140.000000000001
20
30.5092689960513
30
0
0
VERTEX
8
0
10
140.448000000001
20
30.4619985777354
30
0
0
VERTEX
8
0
10
140.896000000001
20
30.4144575218444
30
0
0
VERTEX
8
0
10
141.344000000001
20
30.3666455669246
30
0
0
VERTEX
8
0
10
141.792000000001
20
30.3185625504942
30
0
0
VERTEX
8
0
10
142.240000000001
20
30.2702084095162
30
0
0
VERTEX
8
0
10
142.688000000001
20
30.2215831809819
30
0
0
VERTEX
8
0
10
143.136000000001
20
30.1726870025766
30
0
0
VERTEX
8
0
10
143.584000000001
20
30.1235201134525
30
0
0
VERTEX
8
0
10
144.032000000001
20
30.074082855094
30
0
0
VERTEX
8
0
10
144.480000000001
20
30.0243756722844
30
0
0
VERTEX
8
0
10
144.928000000001
20
29.9743991141726
30
0
0
VERTEX
8
0
10
145.376000000001
20
29.9241538354474
30
0
0
VERTEX
8
0
10
145.824000000001
20
29.8736405976155
30
0
0
VERTEX
8
0
10
146.272000000001
20
29.8228602703808
30
0
0
VERTEX
8
0
10
146.720000000001
20
29.7718138331516
30
0
0
VERTEX
8
0
10
147.168000000001
20
29.7205023766465
30
0
0
VERTEX
8
0
10
147.616000000001
20
29.6689271046269
30
0
0
VERTEX
8
0
10
148.064000000001
20
29.6170893357474
30
0
0
VERTEX
8
0
10
148.512000000001
20
29.5649905055357
30
0
0
VERTEX
8
0
10
148.960000000001
20
29.5126321684985
30
0
0
VERTEX
8
0
10
149.408000000001
20
29.4600160003656
30
0
0
VERTEX
8
0
10
149.856000000001
20
29.4071438004742
30
0
0
VERTEX
8
0
10
150.304000000001
20
29.3540174942966
30
0
0
VERTEX
8
0
10
150.752000000001
20
29.3006391361222
30
0
0
VERTEX
8
0
10
151.200000000001
20
29.2470109119022
30
0
0
VERTEX
8
0
10
151.648000000001
20
29.1931351422517
30
0
0
VERTEX
8
0
10
152.096000000001
20
29.1390142856302
30
0
0
VERTEX
8
0
10
152.544000000001
20
29.0846509417107
30
0
0
VERTEX
8
0
10
152.992000000001
20
29.0300478549289
30
0
0
VERTEX
8
0
10
153.440000000001
20
28.9752079182428
30
0
0
VERTEX
8
0
10
153.888000000001
20
28.920134177101
30
0
0
VERTEX
8
0
10
154.336000000001
20
28.8648298336362
30
0
0
VERTEX
8
0
10
154.784000000001
20
28.809298251096
30
0
0
VERTEX
8
0
10
155.232000000001
20
28.7535429585241
30
0
0
VERTEX
8
0
10
155.680000000001
20
28.6975676557092
30
0
0
VERTEX
8
0
10
156.128000000001
20
28.6413762184131
30
0
0
VERTEX
8
0
10
156.576000000001
20
28.5849727039037
30
0
0
VERTEX
8
0
10
157.024000000001
20
28.5283613568074
30
0
0
VERTEX
8
0
10
157.472000000001
20
28.4715466153015
30
0
0
VERTEX
8
0
10
157.920000000001
20
28.4145331176769
30
0
0
VERTEX
8
0
10
158.368000000001
20
28.3573257092886
30
0
0
VERTEX
8
0
10
158.816000000001
20
28.2999294499326
30
0
0
VERTEX
8
0
10
159.264000000001
20
28.2423496216704
30
0
0
VERTEX
8
0
10
159.712000000001
20
28.1845917371474
30
0
0
VERTEX
8
0
10
160.160000000001
20
28.1266615484343
30
0
0
VERTEX
8
0
10
160.608000000001
20
28.0685650564432
30
0
0
VERTEX
8
0
10
161.056000000001
20
28.0103085209605
30
0
0
VERTEX
8
0
10
161.504000000001
20
27.9518984713558
30
0
0
VERTEX
8
0
10
161.952000000001
20
27.8933417180237
30
0
0
VERTEX
8
0
10
162.400000000001
20
27.8346453646291
30
0
0
VERTEX
8
0
10
162.848000000001
20
27.7758168212319
30
0
0
VERTEX
8
0
10
163.296000000001
20
27.716863818378
30
0
0
VERTEX
8
0
10
163.744000000001
20
27.6577944222552
30
0
0
VERTEX
8
0
10
164.192000000001
20
27.5986170510268
30
0
0
VERTEX
8
0
10
164.640000000001
20
27.5393404924703
30
0
0
VERTEX
8
0
10
165.088000000001
20
27.4799739230692
30
0
0
VERTEX
8
0
10
165.536000000001
20
27.4205269287267
30
0
0
VERTEX
8
0
10
165.984000000001
20
27.361009527298
30
0
0
VERTEX
8
0
10
166.432000000001
20
27.3014321931695
30
0
0
VERTEX
8
0
10
166.880000000001
20
27.2418058841505
30
0
0
VERTEX
8
0
10
167.328000000001
20
27.1821420709927
30
0
0
VERTEX
8
0
10
167.776000000001
20
27.1224527699044
30
0
0
VERTEX
8
0
10
168.224000000001
20
27.0627505785022
30
0
0
VERTEX
8
0
10
168.672000000001
20
27.0030487157254
30
0
0
VERTEX
8
0
10
169.120000000001
20
26.9433610663469
30
0
0
VERTEX
8
0
10
169.568000000001
20
26.8837022308514
30
0
0
VERTEX
8
0
10
170.016000000001
20
26.8240875816223
30
0
0
SEQEND
8
0
0
POLYLINE
8
0
62
3
70
0
10
0
20
0
30
0
0
VERTEX
8
0
10
0.224
20
0.205649707334188
30
0
0
VERTEX
8
0
10
0.672
20
2.30748949596856
30
0
0
VERTEX
8
0
10
1.12
20
3.8448664436847
30
0
0
VERTEX
8
0
10
1.568
20
5.28148628100333
30
0
0
VERTEX
8
0
10
2.016
20
6.64422089294331
30
0
0
VERTEX
8
0
10
2.464
20
7.93877817640894
30
0
0
VERTEX
8
0
10
2.912
20
9.17441504488949
30
0
0
VERTEX
8
0
10
3.36
20
10.3611918830337
30
0
0
VERTEX
8
0
10
3.808
20
11.5073880482683
30
0
0
VERTEX
8
0
10
4.256
20
12.6190245629577
30
0
0
VERTEX
8
0
10
4.704
20
13.700264297214
30
0
0
VERTEX
8
0
10
5.152
20
14.7539607619
30
0
0
VERTEX
8
0
10
5.6
20
15.782110042943
30
0
0
VERTEX
8
0
10
6.048
20
16.7861667773278
30
0
0
VERTEX
8
0
10
6.496
20
17.7672482924137
30
0
0
VERTEX
8
0
10
6.944
20
18.7262605961448
30
0
0
VERTEX
8
0
10
7.392
20
19.6639738492598
30
0
0
VERTEX
8
0
10
7.84
20
20.5810666371061
30
0
0
VERTEX
8
0
10
8.288
20
21.4781515737428
30
0
0
VERTEX
8
0
10
8.736
20
22.3557900283149
30
0
0
VERTEX
8
0
10
9.184
20
23.2145006778942
30
0
0
VERTEX
8
0
10
9.632
20
24.0547646610252
30
0
0
VERTEX
8
0
10
10.08
20
24.8770289274317
30
0
0
VERTEX
8
0
10
10.528
20
25.6817086739318
30
0
0
VERTEX
8
0
10
10.976
20
26.4691893435537
30
0
0
VERTEX
8
0
10
11.424
20
27.2398284247654
30
0
0
VERTEX
8
0
10
11.872
20
27.9939571564024
30
0
0
VERTEX
8
0
10
12.32
20
28.7318821739696
30
0
0
VERTEX
8
0
10
12.768
20
29.4538870975442
30
0
0
VERTEX
8
0
10
13.216
20
30.1602340484442
30
0
0
VERTEX
8
0
10
13.664
20
30.8511650781186
30
0
0
VERTEX
8
0
10
14.112
20
31.5269034933672
30
0
0
VERTEX
8
0
10
14.56
20
32.1876550668843
30
0
0
VERTEX
8
0
10
15.008
20
32.8336091254443
30
0
0
VERTEX
8
0
10
15.456
20
33.4649395111169
30
0
0
VERTEX
8
0
10
15.904
20
34.0818054146423
30
0
0
VERTEX
8
0
10
16.352
20
34.6843520805012
30
0
0
VERTEX
8
0
10
16.8
20
35.272711385478
30
0
0
VERTEX
8
0
10
17.248
20
35.8470022914197
30
0
0
VERTEX
8
0
10
17.696
20
36.4073311727611
30
0
0
VERTEX
8
0
10
18.144
20
36.9537920187578
30
0
0
VERTEX
8
0
10
18.592
20
37.4864665074605
30
0
0
VERTEX
8
0
10
19.04
20
38.005423947136
30
0
0
VERTEX
8
0
10
19.488
20
38.5107210774228
30
0
0
VERTEX
8
0
10
19.936
20
39.0024017191406
30
0
0
VERTEX
8
0
10
20.384
20
39.4804962566973
30
0
0
VERTEX
8
0
10
20.832
20
39.9450209322624
30
0
0
VERTEX
8
0
10
21.28
20
40.3959769227253
30
0
0
VERTEX
8
0
10
21.728
20
40.8333491620342
30
0
0
VERTEX
8
0
10
22.176
20
41.2571048592653
30
0
0
VERTEX
8
0
10
22.624
20
41.6671916466069
30
0
0
VERTEX
8
0
10
23.072
20
42.0635352706789
30
0
0
VERTEX
8
0
10
23.52
20
42.4460367102798
30
0
0
VERTEX
8
0
10
23.968
20
42.8145685635549
30
0
0
VERTEX
8
0
10
24.416
20
43.1689704885581
30
0
0
VERTEX
8
0
10
24.864
20
43.5090433970529
30
0
0
VERTEX
8
0
10
25.312
20
43.8345419761115
30
0
0
VERTEX
8
0
10
25.76
20
44.1451649216199
30
0
0
VERTEX
8
0
10
26.208
20
44.4405419719713
30
0
0
VERTEX
8
0
10
26.656
20
44.7202163522793
30
0
0
VERTEX
8
0
10
27.104
20
44.983620444836
30
0
0
VERTEX
8
0
10
27.552
20
45.2300411185462
30
0
0
VERTEX
8
0
10
28
20
45.4585686270605
30
0
0
VERTEX
8
0
10
28.448
20
45.6680180972251
30
0
0
VERTEX
8
0
10
28.896
20
45.8568024456291
30
0
0
VERTEX
8
0
10
29.344
20
46.0227122866191
30
0
0
VERTEX
8
0
10
29.792
20
46.1624983015549
30
0
0
VERTEX
8
0
10
30.24
20
46.2709675679713
30
0
0
VERTEX
8
0
10
30.688
20
46.3385760406577
30
0
0
VERTEX
8
0
10
31.136
20
46.342499575686
30
0
0
VERTEX
8
0
10
31.584
20
46.2589570585447
30
0
0
VERTEX
8
0
10
32.032
20
46.2364983660265
30
0
0
VERTEX
8
0
10
32.48
20
46.2758944811593
30
0
0
VERTEX
8
0
10
32.928
20
46.3490613726885
30
0
0
VERTEX
8
0
10
33.376
20
46.4448072875687
30
0
0
VERTEX
8
0
10
33.824
20
46.557192051559
30
0
0
VERTEX
8
0
10
34.2719999999999
20
46.6825124570074
30
0
0
VERTEX
8
0
10
34.7199999999999
20
46.8182317547498
30
0
0
VERTEX
8
0
10
35.168
20
46.9625004913036
30
0
0
VERTEX
8
0
10
35.6159999999999
20
47.1139090326669
30
0
0
VERTEX
8
0
10
36.0639999999999
20
47.2713465730259
30
0
0
VERTEX
8
0
10
36.5119999999999
20
47.4339148133673
30
0
0
VERTEX
8
0
10
36.9599999999999
20
47.6008721060606
30
0
0
VERTEX
8
0
10
37.4079999999999
20
47.7715956893251
30
0
0
VERTEX
8
0
10
37.8559999999999
20
47.9455552219175
30
0
0
VERTEX
8
0
10
38.3039999999999
20
48.1222936763313
30
0
0
VERTEX
8
0
10
38.7519999999999
20
48.3014131927797
30
0
0
VERTEX
8
0
10
39.1999999999999
20
48.4825643776474
30
0
0
VERTEX
8
0
10
39.6479999999999
20
48.665438054831
30
0
0
VERTEX
8
0
10
40.0959999999999
20
48.8497588028177
30
0
0
VERTEX
8
0
10
40.5439999999999
20
49.0352798169833
30
0
0
VERTEX
8
0
10
40.9919999999999
20
49.2217787727555
30
0
0
VERTEX
8
0
10
41.4399999999999
20
49.4090544557184
30
0
0
VERTEX
8
0
10
41.8879999999999
20
49.5969239880884
30
0
0
VERTEX
8
0
10
42.3359999999999
20
49.7852205243922
30
0
0
VERTEX
8
0
10
42.7839999999999
20
49.973791320405
30
0
0
VERTEX
8
0
10
43.2319999999999
20
50.1624961023477
30
0
0
VERTEX
8
0
10
43.6799999999999
20
50.3512056797494
30
0
0
VERTEX
8
0
10
44.1279999999999
20
50.5398007575559
30
0
0
VERTEX
8
0
10
44.5759999999999
20
50.7281709129985
30
0
0
VERTEX
8
0
10
45.0239999999999
20
50.9162137090199
30
0
0
VERTEX
8
0
10
45.4719999999999
20
51.1038339223769
30
0
0
VERTEX
8
0
10
45.9199999999999
20
51.2909428679286
30
0
0
VERTEX
8
0
10
46.3679999999999
20
51.4774578047785
30
0
0
VERTEX
8
0
10
46.8159999999999
20
51.6633014119071
30
0
0
VERTEX
8
0
10
47.2639999999999
20
51.8484013234189
30
0
0
VERTEX
8
0
10
47.7119999999999
20
52.0326897150426
30
0
0
VERTEX
8
0
10
48.1599999999999
20
52.2161029350038
30
0
0
VERTEX
8
0
10
48.6079999999999
20
52.3985811733767
30
0
0
VERTEX
8
0
10
49.0559999999999
20
52.5800681649353
30
0
0
VERTEX
8
0
10
49.5039999999999
20
52.7605109214203
30
0
0
VERTEX
8
0
10
49.9519999999999
20
52.9398594895995
30
0
0
VERTEX
8
0
10
50.3999999999999
20
53.1180667319485
30
0
0
VERTEX
8
0
10
50.8479999999999
20
53.2950881275586
30
0
0
VERTEX
8
0
10
51.2959999999999
20
53.4708815907685
30
0
0
VERTEX
8
0
10
51.7439999999999
20
53.6454073056349
30
0
0
VERTEX
8
0
10
52.1919999999999
20
53.8186275746139
30
0
0
VERTEX
8
0
10
52.6399999999999
20
53.9905066797552
30
0
0
VERTEX
8
0
10
53.0879999999999
20
54.1610107553148
30
0
0
VERTEX
8
0
10
53.5359999999999
20
54.3301076704989
30
0
0
VERTEX
8
0
10
53.9839999999999
20
54.4977669213275
30
0
0
VERTEX
8
0
10
54.4319999999999
20
54.6639595308571
30
0
0
VERTEX
8
0
10
54.8799999999999
20
54.8286579567281
30
0
0
VERTEX
8
0
10
55.3279999999999
20
54.9918360056053
30
0
0
VERTEX
8
0
10
55.7759999999999
20
55.1534687536563
30
0
0
VERTEX
8
0
10
56.2239999999999
20
55.3135324726419
30
0
0
VERTEX
8
0
10
56.6719999999999
20
55.4720045610267
30
0
0
VERTEX
8
0
10
57.1199999999999
20
55.6288634797486
30
0
0
VERTEX
8
0
10
57.5679999999999
20
55.784088692152
30
0
0
VERTEX
8
0
10
58.0159999999999
20
55.9376606077646
30
0
0
VERTEX
8
0
10
58.4639999999999
20
56.089560529582
30
0
0
VERTEX
8
0
10
58.9119999999999
20
56.2397706045211
30
0
0
VERTEX
8
0
10
59.3599999999999
20
56.388273776825
30
0
0
VERTEX
8
0
10
59.8079999999999
20
56.5350537440976
30
0
0
VERTEX
8
0
10
60.2559999999999
20
56.6800949157942
30
0
0
VERTEX
8
0
10
60.7039999999999
20
56.8233823739312
30
0
0
VERTEX
8
0
10
61.1519999999999
20
56.9649018358225
30
0
0
VERTEX
8
0
10
61.5999999999999
20
57.1046396185965
30
0
0
VERTEX
8
0
10
62.0479999999998
20
57.2425826054987
30
0
0
VERTEX
8
0
10
62.4959999999998
20
57.3787182135433
30
0
0
VERTEX
8
0
10
62.9439999999998
20
57.5130343627042
30
0
0
VERTEX
8
0
10
63.3919999999998
20
57.6455194461276
30
0
0
VERTEX
8
0
10
63.8399999999998
20
57.7761623015697
30
0
0
VERTEX
8
0
10
64.2879999999998
20
57.9049521837203
30
0
0
VERTEX
8
0
10
64.7359999999998
20
58.031878737295
30
0
0
VERTEX
8
0
10
65.1839999999998
20
58.1569319709094
30
0
0
VERTEX
8
0
10
65.6319999999998
20
58.2801022314528
30
0
0
VERTEX
8
0
10
66.0799999999998
20
58.4013801789177
30
0
0
VERTEX
8
0
10
66.5279999999998
20
58.5207567615356
30
0
0
VERTEX
8
0
10
66.9759999999998
20
58.6382231911732
30
0
0
VERTEX
8
0
10
67.4239999999998
20
58.7537709186683
30
0
0
VERTEX
8
0
10
67.8719999999998
20
58.8673916091779
30
0
0
VERTEX
8
0
10
68.3199999999998
20
58.979077117274
30
0
0
VERTEX
8
0
10
68.7679999999998
20
59.0888194616609
30
0
0
VERTEX
8
0
10
69.2159999999998
20
59.1966107993801
30
0
0
VERTEX
8
0
10
69.6639999999998
20
59.3024433992621
30
0
0
VERTEX
8
0
10
70.1119999999998
20
59.4063096145027
30
0
0
VERTEX
8
0
10
70.5599999999998
20
59.5082018540823
30
0
0
VERTEX
8
0
10
71.0079999999998
20
59.6081125528664
30
0
0
VERTEX
8
0
10
71.4559999999998
20
59.7060341400306
30
0
0
VERTEX
8
0
10
71.9039999999998
20
59.8019590055859
30
0
0
VERTEX
8
0
10
72.3519999999998
20
59.8958794646236
30
0
0
VERTEX
8
0
10
72.7999999999998
20
59.9877877188872
30
0
0
VERTEX
8
0
10
73.2479999999998
20
60.0776758152528
30
0
0
VERTEX
8
0
10
73.6959999999998
20
60.1655356005496
30
0
0
VERTEX
8
0
10
74.1439999999998
20
60.251358672172
30
0
0
VERTEX
8
0
10
74.5919999999999
20
60.3351363237231
30
0
0
VERTEX
8
0
10
75.0399999999999
20
60.4168594848987
30
0
0
VERTEX
8
0
10
75.4879999999999
20
60.4965186545886
30
0
0
VERTEX
8
0
10
75.9359999999999
20
60.5741038260798
30
0
0
VERTEX
8
0
10
76.3839999999999
20
60.6496044028781
30
0
0
VERTEX
8
0
10
76.8319999999999
20
60.7230091035482
30
0
0
VERTEX
8
0
10
77.2799999999999
20
60.7943058534702
30
0
0
VERTEX
8
0
10
77.7279999999999
20
60.8634816610091
30
0
0
VERTEX
8
0
10
78.1759999999999
20
60.930522475065
30
0
0
VERTEX
8
0
10
78.6239999999999
20
60.9954130202071
30
0
0
VERTEX
8
0
10
79.0719999999999
20
61.0581366045941
30
0
0
VERTEX
8
0
10
79.5199999999999
20
61.1186748948022
30
0
0
VERTEX
8
0
10
79.9679999999999
20
61.1770076499103
30
0
0
VERTEX
8
0
10
80.4159999999999
20
61.2331124051965
30
0
0
VERTEX
8
0
10
80.8639999999999
20
61.2869640927919
30
0
0
VERTEX
8
0
10
81.312
20
61.3385345828381
30
0
0
VERTEX
8
0
10
81.76
20
61.3877921231695
30
0
0
VERTEX
8
0
10
82.208
20
61.434700647992
30
0
0
VERTEX
8
0
10
82.656
20
61.4792189151351
30
0
0
VERTEX
8
0
10
83.104
20
61.5212994155765
30
0
0
VERTEX
8
0
10
83.552
20
61.5608869754319
30
0
0
VERTEX
8
0
10
84
20
61.5979169345619
30
0
0
VERTEX
8
0
10
84.448
20
61.6323127297251
30
0
0
VERTEX
8
0
10
84.896
20
61.6639826190779
30
0
0
VERTEX
8
0
10
85.344
20
61.692815132323
30
0
0
VERTEX
8
0
10
85.792
20
61.7186725641708
30
0
0
VERTEX
8
0
10
86.24
20
61.7413813401745
30
0
0
VERTEX
8
0
10
86.688
20
61.7607171383038
30
0
0
VERTEX
8
0
10
87.136
20
61.7763807192918
30
0
0
VERTEX
8
0
10
87.584
20
61.7879563497055
30
0
0
VERTEX
8
0
10
88.0320000000001
20
61.7948366967878
30
0
0
VERTEX
8
0
10
88.4800000000001
20
61.7960908305721
30
0
0
VERTEX
8
0
10
88.9280000000001
20
61.7903324978317
30
0
0
VERTEX
8
0
10
89.3760000000001
20
61.7764522825891
30
0
0
VERTEX
8
0
10
89.8240000000001
20
61.7578809271787
30
0
0
VERTEX
8
0
10
90.2720000000001
20
61.743123067419
30
0
0
VERTEX
8
0
10
90.7200000000001
20
61.7353271105252
30
0
0
VERTEX
8
0
10
91.1680000000001
20
61.7332034095155
30
0
0
VERTEX
8
0
10
91.6160000000001
20
61.7352609133413
30
0
0
VERTEX
8
0
10
92.0640000000001
20
61.7404902956449
30
0
0
VERTEX
8
0
10
92.5120000000001
20
61.7482197342888
30
0
0
VERTEX
8
0
10
92.9600000000001
20
61.7579785884206
30
0
0
VERTEX
8
0
10
93.4080000000001
20
61.7694198416368
30
0
0
VERTEX
8
0
10
93.8560000000001
20
61.7822768927166
30
0
0
VERTEX
8
0
10
94.3040000000001
20
61.7963382542614
30
0
0
VERTEX
8
0
10
94.7520000000001
20
61.8114318675587
30
0
0
VERTEX
8
0
10
95.2000000000001
20
61.827414876578
30
0
0
VERTEX
8
0
10
95.6480000000002
20
61.8441666752459
30
0
0
VERTEX
8
0
10
96.0960000000002
20
61.8615840130215
30
0
0
VERTEX
8
0
10
96.5440000000002
20
61.8795774477698
30
0
0
VERTEX
8
0
10
96.9920000000002
20
61.8980687109822
30
0
0
VERTEX
8
0
10
97.4400000000002
20
61.9169887089322
30
0
0
VERTEX
8
0
10
97.8880000000002
20
61.936275978249
30
0
0
VERTEX
8
0
10
98.3360000000002
20
61.9558754733224
30
0
0
VERTEX
8
0
10
98.7840000000002
20
61.975737600682
30
0
0
VERTEX
8
0
10
99.2320000000002
20
61.9958174402919
30
0
0
VERTEX
8
0
10
99.6800000000002
20
62.016074110478
30
0
0
VERTEX
8
0
10
100.128
20
62.036470244691
30
0
0
VERTEX
8
0
10
100.576
20
62.0569715564427
30
0
0
VERTEX
8
0
10
101.024
20
62.0775464745115
30
0
0
VERTEX
8
0
10
101.472
20
62.098165834728
30
0
0
VERTEX
8
0
10
101.92
20
62.11880261771
30
0
0
VERTEX
8
0
10
102.368
20
62.1394317242903
30
0
0
VERTEX
8
0
10
102.816
20
62.1600297820353
30
0
0
VERTEX
8
0
10
103.264
20
62.1805749776481
30
0
0
VERTEX
8
0
10
103.712
20
62.2010469110253
30
0
0
VERTEX
8
0
10
104.16
20
62.2214264675951
30
0
0
VERTEX
8
0
10
104.608
20
62.2416957061052
30
0
0
VERTEX
8
0
10
105.056
20
62.2618377596131
30
0
0
VERTEX
8
0
10
105.504
20
62.2818367477647
30
0
0
VERTEX
8
0
10
105.952
20
62.3016776987921
30
0
0
VERTEX
8
0
10
106.4
20
62.3213464799166
30
0
0
VERTEX
8
0
10
106.848
20
62.3408297350443
30
0
0
VERTEX
8
0
10
107.296
20
62.3601148288155
30
0
0
VERTEX
8
0
10
107.744
20
62.3791897962283
30
0
0
VERTEX
8
0
10
108.192
20
62.3980432971322
30
0
0
VERTEX
8
0
10
108.64
20
62.4166645750369
30
0
0
VERTEX
8
0
10
109.088
20
62.4350434197188
30
0
0
VERTEX
8
0
10
109.536
20
62.4531701332038
30
0
0
VERTEX
8
0
10
109.984
20
62.4710354987517
30
0
0
VERTEX
8
0
10
110.432
20
62.4886307525058
30
0
0
VERTEX
8
0
10
110.88
20
62.5059475575477
30
0
0
VERTEX
8
0
10
111.328
20
62.5229779800844
30
0
0
VERTEX
8
0
10
111.776
20
62.5397144675708
30
0
0
VERTEX
8
0
10
112.224
20
62.5561498285642
30
0
0
VERTEX
8
0
10
112.672
20
62.5722772141411
30
0
0
VERTEX
8
0
10
113.12
20
62.588090100745
30
0
0
VERTEX
8
0
10
113.568
20
62.6035822743038
30
0
0
VERTEX
8
0
10
114.016
20
62.618747815526
30
0
0
VERTEX
8
0
10
114.464
20
62.6335810862579
30
0
0
VERTEX
8
0
10
114.912
20
62.6480767168032
30
0
0
VERTEX
8
0
10
115.36
20
62.6622295941405
30
0
0
VERTEX
8
0
10
115.808
20
62.6760348509391
30
0
0
VERTEX
8
0
10
116.256
20
62.6894878553259
30
0
0
VERTEX
8
0
10
116.704
20
62.7025842013351
30
0
0
VERTEX
8
0
10
117.152
20
62.7153196999755
30
0
0
VERTEX
8
0
10
117.6
20
62.7276903708893
30
0
0
VERTEX
8
0
10
118.048
20
62.7396924345368
30
0
0
VERTEX
8
0
10
118.496
20
62.7513223048718
30
0
0
VERTEX
8
0
10
118.944
20
62.7625765824788
30
0
0
VERTEX
8
0
10
119.392
20
62.7734520481304
30
0
0
VERTEX
8
0
10
119.840000000001
20
62.7839456567333
30
0
0
VERTEX
8
0
10
120.288000000001
20
62.7940545316438
30
0
0
VERTEX
8
0
10
120.736000000001
20
62.8037759593146
30
0
0
VERTEX
8
0
10
121.184000000001
20
62.8131073842689
30
0
0
VERTEX
8
0
10
121.632000000001
20
62.8220464043508
30
0
0
VERTEX
8
0
10
122.080000000001
20
62.830590766271
30
0
0
VERTEX
8
0
10
122.528000000001
20
62.8387383613874
30
0
0
VERTEX
8
0
10
122.976000000001
20
62.8464872217477
30
0
0
VERTEX
8
0
10
123.424000000001
20
62.8538355163397
30
0
0
VERTEX
8
0
10
123.872000000001
20
62.8607815475601
30
0
0
VERTEX
8
0
10
124.320000000001
20
62.8673237478824
30
0
0
VERTEX
8
0
10
124.768000000001
20
62.8734606767082
30
0
0
VERTEX
8
0
10
125.216000000001
20
62.8791910173937
30
0
0
VERTEX
8
0
10
125.664000000001
20
62.884513574448
30
0
0
VERTEX
8
0
10
126.112000000001
20
62.8894272708761
30
0
0
VERTEX
8
0
10
126.560000000001
20
62.8939311456792
30
0
0
VERTEX
8
0
10
127.008000000001
20
62.8980243514874
30
0
0
VERTEX
8
0
10
127.456000000001
20
62.9017061523319
30
0
0
VERTEX
8
0
10
127.904000000001
20
62.9049759215306
30
0
0
VERTEX
8
0
10
128.352000000001
20
62.9078331397036
30
0
0
VERTEX
8
0
10
128.800000000001
20
62.9102773928929
30
0
0
VERTEX
8
0
10
129.248000000001
20
62.9123083707951
30
0
0
VERTEX
8
0
10
129.696000000001
20
62.9139258650893
30
0
0
VERTEX
8
0
10
130.144000000001
20
62.9151297678691
30
0
0
VERTEX
8
0
10
130.592000000001
20
62.915920070161
30
0
0
VERTEX
8
0
10
131.040000000001
20
62.9162968605338
30
0
0
VERTEX
8
0
10
131.488000000001
20
62.9162603237919
30
0
0
VERTEX
8
0
10
131.936000000001
20
62.9158107397497
30
0
0
VERTEX
8
0
10
132.384000000001
20
62.9149484820849
30
0
0
VERTEX
8
0
10
132.832000000001
20
62.9136740172597
30
0
0
VERTEX
8
0
10
133.280000000001
20
62.911987903524
30
0
0
VERTEX
8
0
10
133.728000000001
20
62.9098907899764
30
0
0
VERTEX
8
0
10
134.176000000001
20
62.9073834156983
30
0
0
VERTEX
8
0
10
134.624000000001
20
62.9044666089501
30
0
0
VERTEX
8
0
10
135.072000000001
20
62.9011412864277
30
0
0
VERTEX
8
0
10
135.520000000001
20
62.8974084525808
30
0
0
VERTEX
8
0
10
135.968000000001
20
62.8932691989857
30
0
0
VERTEX
8
0
10
136.416000000001
20
62.8887247037783
30
0
0
VERTEX
8
0
10
136.864000000001
20
62.8837762311383
30
0
0
VERTEX
8
0
10
137.312000000001
20
62.8784251308287
30
0
0
VERTEX
8
0
10
137.760000000001
20
62.8726728377823
30
0
0
VERTEX
8
0
10
138.208000000001
20
62.8665208717481
30
0
0
VERTEX
8
0
10
138.656000000001
20
62.8599708369746
30
0
0
VERTEX
8
0
10
139.104000000001
20
62.8530244219531
30
0
0
VERTEX
8
0
10
139.552000000001
20
62.8456833991973
30
0
0
VERTEX
8
0
10
140.000000000001
20
62.8379496250816
30
0
0
VERTEX
8
0
10
140.448000000001
20
62.8298250397135
30
0
0
VERTEX
8
0
10
140.896000000001
20
62.8213116668622
30
0
0
VERTEX
8
0
10
141.344000000001
20
62.8124116139199
30
0
0
VERTEX
8
0
10
141.792000000001
20
62.8031270719202
30
0
0
VERTEX
8
0
10
142.240000000001
20
62.7934603155908
30
0
0
VERTEX
8
0
10
142.688000000001
20
62.7834137034556
30
0
0
VERTEX
8
0
10
143.136000000001
20
62.7729896779771
30
0
0
VERTEX
8
0
10
143.584000000001
20
62.7621907657445
30
0
0
VERTEX
8
0
10
144.032000000001
20
62.7510195777055
30
0
0
VERTEX
8
0
10
144.480000000001
20
62.7394788094396
30
0
0
VERTEX
8
0
10
144.928000000001
20
62.7275712414781
30
0
0
VERTEX
8
0
10
145.376000000001
20
62.7152997396665
30
0
0
VERTEX
8
0
10
145.824000000001
20
62.7026672555756
30
0
0
VERTEX
8
0
10
146.272000000001
20
62.689676826948
30
0
0
VERTEX
8
0
10
146.720000000001
20
62.6763315782052
30
0
0
VERTEX
8
0
10
147.168000000001
20
62.6626347209885
30
0
0
VERTEX
8
0
10
147.616000000001
20
62.6485895547547
30
0
0
VERTEX
8
0
10
148.064000000001
20
62.6341994674171
30
0
0
VERTEX
8
0
10
148.512000000001
20
62.619467936039
30
0
0
VERTEX
8
0
10
148.960000000001
20
62.6043985275748
30
0
0
VERTEX
8
0
10
149.408000000001
20
62.5889948996667
30
0
0
VERTEX
8
0
10
149.856000000001
20
62.5732608014937
30
0
0
VERTEX
8
0
10
150.304000000001
20
62.5572000746759
30
0
0
VERTEX
8
0
10
150.752000000001
20
62.5408166542381
30
0
0
VERTEX
8
0
10
151.200000000001
20
62.5241145696336
30
0
0
VERTEX
8
0
10
151.648000000001
20
62.5070979458272
30
0
0
VERTEX
8
0
10
152.096000000001
20
62.4897710044439
30
0
0
VERTEX
8
0
10
152.544000000001
20
62.4721380649905
30
0
0
VERTEX
8
0
10
152.992000000001
20
62.4542035461393
30
0
0
VERTEX
8
0
10
153.440000000001
20
62.4359719670927
30
0
0
VERTEX
8
0
10
153.888000000001
20
62.4174479490219
30
0
0
VERTEX
8
0
10
154.336000000001
20
62.3986362165906
30
0
0
VERTEX
8
0
10
154.784000000001
20
62.379541599562
30
0
0
VERTEX
8
0
10
155.232000000001
20
62.3601690345005
30
0
0
VERTEX
8
0
10
155.680000000001
20
62.3405235665679
30
0
0
VERTEX
8
0
10
156.128000000001
20
62.3206103514237
30
0
0
VERTEX
8
0
10
156.576000000001
20
62.3004346572349
30
0
0
VERTEX
8
0
10
157.024000000001
20
62.2800018668026
30
0
0
VERTEX
8
0
10
157.472000000001
20
62.2593174798123
30
0
0
VERTEX
8
0
10
157.920000000001
20
62.2383871152201
30
0
0
VERTEX
8
0
10
158.368000000001
20
62.2172165137799
30
0
0
VERTEX
8
0
10
158.816000000001
20
62.1958115407272
30
0
0
VERTEX
8
0
10
159.264000000001
20
62.1741781886269
30
0
0
VERTEX
8
0
10
159.712000000001
20
62.1523225804035
30
0
0
VERTEX
8
0
10
160.160000000001
20
62.1302509725634
30
0
0
VERTEX
8
0
10
160.608000000001
20
62.1079697586311
30
0
0
VERTEX
8
0
10
161.056000000001
20
62.0854854728136
30
0
0
VERTEX
8
0
10
161.504000000001
20
62.0628047939168
30
0
0
VERTEX
8
0
10
161.952000000001
20
62.0399345495367
30
0
0
VERTEX
8
0
10
162.400000000001
20
62.0168817205512
30
0
0
VERTEX
8
0
10
162.848000000001
20
61.9936534459441
30
0
0
VERTEX
8
0
10
163.296000000001
20
61.9702570279944
30
0
0
VERTEX
8
0
10
163.744000000001
20
61.9466999378695
30
0
0
VERTEX
8
0
10
164.192000000001
20
61.9229898216685
30
0
0
VERTEX
8
0
10
164.640000000001
20
61.8991345069638
30
0
0
VERTEX
8
0
10
165.088000000001
20
61.875142009903
30
0
0
VERTEX
8
0
10
165.536000000001
20
61.8510205429345
30
0
0
VERTEX
8
0
10
165.984000000001
20
61.8267785232405
30
0
0
VERTEX
8
0
10
166.432000000001
20
61.8024245819636
30
0
0
VERTEX
8
0
10
166.880000000001
20
61.7779675743389
30
0
0
VERTEX
8
0
10
167.328000000001
20
61.7534165908545
30
0
0
VERTEX
8
0
10
167.776000000001
20
61.7287809695926
30
0
0
VERTEX
8
0
10
168.224000000001
20
61.7040703099253
30
0
0
VERTEX
8
0
10
168.672000000001
20
61.679294487785
30
0
0
VERTEX
8
0
10
169.120000000001
20
61.6544636727595
30
0
0
VERTEX
8
0
10
169.568000000001
20
61.6295883473324
30
0
0
VERTEX
8
0
10
170.016000000001
20
61.6046793286463
30
0
0
SEQEND
8
0
0
POLYLINE
8
0
62
4
70
0
10
0
20
0
30
0
0
VERTEX
8
0
10
0.224
20
0.707464610100076
30
0
0
VERTEX
8
0
10
0.672
20
2.10661808945174
30
0
0
VERTEX
8
0
10
1.12
20
3.45169265034641
30
0
0
VERTEX
8
0
10
1.568
20
4.79325793695941
30
0
0
VERTEX
8
0
10
2.016
20
6.13126093390987
30
0
0
VERTEX
8
0
10
2.464
20
7.46570434629752
30
0
0
VERTEX
8
0
10
2.912
20
8.65358402076163
30
0
0
VERTEX
8
0
10
3.36
20
9.78037802048736
30
0
0
VERTEX
8
0
10
3.808
20
10.9041033445353
30
0
0
VERTEX
8
0
10
4.256
20
12.0245045484795
30
0
0
VERTEX
8
0
10
4.704
20
13.1414263723959
30
0
0
VERTEX
8
0
10
5.152
20
14.2547737296401
30
0
0
VERTEX
8
0
10
5.6
20
15.3644894790415
30
0
0
VERTEX
8
0
10
6.048
20
16.3080668733056
30
0
0
VERTEX
8
0
10
6.496
20
17.2943872218116
30
0
0
VERTEX
8
0
10
6.944
20
18.2772449070019
30
0
0
VERTEX
8
0
10
7.392
20
19.256545055091
30
0
0
VERTEX
8
0
10
7.84
20
20.1323420601064
30
0
0
VERTEX
8
0
10
8.288
20
20.9532027411122
30
0
0
VERTEX
8
0
10
8.736
20
21.7710187991618
30
0
0
VERTEX
8
0
10
9.184
20
22.5856219534437
30
0
0
VERTEX
8
0
10
9.632
20
23.3968741475931
30
0
0
VERTEX
8
0
10
10.08
20
24.3387947313339
30
0
0
VERTEX
8
0
10
10.528
20
25.2353585183456
30
0
0
VERTEX
8
0
10
10.976
20
26.1280889859566
30
0
0
VERTEX
8
0
10
11.424
20
27.0169834294692
30
0
0
VERTEX
8
0
10
11.872
20
27.7304247552496
30
0
0
VERTEX
8
0
10
12.32
20
28.4732482588071
30
0
0
VERTEX
8
0
10
12.768
20
29.2124808844723
30
0
0
VERTEX
8
0
10
13.216
20
29.9480674023593
30
0
0
VERTEX
8
0
10
13.664
20
30.6799623715287
30
0
0
VERTEX
8
0
10
14.112
20
31.4081289004699
30
0
0
VERTEX
8
0
10
14.56
20
32.0764183141695
30
0
0
VERTEX
8
0
10
15.008
20
32.7362930564117
30
0
0
VERTEX
8
0
10
15.456
20
33.3925228353519
30
0
0
VERTEX
8
0
10
15.904
20
34.0450666236877
30
0
0
VERTEX
8
0
10
16.352
20
34.6938902079817
30
0
0
VERTEX
8
0
10
16.8
20
35.3389654884211
30
0
0
VERTEX
8
0
10
17.248
20
35.9620111296801
30
0
0
VERTEX
8
0
10
17.696
20
36.5694193560737
30
0
0
VERTEX
8
0
10
18.144
20
37.173088234173
30
0
0
VERTEX
8
0
10
18.592
20
37.7729965666965
30
0
0
VERTEX
8
0
10
19.04
20
38.3691276101653
30
0
0
VERTEX
8
0
10
19.488
20
38.9224160117928
30
0
0
VERTEX
8
0
10
19.936
20
39.4660793766044
30
0
0
VERTEX
8
0
10
20.384
20
40.0060195779906
30
0
0
VERTEX
8
0
10
20.832
20
40.5422182936423
30
0
0
VERTEX
8
0
10
21.28
20
40.9757214385168
30
0
0
VERTEX
8
0
10
21.728
20
41.3544926063005
30
0
0
VERTEX
8
0
10
22.176
20
41.730022123651
30
0
0
VERTEX
8
0
10
22.624
20
42.1022504945336
30
0
0
VERTEX
8
0
10
23.072
20
42.4711231051704
30
0
0
VERTEX
8
0
10
23.52
20
42.8365899404155
30
0
0
VERTEX
8
0
10
23.968
20
43.0876251929474
30
0
0
VERTEX
8
0
10
24.416
20
43.3191171869984
30
0
0
VERTEX
8
0
10
24.864
20
43.5478552115967
30
0
0
VERTEX
8
0
10
25.312
20
43.7737620660531
30
0
0
VERTEX
8
0
10
25.76
20
43.9967648622538
30
0
0
VERTEX
8
0
10
26.208
20
44.2167948390626
30
0
0
VERTEX
8
0
10
26.656
20
44.4001545743076
30
0
0
VERTEX
8
0
10
27.104
20
44.5831261284792
30
0
0
VERTEX
8
0
10
27.552
20
44.7631719557534
30
0
0
VERTEX
8
0
10
28
20
44.9402287271021
30
0
0
VERTEX
8
0
10
28.448
20
45.1142365389272
30
0
0
VERTEX
8
0
10
28.896
20
45.2851387786479
30
0
0
VERTEX
8
0
10
29.344
20
45.4528819959663
30
0
0
VERTEX
8
0
10
29.792
20
45.6924965092333
30
0
0
VERTEX
8
0
10
30.24
20
45.9140719387766
30
0
0
VERTEX
8
0
10
30.688
20
46.132003285805
30
0
0
VERTEX
8
0
10
31.136
20
46.3462721135827
30
0
0
VERTEX
8
0
10
31.584
20
46.5573344117886
30
0
0
VERTEX
8
0
10
32.032
20
46.7674966322002
30
0
0
VERTEX
8
0
10
32.48
20
46.9775390271878
30
0
0
VERTEX
8
0
10
32.928
20
47.187446189424
30
0
0
VERTEX
8
0
10
33.376
20
47.3971882058342
30
0
0
VERTEX
8
0
10
33.824
20
47.606735862291
30
0
0
VERTEX
8
0
10
34.2719999999999
20
47.8160607224005
30
0
0
VERTEX
8
0
10
34.7199999999999
20
48.0099619369931
30
0
0
VERTEX
8
0
10
35.168
20
48.1957806557436
30
0
0
VERTEX
8
0
10
35.6159999999999
20
48.3813968217876
30
0
0
VERTEX
8
0
10
36.0639999999999
20
48.5667833019867
30
0
0
VERTEX
8
0
10
36.5119999999999
20
48.7519136361749
30
0
0
VERTEX
8
0
10
36.9599999999999
20
48.9037948973351
30
0
0
VERTEX
8
0
10
37.4079999999999
20
49.0527283491501
30
0
0
VERTEX
8
0
10
37.8559999999999
20
49.2015204208854
30
0
0
VERTEX
8
0
10
38.3039999999999
20
49.350144703749
30
0
0
VERTEX
8
0
10
38.7519999999999
20
49.4985753638842
30
0
0
VERTEX
8
0
10
39.1999999999999
20
49.6467871328243
30
0
0
VERTEX
8
0
10
39.6479999999999
20
49.7947552980214
30
0
0
VERTEX
8
0
10
40.0959999999999
20
49.9424556934554
30
0
0
VERTEX
8
0
10
40.5439999999999
20
50.0898646903271
30
0
0
VERTEX
8
0
10
40.9919999999999
20
50.2369591878502
30
0
0
VERTEX
8
0
10
41.4399999999999
20
50.3837166041369
30
0
0
VERTEX
8
0
10
41.8879999999999
20
50.5301148671914
30
0
0
VERTEX
8
0
10
42.3359999999999
20
50.6761324060119
30
0
0
VERTEX
8
0
10
42.7839999999999
20
50.8217481418054
30
0
0
VERTEX
8
0
10
43.2319999999999
20
50.9669414793193
30
0
0
VERTEX
8
0
10
43.6799999999999
20
51.1116922982948
30
0
0
VERTEX
8
0
10
44.1279999999999
20
51.2559809450417
30
0
0
VERTEX
8
0
10
44.5759999999999
20
51.399788224141
30
0
0
VERTEX
8
0
10
45.0239999999999
20
51.543095390273
30
0
0
VERTEX
8
0
10
45.4719999999999
20
51.6858841401788
30
0
0
VERTEX
8
0
10
45.9199999999999
20
51.8281366047488
30
0
0
VERTEX
8
0
10
46.3679999999999
20
51.9698353412472
30
0
0
VERTEX
8
0
10
46.8159999999999
20
52.1734086794665
30
0
0
VERTEX
8
0
10
47.2639999999999
20
52.3602426032028
30
0
0
VERTEX
8
0
10
47.7119999999999
20
52.5462767743656
30
0
0
VERTEX
8
0
10
48.1599999999999
20
52.7314991000562
30
0
0
VERTEX
8
0
10
48.6079999999999
20
52.9158978622454
30
0
0
VERTEX
8
0
10
49.0559999999999
20
53.0994617094301
30
0
0
VERTEX
8
0
10
49.5039999999999
20
53.2821796485262
30
0
0
VERTEX
8
0
10
49.9519999999999
20
53.4985995248382
30
0
0
VERTEX
8
0
10
50.3999999999999
20
53.7025648745863
30
0
0
VERTEX
8
0
10
50.8479999999999
20
53.9056008964221
30
0
0
VERTEX
8
0
10
51.2959999999999
20
54.1076996780576
30
0
0
VERTEX
8
0
10
51.7439999999999
20
54.308853613059
30
0
0
VERTEX
8
0
10
52.1919999999999
20
54.5090553938642
30
0
0
VERTEX
8
0
10
52.6399999999999
20
54.6932154006334
30
0
0
VERTEX
8
0
10
53.0879999999999
20
54.8686061986985
30
0
0
VERTEX
8
0
10
53.5359999999999
20
55.0430709931968
30
0
0
VERTEX
8
0
10
53.9839999999999
20
55.2166019512885
30
0
0
VERTEX
8
0
10
54.4319999999999
20
55.3891915230457
30
0
0
VERTEX
8
0
10
54.8799999999999
20
55.5608324357586
30
0
0
VERTEX
8
0
10
55.3279999999999
20
55.7315176884113
30
0
0
VERTEX
8
0
10
55.7759999999999
20
55.8802361027459
30
0
0
VERTEX
8
0
10
56.2239999999999
20
56.0233102287324
30
0
0
VERTEX
8
0
10
56.6719999999999
20
56.1654818490243
30
0
0
VERTEX
8
0
10
57.1199999999999
20
56.3067431068017
30
0
0
VERTEX
8
0
10
57.5679999999999
20
56.4470864074776
30
0
0
VERTEX
8
0
10
58.0159999999999
20
56.5865044141971
30
0
0
VERTEX
8
0
10
58.4639999999999
20
56.7249900434586
30
0
0
VERTEX
8
0
10
58.9119999999999
20
56.8625364608484
30
0
0
VERTEX
8
0
10
59.3599999999999
20
56.981251104678
30
0
0
VERTEX
8
0
10
59.8079999999999
20
57.0975477834092
30
0
0
VERTEX
8
0
10
60.2559999999999
20
57.2129548707571
30
0
0
VERTEX
8
0
10
60.7039999999999
20
57.3274650988284
30
0
0
VERTEX
8
0
10
61.1519999999999
20
57.441071439345
30
0
0
VERTEX
8
0
10
61.5999999999999
20
57.5537671001609
30
0
0
VERTEX
8
0
10
62.0479999999998
20
57.6655455218667
30
0
0
VERTEX
8
0
10
62.4959999999998
20
57.7764003744834
30
0
0
VERTEX
8
0
10
62.9439999999998
20
57.8863255542411
30
0
0
VERTEX
8
0
10
63.3919999999998
20
57.9953151804408
30
0
0
VERTEX
8
0
10
63.8399999999998
20
58.1033635924011
30
0
0
VERTEX
8
0
10
64.2879999999998
20
58.2104653464866
30
0
0
VERTEX
8
0
10
64.7359999999998
20
58.3166152132152
30
0
0
VERTEX
8
0
10
65.1839999999998
20
58.4218081744455
30
0
0
VERTEX
8
0
10
65.6319999999998
20
58.5260394206435
30
0
0
VERTEX
8
0
10
66.0799999999998
20
58.6293043482224
30
0
0
VERTEX
8
0
10
66.5279999999998
20
58.7315985569602
30
0
0
VERTEX
8
0
10
66.9759999999998
20
58.832917847492
30
0
0
VERTEX
8
0
10
67.4239999999998
20
58.9332582188714
30
0
0
VERTEX
8
0
10
67.8719999999998
20
59.0326158662073
30
0
0
VERTEX
8
0
10
68.3199999999998
20
59.1445938308174
30
0
0
VERTEX
8
0
10
68.7679999999998
20
59.2567071663182
30
0
0
VERTEX
8
0
10
69.2159999999998
20
59.3677856225837
30
0
0
VERTEX
8
0
10
69.6639999999998
20
59.4778271300981
30
0
0
VERTEX
8
0
10
70.1119999999998
20
59.5868297959665
30
0
0
VERTEX
8
0
10
70.5599999999998
20
59.6947919019565
30
0
0
VERTEX
8
0
10
71.0079999999998
20
59.8017119026103
30
0
0
VERTEX
8
0
10
71.4559999999998
20
59.9075884234166
30
0
0
VERTEX
8
0
10
71.9039999999998
20
60.0124202590508
30
0
0
VERTEX
8
0
10
72.3519999999998
20
60.1162063716755
30
0
0
VERTEX
8
0
10
72.7999999999998
20
60.2054969397388
30
0
0
VERTEX
8
0
10
73.2479999999998
20
60.2926224904503
30
0
0
VERTEX
8
0
10
73.6959999999998
20
60.3787357942769
30
0
0
VERTEX
8
0
10
74.1439999999998
20
60.4638355595946
30
0
0
VERTEX
8
0
10
74.5919999999999
20
60.5479206631636
30
0
0
VERTEX
8
0
10
75.0399999999999
20
60.6309901487591
30
0
0
VERTEX
8
0
10
75.4879999999999
20
60.713043225856
30
0
0
VERTEX
8
0
10
75.9359999999999
20
60.7940792683622
30
0
0
VERTEX
8
0
10
76.3839999999999
20
60.8740978134086
30
0
0
VERTEX
8
0
10
76.8319999999999
20
60.9530985601844
30
0
0
VERTEX
8
0
10
77.2799999999999
20
61.0310813688267
30
0
0
VERTEX
8
0
10
77.7279999999999
20
61.1080462593555
30
0
0
VERTEX
8
0
10
78.1759999999999
20
61.1839934106584
30
0
0
VERTEX
8
0
10
78.6239999999999
20
61.2269803528947
30
0
0
VERTEX
8
0
10
79.0719999999999
20
61.2762091730535
30
0
0
VERTEX
8
0
10
79.5199999999999
20
61.3244970173751
30
0
0
VERTEX
8
0
10
79.9679999999999
20
61.3718432921937
30
0
0
VERTEX
8
0
10
80.4159999999999
20
61.4182475713621
30
0
0
VERTEX
8
0
10
80.8639999999999
20
61.4637095955415
30
0
0
VERTEX
8
0
10
81.312
20
61.5082292715336
30
0
0
VERTEX
8
0
10
81.76
20
61.5518066716509
30
0
0
VERTEX
8
0
10
82.208
20
61.5944420331311
30
0
0
VERTEX
8
0
10
82.656
20
61.6361357575896
30
0
0
VERTEX
8
0
10
83.104
20
61.6768884105128
30
0
0
VERTEX
8
0
10
83.552
20
61.7111832407197
30
0
0
VERTEX
8
0
10
84
20
61.7423153534102
30
0
0
VERTEX
8
0
10
84.448
20
61.7725374697576
30
0
0
VERTEX
8
0
10
84.896
20
61.8018504140375
30
0
0
VERTEX
8
0
10
85.344
20
61.8302551764179
30
0
0
VERTEX
8
0
10
85.792
20
61.8577529127238
30
0
0
VERTEX
8
0
10
86.24
20
61.8843449443253
30
0
0
VERTEX
8
0
10
86.688
20
61.910032758581
30
0
0
VERTEX
8
0
10
87.136
20
61.934818012624
30
0
0
VERTEX
8
0
10
87.584
20
61.9587025578722
30
0
0
VERTEX
8
0
10
88.0320000000001
20
61.9816885928964
30
0
0
VERTEX
8
0
10
88.4800000000001
20
62.0037796009585
30
0
0
VERTEX
8
0
10
88.9280000000001
20
62.0249859061829
30
0
0
VERTEX
8
0
10
89.3760000000001
20
62.0429981488149
30
0
0
VERTEX
8
0
10
89.8240000000001
20
62.0584371243135
30
0
0
VERTEX
8
0
10
90.2720000000001
20
62.0734700170781
30
0
0
VERTEX
8
0
10
90.7200000000001
20
62.0882506435852
30
0
0
VERTEX
8
0
10
91.1680000000001
20
62.1028190747936
30
0
0
VERTEX
8
0
10
91.6160000000001
20
62.1171809736028
30
0
0
VERTEX
8
0
10
92.0640000000001
20
62.1313354631983
30
0
0
VERTEX
8
0
10
92.5120000000001
20
62.1452805768606
30
0
0
VERTEX
8
0
10
92.9600000000001
20
62.1590141947637
30
0
0
VERTEX
8
0
10
93.4080000000001
20
62.1725342022881
30
0
0
VERTEX
8
0
10
93.8560000000001
20
62.1858385168132
30
0
0
VERTEX
8
0
10
94.3040000000001
20
62.1989250922103
30
0
0
VERTEX
8
0
10
94.7520000000001
20
62.2117919195255
30
0
0
VERTEX
8
0
10
95.2000000000001
20
62.2244370270095
30
0
0
VERTEX
8
0
10
95.6480000000002
20
62.2368584800319
30
0
0
VERTEX
8
0
10
96.0960000000002
20
62.2490543809804
30
0
0
VERTEX
8
0
10
96.5440000000002
20
62.2610228691544
30
0
0
VERTEX
8
0
10
96.9920000000002
20
62.2727621206628
30
0
0
VERTEX
8
0
10
97.4400000000002
20
62.2842703483206
30
0
0
VERTEX
8
0
10
97.8880000000002
20
62.2955458015493
30
0
0
VERTEX
8
0
10
98.3360000000002
20
62.3065867662774
30
0
0
VERTEX
8
0
10
98.7840000000002
20
62.3173915648429
30
0
0
VERTEX
8
0
10
99.2320000000002
20
62.3279585558984
30
0
0
VERTEX
8
0
10
99.6800000000002
20
62.3382861343169
30
0
0
VERTEX
8
0
10
100.128
20
62.354046848875
30
0
0
VERTEX
8
0
10
100.576
20
62.3679411370831
30
0
0
VERTEX
8
0
10
101.024
20
62.3815764213999
30
0
0
VERTEX
8
0
10
101.472
20
62.3949512982641
30
0
0
VERTEX
8
0
10
101.92
20
62.408064399843
30
0
0
VERTEX
8
0
10
102.368
20
62.4209143939389
30
0
0
VERTEX
8
0
10
102.816
20
62.4334999838939
30
0
0
VERTEX
8
0
10
103.264
20
62.445819908499
30
0
0
VERTEX
8
0
10
103.712
20
62.4578729419059
30
0
0
VERTEX
8
0
10
104.16
20
62.4696578935383
30
0
0
VERTEX
8
0
10
104.608
20
62.4811736080084
30
0
0
VERTEX
8
0
10
105.056
20
62.4924189650329
30
0
0
VERTEX
8
0
10
105.504
20
62.5033928793529
30
0
0
VERTEX
8
0
10
105.952
20
62.5113798641213
30
0
0
VERTEX
8
0
10
106.4
20
62.5196219395685
30
0
0
VERTEX
8
0
10
106.848
20
62.5275973717065
30
0
0
VERTEX
8
0
10
107.296
20
62.5353051827883
30
0
0
VERTEX
8
0
10
107.744
20
62.542744429815
30
0
0
VERTEX
8
0
10
108.192
20
62.5499142044735
30
0
0
VERTEX
8
0
10
108.64
20
62.556813633077
30
0
0
VERTEX
8
0
10
109.088
20
62.5634418765076
30
0
0
VERTEX
8
0
10
109.536
20
62.5697981301606
30
0
0
VERTEX
8
0
10
109.984
20
62.5758816238917
30
0
0
VERTEX
8
0
10
110.432
20
62.5816916219658
30
0
0
VERTEX
8
0
10
110.88
20
62.5872274230077
30
0
0
VERTEX
8
0
10
111.328
20
62.5924883599568
30
0
0
VERTEX
8
0
10
111.776
20
62.5974738000209
30
0
0
VERTEX
8
0
10
112.224
20
62.6021831446355
30
0
0
VERTEX
8
0
10
112.672
20
62.6066158294229
30
0
0
VERTEX
8
0
10
113.12
20
62.6088374254966
30
0
0
VERTEX
8
0
10
113.568
20
62.6106230739037
30
0
0
VERTEX
8
0
10
114.016
20
62.6121383558269
30
0
0
VERTEX
8
0
10
114.464
20
62.6133828148824
30
0
0
VERTEX
8
0
10
114.912
20
62.6143560288622
30
0
0
VERTEX
8
0
10
115.36
20
62.6150576097125
30
0
0
VERTEX
8
0
10
115.808
20
62.6154872035145
30
0
0
VERTEX
8
0
10
116.256
20
62.6156444904666
30
0
0
VERTEX
8
0
10
116.704
20
62.6155291848699
30
0
0
VERTEX
8
0
10
117.152
20
62.6151410351145
30
0
0
VERTEX
8
0
10
117.6
20
62.6144798236702
30
0
0
VERTEX
8
0
10
118.048
20
62.6135453670769
30
0
0
VERTEX
8
0
10
118.496
20
62.6123375159386
30
0
0
VERTEX
8
0
10
118.944
20
62.6108561549199
30
0
0
VERTEX
8
0
10
119.392
20
62.6091012027438
30
0
0
VERTEX
8
0
10
119.840000000001
20
62.6101329016891
30
0
0
VERTEX
8
0
10
120.288000000001
20
62.6124685133834
30
0
0
VERTEX
8
0
10
120.736000000001
20
62.6145139188999
30
0
0
VERTEX
8
0
10
121.184000000001
20
62.6162692354171
30
0
0
VERTEX
8
0
10
121.632000000001
20
62.617734613715
30
0
0
VERTEX
8
0
10
122.080000000001
20
62.618910238178
30
0
0
VERTEX
8
0
10
122.528000000001
20
62.6197963267991
30
0
0
VERTEX
8
0
10
122.976000000001
20
62.6203931311873
30
0
0
VERTEX
8
0
10
123.424000000001
20
62.6207009365759
30
0
0
VERTEX
8
0
10
123.872000000001
20
62.6207200618354
30
0
0
VERTEX
8
0
10
124.320000000001
20
62.6204508594861
30
0
0
VERTEX
8
0
10
124.768000000001
20
62.6198937157154
30
0
0
VERTEX
8
0
10
125.216000000001
20
62.6190490503951
30
0
0
VERTEX
8
0
10
125.664000000001
20
62.6179173171033
30
0
0
VERTEX
8
0
10
126.112000000001
20
62.6164990031472
30
0
0
VERTEX
8
0
10
126.560000000001
20
62.6147946295878
30
0
0
VERTEX
8
0
10
127.008000000001
20
62.6128047512682
30
0
0
VERTEX
8
0
10
127.456000000001
20
62.6105299568438
30
0
0
VERTEX
8
0
10
127.904000000001
20
62.6075712348061
30
0
0
VERTEX
8
0
10
128.352000000001
20
62.6042063867034
30
0
0
VERTEX
8
0
10
128.800000000001
20
62.6005603271786
30
0
0
VERTEX
8
0
10
129.248000000001
20
62.596633773748
30
0
0
VERTEX
8
0
10
129.696000000001
20
62.5924274779932
30
0
0
VERTEX
8
0
10
130.144000000001
20
62.5879422256062
30
0
0
VERTEX
8
0
10
130.592000000001
20
62.5831788364359
30
0
0
VERTEX
8
0
10
131.040000000001
20
62.5781381645356
30
0
0
VERTEX
8
0
10
131.488000000001
20
62.5728210982154
30
0
0
VERTEX
8
0
10
131.936000000001
20
62.5672285600946
30
0
0
VERTEX
8
0
10
132.384000000001
20
62.5613615071571
30
0
0
VERTEX
8
0
10
132.832000000001
20
62.5552209308086
30
0
0
VERTEX
8
0
10
133.280000000001
20
62.5488078569368
30
0
0
VERTEX
8
0
10
133.728000000001
20
62.5424334943776
30
0
0
VERTEX
8
0
10
134.176000000001
20
62.5359897073151
30
0
0
VERTEX
8
0
10
134.624000000001
20
62.5292750272956
30
0
0
VERTEX
8
0
10
135.072000000001
20
62.5222906247754
30
0
0
VERTEX
8
0
10
135.520000000001
20
62.5150377049424
30
0
0
VERTEX
8
0
10
135.968000000001
20
62.5075175077868
30
0
0
VERTEX
8
0
10
136.416000000001
20
62.4997313081749
30
0
0
VERTEX
8
0
10
136.864000000001
20
62.4916804159247
30
0
0
VERTEX
8
0
10
137.312000000001
20
62.4833661758829
30
0
0
VERTEX
8
0
10
137.760000000001
20
62.4747899680042
30
0
0
VERTEX
8
0
10
138.208000000001
20
62.4659532074331
30
0
0
VERTEX
8
0
10
138.656000000001
20
62.4568573445868
30
0
0
VERTEX
8
0
10
139.104000000001
20
62.4475038652414
30
0
0
VERTEX
8
0
10
139.552000000001
20
62.4378942906174
30
0
0
VERTEX
8
0
10
140.000000000001
20
62.4280301774713
30
0
0
VERTEX
8
0
10
140.448000000001
20
62.4179131181837
30
0
0
VERTEX
8
0
10
140.896000000001
20
62.4075447408551
30
0
0
VERTEX
8
0
10
141.344000000001
20
62.3969267093985
30
0
0
VERTEX
8
0
10
141.792000000001
20
62.3887129678436
30
0
0
VERTEX
8
0
10
142.240000000001
20
62.3813239230557
30
0
0
VERTEX
8
0
10
142.688000000001
20
62.3736792094839
30
0
0
VERTEX
8
0
10
143.136000000001
20
62.3657806743991
30
0
0
VERTEX
8
0
10
143.584000000001
20
62.3576302006982
30
0
0
VERTEX
8
0
10
144.032000000001
20
62.3492297070033
30
0
0
VERTEX
8
0
10
144.480000000001
20
62.3405811477621
30
0
0
VERTEX
8
0
10
144.928000000001
20
62.3316865133505
30
0
0
VERTEX
8
0
10
145.376000000001
20
62.3225478301756
30
0
0
VERTEX
8
0
10
145.824000000001
20
62.3131671607825
30
0
0
VERTEX
8
0
10
146.272000000001
20
62.3035466039594
30
0
0
VERTEX
8
0
10
146.720000000001
20
62.293688294848
30
0
0
VERTEX
8
0
10
147.168000000001
20
62.283594405052
30
0
0
VERTEX
8
0
10
147.616000000001
20
62.2732671427489
30
0
0
VERTEX
8
0
10
148.064000000001
20
62.2627087528033
30
0
0
VERTEX
8
0
10
148.512000000001
20
62.2519215168807
30
0
0
VERTEX
8
0
10
148.960000000001
20
62.2420987180775
30
0
0
VERTEX
8
0
10
149.408000000001
20
62.2321504994956
30
0
0
VERTEX
8
0
10
149.856000000001
20
62.2219770461583
30
0
0
VERTEX
8
0
10
150.304000000001
20
62.2115807999659
30
0
0
VERTEX
8
0
10
150.752000000001
20
62.2009642399401
30
0
0
VERTEX
8
0
10
151.200000000001
20
62.1901298823426
30
0
0
VERTEX
8
0
10
151.648000000001
20
62.1790802807959
30
0
0
VERTEX
8
0
10
152.096000000001
20
62.1678180264043
30
0
0
VERTEX
8
0
10
152.544000000001
20
62.1563457478778
30
0
0
VERTEX
8
0
10
152.992000000001
20
62.1446661116537
30
0
0
VERTEX
8
0
10
153.440000000001
20
62.1327818220225
30
0
0
VERTEX
8
0
10
153.888000000001
20
62.120695621252
30
0
0
VERTEX
8
0
10
154.336000000001
20
62.1084102897146
30
0
0
VERTEX
8
0
10
154.784000000001
20
62.0959286460127
30
0
0
VERTEX
8
0
10
155.232000000001
20
62.0832535471078
30
0
0
VERTEX
8
0
10
155.680000000001
20
62.0703878884473
30
0
0
VERTEX
8
0
10
156.128000000001
20
62.0573346040948
30
0
0
VERTEX
8
0
10
156.576000000001
20
62.041582677539
30
0
0
VERTEX
8
0
10
157.024000000001
20
62.0258396325373
30
0
0
VERTEX
8
0
10
157.472000000001
20
62.0099243040951
30
0
0
VERTEX
8
0
10
157.920000000001
20
61.9938397673408
30
0
0
VERTEX
8
0
10
158.368000000001
20
61.9775891372289
30
0
0
VERTEX
8
0
10
158.816000000001
20
61.9611755686757
30
0
0
VERTEX
8
0
10
159.264000000001
20
61.9446022566957
30
0
0
VERTEX
8
0
10
159.712000000001
20
61.927872436538
30
0
0
VERTEX
8
0
10
160.160000000001
20
61.910989383823
30
0
0
VERTEX
8
0
10
160.608000000001
20
61.8939564146782
30
0
0
VERTEX
8
0
10
161.056000000001
20
61.8767768858757
30
0
0
VERTEX
8
0
10
161.504000000001
20
61.8594541949675
30
0
0
VERTEX
8
0
10
161.952000000001
20
61.8419917804228
30
0
0
VERTEX
8
0
10
162.400000000001
20
61.824393121763
30
0
0
VERTEX
8
0
10
162.848000000001
20
61.8066617396977
30
0
0
VERTEX
8
0
10
163.296000000001
20
61.7888011962605
30
0
0
VERTEX
8
0
10
163.744000000001
20
61.7708150949433
30
0
0
VERTEX
8
0
10
164.192000000001
20
61.7527070808303
30
0
0
VERTEX
8
0
10
164.640000000001
20
61.7344808407322
30
0
0
VERTEX
8
0
10
165.088000000001
20
61.7161401033191
30
0
0
VERTEX
8
0
10
165.536000000001
20
61.7103833545982
30
0
0
VERTEX
8
0
10
165.984000000001
20
61.7035653391795
30
0
0
VERTEX
8
0
10
166.432000000001
20
61.6966198130217
30
0
0
VERTEX
8
0
10
166.880000000001
20
61.6895507209802
30
0
0
VERTEX
8
0
10
167.328000000001
20
61.6823620471783
30
0
0
VERTEX
8
0
10
167.776000000001
20
61.6750578151096
30
0
0
VERTEX
8
0
10
168.224000000001
20
61.667642087736
30
0
0
VERTEX
8
0
10
168.672000000001
20
61.660118967587
30
0
0
VERTEX
8
0
10
169.120000000001
20
61.6524925968559
30
0
0
VERTEX
8
0
10
169.568000000001
20
61.6447671574949
30
0
0
VERTEX
8
0
10
170.016000000001
20
61.6369468713082
30
0
0
SEQEND
8
0
0
POLYLINE
8
0
62
2
70
0
10
0
20
0
30
0
0
VERTEX
8
0
10
0.224
20
0
30
0
0
VERTEX
8
0
10
0.672
20
0
30
0
0
VERTEX
8
0
10
1.12
20
0
30
0
0
VERTEX
8
0
10
1.568
20
0
30
0
0
VERTEX
8
0
10
2.016
20
0.14851742156866
30
0
0
VERTEX
8
0
10
2.464
20
0.219691332514687
30
0
0
VERTEX
8
0
10
2.912
20
0.275212015267148
30
0
0
VERTEX
8
0
10
3.36
20
0.322693642241129
30
0
0
VERTEX
8
0
10
3.808
20
0.366224021926296
30
0
0
VERTEX
8
0
10
4.256
20
0.408252821931129
30
0
0
VERTEX
8
0
10
4.704
20
0.450169168285848
30
0
0
VERTEX
8
0
10
5.152
20
0.492672391619615
30
0
0
VERTEX
8
0
10
5.6
20
0.536042212003064
30
0
0
VERTEX
8
0
10
6.048
20
0.580325290605654
30
0
0
VERTEX
8
0
10
6.496
20
0.625454133560402
30
0
0
VERTEX
8
0
10
6.944
20
0.671316966434374
30
0
0
VERTEX
8
0
10
7.392
20
0.717795327963181
30
0
0
VERTEX
8
0
10
7.84
20
0.76478201702249
30
0
0
VERTEX
8
0
10
8.288
20
0.81218789777435
30
0
0
VERTEX
8
0
10
8.736
20
0.859942853241215
30
0
0
VERTEX
8
0
10
9.184
20
0.907993983709874
30
0
0
VERTEX
8
0
10
9.632
20
0.956302764700084
30
0
0
VERTEX
8
0
10
10.08
20
1.00484205424775
30
0
0
VERTEX
8
0
10
10.528
20
1.0535933682083
30
0
0
VERTEX
8
0
10
10.976
20
1.10254458548899
30
0
0
VERTEX
8
0
10
11.424
20
1.1516881095772
30
0
0
VERTEX
8
0
10
11.872
20
1.20101944980812
30
0
0
VERTEX
8
0
10
12.32
20
1.25053616062497
30
0
0
VERTEX
8
0
10
12.768
20
1.30023707080189
30
0
0
VERTEX
8
0
10
13.216
20
1.3501217400133
30
0
0
VERTEX
8
0
10
13.664
20
1.40019008862929
30
0
0
VERTEX
8
0
10
14.112
20
1.45044215548411
30
0
0
VERTEX
8
0
10
14.56
20
1.50087794864107
30
0
0
VERTEX
8
0
10
15.008
20
1.55149736172954
30
0
0
VERTEX
8
0
10
15.456
20
1.60230013478373
30
0
0
VERTEX
8
0
10
15.904
20
1.65328584487353
30
0
0
VERTEX
8
0
10
16.352
20
1.70445391488783
30
0
0
VERTEX
8
0
10
16.8
20
1.75580363328939
30
0
0
VERTEX
8
0
10
17.248
20
1.8073341790535
30
0
0
VERTEX
8
0
10
17.696
20
1.85904464818584
30
0
0
VERTEX
8
0
10
18.144
20
1.91093408002498
30
0
0
VERTEX
8
0
10
18.592
20
1.9630014814157
30
0
0
VERTEX
8
0
10
19.04
20
2.01524584836514
30
0
0
VERTEX
8
0
10
19.488
20
2.06766618476512
30
0
0
VERTEX
8
0
10
19.936
20
2.12026151829228
30
0
0
VERTEX
8
0
10
20.384
20
2.17303091330793
30
0
0
VERTEX
8
0
10
20.832
20
2.22597348149855
30
0
0
VERTEX
8
0
10
21.28
20
2.27908839008636
30
0
0
VERTEX
8
0
10
21.728
20
2.3323748681572
30
0
0
VERTEX
8
0
10
22.176
20
2.38583221142083
30
0
0
VERTEX
8
0
10
22.624
20
2.43945978541095
30
0
0
VERTEX
8
0
10
23.072
20
2.4932570278124
30
0
0
VERTEX
8
0
10
23.52
20
2.54722344961764
30
0
0
VERTEX
8
0
10
23.968
20
2.60135863574521
30
0
0
VERTEX
8
0
10
24.416
20
2.6556622449917
30
0
0
VERTEX
8
0
10
24.864
20
2.71013400955838
30
0
0
VERTEX
8
0
10
25.312
20
2.76477373434893
30
0
0
VERTEX
8
0
10
25.76
20
2.81958129581346
30
0
0
VERTEX
8
0
10
26.208
20
2.87455664089104
30
0
0
VERTEX
8
0
10
26.656
20
2.92969978561871
30
0
0
VERTEX
8
0
10
27.104
20
2.98501081386337
30
0
0
VERTEX
8
0
10
27.552
20
3.04048987588367
30
0
0
VERTEX
8
0
10
28
20
3.09613718700459
30
0
0
VERTEX
8
0
10
28.448
20
3.15195302631738
30
0
0
VERTEX
8
0
10
28.896
20
3.20793773531836
30
0
0
VERTEX
8
0
10
29.344
20
3.26409171675518
30
0
0
VERTEX
8
0
10
29.792
20
3.3204154334632
30
0
0
VERTEX
8
0
10
30.24
20
3.37690940723102
30
0
0
VERTEX
8
0
10
30.688
20
3.43357421786662
30
0
0
VERTEX
8
0
10
31.136
20
3.49041050226457
30
0
0
VERTEX
8
0
10
31.584
20
3.54741895356152
30
0
0
VERTEX
8
0
10
32.032
20
3.6046003203835
30
0
0
VERTEX
8
0
10
32.48
20
3.66195540616104
30
0
0
VERTEX
8
0
10
32.928
20
3.71948506858847
30
0
0
VERTEX
8
0
10
33.376
20
3.77719021910773
30
0
0
VERTEX
8
0
10
33.824
20
3.83507182246405
30
0
0
VERTEX
8
0
10
34.2719999999999
20
3.89313089637587
30
0
0
VERTEX
8
0
10
34.7199999999999
20
3.95136851125928
30
0
0
VERTEX
8
0
10
35.168
20
4.00978579007243
30
0
0
VERTEX
8
0
10
35.6159999999999
20
4.06838390811633
30
0
0
VERTEX
8
0
10
36.0639999999999
20
4.12716409309667
30
0
0
VERTEX
8
0
10
36.5119999999999
20
4.18612762505975
30
0
0
VERTEX
8
0
10
36.9599999999999
20
4.24527583653529
30
0
0
VERTEX
8
0
10
37.4079999999999
20
4.3046101127114
30
0
0
VERTEX
8
0
10
37.8559999999999
20
4.36413189162796
30
0
0
VERTEX
8
0
10
38.3039999999999
20
4.42384266453716
30
0
0
VERTEX
8
0
10
38.7519999999999
20
4.48374397623823
30
0
0
VERTEX
8
0
10
39.1999999999999
20
4.54383742552508
30
0
0
VERTEX
8
0
10
39.6479999999999
20
4.60412466568816
30
0
0
VERTEX
8
0
10
40.0959999999999
20
4.66460740514992
30
0
0
VERTEX
8
0
10
40.5439999999999
20
4.72528740799509
30
0
0
VERTEX
8
0
10
40.9919999999999
20
4.78616649483812
30
0
0
VERTEX
8
0
10
41.4399999999999
20
4.84724654347547
30
0
0
VERTEX
8
0
10
41.8879999999999
20
4.90852948977993
30
0
0
VERTEX
8
0
10
42.3359999999999
20
4.97001732869634
30
0
0
VERTEX
8
0
10
42.7839999999999
20
5.03171211515243
30
0
0
VERTEX
8
0
10
43.2319999999999
20
5.09361596515445
30
0
0
VERTEX
8
0
10
43.6799999999999
20
5.15573105702898
30
0
0
VERTEX
8
0
10
44.1279999999999
20
5.21805963250153
30
0
0
VERTEX
8
0
10
44.5759999999999
20
5.28060399816631
30
0
0
VERTEX
8
0
10
45.0239999999999
20
5.34336652673234
30
0
0
VERTEX
8
0
10
45.4719999999999
20
5.40634965866748
30
0
0
VERTEX
8
0
10
45.9199999999999
20
5.46955590361904
30
0
0
VERTEX
8
0
10
46.3679999999999
20
5.53298784217916
30
0
0
VERTEX
8
0
10
46.8159999999999
20
5.59664812761232
30
0
0
VERTEX
8
0
10
47.2639999999999
20
5.6605394877249
30
0
0
VERTEX
8
0
10
47.7119999999999
20
5.72466472679499
30
0
0
VERTEX
8
0
10
48.1599999999999
20
5.78902672768039
30
0
0
VERTEX
8
0
10
48.6079999999999
20
5.85362845402461
30
0
0
VERTEX
8
0
10
49.0559999999999
20
5.91847295250835
30
0
0
VERTEX
8
0
10
49.5039999999999
20
5.98356335530905
30
0
0
VERTEX
8
0
10
49.9519999999999
20
6.04890288270462
30
0
0
VERTEX
8
0
10
50.3999999999999
20
6.11449484566582
30
0
0
VERTEX
8
0
10
50.8479999999999
20
6.18034264879935
30
0
0
VERTEX
8
0
10
51.2959999999999
20
6.24644979330692
30
0
0
VERTEX
8
0
10
51.7439999999999
20
6.31281988010459
30
0
0
VERTEX
8
0
10
52.1919999999999
20
6.37945661323206
30
0
0
VERTEX
8
0
10
52.6399999999999
20
6.4463638032652
30
0
0
VERTEX
8
0
10
53.0879999999999
20
6.51354537106344
30
0
0
VERTEX
8
0
10
53.5359999999999
20
6.58100535166174
30
0
0
VERTEX
8
0
10
53.9839999999999
20
6.6487478983213
30
0
0
VERTEX
8
0
10
54.4319999999999
20
6.71677728695563
30
0
0
VERTEX
8
0
10
54.8799999999999
20
6.7850979205883
30
0
0
VERTEX
8
0
10
55.3279999999999
20
6.85371433426794
30
0
0
VERTEX
8
0
10
55.7759999999999
20
6.92263120011812
30
0
0
VERTEX
8
0
10
56.2239999999999
20
6.9918533327467
30
0
0
VERTEX
8
0
10
56.6719999999999
20
7.06138569489722
30
0
0
VERTEX
8
0
10
57.1199999999999
20
7.13123340350842
30
0
0
VERTEX
8
0
10
57.5679999999999
20
7.2014017360672
30
0
0
VERTEX
8
0
10
58.0159999999999
20
7.27189613735528
30
0
0
VERTEX
8
0
10
58.4639999999999
20
7.34272222661311
30
0
0
VERTEX
8
0
10
58.9119999999999
20
7.41388580509657
30
0
0
VERTEX
8
0
10
59.3599999999999
20
7.48539286414807
30
0
0
VERTEX
8
0
10
59.8079999999999
20
7.55724959371069
30
0
0
VERTEX
8
0
10
60.2559999999999
20
7.62946239141291
30
0
0
VERTEX
8
0
10
60.7039999999999
20
7.70203787223078
30
0
0
VERTEX
8
0
10
61.1519999999999
20
7.77498287878359
30
0
0
VERTEX
8
0
10
61.5999999999999
20
7.84830449219353
30
0
0
VERTEX
8
0
10
62.0479999999998
20
7.92201004388335
30
0
0
VERTEX
8
0
10
62.4959999999998
20
7.99610712787989
30
0
0
VERTEX
8
0
10
62.9439999999998
20
8.07060361428783
30
0
0
VERTEX
8
0
10
63.3919999999998
20
8.14550766335686
30
0
0
VERTEX
8
0
10
63.8399999999998
20
8.22082774080952
30
0
0
VERTEX
8
0
10
64.2879999999998
20
8.29657263416611
30
0
0
VERTEX
8
0
10
64.7359999999998
20
8.37275147016781
30
0
0
VERTEX
8
0
10
65.1839999999998
20
8.44937373367105
30
0
0
VERTEX
8
0
10
65.6319999999998
20
8.52644928783573
30
0
0
VERTEX
8
0
10
66.0799999999998
20
8.60398839589083
30
0
0
VERTEX
8
0
10
66.5279999999998
20
8.68200174458572
30
0
0
VERTEX
8
0
10
66.9759999999998
20
8.76050046963927
30
0
0
VERTEX
8
0
10
67.4239999999998
20
8.83949618302806
30
0
0
VERTEX
8
0
10
67.8719999999998
20
8.91900100270514
30
0
0
VERTEX
8
0
10
68.3199999999998
20
8.9990275847709
30
0
0
VERTEX
8
0
10
68.7679999999998
20
9.07958915840379
30
0
0
VERTEX
8
0
10
69.2159999999998
20
9.16069956391418
30
0
0
VERTEX
8
0
10
69.6639999999998
20
9.242373294148
30
0
0
VERTEX
8
0
10
70.1119999999998
20
9.32462553975409
30
0
0
VERTEX
8
0
10
70.5599999999998
20
9.40747223864605
30
0
0
VERTEX
8
0
10
71.0079999999998
20
9.49093013029979
30
0
0
VERTEX
8
0
10
71.4559999999998
20
9.57501681530423
30
0
0
VERTEX
8
0
10
71.9039999999998
20
9.6597508209739
30
0
0
VERTEX
8
0
10
72.3519999999998
20
9.74515167372895
30
0
0
VERTEX
8
0
10
72.7999999999998
20
9.83123997912547
30
0
0
VERTEX
8
0
10
73.2479999999998
20
9.91803751063199
30
0
0
VERTEX
8
0
10
73.6959999999998
20
10.0055673082741
30
0
0
VERTEX
8
0
10
74.1439999999998
20
10.0938537886701
30
0
0
VERTEX
8
0
10
74.5919999999999
20
10.1829228680146
30
0
0
VERTEX
8
0
10
75.0399999999999
20
10.2728021000674
30
0
0
VERTEX
8
0
10
75.4879999999999
20
10.3635208313944
30
0
0
VERTEX
8
0
10
75.9359999999999
20
10.4551103767726
30
0
0
VERTEX
8
0
10
76.3839999999999
20
10.5476042179073
30
0
0
VERTEX
8
0
10
76.8319999999999
20
10.6410382296936
30
0
0
VERTEX
8
0
10
77.2799999999999
20
10.7354509387684
30
0
0
VERTEX
8
0
10
77.7279999999999
20
10.8308838203009
30
0
0
VERTEX
8
0
10
78.1759999999999
20
10.9273816404115
30
0
0
VERTEX
8
0
10
78.6239999999999
20
11.0249928532991
30
0
0
VERTEX
8
0
10
79.0719999999999
20
11.123770064218
30
0
0
VERTEX
8
0
10
79.5199999999999
20
11.2237705727468
30
0
0
VERTEX
8
0
10
79.9679999999999
20
11.3250570141967
30
0
0
VERTEX
8
0
10
80.4159999999999
20
11.4276981224814
30
0
0
VERTEX
8
0
10
80.8639999999999
20
11.5317696442784
30
0
0
VERTEX
8
0
10
81.312
20
11.6373554439595
30
0
0
VERTEX
8
0
10
81.76
20
11.7445488514117
30
0
0
VERTEX
8
0
10
82.208
20
11.8534543231381
30
0
0
VERTEX
8
0
10
82.656
20
11.9641895128675
30
0
0
VERTEX
8
0
10
83.104
20
12.0768878855224
30
0
0
VERTEX
8
0
10
83.552
20
12.1917020646784
30
0
0
VERTEX
8
0
10
84
20
12.3088081889528
30
0
0
VERTEX
8
0
10
84.448
20
12.4284116871025
30
0
0
VERTEX
8
0
10
84.896
20
12.5507550982254
30
0
0
VERTEX
8
0
10
85.344
20
12.6761289271389
30
0
0
VERTEX
8
0
10
85.792
20
12.8048871603344
30
0
0
VERTEX
8
0
10
86.24
20
12.9374702337433
30
0
0
VERTEX
8
0
10
86.688
20
13.074440498992
30
0
0
VERTEX
8
0
10
87.136
20
13.2165398371099
30
0
0
VERTEX
8
0
10
87.584
20
13.3647887352742
30
0
0
VERTEX
8
0
10
88.0320000000001
20
13.5206649464446
30
0
0
VERTEX
8
0
10
88.4800000000001
20
13.6864152977658
30
0
0
VERTEX
8
0
10
88.9280000000001
20
13.8653524778085
30
0
0
VERTEX
8
0
10
89.3760000000001
20
14.0600380047486
30
0
0
VERTEX
8
0
10
89.8240000000001
20
14.2620934347313
30
0
0
VERTEX
8
0
10
90.2720000000001
20
14.4514909433205
30
0
0
VERTEX
8
0
10
90.7200000000001
20
14.6214718641979
30
0
0
VERTEX
8
0
10
91.1680000000001
20
14.7756375330035
30
0
0
VERTEX
8
0
10
91.6160000000001
20
14.9178076116172
30
0
0
VERTEX
8
0
10
92.0640000000001
20
15.0505321250051
30
0
0
VERTEX
8
0
10
92.5120000000001
20
15.1755006355024
30
0
0
VERTEX
8
0
10
92.9600000000001
20
15.2938931726897
30
0
0
VERTEX
8
0
10
93.4080000000001
20
15.4065769371971
30
0
0
VERTEX
8
0
10
93.8560000000001
20
15.5142155587151
30
0
0
VERTEX
8
0
10
94.3040000000001
20
15.6173330943161
30
0
0
VERTEX
8
0
10
94.7520000000001
20
15.7163537519544
30
0
0
VERTEX
8
0
10
95.2000000000001
20
15.8116278225153
30
0
0
VERTEX
8
0
10
95.6480000000002
20
15.9034493313838
30
0
0
VERTEX
8
0
10
96.0960000000002
20
15.9920684761043
30
0
0
VERTEX
8
0
10
96.5440000000002
20
16.0777006467087
30
0
0
VERTEX
8
0
10
96.9920000000002
20
16.1605331293478
30
0
0
VERTEX
8
0
10
97.4400000000002
20
16.240730193613
30
0
0
VERTEX
8
0
10
97.8880000000002
20
16.3184370238752
30
0
0
VERTEX
8
0
10
98.3360000000002
20
16.3937828059552
30
0
0
VERTEX
8
0
10
98.7840000000002
20
16.4668831848507
30
0
0
VERTEX
8
0
10
99.2320000000002
20
16.5378422462205
30
0
0
VERTEX
8
0
10
99.6800000000002
20
16.6067541319509
30
0
0
VERTEX
8
0
10
100.128
20
16.6737043707111
30
0
0
VERTEX
8
0
10
100.576
20
16.7387709839333
30
0
0
VERTEX
8
0
10
101.024
20
16.8020254128696
30
0
0
VERTEX
8
0
10
101.472
20
16.8635333017348
30
0
0
VERTEX
8
0
10
101.92
20
16.9233551639937
30
0
0
VERTEX
8
0
10
102.368
20
16.9815469531587
30
0
0
VERTEX
8
0
10
102.816
20
17.0381605548241
30
0
0
VERTEX
8
0
10
103.264
20
17.0932442134419
30
0
0
VERTEX
8
0
10
103.712
20
17.1468429046419
30
0
0
VERTEX
8
0
10
104.16
20
17.1989986620366
30
0
0
VERTEX
8
0
10
104.608
20
17.2497508656483
30
0
0
VERTEX
8
0
10
105.056
20
17.2991364981175
30
0
0
VERTEX
8
0
10
105.504
20
17.3471903737105
30
0
0
VERTEX
8
0
10
105.952
20
17.3939453444613
30
0
0
VERTEX
8
0
10
106.4
20
17.4394324872265
30
0
0
VERTEX
8
0
10
106.848
20
17.4836812749394
30
0
0
VERTEX
8
0
10
107.296
20
17.5267197351078
30
0
0
VERTEX
8
0
10
107.744
20
17.5685745984285
30
0
0
VERTEX
8
0
10
108.192
20
17.6092714402859
30
0
0
VERTEX
8
0
10
108.64
20
17.6488348181149
30
0
0
VERTEX
8
0
10
109.088
20
17.6872884078108
30
0
0
VERTEX
8
0
10
109.536
20
17.7246551429827
30
0
0
VERTEX
8
0
10
109.984
20
17.7609573617147
30
0
0
VERTEX
8
0
10
110.432
20
17.796216966924
30
0
0
VERTEX
8
0
10
110.88
20
17.830455608763
30
0
0
VERTEX
8
0
10
111.328
20
17.8636949010211
30
0
0
VERTEX
8
0
10
111.776
20
17.8959566895508
30
0
0
VERTEX
8
0
10
112.224
20
17.9272634005549
30
0
0
VERTEX
8
0
10
112.672
20
17.9576385137667
30
0
0
VERTEX
8
0
10
113.12
20
17.9871072359809
30
0
0
VERTEX
8
0
10
113.568
20
18.0156975049603
30
0
0
VERTEX
8
0
10
114.016
20
18.043441549174
30
0
0
VERTEX
8
0
10
114.464
20
18.0703783662137
30
0
0
VERTEX
8
0
10
114.912
20
18.0965574997158
30
0
0
VERTEX
8
0
10
115.36
20
18.1220432184425
30
0
0
VERTEX
8
0
10
115.808
20
18.1469096005844
30
0
0
VERTEX
8
0
10
116.256
20
18.1711836529745
30
0
0
VERTEX
8
0
10
116.704
20
18.1946853626511
30
0
0
VERTEX
8
0
10
117.152
20
18.2170331171464
30
0
0
VERTEX
8
0
10
117.6
20
18.2380150010885
30
0
0
VERTEX
8
0
10
118.048
20
18.2576568588042
30
0
0
VERTEX
8
0
10
118.496
20
18.2760484800443
30
0
0
VERTEX
8
0
10
118.944
20
18.2932690383753
30
0
0
VERTEX
8
0
10
119.392
20
18.3093788184446
30
0
0
VERTEX
8
0
10
119.840000000001
20
18.3244238961399
30
0
0
VERTEX
8
0
10
120.288000000001
20
18.3384407199204
30
0
0
VERTEX
8
0
10
120.736000000001
20
18.3514591635827
30
0
0
VERTEX
8
0
10
121.184000000001
20
18.3635044536873
30
0
0
VERTEX
8
0
10
121.632000000001
20
18.3745984057625
30
0
0
VERTEX
8
0
10
122.080000000001
20
18.3847602446814
30
0
0
VERTEX
8
0
10
122.528000000001
20
18.3940071691782
30
0
0
VERTEX
8
0
10
122.976000000001
20
18.402354753659
30
0
0
VERTEX
8
0
10
123.424000000001
20
18.409817242738
30
0
0
VERTEX
8
0
10
123.872000000001
20
18.4164077728235
30
0
0
VERTEX
8
0
10
124.320000000001
20
18.4221385426131
30
0
0
VERTEX
8
0
10
124.768000000001
20
18.4270209468763
30
0
0
VERTEX
8
0
10
125.216000000001
20
18.4310656832859
30
0
0
VERTEX
8
0
10
125.664000000001
20
18.4342828390769
30
0
0
VERTEX
8
0
10
126.112000000001
20
18.4366819622892
30
0
0
VERTEX
8
0
10
126.560000000001
20
18.438272121121
30
0
0
VERTEX
8
0
10
127.008000000001
20
18.4390619539088
30
0
0
VERTEX
8
0
10
127.456000000001
20
18.4390597116856
30
0
0
VERTEX
8
0
10
127.904000000001
20
18.4382732947222
30
0
0
VERTEX
8
0
10
128.352000000001
20
18.4367102842287
30
0
0
VERTEX
8
0
10
128.800000000001
20
18.4343779700363
30
0
0
VERTEX
8
0
10
129.248000000001
20
18.431283374984
30
0
0
VERTEX
8
0
10
129.696000000001
20
18.4274332765215
30
0
0
VERTEX
8
0
10
130.144000000001
20
18.4228342260017
30
0
0
VERTEX
8
0
10
130.592000000001
20
18.4174925659868
30
0
0
VERTEX
8
0
10
131.040000000001
20
18.4114144458809
30
0
0
VERTEX
8
0
10
131.488000000001
20
18.4046058361151
30
0
0
VERTEX
8
0
10
131.936000000001
20
18.3970725410922
30
0
0
VERTEX
8
0
10
132.384000000001
20
18.3888202110588
30
0
0
VERTEX
8
0
10
132.832000000001
20
18.3798543530202
30
0
0
VERTEX
8
0
10
133.280000000001
20
18.3701803408626
30
0
0
VERTEX
8
0
10
133.728000000001
20
18.3598034247336
30
0
0
VERTEX
8
0
10
134.176000000001
20
18.3487287398018
30
0
0
VERTEX
8
0
10
134.624000000001
20
18.3369613144595
30
0
0
VERTEX
8
0
10
135.072000000001
20
18.3245060780236
30
0
0
VERTEX
8
0
10
135.520000000001
20
18.3113678680101
30
0
0
VERTEX
8
0
10
135.968000000001
20
18.2975514370099
30
0
0
VERTEX
8
0
10
136.416000000001
20
18.2830614592295
30
0
0
VERTEX
8
0
10
136.864000000001
20
18.2679025367214
30
0
0
VERTEX
8
0
10
137.312000000001
20
18.2520792053441
30
0
0
VERTEX
8
0
10
137.760000000001
20
18.2355959404733
30
0
0
VERTEX
8
0
10
138.208000000001
20
18.2184571625188
30
0
0
VERTEX
8
0
10
138.656000000001
20
18.2006672422264
30
0
0
VERTEX
8
0
10
139.104000000001
20
18.182230505835
30
0
0
VERTEX
8
0
10
139.552000000001
20
18.16315124007
30
0
0
VERTEX
8
0
10
140.000000000001
20
18.1434336970274
30
0
0
VERTEX
8
0
10
140.448000000001
20
18.1230820989326
30
0
0
VERTEX
8
0
10
140.896000000001
20
18.1021006428185
30
0
0
VERTEX
8
0
10
141.344000000001
20
18.0804935051055
30
0
0
VERTEX
8
0
10
141.792000000001
20
18.0582648461431
30
0
0
VERTEX
8
0
10
142.240000000001
20
18.0354188146767
30
0
0
VERTEX
8
0
10
142.688000000001
20
18.0119595522926
30
0
0
VERTEX
8
0
10
143.136000000001
20
17.9878911978231
30
0
0
VERTEX
8
0
10
143.584000000001
20
17.9632178917469
30
0
0
VERTEX
8
0
10
144.032000000001
20
17.9379437805806
30
0
0
VERTEX
8
0
10
144.480000000001
20
17.9120730212786
30
0
0
VERTEX
8
0
10
144.928000000001
20
17.8856097856484
30
0
0
VERTEX
8
0
10
145.376000000001
20
17.8585582648011
30
0
0
VERTEX
8
0
10
145.824000000001
20
17.830922673636
30
0
0
VERTEX
8
0
10
146.272000000001
20
17.8027072553659
30
0
0
VERTEX
8
0
10
146.720000000001
20
17.7739162861236
30
0
0
VERTEX
8
0
10
147.168000000001
20
17.7445540796175
30
0
0
VERTEX
8
0
10
147.616000000001
20
17.714624991879
30
0
0
VERTEX
8
0
10
148.064000000001
20
17.6841334260971
30
0
0
VERTEX
8
0
10
148.512000000001
20
17.6530838375599
30
0
0
VERTEX
8
0
10
148.960000000001
20
17.6214807387041
30
0
0
VERTEX
8
0
10
149.408000000001
20
17.5893287042952
30
0
0
VERTEX
8
0
10
149.856000000001
20
17.5566323767441
30
0
0
VERTEX
8
0
10
150.304000000001
20
17.5233964715708
30
0
0
VERTEX
8
0
10
150.752000000001
20
17.4896257830351
30
0
0
VERTEX
8
0
10
151.200000000001
20
17.4553251899478
30
0
0
VERTEX
8
0
10
151.648000000001
20
17.4204996616644
30
0
0
VERTEX
8
0
10
152.096000000001
20
17.3851542642883
30
0
0
VERTEX
8
0
10
152.544000000001
20
17.3492941671087
30
0
0
VERTEX
8
0
10
152.992000000001
20
17.3129246492596
30
0
0
VERTEX
8
0
10
153.440000000001
20
17.2760511066506
30
0
0
VERTEX
8
0
10
153.888000000001
20
17.2386790591693
30
0
0
VERTEX
8
0
10
154.336000000001
20
17.2008141581824
30
0
0
VERTEX
8
0
10
154.784000000001
20
17.1624621943564
30
0
0
VERTEX
8
0
10
155.232000000001
20
17.1236291058224
30
0
0
VERTEX
8
0
10
155.680000000001
20
17.0843209867104
30
0
0
VERTEX
8
0
10
156.128000000001
20
17.0445440960739
30
0
0
VERTEX
8
0
10
156.576000000001
20
17.0043048672479
30
0
0
VERTEX
8
0
10
157.024000000001
20
16.9636099176597
30
0
0
VERTEX
8
0
10
157.472000000001
20
16.922466059131
30
0
0
VERTEX
8
0
10
157.920000000001
20
16.8808803087126
30
0
0
VERTEX
8
0
10
158.368000000001
20
16.8388599000872
30
0
0
VERTEX
8
0
10
158.816000000001
20
16.7964122955897
30
0
0
VERTEX
8
0
10
159.264000000001
20
16.7535451988891
30
0
0
VERTEX
8
0
10
159.712000000001
20
16.7102665683936
30
0
0
VERTEX
8
0
10
160.160000000001
20
16.666584631429
30
0
0
VERTEX
8
0
10
160.608000000001
20
16.6225078992638
30
0
0
VERTEX
8
0
10
161.056000000001
20
16.5780451830485
30
0
0
VERTEX
8
0
10
161.504000000001
20
16.5332056107528
30
0
0
VERTEX
8
0
10
161.952000000001
20
16.4879986451887
30
0
0
VERTEX
8
0
10
162.400000000001
20
16.4424341032201
30
0
0
VERTEX
8
0
10
162.848000000001
20
16.3965221762722
30
0
0
VERTEX
8
0
10
163.296000000001
20
16.3502734522655
30
0
0
VERTEX
8
0
10
163.744000000001
20
16.3036989391179
30
0
0
VERTEX
8
0
10
164.192000000001
20
16.2568100899772
30
0
0
VERTEX
8
0
10
164.640000000001
20
16.2096188303663
30
0
0
VERTEX
8
0
10
165.088000000001
20
16.1621375874522
30
0
0
VERTEX
8
0
10
165.536000000001
20
16.1143793216799
30
0
0
VERTEX
8
0
10
165.984000000001
20
16.0663575610471
30
0
0
VERTEX
8
0
10
166.432000000001
20
16.0180864383449
30
0
0
VERTEX
8
0
10
166.880000000001
20
15.9695807317353
30
0
0
VERTEX
8
0
10
167.328000000001
20
15.9208559091075
30
0
0
VERTEX
8
0
10
167.776000000001
20
15.8719281767275
30
0
0
VERTEX
8
0
10
168.224000000001
20
15.8228145327954
30
0
0
VERTEX
8
0
10
168.672000000001
20
15.7735328266413
30
0
0
VERTEX
8
0
10
169.120000000001
20
15.7241018244376
30
0
0
VERTEX
8
0
10
169.568000000001
20
15.6745412824953
30
0
0
VERTEX
8
0
10
170.016000000001
20
15.6248720294425
30
0
0
SEQEND
8
0
0
POLYLINE
8
0
62
3
70
0
10
0
20
0
30
0
0
VERTEX
8
0
10
0.224
20
0
30
0
0
VERTEX
8
0
10
0.672
20
0.0623684985725598
30
0
0
VERTEX
8
0
10
1.12
20
0.223254831657649
30
0
0
VERTEX
8
0
10
1.568
20
0.355469240769809
30
0
0
VERTEX
8
0
10
2.016
20
0.481404831207708
30
0
0
VERTEX
8
0
10
2.464
20
0.601376852234453
30
0
0
VERTEX
8
0
10
2.912
20
0.716693829282107
30
0
0
VERTEX
8
0
10
3.36
20
0.829100405934834
30
0
0
VERTEX
8
0
10
3.808
20
0.940022160601436
30
0
0
VERTEX
8
0
10
4.256
20
1.05040142969471
30
0
0
VERTEX
8
0
10
4.704
20
1.16078016304578
30
0
0
VERTEX
8
0
10
5.152
20
1.27142939431636
30
0
0
VERTEX
8
0
10
5.6
20
1.38245699662653
30
0
0
VERTEX
8
0
10
6.048
20
1.49388166387382
30
0
0
VERTEX
8
0
10
6.496
20
1.6056787699448
30
0
0
VERTEX
8
0
10
6.944
20
1.71780674571733
30
0
0
VERTEX
8
0
10
7.392
20
1.83022115350374
30
0
0
VERTEX
8
0
10
7.84
20
1.94288145595941
30
0
0
VERTEX
8
0
10
8.288
20
2.05575367170045
30
0
0
VERTEX
8
0
10
8.736
20
2.16881085204691
30
0
0
VERTEX
8
0
10
9.184
20
2.28203250482581
30
0
0
VERTEX
8
0
10
9.632
20
2.39540359526242
30
0
0
VERTEX
8
0
10
10.08
20
2.50891345890432
30
0
0
VERTEX
8
0
10
10.528
20
2.62255479093598
30
0
0
VERTEX
8
0
10
10.976
20
2.73632278097043
30
0
0
VERTEX
8
0
10
11.424
20
2.85021441023263
30
0
0
VERTEX
8
0
10
11.872
20
2.96422790251776
30
0
0
VERTEX
8
0
10
12.32
20
3.07836230904993
30
0
0
VERTEX
8
0
10
12.768
20
3.19261720356573
30
0
0
VERTEX
8
0
10
13.216
20
3.30699246501992
30
0
0
VERTEX
8
0
10
13.664
20
3.42148812787225
30
0
0
VERTEX
8
0
10
14.112
20
3.53610428285085
30
0
0
VERTEX
8
0
10
14.56
20
3.65084101479695
30
0
0
VERTEX
8
0
10
15.008
20
3.76569836694175
30
0
0
VERTEX
8
0
10
15.456
20
3.88067632333295
30
0
0
VERTEX
8
0
10
15.904
20
3.99577480358027
30
0
0
VERTEX
8
0
10
16.352
20
4.11099366524482
30
0
0
VERTEX
8
0
10
16.8
20
4.22633271096659
30
0
0
VERTEX
8
0
10
17.248
20
4.34179169795515
30
0
0
VERTEX
8
0
10
17.696
20
4.45737034834423
30
0
0
VERTEX
8
0
10
18.144
20
4.57306835964855
30
0
0
VERTEX
8
0
10
18.592
20
4.68888541450123
30
0
0
VERTEX
8
0
10
19.04
20
4.8048211894844
30
0
0
VERTEX
8
0
10
19.488
20
4.92087536285229
30
0
0
VERTEX
8
0
10
19.936
20
5.03704762116988
30
0
0
VERTEX
8
0
10
20.384
20
5.15333766476947
30
0
0
VERTEX
8
0
10
20.832
20
5.2697452123187
30
0
0
VERTEX
8
0
10
21.28
20
5.38627000441145
30
0
0
VERTEX
8
0
10
21.728
20
5.50291180639861
30
0
0
VERTEX
8
0
10
22.176
20
5.61967041058169
30
0
0
VERTEX
8
0
10
22.624
20
5.73654563776199
30
0
0
VERTEX
8
0
10
23.072
20
5.85353733843092
30
0
0
VERTEX
8
0
10
23.52
20
5.97064539346852
30
0
0
VERTEX
8
0
10
23.968
20
6.08786971461493
30
0
0
VERTEX
8
0
10
24.416
20
6.20521024465755
30
0
0
VERTEX
8
0
10
24.864
20
6.3226669574332
30
0
0
VERTEX
8
0
10
25.312
20
6.44023985772871
30
0
0
VERTEX
8
0
10
25.76
20
6.55792898098141
30
0
0
VERTEX
8
0
10
26.208
20
6.67573439301639
30
0
0
VERTEX
8
0
10
26.656
20
6.79365618963396
30
0
0
VERTEX
8
0
10
27.104
20
6.9116944962438
30
0
0
VERTEX
8
0
10
27.552
20
7.02984946741955
30
0
0
VERTEX
8
0
10
28
20
7.14812128649598
30
0
0
VERTEX
8
0
10
28.448
20
7.26651016517117
30
0
0
VERTEX
8
0
10
28.896
20
7.38501634307689
30
0
0
VERTEX
8
0
10
29.344
20
7.50364008743377
30
0
0
VERTEX
8
0
10
29.792
20
7.62238169269743
30
0
0
VERTEX
8
0
10
30.24
20
7.7412414802129
30
0
0
VERTEX
8
0
10
30.688
20
7.86021979795278
30
0
0
VERTEX
8
0
10
31.136
20
7.97931702025218
30
0
0
VERTEX
8
0
10
31.584
20
8.0985335475794
30
0
0
VERTEX
8
0
10
32.032
20
8.21786980634382
30
0
0
VERTEX
8
0
10
32.48
20
8.33732624873145
30
0
0
VERTEX
8
0
10
32.928
20
8.45690335260193
30
0
0
VERTEX
8
0
10
33.376
20
8.57660162139476
30
0
0
VERTEX
8
0
10
33.824
20
8.69642158406597
30
0
0
VERTEX
8
0
10
34.2719999999999
20
8.81636379507442
30
0
0
VERTEX
8
0
10
34.7199999999999
20
8.93642883439161
30
0
0
VERTEX
8
0
10
35.168
20
9.05661730756477
30
0
0
VERTEX
8
0
10
35.6159999999999
20
9.17692984576016
30
0
0
VERTEX
8
0
10
36.0639999999999
20
9.29736710592337
30
0
0
VERTEX
8
0
10
36.5119999999999
20
9.41792977088399
30
0
0
VERTEX
8
0
10
36.9599999999999
20
9.53861854955365
30
0
0
VERTEX
8
0
10
37.4079999999999
20
9.65943417713977
30
0
0
VERTEX
8
0
10
37.8559999999999
20
9.78037741536902
30
0
0
VERTEX
8
0
10
38.3039999999999
20
9.90144905278768
30
0
0
VERTEX
8
0
10
38.7519999999999
20
10.0226499050527
30
0
0
VERTEX
8
0
10
39.1999999999999
20
10.1439808152757
30
0
0
VERTEX
8
0
10
39.6479999999999
20
10.2654426543941
30
0
0
VERTEX
8
0
10
40.0959999999999
20
10.387036321606
30
0
0
VERTEX
8
0
10
40.5439999999999
20
10.5087627447603
30
0
0
VERTEX
8
0
10
40.9919999999999
20
10.6306228809032
30
0
0
VERTEX
8
0
10
41.4399999999999
20
10.7526177167309
30
0
0
VERTEX
8
0
10
41.8879999999999
20
10.8747482691571
30
0
0
VERTEX
8
0
10
42.3359999999999
20
10.9970155859296
30
0
0
VERTEX
8
0
10
42.7839999999999
20
11.1194207462148
30
0
0
VERTEX
8
0
10
43.2319999999999
20
11.2419648612703
30
0
0
VERTEX
8
0
10
43.6799999999999
20
11.3646490751906
30
0
0
VERTEX
8
0
10
44.1279999999999
20
11.4874745655832
30
0
0
VERTEX
8
0
10
44.5759999999999
20
11.610442544431
30
0
0
VERTEX
8
0
10
45.0239999999999
20
11.7335542588577
30
0
0
VERTEX
8
0
10
45.4719999999999
20
11.856810992084
30
0
0
VERTEX
8
0
10
45.9199999999999
20
11.9802140642871
30
0
0
VERTEX
8
0
10
46.3679999999999
20
12.1037648336287
30
0
0
VERTEX
8
0
10
46.8159999999999
20
12.2274646972718
30
0
0
VERTEX
8
0
10
47.2639999999999
20
12.3513150924734
30
0
0
VERTEX
8
0
10
47.7119999999999
20
12.4753174977135
30
0
0
VERTEX
8
0
10
48.1599999999999
20
12.5994734339169
30
0
0
VERTEX
8
0
10
48.6079999999999
20
12.7237844657302
30
0
0
VERTEX
8
0
10
49.0559999999999
20
12.8482522028319
30
0
0
VERTEX
8
0
10
49.5039999999999
20
12.9728783013497
30
0
0
VERTEX
8
0
10
49.9519999999999
20
13.0976644653579
30
0
0
VERTEX
8
0
10
50.3999999999999
20
13.2226124483823
30
0
0
VERTEX
8
0
10
50.8479999999999
20
13.3477240550824
30
0
0
VERTEX
8
0
10
51.2959999999999
20
13.4730011429553
30
0
0
VERTEX
8
0
10
51.7439999999999
20
13.5984456241308
30
0
0
VERTEX
8
0
10
52.1919999999999
20
13.7240594673178
30
0
0
VERTEX
8
0
10
52.6399999999999
20
13.8498446997693
30
0
0
VERTEX
8
0
10
53.0879999999999
20
13.9758034094238
30
0
0
VERTEX
8
0
10
53.5359999999999
20
14.1019377471333
30
0
0
VERTEX
8
0
10
53.9839999999999
20
14.2282499289869
30
0
0
VERTEX
8
0
10
54.4319999999999
20
14.3547422388324
30
0
0
VERTEX
8
0
10
54.8799999999999
20
14.4814170308373
30
0
0
VERTEX
8
0
10
55.3279999999999
20
14.6082767322891
30
0
0
VERTEX
8
0
10
55.7759999999999
20
14.7353238464864
30
0
0
VERTEX
8
0
10
56.2239999999999
20
14.8625609558273
30
0
0
VERTEX
8
0
10
56.6719999999999
20
14.989990725043
30
0
0
VERTEX
8
0
10
57.1199999999999
20
15.1176159046563
30
0
0
VERTEX
8
0
10
57.5679999999999
20
15.245439334613
30
0
0
VERTEX
8
0
10
58.0159999999999
20
15.3734639481367
30
0
0
VERTEX
8
0
10
58.4639999999999
20
15.501692775821
30
0
0
VERTEX
8
0
10
58.9119999999999
20
15.6301289499498
30
0
0
VERTEX
8
0
10
59.3599999999999
20
15.758775709107
30
0
0
VERTEX
8
0
10
59.8079999999999
20
15.8876364030446
30
0
0
VERTEX
8
0
10
60.2559999999999
20
16.0167144978759
30
0
0
VERTEX
8
0
10
60.7039999999999
20
16.1460135815969
30
0
0
VERTEX
8
0
10
61.1519999999999
20
16.2755373699719
30
0
0
VERTEX
8
0
10
61.5999999999999
20
16.405289712751
30
0
0
VERTEX
8
0
10
62.0479999999998
20
16.5352746004061
30
0
0
VERTEX
8
0
10
62.4959999999998
20
16.6654961711834
30
0
0
VERTEX
8
0
10
62.9439999999998
20
16.7959587187968
30
0
0
VERTEX
8
0
10
63.3919999999998
20
16.926666700493
30
0
0
VERTEX
8
0
10
63.8399999999998
20
17.057624745816
30
0
0
VERTEX
8
0
10
64.2879999999998
20
17.1888376659533
30
0
0
VERTEX
8
0
10
64.7359999999998
20
17.3203104637197
30
0
0
VERTEX
8
0
10
65.1839999999998
20
17.4520483443718
30
0
0
VERTEX
8
0
10
65.6319999999998
20
17.584056727176
30
0
0
VERTEX
8
0
10
66.0799999999998
20
17.7163412578806
30
0
0
VERTEX
8
0
10
66.5279999999998
20
17.8489078221574
30
0
0
VERTEX
8
0
10
66.9759999999998
20
17.9817625601815
30
0
0
VERTEX
8
0
10
67.4239999999998
20
18.1149118822858
30
0
0
VERTEX
8
0
10
67.8719999999998
20
18.248362485998
30
0
0
VERTEX
8
0
10
68.3199999999998
20
18.3821213744937
30
0
0
VERTEX
8
0
10
68.7679999999998
20
18.5161958766344
30
0
0
VERTEX
8
0
10
69.2159999999998
20
18.650593668799
30
0
0
VERTEX
8
0
10
69.6639999999998
20
18.7853227986456
30
0
0
VERTEX
8
0
10
70.1119999999998
20
18.9203917110902
30
0
0
VERTEX
8
0
10
70.5599999999998
20
19.0558092767011
30
0
0
VERTEX
8
0
10
71.0079999999998
20
19.1915848228683
30
0
0
VERTEX
8
0
10
71.4559999999998
20
19.3277281679981
30
0
0
VERTEX
8
0
10
71.9039999999998
20
19.46424965919
30
0
0
VERTEX
8
0
10
72.3519999999998
20
19.6011602138043
30
0
0
VERTEX
8
0
10
72.7999999999998
20
19.7384713654282
30
0
0
VERTEX
8
0
10
73.2479999999998
20
19.876195314868
30
0
0
VERTEX
8
0
10
73.6959999999998
20
20.0143449868153
30
0
0
VERTEX
8
0
10
74.1439999999998
20
20.1529340930561
30
0
0
VERTEX
8
0
10
74.5919999999999
20
20.2919772031236
30
0
0
VERTEX
8
0
10
75.0399999999999
20
20.4314898235698
30
0
0
VERTEX
8
0
10
75.4879999999999
20
20.5714884871503
30
0
0
VERTEX
8
0
10
75.9359999999999
20
20.7119908535862
30
0
0
VERTEX
8
0
10
76.3839999999999
20
20.8530158237193
30
0
0
VERTEX
8
0
10
76.8319999999999
20
20.9945836694754
30
0
0
VERTEX
8
0
10
77.2799999999999
20
21.136716182365
30
0
0
VERTEX
8
0
10
77.7279999999999
20
21.2794368439291
30
0
0
VERTEX
8
0
10
78.1759999999999
20
21.4227710223606
30
0
0
VERTEX
8
0
10
78.6239999999999
20
21.5667462005003
30
0
0
VERTEX
8
0
10
79.0719999999999
20
21.7113922415935
30
0
0
VERTEX
8
0
10
79.5199999999999
20
21.8567417010599
30
0
0
VERTEX
8
0
10
79.9679999999999
20
22.0028301944976
30
0
0
VERTEX
8
0
10
80.4159999999999
20
22.1496968352435
30
0
0
VERTEX
8
0
10
80.8639999999999
20
22.2973847585476
30
0
0
VERTEX
8
0
10
81.312
20
22.4459417549029
30
0
0
VERTEX
8
0
10
81.76
20
22.5954210422889
30
0
0
VERTEX
8
0
10
82.208
20
22.7458822174908
30
0
0
VERTEX
8
0
10
82.656
20
22.8973924413641
30
0
0
VERTEX
8
0
10
83.104
20
23.0500279343248
30
0
0
VERTEX
8
0
10
83.552
20
23.2038758903393
30
0
0
VERTEX
8
0
10
84
20
23.3590369661678
30
0
0
VERTEX
8
0
10
84.448
20
23.5156285788814
30
0
0
VERTEX
8
0
10
84.896
20
23.6737893675792
30
0
0
VERTEX
8
0
10
85.344
20
23.8336853813884
30
0
0
VERTEX
8
0
10
85.792
20
23.9955189156955
30
0
0
VERTEX
8
0
10
86.24
20
24.1595415783032
30
0
0
VERTEX
8
0
10
86.688
20
24.326074442524
30
0
0
VERTEX
8
0
10
87.136
20
24.4955407446925
30
0
0
VERTEX
8
0
10
87.584
20
24.6685220443479
30
0
0
VERTEX
8
0
10
88.0320000000001
20
24.845859399692
30
0
0
VERTEX
8
0
10
88.4800000000001
20
25.0288299710227
30
0
0
VERTEX
8
0
10
88.9280000000001
20
25.2193164098357
30
0
0
VERTEX
8
0
10
89.3760000000001
20
25.4187861360281
30
0
0
VERTEX
8
0
10
89.8240000000001
20
25.6225088392242
30
0
0
VERTEX
8
0
10
90.2720000000001
20
25.8189931169512
30
0
0
VERTEX
8
0
10
90.7200000000001
20
26.0041139872822
30
0
0
VERTEX
8
0
10
91.1680000000001
20
26.1797059359811
30
0
0
VERTEX
8
0
10
91.6160000000001
20
26.3478291038672
30
0
0
VERTEX
8
0
10
92.0640000000001
20
26.5098737538399
30
0
0
VERTEX
8
0
10
92.5120000000001
20
26.6667661862157
30
0
0
VERTEX
8
0
10
92.9600000000001
20
26.8191567074509
30
0
0
VERTEX
8
0
10
93.4080000000001
20
26.9675259765991
30
0
0
VERTEX
8
0
10
93.8560000000001
20
27.1122441841546
30
0
0
VERTEX
8
0
10
94.3040000000001
20
27.2536057127406
30
0
0
VERTEX
8
0
10
94.7520000000001
20
27.3918506404392
30
0
0
VERTEX
8
0
10
95.2000000000001
20
27.5271787732437
30
0
0
VERTEX
8
0
10
95.6480000000002
20
27.6597591955903
30
0
0
VERTEX
8
0
10
96.0960000000002
20
27.789737000923
30
0
0
VERTEX
8
0
10
96.5440000000002
20
27.9172381750968
30
0
0
VERTEX
8
0
10
96.9920000000002
20
28.0423732280846
30
0
0
VERTEX
8
0
10
97.4400000000002
20
28.1652399526375
30
0
0
VERTEX
8
0
10
97.8880000000002
20
28.2859255585971
30
0
0
VERTEX
8
0
10
98.3360000000002
20
28.4045083509782
30
0
0
VERTEX
8
0
10
98.7840000000002
20
28.5210590682624
30
0
0
VERTEX
8
0
10
99.2320000000002
20
28.6356419633081
30
0
0
VERTEX
8
0
10
99.6800000000002
20
28.7483156863998
30
0
0
VERTEX
8
0
10
100.128
20
28.8591340140862
30
0
0
VERTEX
8
0
10
100.576
20
28.9681464564128
30
0
0
VERTEX
8
0
10
101.024
20
29.0753987671824
30
0
0
VERTEX
8
0
10
101.472
20
29.1809333761397
30
0
0
VERTEX
8
0
10
101.92
20
29.2847897576851
30
0
0
VERTEX
8
0
10
102.368
20
29.3870047476644
30
0
0
VERTEX
8
0
10
102.816
20
29.4876128172693
30
0
0
VERTEX
8
0
10
103.264
20
29.5866463113555
30
0
0
VERTEX
8
0
10
103.712
20
29.6841356570213
30
0
0
VERTEX
8
0
10
104.16
20
29.780109547298
30
0
0
VERTEX
8
0
10
104.608
20
29.874595103814
30
0
0
VERTEX
8
0
10
105.056
20
29.9676180217857
30
0
0
VERTEX
8
0
10
105.504
20
30.0592027000605
30
0
0
VERTEX
8
0
10
105.952
20
30.149372358577
30
0
0
VERTEX
8
0
10
106.4
20
30.2381491453046
30
0
0
VERTEX
8
0
10
106.848
20
30.3255542344662
30
0
0
VERTEX
8
0
10
107.296
20
30.4116079177142
30
0
0
VERTEX
8
0
10
107.744
20
30.4963296898488
30
0
0
VERTEX
8
0
10
108.192
20
30.5797383306105
30
0
0
VERTEX
8
0
10
108.64
20
30.6618519842082
30
0
0
VERTEX
8
0
10
109.088
20
30.7426882383628
30
0
0
VERTEX
8
0
10
109.536
20
30.822264205
30
0
0
VERTEX
8
0
10
109.984
20
30.9005966052197
30
0
0
VERTEX
8
0
10
110.432
20
30.9777018619831
30
0
0
VERTEX
8
0
10
110.88
20
31.0535962052984
30
0
0
VERTEX
8
0
10
111.328
20
31.1282957966804
30
0
0
VERTEX
8
0
10
111.776
20
31.201816883108
30
0
0
VERTEX
8
0
10
112.224
20
31.2741759962753
30
0
0
VERTEX
8
0
10
112.672
20
31.3453902226953
30
0
0
VERTEX
8
0
10
113.12
20
31.4154775874678
30
0
0
VERTEX
8
0
10
113.568
20
31.4844576253728
30
0
0
VERTEX
8
0
10
114.016
20
31.5523522665299
30
0
0
VERTEX
8
0
10
114.464
20
31.6191872392479
30
0
0
VERTEX
8
0
10
114.912
20
31.6849941915015
30
0
0
VERTEX
8
0
10
115.36
20
31.7498129648962
30
0
0
VERTEX
8
0
10
115.808
20
31.8136884181338
30
0
0
VERTEX
8
0
10
116.256
20
31.8766368929349
30
0
0
VERTEX
8
0
10
116.704
20
31.9385532643129
30
0
0
VERTEX
8
0
10
117.152
20
31.9992151982025
30
0
0
VERTEX
8
0
10
117.6
20
32.0584998743704
30
0
0
VERTEX
8
0
10
118.048
20
32.1164239222858
30
0
0
VERTEX
8
0
10
118.496
20
32.1730422167673
30
0
0
VERTEX
8
0
10
118.944
20
32.2284040732888
30
0
0
VERTEX
8
0
10
119.392
20
32.2825481247096
30
0
0
VERTEX
8
0
10
119.840000000001
20
32.3355048889462
30
0
0
VERTEX
8
0
10
120.288000000001
20
32.38729936071
30
0
0
VERTEX
8
0
10
120.736000000001
20
32.4379527508115
30
0
0
VERTEX
8
0
10
121.184000000001
20
32.4874835878158
30
0
0
VERTEX
8
0
10
121.632000000001
20
32.5359084260528
30
0
0
VERTEX
8
0
10
122.080000000001
20
32.583242316289
30
0
0
VERTEX
8
0
10
122.528000000001
20
32.6294991301916
30
0
0
VERTEX
8
0
10
122.976000000001
20
32.6746917917477
30
0
0
VERTEX
8
0
10
123.424000000001
20
32.7188324473002
30
0
0
VERTEX
8
0
10
123.872000000001
20
32.7619325938183
30
0
0
VERTEX
8
0
10
124.320000000001
20
32.8040031779009
30
0
0
VERTEX
8
0
10
124.768000000001
20
32.8450546737351
30
0
0
VERTEX
8
0
10
125.216000000001
20
32.8850971455966
30
0
0
VERTEX
8
0
10
125.664000000001
20
32.9241402987679
30
0
0
VERTEX
8
0
10
126.112000000001
20
32.9621935216014
30
0
0
VERTEX
8
0
10
126.560000000001
20
32.9992659207432
30
0
0
VERTEX
8
0
10
127.008000000001
20
33.0353663509614
30
0
0
VERTEX
8
0
10
127.456000000001
20
33.0705034406962
30
0
0
VERTEX
8
0
10
127.904000000001
20
33.1046856141373
30
0
0
VERTEX
8
0
10
128.352000000001
20
33.1379211105032
30
0
0
VERTEX
8
0
10
128.800000000001
20
33.1702180009953
30
0
0
VERTEX
8
0
10
129.248000000001
20
33.2015842038385
30
0
0
VERTEX
8
0
10
129.696000000001
20
33.2320274977064
30
0
0
VERTEX
8
0
10
130.144000000001
20
33.2615555338001
30
0
0
VERTEX
8
0
10
130.592000000001
20
33.2901758467679
30
0
0
VERTEX
8
0
10
131.040000000001
20
33.3178958646464
30
0
0
VERTEX
8
0
10
131.488000000001
20
33.3447229179516
30
0
0
VERTEX
8
0
10
131.936000000001
20
33.3706642480409
30
0
0
VERTEX
8
0
10
132.384000000001
20
33.3957270148415
30
0
0
VERTEX
8
0
10
132.832000000001
20
33.419918304012
30
0
0
VERTEX
8
0
10
133.280000000001
20
33.4432451336322
30
0
0
VERTEX
8
0
10
133.728000000001
20
33.4657144604509
30
0
0
VERTEX
8
0
10
134.176000000001
20
33.4873331857598
30
0
0
VERTEX
8
0
10
134.624000000001
20
33.5081081609323
30
0
0
VERTEX
8
0
10
135.072000000001
20
33.5280461926583
30
0
0
VERTEX
8
0
10
135.520000000001
20
33.5471540479173
30
0
0
VERTEX
8
0
10
135.968000000001
20
33.565438458708
30
0
0
VERTEX
8
0
10
136.416000000001
20
33.5829061265689
30
0
0
VERTEX
8
0
10
136.864000000001
20
33.599563726905
30
0
0
VERTEX
8
0
10
137.312000000001
20
33.6154179131438
30
0
0
VERTEX
8
0
10
137.760000000001
20
33.6304753207325
30
0
0
VERTEX
8
0
10
138.208000000001
20
33.6447425710072
30
0
0
VERTEX
8
0
10
138.656000000001
20
33.6582262749227
30
0
0
VERTEX
8
0
10
139.104000000001
20
33.6709330366835
30
0
0
VERTEX
8
0
10
139.552000000001
20
33.6828694572626
30
0
0
VERTEX
8
0
10
140.000000000001
20
33.694042137842
30
0
0
VERTEX
8
0
10
140.448000000001
20
33.7044576831628
30
0
0
VERTEX
8
0
10
140.896000000001
20
33.7141227048121
30
0
0
VERTEX
8
0
10
141.344000000001
20
33.7230438244348
30
0
0
VERTEX
8
0
10
141.792000000001
20
33.731227676905
30
0
0
VERTEX
8
0
10
142.240000000001
20
33.738680913434
30
0
0
VERTEX
8
0
10
142.688000000001
20
33.7454102046475
30
0
0
VERTEX
8
0
10
143.136000000001
20
33.7514222436177
30
0
0
VERTEX
8
0
10
143.584000000001
20
33.7567237488715
30
0
0
VERTEX
8
0
10
144.032000000001
20
33.761321467372
30
0
0
VERTEX
8
0
10
144.480000000001
20
33.7652221774802
30
0
0
VERTEX
8
0
10
144.928000000001
20
33.7684326919026
30
0
0
VERTEX
8
0
10
145.376000000001
20
33.7709598606319
30
0
0
VERTEX
8
0
10
145.824000000001
20
33.7728105738828
30
0
0
VERTEX
8
0
10
146.272000000001
20
33.7739917650211
30
0
0
VERTEX
8
0
10
146.720000000001
20
33.774510413512
30
0
0
VERTEX
8
0
10
147.168000000001
20
33.7743735478643
30
0
0
VERTEX
8
0
10
147.616000000001
20
33.7735882485966
30
0
0
VERTEX
8
0
10
148.064000000001
20
33.7721616512179
30
0
0
VERTEX
8
0
10
148.512000000001
20
33.7701009492352
30
0
0
VERTEX
8
0
10
148.960000000001
20
33.7674133971842
30
0
0
VERTEX
8
0
10
149.408000000001
20
33.7641063136963
30
0
0
VERTEX
8
0
10
149.856000000001
20
33.7601870846008
30
0
0
VERTEX
8
0
10
150.304000000001
20
33.7556631660677
30
0
0
VERTEX
8
0
10
150.752000000001
20
33.7505420877993
30
0
0
VERTEX
8
0
10
151.200000000001
20
33.7448314562751
30
0
0
VERTEX
8
0
10
151.648000000001
20
33.7385389580503
30
0
0
VERTEX
8
0
10
152.096000000001
20
33.7316723631169
30
0
0
VERTEX
8
0
10
152.544000000001
20
33.7242395283419
30
0
0
VERTEX
8
0
10
152.992000000001
20
33.7162484009691
30
0
0
VERTEX
8
0
10
153.440000000001
20
33.7077070222106
30
0
0
VERTEX
8
0
10
153.888000000001
20
33.6986235309237
30
0
0
VERTEX
8
0
10
154.336000000001
20
33.6890061673839
30
0
0
VERTEX
8
0
10
154.784000000001
20
33.6788632771628
30
0
0
VERTEX
8
0
10
155.232000000001
20
33.6682033151174
30
0
0
VERTEX
8
0
10
155.680000000001
20
33.6570348495022
30
0
0
VERTEX
8
0
10
156.128000000001
20
33.6453665662103
30
0
0
VERTEX
8
0
10
156.576000000001
20
33.633207273159
30
0
0
VERTEX
8
0
10
157.024000000001
20
33.6205659048283
30
0
0
VERTEX
8
0
10
157.472000000001
20
33.6074515269653
30
0
0
VERTEX
8
0
10
157.920000000001
20
33.5938733414688
30
0
0
VERTEX
8
0
10
158.368000000001
20
33.5798406914692
30
0
0
VERTEX
8
0
10
158.816000000001
20
33.565363066621
30
0
0
VERTEX
8
0
10
159.264000000001
20
33.5504501086237
30
0
0
VERTEX
8
0
10
159.712000000001
20
33.5351116169945
30
0
0
VERTEX
8
0
10
160.160000000001
20
33.5193575551136
30
0
0
VERTEX
8
0
10
160.608000000001
20
33.5031980565661
30
0
0
VERTEX
8
0
10
161.056000000001
20
33.4866434318101
30
0
0
VERTEX
8
0
10
161.504000000001
20
33.4697041752007
30
0
0
VERTEX
8
0
10
161.952000000001
20
33.452390972406
30
0
0
VERTEX
8
0
10
162.400000000001
20
33.4347147082514
30
0
0
VERTEX
8
0
10
162.848000000001
20
33.4166864750407
30
0
0
VERTEX
8
0
10
163.296000000001
20
33.3983175813987
30
0
0
VERTEX
8
0
10
163.744000000001
20
33.379619561698
30
0
0
VERTEX
8
0
10
164.192000000001
20
33.3606041861285
30
0
0
VERTEX
8
0
10
164.640000000001
20
33.341283471489
30
0
0
VERTEX
8
0
10
165.088000000001
20
33.3216696927835
30
0
0
VERTEX
8
0
10
165.536000000001
20
33.3017753957206
30
0
0
VERTEX
8
0
10
165.984000000001
20
33.2816134102309
30
0
0
VERTEX
8
0
10
166.432000000001
20
33.2611968651359
30
0
0
VERTEX
8
0
10
166.880000000001
20
33.2405392041212
30
0
0
VERTEX
8
0
10
167.328000000001
20
33.2196542032015
30
0
0
VERTEX
8
0
10
167.776000000001
20
33.1985559898904
30
0
0
VERTEX
8
0
10
168.224000000001
20
33.1772590643355
30
0
0
VERTEX
8
0
10
168.672000000001
20
33.1557783227276
30
0
0
VERTEX
8
0
10
169.120000000001
20
33.1341290833581
30
0
0
VERTEX
8
0
10
169.568000000001
20
33.1123271157789
30
0
0
VERTEX
8
0
10
170.016000000001
20
33.090388673622
30
0
0
SEQEND
8
0
0
POLYLINE
8
0
62
4
70
0
10
0
20
0
30
0
0
VERTEX
8
0
10
0.224
20
0.645790883422115
30
0
0
VERTEX
8
0
10
0.672
20
0.589349333114437
30
0
0
VERTEX
8
0
10
1.12
20
0.571684195854939
30
0
0
VERTEX
8
0
10
1.568
20
0.586528878705337
30
0
0
VERTEX
8
0
10
2.016
20
0.612510348728176
30
0
0
VERTEX
8
0
10
2.464
20
0.658653113848797
30
0
0
VERTEX
8
0
10
2.912
20
0.767768328419774
30
0
0
VERTEX
8
0
10
3.36
20
0.864353334357347
30
0
0
VERTEX
8
0
10
3.808
20
0.962340986397348
30
0
0
VERTEX
8
0
10
4.256
20
1.061356244842
30
0
0
VERTEX
8
0
10
4.704
20
1.24052909534025
30
0
0
VERTEX
8
0
10
5.152
20
1.42154554170596
30
0
0
VERTEX
8
0
10
5.6
20
1.60810221298144
30
0
0
VERTEX
8
0
10
6.048
20
1.79848371897614
30
0
0
VERTEX
8
0
10
6.496
20
1.99160055287485
30
0
0
VERTEX
8
0
10
6.944
20
2.39678837688483
30
0
0
VERTEX
8
0
10
7.392
20
2.77854033185806
30
0
0
VERTEX
8
0
10
7.84
20
3.17047952684194
30
0
0
VERTEX
8
0
10
8.288
20
3.49483184533239
30
0
0
VERTEX
8
0
10
8.736
20
3.81031547956295
30
0
0
VERTEX
8
0
10
9.184
20
4.12725260227044
30
0
0
VERTEX
8
0
10
9.632
20
4.44533548689743
30
0
0
VERTEX
8
0
10
10.08
20
4.76433759340662
30
0
0
VERTEX
8
0
10
10.528
20
4.51766341120157
30
0
0
VERTEX
8
0
10
10.976
20
4.36530288746999
30
0
0
VERTEX
8
0
10
11.424
20
4.22489851137365
30
0
0
VERTEX
8
0
10
11.872
20
4.0976828982633
30
0
0
VERTEX
8
0
10
12.32
20
3.9561519622655
30
0
0
VERTEX
8
0
10
12.768
20
3.84326354069917
30
0
0
VERTEX
8
0
10
13.216
20
3.75052193481989
30
0
0
VERTEX
8
0
10
13.664
20
3.67945469189112
30
0
0
VERTEX
8
0
10
14.112
20
3.60774044638194
30
0
0
VERTEX
8
0
10
14.56
20
3.57192558034819
30
0
0
VERTEX
8
0
10
15.008
20
3.56763430809013
30
0
0
VERTEX
8
0
10
15.456
20
3.56584292739474
30
0
0
VERTEX
8
0
10
15.904
20
3.56584292739474
30
0
0
VERTEX
8
0
10
16.352
20
3.7413178166236
30
0
0
VERTEX
8
0
10
16.8
20
3.84477396647441
30
0
0
VERTEX
8
0
10
17.248
20
3.94828800845049
30
0
0
VERTEX
8
0
10
17.696
20
4.05185896881698
30
0
0
VERTEX
8
0
10
18.144
20
4.15548596850366
30
0
0
VERTEX
8
0
10
18.592
20
4.25916821170991
30
0
0
VERTEX
8
0
10
19.04
20
4.36290497611775
30
0
0
VERTEX
8
0
10
19.488
20
4.46669560445386
30
0
0
VERTEX
8
0
10
19.936
20
4.89080944513245
30
0
0
VERTEX
8
0
10
20.384
20
5.54912295967101
30
0
0
VERTEX
8
0
10
20.832
20
5.3840118498508
30
0
0
VERTEX
8
0
10
21.28
20
5.95330191648171
30
0
0
VERTEX
8
0
10
21.728
20
6.65448873660327
30
0
0
VERTEX
8
0
10
22.176
20
6.42546477849312
30
0
0
VERTEX
8
0
10
22.624
20
6.24811444896565
30
0
0
VERTEX
8
0
10
23.072
20
6.67711033287131
30
0
0
VERTEX
8
0
10
23.52
20
7.06076437311092
30
0
0
VERTEX
8
0
10
23.968
20
6.70638776060079
30
0
0
VERTEX
8
0
10
24.416
20
6.51692437137173
30
0
0
VERTEX
8
0
10
24.864
20
6.96841720073948
30
0
0
VERTEX
8
0
10
25.312
20
7.35899839621843
30
0
0
VERTEX
8
0
10
25.76
20
6.93657857009091
30
0
0
VERTEX
8
0
10
26.208
20
6.72773382037864
30
0
0
VERTEX
8
0
10
26.656
20
7.12351582170011
30
0
0
VERTEX
8
0
10
27.104
20
7.38168474527186
30
0
0
VERTEX
8
0
10
27.552
20
7.26504360073108
30
0
0
VERTEX
8
0
10
28
20
7.0318295764029
30
0
0
VERTEX
8
0
10
28.448
20
7.14858496633311
30
0
0
VERTEX
8
0
10
28.896
20
7.2444811266434
30
0
0
VERTEX
8
0
10
29.344
20
7.34065560742448
30
0
0
VERTEX
8
0
10
29.792
20
6.96342372252912
30
0
0
VERTEX
8
0
10
30.24
20
6.96342372252912
30
0
0
VERTEX
8
0
10
30.688
20
7.07268128160836
30
0
0
VERTEX
8
0
10
31.136
20
7.17744604884287
30
0
0
VERTEX
8
0
10
31.584
20
7.28225662400497
30
0
0
VERTEX
8
0
10
32.032
20
7.38711295656101
30
0
0
VERTEX
8
0
10
32.48
20
7.49201499796665
30
0
0
VERTEX
8
0
10
32.928
20
7.59696270153277
30
0
0
VERTEX
8
0
10
33.376
20
7.7019560223018
30
0
0
VERTEX
8
0
10
33.824
20
7.80699491693401
30
0
0
VERTEX
8
0
10
34.2719999999999
20
7.91207934360276
30
0
0
VERTEX
8
0
10
34.7199999999999
20
8.01720926189764
30
0
0
VERTEX
8
0
10
35.168
20
8.12238463273551
30
0
0
VERTEX
8
0
10
35.6159999999999
20
8.22760541827734
30
0
0
VERTEX
8
0
10
36.0639999999999
20
8.33287158185234
30
0
0
VERTEX
8
0
10
36.5119999999999
20
8.43818308788672
30
0
0
VERTEX
8
0
10
36.9599999999999
20
8.54353990183819
30
0
0
VERTEX
8
0
10
37.4079999999999
20
8.64894199013507
30
0
0
VERTEX
8
0
10
37.8559999999999
20
8.75438932011931
30
0
0
VERTEX
8
0
10
38.3039999999999
20
8.85988185999416
30
0
0
VERTEX
8
0
10
38.7519999999999
20
8.96541957877506
30
0
0
VERTEX
8
0
10
39.1999999999999
20
9.07100244624382
30
0
0
VERTEX
8
0
10
39.6479999999999
20
9.26006629196557
30
0
0
VERTEX
8
0
10
40.0959999999999
20
9.51942695006688
30
0
0
VERTEX
8
0
10
40.5439999999999
20
9.84959845624799
30
0
0
VERTEX
8
0
10
40.9919999999999
20
10.2437374364454
30
0
0
VERTEX
8
0
10
41.4399999999999
20
10.6947752790992
30
0
0
VERTEX
8
0
10
41.8879999999999
20
11.1958386296141
30
0
0
VERTEX
8
0
10
42.3359999999999
20
11.376048915633
30
0
0
VERTEX
8
0
10
42.7839999999999
20
11.361018603565
30
0
0
VERTEX
8
0
10
43.2319999999999
20
11.3510741999262
30
0
0
VERTEX
8
0
10
43.6799999999999
20
11.3462303139042
30
0
0
VERTEX
8
0
10
44.1279999999999
20
11.4766720241624
30
0
0
VERTEX
8
0
10
44.5759999999999
20
11.611924341794
30
0
0
VERTEX
8
0
10
45.0239999999999
20
11.7473017824728
30
0
0
VERTEX
8
0
10
45.4719999999999
20
11.8828012504313
30
0
0
VERTEX
8
0
10
45.9199999999999
20
11.5489988660282
30
0
0
VERTEX
8
0
10
46.3679999999999
20
11.3769624446217
30
0
0
VERTEX
8
0
10
46.8159999999999
20
11.2555278798601
30
0
0
VERTEX
8
0
10
47.2639999999999
20
11.3077662064042
30
0
0
VERTEX
8
0
10
47.7119999999999
20
11.4029955365218
30
0
0
VERTEX
8
0
10
48.1599999999999
20
11.5945431863984
30
0
0
VERTEX
8
0
10
48.6079999999999
20
11.8133099923006
30
0
0
VERTEX
8
0
10
49.0559999999999
20
11.9767062007547
30
0
0
VERTEX
8
0
10
49.5039999999999
20
12.0782767742682
30
0
0
VERTEX
8
0
10
49.9519999999999
20
12.1799760756704
30
0
0
VERTEX
8
0
10
50.3999999999999
20
12.4155144174598
30
0
0
VERTEX
8
0
10
50.8479999999999
20
12.6858547879649
30
0
0
VERTEX
8
0
10
51.2959999999999
20
13.2518805470358
30
0
0
VERTEX
8
0
10
51.7439999999999
20
13.7998142260866
30
0
0
VERTEX
8
0
10
52.1919999999999
20
14.3947380259489
30
0
0
VERTEX
8
0
10
52.6399999999999
20
14.80821804738
30
0
0
VERTEX
8
0
10
53.0879999999999
20
15.0005868770534
30
0
0
VERTEX
8
0
10
53.5359999999999
20
15.1935507352943
30
0
0
VERTEX
8
0
10
53.9839999999999
20
15.3942647010524
30
0
0
VERTEX
8
0
10
54.4319999999999
20
15.5951178226465
30
0
0
VERTEX
8
0
10
54.8799999999999
20
15.8775116007246
30
0
0
VERTEX
8
0
10
55.3279999999999
20
16.1932461864553
30
0
0
VERTEX
8
0
10
55.7759999999999
20
16.4393349152172
30
0
0
VERTEX
8
0
10
56.2239999999999
20
16.650988782141
30
0
0
VERTEX
8
0
10
56.6719999999999
20
16.7524869596878
30
0
0
VERTEX
8
0
10
57.1199999999999
20
16.8202724311687
30
0
0
VERTEX
8
0
10
57.5679999999999
20
16.8885501119227
30
0
0
VERTEX
8
0
10
58.0159999999999
20
16.9097852557041
30
0
0
VERTEX
8
0
10
58.4639999999999
20
16.9461115839861
30
0
0
VERTEX
8
0
10
58.9119999999999
20
17.2492228915213
30
0
0
VERTEX
8
0
10
59.3599999999999
20
17.5389138356545
30
0
0
VERTEX
8
0
10
59.8079999999999
20
17.8364347311706
30
0
0
VERTEX
8
0
10
60.2559999999999
20
18.1385578578335
30
0
0
VERTEX
8
0
10
60.7039999999999
20
18.4429816215125
30
0
0
VERTEX
8
0
10
61.1519999999999
20
18.5106322562172
30
0
0
VERTEX
8
0
10
61.5999999999999
20
18.5940419426773
30
0
0
VERTEX
8
0
10
62.0479999999998
20
18.6777357188816
30
0
0
VERTEX
8
0
10
62.4959999999998
20
18.7617105307627
30
0
0
VERTEX
8
0
10
62.9439999999998
20
18.8459633660237
30
0
0
VERTEX
8
0
10
63.3919999999998
20
19.0373692235912
30
0
0
VERTEX
8
0
10
63.8399999999998
20
19.2373340370924
30
0
0
VERTEX
8
0
10
64.2879999999998
20
19.4376279564081
30
0
0
VERTEX
8
0
10
64.7359999999998
20
19.6538393144988
30
0
0
VERTEX
8
0
10
65.1839999999998
20
19.8657894047585
30
0
0
VERTEX
8
0
10
65.6319999999998
20
20.0781438801541
30
0
0
VERTEX
8
0
10
66.0799999999998
20
20.0772665503714
30
0
0
VERTEX
8
0
10
66.5279999999998
20
20.147406574903
30
0
0
VERTEX
8
0
10
66.9759999999998
20
20.2179399853898
30
0
0
VERTEX
8
0
10
67.4239999999998
20
20.3077204849958
30
0
0
VERTEX
8
0
10
67.8719999999998
20
20.3922614267676
30
0
0
VERTEX
8
0
10
68.3199999999998
20
20.7657992704975
30
0
0
VERTEX
8
0
10
68.7679999999998
20
21.0448001476866
30
0
0
VERTEX
8
0
10
69.2159999999998
20
21.3251284974404
30
0
0
VERTEX
8
0
10
69.6639999999998
20
21.6067333007934
30
0
0
VERTEX
8
0
10
70.1119999999998
20
21.8895659348032
30
0
0
VERTEX
8
0
10
70.5599999999998
20
22.1735800478855
30
0
0
VERTEX
8
0
10
71.0079999999998
20
21.8990540658402
30
0
0
VERTEX
8
0
10
71.4559999999998
20
21.8094367978218
30
0
0
VERTEX
8
0
10
71.9039999999998
20
21.7233568749192
30
0
0
VERTEX
8
0
10
72.3519999999998
20
21.6408571565352
30
0
0
VERTEX
8
0
10
72.7999999999998
20
21.5619793887703
30
0
0
VERTEX
8
0
10
73.2479999999998
20
21.6407637634691
30
0
0
VERTEX
8
0
10
73.6959999999998
20
21.822235711459
30
0
0
VERTEX
8
0
10
74.1439999999998
20
22.0038961535481
30
0
0
VERTEX
8
0
10
74.5919999999999
20
22.1857410918687
30
0
0
VERTEX
8
0
10
75.0399999999999
20
22.3677666539286
30
0
0
VERTEX
8
0
10
75.4879999999999
20
22.5499690878687
30
0
0
VERTEX
8
0
10
75.9359999999999
20
22.7323447579289
30
0
0
VERTEX
8
0
10
76.3839999999999
20
22.4978861748185
30
0
0
VERTEX
8
0
10
76.8319999999999
20
22.3629545356405
30
0
0
VERTEX
8
0
10
77.2799999999999
20
22.2341087077894
30
0
0
VERTEX
8
0
10
77.7279999999999
20
22.1114557140708
30
0
0
VERTEX
8
0
10
78.1759999999999
20
21.9950997933602
30
0
0
VERTEX
8
0
10
78.6239999999999
20
21.8851420252117
30
0
0
VERTEX
8
0
10
79.0719999999999
20
21.9617933038648
30
0
0
VERTEX
8
0
10
79.5199999999999
20
22.044417236291
30
0
0
VERTEX
8
0
10
79.9679999999999
20
22.1273301555226
30
0
0
VERTEX
8
0
10
80.4159999999999
20
22.2105294568439
30
0
0
VERTEX
8
0
10
80.8639999999999
20
22.294012563318
30
0
0
VERTEX
8
0
10
81.312
20
22.3777769255987
30
0
0
VERTEX
8
0
10
81.76
20
22.4618200217381
30
0
0
VERTEX
8
0
10
82.208
20
22.2423808535917
30
0
0
VERTEX
8
0
10
82.656
20
22.1146617887992
30
0
0
VERTEX
8
0
10
83.104
20
21.9967500174772
30
0
0
VERTEX
8
0
10
83.552
20
21.8888046725183
30
0
0
VERTEX
8
0
10
84
20
21.7909745095071
30
0
0
VERTEX
8
0
10
84.448
20
21.703396960812
30
0
0
VERTEX
8
0
10
84.896
20
22.0275993261232
30
0
0
VERTEX
8
0
10
85.344
20
22.510273866725
30
0
0
VERTEX
8
0
10
85.792
20
23.0183040180205
30
0
0
VERTEX
8
0
10
86.24
20
23.5500494915859
30
0
0
VERTEX
8
0
10
86.688
20
24.1039414022859
30
0
0
VERTEX
8
0
10
87.136
20
24.6784891706552
30
0
0
VERTEX
8
0
10
87.584
20
25.272284553379
30
0
0
VERTEX
8
0
10
88.0320000000001
20
25.8840031758232
30
0
0
VERTEX
8
0
10
88.4800000000001
20
26.0722931166954
30
0
0
VERTEX
8
0
10
88.9280000000001
20
26.3506167457269
30
0
0
VERTEX
8
0
10
89.3760000000001
20
26.6302384769399
30
0
0
VERTEX
8
0
10
89.8240000000001
20
26.9109132236759
30
0
0
VERTEX
8
0
10
90.2720000000001
20
27.19227747506
30
0
0
VERTEX
8
0
10
90.7200000000001
20
27.4741096743522
30
0
0
VERTEX
8
0
10
91.1680000000001
20
27.7563382689191
30
0
0
VERTEX
8
0
10
91.6160000000001
20
27.4949596472283
30
0
0
VERTEX
8
0
10
92.0640000000001
20
27.3324989788481
30
0
0
VERTEX
8
0
10
92.5120000000001
20
27.1746986941529
30
0
0
VERTEX
8
0
10
92.9600000000001
20
27.0216358750161
30
0
0
VERTEX
8
0
10
93.4080000000001
20
26.8733869813924
30
0
0
VERTEX
8
0
10
93.8560000000001
20
26.7300276622958
30
0
0
VERTEX
8
0
10
94.3040000000001
20
26.591632589355
30
0
0
VERTEX
8
0
10
94.7520000000001
20
26.5743035390011
30
0
0
VERTEX
8
0
10
95.2000000000001
20
26.6448973155727
30
0
0
VERTEX
8
0
10
95.6480000000002
20
26.7148816329436
30
0
0
VERTEX
8
0
10
96.0960000000002
20
26.7842571292257
30
0
0
VERTEX
8
0
10
96.5440000000002
20
26.8530244543529
30
0
0
VERTEX
8
0
10
96.9920000000002
20
26.9211842702315
30
0
0
VERTEX
8
0
10
97.4400000000002
20
26.9783379487809
30
0
0
VERTEX
8
0
10
97.8880000000002
20
27.0348671330682
30
0
0
VERTEX
8
0
10
98.3360000000002
20
27.0908876740982
30
0
0
VERTEX
8
0
10
98.7840000000002
20
27.1463989944054
30
0
0
VERTEX
8
0
10
99.2320000000002
20
27.2014005526787
30
0
0
VERTEX
8
0
10
99.6800000000002
20
27.2558918434459
30
0
0
VERTEX
8
0
10
100.128
20
27.2819767679059
30
0
0
VERTEX
8
0
10
100.576
20
27.306967652123
30
0
0
VERTEX
8
0
10
101.024
20
27.3318291662253
30
0
0
VERTEX
8
0
10
101.472
20
27.3565583254784
30
0
0
VERTEX
8
0
10
101.92
20
27.3811522145848
30
0
0
VERTEX
8
0
10
102.368
20
27.4056079873824
30
0
0
VERTEX
8
0
10
102.816
20
27.404544903988
30
0
0
VERTEX
8
0
10
103.264
20
27.4059467740921
30
0
0
VERTEX
8
0
10
103.712
20
27.4076664680095
30
0
0
VERTEX
8
0
10
104.16
20
27.4097009601411
30
0
0
VERTEX
8
0
10
104.608
20
27.4120472762695
30
0
0
VERTEX
8
0
10
105.056
20
27.4147024940336
30
0
0
VERTEX
8
0
10
105.504
20
27.4176637433906
30
0
0
VERTEX
8
0
10
105.952
20
27.5851464703414
30
0
0
VERTEX
8
0
10
106.4
20
27.6984195188207
30
0
0
VERTEX
8
0
10
106.848
20
27.8110795791892
30
0
0
VERTEX
8
0
10
107.296
20
27.9231315848698
30
0
0
VERTEX
8
0
10
107.744
20
28.0345804117181
30
0
0
VERTEX
8
0
10
108.192
20
28.1454308803671
30
0
0
VERTEX
8
0
10
108.64
20
28.2556877584897
30
0
0
VERTEX
8
0
10
109.088
20
28.3653557629846
30
0
0
VERTEX
8
0
10
109.536
20
28.4744395620856
30
0
0
VERTEX
8
0
10
109.984
20
28.2995607786755
30
0
0
VERTEX
8
0
10
110.432
20
28.1826122923137
30
0
0
VERTEX
8
0
10
110.88
20
28.0704899339065
30
0
0
VERTEX
8
0
10
111.328
20
27.963249830523
30
0
0
VERTEX
8
0
10
111.776
20
27.8609464891267
30
0
0
VERTEX
8
0
10
112.224
20
27.7636326690628
30
0
0
VERTEX
8
0
10
112.672
20
27.6713592552679
30
0
0
VERTEX
8
0
10
113.12
20
27.5841751327682
30
0
0
VERTEX
8
0
10
113.568
20
27.5021270628712
30
0
0
VERTEX
8
0
10
114.016
20
27.7652617680825
30
0
0
VERTEX
8
0
10
114.464
20
27.9973369606469
30
0
0
VERTEX
8
0
10
114.912
20
28.2348370094025
30
0
0
VERTEX
8
0
10
115.36
20
28.4776246710176
30
0
0
VERTEX
8
0
10
115.808
20
28.7255639133129
30
0
0
VERTEX
8
0
10
116.256
20
28.9785189040311
30
0
0
VERTEX
8
0
10
116.704
20
29.2363521281593
30
0
0
VERTEX
8
0
10
117.152
20
29.4989255067317
30
0
0
VERTEX
8
0
10
117.6
20
29.7308382203726
30
0
0
VERTEX
8
0
10
118.048
20
29.941862784534
30
0
0
VERTEX
8
0
10
118.496
20
30.068908071173
30
0
0
VERTEX
8
0
10
118.944
20
30.1575290086075
30
0
0
VERTEX
8
0
10
119.392
20
30.2455878382847
30
0
0
VERTEX
8
0
10
119.840000000001
20
30.3330894020087
30
0
0
VERTEX
8
0
10
120.288000000001
20
30.420038526187
30
0
0
VERTEX
8
0
10
120.736000000001
20
30.5198057181281
30
0
0
VERTEX
8
0
10
121.184000000001
20
30.619239892267
30
0
0
VERTEX
8
0
10
121.632000000001
20
30.7182335520226
30
0
0
VERTEX
8
0
10
122.080000000001
20
30.8167912005059
30
0
0
VERTEX
8
0
10
122.528000000001
20
31.0118687922332
30
0
0
VERTEX
8
0
10
122.976000000001
20
31.2218874514921
30
0
0
VERTEX
8
0
10
123.424000000001
20
31.433582748387
30
0
0
VERTEX
8
0
10
123.872000000001
20
31.6469215180958
30
0
0
VERTEX
8
0
10
124.320000000001
20
31.8618712835257
30
0
0
VERTEX
8
0
10
124.768000000001
20
32.0694204175871
30
0
0
VERTEX
8
0
10
125.216000000001
20
32.2796694378228
30
0
0
VERTEX
8
0
10
125.664000000001
20
32.4912496236805
30
0
0
VERTEX
8
0
10
126.112000000001
20
32.704135884136
30
0
0
VERTEX
8
0
10
126.560000000001
20
32.9183036751718
30
0
0
VERTEX
8
0
10
127.008000000001
20
33.1337289917911
30
0
0
VERTEX
8
0
10
127.456000000001
20
32.7022435731247
30
0
0
VERTEX
8
0
10
127.904000000001
20
32.4778199829999
30
0
0
VERTEX
8
0
10
128.352000000001
20
32.2585630336472
30
0
0
VERTEX
8
0
10
128.800000000001
20
32.0445798814126
30
0
0
VERTEX
8
0
10
129.248000000001
20
31.8359780351567
30
0
0
VERTEX
8
0
10
129.696000000001
20
31.6398788937888
30
0
0
VERTEX
8
0
10
130.144000000001
20
31.451668250713
30
0
0
VERTEX
8
0
10
130.592000000001
20
31.2686668901532
30
0
0
VERTEX
8
0
10
131.040000000001
20
31.0909682267228
30
0
0
VERTEX
8
0
10
131.488000000001
20
30.918665185003
30
0
0
VERTEX
8
0
10
131.936000000001
20
30.4014662528863
30
0
0
VERTEX
8
0
10
132.384000000001
20
29.9768799331672
30
0
0
VERTEX
8
0
10
132.832000000001
20
29.5934416743166
30
0
0
VERTEX
8
0
10
133.280000000001
20
29.261880841533
30
0
0
VERTEX
8
0
10
133.728000000001
20
28.974418271841
30
0
0
VERTEX
8
0
10
134.176000000001
20
28.7295762056119
30
0
0
VERTEX
8
0
10
134.624000000001
20
28.5284540891155
30
0
0
VERTEX
8
0
10
135.072000000001
20
28.3643267303719
30
0
0
VERTEX
8
0
10
135.520000000001
20
28.251563985401
30
0
0
VERTEX
8
0
10
135.968000000001
20
28.1878906719777
30
0
0
VERTEX
8
0
10
136.416000000001
20
28.1878906719777
30
0
0
VERTEX
8
0
10
136.864000000001
20
28.199573721265
30
0
0
VERTEX
8
0
10
137.312000000001
20
28.2286993088774
30
0
0
VERTEX
8
0
10
137.760000000001
20
28.2572725065257
30
0
0
VERTEX
8
0
10
138.208000000001
20
28.2852975908097
30
0
0
VERTEX
8
0
10
138.656000000001
20
28.3127788538233
30
0
0
VERTEX
8
0
10
139.104000000001
20
28.3397206039045
30
0
0
VERTEX
8
0
10
139.552000000001
20
28.3661271663793
30
0
0
VERTEX
8
0
10
140.000000000001
20
28.3920028843001
30
0
0
VERTEX
8
0
10
140.448000000001
20
28.4173521191775
30
0
0
VERTEX
8
0
10
140.896000000001
20
28.4421792517074
30
0
0
VERTEX
8
0
10
141.344000000001
20
28.4664886824921
30
0
0
VERTEX
8
0
10
141.792000000001
20
28.4902848327568
30
0
0
VERTEX
8
0
10
142.240000000001
20
28.5710346577754
30
0
0
VERTEX
8
0
10
142.688000000001
20
28.7179739141784
30
0
0
VERTEX
8
0
10
143.136000000001
20
28.9328113755075
30
0
0
VERTEX
8
0
10
143.584000000001
20
29.2140523975689
30
0
0
VERTEX
8
0
10
144.032000000001
20
29.5190034573131
30
0
0
VERTEX
8
0
10
144.480000000001
20
29.8869475849127
30
0
0
VERTEX
8
0
10
144.928000000001
20
30.3057554090406
30
0
0
VERTEX
8
0
10
145.376000000001
20
30.847188115548
30
0
0
VERTEX
8
0
10
145.824000000001
20
31.4231986358675
30
0
0
VERTEX
8
0
10
146.272000000001
20
32.0144677666479
30
0
0
VERTEX
8
0
10
146.720000000001
20
32.6181859073852
30
0
0
VERTEX
8
0
10
147.168000000001
20
33.0563204078913
30
0
0
VERTEX
8
0
10
147.616000000001
20
33.3059752485719
30
0
0
VERTEX
8
0
10
148.064000000001
20
33.5599649952044
30
0
0
VERTEX
8
0
10
148.512000000001
20
33.8181953940139
30
0
0
VERTEX
8
0
10
148.960000000001
20
34.0805734947001
30
0
0
VERTEX
8
0
10
149.408000000001
20
34.3470077149592
30
0
0
VERTEX
8
0
10
149.856000000001
20
34.6174078971769
30
0
0
VERTEX
8
0
10
150.304000000001
20
34.8916853576951
30
0
0
VERTEX
8
0
10
150.752000000001
20
35.1697529290551
30
0
0
VERTEX
8
0
10
151.200000000001
20
35.4515249956264
30
0
0
VERTEX
8
0
10
151.648000000001
20
35.7369175230271
30
0
0
VERTEX
8
0
10
152.096000000001
20
36.0258480817355
30
0
0
VERTEX
8
0
10
152.544000000001
20
36.3182358652888
30
0
0
VERTEX
8
0
10
152.992000000001
20
36.0778914358193
30
0
0
VERTEX
8
0
10
153.440000000001
20
35.9145425091525
30
0
0
VERTEX
8
0
10
153.888000000001
20
35.7525091377977
30
0
0
VERTEX
8
0
10
154.336000000001
20
35.5918132024264
30
0
0
VERTEX
8
0
10
154.784000000001
20
35.4324768823195
30
0
0
VERTEX
8
0
10
155.232000000001
20
35.2745226536885
30
0
0
VERTEX
8
0
10
155.680000000001
20
35.1179732876373
30
0
0
VERTEX
8
0
10
156.128000000001
20
34.9628518477467
30
0
0
VERTEX
8
0
10
156.576000000001
20
34.8091816872657
30
0
0
VERTEX
8
0
10
157.024000000001
20
34.6569864458924
30
0
0
VERTEX
8
0
10
157.472000000001
20
34.5062900461285
30
0
0
VERTEX
8
0
10
157.920000000001
20
34.410510938821
30
0
0
VERTEX
8
0
10
158.368000000001
20
34.3242817655529
30
0
0
VERTEX
8
0
10
158.816000000001
20
34.2384500023121
30
0
0
VERTEX
8
0
10
159.264000000001
20
34.2133996263834
30
0
0
VERTEX
8
0
10
159.712000000001
20
34.1776676646302
30
0
0
VERTEX
8
0
10
160.160000000001
20
34.1418243720731
30
0
0
VERTEX
8
0
10
160.608000000001
20
34.1058742302458
30
0
0
VERTEX
8
0
10
161.056000000001
20
34.0698217921029
30
0
0
VERTEX
8
0
10
161.504000000001
20
34.0336716825369
30
0
0
VERTEX
8
0
10
161.952000000001
20
33.9974285988953
30
0
0
VERTEX
8
0
10
162.400000000001
20
33.9610973114988
30
0
0
VERTEX
8
0
10
162.848000000001
20
33.9246826641573
30
0
0
VERTEX
8
0
10
163.296000000001
20
33.8824788324162
30
0
0
VERTEX
8
0
10
163.744000000001
20
33.8407796533584
30
0
0
VERTEX
8
0
10
164.192000000001
20
33.7990508113655
30
0
0
VERTEX
8
0
10
164.640000000001
20
33.6522047541722
30
0
0
VERTEX
8
0
10
165.088000000001
20
33.5218873647119
30
0
0
VERTEX
8
0
10
165.536000000001
20
33.3930243812942
30
0
0
VERTEX
8
0
10
165.984000000001
20
33.2656383185768
30
0
0
VERTEX
8
0
10
166.432000000001
20
33.1426477484007
30
0
0
VERTEX
8
0
10
166.880000000001
20
33.0201580722803
30
0
0
VERTEX
8
0
10
167.328000000001
20
32.8991617337346
30
0
0
VERTEX
8
0
10
167.776000000001
20
32.7796811877897
30
0
0
VERTEX
8
0
10
168.224000000001
20
32.6617390649222
30
0
0
VERTEX
8
0
10
168.672000000001
20
32.5453581636602
30
0
0
VERTEX
8
0
10
169.120000000001
20
32.4305614427439
30
0
0
VERTEX
8
0
10
169.568000000001
20
32.3173720128363
30
0
0
VERTEX
8
0
10
170.016000000001
20
32.2058131277802
30
0
0
SEQEND
8
0
0
POLYLINE
8
0
62
2
70
0
10
0
20
0
30
0
0
VERTEX
8
0
10
0.224
20
0
30
0
0
VERTEX
8
0
10
0.672
20
0
30
0
0
VERTEX
8
0
10
1.12
20
0
30
0
0
VERTEX
8
0
10
1.568
20
0
30
0
0
VERTEX
8
0
10
2.016
20
0
30
0
0
VERTEX
8
0
10
2.464
20
0
30
0
0
VERTEX
8
0
10
2.912
20
0
30
0
0
VERTEX
8
0
10
3.36
20
0
30
0
0
VERTEX
8
0
10
3.808
20
0
30
0
0
VERTEX
8
0
10
4.256
20
0
30
0
0
VERTEX
8
0
10
4.704
20
0
30
0
0
VERTEX
8
0
10
5.152
20
0
30
0
0
VERTEX
8
0
10
5.6
20
0
30
0
0
VERTEX
8
0
10
6.048
20
0
30
0
0
VERTEX
8
0
10
6.496
20
0
30
0
0
VERTEX
8
0
10
6.944
20
0
30
0
0
VERTEX
8
0
10
7.392
20
0
30
0
0
VERTEX
8
0
10
7.84
20
0
30
0
0
VERTEX
8
0
10
8.288
20
0
30
0
0
VERTEX
8
0
10
8.736
20
0
30
0
0
VERTEX
8
0
10
9.184
20
0
30
0
0
VERTEX
8
0
10
9.632
20
0
30
0
0
VERTEX
8
0
10
10.08
20
0
30
0
0
VERTEX
8
0
10
10.528
20
0
30
0
0
VERTEX
8
0
10
10.976
20
0
30
0
0
VERTEX
8
0
10
11.424
20
0
30
0
0
VERTEX
8
0
10
11.872
20
0
30
0
0
VERTEX
8
0
10
12.32
20
0
30
0
0
VERTEX
8
0
10
12.768
20
0
30
0
0
VERTEX
8
0
10
13.216
20
0
30
0
0
VERTEX
8
0
10
13.664
20
0
30
0
0
VERTEX
8
0
10
14.112
20
0
30
0
0
VERTEX
8
0
10
14.56
20
0
30
0
0
VERTEX
8
0
10
15.008
20
0
30
0
0
VERTEX
8
0
10
15.456
20
0
30
0
0
VERTEX
8
0
10
15.904
20
0
30
0
0
VERTEX
8
0
10
16.352
20
0
30
0
0
VERTEX
8
0
10
16.8
20
0
30
0
0
VERTEX
8
0
10
17.248
20
0
30
0
0
VERTEX
8
0
10
17.696
20
0
30
0
0
VERTEX
8
0
10
18.144
20
0
30
0
0
VERTEX
8
0
10
18.592
20
0
30
0
0
VERTEX
8
0
10
19.04
20
0
30
0
0
VERTEX
8
0
10
19.488
20
0
30
0
0
VERTEX
8
0
10
19.936
20
0
30
0
0
VERTEX
8
0
10
20.384
20
0
30
0
0
VERTEX
8
0
10
20.832
20
0
30
0
0
VERTEX
8
0
10
21.28
20
0
30
0
0
VERTEX
8
0
10
21.728
20
0
30
0
0
VERTEX
8
0
10
22.176
20
0
30
0
0
VERTEX
8
0
10
22.624
20
0
30
0
0
VERTEX
8
0
10
23.072
20
0
30
0
0
VERTEX
8
0
10
23.52
20
0
30
0
0
VERTEX
8
0
10
23.968
20
0
30
0
0
VERTEX
8
0
10
24.416
20
0
30
0
0
VERTEX
8
0
10
24.864
20
0
30
0
0
VERTEX
8
0
10
25.312
20
0
30
0
0
VERTEX
8
0
10
25.76
20
0
30
0
0
VERTEX
8
0
10
26.208
20
0
30
0
0
VERTEX
8
0
10
26.656
20
0
30
0
0
VERTEX
8
0
10
27.104
20
0
30
0
0
VERTEX
8
0
10
27.552
20
0
30
0
0
VERTEX
8
0
10
28
20
0
30
0
0
VERTEX
8
0
10
28.448
20
0
30
0
0
VERTEX
8
0
10
28.896
20
0
30
0
0
VERTEX
8
0
10
29.344
20
0
30
0
0
VERTEX
8
0
10
29.792
20
0
30
0
0
VERTEX
8
0
10
30.24
20
0
30
0
0
VERTEX
8
0
10
30.688
20
0
30
0
0
VERTEX
8
0
10
31.136
20
0
30
0
0
VERTEX
8
0
10
31.584
20
0
30
0
0
VERTEX
8
0
10
32.032
20
0
30
0
0
VERTEX
8
0
10
32.48
20
0
30
0
0
VERTEX
8
0
10
32.928
20
0
30
0
0
VERTEX
8
0
10
33.376
20
0
30
0
0
VERTEX
8
0
10
33.824
20
0
30
0
0
VERTEX
8
0
10
34.2719999999999
20
0
30
0
0
VERTEX
8
0
10
34.7199999999999
20
0
30
0
0
VERTEX
8
0
10
35.168
20
0
30
0
0
VERTEX
8
0
10
35.6159999999999
20
0
30
0
0
VERTEX
8
0
10
36.0639999999999
20
0
30
0
0
VERTEX
8
0
10
36.5119999999999
20
0
30
0
0
VERTEX
8
0
10
36.9599999999999
20
0
30
0
0
VERTEX
8
0
10
37.4079999999999
20
0
30
0
0
VERTEX
8
0
10
37.8559999999999
20
0
30
0
0
VERTEX
8
0
10
38.3039999999999
20
0
30
0
0
VERTEX
8
0
10
38.7519999999999
20
1.01351540836655
30
0
0
VERTEX
8
0
10
39.1999999999999
20
1.39688274681832
30
0
0
VERTEX
8
0
10
39.6479999999999
20
1.69430723185088
30
0
0
VERTEX
8
0
10
40.0959999999999
20
1.93191404560232
30
0
0
VERTEX
8
0
10
40.5439999999999
20
2.13120362581703
30
0
0
VERTEX
8
0
10
40.9919999999999
20
2.3024906862972
30
0
0
VERTEX
8
0
10
41.4399999999999
20
2.45523736699105
30
0
0
VERTEX
8
0
10
41.8879999999999
20
2.59330278719995
30
0
0
VERTEX
8
0
10
42.3359999999999
20
2.71937588450805
30
0
0
VERTEX
8
0
10
42.7839999999999
20
2.83541312137524
30
0
0
VERTEX
8
0
10
43.2319999999999
20
2.93044840841269
30
0
0
VERTEX
8
0
10
43.6799999999999
20
3.02550983915522
30
0
0
VERTEX
8
0
10
44.1279999999999
20
3.11364255527892
30
0
0
VERTEX
8
0
10
44.5759999999999
20
3.19580278437556
30
0
0
VERTEX
8
0
10
45.0239999999999
20
3.27160468896531
30
0
0
VERTEX
8
0
10
45.4719999999999
20
3.3434795493003
30
0
0
VERTEX
8
0
10
45.9199999999999
20
3.41174240123212
30
0
0
VERTEX
8
0
10
46.3679999999999
20
3.47665999914912
30
0
0
VERTEX
8
0
10
46.8159999999999
20
3.53846020086107
30
0
0
VERTEX
8
0
10
47.2639999999999
20
3.58992238998988
30
0
0
VERTEX
8
0
10
47.7119999999999
20
3.64285178253121
30
0
0
VERTEX
8
0
10
48.1599999999999
20
3.69284399597438
30
0
0
VERTEX
8
0
10
48.6079999999999
20
3.74034361754329
30
0
0
VERTEX
8
0
10
49.0559999999999
20
3.78445936509474
30
0
0
VERTEX
8
0
10
49.5039999999999
20
3.82678726651961
30
0
0
VERTEX
8
0
10
49.9519999999999
20
3.86738220669679
30
0
0
VERTEX
8
0
10
50.3999999999999
20
3.90629325682138
30
0
0
VERTEX
8
0
10
50.8479999999999
20
3.94356457243496
30
0
0
VERTEX
8
0
10
51.2959999999999
20
3.97441697600012
30
0
0
VERTEX
8
0
10
51.7439999999999
20
4.00637534389724
30
0
0
VERTEX
8
0
10
52.1919999999999
20
4.03655514371687
30
0
0
VERTEX
8
0
10
52.6399999999999
20
4.06530864706813
30
0
0
VERTEX
8
0
10
53.0879999999999
20
4.09171956837091
30
0
0
VERTEX
8
0
10
53.5359999999999
20
4.11698967029779
30
0
0
VERTEX
8
0
10
53.9839999999999
20
4.14112405469416
30
0
0
VERTEX
8
0
10
54.4319999999999
20
4.1641276007625
30
0
0
VERTEX
8
0
10
54.8799999999999
20
4.18600506726033
30
0
0
VERTEX
8
0
10
55.3279999999999
20
4.20355180521346
30
0
0
VERTEX
8
0
10
55.7759999999999
20
4.22172791777183
30
0
0
VERTEX
8
0
10
56.2239999999999
20
4.23861533102812
30
0
0
VERTEX
8
0
10
56.6719999999999
20
4.25451626076093
30
0
0
VERTEX
8
0
10
57.1199999999999
20
4.26860414138943
30
0
0
VERTEX
8
0
10
57.5679999999999
20
4.28180587692176
30
0
0
VERTEX
8
0
10
58.0159999999999
20
4.29411472815845
30
0
0
VERTEX
8
0
10
58.4639999999999
20
4.30552473216435
30
0
0
VERTEX
8
0
10
58.9119999999999
20
4.31603068773112
30
0
0
VERTEX
8
0
10
59.3599999999999
20
4.32349299995491
30
0
0
VERTEX
8
0
10
59.8079999999999
20
4.33118948611472
30
0
0
VERTEX
8
0
10
60.2559999999999
20
4.337849813296
30
0
0
VERTEX
8
0
10
60.7039999999999
20
4.34372806716783
30
0
0
VERTEX
8
0
10
61.1519999999999
20
4.34812907615815
30
0
0
VERTEX
8
0
10
61.5999999999999
20
4.35176063135899
30
0
0
VERTEX
8
0
10
62.0479999999998
20
4.35461411097115
30
0
0
VERTEX
8
0
10
62.4959999999998
20
4.35668180906326
30
0
0
VERTEX
8
0
10
62.9439999999998
20
4.35795690829199
30
0
0
VERTEX
8
0
10
63.3919999999998
20
4.357040648066
30
0
0
VERTEX
8
0
10
63.8399999999998
20
4.356062134189
30
0
0
VERTEX
8
0
10
64.2879999999998
20
4.35419766781469
30
0
0
VERTEX
8
0
10
64.7359999999998
20
4.35165125166558
30
0
0
VERTEX
8
0
10
65.1839999999998
20
4.34787369060188
30
0
0
VERTEX
8
0
10
65.6319999999998
20
4.34338974101994
30
0
0
VERTEX
8
0
10
66.0799999999998
20
4.33819223727048
30
0
0
VERTEX
8
0
10
66.5279999999998
20
4.33227491889075
30
0
0
VERTEX
8
0
10
66.9759999999998
20
4.32563241244732
30
0
0
VERTEX
8
0
10
67.4239999999998
20
4.31738740343481
30
0
0
VERTEX
8
0
10
67.8719999999998
20
4.3088725858354
30
0
0
VERTEX
8
0
10
68.3199999999998
20
4.29957595110162
30
0
0
VERTEX
8
0
10
68.7679999999998
20
4.28965166142648
30
0
0
VERTEX
8
0
10
69.2159999999998
20
4.27869713271961
30
0
0
VERTEX
8
0
10
69.6639999999998
20
4.26708294034664
30
0
0
VERTEX
8
0
10
70.1119999999998
20
4.25480510983536
30
0
0
VERTEX
8
0
10
70.5599999999998
20
4.24186060749845
30
0
0
VERTEX
8
0
10
71.0079999999998
20
4.22824734039777
30
0
0
VERTEX
8
0
10
71.4559999999998
20
4.21345422124565
30
0
0
VERTEX
8
0
10
71.9039999999998
20
4.1982641442303
30
0
0
VERTEX
8
0
10
72.3519999999998
20
4.18238249554626
30
0
0
VERTEX
8
0
10
72.7999999999998
20
4.16591736074891
30
0
0
VERTEX
8
0
10
73.2479999999998
20
4.14860457432274
30
0
0
VERTEX
8
0
10
73.6959999999998
20
4.13068736079361
30
0
0
VERTEX
8
0
10
74.1439999999998
20
4.1121668732855
30
0
0
VERTEX
8
0
10
74.5919999999999
20
4.09304539219084
30
0
0
VERTEX
8
0
10
75.0399999999999
20
4.07332635042514
30
0
0
VERTEX
8
0
10
75.4879999999999
20
4.05275129224386
30
0
0
VERTEX
8
0
10
75.9359999999999
20
4.03173446888566
30
0
0
VERTEX
8
0
10
76.3839999999999
20
4.01013112084963
30
0
0
VERTEX
8
0
10
76.8319999999999
20
3.98801128755913
30
0
0
VERTEX
8
0
10
77.2799999999999
20
3.96523416853954
30
0
0
VERTEX
8
0
10
77.7279999999999
20
3.94194356663442
30
0
0
VERTEX
8
0
10
78.1759999999999
20
3.91814862510194
30
0
0
VERTEX
8
0
10
78.6239999999999
20
3.89385979484924
30
0
0
VERTEX
8
0
10
79.0719999999999
20
3.86908874795723
30
0
0
VERTEX
8
0
10
79.5199999999999
20
3.84374245908502
30
0
0
VERTEX
8
0
10
79.9679999999999
20
3.81800383815003
30
0
0
VERTEX
8
0
10
80.4159999999999
20
3.79182488644269
30
0
0
VERTEX
8
0
10
80.8639999999999
20
3.76524427593578
30
0
0
VERTEX
8
0
10
81.312
20
3.73821164058532
30
0
0
VERTEX
8
0
10
81.76
20
3.71078469874981
30
0
0
VERTEX
8
0
10
82.208
20
3.68295238290447
30
0
0
VERTEX
8
0
10
82.656
20
3.65467784165236
30
0
0
VERTEX
8
0
10
83.104
20
3.62587476642793
30
0
0
VERTEX
8
0
10
83.552
20
3.59638856211612
30
0
0
VERTEX
8
0
10
84
20
3.5664445733953
30
0
0
VERTEX
8
0
10
84.448
20
3.53739631280275
30
0
0
VERTEX
8
0
10
84.896
20
3.51041346637432
30
0
0
VERTEX
8
0
10
85.344
20
3.4853194549771
30
0
0
VERTEX
8
0
10
85.792
20
3.46171458256983
30
0
0
VERTEX
8
0
10
86.24
20
3.43930551615339
30
0
0
VERTEX
8
0
10
86.688
20
3.41789625093308
30
0
0
VERTEX
8
0
10
87.136
20
3.39734860254888
30
0
0
VERTEX
8
0
10
87.584
20
3.37754590668543
30
0
0
VERTEX
8
0
10
88.0320000000001
20
3.35842725212331
30
0
0
VERTEX
8
0
10
88.4800000000001
20
3.33992081335454
30
0
0
VERTEX
8
0
10
88.9280000000001
20
3.32197888150679
30
0
0
VERTEX
8
0
10
89.3760000000001
20
3.30454220079285
30
0
0
VERTEX
8
0
10
89.8240000000001
20
3.28758358544721
30
0
0
VERTEX
8
0
10
90.2720000000001
20
3.27106979851157
30
0
0
VERTEX
8
0
10
90.7200000000001
20
3.25497171634654
30
0
0
VERTEX
8
0
10
91.1680000000001
20
3.23926357968705
30
0
0
VERTEX
8
0
10
91.6160000000001
20
3.22391158890975
30
0
0
VERTEX
8
0
10
92.0640000000001
20
3.20891031815547
30
0
0
VERTEX
8
0
10
92.5120000000001
20
3.19423547213437
30
0
0
VERTEX
8
0
10
92.9600000000001
20
3.17987514408883
30
0
0
VERTEX
8
0
10
93.4080000000001
20
3.16580099018787
30
0
0
VERTEX
8
0
10
93.8560000000001
20
3.15200869561627
30
0
0
VERTEX
8
0
10
94.3040000000001
20
3.1384852276433
30
0
0
VERTEX
8
0
10
94.7520000000001
20
3.12521855128093
30
0
0
VERTEX
8
0
10
95.2000000000001
20
3.11219751747075
30
0
0
VERTEX
8
0
10
95.6480000000002
20
3.09940338599494
30
0
0
VERTEX
8
0
10
96.0960000000002
20
3.08683814021003
30
0
0
VERTEX
8
0
10
96.5440000000002
20
3.07448848021296
30
0
0
VERTEX
8
0
10
96.9920000000002
20
3.06235036225712
30
0
0
VERTEX
8
0
10
97.4400000000002
20
3.05040465631874
30
0
0
VERTEX
8
0
10
97.8880000000002
20
3.03865237910443
30
0
0
VERTEX
8
0
10
98.3360000000002
20
3.02708652246041
30
0
0
VERTEX
8
0
10
98.7840000000002
20
3.01570047709556
30
0
0
VERTEX
8
0
10
99.2320000000002
20
3.00448800016042
30
0
0
VERTEX
8
0
10
99.6800000000002
20
2.99343687835292
30
0
0
VERTEX
8
0
10
100.128
20
2.98255016796264
30
0
0
VERTEX
8
0
10
100.576
20
2.97181941792532
30
0
0
VERTEX
8
0
10
101.024
20
2.96124331787225
30
0
0
VERTEX
8
0
10
101.472
20
2.95080761193802
30
0
0
VERTEX
8
0
10
101.92
20
2.94051479769908
30
0
0
VERTEX
8
0
10
102.368
20
2.93036052228818
30
0
0
VERTEX
8
0
10
102.816
20
2.92034063458125
30
0
0
VERTEX
8
0
10
103.264
20
2.91045117233282
30
0
0
VERTEX
8
0
10
103.712
20
2.90068375468277
30
0
0
VERTEX
8
0
10
104.16
20
2.89104098160758
30
0
0
VERTEX
8
0
10
104.608
20
2.88151716730275
30
0
0
VERTEX
8
0
10
105.056
20
2.87211205236317
30
0
0
VERTEX
8
0
10
105.504
20
2.86281474629496
30
0
0
VERTEX
8
0
10
105.952
20
2.85362790525768
30
0
0
VERTEX
8
0
10
106.4
20
2.8445485970684
30
0
0
VERTEX
8
0
10
106.848
20
2.83557400694771
30
0
0
VERTEX
8
0
10
107.296
20
2.82670143140383
30
0
0
VERTEX
8
0
10
107.744
20
2.81792505536861
30
0
0
VERTEX
8
0
10
108.192
20
2.80924667192212
30
0
0
VERTEX
8
0
10
108.64
20
2.80066237799321
30
0
0
VERTEX
8
0
10
109.088
20
2.79217226297925
30
0
0
VERTEX
8
0
10
109.536
20
2.78376807691553
30
0
0
VERTEX
8
0
10
109.984
20
2.77545210228531
30
0
0
VERTEX
8
0
10
110.432
20
2.76722226436522
30
0
0
VERTEX
8
0
10
110.88
20
2.75907656376183
30
0
0
VERTEX
8
0
10
111.328
20
2.7510130731578
30
0
0
VERTEX
8
0
10
111.776
20
2.74302779532357
30
0
0
VERTEX
8
0
10
112.224
20
2.73512174693053
30
0
0
VERTEX
8
0
10
112.672
20
2.72729224492586
30
0
0
VERTEX
8
0
10
113.12
20
2.71953940749279
30
0
0
VERTEX
8
0
10
113.568
20
2.71185717121897
30
0
0
VERTEX
8
0
10
114.016
20
2.70424724186772
30
0
0
VERTEX
8
0
10
114.464
20
2.69670810978806
30
0
0
VERTEX
8
0
10
114.912
20
2.68923831763145
30
0
0
VERTEX
8
0
10
115.36
20
2.68183645851068
30
0
0
VERTEX
8
0
10
115.808
20
2.67449984875035
30
0
0
VERTEX
8
0
10
116.256
20
2.66722889095365
30
0
0
VERTEX
8
0
10
116.704
20
2.66002176053842
30
0
0
VERTEX
8
0
10
117.152
20
2.65287846842367
30
0
0
VERTEX
8
0
10
117.6
20
2.64579478400252
30
0
0
VERTEX
8
0
10
118.048
20
2.63877180148914
30
0
0
VERTEX
8
0
10
118.496
20
2.63180841328992
30
0
0
VERTEX
8
0
10
118.944
20
2.62490355106652
30
0
0
VERTEX
8
0
10
119.392
20
2.61805618471434
30
0
0
VERTEX
8
0
10
119.840000000001
20
2.61126458029107
30
0
0
VERTEX
8
0
10
120.288000000001
20
2.60452872681486
30
0
0
VERTEX
8
0
10
120.736000000001
20
2.59784741321793
30
0
0
VERTEX
8
0
10
121.184000000001
20
2.59122051308363
30
0
0
VERTEX
8
0
10
121.632000000001
20
2.58464530973073
30
0
0
VERTEX
8
0
10
122.080000000001
20
2.57812235419858
30
0
0
VERTEX
8
0
10
122.528000000001
20
2.57165085089781
30
0
0
VERTEX
8
0
10
122.976000000001
20
2.56523003691843
30
0
0
VERTEX
8
0
10
123.424000000001
20
2.55885918166935
30
0
0
VERTEX
8
0
10
123.872000000001
20
2.55253723607428
30
0
0
VERTEX
8
0
10
124.320000000001
20
2.5462639789025
30
0
0
VERTEX
8
0
10
124.768000000001
20
2.54003865152689
30
0
0
VERTEX
8
0
10
125.216000000001
20
2.53386103684056
30
0
0
VERTEX
8
0
10
125.664000000001
20
2.52772962700252
30
0
0
VERTEX
8
0
10
126.112000000001
20
2.52164457959009
30
0
0
VERTEX
8
0
10
126.560000000001
20
2.51560537802964
30
0
0
VERTEX
8
0
10
127.008000000001
20
2.50961153905935
30
0
0
VERTEX
8
0
10
127.456000000001
20
2.50366261358405
30
0
0
VERTEX
8
0
10
127.904000000001
20
2.49775806827905
30
0
0
VERTEX
8
0
10
128.352000000001
20
2.49189768303067
30
0
0
VERTEX
8
0
10
128.800000000001
20
2.48608108346485
30
0
0
VERTEX
8
0
10
129.248000000001
20
2.48030810154095
30
0
0
VERTEX
8
0
10
129.696000000001
20
2.47457817592579
30
0
0
VERTEX
8
0
10
130.144000000001
20
2.46889133850218
30
0
0
VERTEX
8
0
10
130.592000000001
20
2.46324742872875
30
0
0
VERTEX
8
0
10
131.040000000001
20
2.45764634743427
30
0
0
VERTEX
8
0
10
131.488000000001
20
2.45208806705212
30
0
0
VERTEX
8
0
10
131.936000000001
20
2.44657263092807
30
0
0
VERTEX
8
0
10
132.384000000001
20
2.44110022925264
30
0
0
VERTEX
8
0
10
132.832000000001
20
2.43567115830108
30
0
0
VERTEX
8
0
10
133.280000000001
20
2.43028589638245
30
0
0
VERTEX
8
0
10
133.728000000001
20
2.42494508919983
30
0
0
VERTEX
8
0
10
134.176000000001
20
2.41964951733493
30
0
0
VERTEX
8
0
10
134.624000000001
20
2.41439967218202
30
0
0
VERTEX
8
0
10
135.072000000001
20
2.40919524315307
30
0
0
VERTEX
8
0
10
135.520000000001
20
2.40403511739198
30
0
0
VERTEX
8
0
10
135.968000000001
20
2.39891790228513
30
0
0
VERTEX
8
0
10
136.416000000001
20
2.39384228556625
30
0
0
VERTEX
8
0
10
136.864000000001
20
2.38880711873792
30
0
0
VERTEX
8
0
10
137.312000000001
20
2.38381139794189
30
0
0
VERTEX
8
0
10
137.760000000001
20
2.37885423066251
30
0
0
VERTEX
8
0
10
138.208000000001
20
2.37393480893043
30
0
0
VERTEX
8
0
10
138.656000000001
20
2.36905239028903
30
0
0
VERTEX
8
0
10
139.104000000001
20
2.36420628447126
30
0
0
VERTEX
8
0
10
139.552000000001
20
2.35939584390839
30
0
0
VERTEX
8
0
10
140.000000000001
20
2.35462045678735
30
0
0
VERTEX
8
0
10
140.448000000001
20
2.34987954183311
30
0
0
VERTEX
8
0
10
140.896000000001
20
2.34517254428882
30
0
0
VERTEX
8
0
10
141.344000000001
20
2.34049893274961
30
0
0
VERTEX
8
0
10
141.792000000001
20
2.33585819662041
30
0
0
VERTEX
8
0
10
142.240000000001
20
2.33124984403985
30
0
0
VERTEX
8
0
10
142.688000000001
20
2.32667340015956
30
0
0
VERTEX
8
0
10
143.136000000001
20
2.32212840569891
30
0
0
VERTEX
8
0
10
143.584000000001
20
2.31761441571697
30
0
0
VERTEX
8
0
10
144.032000000001
20
2.31313099855777
30
0
0
VERTEX
8
0
10
144.480000000001
20
2.30867773493594
30
0
0
VERTEX
8
0
10
144.928000000001
20
2.30425421713701
30
0
0
VERTEX
8
0
10
145.376000000001
20
2.29986004831272
30
0
0
VERTEX
8
0
10
145.824000000001
20
2.29549484185534
30
0
0
VERTEX
8
0
10
146.272000000001
20
2.29115822083873
30
0
0
VERTEX
8
0
10
146.720000000001
20
2.28684981751588
30
0
0
VERTEX
8
0
10
147.168000000001
20
2.28256927286482
30
0
0
VERTEX
8
0
10
147.616000000001
20
2.27831623617601
30
0
0
VERTEX
8
0
10
148.064000000001
20
2.27409036467596
30
0
0
VERTEX
8
0
10
148.512000000001
20
2.26989132318198
30
0
0
VERTEX
8
0
10
148.960000000001
20
2.26571878378471
30
0
0
VERTEX
8
0
10
149.408000000001
20
2.26157242555463
30
0
0
VERTEX
8
0
10
149.856000000001
20
2.25745193427024
30
0
0
VERTEX
8
0
10
150.304000000001
20
2.2533570021652
30
0
0
VERTEX
8
0
10
150.752000000001
20
2.24928732769253
30
0
0
VERTEX
8
0
10
151.200000000001
20
2.24524261530418
30
0
0
VERTEX
8
0
10
151.648000000001
20
2.24122257524427
30
0
0
VERTEX
8
0
10
152.096000000001
20
2.23722692335485
30
0
0
VERTEX
8
0
10
152.544000000001
20
2.23325538089294
30
0
0
VERTEX
8
0
10
152.992000000001
20
2.22930767435787
30
0
0
VERTEX
8
0
10
153.440000000001
20
2.22538353532797
30
0
0
VERTEX
8
0
10
153.888000000001
20
2.22148270030588
30
0
0
VERTEX
8
0
10
154.336000000001
20
2.21760491057175
30
0
0
VERTEX
8
0
10
154.784000000001
20
2.21374991204374
30
0
0
VERTEX
8
0
10
155.232000000001
20
2.20991745514519
30
0
0
VERTEX
8
0
10
155.680000000001
20
2.20610729467805
30
0
0
VERTEX
8
0
10
156.128000000001
20
2.20231918970201
30
0
0
VERTEX
8
0
10
156.576000000001
20
2.19855290341908
30
0
0
VERTEX
8
0
10
157.024000000001
20
2.1948082030631
30
0
0
VERTEX
8
0
10
157.472000000001
20
2.19108485979393
30
0
0
VERTEX
8
0
10
157.920000000001
20
2.18738264859599
30
0
0
VERTEX
8
0
10
158.368000000001
20
2.18370134818092
30
0
0
VERTEX
8
0
10
158.816000000001
20
2.18004074089407
30
0
0
VERTEX
8
0
10
159.264000000001
20
2.17640061262452
30
0
0
VERTEX
8
0
10
159.712000000001
20
2.17278075271863
30
0
0
VERTEX
8
0
10
160.160000000001
20
2.16918095389669
30
0
0
VERTEX
8
0
10
160.608000000001
20
2.16560101217264
30
0
0
VERTEX
8
0
10
161.056000000001
20
2.1620407267766
30
0
0
VERTEX
8
0
10
161.504000000001
20
2.15849990008023
30
0
0
VERTEX
8
0
10
161.952000000001
20
2.15497833752452
30
0
0
VERTEX
8
0
10
162.400000000001
20
2.15147584755007
30
0
0
VERTEX
8
0
10
162.848000000001
20
2.14799224152973
30
0
0
VERTEX
8
0
10
163.296000000001
20
2.14452733370341
30
0
0
VERTEX
8
0
10
163.744000000001
20
2.14108094111497
30
0
0
VERTEX
8
0
10
164.192000000001
20
2.13765288355113
30
0
0
VERTEX
8
0
10
164.640000000001
20
2.13424298348231
30
0
0
VERTEX
8
0
10
165.088000000001
20
2.13085106600526
30
0
0
VERTEX
8
0
10
165.536000000001
20
2.12747695878747
30
0
0
VERTEX
8
0
10
165.984000000001
20
2.1241204920132
30
0
0
VERTEX
8
0
10
166.432000000001
20
2.12078149833114
30
0
0
VERTEX
8
0
10
166.880000000001
20
2.1174598128036
30
0
0
VERTEX
8
0
10
167.328000000001
20
2.11415527285717
30
0
0
VERTEX
8
0
10
167.776000000001
20
2.11086771823476
30
0
0
VERTEX
8
0
10
168.224000000001
20
2.10759699094902
30
0
0
VERTEX
8
0
10
168.672000000001
20
2.10434293523701
30
0
0
VERTEX
8
0
10
169.120000000001
20
2.10110539751623
30
0
0
VERTEX
8
0
10
169.568000000001
20
2.0978842263417
30
0
0
VERTEX
8
0
10
170.016000000001
20
2.09467927236433
30
0
0
SEQEND
8
0
0
POLYLINE
8
0
62
3
70
0
10
0
20
0
30
0
0
VERTEX
8
0
10
0.224
20
0
30
0
0
VERTEX
8
0
10
0.672
20
0
30
0
0
VERTEX
8
0
10
1.12
20
0
30
0
0
VERTEX
8
0
10
1.568
20
0
30
0
0
VERTEX
8
0
10
2.016
20
0
30
0
0
VERTEX
8
0
10
2.464
20
0
30
0
0
VERTEX
8
0
10
2.912
20
0
30
0
0
VERTEX
8
0
10
3.36
20
0
30
0
0
VERTEX
8
0
10
3.808
20
0
30
0
0
VERTEX
8
0
10
4.256
20
0
30
0
0
VERTEX
8
0
10
4.704
20
0
30
0
0
VERTEX
8
0
10
5.152
20
0
30
0
0
VERTEX
8
0
10
5.6
20
0
30
0
0
VERTEX
8
0
10
6.048
20
0
30
0
0
VERTEX
8
0
10
6.496
20
0
30
0
0
VERTEX
8
0
10
6.944
20
0
30
0
0
VERTEX
8
0
10
7.392
20
0
30
0
0
VERTEX
8
0
10
7.84
20
0
30
0
0
VERTEX
8
0
10
8.288
20
0
30
0
0
VERTEX
8
0
10
8.736
20
0
30
0
0
VERTEX
8
0
10
9.184
20
0
30
0
0
VERTEX
8
0
10
9.632
20
0
30
0
0
VERTEX
8
0
10
10.08
20
0
30
0
0
VERTEX
8
0
10
10.528
20
0
30
0
0
VERTEX
8
0
10
10.976
20
0
30
0
0
VERTEX
8
0
10
11.424
20
0
30
0
0
VERTEX
8
0
10
11.872
20
0
30
0
0
VERTEX
8
0
10
12.32
20
0
30
0
0
VERTEX
8
0
10
12.768
20
0
30
0
0
VERTEX
8
0
10
13.216
20
0
30
0
0
VERTEX
8
0
10
13.664
20
0
30
0
0
VERTEX
8
0
10
14.112
20
0
30
0
0
VERTEX
8
0
10
14.56
20
0
30
0
0
VERTEX
8
0
10
15.008
20
0
30
0
0
VERTEX
8
0
10
15.456
20
0
30
0
0
VERTEX
8
0
10
15.904
20
0
30
0
0
VERTEX
8
0
10
16.352
20
0
30
0
0
VERTEX
8
0
10
16.8
20
0
30
0
0
VERTEX
8
0
10
17.248
20
0
30
0
0
VERTEX
8
0
10
17.696
20
0
30
0
0
VERTEX
8
0
10
18.144
20
0
30
0
0
VERTEX
8
0
10
18.592
20
0
30
0
0
VERTEX
8
0
10
19.04
20
0
30
0
0
VERTEX
8
0
10
19.488
20
0
30
0
0
VERTEX
8
0
10
19.936
20
0
30
0
0
VERTEX
8
0
10
20.384
20
0
30
0
0
VERTEX
8
0
10
20.832
20
0
30
0
0
VERTEX
8
0
10
21.28
20
0
30
0
0
VERTEX
8
0
10
21.728
20
0
30
0
0
VERTEX
8
0
10
22.176
20
0
30
0
0
VERTEX
8
0
10
22.624
20
0
30
0
0
VERTEX
8
0
10
23.072
20
0
30
0
0
VERTEX
8
0
10
23.52
20
0
30
0
0
VERTEX
8
0
10
23.968
20
0
30
0
0
VERTEX
8
0
10
24.416
20
0
30
0
0
VERTEX
8
0
10
24.864
20
0
30
0
0
VERTEX
8
0
10
25.312
20
0
30
0
0
VERTEX
8
0
10
25.76
20
0
30
0
0
VERTEX
8
0
10
26.208
20
0
30
0
0
VERTEX
8
0
10
26.656
20
0
30
0
0
VERTEX
8
0
10
27.104
20
0
30
0
0
VERTEX
8
0
10
27.552
20
0
30
0
0
VERTEX
8
0
10
28
20
0
30
0
0
VERTEX
8
0
10
28.448
20
0
30
0
0
VERTEX
8
0
10
28.896
20
0
30
0
0
VERTEX
8
0
10
29.344
20
0
30
0
0
VERTEX
8
0
10
29.792
20
0
30
0
0
VERTEX
8
0
10
30.24
20
0
30
0
0
VERTEX
8
0
10
30.688
20
0
30
0
0
VERTEX
8
0
10
31.136
20
0
30
0
0
VERTEX
8
0
10
31.584
20
0
30
0
0
VERTEX
8
0
10
32.032
20
0
30
0
0
VERTEX
8
0
10
32.48
20
0
30
0
0
VERTEX
8
0
10
32.928
20
0
30
0
0
VERTEX
8
0
10
33.376
20
0
30
0
0
VERTEX
8
0
10
33.824
20
0
30
0
0
VERTEX
8
0
10
34.2719999999999
20
0
30
0
0
VERTEX
8
0
10
34.7199999999999
20
0
30
0
0
VERTEX
8
0
10
35.168
20
0
30
0
0
VERTEX
8
0
10
35.6159999999999
20
0
30
0
0
VERTEX
8
0
10
36.0639999999999
20
0
30
0
0
VERTEX
8
0
10
36.5119999999999
20
0
30
0
0
VERTEX
8
0
10
36.9599999999999
20
0
30
0
0
VERTEX
8
0
10
37.4079999999999
20
0.792040664329014
30
0
0
VERTEX
8
0
10
37.8559999999999
20
1.50372775184389
30
0
0
VERTEX
8
0
10
38.3039999999999
20
1.94730986281055
30
0
0
VERTEX
8
0
10
38.7519999999999
20
2.28853593132763
30
0
0
VERTEX
8
0
10
39.1999999999999
20
2.55441767754388
30
0
0
VERTEX
8
0
10
39.6479999999999
20
2.79201926670254
30
0
0
VERTEX
8
0
10
40.0959999999999
20
3.00087363827274
30
0
0
VERTEX
8
0
10
40.5439999999999
20
3.18919529368518
30
0
0
VERTEX
8
0
10
40.9919999999999
20
3.35689381747733
30
0
0
VERTEX
8
0
10
41.4399999999999
20
3.51155966828496
30
0
0
VERTEX
8
0
10
41.8879999999999
20
3.65524804361378
30
0
0
VERTEX
8
0
10
42.3359999999999
20
3.78952128759213
30
0
0
VERTEX
8
0
10
42.7839999999999
20
3.91559601454368
30
0
0
VERTEX
8
0
10
43.2319999999999
20
4.02697915551646
30
0
0
VERTEX
8
0
10
43.6799999999999
20
4.13602768511976
30
0
0
VERTEX
8
0
10
44.1279999999999
20
4.23891503981516
30
0
0
VERTEX
8
0
10
44.5759999999999
20
4.33746537481707
30
0
0
VERTEX
8
0
10
45.0239999999999
20
4.42871849392175
30
0
0
VERTEX
8
0
10
45.4719999999999
20
4.51611767528301
30
0
0
VERTEX
8
0
10
45.9199999999999
20
4.5999252290628
30
0
0
VERTEX
8
0
10
46.3679999999999
20
4.68036760542074
30
0
0
VERTEX
8
0
10
46.8159999999999
20
4.75764176985308
30
0
0
VERTEX
8
0
10
47.2639999999999
20
4.82761676162033
30
0
0
VERTEX
8
0
10
47.7119999999999
20
4.89695516815989
30
0
0
VERTEX
8
0
10
48.1599999999999
20
4.96331210099927
30
0
0
VERTEX
8
0
10
48.6079999999999
20
5.02790158733497
30
0
0
VERTEX
8
0
10
49.0559999999999
20
5.08800827663784
30
0
0
VERTEX
8
0
10
49.5039999999999
20
5.14608694542108
30
0
0
VERTEX
8
0
10
49.9519999999999
20
5.20219837115056
30
0
0
VERTEX
8
0
10
50.3999999999999
20
5.25639781071523
30
0
0
VERTEX
8
0
10
50.8479999999999
20
5.30873578129322
30
0
0
VERTEX
8
0
10
51.2959999999999
20
5.35664818347397
30
0
0
VERTEX
8
0
10
51.7439999999999
20
5.40403946276792
30
0
0
VERTEX
8
0
10
52.1919999999999
20
5.44949939866327
30
0
0
VERTEX
8
0
10
52.6399999999999
20
5.49398650259945
30
0
0
VERTEX
8
0
10
53.0879999999999
20
5.53518766368991
30
0
0
VERTEX
8
0
10
53.5359999999999
20
5.57499413947774
30
0
0
VERTEX
8
0
10
53.9839999999999
20
5.61342165692124
30
0
0
VERTEX
8
0
10
54.4319999999999
20
5.65048529729179
30
0
0
VERTEX
8
0
10
54.8799999999999
20
5.68619961535813
30
0
0
VERTEX
8
0
10
55.3279999999999
20
5.71899199018554
30
0
0
VERTEX
8
0
10
55.7759999999999
20
5.75116410539985
30
0
0
VERTEX
8
0
10
56.2239999999999
20
5.78188722809877
30
0
0
VERTEX
8
0
10
56.6719999999999
20
5.81193477844903
30
0
0
VERTEX
8
0
10
57.1199999999999
20
5.83940186821929
30
0
0
VERTEX
8
0
10
57.5679999999999
20
5.86576173178237
30
0
0
VERTEX
8
0
10
58.0159999999999
20
5.89101778149546
30
0
0
VERTEX
8
0
10
58.4639999999999
20
5.91517384441623
30
0
0
VERTEX
8
0
10
58.9119999999999
20
5.93823416718594
30
0
0
VERTEX
8
0
10
59.3599999999999
20
5.95926299716973
30
0
0
VERTEX
8
0
10
59.8079999999999
20
5.97957753616024
30
0
0
VERTEX
8
0
10
60.2559999999999
20
5.99871466049699
30
0
0
VERTEX
8
0
10
60.7039999999999
20
6.01728778831525
30
0
0
VERTEX
8
0
10
61.1519999999999
20
6.03378265644476
30
0
0
VERTEX
8
0
10
61.5999999999999
20
6.04933085288243
30
0
0
VERTEX
8
0
10
62.0479999999998
20
6.06393308531894
30
0
0
VERTEX
8
0
10
62.4959999999998
20
6.07759072578423
30
0
0
VERTEX
8
0
10
62.9439999999998
20
6.09030579741033
30
0
0
VERTEX
8
0
10
63.3919999999998
20
6.10155141089418
30
0
0
VERTEX
8
0
10
63.8399999999998
20
6.11203614686515
30
0
0
VERTEX
8
0
10
64.2879999999998
20
6.12152452667305
30
0
0
VERTEX
8
0
10
64.7359999999998
20
6.1304855849596
30
0
0
VERTEX
8
0
10
65.1839999999998
20
6.13776974559634
30
0
0
VERTEX
8
0
10
65.6319999999998
20
6.14421916766549
30
0
0
VERTEX
8
0
10
66.0799999999998
20
6.14983549478056
30
0
0
VERTEX
8
0
10
66.5279999999998
20
6.1546211075671
30
0
0
VERTEX
8
0
10
66.9759999999998
20
6.1585791142782
30
0
0
VERTEX
8
0
10
67.4239999999998
20
6.16143961455971
30
0
0
VERTEX
8
0
10
67.8719999999998
20
6.16354597502201
30
0
0
VERTEX
8
0
10
68.3199999999998
20
6.16479946485145
30
0
0
VERTEX
8
0
10
68.7679999999998
20
6.1655395429282
30
0
0
VERTEX
8
0
10
69.2159999999998
20
6.16494917810508
30
0
0
VERTEX
8
0
10
69.6639999999998
20
6.16362405905416
30
0
0
VERTEX
8
0
10
70.1119999999998
20
6.16156875759749
30
0
0
VERTEX
8
0
10
70.5599999999998
20
6.15878865790959
30
0
0
VERTEX
8
0
10
71.0079999999998
20
6.15528995813363
30
0
0
VERTEX
8
0
10
71.4559999999998
20
6.15095699505564
30
0
0
VERTEX
8
0
10
71.9039999999998
20
6.14593014268011
30
0
0
VERTEX
8
0
10
72.3519999999998
20
6.14018719586976
30
0
0
VERTEX
8
0
10
72.7999999999998
20
6.13395516898322
30
0
0
VERTEX
8
0
10
73.2479999999998
20
6.12671067872306
30
0
0
VERTEX
8
0
10
73.6959999999998
20
6.11884352875808
30
0
0
VERTEX
8
0
10
74.1439999999998
20
6.11036305162826
30
0
0
VERTEX
8
0
10
74.5919999999999
20
6.1012795416272
30
0
0
VERTEX
8
0
10
75.0399999999999
20
6.09160426928026
30
0
0
VERTEX
8
0
10
75.4879999999999
20
6.08130710321539
30
0
0
VERTEX
8
0
10
75.9359999999999
20
6.07043340344464
30
0
0
VERTEX
8
0
10
76.3839999999999
20
6.05899886179191
30
0
0
VERTEX
8
0
10
76.8319999999999
20
6.04713933789895
30
0
0
VERTEX
8
0
10
77.2799999999999
20
6.0345775868154
30
0
0
VERTEX
8
0
10
77.7279999999999
20
6.02153990120616
30
0
0
VERTEX
8
0
10
78.1759999999999
20
6.0080424342589
30
0
0
VERTEX
8
0
10
78.6239999999999
20
5.99410238788145
30
0
0
VERTEX
8
0
10
79.0719999999999
20
5.97973794682299
30
0
0
VERTEX
8
0
10
79.5199999999999
20
5.96496014577329
30
0
0
VERTEX
8
0
10
79.9679999999999
20
5.94978616751052
30
0
0
VERTEX
8
0
10
80.4159999999999
20
5.93424475061406
30
0
0
VERTEX
8
0
10
80.8639999999999
20
5.91840339318403
30
0
0
VERTEX
8
0
10
81.312
20
5.90216493629193
30
0
0
VERTEX
8
0
10
81.76
20
5.88562806524632
30
0
0
VERTEX
8
0
10
82.208
20
5.86879794944379
30
0
0
VERTEX
8
0
10
82.656
20
5.85166417477988
30
0
0
VERTEX
8
0
10
83.104
20
5.83418661526459
30
0
0
VERTEX
8
0
10
83.552
20
5.81629928584943
30
0
0
VERTEX
8
0
10
84
20
5.79813784090507
30
0
0
VERTEX
8
0
10
84.448
20
5.78057973031383
30
0
0
VERTEX
8
0
10
84.896
20
5.76436482842066
30
0
0
VERTEX
8
0
10
85.344
20
5.74935963767394
30
0
0
VERTEX
8
0
10
85.792
20
5.73532029448204
30
0
0
VERTEX
8
0
10
86.24
20
5.72205943608248
30
0
0
VERTEX
8
0
10
86.688
20
5.70945110395962
30
0
0
VERTEX
8
0
10
87.136
20
5.69740595947418
30
0
0
VERTEX
8
0
10
87.584
20
5.68585852963458
30
0
0
VERTEX
8
0
10
88.0320000000001
20
5.67475127260234
30
0
0
VERTEX
8
0
10
88.4800000000001
20
5.66404451370125
30
0
0
VERTEX
8
0
10
88.9280000000001
20
5.65371333187497
30
0
0
VERTEX
8
0
10
89.3760000000001
20
5.64370315499906
30
0
0
VERTEX
8
0
10
89.8240000000001
20
5.63400495922903
30
0
0
VERTEX
8
0
10
90.2720000000001
20
5.62459670279048
30
0
0
VERTEX
8
0
10
90.7200000000001
20
5.61545903598246
30
0
0
VERTEX
8
0
10
91.1680000000001
20
5.60657481773826
30
0
0
VERTEX
8
0
10
91.6160000000001
20
5.59793103881097
30
0
0
VERTEX
8
0
10
92.0640000000001
20
5.58950787945467
30
0
0
VERTEX
8
0
10
92.5120000000001
20
5.58129585584611
30
0
0
VERTEX
8
0
10
92.9600000000001
20
5.57329256966742
30
0
0
VERTEX
8
0
10
93.4080000000001
20
5.56546578006118
30
0
0
VERTEX
8
0
10
93.8560000000001
20
5.55782028068467
30
0
0
VERTEX
8
0
10
94.3040000000001
20
5.55034735407712
30
0
0
VERTEX
8
0
10
94.7520000000001
20
5.54303894988852
30
0
0
VERTEX
8
0
10
95.2000000000001
20
5.5358876110678
30
0
0
VERTEX
8
0
10
95.6480000000002
20
5.52888912483891
30
0
0
VERTEX
8
0
10
96.0960000000002
20
5.52203066021315
30
0
0
VERTEX
8
0
10
96.5440000000002
20
5.51530920633499
30
0
0
VERTEX
8
0
10
96.9920000000002
20
5.50872677204152
30
0
0
VERTEX
8
0
10
97.4400000000002
20
5.50225930159035
30
0
0
VERTEX
8
0
10
97.8880000000002
20
5.49591398965825
30
0
0
VERTEX
8
0
10
98.3360000000002
20
5.48968616323614
30
0
0
VERTEX
8
0
10
98.7840000000002
20
5.48357141898383
30
0
0
VERTEX
8
0
10
99.2320000000002
20
5.47756560148503
30
0
0
VERTEX
8
0
10
99.6800000000002
20
5.47166760932132
30
0
0
VERTEX
8
0
10
100.128
20
5.46586750844788
30
0
0
VERTEX
8
0
10
100.576
20
5.46016465644023
30
0
0
VERTEX
8
0
10
101.024
20
5.45456209521713
30
0
0
VERTEX
8
0
10
101.472
20
5.44904100204393
30
0
0
VERTEX
8
0
10
101.92
20
5.44360845804698
30
0
0
VERTEX
8
0
10
102.368
20
5.43826158793359
30
0
0
VERTEX
8
0
10
102.816
20
5.43299765343398
30
0
0
VERTEX
8
0
10
103.264
20
5.42781404457232
30
0
0
VERTEX
8
0
10
103.712
20
5.42271096871933
30
0
0
VERTEX
8
0
10
104.16
20
5.41768035580075
30
0
0
VERTEX
8
0
10
104.608
20
5.4127225375721
30
0
0
VERTEX
8
0
10
105.056
20
5.40784050117717
30
0
0
VERTEX
8
0
10
105.504
20
5.40301953757232
30
0
0
VERTEX
8
0
10
105.952
20
5.3982657876577
30
0
0
VERTEX
8
0
10
106.4
20
5.39357734066619
30
0
0
VERTEX
8
0
10
106.848
20
5.38895236553846
30
0
0
VERTEX
8
0
10
107.296
20
5.38438910673357
30
0
0
VERTEX
8
0
10
107.744
20
5.37988827359611
30
0
0
VERTEX
8
0
10
108.192
20
5.37544333711628
30
0
0
VERTEX
8
0
10
108.64
20
5.3710549735417
30
0
0
VERTEX
8
0
10
109.088
20
5.36672569572631
30
0
0
VERTEX
8
0
10
109.536
20
5.36244428089776
30
0
0
VERTEX
8
0
10
109.984
20
5.35821564747179
30
0
0
VERTEX
8
0
10
110.432
20
5.35403846584128
30
0
0
VERTEX
8
0
10
110.88
20
5.34991145727128
30
0
0
VERTEX
8
0
10
111.328
20
5.34583339164674
30
0
0
VERTEX
8
0
10
111.776
20
5.34180506005477
30
0
0
VERTEX
8
0
10
112.224
20
5.33782134572196
30
0
0
VERTEX
8
0
10
112.672
20
5.33388294736359
30
0
0
VERTEX
8
0
10
113.12
20
5.32999175431835
30
0
0
VERTEX
8
0
10
113.568
20
5.32613955476347
30
0
0
VERTEX
8
0
10
114.016
20
5.32232999968667
30
0
0
VERTEX
8
0
10
114.464
20
5.31856213993438
30
0
0
VERTEX
8
0
10
114.912
20
5.31483506126105
30
0
0
VERTEX
8
0
10
115.36
20
5.31114788303088
30
0
0
VERTEX
8
0
10
115.808
20
5.30750125510575
30
0
0
VERTEX
8
0
10
116.256
20
5.30389137934067
30
0
0
VERTEX
8
0
10
116.704
20
5.30031881250292
30
0
0
VERTEX
8
0
10
117.152
20
5.29678480783878
30
0
0
VERTEX
8
0
10
117.6
20
5.29328372722938
30
0
0
VERTEX
8
0
10
118.048
20
5.28981803807246
30
0
0
VERTEX
8
0
10
118.496
20
5.28638705808265
30
0
0
VERTEX
8
0
10
118.944
20
5.28299013059511
30
0
0
VERTEX
8
0
10
119.392
20
5.27962662380653
30
0
0
VERTEX
8
0
10
119.840000000001
20
5.27629694695118
30
0
0
VERTEX
8
0
10
120.288000000001
20
5.272998504044
30
0
0
VERTEX
8
0
10
120.736000000001
20
5.26973164310904
30
0
0
VERTEX
8
0
10
121.184000000001
20
5.26649705174215
30
0
0
VERTEX
8
0
10
121.632000000001
20
5.26329122189787
30
0
0
VERTEX
8
0
10
122.080000000001
20
5.26011560525747
30
0
0
VERTEX
8
0
10
122.528000000001
20
5.256969720803
30
0
0
VERTEX
8
0
10
122.976000000001
20
5.25385310796149
30
0
0
VERTEX
8
0
10
123.424000000001
20
5.2507653262407
30
0
0
VERTEX
8
0
10
123.872000000001
20
5.24770653633531
30
0
0
VERTEX
8
0
10
124.320000000001
20
5.24467518371101
30
0
0
VERTEX
8
0
10
124.768000000001
20
5.24167141293928
30
0
0
VERTEX
8
0
10
125.216000000001
20
5.23869547744308
30
0
0
VERTEX
8
0
10
125.664000000001
20
5.2357455329556
30
0
0
VERTEX
8
0
10
126.112000000001
20
5.23282225001512
30
0
0
VERTEX
8
0
10
126.560000000001
20
5.229925317453
30
0
0
VERTEX
8
0
10
127.008000000001
20
5.22705444331318
30
0
0
VERTEX
8
0
10
127.456000000001
20
5.22420935509506
30
0
0
VERTEX
8
0
10
127.904000000001
20
5.22139003965038
30
0
0
VERTEX
8
0
10
128.352000000001
20
5.21859577975358
30
0
0
VERTEX
8
0
10
128.800000000001
20
5.21582659203188
30
0
0
VERTEX
8
0
10
129.248000000001
20
5.2130824910847
30
0
0
VERTEX
8
0
10
129.696000000001
20
5.210362817313
30
0
0
VERTEX
8
0
10
130.144000000001
20
5.20766777412345
30
0
0
VERTEX
8
0
10
130.592000000001
20
5.20499724354972
30
0
0
VERTEX
8
0
10
131.040000000001
20
5.20235113849937
30
0
0
VERTEX
8
0
10
131.488000000001
20
5.1997294073195
30
0
0
VERTEX
8
0
10
131.936000000001
20
5.19713207701194
30
0
0
VERTEX
8
0
10
132.384000000001
20
5.19455910676496
30
0
0
VERTEX
8
0
10
132.832000000001
20
5.19201064686671
30
0
0
VERTEX
8
0
10
133.280000000001
20
5.18948689573619
30
0
0
VERTEX
8
0
10
133.728000000001
20
5.18698810191293
30
0
0
VERTEX
8
0
10
134.176000000001
20
5.18451460749491
30
0
0
VERTEX
8
0
10
134.624000000001
20
5.18206658859645
30
0
0
VERTEX
8
0
10
135.072000000001
20
5.17964383118003
30
0
0
VERTEX
8
0
10
135.520000000001
20
5.17724573404091
30
0
0
VERTEX
8
0
10
135.968000000001
20
5.17487155988635
30
0
0
VERTEX
8
0
10
136.416000000001
20
5.17252060914174
30
0
0
VERTEX
8
0
10
136.864000000001
20
5.170192261001
30
0
0
VERTEX
8
0
10
137.312000000001
20
5.16788596493323
30
0
0
VERTEX
8
0
10
137.760000000001
20
5.16560122507194
30
0
0
VERTEX
8
0
10
138.208000000001
20
5.16333758753142
30
0
0
VERTEX
8
0
10
138.656000000001
20
5.16109463134611
30
0
0
VERTEX
8
0
10
139.104000000001
20
5.15887196209722
30
0
0
VERTEX
8
0
10
139.552000000001
20
5.15666920735009
30
0
0
VERTEX
8
0
10
140.000000000001
20
5.15448601329971
30
0
0
VERTEX
8
0
10
140.448000000001
20
5.15232204223559
30
0
0
VERTEX
8
0
10
140.896000000001
20
5.15017697057752
30
0
0
VERTEX
8
0
10
141.344000000001
20
5.14805048731877
30
0
0
VERTEX
8
0
10
141.792000000001
20
5.14594229276813
30
0
0
VERTEX
8
0
10
142.240000000001
20
5.14385209751572
30
0
0
VERTEX
8
0
10
142.688000000001
20
5.14177962156986
30
0
0
VERTEX
8
0
10
143.136000000001
20
5.13972459362705
30
0
0
VERTEX
8
0
10
143.584000000001
20
5.13768675044714
30
0
0
VERTEX
8
0
10
144.032000000001
20
5.13566583631275
30
0
0
VERTEX
8
0
10
144.480000000001
20
5.13366160255717
30
0
0
VERTEX
8
0
10
144.928000000001
20
5.13167380714858
30
0
0
VERTEX
8
0
10
145.376000000001
20
5.12970221432063
30
0
0
VERTEX
8
0
10
145.824000000001
20
5.12774659424249
30
0
0
VERTEX
8
0
10
146.272000000001
20
5.12580672272159
30
0
0
VERTEX
8
0
10
146.720000000001
20
5.12388238093474
30
0
0
VERTEX
8
0
10
147.168000000001
20
5.12197335518329
30
0
0
VERTEX
8
0
10
147.616000000001
20
5.12007943666935
30
0
0
VERTEX
8
0
10
148.064000000001
20
5.11820042128999
30
0
0
VERTEX
8
0
10
148.512000000001
20
5.11633610944764
30
0
0
VERTEX
8
0
10
148.960000000001
20
5.11448630587431
30
0
0
VERTEX
8
0
10
149.408000000001
20
5.11265081946832
30
0
0
VERTEX
8
0
10
149.856000000001
20
5.11082946314211
30
0
0
VERTEX
8
0
10
150.304000000001
20
5.10902205367993
30
0
0
VERTEX
8
0
10
150.752000000001
20
5.1072284116044
30
0
0
VERTEX
8
0
10
151.200000000001
20
5.10544836105107
30
0
0
VERTEX
8
0
10
151.648000000001
20
5.10368172965024
30
0
0
VERTEX
8
0
10
152.096000000001
20
5.10192834841541
30
0
0
VERTEX
8
0
10
152.544000000001
20
5.10018805163773
30
0
0
VERTEX
8
0
10
152.992000000001
20
5.09846067678588
30
0
0
VERTEX
8
0
10
153.440000000001
20
5.09674606441107
30
0
0
VERTEX
8
0
10
153.888000000001
20
5.09504405805673
30
0
0
VERTEX
8
0
10
154.336000000001
20
5.09335450417237
30
0
0
VERTEX
8
0
10
154.784000000001
20
5.09167725203146
30
0
0
VERTEX
8
0
10
155.232000000001
20
5.09001215365311
30
0
0
VERTEX
8
0
10
155.680000000001
20
5.088359063727
30
0
0
VERTEX
8
0
10
156.128000000001
20
5.0867178395416
30
0
0
VERTEX
8
0
10
156.576000000001
20
5.08508834091537
30
0
0
VERTEX
8
0
10
157.024000000001
20
5.08347043013078
30
0
0
VERTEX
8
0
10
157.472000000001
20
5.08186397187087
30
0
0
VERTEX
8
0
10
157.920000000001
20
5.08026883315831
30
0
0
VERTEX
8
0
10
158.368000000001
20
5.07868488329688
30
0
0
VERTEX
8
0
10
158.816000000001
20
5.07711199381489
30
0
0
VERTEX
8
0
10
159.264000000001
20
5.07555003841095
30
0
0
VERTEX
8
0
10
159.712000000001
20
5.07399889290148
30
0
0
VERTEX
8
0
10
160.160000000001
20
5.07245843517019
30
0
0
VERTEX
8
0
10
160.608000000001
20
5.07092854511915
30
0
0
VERTEX
8
0
10
161.056000000001
20
5.06940910462172
30
0
0
VERTEX
8
0
10
161.504000000001
20
5.06789999747699
30
0
0
VERTEX
8
0
10
161.952000000001
20
5.06640110936561
30
0
0
VERTEX
8
0
10
162.400000000001
20
5.0649123278071
30
0
0
VERTEX
8
0
10
162.848000000001
20
5.06343354211871
30
0
0
VERTEX
8
0
10
163.296000000001
20
5.06196464337533
30
0
0
VERTEX
8
0
10
163.744000000001
20
5.06050552437073
30
0
0
VERTEX
8
0
10
164.192000000001
20
5.05905607958001
30
0
0
VERTEX
8
0
10
164.640000000001
20
5.05761620512317
30
0
0
VERTEX
8
0
10
165.088000000001
20
5.05618579872978
30
0
0
VERTEX
8
0
10
165.536000000001
20
5.05476475970472
30
0
0
VERTEX
8
0
10
165.984000000001
20
5.05335298889473
30
0
0
VERTEX
8
0
10
166.432000000001
20
5.05195038865631
30
0
0
VERTEX
8
0
10
166.880000000001
20
5.05055686282406
30
0
0
VERTEX
8
0
10
167.328000000001
20
5.04917231668031
30
0
0
VERTEX
8
0
10
167.776000000001
20
5.04779665692534
30
0
0
VERTEX
8
0
10
168.224000000001
20
5.04642979164859
30
0
0
VERTEX
8
0
10
168.672000000001
20
5.0450716303005
30
0
0
VERTEX
8
0
10
169.120000000001
20
5.04372208366528
30
0
0
VERTEX
8
0
10
169.568000000001
20
5.04238106383426
30
0
0
VERTEX
8
0
10
170.016000000001
20
5.04104848418002
30
0
0
SEQEND
8
0
0
POLYLINE
8
0
62
4
70
0
10
0
20
0
30
0
0
VERTEX
8
0
10
0.224
20
0
30
0
0
VERTEX
8
0
10
0.672
20
0
30
0
0
VERTEX
8
0
10
1.12
20
0
30
0
0
VERTEX
8
0
10
1.568
20
0
30
0
0
VERTEX
8
0
10
2.016
20
0
30
0
0
VERTEX
8
0
10
2.464
20
0
30
0
0
VERTEX
8
0
10
2.912
20
0
30
0
0
VERTEX
8
0
10
3.36
20
0
30
0
0
VERTEX
8
0
10
3.808
20
0
30
0
0
VERTEX
8
0
10
4.256
20
0
30
0
0
VERTEX
8
0
10
4.704
20
0
30
0
0
VERTEX
8
0
10
5.152
20
0
30
0
0
VERTEX
8
0
10
5.6
20
0
30
0
0
VERTEX
8
0
10
6.048
20
0
30
0
0
VERTEX
8
0
10
6.496
20
0
30
0
0
VERTEX
8
0
10
6.944
20
0
30
0
0
VERTEX
8
0
10
7.392
20
0
30
0
0
VERTEX
8
0
10
7.84
20
0
30
0
0
VERTEX
8
0
10
8.288
20
0
30
0
0
VERTEX
8
0
10
8.736
20
0
30
0
0
VERTEX
8
0
10
9.184
20
0
30
0
0
VERTEX
8
0
10
9.632
20
0
30
0
0
VERTEX
8
0
10
10.08
20
0
30
0
0
VERTEX
8
0
10
10.528
20
0
30
0
0
VERTEX
8
0
10
10.976
20
0
30
0
0
VERTEX
8
0
10
11.424
20
0
30
0
0
VERTEX
8
0
10
11.872
20
0
30
0
0
VERTEX
8
0
10
12.32
20
0
30
0
0
VERTEX
8
0
10
12.768
20
0
30
0
0
VERTEX
8
0
10
13.216
20
0
30
0
0
VERTEX
8
0
10
13.664
20
0
30
0
0
VERTEX
8
0
10
14.112
20
0
30
0
0
VERTEX
8
0
10
14.56
20
0
30
0
0
VERTEX
8
0
10
15.008
20
0
30
0
0
VERTEX
8
0
10
15.456
20
0
30
0
0
VERTEX
8
0
10
15.904
20
0
30
0
0
VERTEX
8
0
10
16.352
20
0
30
0
0
VERTEX
8
0
10
16.8
20
0
30
0
0
VERTEX
8
0
10
17.248
20
0
30
0
0
VERTEX
8
0
10
17.696
20
0
30
0
0
VERTEX
8
0
10
18.144
20
0
30
0
0
VERTEX
8
0
10
18.592
20
0
30
0
0
VERTEX
8
0
10
19.04
20
0
30
0
0
VERTEX
8
0
10
19.488
20
0
30
0
0
VERTEX
8
0
10
19.936
20
0
30
0
0
VERTEX
8
0
10
20.384
20
0
30
0
0
VERTEX
8
0
10
20.832
20
0
30
0
0
VERTEX
8
0
10
21.28
20
0
30
0
0
VERTEX
8
0
10
21.728
20
0
30
0
0
VERTEX
8
0
10
22.176
20
0
30
0
0
VERTEX
8
0
10
22.624
20
0
30
0
0
VERTEX
8
0
10
23.072
20
0
30
0
0
VERTEX
8
0
10
23.52
20
0
30
0
0
VERTEX
8
0
10
23.968
20
0
30
0
0
VERTEX
8
0
10
24.416
20
0
30
0
0
VERTEX
8
0
10
24.864
20
0
30
0
0
VERTEX
8
0
10
25.312
20
0
30
0
0
VERTEX
8
0
10
25.76
20
0
30
0
0
VERTEX
8
0
10
26.208
20
0
30
0
0
VERTEX
8
0
10
26.656
20
0
30
0
0
VERTEX
8
0
10
27.104
20
0
30
0
0
VERTEX
8
0
10
27.552
20
0
30
0
0
VERTEX
8
0
10
28
20
0
30
0
0
VERTEX
8
0
10
28.448
20
0
30
0
0
VERTEX
8
0
10
28.896
20
0
30
0
0
VERTEX
8
0
10
29.344
20
0
30
0
0
VERTEX
8
0
10
29.792
20
0
30
0
0
VERTEX
8
0
10
30.24
20
0
30
0
0
VERTEX
8
0
10
30.688
20
0
30
0
0
VERTEX
8
0
10
31.136
20
0
30
0
0
VERTEX
8
0
10
31.584
20
0
30
0
0
VERTEX
8
0
10
32.032
20
0
30
0
0
VERTEX
8
0
10
32.48
20
0
30
0
0
VERTEX
8
0
10
32.928
20
0
30
0
0
VERTEX
8
0
10
33.376
20
0
30
0
0
VERTEX
8
0
10
33.824
20
0
30
0
0
VERTEX
8
0
10
34.2719999999999
20
0
30
0
0
VERTEX
8
0
10
34.7199999999999
20
0
30
0
0
VERTEX
8
0
10
35.168
20
0
30
0
0
VERTEX
8
0
10
35.6159999999999
20
0
30
0
0
VERTEX
8
0
10
36.0639999999999
20
0
30
0
0
VERTEX
8
0
10
36.5119999999999
20
0
30
0
0
VERTEX
8
0
10
36.9599999999999
20
0
30
0
0
VERTEX
8
0
10
37.4079999999999
20
0
30
0
0
VERTEX
8
0
10
37.8559999999999
20
0
30
0
0
VERTEX
8
0
10
38.3039999999999
20
0
30
0
0
VERTEX
8
0
10
38.7519999999999
20
0
30
0
0
VERTEX
8
0
10
39.1999999999999
20
0
30
0
0
VERTEX
8
0
10
39.6479999999999
20
0
30
0
0
VERTEX
8
0
10
40.0959999999999
20
0
30
0
0
VERTEX
8
0
10
40.5439999999999
20
0
30
0
0
VERTEX
8
0
10
40.9919999999999
20
0
30
0
0
VERTEX
8
0
10
41.4399999999999
20
0
30
0
0
VERTEX
8
0
10
41.8879999999999
20
0
30
0
0
VERTEX
8
0
10
42.3359999999999
20
0
30
0
0
VERTEX
8
0
10
42.7839999999999
20
0
30
0
0
VERTEX
8
0
10
43.2319999999999
20
0
30
0
0
VERTEX
8
0
10
43.6799999999999
20
0
30
0
0
VERTEX
8
0
10
44.1279999999999
20
0
30
0
0
VERTEX
8
0
10
44.5759999999999
20
0
30
0
0
VERTEX
8
0
10
45.0239999999999
20
0
30
0
0
VERTEX
8
0
10
45.4719999999999
20
0
30
0
0
VERTEX
8
0
10
45.9199999999999
20
3.09117452888098
30
0
0
VERTEX
8
0
10
46.3679999999999
20
3.16686069136655
30
0
0
VERTEX
8
0
10
46.8159999999999
20
3.26244989414293
30
0
0
VERTEX
8
0
10
47.2639999999999
20
3.40048923513896
30
0
0
VERTEX
8
0
10
47.7119999999999
20
3.58251857875359
30
0
0
VERTEX
8
0
10
48.1599999999999
20
3.79500828789442
30
0
0
VERTEX
8
0
10
48.6079999999999
20
4.03420965551885
30
0
0
VERTEX
8
0
10
49.0559999999999
20
4.29323324887915
30
0
0
VERTEX
8
0
10
49.5039999999999
20
4.57005751221385
30
0
0
VERTEX
8
0
10
49.9519999999999
20
4.71180250903023
30
0
0
VERTEX
8
0
10
50.3999999999999
20
4.87866051791387
30
0
0
VERTEX
8
0
10
50.8479999999999
20
5.04782858425451
30
0
0
VERTEX
8
0
10
51.2959999999999
20
5.15282459482096
30
0
0
VERTEX
8
0
10
51.7439999999999
20
5.25377488234021
30
0
0
VERTEX
8
0
10
52.1919999999999
20
5.35452959192149
30
0
0
VERTEX
8
0
10
52.6399999999999
20
5.455783500138
30
0
0
VERTEX
8
0
10
53.0879999999999
20
5.5558782482253
30
0
0
VERTEX
8
0
10
53.5359999999999
20
5.65582572797939
30
0
0
VERTEX
8
0
10
53.9839999999999
20
5.68962465450841
30
0
0
VERTEX
8
0
10
54.4319999999999
20
5.74078506341693
30
0
0
VERTEX
8
0
10
54.8799999999999
20
5.79143321865124
30
0
0
VERTEX
8
0
10
55.3279999999999
20
5.84233738565498
30
0
0
VERTEX
8
0
10
55.7759999999999
20
5.87101977188207
30
0
0
VERTEX
8
0
10
56.2239999999999
20
5.88900086604763
30
0
0
VERTEX
8
0
10
56.6719999999999
20
5.90708459920382
30
0
0
VERTEX
8
0
10
57.1199999999999
20
5.92398548858457
30
0
0
VERTEX
8
0
10
57.5679999999999
20
5.94047728155621
30
0
0
VERTEX
8
0
10
58.0159999999999
20
5.9565628016158
30
0
0
VERTEX
8
0
10
58.4639999999999
20
5.91287610113444
30
0
0
VERTEX
8
0
10
58.9119999999999
20
5.88089016566248
30
0
0
VERTEX
8
0
10
59.3599999999999
20
5.84971708142771
30
0
0
VERTEX
8
0
10
59.8079999999999
20
5.81827414738659
30
0
0
VERTEX
8
0
10
60.2559999999999
20
5.78702080181199
30
0
0
VERTEX
8
0
10
60.7039999999999
20
5.75640146464482
30
0
0
VERTEX
8
0
10
61.1519999999999
20
5.70895671714568
30
0
0
VERTEX
8
0
10
61.5999999999999
20
5.66502810224285
30
0
0
VERTEX
8
0
10
62.0479999999998
20
5.62167527396472
30
0
0
VERTEX
8
0
10
62.4959999999998
20
5.57891293376136
30
0
0
VERTEX
8
0
10
62.9439999999998
20
5.53675624481743
30
0
0
VERTEX
8
0
10
63.3919999999998
20
5.49573730494534
30
0
0
VERTEX
8
0
10
63.8399999999998
20
5.47284133553311
30
0
0
VERTEX
8
0
10
64.2879999999998
20
5.44924562300966
30
0
0
VERTEX
8
0
10
64.7359999999998
20
5.42613062724936
30
0
0
VERTEX
8
0
10
65.1839999999998
20
5.40263488123855
30
0
0
VERTEX
8
0
10
65.6319999999998
20
5.37928218610855
30
0
0
VERTEX
8
0
10
66.0799999999998
20
5.39659052909903
30
0
0
VERTEX
8
0
10
66.5279999999998
20
5.40003654715292
30
0
0
VERTEX
8
0
10
66.9759999999998
20
5.40313980973091
30
0
0
VERTEX
8
0
10
67.4239999999998
20
5.4062895059025
30
0
0
VERTEX
8
0
10
67.8719999999998
20
5.40880628285133
30
0
0
VERTEX
8
0
10
68.3199999999998
20
5.41988297324227
30
0
0
VERTEX
8
0
10
68.7679999999998
20
5.43357026339748
30
0
0
VERTEX
8
0
10
69.2159999999998
20
5.44652219748812
30
0
0
VERTEX
8
0
10
69.6639999999998
20
5.45912113768186
30
0
0
VERTEX
8
0
10
70.1119999999998
20
5.47137409479487
30
0
0
VERTEX
8
0
10
70.5599999999998
20
5.48328814570482
30
0
0
VERTEX
8
0
10
71.0079999999998
20
5.49487043705944
30
0
0
VERTEX
8
0
10
71.4559999999998
20
5.50638137928876
30
0
0
VERTEX
8
0
10
71.9039999999998
20
5.53626847809562
30
0
0
VERTEX
8
0
10
72.3519999999998
20
5.56383496199491
30
0
0
VERTEX
8
0
10
72.7999999999998
20
5.5913739489304
30
0
0
VERTEX
8
0
10
73.2479999999998
20
5.61850666636106
30
0
0
VERTEX
8
0
10
73.6959999999998
20
5.64547959387033
30
0
0
VERTEX
8
0
10
74.1439999999998
20
5.68706700529709
30
0
0
VERTEX
8
0
10
74.5919999999999
20
5.73161952870509
30
0
0
VERTEX
8
0
10
75.0399999999999
20
5.7763397831039
30
0
0
VERTEX
8
0
10
75.4879999999999
20
5.82136924468938
30
0
0
VERTEX
8
0
10
75.9359999999999
20
5.80760843371971
30
0
0
VERTEX
8
0
10
76.3839999999999
20
5.78530358983951
30
0
0
VERTEX
8
0
10
76.8319999999999
20
5.76305359430037
30
0
0
VERTEX
8
0
10
77.2799999999999
20
5.74687193333811
30
0
0
VERTEX
8
0
10
77.7279999999999
20
5.73404476905522
30
0
0
VERTEX
8
0
10
78.1759999999999
20
5.72109464508685
30
0
0
VERTEX
8
0
10
78.6239999999999
20
5.70802861360267
30
0
0
VERTEX
8
0
10
79.0719999999999
20
5.6948539719081
30
0
0
VERTEX
8
0
10
79.5199999999999
20
5.68164139580178
30
0
0
VERTEX
8
0
10
79.9679999999999
20
5.64921046779245
30
0
0
VERTEX
8
0
10
80.4159999999999
20
5.6219247689164
30
0
0
VERTEX
8
0
10
80.8639999999999
20
5.59480379031901
30
0
0
VERTEX
8
0
10
81.312
20
5.56777756825343
30
0
0
VERTEX
8
0
10
81.76
20
5.5409105348743
30
0
0
VERTEX
8
0
10
82.208
20
5.51421471199503
30
0
0
VERTEX
8
0
10
82.656
20
5.49905883717261
30
0
0
VERTEX
8
0
10
83.104
20
5.49152920437368
30
0
0
VERTEX
8
0
10
83.552
20
5.48394518171545
30
0
0
VERTEX
8
0
10
84
20
5.4762963977015
30
0
0
VERTEX
8
0
10
84.448
20
5.468629868895
30
0
0
VERTEX
8
0
10
84.896
20
5.45733939416262
30
0
0
VERTEX
8
0
10
85.344
20
5.44624328302328
30
0
0
VERTEX
8
0
10
85.792
20
5.43520087417805
30
0
0
VERTEX
8
0
10
86.24
20
5.42421278313162
30
0
0
VERTEX
8
0
10
86.688
20
5.41327937795066
30
0
0
VERTEX
8
0
10
87.136
20
5.40240099079016
30
0
0
VERTEX
8
0
10
87.584
20
5.38482814097134
30
0
0
VERTEX
8
0
10
88.0320000000001
20
5.36489896515082
30
0
0
VERTEX
8
0
10
88.4800000000001
20
5.345168084263
30
0
0
VERTEX
8
0
10
88.9280000000001
20
5.32564497237594
30
0
0
VERTEX
8
0
10
89.3760000000001
20
5.30631431532401
30
0
0
VERTEX
8
0
10
89.8240000000001
20
5.29852389470004
30
0
0
VERTEX
8
0
10
90.2720000000001
20
5.29874889532416
30
0
0
VERTEX
8
0
10
90.7200000000001
20
5.298970534356
30
0
0
VERTEX
8
0
10
91.1680000000001
20
5.29918881165804
30
0
0
VERTEX
8
0
10
91.6160000000001
20
5.29941274063161
30
0
0
VERTEX
8
0
10
92.0640000000001
20
5.29082706213204
30
0
0
VERTEX
8
0
10
92.5120000000001
20
5.28443711126364
30
0
0
VERTEX
8
0
10
92.9600000000001
20
5.27807524477734
30
0
0
VERTEX
8
0
10
93.4080000000001
20
5.27172616778411
30
0
0
VERTEX
8
0
10
93.8560000000001
20
5.26539907712486
30
0
0
VERTEX
8
0
10
94.3040000000001
20
5.26776628413896
30
0
0
VERTEX
8
0
10
94.7520000000001
20
5.26795835255428
30
0
0
VERTEX
8
0
10
95.2000000000001
20
5.26814707958675
30
0
0
VERTEX
8
0
10
95.6480000000002
20
5.26834025127275
30
0
0
VERTEX
8
0
10
96.0960000000002
20
5.26852430060015
30
0
0
VERTEX
8
0
10
96.5440000000002
20
5.26870492854334
30
0
0
VERTEX
8
0
10
96.9920000000002
20
5.26888757759418
30
0
0
VERTEX
8
0
10
97.4400000000002
20
5.2690591429763
30
0
0
VERTEX
8
0
10
97.8880000000002
20
5.26922742897096
30
0
0
VERTEX
8
0
10
98.3360000000002
20
5.2637387499888
30
0
0
VERTEX
8
0
10
98.7840000000002
20
5.259304613692
30
0
0
VERTEX
8
0
10
99.2320000000002
20
5.25488007368391
30
0
0
VERTEX
8
0
10
99.6800000000002
20
5.25047170774305
30
0
0
VERTEX
8
0
10
100.128
20
5.24606812482796
30
0
0
VERTEX
8
0
10
100.576
20
5.24167415867832
30
0
0
VERTEX
8
0
10
101.024
20
5.23729438347967
30
0
0
VERTEX
8
0
10
101.472
20
5.22896689041401
30
0
0
VERTEX
8
0
10
101.92
20
5.22126887839641
30
0
0
VERTEX
8
0
10
102.368
20
5.21360727423146
30
0
0
VERTEX
8
0
10
102.816
20
5.20598225627901
30
0
0
VERTEX
8
0
10
103.264
20
5.19839400388693
30
0
0
VERTEX
8
0
10
103.712
20
5.19084808302985
30
0
0
VERTEX
8
0
10
104.16
20
5.18333524558263
30
0
0
VERTEX
8
0
10
104.608
20
5.17585963332655
30
0
0
VERTEX
8
0
10
105.056
20
5.17672078195324
30
0
0
VERTEX
8
0
10
105.504
20
5.17683674276565
30
0
0
VERTEX
8
0
10
105.952
20
5.17694969088888
30
0
0
VERTEX
8
0
10
106.4
20
5.17705964985224
30
0
0
VERTEX
8
0
10
106.848
20
5.17716664389213
30
0
0
VERTEX
8
0
10
107.296
20
5.17727069795224
30
0
0
VERTEX
8
0
10
107.744
20
5.17737607559726
30
0
0
VERTEX
8
0
10
108.192
20
5.1774753515885
30
0
0
VERTEX
8
0
10
108.64
20
5.17757168784408
30
0
0
VERTEX
8
0
10
109.088
20
5.17342474237038
30
0
0
VERTEX
8
0
10
109.536
20
5.17021851757328
30
0
0
VERTEX
8
0
10
109.984
20
5.16701732625249
30
0
0
VERTEX
8
0
10
110.432
20
5.16382120750811
30
0
0
VERTEX
8
0
10
110.88
20
5.16063020123891
30
0
0
VERTEX
8
0
10
111.328
20
5.15744434814456
30
0
0
VERTEX
8
0
10
111.776
20
5.15426687458702
30
0
0
VERTEX
8
0
10
112.224
20
5.15109220104168
30
0
0
VERTEX
8
0
10
112.672
20
5.147922739541
30
0
0
VERTEX
8
0
10
113.12
20
5.14470697412715
30
0
0
VERTEX
8
0
10
113.568
20
5.1414953543766
30
0
0
VERTEX
8
0
10
114.016
20
5.13828941456527
30
0
0
VERTEX
8
0
10
114.464
20
5.13508920161881
30
0
0
VERTEX
8
0
10
114.912
20
5.13189476328154
30
0
0
VERTEX
8
0
10
115.36
20
5.12870614811867
30
0
0
VERTEX
8
0
10
115.808
20
5.12552564847534
30
0
0
VERTEX
8
0
10
116.256
20
5.12234933083678
30
0
0
VERTEX
8
0
10
116.704
20
5.11917892953799
30
0
0
VERTEX
8
0
10
117.152
20
5.11596737749872
30
0
0
VERTEX
8
0
10
117.6
20
5.11275602622508
30
0
0
VERTEX
8
0
10
118.048
20
5.10955108907749
30
0
0
VERTEX
8
0
10
118.496
20
5.1063526210421
30
0
0
VERTEX
8
0
10
118.944
20
5.1031606779433
30
0
0
VERTEX
8
0
10
119.392
20
5.0999753164457
30
0
0
VERTEX
8
0
10
119.840000000001
20
5.09679802646001
30
0
0
VERTEX
8
0
10
120.288000000001
20
5.09362629801104
30
0
0
VERTEX
8
0
10
120.736000000001
20
5.09046128042557
30
0
0
VERTEX
8
0
10
121.184000000001
20
5.08757859734742
30
0
0
VERTEX
8
0
10
121.632000000001
20
5.0847104479107
30
0
0
VERTEX
8
0
10
122.080000000001
20
5.08184776477523
30
0
0
VERTEX
8
0
10
122.528000000001
20
5.07899060677563
30
0
0
VERTEX
8
0
10
122.976000000001
20
5.07613903358979
30
0
0
VERTEX
8
0
10
123.424000000001
20
5.07329310574062
30
0
0
VERTEX
8
0
10
123.872000000001
20
5.07045366280804
30
0
0
VERTEX
8
0
10
124.320000000001
20
5.06761934855318
30
0
0
VERTEX
8
0
10
124.768000000001
20
5.06479083331697
30
0
0
VERTEX
8
0
10
125.216000000001
20
5.06196862550232
30
0
0
VERTEX
8
0
10
125.664000000001
20
5.06232828345834
30
0
0
VERTEX
8
0
10
126.112000000001
20
5.06234044146986
30
0
0
VERTEX
8
0
10
126.560000000001
20
5.06235141401979
30
0
0
VERTEX
8
0
10
127.008000000001
20
5.06236125807357
30
0
0
VERTEX
8
0
10
127.456000000001
20
5.06237003132606
30
0
0
VERTEX
8
0
10
127.904000000001
20
5.06237809822331
30
0
0
VERTEX
8
0
10
128.352000000001
20
5.06238493998947
30
0
0
VERTEX
8
0
10
128.800000000001
20
5.0623908694854
30
0
0
VERTEX
8
0
10
129.248000000001
20
5.06239609386189
30
0
0
VERTEX
8
0
10
129.696000000001
20
5.06240031705649
30
0
0
VERTEX
8
0
10
130.144000000001
20
5.06240383959802
30
0
0
VERTEX
8
0
10
130.592000000001
20
5.06240672418617
30
0
0
VERTEX
8
0
10
131.040000000001
20
5.06240903424967
30
0
0
VERTEX
8
0
10
131.488000000001
20
5.06241083394342
30
0
0
VERTEX
8
0
10
131.936000000001
20
5.06241223315172
30
0
0
VERTEX
8
0
10
132.384000000001
20
5.06241320076517
30
0
0
VERTEX
8
0
10
132.832000000001
20
5.06241385078912
30
0
0
VERTEX
8
0
10
133.280000000001
20
5.06241425939503
30
0
0
VERTEX
8
0
10
133.728000000001
20
5.0624144747952
30
0
0
VERTEX
8
0
10
134.176000000001
20
5.05882402555246
30
0
0
VERTEX
8
0
10
134.624000000001
20
5.05577486483058
30
0
0
VERTEX
8
0
10
135.072000000001
20
5.05273417626129
30
0
0
VERTEX
8
0
10
135.520000000001
20
5.04970199262513
30
0
0
VERTEX
8
0
10
135.968000000001
20
5.04667833594748
30
0
0
VERTEX
8
0
10
136.416000000001
20
5.04366322377505
30
0
0
VERTEX
8
0
10
136.864000000001
20
5.04065667212993
30
0
0
VERTEX
8
0
10
137.312000000001
20
5.03765869655041
30
0
0
VERTEX
8
0
10
137.760000000001
20
5.03466931242126
30
0
0
VERTEX
8
0
10
138.208000000001
20
5.03486966995519
30
0
0
VERTEX
8
0
10
138.656000000001
20
5.03486966995641
30
0
0
VERTEX
8
0
10
139.104000000001
20
5.03486966995679
30
0
0
VERTEX
8
0
10
139.552000000001
20
5.0348696699569
30
0
0
VERTEX
8
0
10
140.000000000001
20
5.03486966995694
30
0
0
VERTEX
8
0
10
140.448000000001
20
5.03486966995695
30
0
0
VERTEX
8
0
10
140.896000000001
20
5.03486966995695
30
0
0
VERTEX
8
0
10
141.344000000001
20
5.03486966995695
30
0
0
VERTEX
8
0
10
141.792000000001
20
5.03251205870803
30
0
0
VERTEX
8
0
10
142.240000000001
20
5.02971754696699
30
0
0
VERTEX
8
0
10
142.688000000001
20
5.02693065283818
30
0
0
VERTEX
8
0
10
143.136000000001
20
5.02415138899808
30
0
0
VERTEX
8
0
10
143.584000000001
20
5.02137976811645
30
0
0
VERTEX
8
0
10
144.032000000001
20
5.01861580285622
30
0
0
VERTEX
8
0
10
144.480000000001
20
5.0158595058731
30
0
0
VERTEX
8
0
10
144.928000000001
20
5.01311088981562
30
0
0
VERTEX
8
0
10
145.376000000001
20
5.01036996732466
30
0
0
VERTEX
8
0
10
145.824000000001
20
5.00763675103344
30
0
0
VERTEX
8
0
10
146.272000000001
20
5.01091390102907
30
0
0
VERTEX
8
0
10
146.720000000001
20
5.01342752143172
30
0
0
VERTEX
8
0
10
147.168000000001
20
5.01594760534266
30
0
0
VERTEX
8
0
10
147.616000000001
20
5.01847414302472
30
0
0
VERTEX
8
0
10
148.064000000001
20
5.02100712473539
30
0
0
VERTEX
8
0
10
148.512000000001
20
5.02354654072704
30
0
0
VERTEX
8
0
10
148.960000000001
20
5.02609238124697
30
0
0
VERTEX
8
0
10
149.408000000001
20
5.02864463653758
30
0
0
VERTEX
8
0
10
149.856000000001
20
5.03120329683652
30
0
0
VERTEX
8
0
10
150.304000000001
20
5.03376835237679
30
0
0
VERTEX
8
0
10
150.752000000001
20
5.03486966995696
30
0
0
VERTEX
8
0
10
151.200000000001
20
5.03486966995696
30
0
0
VERTEX
8
0
10
151.648000000001
20
5.03486966995696
30
0
0
VERTEX
8
0
10
152.096000000001
20
5.03486966995695
30
0
0
VERTEX
8
0
10
152.544000000001
20
5.03486966995695
30
0
0
VERTEX
8
0
10
152.992000000001
20
5.03486966995695
30
0
0
VERTEX
8
0
10
153.440000000001
20
5.03486966995694
30
0
0
VERTEX
8
0
10
153.888000000001
20
5.03486966995695
30
0
0
VERTEX
8
0
10
154.336000000001
20
5.03486966995695
30
0
0
VERTEX
8
0
10
154.784000000001
20
5.03486966995695
30
0
0
VERTEX
8
0
10
155.232000000001
20
5.03486966995695
30
0
0
VERTEX
8
0
10
155.680000000001
20
5.03486966995695
30
0
0
VERTEX
8
0
10
156.128000000001
20
5.03486966995695
30
0
0
VERTEX
8
0
10
156.576000000001
20
5.03486966995695
30
0
0
VERTEX
8
0
10
157.024000000001
20
5.03486966995695
30
0
0
VERTEX
8
0
10
157.472000000001
20
5.03486966995695
30
0
0
VERTEX
8
0
10
157.920000000001
20
5.03486966995695
30
0
0
VERTEX
8
0
10
158.368000000001
20
5.03486966995696
30
0
0
VERTEX
8
0
10
158.816000000001
20
5.03486966995696
30
0
0
VERTEX
8
0
10
159.264000000001
20
5.03486966995695
30
0
0
VERTEX
8
0
10
159.712000000001
20
5.03008624655917
30
0
0
VERTEX
8
0
10
160.160000000001
20
5.02685884758725
30
0
0
VERTEX
8
0
10
160.608000000001
20
5.02364167913582
30
0
0
VERTEX
8
0
10
161.056000000001
20
5.02043476087249
30
0
0
VERTEX
8
0
10
161.504000000001
20
5.01723811245243
30
0
0
VERTEX
8
0
10
161.952000000001
20
5.0140517535179
30
0
0
VERTEX
8
0
10
162.400000000001
20
5.01087570369773
30
0
0
VERTEX
8
0
10
162.848000000001
20
5.00770998260708
30
0
0
VERTEX
8
0
10
163.296000000001
20
5.00502893082371
30
0
0
VERTEX
8
0
10
163.744000000001
20
5.00231083026916
30
0
0
VERTEX
8
0
10
164.192000000001
20
4.9996004732203
30
0
0
VERTEX
8
0
10
164.640000000001
20
4.99689787227755
30
0
0
VERTEX
8
0
10
165.088000000001
20
4.99420304003251
30
0
0
VERTEX
8
0
10
165.536000000001
20
4.99151598906774
30
0
0
VERTEX
8
0
10
165.984000000001
20
4.98883673195647
30
0
0
VERTEX
8
0
10
166.432000000001
20
4.9861652812626
30
0
0
VERTEX
8
0
10
166.880000000001
20
4.98350164954016
30
0
0
VERTEX
8
0
10
167.328000000001
20
4.98084584933337
30
0
0
VERTEX
8
0
10
167.776000000001
20
4.98193240789318
30
0
0
VERTEX
8
0
10
168.224000000001
20
4.98193240789319
30
0
0
VERTEX
8
0
10
168.672000000001
20
4.98193240789318
30
0
0
VERTEX
8
0
10
169.120000000001
20
4.98193240789318
30
0
0
VERTEX
8
0
10
169.568000000001
20
4.98193240789318
30
0
0
VERTEX
8
0
10
170.016000000001
20
4.98193240789317
30
0
0
SEQEND
8
0
0
ENDSEC
0
EOF
