0
SECTION
2
HEADER
9
$ACADVER
1
AC1009
0
ENDSEC
0
SECTION
2
ENTITIES
0
POLYLINE
8
0
62
0
70
1
10
0
20
0
30
0
0
VERTEX
8
0
10
0
20
0
30
0
0
VERTEX
8
0
10
0
20
173.4453
30
0
0
VERTEX
8
0
10
280
20
173.4453
30
0
0
VERTEX
8
0
10
280
20
0
30
0
0
SEQEND
8
0
0
TEXT
8
0
62
0
10
0
20
-12
30
0
40
8
1
0
50
0
0
LINE
8
0
62
0
10
6.22222222222222
20
0
30
0
11
6.22222222222222
21
3.2
31
0
0
LINE
8
0
62
0
10
6.22222222222222
20
173.4453
30
0
11
6.22222222222222
21
170.2453
31
0
0
LINE
8
0
62
0
10
12.4444444444444
20
0
30
0
11
12.4444444444444
21
3.2
31
0
0
LINE
8
0
62
0
10
12.4444444444444
20
173.4453
30
0
11
12.4444444444444
21
170.2453
31
0
0
LINE
8
0
62
0
10
18.6666666666667
20
0
30
0
11
18.6666666666667
21
3.2
31
0
0
LINE
8
0
62
0
10
18.6666666666667
20
173.4453
30
0
11
18.6666666666667
21
170.2453
31
0
0
LINE
8
0
62
0
10
24.8888888888889
20
0
30
0
11
24.8888888888889
21
3.2
31
0
0
LINE
8
0
62
0
10
24.8888888888889
20
173.4453
30
0
11
24.8888888888889
21
170.2453
31
0
0
LINE
8
0
62
0
10
31.1111111111111
20
0
30
0
11
31.1111111111111
21
6.4
31
0
0
LINE
8
0
62
0
10
31.1111111111111
20
173.4453
30
0
11
31.1111111111111
21
167.0453
31
0
0
TEXT
8
0
62
0
10
31.1111111111111
20
-12
30
0
40
8
1
5
50
0
0
LINE
8
0
62
0
10
37.3333333333333
20
0
30
0
11
37.3333333333333
21
3.2
31
0
0
LINE
8
0
62
0
10
37.3333333333333
20
173.4453
30
0
11
37.3333333333333
21
170.2453
31
0
0
LINE
8
0
62
0
10
43.5555555555556
20
0
30
0
11
43.5555555555556
21
3.2
31
0
0
LINE
8
0
62
0
10
43.5555555555556
20
173.4453
30
0
11
43.5555555555556
21
170.2453
31
0
0
LINE
8
0
62
0
10
49.7777777777778
20
0
30
0
11
49.7777777777778
21
3.2
31
0
0
LINE
8
0
62
0
10
49.7777777777778
20
173.4453
30
0
11
49.7777777777778
21
170.2453
31
0
0
LINE
8
0
62
0
10
56
20
0
30
0
11
56
21
3.2
31
0
0
LINE
8
0
62
0
10
56
20
173.4453
30
0
11
56
21
170.2453
31
0
0
LINE
8
0
62
0
10
62.2222222222222
20
0
30
0
11
62.2222222222222
21
6.4
31
0
0
LINE
8
0
62
0
10
62.2222222222222
20
173.4453
30
0
11
62.2222222222222
21
167.0453
31
0
0
TEXT
8
0
62
0
10
62.2222222222222
20
-12
30
0
40
8
1
10
50
0
0
LINE
8
0
62
0
10
68.4444444444444
20
0
30
0
11
68.4444444444444
21
3.2
31
0
0
LINE
8
0
62
0
10
68.4444444444444
20
173.4453
30
0
11
68.4444444444444
21
170.2453
31
0
0
LINE
8
0
62
0
10
74.6666666666667
20
0
30
0
11
74.6666666666667
21
3.2
31
0
0
LINE
8
0
62
0
10
74.6666666666667
20
173.4453
30
0
11
74.6666666666667
21
170.2453
31
0
0
LINE
8
0
62
0
10
80.8888888888889
20
0
30
0
11
80.8888888888889
21
3.2
31
0
0
LINE
8
0
62
0
10
80.8888888888889
20
173.4453
30
0
11
80.8888888888889
21
170.2453
31
0
0
LINE
8
0
62
0
10
87.1111111111111
20
0
30
0
11
87.1111111111111
21
3.2
31
0
0
LINE
8
0
62
0
10
87.1111111111111
20
173.4453
30
0
11
87.1111111111111
21
170.2453
31
0
0
LINE
8
0
62
0
10
93.3333333333334
20
0
30
0
11
93.3333333333334
21
6.4
31
0
0
LINE
8
0
62
0
10
93.3333333333334
20
173.4453
30
0
11
93.3333333333334
21
167.0453
31
0
0
TEXT
8
0
62
0
10
93.3333333333334
20
-12
30
0
40
8
1
15
50
0
0
LINE
8
0
62
0
10
99.5555555555556
20
0
30
0
11
99.5555555555556
21
3.2
31
0
0
LINE
8
0
62
0
10
99.5555555555556
20
173.4453
30
0
11
99.5555555555556
21
170.2453
31
0
0
LINE
8
0
62
0
10
105.777777777778
20
0
30
0
11
105.777777777778
21
3.2
31
0
0
LINE
8
0
62
0
10
105.777777777778
20
173.4453
30
0
11
105.777777777778
21
170.2453
31
0
0
LINE
8
0
62
0
10
112
20
0
30
0
11
112
21
3.2
31
0
0
LINE
8
0
62
0
10
112
20
173.4453
30
0
11
112
21
170.2453
31
0
0
LINE
8
0
62
0
10
118.222222222222
20
0
30
0
11
118.222222222222
21
3.2
31
0
0
LINE
8
0
62
0
10
118.222222222222
20
173.4453
30
0
11
118.222222222222
21
170.2453
31
0
0
LINE
8
0
62
0
10
124.444444444445
20
0
30
0
11
124.444444444445
21
6.4
31
0
0
LINE
8
0
62
0
10
124.444444444445
20
173.4453
30
0
11
124.444444444445
21
167.0453
31
0
0
TEXT
8
0
62
0
10
124.444444444445
20
-12
30
0
40
8
1
20
50
0
0
LINE
8
0
62
0
10
130.666666666667
20
0
30
0
11
130.666666666667
21
3.2
31
0
0
LINE
8
0
62
0
10
130.666666666667
20
173.4453
30
0
11
130.666666666667
21
170.2453
31
0
0
LINE
8
0
62
0
10
136.888888888889
20
0
30
0
11
136.888888888889
21
3.2
31
0
0
LINE
8
0
62
0
10
136.888888888889
20
173.4453
30
0
11
136.888888888889
21
170.2453
31
0
0
LINE
8
0
62
0
10
143.111111111111
20
0
30
0
11
143.111111111111
21
3.2
31
0
0
LINE
8
0
62
0
10
143.111111111111
20
173.4453
30
0
11
143.111111111111
21
170.2453
31
0
0
LINE
8
0
62
0
10
149.333333333333
20
0
30
0
11
149.333333333333
21
3.2
31
0
0
LINE
8
0
62
0
10
149.333333333333
20
173.4453
30
0
11
149.333333333333
21
170.2453
31
0
0
LINE
8
0
62
0
10
155.555555555556
20
0
30
0
11
155.555555555556
21
6.4
31
0
0
LINE
8
0
62
0
10
155.555555555556
20
173.4453
30
0
11
155.555555555556
21
167.0453
31
0
0
TEXT
8
0
62
0
10
155.555555555556
20
-12
30
0
40
8
1
25
50
0
0
LINE
8
0
62
0
10
161.777777777778
20
0
30
0
11
161.777777777778
21
3.2
31
0
0
LINE
8
0
62
0
10
161.777777777778
20
173.4453
30
0
11
161.777777777778
21
170.2453
31
0
0
LINE
8
0
62
0
10
168
20
0
30
0
11
168
21
3.2
31
0
0
LINE
8
0
62
0
10
168
20
173.4453
30
0
11
168
21
170.2453
31
0
0
LINE
8
0
62
0
10
174.222222222222
20
0
30
0
11
174.222222222222
21
3.2
31
0
0
LINE
8
0
62
0
10
174.222222222222
20
173.4453
30
0
11
174.222222222222
21
170.2453
31
0
0
LINE
8
0
62
0
10
180.444444444445
20
0
30
0
11
180.444444444445
21
3.2
31
0
0
LINE
8
0
62
0
10
180.444444444445
20
173.4453
30
0
11
180.444444444445
21
170.2453
31
0
0
LINE
8
0
62
0
10
186.666666666667
20
0
30
0
11
186.666666666667
21
6.4
31
0
0
LINE
8
0
62
0
10
186.666666666667
20
173.4453
30
0
11
186.666666666667
21
167.0453
31
0
0
TEXT
8
0
62
0
10
186.666666666667
20
-12
30
0
40
8
1
30
50
0
0
LINE
8
0
62
0
10
192.888888888889
20
0
30
0
11
192.888888888889
21
3.2
31
0
0
LINE
8
0
62
0
10
192.888888888889
20
173.4453
30
0
11
192.888888888889
21
170.2453
31
0
0
LINE
8
0
62
0
10
199.111111111111
20
0
30
0
11
199.111111111111
21
3.2
31
0
0
LINE
8
0
62
0
10
199.111111111111
20
173.4453
30
0
11
199.111111111111
21
170.2453
31
0
0
LINE
8
0
62
0
10
205.333333333333
20
0
30
0
11
205.333333333333
21
3.2
31
0
0
LINE
8
0
62
0
10
205.333333333333
20
173.4453
30
0
11
205.333333333333
21
170.2453
31
0
0
LINE
8
0
62
0
10
211.555555555556
20
0
30
0
11
211.555555555556
21
3.2
31
0
0
LINE
8
0
62
0
10
211.555555555556
20
173.4453
30
0
11
211.555555555556
21
170.2453
31
0
0
LINE
8
0
62
0
10
217.777777777778
20
0
30
0
11
217.777777777778
21
6.4
31
0
0
LINE
8
0
62
0
10
217.777777777778
20
173.4453
30
0
11
217.777777777778
21
167.0453
31
0
0
TEXT
8
0
62
0
10
217.777777777778
20
-12
30
0
40
8
1
35
50
0
0
LINE
8
0
62
0
10
224
20
0
30
0
11
224
21
3.2
31
0
0
LINE
8
0
62
0
10
224
20
173.4453
30
0
11
224
21
170.2453
31
0
0
LINE
8
0
62
0
10
230.222222222222
20
0
30
0
11
230.222222222222
21
3.2
31
0
0
LINE
8
0
62
0
10
230.222222222222
20
173.4453
30
0
11
230.222222222222
21
170.2453
31
0
0
LINE
8
0
62
0
10
236.444444444445
20
0
30
0
11
236.444444444445
21
3.2
31
0
0
LINE
8
0
62
0
10
236.444444444445
20
173.4453
30
0
11
236.444444444445
21
170.2453
31
0
0
LINE
8
0
62
0
10
242.666666666667
20
0
30
0
11
242.666666666667
21
3.2
31
0
0
LINE
8
0
62
0
10
242.666666666667
20
173.4453
30
0
11
242.666666666667
21
170.2453
31
0
0
LINE
8
0
62
0
10
248.888888888889
20
0
30
0
11
248.888888888889
21
6.4
31
0
0
LINE
8
0
62
0
10
248.888888888889
20
173.4453
30
0
11
248.888888888889
21
167.0453
31
0
0
TEXT
8
0
62
0
10
248.888888888889
20
-12
30
0
40
8
1
40
50
0
0
LINE
8
0
62
0
10
255.111111111111
20
0
30
0
11
255.111111111111
21
3.2
31
0
0
LINE
8
0
62
0
10
255.111111111111
20
173.4453
30
0
11
255.111111111111
21
170.2453
31
0
0
LINE
8
0
62
0
10
261.333333333333
20
0
30
0
11
261.333333333333
21
3.2
31
0
0
LINE
8
0
62
0
10
261.333333333333
20
173.4453
30
0
11
261.333333333333
21
170.2453
31
0
0
LINE
8
0
62
0
10
267.555555555556
20
0
30
0
11
267.555555555556
21
3.2
31
0
0
LINE
8
0
62
0
10
267.555555555556
20
173.4453
30
0
11
267.555555555556
21
170.2453
31
0
0
LINE
8
0
62
0
10
273.777777777778
20
0
30
0
11
273.777777777778
21
3.2
31
0
0
LINE
8
0
62
0
10
273.777777777778
20
173.4453
30
0
11
273.777777777778
21
170.2453
31
0
0
LINE
8
0
62
0
10
280
20
0
30
0
11
280
21
6.4
31
0
0
LINE
8
0
62
0
10
280
20
173.4453
30
0
11
280
21
167.0453
31
0
0
TEXT
8
0
62
0
10
280
20
-12
30
0
40
8
1
45
50
0
0
TEXT
8
0
62
0
10
-4
20
-4
30
0
40
8
1
0
50
0
0
LINE
8
0
62
0
10
0
20
8.672265
30
0
11
3.2
21
8.672265
31
0
0
LINE
8
0
62
0
10
280
20
8.672265
30
0
11
276.8
21
8.672265
31
0
0
LINE
8
0
62
0
10
0
20
17.34453
30
0
11
3.2
21
17.34453
31
0
0
LINE
8
0
62
0
10
280
20
17.34453
30
0
11
276.8
21
17.34453
31
0
0
LINE
8
0
62
0
10
0
20
26.016795
30
0
11
3.2
21
26.016795
31
0
0
LINE
8
0
62
0
10
280
20
26.016795
30
0
11
276.8
21
26.016795
31
0
0
LINE
8
0
62
0
10
0
20
34.68906
30
0
11
3.2
21
34.68906
31
0
0
LINE
8
0
62
0
10
280
20
34.68906
30
0
11
276.8
21
34.68906
31
0
0
LINE
8
0
62
0
10
0
20
43.361325
30
0
11
6.4
21
43.361325
31
0
0
LINE
8
0
62
0
10
280
20
43.361325
30
0
11
273.6
21
43.361325
31
0
0
TEXT
8
0
62
0
10
-4
20
39.361325
30
0
40
8
1
50
50
0
0
LINE
8
0
62
0
10
0
20
52.03359
30
0
11
3.2
21
52.03359
31
0
0
LINE
8
0
62
0
10
280
20
52.03359
30
0
11
276.8
21
52.03359
31
0
0
LINE
8
0
62
0
10
0
20
60.705855
30
0
11
3.2
21
60.705855
31
0
0
LINE
8
0
62
0
10
280
20
60.705855
30
0
11
276.8
21
60.705855
31
0
0
LINE
8
0
62
0
10
0
20
69.37812
30
0
11
3.2
21
69.37812
31
0
0
LINE
8
0
62
0
10
280
20
69.37812
30
0
11
276.8
21
69.37812
31
0
0
LINE
8
0
62
0
10
0
20
78.050385
30
0
11
3.2
21
78.050385
31
0
0
LINE
8
0
62
0
10
280
20
78.050385
30
0
11
276.8
21
78.050385
31
0
0
LINE
8
0
62
0
10
0
20
86.72265
30
0
11
6.4
21
86.72265
31
0
0
LINE
8
0
62
0
10
280
20
86.72265
30
0
11
273.6
21
86.72265
31
0
0
TEXT
8
0
62
0
10
-4
20
82.72265
30
0
40
8
1
100
50
0
0
LINE
8
0
62
0
10
0
20
95.394915
30
0
11
3.2
21
95.394915
31
0
0
LINE
8
0
62
0
10
280
20
95.394915
30
0
11
276.8
21
95.394915
31
0
0
LINE
8
0
62
0
10
0
20
104.06718
30
0
11
3.2
21
104.06718
31
0
0
LINE
8
0
62
0
10
280
20
104.06718
30
0
11
276.8
21
104.06718
31
0
0
LINE
8
0
62
0
10
0
20
112.739445
30
0
11
3.2
21
112.739445
31
0
0
LINE
8
0
62
0
10
280
20
112.739445
30
0
11
276.8
21
112.739445
31
0
0
LINE
8
0
62
0
10
0
20
121.41171
30
0
11
3.2
21
121.41171
31
0
0
LINE
8
0
62
0
10
280
20
121.41171
30
0
11
276.8
21
121.41171
31
0
0
LINE
8
0
62
0
10
0
20
130.083975
30
0
11
6.4
21
130.083975
31
0
0
LINE
8
0
62
0
10
280
20
130.083975
30
0
11
273.6
21
130.083975
31
0
0
TEXT
8
0
62
0
10
-4
20
126.083975
30
0
40
8
1
150
50
0
0
LINE
8
0
62
0
10
0
20
138.75624
30
0
11
3.2
21
138.75624
31
0
0
LINE
8
0
62
0
10
280
20
138.75624
30
0
11
276.8
21
138.75624
31
0
0
LINE
8
0
62
0
10
0
20
147.428505
30
0
11
3.2
21
147.428505
31
0
0
LINE
8
0
62
0
10
280
20
147.428505
30
0
11
276.8
21
147.428505
31
0
0
LINE
8
0
62
0
10
0
20
156.10077
30
0
11
3.2
21
156.10077
31
0
0
LINE
8
0
62
0
10
280
20
156.10077
30
0
11
276.8
21
156.10077
31
0
0
LINE
8
0
62
0
10
0
20
164.773035
30
0
11
3.2
21
164.773035
31
0
0
LINE
8
0
62
0
10
280
20
164.773035
30
0
11
276.8
21
164.773035
31
0
0
LINE
8
0
62
0
10
0
20
173.4453
30
0
11
6.4
21
173.4453
31
0
0
LINE
8
0
62
0
10
280
20
173.4453
30
0
11
273.6
21
173.4453
31
0
0
TEXT
8
0
62
0
10
-4
20
169.4453
30
0
40
8
1
200
50
0
0
TEXT
8
0
62
0
10
140
20
-32
30
0
40
10
1
R (kpc)
50
0
0
TEXT
8
0
62
0
10
-24
20
86.72265
30
0
40
10
1
V (km/s)
50
90
0
TEXT
8
0
62
0
10
123
20
188.4453
30
0
40
11
1
V vs. R
50
0
0
POLYLINE
8
0
62
5
70
0
10
0
20
0
30
0
0
VERTEX
8
0
10
7.46666666666667
20
59.4005398838876
30
0
0
VERTEX
8
0
10
8.08888888888889
20
60.6307993808236
30
0
0
VERTEX
8
0
10
8.71111111111111
20
61.8610588777595
30
0
0
VERTEX
8
0
10
9.33333333333334
20
63.0913183746954
30
0
0
VERTEX
8
0
10
9.95555555555556
20
64.3215778716313
30
0
0
VERTEX
8
0
10
10.5777777777778
20
65.2206136578537
30
0
0
VERTEX
8
0
10
11.2
20
66.1196494440761
30
0
0
VERTEX
8
0
10
11.8222222222222
20
67.0186852302985
30
0
0
VERTEX
8
0
10
12.4444444444444
20
67.9177210165209
30
0
0
VERTEX
8
0
10
13.0666666666667
20
68.4855330920298
30
0
0
VERTEX
8
0
10
13.6888888888889
20
69.0533451675387
30
0
0
VERTEX
8
0
10
14.3111111111111
20
69.6211572430476
30
0
0
VERTEX
8
0
10
14.9333333333333
20
70.1889693185565
30
0
0
VERTEX
8
0
10
15.5555555555556
20
70.7567813940654
30
0
0
VERTEX
8
0
10
16.1777777777778
20
71.3245934695743
30
0
0
VERTEX
8
0
10
16.8
20
71.8924055450832
30
0
0
VERTEX
8
0
10
17.4222222222222
20
72.460217620592
30
0
0
VERTEX
8
0
10
18.0444444444445
20
73.6904771175279
30
0
0
VERTEX
8
0
10
18.6666666666667
20
74.9207366144639
30
0
0
VERTEX
8
0
10
19.2888888888889
20
76.1509961113998
30
0
0
VERTEX
8
0
10
19.9111111111111
20
77.3812556083357
30
0
0
VERTEX
8
0
10
20.5333333333333
20
78.5168797593535
30
0
0
VERTEX
8
0
10
21.1555555555556
20
79.6525039103713
30
0
0
VERTEX
8
0
10
21.7777777777778
20
80.7881280613891
30
0
0
VERTEX
8
0
10
22.4
20
81.9237522124068
30
0
0
VERTEX
8
0
10
23.0222222222222
20
83.2013293823019
30
0
0
VERTEX
8
0
10
23.6444444444445
20
84.4789065521968
30
0
0
VERTEX
8
0
10
24.2666666666667
20
85.7564837220918
30
0
0
VERTEX
8
0
10
24.8888888888889
20
87.0340608919868
30
0
0
VERTEX
8
0
10
25.5111111111111
20
88.1223673700455
30
0
0
VERTEX
8
0
10
26.1333333333333
20
89.2106738481042
30
0
0
VERTEX
8
0
10
26.7555555555556
20
90.2989803261629
30
0
0
VERTEX
8
0
10
27.3777777777778
20
91.3872868042216
30
0
0
VERTEX
8
0
10
28
20
92.5702286281985
30
0
0
VERTEX
8
0
10
28.6222222222222
20
93.7531704521753
30
0
0
VERTEX
8
0
10
29.2444444444444
20
94.9361122761521
30
0
0
VERTEX
8
0
10
29.8666666666667
20
96.119054100129
30
0
0
VERTEX
8
0
10
30.4888888888889
20
97.3493135970649
30
0
0
VERTEX
8
0
10
31.1111111111111
20
98.5795730940008
30
0
0
VERTEX
8
0
10
31.7333333333333
20
99.8098325909368
30
0
0
VERTEX
8
0
10
32.3555555555555
20
101.040092087873
30
0
0
VERTEX
8
0
10
32.9777777777778
20
101.797174855218
30
0
0
VERTEX
8
0
10
33.6
20
102.554257622563
30
0
0
VERTEX
8
0
10
34.2222222222222
20
103.311340389908
30
0
0
VERTEX
8
0
10
34.8444444444444
20
104.068423157253
30
0
0
VERTEX
8
0
10
35.4666666666666
20
104.163058503172
30
0
0
VERTEX
8
0
10
36.0888888888889
20
104.25769384909
30
0
0
VERTEX
8
0
10
36.7111111111111
20
104.352329195008
30
0
0
VERTEX
8
0
10
37.3333333333333
20
104.446964540926
30
0
0
VERTEX
8
0
10
37.9555555555555
20
104.541599886844
30
0
0
VERTEX
8
0
10
38.5777777777777
20
104.636235232762
30
0
0
VERTEX
8
0
10
39.2
20
104.73087057868
30
0
0
VERTEX
8
0
10
39.8222222222222
20
104.825505924599
30
0
0
VERTEX
8
0
10
40.4444444444444
20
104.636235232762
30
0
0
VERTEX
8
0
10
41.0666666666666
20
104.446964540926
30
0
0
VERTEX
8
0
10
41.6888888888888
20
104.25769384909
30
0
0
VERTEX
8
0
10
42.3111111111111
20
104.068423157253
30
0
0
VERTEX
8
0
10
42.9333333333333
20
103.879152465417
30
0
0
VERTEX
8
0
10
43.5555555555555
20
103.689881773581
30
0
0
VERTEX
8
0
10
44.1777777777777
20
103.500611081745
30
0
0
VERTEX
8
0
10
44.7999999999999
20
103.311340389908
30
0
0
VERTEX
8
0
10
45.4222222222222
20
102.980116679195
30
0
0
VERTEX
8
0
10
46.0444444444444
20
102.648892968481
30
0
0
VERTEX
8
0
10
46.6666666666666
20
102.317669257768
30
0
0
VERTEX
8
0
10
47.2888888888888
20
101.986445547054
30
0
0
VERTEX
8
0
10
47.911111111111
20
101.655221836341
30
0
0
VERTEX
8
0
10
48.5333333333333
20
101.323998125627
30
0
0
VERTEX
8
0
10
49.1555555555555
20
100.992774414914
30
0
0
VERTEX
8
0
10
49.7777777777777
20
100.6615507042
30
0
0
VERTEX
8
0
10
50.3999999999999
20
100.283009320528
30
0
0
VERTEX
8
0
10
51.0222222222221
20
99.904467936855
30
0
0
VERTEX
8
0
10
51.6444444444444
20
99.5259265531824
30
0
0
VERTEX
8
0
10
52.2666666666666
20
99.1473851695098
30
0
0
VERTEX
8
0
10
52.8888888888888
20
98.9107968047144
30
0
0
VERTEX
8
0
10
53.511111111111
20
98.674208439919
30
0
0
VERTEX
8
0
10
54.1333333333332
20
98.4376200751237
30
0
0
VERTEX
8
0
10
54.7555555555555
20
98.2010317103283
30
0
0
VERTEX
8
0
10
55.3777777777777
20
97.8698079996148
30
0
0
VERTEX
8
0
10
55.9999999999999
20
97.5385842889013
30
0
0
VERTEX
8
0
10
56.6222222222221
20
97.2073605781878
30
0
0
VERTEX
8
0
10
57.2444444444443
20
96.8761368674742
30
0
0
VERTEX
8
0
10
57.8666666666666
20
96.7815015215561
30
0
0
VERTEX
8
0
10
58.4888888888888
20
96.6868661756379
30
0
0
VERTEX
8
0
10
59.111111111111
20
96.5922308297198
30
0
0
VERTEX
8
0
10
59.7333333333332
20
96.4975954838016
30
0
0
VERTEX
8
0
10
60.3555555555554
20
96.4029601378835
30
0
0
VERTEX
8
0
10
60.9777777777777
20
96.3083247919653
30
0
0
VERTEX
8
0
10
61.5999999999999
20
96.2136894460472
30
0
0
VERTEX
8
0
10
62.2222222222221
20
96.119054100129
30
0
0
VERTEX
8
0
10
62.8444444444443
20
96.119054100129
30
0
0
VERTEX
8
0
10
63.4666666666665
20
96.119054100129
30
0
0
VERTEX
8
0
10
64.0888888888888
20
96.119054100129
30
0
0
VERTEX
8
0
10
64.711111111111
20
96.119054100129
30
0
0
VERTEX
8
0
10
65.3333333333332
20
96.119054100129
30
0
0
VERTEX
8
0
10
65.9555555555554
20
96.119054100129
30
0
0
VERTEX
8
0
10
66.5777777777776
20
96.119054100129
30
0
0
VERTEX
8
0
10
67.1999999999999
20
96.119054100129
30
0
0
VERTEX
8
0
10
67.8222222222221
20
95.8824657353337
30
0
0
VERTEX
8
0
10
68.4444444444443
20
95.6458773705383
30
0
0
VERTEX
8
0
10
69.0666666666665
20
95.409289005743
30
0
0
VERTEX
8
0
10
69.6888888888887
20
95.1727006409476
30
0
0
VERTEX
8
0
10
70.311111111111
20
94.8414769302341
30
0
0
VERTEX
8
0
10
70.9333333333332
20
94.5102532195206
30
0
0
VERTEX
8
0
10
71.5555555555554
20
94.1790295088071
30
0
0
VERTEX
8
0
10
72.1777777777776
20
93.8478057980936
30
0
0
VERTEX
8
0
10
72.7999999999998
20
93.5165820873801
30
0
0
VERTEX
8
0
10
73.4222222222221
20
93.1853583766665
30
0
0
VERTEX
8
0
10
74.0444444444443
20
92.854134665953
30
0
0
VERTEX
8
0
10
74.6666666666665
20
92.5229109552395
30
0
0
VERTEX
8
0
10
75.2888888888887
20
92.191687244526
30
0
0
VERTEX
8
0
10
75.9111111111109
20
91.8604635338125
30
0
0
VERTEX
8
0
10
76.5333333333332
20
91.5292398230989
30
0
0
VERTEX
8
0
10
77.1555555555554
20
91.1980161123854
30
0
0
VERTEX
8
0
10
77.7777777777776
20
90.8194747287128
30
0
0
VERTEX
8
0
10
78.3999999999998
20
90.4409333450403
30
0
0
VERTEX
8
0
10
79.022222222222
20
90.0623919613677
30
0
0
VERTEX
8
0
10
79.6444444444443
20
89.6838505776951
30
0
0
VERTEX
8
0
10
80.2666666666665
20
89.2579915210634
30
0
0
VERTEX
8
0
10
80.8888888888887
20
88.8321324644318
30
0
0
VERTEX
8
0
10
81.5111111111109
20
88.4062734078001
30
0
0
VERTEX
8
0
10
82.1333333333331
20
87.9804143511684
30
0
0
VERTEX
8
0
10
82.7555555555554
20
87.6491906404549
30
0
0
VERTEX
8
0
10
83.3777777777776
20
87.3179669297414
30
0
0
VERTEX
8
0
10
83.9999999999998
20
86.9867432190279
30
0
0
VERTEX
8
0
10
84.622222222222
20
86.6555195083143
30
0
0
VERTEX
8
0
10
85.2444444444442
20
86.2296604516827
30
0
0
VERTEX
8
0
10
85.8666666666665
20
85.8038013950511
30
0
0
VERTEX
8
0
10
86.4888888888887
20
85.3779423384194
30
0
0
VERTEX
8
0
10
87.1111111111109
20
84.9520832817877
30
0
0
VERTEX
8
0
10
87.7333333333331
20
84.6208595710742
30
0
0
VERTEX
8
0
10
88.3555555555553
20
84.2896358603606
30
0
0
VERTEX
8
0
10
88.9777777777776
20
83.9584121496471
30
0
0
VERTEX
8
0
10
89.5999999999998
20
83.6271884389336
30
0
0
VERTEX
8
0
10
90.222222222222
20
83.3432824011792
30
0
0
VERTEX
8
0
10
90.8444444444442
20
83.0593763634247
30
0
0
VERTEX
8
0
10
91.4666666666664
20
82.7754703256703
30
0
0
VERTEX
8
0
10
92.0888888888887
20
82.4915642879158
30
0
0
VERTEX
8
0
10
92.7111111111109
20
82.3022935960795
30
0
0
VERTEX
8
0
10
93.3333333333331
20
82.1130229042432
30
0
0
VERTEX
8
0
10
93.9555555555553
20
81.9237522124069
30
0
0
VERTEX
8
0
10
94.5777777777775
20
81.7344815205706
30
0
0
VERTEX
8
0
10
95.1999999999998
20
81.5452108287343
30
0
0
VERTEX
8
0
10
95.822222222222
20
81.355940136898
30
0
0
VERTEX
8
0
10
96.4444444444442
20
81.1666694450617
30
0
0
VERTEX
8
0
10
97.0666666666664
20
80.9773987532254
30
0
0
VERTEX
8
0
10
97.6888888888886
20
80.8827634073072
30
0
0
VERTEX
8
0
10
98.3111111111109
20
80.7881280613891
30
0
0
VERTEX
8
0
10
98.9333333333331
20
80.6934927154709
30
0
0
VERTEX
8
0
10
99.5555555555553
20
80.5988573695528
30
0
0
VERTEX
8
0
10
100.177777777778
20
80.4095866777165
30
0
0
VERTEX
8
0
10
100.8
20
80.2203159858802
30
0
0
VERTEX
8
0
10
101.422222222222
20
80.0310452940439
30
0
0
VERTEX
8
0
10
102.044444444444
20
79.8417746022077
30
0
0
VERTEX
8
0
10
102.666666666666
20
79.5578685644532
30
0
0
VERTEX
8
0
10
103.288888888889
20
79.2739625266988
30
0
0
VERTEX
8
0
10
103.911111111111
20
78.9900564889443
30
0
0
VERTEX
8
0
10
104.533333333333
20
78.7061504511899
30
0
0
VERTEX
8
0
10
105.155555555555
20
78.5168797593536
30
0
0
VERTEX
8
0
10
105.777777777778
20
78.3276090675173
30
0
0
VERTEX
8
0
10
106.4
20
78.138338375681
30
0
0
VERTEX
8
0
10
107.022222222222
20
77.9490676838447
30
0
0
VERTEX
8
0
10
107.644444444444
20
77.6651616460902
30
0
0
VERTEX
8
0
10
108.266666666667
20
77.3812556083358
30
0
0
VERTEX
8
0
10
108.888888888889
20
77.0973495705813
30
0
0
VERTEX
8
0
10
109.511111111111
20
76.8134435328269
30
0
0
VERTEX
8
0
10
110.133333333333
20
76.5768551680315
30
0
0
VERTEX
8
0
10
110.755555555555
20
76.3402668032361
30
0
0
VERTEX
8
0
10
111.377777777778
20
76.1036784384408
30
0
0
VERTEX
8
0
10
112
20
75.8670900736454
30
0
0
VERTEX
8
0
10
112.622222222222
20
75.5831840358909
30
0
0
VERTEX
8
0
10
113.244444444444
20
75.2992779981365
30
0
0
VERTEX
8
0
10
113.866666666667
20
75.015371960382
30
0
0
VERTEX
8
0
10
114.488888888889
20
74.7314659226276
30
0
0
VERTEX
8
0
10
115.111111111111
20
74.4002422119141
30
0
0
VERTEX
8
0
10
115.733333333333
20
74.0690185012005
30
0
0
VERTEX
8
0
10
116.355555555556
20
73.737794790487
30
0
0
VERTEX
8
0
10
116.977777777778
20
73.4065710797735
30
0
0
VERTEX
8
0
10
117.6
20
73.07534736906
30
0
0
VERTEX
8
0
10
118.222222222222
20
72.7441236583465
30
0
0
VERTEX
8
0
10
118.844444444444
20
72.4128999476329
30
0
0
VERTEX
8
0
10
119.466666666667
20
72.0816762369194
30
0
0
VERTEX
8
0
10
120.088888888889
20
71.797770199165
30
0
0
VERTEX
8
0
10
120.711111111111
20
71.5138641614105
30
0
0
VERTEX
8
0
10
121.333333333333
20
71.2299581236561
30
0
0
VERTEX
8
0
10
121.955555555556
20
70.9460520859016
30
0
0
VERTEX
8
0
10
122.577777777778
20
70.567510702229
30
0
0
VERTEX
8
0
10
123.2
20
70.1889693185564
30
0
0
VERTEX
8
0
10
123.822222222222
20
69.8104279348838
30
0
0
VERTEX
8
0
10
124.444444444445
20
69.4318865512112
30
0
0
VERTEX
8
0
10
125.066666666667
20
69.1952981864159
30
0
0
VERTEX
8
0
10
125.688888888889
20
68.9587098216205
30
0
0
VERTEX
8
0
10
126.311111111111
20
68.7221214568251
30
0
0
VERTEX
8
0
10
126.933333333333
20
68.4855330920298
30
0
0
VERTEX
8
0
10
127.555555555556
20
68.2962624001935
30
0
0
VERTEX
8
0
10
128.177777777778
20
68.1069917083572
30
0
0
VERTEX
8
0
10
128.8
20
67.9177210165209
30
0
0
VERTEX
8
0
10
129.422222222222
20
67.7284503246846
30
0
0
VERTEX
8
0
10
130.044444444445
20
67.4445442869301
30
0
0
VERTEX
8
0
10
130.666666666667
20
67.1606382491756
30
0
0
VERTEX
8
0
10
131.288888888889
20
66.8767322114212
30
0
0
VERTEX
8
0
10
131.911111111111
20
66.5928261736667
30
0
0
VERTEX
8
0
10
132.533333333334
20
66.4035554818305
30
0
0
VERTEX
8
0
10
133.155555555556
20
66.2142847899942
30
0
0
VERTEX
8
0
10
133.777777777778
20
66.0250140981579
30
0
0
VERTEX
8
0
10
134.4
20
65.8357434063216
30
0
0
VERTEX
8
0
10
135.022222222222
20
65.6464727144853
30
0
0
VERTEX
8
0
10
135.644444444445
20
65.457202022649
30
0
0
VERTEX
8
0
10
136.266666666667
20
65.2679313308127
30
0
0
VERTEX
8
0
10
136.888888888889
20
65.0786606389764
30
0
0
VERTEX
8
0
10
137.511111111111
20
64.8893899471401
30
0
0
VERTEX
8
0
10
138.133333333334
20
64.7001192553038
30
0
0
VERTEX
8
0
10
138.755555555556
20
64.5108485634675
30
0
0
VERTEX
8
0
10
139.377777777778
20
64.3215778716312
30
0
0
VERTEX
8
0
10
140
20
64.1323071797949
30
0
0
VERTEX
8
0
10
140.622222222223
20
63.9430364879586
30
0
0
VERTEX
8
0
10
141.244444444445
20
63.7537657961223
30
0
0
VERTEX
8
0
10
141.866666666667
20
63.564495104286
30
0
0
VERTEX
8
0
10
142.488888888889
20
63.3752244124497
30
0
0
VERTEX
8
0
10
143.111111111111
20
63.1859537206134
30
0
0
VERTEX
8
0
10
143.733333333334
20
62.9966830287771
30
0
0
VERTEX
8
0
10
144.355555555556
20
62.8074123369408
30
0
0
VERTEX
8
0
10
144.977777777778
20
62.6181416451045
30
0
0
VERTEX
8
0
10
145.6
20
62.4288709532682
30
0
0
VERTEX
8
0
10
146.222222222223
20
62.2396002614319
30
0
0
VERTEX
8
0
10
146.844444444445
20
62.0503295695956
30
0
0
VERTEX
8
0
10
147.466666666667
20
61.8610588777593
30
0
0
VERTEX
8
0
10
148.088888888889
20
61.671788185923
30
0
0
VERTEX
8
0
10
148.711111111112
20
61.4825174940867
30
0
0
VERTEX
8
0
10
149.333333333334
20
61.2932468022504
30
0
0
VERTEX
8
0
10
149.955555555556
20
61.1986114563323
30
0
0
VERTEX
8
0
10
150.577777777778
20
61.1039761104142
30
0
0
VERTEX
8
0
10
151.2
20
61.009340764496
30
0
0
VERTEX
8
0
10
151.822222222223
20
60.9147054185779
30
0
0
VERTEX
8
0
10
152.444444444445
20
60.7254347267415
30
0
0
VERTEX
8
0
10
153.066666666667
20
60.5361640349052
30
0
0
VERTEX
8
0
10
153.688888888889
20
60.3468933430689
30
0
0
VERTEX
8
0
10
154.311111111112
20
60.1576226512326
30
0
0
VERTEX
8
0
10
154.933333333334
20
60.0629873053145
30
0
0
VERTEX
8
0
10
155.555555555556
20
59.9683519593964
30
0
0
VERTEX
8
0
10
156.177777777778
20
59.8737166134782
30
0
0
VERTEX
8
0
10
156.800000000001
20
59.7790812675601
30
0
0
VERTEX
8
0
10
157.422222222223
20
59.5898105757237
30
0
0
VERTEX
8
0
10
158.044444444445
20
59.4005398838874
30
0
0
VERTEX
8
0
10
158.666666666667
20
59.2112691920511
30
0
0
VERTEX
8
0
10
159.288888888889
20
59.0219985002148
30
0
0
VERTEX
8
0
10
159.911111111112
20
58.9273631542967
30
0
0
VERTEX
8
0
10
160.533333333334
20
58.8327278083786
30
0
0
VERTEX
8
0
10
161.155555555556
20
58.7380924624604
30
0
0
VERTEX
8
0
10
161.777777777778
20
58.6434571165423
30
0
0
VERTEX
8
0
10
162.400000000001
20
58.5488217706241
30
0
0
VERTEX
8
0
10
163.022222222223
20
58.454186424706
30
0
0
VERTEX
8
0
10
163.644444444445
20
58.3595510787879
30
0
0
VERTEX
8
0
10
164.266666666667
20
58.2649157328697
30
0
0
VERTEX
8
0
10
164.88888888889
20
58.1702803869516
30
0
0
VERTEX
8
0
10
165.511111111112
20
58.0756450410334
30
0
0
VERTEX
8
0
10
166.133333333334
20
57.9810096951153
30
0
0
VERTEX
8
0
10
166.755555555556
20
57.8863743491971
30
0
0
VERTEX
8
0
10
167.377777777778
20
57.7917390032789
30
0
0
VERTEX
8
0
10
168.000000000001
20
57.6971036573608
30
0
0
VERTEX
8
0
10
168.622222222223
20
57.6024683114427
30
0
0
VERTEX
8
0
10
169.244444444445
20
57.5078329655245
30
0
0
VERTEX
8
0
10
169.866666666667
20
57.3185622736881
30
0
0
VERTEX
8
0
10
170.48888888889
20
57.1292915818518
30
0
0
VERTEX
8
0
10
171.111111111112
20
56.9400208900155
30
0
0
VERTEX
8
0
10
171.733333333334
20
56.7507501981792
30
0
0
VERTEX
8
0
10
172.355555555556
20
56.6561148522612
30
0
0
VERTEX
8
0
10
172.977777777779
20
56.561479506343
30
0
0
VERTEX
8
0
10
173.600000000001
20
56.4668441604249
30
0
0
VERTEX
8
0
10
174.222222222223
20
56.3722088145067
30
0
0
VERTEX
8
0
10
174.844444444445
20
56.2775734685886
30
0
0
VERTEX
8
0
10
175.466666666667
20
56.1829381226704
30
0
0
VERTEX
8
0
10
176.08888888889
20
56.0883027767523
30
0
0
VERTEX
8
0
10
176.711111111112
20
55.9936674308341
30
0
0
VERTEX
8
0
10
177.333333333334
20
55.8043967389977
30
0
0
VERTEX
8
0
10
177.955555555556
20
55.6151260471614
30
0
0
VERTEX
8
0
10
178.577777777779
20
55.4258553553251
30
0
0
VERTEX
8
0
10
179.200000000001
20
55.2365846634888
30
0
0
VERTEX
8
0
10
179.822222222223
20
55.1419493175708
30
0
0
VERTEX
8
0
10
180.444444444445
20
55.0473139716526
30
0
0
VERTEX
8
0
10
181.066666666668
20
54.9526786257345
30
0
0
VERTEX
8
0
10
181.68888888889
20
54.8580432798163
30
0
0
VERTEX
8
0
10
182.311111111112
20
54.7634079338982
30
0
0
VERTEX
8
0
10
182.933333333334
20
54.66877258798
30
0
0
VERTEX
8
0
10
183.555555555556
20
54.5741372420619
30
0
0
VERTEX
8
0
10
184.177777777779
20
54.4795018961437
30
0
0
VERTEX
8
0
10
184.800000000001
20
54.3848665502256
30
0
0
VERTEX
8
0
10
185.422222222223
20
54.2902312043074
30
0
0
VERTEX
8
0
10
186.044444444445
20
54.1955958583893
30
0
0
VERTEX
8
0
10
186.666666666668
20
54.1009605124711
30
0
0
VERTEX
8
0
10
187.28888888889
20
54.006325166553
30
0
0
VERTEX
8
0
10
187.911111111112
20
53.9116898206348
30
0
0
VERTEX
8
0
10
188.533333333334
20
53.8170544747167
30
0
0
VERTEX
8
0
10
189.155555555557
20
53.7224191287985
30
0
0
VERTEX
8
0
10
189.777777777779
20
53.6277837828804
30
0
0
VERTEX
8
0
10
190.400000000001
20
53.5331484369622
30
0
0
VERTEX
8
0
10
191.022222222223
20
53.4385130910441
30
0
0
VERTEX
8
0
10
191.644444444445
20
53.3438777451259
30
0
0
VERTEX
8
0
10
192.266666666668
20
53.2492423992078
30
0
0
VERTEX
8
0
10
192.88888888889
20
53.1546070532896
30
0
0
VERTEX
8
0
10
193.511111111112
20
53.0599717073715
30
0
0
VERTEX
8
0
10
194.133333333334
20
52.9653363614533
30
0
0
VERTEX
8
0
10
194.755555555557
20
52.8707010155352
30
0
0
VERTEX
8
0
10
195.377777777779
20
52.776065669617
30
0
0
VERTEX
8
0
10
196.000000000001
20
52.6814303236989
30
0
0
VERTEX
8
0
10
196.622222222223
20
52.5867949777807
30
0
0
VERTEX
8
0
10
197.244444444446
20
52.4921596318626
30
0
0
VERTEX
8
0
10
197.866666666668
20
52.3975242859444
30
0
0
VERTEX
8
0
10
198.48888888889
20
52.3028889400263
30
0
0
VERTEX
8
0
10
199.111111111112
20
52.2082535941082
30
0
0
VERTEX
8
0
10
199.733333333334
20
52.11361824819
30
0
0
VERTEX
8
0
10
200.355555555557
20
52.0189829022718
30
0
0
VERTEX
8
0
10
200.977777777779
20
51.9243475563537
30
0
0
VERTEX
8
0
10
201.600000000001
20
51.8297122104355
30
0
0
VERTEX
8
0
10
202.222222222223
20
51.7350768645174
30
0
0
VERTEX
8
0
10
202.844444444446
20
51.6404415185992
30
0
0
VERTEX
8
0
10
203.466666666668
20
51.5458061726811
30
0
0
VERTEX
8
0
10
204.08888888889
20
51.451170826763
30
0
0
VERTEX
8
0
10
204.711111111112
20
51.3565354808448
30
0
0
VERTEX
8
0
10
205.333333333335
20
51.2619001349266
30
0
0
VERTEX
8
0
10
205.955555555557
20
51.1672647890085
30
0
0
VERTEX
8
0
10
206.577777777779
20
51.0726294430903
30
0
0
VERTEX
8
0
10
207.200000000001
20
50.9779940971722
30
0
0
VERTEX
8
0
10
207.822222222224
20
50.883358751254
30
0
0
VERTEX
8
0
10
208.444444444446
20
50.7887234053359
30
0
0
VERTEX
8
0
10
209.066666666668
20
50.6940880594178
30
0
0
VERTEX
8
0
10
209.68888888889
20
50.694088059418
30
0
0
VERTEX
8
0
10
210.311111111112
20
50.694088059418
30
0
0
VERTEX
8
0
10
210.933333333335
20
50.694088059418
30
0
0
VERTEX
8
0
10
211.555555555557
20
50.694088059418
30
0
0
VERTEX
8
0
10
212.177777777779
20
50.5994527134996
30
0
0
VERTEX
8
0
10
212.800000000001
20
50.5048173675814
30
0
0
VERTEX
8
0
10
213.422222222224
20
50.4101820216633
30
0
0
VERTEX
8
0
10
214.044444444446
20
50.3155466757451
30
0
0
VERTEX
8
0
10
214.666666666668
20
50.220911329827
30
0
0
VERTEX
8
0
10
215.28888888889
20
50.1262759839088
30
0
0
VERTEX
8
0
10
215.911111111112
20
50.0316406379907
30
0
0
VERTEX
8
0
10
216.533333333335
20
49.9370052920725
30
0
0
VERTEX
8
0
10
217.155555555557
20
49.8423699461544
30
0
0
VERTEX
8
0
10
217.777777777779
20
49.7477346002362
30
0
0
VERTEX
8
0
10
218.400000000001
20
49.6530992543181
30
0
0
VERTEX
8
0
10
219.022222222224
20
49.5584639083999
30
0
0
VERTEX
8
0
10
219.644444444446
20
49.5584639084002
30
0
0
VERTEX
8
0
10
220.266666666668
20
49.5584639084002
30
0
0
VERTEX
8
0
10
220.88888888889
20
49.5584639084002
30
0
0
VERTEX
8
0
10
221.511111111113
20
49.5584639084002
30
0
0
VERTEX
8
0
10
222.133333333335
20
49.4638285624818
30
0
0
VERTEX
8
0
10
222.755555555557
20
49.3691932165636
30
0
0
VERTEX
8
0
10
223.377777777779
20
49.2745578706455
30
0
0
VERTEX
8
0
10
224.000000000002
20
49.1799225247273
30
0
0
VERTEX
8
0
10
224.622222222224
20
49.0852871788092
30
0
0
VERTEX
8
0
10
225.244444444446
20
48.990651832891
30
0
0
VERTEX
8
0
10
225.866666666668
20
48.8960164869729
30
0
0
VERTEX
8
0
10
226.48888888889
20
48.8013811410547
30
0
0
VERTEX
8
0
10
227.111111111113
20
48.7067457951366
30
0
0
VERTEX
8
0
10
227.733333333335
20
48.6121104492184
30
0
0
VERTEX
8
0
10
228.355555555557
20
48.5174751033003
30
0
0
VERTEX
8
0
10
228.977777777779
20
48.4228397573821
30
0
0
VERTEX
8
0
10
229.600000000002
20
48.328204411464
30
0
0
VERTEX
8
0
10
230.222222222224
20
48.2335690655458
30
0
0
VERTEX
8
0
10
230.844444444446
20
48.1389337196277
30
0
0
VERTEX
8
0
10
231.466666666668
20
48.0442983737095
30
0
0
VERTEX
8
0
10
232.088888888891
20
48.0442983737098
30
0
0
VERTEX
8
0
10
232.711111111113
20
48.0442983737098
30
0
0
VERTEX
8
0
10
233.333333333335
20
48.0442983737098
30
0
0
VERTEX
8
0
10
233.955555555557
20
48.0442983737098
30
0
0
VERTEX
8
0
10
234.577777777779
20
47.9496630277914
30
0
0
VERTEX
8
0
10
235.200000000002
20
47.8550276818733
30
0
0
VERTEX
8
0
10
235.822222222224
20
47.7603923359551
30
0
0
VERTEX
8
0
10
236.444444444446
20
47.665756990037
30
0
0
SEQEND
8
0
0
POLYLINE
8
0
62
6
70
0
10
0
20
0
30
0
0
VERTEX
8
0
10
7.46666666666667
20
0.34808403096329
30
0
0
VERTEX
8
0
10
8.08888888888889
20
0.34808403096329
30
0
0
VERTEX
8
0
10
8.71111111111111
20
0.34808403096329
30
0
0
VERTEX
8
0
10
9.33333333333334
20
0.34808403096329
30
0
0
VERTEX
8
0
10
9.95555555555556
20
0.34808403096329
30
0
0
VERTEX
8
0
10
10.5777777777778
20
0.34808403096329
30
0
0
VERTEX
8
0
10
11.2
20
0.34808403096329
30
0
0
VERTEX
8
0
10
11.8222222222222
20
0.34808403096329
30
0
0
VERTEX
8
0
10
12.4444444444444
20
0.34808403096329
30
0
0
VERTEX
8
0
10
13.0666666666667
20
0.34808403096329
30
0
0
VERTEX
8
0
10
13.6888888888889
20
0.34808403096329
30
0
0
VERTEX
8
0
10
14.3111111111111
20
0.34808403096329
30
0
0
VERTEX
8
0
10
14.9333333333333
20
0.34808403096329
30
0
0
VERTEX
8
0
10
15.5555555555556
20
0.34808403096329
30
0
0
VERTEX
8
0
10
16.1777777777778
20
0.34808403096329
30
0
0
VERTEX
8
0
10
16.8
20
0.34808403096329
30
0
0
VERTEX
8
0
10
17.4222222222222
20
0.34808403096329
30
0
0
VERTEX
8
0
10
18.0444444444445
20
0.34808403096329
30
0
0
VERTEX
8
0
10
18.6666666666667
20
0.34808403096329
30
0
0
VERTEX
8
0
10
19.2888888888889
20
0.34808403096329
30
0
0
VERTEX
8
0
10
19.9111111111111
20
0.34808403096329
30
0
0
VERTEX
8
0
10
20.5333333333333
20
0.34808403096329
30
0
0
VERTEX
8
0
10
21.1555555555556
20
0.34808403096329
30
0
0
VERTEX
8
0
10
21.7777777777778
20
0.34808403096329
30
0
0
VERTEX
8
0
10
22.4
20
0.34808403096329
30
0
0
VERTEX
8
0
10
23.0222222222222
20
0.34808403096329
30
0
0
VERTEX
8
0
10
23.6444444444445
20
0.34808403096329
30
0
0
VERTEX
8
0
10
24.2666666666667
20
0.34808403096329
30
0
0
VERTEX
8
0
10
24.8888888888889
20
0.34808403096329
30
0
0
VERTEX
8
0
10
25.5111111111111
20
0.34808403096329
30
0
0
VERTEX
8
0
10
26.1333333333333
20
0.34808403096329
30
0
0
VERTEX
8
0
10
26.7555555555556
20
0.34808403096329
30
0
0
VERTEX
8
0
10
27.3777777777778
20
0.34808403096329
30
0
0
VERTEX
8
0
10
28
20
0.726625414635886
30
0
0
VERTEX
8
0
10
28.6222222222222
20
1.10516679830847
30
0
0
VERTEX
8
0
10
29.2444444444444
20
1.48370818198106
30
0
0
VERTEX
8
0
10
29.8666666666667
20
1.86224956565365
30
0
0
VERTEX
8
0
10
30.4888888888889
20
2.47737931412162
30
0
0
VERTEX
8
0
10
31.1111111111111
20
3.09250906258959
30
0
0
VERTEX
8
0
10
31.7333333333333
20
3.70763881105756
30
0
0
VERTEX
8
0
10
32.3555555555555
20
4.32276855952553
30
0
0
VERTEX
8
0
10
32.9777777777778
20
4.79594528911626
30
0
0
VERTEX
8
0
10
33.6
20
5.26912201870698
30
0
0
VERTEX
8
0
10
34.2222222222222
20
5.74229874829771
30
0
0
VERTEX
8
0
10
34.8444444444444
20
6.21547547788844
30
0
0
VERTEX
8
0
10
35.4666666666666
20
6.59401686156103
30
0
0
VERTEX
8
0
10
36.0888888888889
20
6.97255824523362
30
0
0
VERTEX
8
0
10
36.7111111111111
20
7.35109962890621
30
0
0
VERTEX
8
0
10
37.3333333333333
20
7.7296410125788
30
0
0
VERTEX
8
0
10
37.9555555555555
20
8.10818239625139
30
0
0
VERTEX
8
0
10
38.5777777777777
20
8.48672377992398
30
0
0
VERTEX
8
0
10
39.2
20
8.86526516359657
30
0
0
VERTEX
8
0
10
39.8222222222222
20
9.24380654726916
30
0
0
VERTEX
8
0
10
40.4444444444444
20
9.62234793094175
30
0
0
VERTEX
8
0
10
41.0666666666666
20
10.0008893146143
30
0
0
VERTEX
8
0
10
41.6888888888888
20
10.3794306982869
30
0
0
VERTEX
8
0
10
42.3111111111111
20
10.7579720819595
30
0
0
VERTEX
8
0
10
42.9333333333333
20
11.1365134656321
30
0
0
VERTEX
8
0
10
43.5555555555555
20
11.5150548493047
30
0
0
VERTEX
8
0
10
44.1777777777777
20
11.8935962329773
30
0
0
VERTEX
8
0
10
44.7999999999999
20
12.2721376166499
30
0
0
VERTEX
8
0
10
45.4222222222222
20
12.6506790003225
30
0
0
VERTEX
8
0
10
46.0444444444444
20
13.0292203839951
30
0
0
VERTEX
8
0
10
46.6666666666666
20
13.4077617676677
30
0
0
VERTEX
8
0
10
47.2888888888888
20
13.7863031513402
30
0
0
VERTEX
8
0
10
47.911111111111
20
14.0702091890947
30
0
0
VERTEX
8
0
10
48.5333333333333
20
14.3541152268491
30
0
0
VERTEX
8
0
10
49.1555555555555
20
14.6380212646036
30
0
0
VERTEX
8
0
10
49.7777777777777
20
14.921927302358
30
0
0
VERTEX
8
0
10
50.3999999999999
20
15.3004686860306
30
0
0
VERTEX
8
0
10
51.0222222222221
20
15.6790100697032
30
0
0
VERTEX
8
0
10
51.6444444444444
20
16.0575514533758
30
0
0
VERTEX
8
0
10
52.2666666666666
20
16.4360928370484
30
0
0
VERTEX
8
0
10
52.8888888888888
20
16.7199988748028
30
0
0
VERTEX
8
0
10
53.511111111111
20
17.0039049125573
30
0
0
VERTEX
8
0
10
54.1333333333332
20
17.2878109503117
30
0
0
VERTEX
8
0
10
54.7555555555555
20
17.5717169880662
30
0
0
VERTEX
8
0
10
55.3777777777777
20
17.9502583717388
30
0
0
VERTEX
8
0
10
55.9999999999999
20
18.3287997554114
30
0
0
VERTEX
8
0
10
56.6222222222221
20
18.707341139084
30
0
0
VERTEX
8
0
10
57.2444444444443
20
19.0858825227565
30
0
0
VERTEX
8
0
10
57.8666666666666
20
19.4644239064291
30
0
0
VERTEX
8
0
10
58.4888888888888
20
19.8429652901017
30
0
0
VERTEX
8
0
10
59.111111111111
20
20.2215066737743
30
0
0
VERTEX
8
0
10
59.7333333333332
20
20.6000480574469
30
0
0
VERTEX
8
0
10
60.3555555555554
20
20.9785894411195
30
0
0
VERTEX
8
0
10
60.9777777777777
20
21.3571308247921
30
0
0
VERTEX
8
0
10
61.5999999999999
20
21.7356722084647
30
0
0
VERTEX
8
0
10
62.2222222222221
20
22.1142135921373
30
0
0
VERTEX
8
0
10
62.8444444444443
20
22.4927549758098
30
0
0
VERTEX
8
0
10
63.4666666666665
20
22.8712963594824
30
0
0
VERTEX
8
0
10
64.0888888888888
20
23.249837743155
30
0
0
VERTEX
8
0
10
64.711111111111
20
23.6283791268276
30
0
0
VERTEX
8
0
10
65.3333333333332
20
23.9122851645821
30
0
0
VERTEX
8
0
10
65.9555555555554
20
24.1961912023365
30
0
0
VERTEX
8
0
10
66.5777777777776
20
24.4800972400909
30
0
0
VERTEX
8
0
10
67.1999999999999
20
24.7640032778454
30
0
0
VERTEX
8
0
10
67.8222222222221
20
25.0479093155998
30
0
0
VERTEX
8
0
10
68.4444444444443
20
25.3318153533543
30
0
0
VERTEX
8
0
10
69.0666666666665
20
25.6157213911087
30
0
0
VERTEX
8
0
10
69.6888888888887
20
25.8996274288632
30
0
0
VERTEX
8
0
10
70.311111111111
20
26.1362157936585
30
0
0
VERTEX
8
0
10
70.9333333333332
20
26.3728041584539
30
0
0
VERTEX
8
0
10
71.5555555555554
20
26.6093925232493
30
0
0
VERTEX
8
0
10
72.1777777777776
20
26.8459808880446
30
0
0
VERTEX
8
0
10
72.7999999999998
20
27.1298869257991
30
0
0
VERTEX
8
0
10
73.4222222222221
20
27.4137929635535
30
0
0
VERTEX
8
0
10
74.0444444444443
20
27.697699001308
30
0
0
VERTEX
8
0
10
74.6666666666665
20
27.9816050390624
30
0
0
VERTEX
8
0
10
75.2888888888887
20
28.2181934038578
30
0
0
VERTEX
8
0
10
75.9111111111109
20
28.4547817686532
30
0
0
VERTEX
8
0
10
76.5333333333332
20
28.6913701334485
30
0
0
VERTEX
8
0
10
77.1555555555554
20
28.9279584982439
30
0
0
VERTEX
8
0
10
77.7777777777776
20
29.1645468630392
30
0
0
VERTEX
8
0
10
78.3999999999998
20
29.4011352278346
30
0
0
VERTEX
8
0
10
79.022222222222
20
29.63772359263
30
0
0
VERTEX
8
0
10
79.6444444444443
20
29.8743119574254
30
0
0
VERTEX
8
0
10
80.2666666666665
20
29.9689473033436
30
0
0
VERTEX
8
0
10
80.8888888888887
20
30.0635826492617
30
0
0
VERTEX
8
0
10
81.5111111111109
20
30.1582179951799
30
0
0
VERTEX
8
0
10
82.1333333333331
20
30.252853341098
30
0
0
VERTEX
8
0
10
82.7555555555554
20
30.3474886870162
30
0
0
VERTEX
8
0
10
83.3777777777776
20
30.4421240329343
30
0
0
VERTEX
8
0
10
83.9999999999998
20
30.5367593788525
30
0
0
VERTEX
8
0
10
84.622222222222
20
30.6313947247706
30
0
0
VERTEX
8
0
10
85.2444444444442
20
30.7260300706887
30
0
0
VERTEX
8
0
10
85.8666666666665
20
30.8206654166069
30
0
0
VERTEX
8
0
10
86.4888888888887
20
30.9153007625251
30
0
0
VERTEX
8
0
10
87.1111111111109
20
31.0099361084432
30
0
0
VERTEX
8
0
10
87.7333333333331
20
31.0572537814023
30
0
0
VERTEX
8
0
10
88.3555555555553
20
31.1045714543614
30
0
0
VERTEX
8
0
10
88.9777777777776
20
31.1518891273204
30
0
0
VERTEX
8
0
10
89.5999999999998
20
31.1992068002795
30
0
0
VERTEX
8
0
10
90.222222222222
20
31.2465244732386
30
0
0
VERTEX
8
0
10
90.8444444444442
20
31.2938421461976
30
0
0
VERTEX
8
0
10
91.4666666666664
20
31.3411598191567
30
0
0
VERTEX
8
0
10
92.0888888888887
20
31.3884774921158
30
0
0
VERTEX
8
0
10
92.7111111111109
20
31.3884774921158
30
0
0
VERTEX
8
0
10
93.3333333333331
20
31.3884774921158
30
0
0
VERTEX
8
0
10
93.9555555555553
20
31.3884774921158
30
0
0
VERTEX
8
0
10
94.5777777777775
20
31.3884774921158
30
0
0
VERTEX
8
0
10
95.1999999999998
20
31.4357951650749
30
0
0
VERTEX
8
0
10
95.822222222222
20
31.483112838034
30
0
0
VERTEX
8
0
10
96.4444444444442
20
31.530430510993
30
0
0
VERTEX
8
0
10
97.0666666666664
20
31.5777481839521
30
0
0
VERTEX
8
0
10
97.6888888888886
20
31.6250658569112
30
0
0
VERTEX
8
0
10
98.3111111111109
20
31.6723835298703
30
0
0
VERTEX
8
0
10
98.9333333333331
20
31.7197012028293
30
0
0
VERTEX
8
0
10
99.5555555555553
20
31.7670188757884
30
0
0
VERTEX
8
0
10
100.177777777778
20
31.7670188757884
30
0
0
VERTEX
8
0
10
100.8
20
31.7670188757884
30
0
0
VERTEX
8
0
10
101.422222222222
20
31.7670188757884
30
0
0
VERTEX
8
0
10
102.044444444444
20
31.7670188757884
30
0
0
VERTEX
8
0
10
102.666666666666
20
31.8616542217065
30
0
0
VERTEX
8
0
10
103.288888888889
20
31.9562895676247
30
0
0
VERTEX
8
0
10
103.911111111111
20
32.0509249135428
30
0
0
VERTEX
8
0
10
104.533333333333
20
32.145560259461
30
0
0
VERTEX
8
0
10
105.155555555555
20
32.2401956053791
30
0
0
VERTEX
8
0
10
105.777777777778
20
32.3348309512973
30
0
0
VERTEX
8
0
10
106.4
20
32.4294662972154
30
0
0
VERTEX
8
0
10
107.022222222222
20
32.5241016431336
30
0
0
VERTEX
8
0
10
107.644444444444
20
32.6187369890517
30
0
0
VERTEX
8
0
10
108.266666666667
20
32.7133723349699
30
0
0
VERTEX
8
0
10
108.888888888889
20
32.808007680888
30
0
0
VERTEX
8
0
10
109.511111111111
20
32.9026430268062
30
0
0
VERTEX
8
0
10
110.133333333333
20
32.9972783727243
30
0
0
VERTEX
8
0
10
110.755555555555
20
33.0919137186425
30
0
0
VERTEX
8
0
10
111.377777777778
20
33.1865490645606
30
0
0
VERTEX
8
0
10
112
20
33.2811844104788
30
0
0
VERTEX
8
0
10
112.622222222222
20
33.3758197563969
30
0
0
VERTEX
8
0
10
113.244444444444
20
33.4704551023151
30
0
0
VERTEX
8
0
10
113.866666666667
20
33.5650904482332
30
0
0
VERTEX
8
0
10
114.488888888889
20
33.6597257941514
30
0
0
VERTEX
8
0
10
115.111111111111
20
33.6597257941514
30
0
0
VERTEX
8
0
10
115.733333333333
20
33.6597257941514
30
0
0
VERTEX
8
0
10
116.355555555556
20
33.6597257941514
30
0
0
VERTEX
8
0
10
116.977777777778
20
33.6597257941514
30
0
0
VERTEX
8
0
10
117.6
20
33.7543611400695
30
0
0
VERTEX
8
0
10
118.222222222222
20
33.8489964859877
30
0
0
VERTEX
8
0
10
118.844444444444
20
33.9436318319058
30
0
0
VERTEX
8
0
10
119.466666666667
20
34.038267177824
30
0
0
VERTEX
8
0
10
120.088888888889
20
34.1329025237421
30
0
0
VERTEX
8
0
10
120.711111111111
20
34.2275378696603
30
0
0
VERTEX
8
0
10
121.333333333333
20
34.3221732155784
30
0
0
VERTEX
8
0
10
121.955555555556
20
34.4168085614966
30
0
0
VERTEX
8
0
10
122.577777777778
20
34.5114439074147
30
0
0
VERTEX
8
0
10
123.2
20
34.6060792533329
30
0
0
VERTEX
8
0
10
123.822222222222
20
34.700714599251
30
0
0
VERTEX
8
0
10
124.444444444445
20
34.7953499451692
30
0
0
VERTEX
8
0
10
125.066666666667
20
34.7953499451691
30
0
0
VERTEX
8
0
10
125.688888888889
20
34.7953499451691
30
0
0
VERTEX
8
0
10
126.311111111111
20
34.7953499451691
30
0
0
VERTEX
8
0
10
126.933333333333
20
34.7953499451691
30
0
0
VERTEX
8
0
10
127.555555555556
20
34.7953499451691
30
0
0
VERTEX
8
0
10
128.177777777778
20
34.7953499451691
30
0
0
VERTEX
8
0
10
128.8
20
34.7953499451691
30
0
0
VERTEX
8
0
10
129.422222222222
20
34.7953499451691
30
0
0
VERTEX
8
0
10
130.044444444445
20
34.7953499451691
30
0
0
VERTEX
8
0
10
130.666666666667
20
34.7953499451691
30
0
0
VERTEX
8
0
10
131.288888888889
20
34.7953499451691
30
0
0
VERTEX
8
0
10
131.911111111111
20
34.7953499451691
30
0
0
VERTEX
8
0
10
132.533333333334
20
34.8899852910873
30
0
0
VERTEX
8
0
10
133.155555555556
20
34.9846206370055
30
0
0
VERTEX
8
0
10
133.777777777778
20
35.0792559829236
30
0
0
VERTEX
8
0
10
134.4
20
35.1738913288418
30
0
0
VERTEX
8
0
10
135.022222222222
20
35.1738913288418
30
0
0
VERTEX
8
0
10
135.644444444445
20
35.1738913288418
30
0
0
VERTEX
8
0
10
136.266666666667
20
35.1738913288418
30
0
0
VERTEX
8
0
10
136.888888888889
20
35.1738913288418
30
0
0
VERTEX
8
0
10
137.511111111111
20
35.2212090018009
30
0
0
VERTEX
8
0
10
138.133333333334
20
35.2685266747599
30
0
0
VERTEX
8
0
10
138.755555555556
20
35.315844347719
30
0
0
VERTEX
8
0
10
139.377777777778
20
35.3631620206781
30
0
0
VERTEX
8
0
10
140
20
35.4104796936372
30
0
0
VERTEX
8
0
10
140.622222222223
20
35.4577973665962
30
0
0
VERTEX
8
0
10
141.244444444445
20
35.5051150395553
30
0
0
VERTEX
8
0
10
141.866666666667
20
35.5524327125143
30
0
0
VERTEX
8
0
10
142.488888888889
20
35.6470680584325
30
0
0
VERTEX
8
0
10
143.111111111111
20
35.7417034043507
30
0
0
VERTEX
8
0
10
143.733333333334
20
35.8363387502689
30
0
0
VERTEX
8
0
10
144.355555555556
20
35.930974096187
30
0
0
VERTEX
8
0
10
144.977777777778
20
35.9309740961869
30
0
0
VERTEX
8
0
10
145.6
20
35.9309740961869
30
0
0
VERTEX
8
0
10
146.222222222223
20
35.9309740961869
30
0
0
VERTEX
8
0
10
146.844444444445
20
35.9309740961869
30
0
0
VERTEX
8
0
10
147.466666666667
20
36.0729271150643
30
0
0
VERTEX
8
0
10
148.088888888889
20
36.2148801339415
30
0
0
VERTEX
8
0
10
148.711111111112
20
36.3568331528187
30
0
0
VERTEX
8
0
10
149.333333333334
20
36.4987861716959
30
0
0
VERTEX
8
0
10
149.955555555556
20
36.6407391905732
30
0
0
VERTEX
8
0
10
150.577777777778
20
36.7826922094504
30
0
0
VERTEX
8
0
10
151.2
20
36.9246452283276
30
0
0
VERTEX
8
0
10
151.822222222223
20
37.0665982472048
30
0
0
VERTEX
8
0
10
152.444444444445
20
37.1612335931229
30
0
0
VERTEX
8
0
10
153.066666666667
20
37.2558689390411
30
0
0
VERTEX
8
0
10
153.688888888889
20
37.3505042849593
30
0
0
VERTEX
8
0
10
154.311111111112
20
37.4451396308774
30
0
0
VERTEX
8
0
10
154.933333333334
20
37.5870926497547
30
0
0
VERTEX
8
0
10
155.555555555556
20
37.7290456686319
30
0
0
VERTEX
8
0
10
156.177777777778
20
37.8709986875091
30
0
0
VERTEX
8
0
10
156.800000000001
20
38.0129517063863
30
0
0
VERTEX
8
0
10
157.422222222223
20
38.1549047252636
30
0
0
VERTEX
8
0
10
158.044444444445
20
38.2968577441408
30
0
0
VERTEX
8
0
10
158.666666666667
20
38.438810763018
30
0
0
VERTEX
8
0
10
159.288888888889
20
38.5807637818952
30
0
0
VERTEX
8
0
10
159.911111111112
20
38.5807637818951
30
0
0
VERTEX
8
0
10
160.533333333334
20
38.5807637818951
30
0
0
VERTEX
8
0
10
161.155555555556
20
38.5807637818951
30
0
0
VERTEX
8
0
10
161.777777777778
20
38.5807637818951
30
0
0
VERTEX
8
0
10
162.400000000001
20
38.5807637818951
30
0
0
VERTEX
8
0
10
163.022222222223
20
38.5807637818951
30
0
0
VERTEX
8
0
10
163.644444444445
20
38.5807637818951
30
0
0
VERTEX
8
0
10
164.266666666667
20
38.5807637818951
30
0
0
VERTEX
8
0
10
164.88888888889
20
38.6753991278133
30
0
0
VERTEX
8
0
10
165.511111111112
20
38.7700344737315
30
0
0
VERTEX
8
0
10
166.133333333334
20
38.8646698196497
30
0
0
VERTEX
8
0
10
166.755555555556
20
38.9593051655678
30
0
0
VERTEX
8
0
10
167.377777777778
20
38.9593051655677
30
0
0
VERTEX
8
0
10
168.000000000001
20
38.9593051655677
30
0
0
VERTEX
8
0
10
168.622222222223
20
38.9593051655677
30
0
0
VERTEX
8
0
10
169.244444444445
20
38.9593051655677
30
0
0
VERTEX
8
0
10
169.866666666667
20
38.9593051655677
30
0
0
VERTEX
8
0
10
170.48888888889
20
38.9593051655677
30
0
0
VERTEX
8
0
10
171.111111111112
20
38.9593051655677
30
0
0
VERTEX
8
0
10
171.733333333334
20
38.9593051655677
30
0
0
VERTEX
8
0
10
172.355555555556
20
38.8646698196494
30
0
0
VERTEX
8
0
10
172.977777777779
20
38.7700344737312
30
0
0
VERTEX
8
0
10
173.600000000001
20
38.6753991278131
30
0
0
VERTEX
8
0
10
174.222222222223
20
38.5807637818949
30
0
0
VERTEX
8
0
10
174.844444444445
20
38.5807637818951
30
0
0
VERTEX
8
0
10
175.466666666667
20
38.5807637818951
30
0
0
VERTEX
8
0
10
176.08888888889
20
38.5807637818951
30
0
0
VERTEX
8
0
10
176.711111111112
20
38.5807637818951
30
0
0
VERTEX
8
0
10
177.333333333334
20
38.4861284359768
30
0
0
VERTEX
8
0
10
177.955555555556
20
38.3914930900586
30
0
0
VERTEX
8
0
10
178.577777777779
20
38.2968577441405
30
0
0
VERTEX
8
0
10
179.200000000001
20
38.2022223982223
30
0
0
VERTEX
8
0
10
179.822222222223
20
38.2022223982225
30
0
0
VERTEX
8
0
10
180.444444444445
20
38.2022223982225
30
0
0
VERTEX
8
0
10
181.066666666668
20
38.2022223982225
30
0
0
VERTEX
8
0
10
181.68888888889
20
38.2022223982225
30
0
0
VERTEX
8
0
10
182.311111111112
20
38.1075870523042
30
0
0
VERTEX
8
0
10
182.933333333334
20
38.012951706386
30
0
0
VERTEX
8
0
10
183.555555555556
20
37.9183163604678
30
0
0
VERTEX
8
0
10
184.177777777779
20
37.8236810145497
30
0
0
VERTEX
8
0
10
184.800000000001
20
37.8236810145499
30
0
0
VERTEX
8
0
10
185.422222222223
20
37.8236810145499
30
0
0
VERTEX
8
0
10
186.044444444445
20
37.8236810145499
30
0
0
VERTEX
8
0
10
186.666666666668
20
37.8236810145499
30
0
0
VERTEX
8
0
10
187.28888888889
20
37.7763633415907
30
0
0
VERTEX
8
0
10
187.911111111112
20
37.7290456686316
30
0
0
VERTEX
8
0
10
188.533333333334
20
37.6817279956726
30
0
0
VERTEX
8
0
10
189.155555555557
20
37.6344103227135
30
0
0
VERTEX
8
0
10
189.777777777779
20
37.5870926497544
30
0
0
VERTEX
8
0
10
190.400000000001
20
37.5397749767954
30
0
0
VERTEX
8
0
10
191.022222222223
20
37.4924573038363
30
0
0
VERTEX
8
0
10
191.644444444445
20
37.4451396308772
30
0
0
VERTEX
8
0
10
192.266666666668
20
37.4451396308773
30
0
0
VERTEX
8
0
10
192.88888888889
20
37.4451396308773
30
0
0
VERTEX
8
0
10
193.511111111112
20
37.4451396308773
30
0
0
VERTEX
8
0
10
194.133333333334
20
37.4451396308773
30
0
0
VERTEX
8
0
10
194.755555555557
20
37.5397749767957
30
0
0
VERTEX
8
0
10
195.377777777779
20
37.6344103227138
30
0
0
VERTEX
8
0
10
196.000000000001
20
37.7290456686319
30
0
0
VERTEX
8
0
10
196.622222222223
20
37.8236810145501
30
0
0
VERTEX
8
0
10
197.244444444446
20
37.8236810145499
30
0
0
VERTEX
8
0
10
197.866666666668
20
37.8236810145499
30
0
0
VERTEX
8
0
10
198.48888888889
20
37.8236810145499
30
0
0
VERTEX
8
0
10
199.111111111112
20
37.8236810145499
30
0
0
VERTEX
8
0
10
199.733333333334
20
37.8236810145499
30
0
0
VERTEX
8
0
10
200.355555555557
20
37.8236810145499
30
0
0
VERTEX
8
0
10
200.977777777779
20
37.8236810145499
30
0
0
VERTEX
8
0
10
201.600000000001
20
37.8236810145499
30
0
0
VERTEX
8
0
10
202.222222222223
20
37.9183163604683
30
0
0
VERTEX
8
0
10
202.844444444446
20
38.0129517063864
30
0
0
VERTEX
8
0
10
203.466666666668
20
38.1075870523046
30
0
0
VERTEX
8
0
10
204.08888888889
20
38.2022223982227
30
0
0
VERTEX
8
0
10
204.711111111112
20
38.2022223982225
30
0
0
VERTEX
8
0
10
205.333333333335
20
38.2022223982225
30
0
0
VERTEX
8
0
10
205.955555555557
20
38.2022223982225
30
0
0
VERTEX
8
0
10
206.577777777779
20
38.2022223982225
30
0
0
VERTEX
8
0
10
207.200000000001
20
38.2968577441409
30
0
0
VERTEX
8
0
10
207.822222222224
20
38.391493090059
30
0
0
VERTEX
8
0
10
208.444444444446
20
38.4861284359772
30
0
0
VERTEX
8
0
10
209.066666666668
20
38.5807637818953
30
0
0
VERTEX
8
0
10
209.68888888889
20
38.6280814548543
30
0
0
VERTEX
8
0
10
210.311111111112
20
38.6753991278133
30
0
0
VERTEX
8
0
10
210.933333333335
20
38.7227168007724
30
0
0
VERTEX
8
0
10
211.555555555557
20
38.7700344737315
30
0
0
VERTEX
8
0
10
212.177777777779
20
38.8173521466906
30
0
0
VERTEX
8
0
10
212.800000000001
20
38.8646698196496
30
0
0
VERTEX
8
0
10
213.422222222224
20
38.9119874926087
30
0
0
VERTEX
8
0
10
214.044444444446
20
38.9593051655678
30
0
0
VERTEX
8
0
10
214.666666666668
20
39.0539405114861
30
0
0
VERTEX
8
0
10
215.28888888889
20
39.1485758574042
30
0
0
VERTEX
8
0
10
215.911111111112
20
39.2432112033224
30
0
0
VERTEX
8
0
10
216.533333333335
20
39.3378465492405
30
0
0
VERTEX
8
0
10
217.155555555557
20
39.3378465492402
30
0
0
VERTEX
8
0
10
217.777777777779
20
39.3378465492402
30
0
0
VERTEX
8
0
10
218.400000000001
20
39.3378465492402
30
0
0
VERTEX
8
0
10
219.022222222224
20
39.3378465492402
30
0
0
VERTEX
8
0
10
219.644444444446
20
39.4324818951587
30
0
0
VERTEX
8
0
10
220.266666666668
20
39.5271172410768
30
0
0
VERTEX
8
0
10
220.88888888889
20
39.621752586995
30
0
0
VERTEX
8
0
10
221.511111111113
20
39.7163879329132
30
0
0
VERTEX
8
0
10
222.133333333335
20
39.7163879329129
30
0
0
VERTEX
8
0
10
222.755555555557
20
39.7163879329129
30
0
0
VERTEX
8
0
10
223.377777777779
20
39.7163879329129
30
0
0
VERTEX
8
0
10
224.000000000002
20
39.7163879329129
30
0
0
VERTEX
8
0
10
224.622222222224
20
39.8110232788313
30
0
0
VERTEX
8
0
10
225.244444444446
20
39.9056586247494
30
0
0
VERTEX
8
0
10
225.866666666668
20
40.0002939706676
30
0
0
VERTEX
8
0
10
226.48888888889
20
40.0949293165857
30
0
0
VERTEX
8
0
10
227.111111111113
20
40.0949293165854
30
0
0
VERTEX
8
0
10
227.733333333335
20
40.0949293165854
30
0
0
VERTEX
8
0
10
228.355555555557
20
40.0949293165854
30
0
0
VERTEX
8
0
10
228.977777777779
20
40.0949293165854
30
0
0
VERTEX
8
0
10
229.600000000002
20
40.1895646625039
30
0
0
VERTEX
8
0
10
230.222222222224
20
40.284200008422
30
0
0
VERTEX
8
0
10
230.844444444446
20
40.3788353543402
30
0
0
VERTEX
8
0
10
231.466666666668
20
40.4734707002584
30
0
0
VERTEX
8
0
10
232.088888888891
20
40.4734707002581
30
0
0
VERTEX
8
0
10
232.711111111113
20
40.4734707002581
30
0
0
VERTEX
8
0
10
233.333333333335
20
40.4734707002581
30
0
0
VERTEX
8
0
10
233.955555555557
20
40.4734707002581
30
0
0
VERTEX
8
0
10
234.577777777779
20
40.5681060461765
30
0
0
VERTEX
8
0
10
235.200000000002
20
40.6627413920946
30
0
0
VERTEX
8
0
10
235.822222222224
20
40.7573767380128
30
0
0
VERTEX
8
0
10
236.444444444446
20
40.8520120839309
30
0
0
SEQEND
8
0
0
POLYLINE
8
0
62
1
70
0
10
0
20
0
30
0
0
VERTEX
8
0
10
7.46666666666667
20
59.4015597521642
30
0
0
VERTEX
8
0
10
8.08888888888889
20
60.6317985552984
30
0
0
VERTEX
8
0
10
8.71111111111111
20
61.862038181507
30
0
0
VERTEX
8
0
10
9.33333333333334
20
63.0922785826426
30
0
0
VERTEX
8
0
10
9.95555555555556
20
64.3225197142412
30
0
0
VERTEX
8
0
10
10.5777777777778
20
65.221542517788
30
0
0
VERTEX
8
0
10
11.2
20
66.120565674381
30
0
0
VERTEX
8
0
10
11.8222222222222
20
67.0195891698125
30
0
0
VERTEX
8
0
10
12.4444444444444
20
67.9186129906271
30
0
0
VERTEX
8
0
10
13.0666666666667
20
68.4864176708938
30
0
0
VERTEX
8
0
10
13.6888888888889
20
69.0542224727775
30
0
0
VERTEX
8
0
10
14.3111111111111
20
69.6220273933025
30
0
0
VERTEX
8
0
10
14.9333333333333
20
70.1898324295896
30
0
0
VERTEX
8
0
10
15.5555555555556
20
70.757637578852
30
0
0
VERTEX
8
0
10
16.1777777777778
20
71.3254428383914
30
0
0
VERTEX
8
0
10
16.8
20
71.8932482055952
30
0
0
VERTEX
8
0
10
17.4222222222222
20
72.4610536779322
30
0
0
VERTEX
8
0
10
18.0444444444445
20
73.6912992170821
30
0
0
VERTEX
8
0
10
18.6666666666667
20
74.9215452146209
30
0
0
VERTEX
8
0
10
19.2888888888889
20
76.1517916483325
30
0
0
VERTEX
8
0
10
19.9111111111111
20
77.3820384974136
30
0
0
VERTEX
8
0
10
20.5333333333333
20
78.5176513252746
30
0
0
VERTEX
8
0
10
21.1555555555556
20
79.6532644760045
30
0
0
VERTEX
8
0
10
21.7777777777778
20
80.7888779359883
30
0
0
VERTEX
8
0
10
22.4
20
81.9244916923654
30
0
0
VERTEX
8
0
10
23.0222222222222
20
83.2020575074613
30
0
0
VERTEX
8
0
10
23.6444444444445
20
84.4796236659907
30
0
0
VERTEX
8
0
10
24.2666666666667
20
85.7571901526048
30
0
0
VERTEX
8
0
10
24.8888888888889
20
87.0347569528558
30
0
0
VERTEX
8
0
10
25.5111111111111
20
88.1230548346679
30
0
0
VERTEX
8
0
10
26.1333333333333
20
89.2113529262136
30
0
0
VERTEX
8
0
10
26.7555555555556
20
90.2996512199099
30
0
0
VERTEX
8
0
10
27.3777777777778
20
91.3879497085347
30
0
0
VERTEX
8
0
10
28
20
92.5730803893342
30
0
0
VERTEX
8
0
10
28.6222222222222
20
93.7596841050924
30
0
0
VERTEX
8
0
10
29.2444444444444
20
94.947705628306
30
0
0
VERTEX
8
0
10
29.8666666666667
20
96.1370923969947
30
0
0
VERTEX
8
0
10
30.4888888888889
20
97.3808311018433
30
0
0
VERTEX
8
0
10
31.1111111111111
20
98.6280682346443
30
0
0
VERTEX
8
0
10
31.7333333333333
20
99.8786727353947
30
0
0
VERTEX
8
0
10
32.3555555555555
20
101.132519681579
30
0
0
VERTEX
8
0
10
32.9777777777778
20
101.910087330548
30
0
0
VERTEX
8
0
10
33.6
20
102.689529180745
30
0
0
VERTEX
8
0
10
34.2222222222222
20
103.470802877305
30
0
0
VERTEX
8
0
10
34.8444444444444
20
104.25386723692
30
0
0
VERTEX
8
0
10
35.4666666666666
20
104.371566123661
30
0
0
VERTEX
8
0
10
36.0888888888889
20
104.490589505532
30
0
0
VERTEX
8
0
10
36.7111111111111
20
104.610932861615
30
0
0
VERTEX
8
0
10
37.3333333333333
20
104.732591641746
30
0
0
VERTEX
8
0
10
37.9555555555555
20
104.855561267259
30
0
0
VERTEX
8
0
10
38.5777777777777
20
104.979837131721
30
0
0
VERTEX
8
0
10
39.2
20
105.105414601671
30
0
0
VERTEX
8
0
10
39.8222222222222
20
105.232289017351
30
0
0
VERTEX
8
0
10
40.4444444444444
20
105.077739333267
30
0
0
VERTEX
8
0
10
41.0666666666666
20
104.924669115021
30
0
0
VERTEX
8
0
10
41.6888888888888
20
104.773084846973
30
0
0
VERTEX
8
0
10
42.3111111111111
20
104.622992987934
30
0
0
VERTEX
8
0
10
42.9333333333333
20
104.474399970058
30
0
0
VERTEX
8
0
10
43.5555555555555
20
104.327312197725
30
0
0
VERTEX
8
0
10
44.1777777777777
20
104.181736046428
30
0
0
VERTEX
8
0
10
44.7999999999999
20
104.037677861636
30
0
0
VERTEX
8
0
10
45.4222222222222
20
103.75424863797
30
0
0
VERTEX
8
0
10
46.0444444444444
20
103.472488186326
30
0
0
VERTEX
8
0
10
46.6666666666666
20
103.192410176139
30
0
0
VERTEX
8
0
10
47.2888888888888
20
102.914028343579
30
0
0
VERTEX
8
0
10
47.911111111111
20
102.624338795534
30
0
0
VERTEX
8
0
10
48.5333333333333
20
102.33568888764
30
0
0
VERTEX
8
0
10
49.1555555555555
20
102.048087441973
30
0
0
VERTEX
8
0
10
49.7777777777777
20
101.761543348119
30
0
0
VERTEX
8
0
10
50.3999999999999
20
101.443512855151
30
0
0
VERTEX
8
0
10
51.0222222222221
20
101.127316144116
30
0
0
VERTEX
8
0
10
51.6444444444444
20
100.812970469812
30
0
0
VERTEX
8
0
10
52.2666666666666
20
100.500493201273
30
0
0
VERTEX
8
0
10
52.8888888888888
20
100.314027368643
30
0
0
VERTEX
8
0
10
53.511111111111
20
100.128578305696
30
0
0
VERTEX
8
0
10
54.1333333333332
20
99.9441516723621
30
0
0
VERTEX
8
0
10
54.7555555555555
20
99.7607531391058
30
0
0
VERTEX
8
0
10
55.3777777777777
20
99.502317025754
30
0
0
VERTEX
8
0
10
55.9999999999999
20
99.2457572169061
30
0
0
VERTEX
8
0
10
56.6222222222221
20
98.9910883012803
30
0
0
VERTEX
8
0
10
57.2444444444443
20
98.738324910027
30
0
0
VERTEX
8
0
10
57.8666666666666
20
98.7194146800726
30
0
0
VERTEX
8
0
10
58.4888888888888
20
98.7020433545826
30
0
0
VERTEX
8
0
10
59.111111111111
20
98.6862117462179
30
0
0
VERTEX
8
0
10
59.7333333333332
20
98.6719205961075
30
0
0
VERTEX
8
0
10
60.3555555555554
20
98.6591705736745
30
0
0
VERTEX
8
0
10
60.9777777777777
20
98.6479622764807
30
0
0
VERTEX
8
0
10
61.5999999999999
20
98.6382962300862
30
0
0
VERTEX
8
0
10
62.2222222222221
20
98.6301728879261
30
0
0
VERTEX
8
0
10
62.8444444444443
20
98.7157362708973
30
0
0
VERTEX
8
0
10
63.4666666666665
20
98.8026758659238
30
0
0
VERTEX
8
0
10
64.0888888888888
20
98.8909880433327
30
0
0
VERTEX
8
0
10
64.711111111111
20
98.9806691292023
30
0
0
VERTEX
8
0
10
65.3333333333332
20
99.0488260551119
30
0
0
VERTEX
8
0
10
65.9555555555554
20
99.1177493176855
30
0
0
VERTEX
8
0
10
66.5777777777776
20
99.1874373193896
30
0
0
VERTEX
8
0
10
67.1999999999999
20
99.2578884494762
30
0
0
VERTEX
8
0
10
67.8222222222221
20
99.1001765718405
30
0
0
VERTEX
8
0
10
68.4444444444443
20
98.943593663645
30
0
0
VERTEX
8
0
10
69.0666666666665
20
98.7881450932666
30
0
0
VERTEX
8
0
10
69.6888888888887
20
98.6338362239113
30
0
0
VERTEX
8
0
10
70.311111111111
20
98.3768647717583
30
0
0
VERTEX
8
0
10
70.9333333333332
20
98.1209088971258
30
0
0
VERTEX
8
0
10
71.5555555555554
20
97.8659765683514
30
0
0
VERTEX
8
0
10
72.1777777777776
20
97.612075804984
30
0
0
VERTEX
8
0
10
72.7999999999998
20
97.3723877180401
30
0
0
VERTEX
8
0
10
73.4222222222221
20
97.1340674554317
30
0
0
VERTEX
8
0
10
74.0444444444443
20
96.8971251097265
30
0
0
VERTEX
8
0
10
74.6666666666665
20
96.6615708138103
30
0
0
VERTEX
8
0
10
75.2888888888887
20
96.4135552501308
30
0
0
VERTEX
8
0
10
75.9111111111109
20
96.1666229320161
30
0
0
VERTEX
8
0
10
76.5333333333332
20
95.9207822253807
30
0
0
VERTEX
8
0
10
77.1555555555554
20
95.6760415449502
30
0
0
VERTEX
8
0
10
77.7777777777776
20
95.3873565192249
30
0
0
VERTEX
8
0
10
78.3999999999998
20
95.0998905204808
30
0
0
VERTEX
8
0
10
79.022222222222
20
94.8136546366406
30
0
0
VERTEX
8
0
10
79.6444444444443
20
94.5286600421899
30
0
0
VERTEX
8
0
10
80.2666666666665
20
94.1548026010613
30
0
0
VERTEX
8
0
10
80.8888888888887
20
93.7814840994071
30
0
0
VERTEX
8
0
10
81.5111111111109
20
93.4087109990256
30
0
0
VERTEX
8
0
10
82.1333333333331
20
93.0364898557618
30
0
0
VERTEX
8
0
10
82.7555555555554
20
92.754248902869
30
0
0
VERTEX
8
0
10
83.3777777777776
20
92.4724297527645
30
0
0
VERTEX
8
0
10
83.9999999999998
20
92.1910362736802
30
0
0
VERTEX
8
0
10
84.622222222222
20
91.9100723753417
30
0
0
VERTEX
8
0
10
85.2444444444442
20
91.5403914428891
30
0
0
VERTEX
8
0
10
85.8666666666665
20
91.1712989408607
30
0
0
VERTEX
8
0
10
86.4888888888887
20
90.8028020447599
30
0
0
VERTEX
8
0
10
87.1111111111109
20
90.4349080353683
30
0
0
VERTEX
8
0
10
87.7333333333331
20
90.1401291711404
30
0
0
VERTEX
8
0
10
88.3555555555553
20
89.8456291581937
30
0
0
VERTEX
8
0
10
88.9777777777776
20
89.5514107476308
30
0
0
VERTEX
8
0
10
89.5999999999998
20
89.2574767241799
30
0
0
VERTEX
8
0
10
90.222222222222
20
89.008134533083
30
0
0
VERTEX
8
0
10
90.8444444444442
20
88.7590252208313
30
0
0
VERTEX
8
0
10
91.4666666666664
20
88.5101507537178
30
0
0
VERTEX
8
0
10
92.0888888888887
20
88.2615131183485
30
0
0
VERTEX
8
0
10
92.7111111111109
20
88.0846413993287
30
0
0
VERTEX
8
0
10
93.3333333333331
20
87.9078213229393
30
0
0
VERTEX
8
0
10
93.9555555555553
20
87.7310532014344
30
0
0
VERTEX
8
0
10
94.5777777777775
20
87.5543373494972
30
0
0
VERTEX
8
0
10
95.1999999999998
20
87.3946830577426
30
0
0
VERTEX
8
0
10
95.822222222222
20
87.2351728921936
30
0
0
VERTEX
8
0
10
96.4444444444442
20
87.0758076449049
30
0
0
VERTEX
8
0
10
97.0666666666664
20
86.9165881130177
30
0
0
VERTEX
8
0
10
97.6888888888886
20
86.8456458716061
30
0
0
VERTEX
8
0
10
98.3111111111109
20
86.7747746417506
30
0
0
VERTEX
8
0
10
98.9333333333331
20
86.7039745975842
30
0
0
VERTEX
8
0
10
99.5555555555553
20
86.6332459136342
30
0
0
VERTEX
8
0
10
100.177777777778
20
86.4571866182095
30
0
0
VERTEX
8
0
10
100.8
20
86.2811832622222
30
0
0
VERTEX
8
0
10
101.422222222222
20
86.1052361887012
30
0
0
VERTEX
8
0
10
102.044444444444
20
85.9293457433747
30
0
0
VERTEX
8
0
10
102.666666666666
20
85.7007553074207
30
0
0
VERTEX
8
0
10
103.288888888889
20
85.4726013270587
30
0
0
VERTEX
8
0
10
103.911111111111
20
85.2448873067481
30
0
0
VERTEX
8
0
10
104.533333333333
20
85.0176167816999
30
0
0
VERTEX
8
0
10
105.155555555555
20
84.878328328366
30
0
0
VERTEX
8
0
10
105.777777777778
20
84.7393393583097
30
0
0
VERTEX
8
0
10
106.4
20
84.6006513475792
30
0
0
VERTEX
8
0
10
107.022222222222
20
84.4622657787102
30
0
0
VERTEX
8
0
10
107.644444444444
20
84.2369238296025
30
0
0
VERTEX
8
0
10
108.266666666667
20
84.0120434762122
30
0
0
VERTEX
8
0
10
108.888888888889
20
83.7876284352149
30
0
0
VERTEX
8
0
10
109.511111111111
20
83.5636824554796
30
0
0
VERTEX
8
0
10
110.133333333333
20
83.383662233274
30
0
0
VERTEX
8
0
10
110.755555555555
20
83.2040328899468
30
0
0
VERTEX
8
0
10
111.377777777778
20
83.0247969625707
30
0
0
VERTEX
8
0
10
112
20
82.8459570045933
30
0
0
VERTEX
8
0
10
112.622222222222
20
82.6242280049554
30
0
0
VERTEX
8
0
10
113.244444444444
20
82.4029892163915
30
0
0
VERTEX
8
0
10
113.866666666667
20
82.1822445979212
30
0
0
VERTEX
8
0
10
114.488888888889
20
81.9619981423239
30
0
0
VERTEX
8
0
10
115.111111111111
20
81.6601076519554
30
0
0
VERTEX
8
0
10
115.733333333333
20
81.3584454268188
30
0
0
VERTEX
8
0
10
116.355555555556
20
81.0570140154536
30
0
0
VERTEX
8
0
10
116.977777777778
20
80.7558160024855
30
0
0
VERTEX
8
0
10
117.6
20
80.4944922903612
30
0
0
VERTEX
8
0
10
118.222222222222
20
80.2337964322342
30
0
0
VERTEX
8
0
10
118.844444444444
20
79.973734568081
30
0
0
VERTEX
8
0
10
119.466666666667
20
79.7143129029725
30
0
0
VERTEX
8
0
10
120.088888888889
20
79.4982694168079
30
0
0
VERTEX
8
0
10
120.711111111111
20
79.28276682808
30
0
0
VERTEX
8
0
10
121.333333333333
20
79.0678095595038
30
0
0
VERTEX
8
0
10
121.955555555556
20
78.8534020707678
30
0
0
VERTEX
8
0
10
122.577777777778
20
78.5545245500464
30
0
0
VERTEX
8
0
10
123.2
20
78.2564510777815
30
0
0
VERTEX
8
0
10
123.822222222222
20
77.9591908767034
30
0
0
VERTEX
8
0
10
124.444444444445
20
77.662753285388
30
0
0
VERTEX
8
0
10
125.066666666667
20
77.451311602282
30
0
0
VERTEX
8
0
10
125.688888888889
20
77.2400157824248
30
0
0
VERTEX
8
0
10
126.311111111111
20
77.0288670261572
30
0
0
VERTEX
8
0
10
126.933333333333
20
76.8178665461772
30
0
0
VERTEX
8
0
10
127.555555555556
20
76.6491737440324
30
0
0
VERTEX
8
0
10
128.177777777778
20
76.4805772557256
30
0
0
VERTEX
8
0
10
128.8
20
76.3120777196162
30
0
0
VERTEX
8
0
10
129.422222222222
20
76.1436757793452
30
0
0
VERTEX
8
0
10
130.044444444445
20
75.8912572822354
30
0
0
VERTEX
8
0
10
130.666666666667
20
75.6390620502622
30
0
0
VERTEX
8
0
10
131.288888888889
20
75.3870923241169
30
0
0
VERTEX
8
0
10
131.911111111111
20
75.1353503725309
30
0
0
VERTEX
8
0
10
132.533333333334
20
75.0116207946531
30
0
0
VERTEX
8
0
10
133.155555555556
20
74.8882847404428
30
0
0
VERTEX
8
0
10
133.777777777778
20
74.7653441574198
30
0
0
VERTEX
8
0
10
134.4
20
74.642800999669
30
0
0
VERTEX
8
0
10
135.022222222222
20
74.4759156443667
30
0
0
VERTEX
8
0
10
135.644444444445
20
74.3091375797556
30
0
0
VERTEX
8
0
10
136.266666666667
20
74.1424675298634
30
0
0
VERTEX
8
0
10
136.888888888889
20
73.9759062247717
30
0
0
VERTEX
8
0
10
137.511111111111
20
73.8320153541845
30
0
0
VERTEX
8
0
10
138.133333333334
20
73.6883600405029
30
0
0
VERTEX
8
0
10
138.755555555556
20
73.5449416640665
30
0
0
VERTEX
8
0
10
139.377777777778
20
73.4017616137177
30
0
0
VERTEX
8
0
10
140
20
73.2588212868393
30
0
0
VERTEX
8
0
10
140.622222222223
20
73.1161220893928
30
0
0
VERTEX
8
0
10
141.244444444445
20
72.9736654359562
30
0
0
VERTEX
8
0
10
141.866666666667
20
72.8314527497609
30
0
0
VERTEX
8
0
10
142.488888888889
20
72.7126710449484
30
0
0
VERTEX
8
0
10
143.111111111111
20
72.5943118283249
30
0
0
VERTEX
8
0
10
143.733333333334
20
72.4763771697526
30
0
0
VERTEX
8
0
10
144.355555555556
20
72.3588691451391
30
0
0
VERTEX
8
0
10
144.977777777778
20
72.1946435865378
30
0
0
VERTEX
8
0
10
145.6
20
72.0305409392479
30
0
0
VERTEX
8
0
10
146.222222222223
20
71.8665620452495
30
0
0
VERTEX
8
0
10
146.844444444445
20
71.7027077535869
30
0
0
VERTEX
8
0
10
147.466666666667
20
71.6103810639654
30
0
0
VERTEX
8
0
10
148.088888888889
20
71.5187178378157
30
0
0
VERTEX
8
0
10
148.711111111112
20
71.4277206294067
30
0
0
VERTEX
8
0
10
149.333333333334
20
71.3373919874336
30
0
0
VERTEX
8
0
10
149.955555555556
20
71.3289128798045
30
0
0
VERTEX
8
0
10
150.577777777778
20
71.3208408719165
30
0
0
VERTEX
8
0
10
151.2
20
71.3131761020097
30
0
0
VERTEX
8
0
10
151.822222222223
20
71.305918701408
30
0
0
VERTEX
8
0
10
152.444444444445
20
71.1936493299395
30
0
0
VERTEX
8
0
10
153.066666666667
20
71.0818326048503
30
0
0
VERTEX
8
0
10
153.688888888889
20
70.9704706656261
30
0
0
VERTEX
8
0
10
154.311111111112
20
70.8595656564729
30
0
0
VERTEX
8
0
10
154.933333333334
20
70.8544421888961
30
0
0
VERTEX
8
0
10
155.555555555556
20
70.8497291723247
30
0
0
VERTEX
8
0
10
156.177777777778
20
70.8454266886749
30
0
0
VERTEX
8
0
10
156.800000000001
20
70.8415348127468
30
0
0
VERTEX
8
0
10
157.422222222223
20
70.7583371698669
30
0
0
VERTEX
8
0
10
158.044444444445
20
70.6758335753619
30
0
0
VERTEX
8
0
10
158.666666666667
20
70.5940264626452
30
0
0
VERTEX
8
0
10
159.288888888889
20
70.5129182558328
30
0
0
VERTEX
8
0
10
159.911111111112
20
70.4337238992285
30
0
0
VERTEX
8
0
10
160.533333333334
20
70.3545676937123
30
0
0
VERTEX
8
0
10
161.155555555556
20
70.275449768201
30
0
0
VERTEX
8
0
10
161.777777777778
20
70.19637025213
30
0
0
VERTEX
8
0
10
162.400000000001
20
70.1173292754558
30
0
0
VERTEX
8
0
10
163.022222222223
20
70.0383269686582
30
0
0
VERTEX
8
0
10
163.644444444445
20
69.959363462742
30
0
0
VERTEX
8
0
10
164.266666666667
20
69.8804388892399
30
0
0
VERTEX
8
0
10
164.88888888889
20
69.8539048156381
30
0
0
VERTEX
8
0
10
165.511111111112
20
69.8276171727665
30
0
0
VERTEX
8
0
10
166.133333333334
20
69.8015762390466
30
0
0
VERTEX
8
0
10
166.755555555556
20
69.7757822907004
30
0
0
VERTEX
8
0
10
167.377777777778
20
69.6972923147445
30
0
0
VERTEX
8
0
10
168.000000000001
20
69.6188424884533
30
0
0
VERTEX
8
0
10
168.622222222223
20
69.5404329477074
30
0
0
VERTEX
8
0
10
169.244444444445
20
69.4620638289311
30
0
0
VERTEX
8
0
10
169.866666666667
20
69.3054474057161
30
0
0
VERTEX
8
0
10
170.48888888889
20
69.1489943211618
30
0
0
VERTEX
8
0
10
171.111111111112
20
68.9927056864653
30
0
0
VERTEX
8
0
10
171.733333333334
20
68.8365826217424
30
0
0
VERTEX
8
0
10
172.355555555556
20
68.705006443075
30
0
0
VERTEX
8
0
10
172.977777777779
20
68.5734390054981
30
0
0
VERTEX
8
0
10
173.600000000001
20
68.4418803594214
30
0
0
VERTEX
8
0
10
174.222222222223
20
68.3103305556394
30
0
0
VERTEX
8
0
10
174.844444444445
20
68.2322549056293
30
0
0
VERTEX
8
0
10
175.466666666667
20
68.1542212198936
30
0
0
VERTEX
8
0
10
176.08888888889
20
68.0762296427396
30
0
0
VERTEX
8
0
10
176.711111111112
20
67.9982803190584
30
0
0
VERTEX
8
0
10
177.333333333334
20
67.7887363607993
30
0
0
VERTEX
8
0
10
177.955555555556
20
67.5792052848039
30
0
0
VERTEX
8
0
10
178.577777777779
20
67.3696872112699
30
0
0
VERTEX
8
0
10
179.200000000001
20
67.1601822618879
30
0
0
VERTEX
8
0
10
179.822222222223
20
67.0823700438856
30
0
0
VERTEX
8
0
10
180.444444444445
20
67.0046011230345
30
0
0
VERTEX
8
0
10
181.066666666668
20
66.9268756502685
30
0
0
VERTEX
8
0
10
181.68888888889
20
66.8491937771388
30
0
0
VERTEX
8
0
10
182.311111111112
20
66.7174567821907
30
0
0
VERTEX
8
0
10
182.933333333334
20
66.5857281533236
30
0
0
VERTEX
8
0
10
183.555555555556
20
66.4540079402885
30
0
0
VERTEX
8
0
10
184.177777777779
20
66.3222961932285
30
0
0
VERTEX
8
0
10
184.800000000001
20
66.2445813269
30
0
0
VERTEX
8
0
10
185.422222222223
20
66.1669105347044
30
0
0
VERTEX
8
0
10
186.044444444445
20
66.089283972035
30
0
0
VERTEX
8
0
10
186.666666666668
20
66.0117017949271
30
0
0
VERTEX
8
0
10
187.28888888889
20
65.9070313799016
30
0
0
VERTEX
8
0
10
187.911111111112
20
65.8023645956742
30
0
0
VERTEX
8
0
10
188.533333333334
20
65.6977014595981
30
0
0
VERTEX
8
0
10
189.155555555557
20
65.5930419891368
30
0
0
VERTEX
8
0
10
189.777777777779
20
65.4883862018648
30
0
0
VERTEX
8
0
10
190.400000000001
20
65.3837341154684
30
0
0
VERTEX
8
0
10
191.022222222223
20
65.2790857477468
30
0
0
VERTEX
8
0
10
191.644444444445
20
65.1744411166128
30
0
0
VERTEX
8
0
10
192.266666666668
20
65.0970068287743
30
0
0
VERTEX
8
0
10
192.88888888889
20
65.0196180622859
30
0
0
VERTEX
8
0
10
193.511111111112
20
64.9422749798847
30
0
0
VERTEX
8
0
10
194.133333333334
20
64.864977744988
30
0
0
VERTEX
8
0
10
194.755555555557
20
64.8424685771799
30
0
0
VERTEX
8
0
10
195.377777777779
20
64.8202279223246
30
0
0
VERTEX
8
0
10
196.000000000001
20
64.7982560569068
30
0
0
VERTEX
8
0
10
196.622222222223
20
64.7765532544421
30
0
0
VERTEX
8
0
10
197.244444444446
20
64.6997501409964
30
0
0
VERTEX
8
0
10
197.866666666668
20
64.6229943347301
30
0
0
VERTEX
8
0
10
198.48888888889
20
64.5462860044104
30
0
0
VERTEX
8
0
10
199.111111111112
20
64.4696253195032
30
0
0
VERTEX
8
0
10
199.733333333334
20
64.3930124501758
30
0
0
VERTEX
8
0
10
200.355555555557
20
64.3164475673002
30
0
0
VERTEX
8
0
10
200.977777777779
20
64.2399308424553
30
0
0
VERTEX
8
0
10
201.600000000001
20
64.1634624479305
30
0
0
VERTEX
8
0
10
202.222222222223
20
64.1429411064856
30
0
0
VERTEX
8
0
10
202.844444444446
20
64.122692532893
30
0
0
VERTEX
8
0
10
203.466666666668
20
64.1027169856363
30
0
0
VERTEX
8
0
10
204.08888888889
20
64.0830147200334
30
0
0
VERTEX
8
0
10
204.711111111112
20
64.0070584604427
30
0
0
VERTEX
8
0
10
205.333333333335
20
63.9311520434791
30
0
0
VERTEX
8
0
10
205.955555555557
20
63.8552956468902
30
0
0
VERTEX
8
0
10
206.577777777779
20
63.7794894491518
30
0
0
VERTEX
8
0
10
207.200000000001
20
63.7605300734419
30
0
0
VERTEX
8
0
10
207.822222222224
20
63.7418460627935
30
0
0
VERTEX
8
0
10
208.444444444446
20
63.723437659422
30
0
0
VERTEX
8
0
10
209.066666666668
20
63.7053051022472
30
0
0
VERTEX
8
0
10
209.68888888889
20
63.7339724249076
30
0
0
VERTEX
8
0
10
210.311111111112
20
63.7626619729108
30
0
0
VERTEX
8
0
10
210.933333333335
20
63.7913737162702
30
0
0
VERTEX
8
0
10
211.555555555557
20
63.8201076250295
30
0
0
VERTEX
8
0
10
212.177777777779
20
63.773751987678
30
0
0
VERTEX
8
0
10
212.800000000001
20
63.7275382980007
30
0
0
VERTEX
8
0
10
213.422222222224
20
63.681466865032
30
0
0
VERTEX
8
0
10
214.044444444446
20
63.6355379977488
30
0
0
VERTEX
8
0
10
214.666666666668
20
63.6187881389848
30
0
0
VERTEX
8
0
10
215.28888888889
20
63.6023154899091
30
0
0
VERTEX
8
0
10
215.911111111112
20
63.5861202659637
30
0
0
VERTEX
8
0
10
216.533333333335
20
63.5702026791804
30
0
0
VERTEX
8
0
10
217.155555555557
20
63.4958897329653
30
0
0
VERTEX
8
0
10
217.777777777779
20
63.4216309234248
30
0
0
VERTEX
8
0
10
218.400000000001
20
63.3474264409434
30
0
0
VERTEX
8
0
10
219.022222222224
20
63.2732764766592
30
0
0
VERTEX
8
0
10
219.644444444446
20
63.3321559191871
30
0
0
VERTEX
8
0
10
220.266666666668
20
63.3911219521318
30
0
0
VERTEX
8
0
10
220.88888888889
20
63.4501743340808
30
0
0
VERTEX
8
0
10
221.511111111113
20
63.5093128241666
30
0
0
VERTEX
8
0
10
222.133333333335
20
63.4354932706936
30
0
0
VERTEX
8
0
10
222.755555555557
20
63.361729058573
30
0
0
VERTEX
8
0
10
223.377777777779
20
63.2880203813108
30
0
0
VERTEX
8
0
10
224.000000000002
20
63.2143674331699
30
0
0
VERTEX
8
0
10
224.622222222224
20
63.2003401251434
30
0
0
VERTEX
8
0
10
225.244444444446
20
63.1865931767696
30
0
0
VERTEX
8
0
10
225.866666666668
20
63.1731267710737
30
0
0
VERTEX
8
0
10
226.48888888889
20
63.1599410875002
30
0
0
VERTEX
8
0
10
227.111111111113
20
63.086848414341
30
0
0
VERTEX
8
0
10
227.733333333335
20
63.0138130827598
30
0
0
VERTEX
8
0
10
228.355555555557
20
62.9408352923708
30
0
0
VERTEX
8
0
10
228.977777777779
20
62.8679152435572
30
0
0
VERTEX
8
0
10
229.600000000002
20
62.855520436934
30
0
0
VERTEX
8
0
10
230.222222222224
20
62.8434082073795
30
0
0
VERTEX
8
0
10
230.844444444446
20
62.8315787183135
30
0
0
VERTEX
8
0
10
231.466666666668
20
62.8200321294625
30
0
0
VERTEX
8
0
10
232.088888888891
20
62.8200321294625
30
0
0
VERTEX
8
0
10
232.711111111113
20
62.8200321294625
30
0
0
VERTEX
8
0
10
233.333333333335
20
62.8200321294625
30
0
0
VERTEX
8
0
10
233.955555555557
20
62.8200321294625
30
0
0
VERTEX
8
0
10
234.577777777779
20
62.8087685968493
30
0
0
VERTEX
8
0
10
235.200000000002
20
62.7977882727825
30
0
0
VERTEX
8
0
10
235.822222222224
20
62.7870913058462
30
0
0
VERTEX
8
0
10
236.444444444446
20
62.7766778408901
30
0
0
SEQEND
8
0
0
POLYLINE
8
0
62
3
70
0
10
0
20
0
30
0
0
VERTEX
8
0
10
7.46666666666667
20
69.5054113023497
30
0
0
VERTEX
8
0
10
8.08888888888889
20
71.207985926654
30
0
0
VERTEX
8
0
10
8.71111111111111
20
72.890394146381
30
0
0
VERTEX
8
0
10
9.33333333333334
20
74.554762243285
30
0
0
VERTEX
8
0
10
9.95555555555556
20
76.2028672045518
30
0
0
VERTEX
8
0
10
10.5777777777778
20
77.5215540708928
30
0
0
VERTEX
8
0
10
11.2
20
78.8267655410097
30
0
0
VERTEX
8
0
10
11.8222222222222
20
80.1196102827782
30
0
0
VERTEX
8
0
10
12.4444444444444
20
81.4010527975504
30
0
0
VERTEX
8
0
10
13.0666666666667
20
82.357279895041
30
0
0
VERTEX
8
0
10
13.6888888888889
20
83.303695626562
30
0
0
VERTEX
8
0
10
14.3111111111111
20
84.2409618704284
30
0
0
VERTEX
8
0
10
14.9333333333333
20
85.1696692739681
30
0
0
VERTEX
8
0
10
15.5555555555556
20
86.0903475449378
30
0
0
VERTEX
8
0
10
16.1777777777778
20
87.0034739066408
30
0
0
VERTEX
8
0
10
16.8
20
87.9094801020059
30
0
0
VERTEX
8
0
10
17.4222222222222
20
88.808758239855
30
0
0
VERTEX
8
0
10
18.0444444444445
20
90.3309836749573
30
0
0
VERTEX
8
0
10
18.6666666666667
20
91.84716560788
30
0
0
VERTEX
8
0
10
19.2888888888889
20
93.3576038219679
30
0
0
VERTEX
8
0
10
19.9111111111111
20
94.86257410634
30
0
0
VERTEX
8
0
10
20.5333333333333
20
96.2724281652139
30
0
0
VERTEX
8
0
10
21.1555555555556
20
97.6773039073284
30
0
0
VERTEX
8
0
10
21.7777777777778
20
99.0774194210883
30
0
0
VERTEX
8
0
10
22.4
20
100.472977321781
30
0
0
VERTEX
8
0
10
23.0222222222222
20
101.999020431986
30
0
0
VERTEX
8
0
10
23.6444444444445
20
103.520870605452
30
0
0
VERTEX
8
0
10
24.2666666666667
20
105.038692305134
30
0
0
VERTEX
8
0
10
24.8888888888889
20
106.552639515489
30
0
0
VERTEX
8
0
10
25.5111111111111
20
107.883050896455
30
0
0
VERTEX
8
0
10
26.1333333333333
20
109.209867794527
30
0
0
VERTEX
8
0
10
26.7555555555556
20
110.533217847108
30
0
0
VERTEX
8
0
10
27.3777777777778
20
111.853221311868
30
0
0
VERTEX
8
0
10
28
20
113.261982054549
30
0
0
VERTEX
8
0
10
28.6222222222222
20
114.669016073809
30
0
0
VERTEX
8
0
10
29.2444444444444
20
116.074372305823
30
0
0
VERTEX
8
0
10
29.8666666666667
20
117.478096852732
30
0
0
VERTEX
8
0
10
30.4888888888889
20
118.930618129791
30
0
0
VERTEX
8
0
10
31.1111111111111
20
120.383711740158
30
0
0
VERTEX
8
0
10
31.7333333333333
20
121.837335311728
30
0
0
VERTEX
8
0
10
32.3555555555555
20
123.291448295741
30
0
0
VERTEX
8
0
10
32.9777777777778
20
124.290579425534
30
0
0
VERTEX
8
0
10
33.6
20
125.289045420495
30
0
0
VERTEX
8
0
10
34.2222222222222
20
126.28687367178
30
0
0
VERTEX
8
0
10
34.8444444444444
20
127.284089622973
30
0
0
VERTEX
8
0
10
35.4666666666666
20
127.646956642585
30
0
0
VERTEX
8
0
10
36.0888888888889
20
128.008889203276
30
0
0
VERTEX
8
0
10
36.7111111111111
20
128.369939480575
30
0
0
VERTEX
8
0
10
37.3333333333333
20
128.730157239208
30
0
0
VERTEX
8
0
10
37.9555555555555
20
129.089589972256
30
0
0
VERTEX
8
0
10
38.5777777777777
20
129.448283030138
30
0
0
VERTEX
8
0
10
39.2
20
129.806279740317
30
0
0
VERTEX
8
0
10
39.8222222222222
20
130.163621518529
30
0
0
VERTEX
8
0
10
40.4444444444444
20
130.251767430116
30
0
0
VERTEX
8
0
10
41.0666666666666
20
130.339518232714
30
0
0
VERTEX
8
0
10
41.6888888888888
20
130.42692085774
30
0
0
VERTEX
8
0
10
42.3111111111111
20
130.514020696526
30
0
0
VERTEX
8
0
10
42.9333333333333
20
130.600861677015
30
0
0
VERTEX
8
0
10
43.5555555555555
20
130.68748633539
30
0
0
VERTEX
8
0
10
44.1777777777777
20
130.773935883045
30
0
0
VERTEX
8
0
10
44.7999999999999
20
130.860250269249
30
0
0
VERTEX
8
0
10
45.4222222222222
20
130.812617686128
30
0
0
VERTEX
8
0
10
46.0444444444444
20
130.765057583517
30
0
0
VERTEX
8
0
10
46.6666666666666
20
130.717613511816
30
0
0
VERTEX
8
0
10
47.2888888888888
20
130.670328069312
30
0
0
VERTEX
8
0
10
47.911111111111
20
130.610876137584
30
0
0
VERTEX
8
0
10
48.5333333333333
20
130.551015359531
30
0
0
VERTEX
8
0
10
49.1555555555555
20
130.490780887559
30
0
0
VERTEX
8
0
10
49.7777777777777
20
130.430207093622
30
0
0
VERTEX
8
0
10
50.3999999999999
20
130.338402533445
30
0
0
VERTEX
8
0
10
51.0222222222221
20
130.247045725175
30
0
0
VERTEX
8
0
10
51.6444444444444
20
130.156176666976
30
0
0
VERTEX
8
0
10
52.2666666666666
20
130.065834756593
30
0
0
VERTEX
8
0
10
52.8888888888888
20
130.093978090345
30
0
0
VERTEX
8
0
10
53.511111111111
20
130.121883301412
30
0
0
VERTEX
8
0
10
54.1333333333332
20
130.149576707685
30
0
0
VERTEX
8
0
10
54.7555555555555
20
130.177084036997
30
0
0
VERTEX
8
0
10
55.3777777777777
20
130.132162657814
30
0
0
VERTEX
8
0
10
55.9999999999999
20
130.087899971474
30
0
0
VERTEX
8
0
10
56.6222222222221
20
130.044328516039
30
0
0
VERTEX
8
0
10
57.2444444444443
20
130.001480358108
30
0
0
VERTEX
8
0
10
57.8666666666666
20
130.179723427408
30
0
0
VERTEX
8
0
10
58.4888888888888
20
130.358376380721
30
0
0
VERTEX
8
0
10
59.111111111111
20
130.537456734571
30
0
0
VERTEX
8
0
10
59.7333333333332
20
130.716981498018
30
0
0
VERTEX
8
0
10
60.3555555555554
20
130.896967188474
30
0
0
VERTEX
8
0
10
60.9777777777777
20
131.077429846801
30
0
0
VERTEX
8
0
10
61.5999999999999
20
131.258385051722
30
0
0
VERTEX
8
0
10
62.2222222222221
20
131.439847933587
30
0
0
VERTEX
8
0
10
62.8444444444443
20
131.709369645247
30
0
0
VERTEX
8
0
10
63.4666666666665
20
131.979269178364
30
0
0
VERTEX
8
0
10
64.0888888888888
20
132.249556722027
30
0
0
VERTEX
8
0
10
64.711111111111
20
132.52024209308
30
0
0
VERTEX
8
0
10
65.3333333333332
20
132.769589864461
30
0
0
VERTEX
8
0
10
65.9555555555554
20
133.018788687389
30
0
0
VERTEX
8
0
10
66.5777777777776
20
133.26784942528
30
0
0
VERTEX
8
0
10
67.1999999999999
20
133.516782640383
30
0
0
VERTEX
8
0
10
67.8222222222221
20
133.548120316577
30
0
0
VERTEX
8
0
10
68.4444444444443
20
133.579701375009
30
0
0
VERTEX
8
0
10
69.0666666666665
20
133.611542196728
30
0
0
VERTEX
8
0
10
69.6888888888887
20
133.643658904355
30
0
0
VERTEX
8
0
10
70.311111111111
20
133.577450110221
30
0
0
VERTEX
8
0
10
70.9333333333332
20
133.511420610572
30
0
0
VERTEX
8
0
10
71.5555555555554
20
133.445588288542
30
0
0
VERTEX
8
0
10
72.1777777777776
20
133.379970852193
30
0
0
VERTEX
8
0
10
72.7999999999998
20
133.3271002295
30
0
0
VERTEX
8
0
10
73.4222222222221
20
133.274783472975
30
0
0
VERTEX
8
0
10
74.0444444444443
20
133.223039628282
30
0
0
VERTEX
8
0
10
74.6666666666665
20
133.1718875811
30
0
0
VERTEX
8
0
10
75.2888888888887
20
133.108179546687
30
0
0
VERTEX
8
0
10
75.9111111111109
20
133.044791692681
30
0
0
VERTEX
8
0
10
76.5333333333332
20
132.981740665079
30
0
0
VERTEX
8
0
10
77.1555555555554
20
132.919042979807
30
0
0
VERTEX
8
0
10
77.7777777777776
20
132.8139148344
30
0
0
VERTEX
8
0
10
78.3999999999998
20
132.709269616305
30
0
0
VERTEX
8
0
10
79.022222222222
20
132.605125880769
30
0
0
VERTEX
8
0
10
79.6444444444443
20
132.501502107674
30
0
0
VERTEX
8
0
10
80.2666666666665
20
132.312807078577
30
0
0
VERTEX
8
0
10
80.8888888888887
20
132.123980051992
30
0
0
VERTEX
8
0
10
81.5111111111109
20
131.935034583156
30
0
0
VERTEX
8
0
10
82.1333333333331
20
131.74598417538
30
0
0
VERTEX
8
0
10
82.7555555555554
20
131.64179278798
30
0
0
VERTEX
8
0
10
83.3777777777776
20
131.537386956561
30
0
0
VERTEX
8
0
10
83.9999999999998
20
131.43277722932
30
0
0
VERTEX
8
0
10
84.622222222222
20
131.327974066823
30
0
0
VERTEX
8
0
10
85.2444444444442
20
131.138294807491
30
0
0
VERTEX
8
0
10
85.8666666666665
20
130.94858614454
30
0
0
VERTEX
8
0
10
86.4888888888887
20
130.758861279027
30
0
0
VERTEX
8
0
10
87.1111111111109
20
130.569133397399
30
0
0
VERTEX
8
0
10
87.7333333333331
20
130.44829530313
30
0
0
VERTEX
8
0
10
88.3555555555553
20
130.327158565984
30
0
0
VERTEX
8
0
10
88.9777777777776
20
130.205731742148
30
0
0
VERTEX
8
0
10
89.5999999999998
20
130.084023316039
30
0
0
VERTEX
8
0
10
90.222222222222
20
130.004131098368
30
0
0
VERTEX
8
0
10
90.8444444444442
20
129.923919722273
30
0
0
VERTEX
8
0
10
91.4666666666664
20
129.84339659831
30
0
0
VERTEX
8
0
10
92.0888888888887
20
129.762569062227
30
0
0
VERTEX
8
0
10
92.7111111111109
20
129.749395100992
30
0
0
VERTEX
8
0
10
93.3333333333331
20
129.735751421437
30
0
0
VERTEX
8
0
10
93.9555555555553
20
129.721643499432
30
0
0
VERTEX
8
0
10
94.5777777777775
20
129.707076727544
30
0
0
VERTEX
8
0
10
95.1999999999998
20
129.708214941838
30
0
0
VERTEX
8
0
10
95.822222222222
20
129.708991508284
30
0
0
VERTEX
8
0
10
96.4444444444442
20
129.709412027705
30
0
0
VERTEX
8
0
10
97.0666666666664
20
129.709482027685
30
0
0
VERTEX
8
0
10
97.6888888888886
20
129.792931198514
30
0
0
VERTEX
8
0
10
98.3111111111109
20
129.875968194565
30
0
0
VERTEX
8
0
10
98.9333333333331
20
129.958597727629
30
0
0
VERTEX
8
0
10
99.5555555555553
20
130.040824438504
30
0
0
VERTEX
8
0
10
100.177777777778
20
130.022520859262
30
0
0
VERTEX
8
0
10
100.8
20
130.003808550154
30
0
0
VERTEX
8
0
10
101.422222222222
20
129.984692107114
30
0
0
VERTEX
8
0
10
102.044444444444
20
129.965176063248
30
0
0
VERTEX
8
0
10
102.666666666666
20
129.89514577134
30
0
0
VERTEX
8
0
10
103.288888888889
20
129.825084933322
30
0
0
VERTEX
8
0
10
103.911111111111
20
129.755000895127
30
0
0
VERTEX
8
0
10
104.533333333333
20
129.684900971862
30
0
0
VERTEX
8
0
10
105.155555555555
20
129.697950709022
30
0
0
VERTEX
8
0
10
105.777777777778
20
129.710855487877
30
0
0
VERTEX
8
0
10
106.4
20
129.723620494569
30
0
0
VERTEX
8
0
10
107.022222222222
20
129.736250866162
30
0
0
VERTEX
8
0
10
107.644444444444
20
129.665854396197
30
0
0
VERTEX
8
0
10
108.266666666667
20
129.595481783346
30
0
0
VERTEX
8
0
10
108.888888888889
20
129.525140128003
30
0
0
VERTEX
8
0
10
109.511111111111
20
129.454836510225
30
0
0
VERTEX
8
0
10
110.133333333333
20
129.425858260189
30
0
0
VERTEX
8
0
10
110.755555555555
20
129.396850662972
30
0
0
VERTEX
8
0
10
111.377777777778
20
129.367819500624
30
0
0
VERTEX
8
0
10
112
20
129.338770523728
30
0
0
VERTEX
8
0
10
112.622222222222
20
129.268586250465
30
0
0
VERTEX
8
0
10
113.244444444444
20
129.198480204401
30
0
0
VERTEX
8
0
10
113.866666666667
20
129.128459335715
30
0
0
VERTEX
8
0
10
114.488888888889
20
129.05853058315
30
0
0
VERTEX
8
0
10
115.111111111111
20
128.910661961865
30
0
0
VERTEX
8
0
10
115.733333333333
20
128.762635217909
30
0
0
VERTEX
8
0
10
116.355555555556
20
128.614455792352
30
0
0
VERTEX
8
0
10
116.977777777778
20
128.466129120225
30
0
0
VERTEX
8
0
10
117.6
20
128.355316998919
30
0
0
VERTEX
8
0
10
118.222222222222
20
128.244738205156
30
0
0
VERTEX
8
0
10
118.844444444444
20
128.134401435018
30
0
0
VERTEX
8
0
10
119.466666666667
20
128.024315408998
30
0
0
VERTEX
8
0
10
120.088888888889
20
127.955083996933
30
0
0
VERTEX
8
0
10
120.711111111111
20
127.88601453424
30
0
0
VERTEX
8
0
10
121.333333333333
20
127.817113939922
30
0
0
VERTEX
8
0
10
121.955555555556
20
127.748389133309
30
0
0
VERTEX
8
0
10
122.577777777778
20
127.599073941621
30
0
0
VERTEX
8
0
10
123.2
20
127.450181356162
30
0
0
VERTEX
8
0
10
123.822222222222
20
127.301722720439
30
0
0
VERTEX
8
0
10
124.444444444445
20
127.153709455611
30
0
0
VERTEX
8
0
10
125.066666666667
20
127.08610871289
30
0
0
VERTEX
8
0
10
125.688888888889
20
127.018315435972
30
0
0
VERTEX
8
0
10
126.311111111111
20
126.950333220856
30
0
0
VERTEX
8
0
10
126.933333333333
20
126.882165645074
30
0
0
VERTEX
8
0
10
127.555555555556
20
126.853866535878
30
0
0
VERTEX
8
0
10
128.177777777778
20
126.825337464072
30
0
0
VERTEX
8
0
10
128.8
20
126.796581374008
30
0
0
VERTEX
8
0
10
129.422222222222
20
126.76760118686
30
0
0
VERTEX
8
0
10
130.044444444445
20
126.658490739567
30
0
0
VERTEX
8
0
10
130.666666666667
20
126.549280117724
30
0
0
VERTEX
8
0
10
131.288888888889
20
126.4399736779
30
0
0
VERTEX
8
0
10
131.911111111111
20
126.330575776931
30
0
0
VERTEX
8
0
10
132.533333333334
20
126.342483959622
30
0
0
VERTEX
8
0
10
133.155555555556
20
126.35446246854
30
0
0
VERTEX
8
0
10
133.777777777778
20
126.366515278847
30
0
0
VERTEX
8
0
10
134.4
20
126.378646347259
30
0
0
VERTEX
8
0
10
135.022222222222
20
126.34835510815
30
0
0
VERTEX
8
0
10
135.644444444445
20
126.317870627513
30
0
0
VERTEX
8
0
10
136.266666666667
20
126.287195621833
30
0
0
VERTEX
8
0
10
136.888888888889
20
126.256332790213
30
0
0
VERTEX
8
0
10
137.511111111111
20
126.246717720631
30
0
0
VERTEX
8
0
10
138.133333333334
20
126.237039239726
30
0
0
VERTEX
8
0
10
138.755555555556
20
126.227300597126
30
0
0
VERTEX
8
0
10
139.377777777778
20
126.217505028829
30
0
0
VERTEX
8
0
10
140
20
126.207655757583
30
0
0
VERTEX
8
0
10
140.622222222223
20
126.197755993247
30
0
0
VERTEX
8
0
10
141.244444444445
20
126.187808933159
30
0
0
VERTEX
8
0
10
141.866666666667
20
126.177817762487
30
0
0
VERTEX
8
0
10
142.488888888889
20
126.189811957683
30
0
0
VERTEX
8
0
10
143.111111111111
20
126.201935243463
30
0
0
VERTEX
8
0
10
143.733333333334
20
126.214191359972
30
0
0
VERTEX
8
0
10
144.355555555556
20
126.226584033923
30
0
0
VERTEX
8
0
10
144.977777777778
20
126.194328041482
30
0
0
VERTEX
8
0
10
145.6
20
126.161923522792
30
0
0
VERTEX
8
0
10
146.222222222223
20
126.12937297652
30
0
0
VERTEX
8
0
10
146.844444444445
20
126.096678889989
30
0
0
VERTEX
8
0
10
147.466666666667
20
126.131675775865
30
0
0
VERTEX
8
0
10
148.088888888889
20
126.167044347928
30
0
0
VERTEX
8
0
10
148.711111111112
20
126.202788660892
30
0
0
VERTEX
8
0
10
149.333333333334
20
126.23891274716
30
0
0
VERTEX
8
0
10
149.955555555556
20
126.352540120622
30
0
0
VERTEX
8
0
10
150.577777777778
20
126.466302046262
30
0
0
VERTEX
8
0
10
151.2
20
126.580200216981
30
0
0
VERTEX
8
0
10
151.822222222223
20
126.694236303058
30
0
0
VERTEX
8
0
10
152.444444444445
20
126.708263461034
30
0
0
VERTEX
8
0
10
153.066666666667
20
126.722474591404
30
0
0
VERTEX
8
0
10
153.688888888889
20
126.736873225418
30
0
0
VERTEX
8
0
10
154.311111111112
20
126.751462883656
30
0
0
VERTEX
8
0
10
154.933333333334
20
126.866303415692
30
0
0
VERTEX
8
0
10
155.555555555556
20
126.981293739397
30
0
0
VERTEX
8
0
10
156.177777777778
20
127.096435371981
30
0
0
VERTEX
8
0
10
156.800000000001
20
127.211729809568
30
0
0
VERTEX
8
0
10
157.422222222223
20
127.251447907162
30
0
0
VERTEX
8
0
10
158.044444444445
20
127.291590886338
30
0
0
VERTEX
8
0
10
158.666666666667
20
127.332162442114
30
0
0
VERTEX
8
0
10
159.288888888889
20
127.373166247132
30
0
0
VERTEX
8
0
10
159.911111111112
20
127.415757854844
30
0
0
VERTEX
8
0
10
160.533333333334
20
127.458156694272
30
0
0
VERTEX
8
0
10
161.155555555556
20
127.500364218067
30
0
0
VERTEX
8
0
10
161.777777777778
20
127.542381866547
30
0
0
VERTEX
8
0
10
162.400000000001
20
127.584211067871
30
0
0
VERTEX
8
0
10
163.022222222223
20
127.625853238207
30
0
0
VERTEX
8
0
10
163.644444444445
20
127.667309781907
30
0
0
VERTEX
8
0
10
164.266666666667
20
127.708582091666
30
0
0
VERTEX
8
0
10
164.88888888889
20
127.799405412344
30
0
0
VERTEX
8
0
10
165.511111111112
20
127.89024412214
30
0
0
VERTEX
8
0
10
166.133333333334
20
127.981099717786
30
0
0
VERTEX
8
0
10
166.755555555556
20
128.071973682396
30
0
0
VERTEX
8
0
10
167.377777777778
20
128.112571362965
30
0
0
VERTEX
8
0
10
168.000000000001
20
128.152993326001
30
0
0
VERTEX
8
0
10
168.622222222223
20
128.193240887607
30
0
0
VERTEX
8
0
10
169.244444444445
20
128.233315353462
30
0
0
VERTEX
8
0
10
169.866666666667
20
128.198844548752
30
0
0
VERTEX
8
0
10
170.48888888889
20
128.164319739036
30
0
0
VERTEX
8
0
10
171.111111111112
20
128.129743124042
30
0
0
VERTEX
8
0
10
171.733333333334
20
128.095116901575
30
0
0
VERTEX
8
0
10
172.355555555556
20
128.083604445353
30
0
0
VERTEX
8
0
10
172.977777777779
20
128.071895630965
30
0
0
VERTEX
8
0
10
173.600000000001
20
128.059991609606
30
0
0
VERTEX
8
0
10
174.222222222223
20
128.047893522958
30
0
0
VERTEX
8
0
10
174.844444444445
20
128.086394500597
30
0
0
VERTEX
8
0
10
175.466666666667
20
128.124735036542
30
0
0
VERTEX
8
0
10
176.08888888889
20
128.16291633241
30
0
0
VERTEX
8
0
10
176.711111111112
20
128.200939580981
30
0
0
VERTEX
8
0
10
177.333333333334
20
128.113750784458
30
0
0
VERTEX
8
0
10
177.955555555556
20
128.026378120526
30
0
0
VERTEX
8
0
10
178.577777777779
20
127.938822731004
30
0
0
VERTEX
8
0
10
179.200000000001
20
127.851085750185
30
0
0
VERTEX
8
0
10
179.822222222223
20
127.888263814788
30
0
0
VERTEX
8
0
10
180.444444444445
20
127.925290963421
30
0
0
VERTEX
8
0
10
181.066666666668
20
127.962168331971
30
0
0
VERTEX
8
0
10
181.68888888889
20
127.998897048394
30
0
0
VERTEX
8
0
10
182.311111111112
20
127.984084302873
30
0
0
VERTEX
8
0
10
182.933333333334
20
127.96909137616
30
0
0
VERTEX
8
0
10
183.555555555556
20
127.953919274548
30
0
0
VERTEX
8
0
10
184.177777777779
20
127.938568996582
30
0
0
VERTEX
8
0
10
184.800000000001
20
127.974330479164
30
0
0
VERTEX
8
0
10
185.422222222223
20
128.009949490981
30
0
0
VERTEX
8
0
10
186.044444444445
20
128.045427106775
30
0
0
VERTEX
8
0
10
186.666666666668
20
128.080764394149
30
0
0
VERTEX
8
0
10
187.28888888889
20
128.090186272516
30
0
0
VERTEX
8
0
10
187.911111111112
20
128.099430921308
30
0
0
VERTEX
8
0
10
188.533333333334
20
128.108499253681
30
0
0
VERTEX
8
0
10
189.155555555557
20
128.117392175505
30
0
0
VERTEX
8
0
10
189.777777777779
20
128.12611058545
30
0
0
VERTEX
8
0
10
190.400000000001
20
128.134655375067
30
0
0
VERTEX
8
0
10
191.022222222223
20
128.143027428874
30
0
0
VERTEX
8
0
10
191.644444444445
20
128.151227624437
30
0
0
VERTEX
8
0
10
192.266666666668
20
128.185103091698
30
0
0
VERTEX
8
0
10
192.88888888889
20
128.218848096478
30
0
0
VERTEX
8
0
10
193.511111111112
20
128.252463633225
30
0
0
VERTEX
8
0
10
194.133333333334
20
128.285950690286
30
0
0
VERTEX
8
0
10
194.755555555557
20
128.371315202696
30
0
0
VERTEX
8
0
10
195.377777777779
20
128.456764413863
30
0
0
VERTEX
8
0
10
196.000000000001
20
128.54229939976
30
0
0
VERTEX
8
0
10
196.622222222223
20
128.627921227089
30
0
0
VERTEX
8
0
10
197.244444444446
20
128.661029791099
30
0
0
VERTEX
8
0
10
197.866666666668
20
128.694016123218
30
0
0
VERTEX
8
0
10
198.48888888889
20
128.726881171714
30
0
0
VERTEX
8
0
10
199.111111111112
20
128.759625879347
30
0
0
VERTEX
8
0
10
199.733333333334
20
128.792251183441
30
0
0
VERTEX
8
0
10
200.355555555557
20
128.824758015954
30
0
0
VERTEX
8
0
10
200.977777777779
20
128.857147303543
30
0
0
VERTEX
8
0
10
201.600000000001
20
128.889419967636
30
0
0
VERTEX
8
0
10
202.222222222223
20
128.974680546764
30
0
0
VERTEX
8
0
10
202.844444444446
20
129.06003921609
30
0
0
VERTEX
8
0
10
203.466666666668
20
129.145496961587
30
0
0
VERTEX
8
0
10
204.08888888889
20
129.231054760563
30
0
0
VERTEX
8
0
10
204.711111111112
20
129.263012430318
30
0
0
VERTEX
8
0
10
205.333333333335
20
129.294859339261
30
0
0
VERTEX
8
0
10
205.955555555557
20
129.326596374397
30
0
0
VERTEX
8
0
10
206.577777777779
20
129.358224418004
30
0
0
VERTEX
8
0
10
207.200000000001
20
129.443700969464
30
0
0
VERTEX
8
0
10
207.822222222224
20
129.529283846715
30
0
0
VERTEX
8
0
10
208.444444444446
20
129.614973976667
30
0
0
VERTEX
8
0
10
209.066666666668
20
129.700772277902
30
0
0
VERTEX
8
0
10
209.68888888889
20
129.830877268845
30
0
0
VERTEX
8
0
10
210.311111111112
20
129.960850859106
30
0
0
VERTEX
8
0
10
210.933333333335
20
130.090693696539
30
0
0
VERTEX
8
0
10
211.555555555557
20
130.220406424045
30
0
0
VERTEX
8
0
10
212.177777777779
20
130.278633582114
30
0
0
VERTEX
8
0
10
212.800000000001
20
130.336845751384
30
0
0
VERTEX
8
0
10
213.422222222224
20
130.395043882148
30
0
0
VERTEX
8
0
10
214.044444444446
20
130.453228919864
30
0
0
VERTEX
8
0
10
214.666666666668
20
130.538986132415
30
0
0
VERTEX
8
0
10
215.28888888889
20
130.624859453418
30
0
0
VERTEX
8
0
10
215.911111111112
20
130.710849725413
30
0
0
VERTEX
8
0
10
216.533333333335
20
130.796957783104
30
0
0
VERTEX
8
0
10
217.155555555557
20
130.827444908456
30
0
0
VERTEX
8
0
10
217.777777777779
20
130.857838747
30
0
0
VERTEX
8
0
10
218.400000000001
20
130.888140099374
30
0
0
VERTEX
8
0
10
219.022222222224
20
130.91834976252
30
0
0
VERTEX
8
0
10
219.644444444446
20
131.074794491617
30
0
0
VERTEX
8
0
10
220.266666666668
20
131.231179217761
30
0
0
VERTEX
8
0
10
220.88888888889
20
131.387504313998
30
0
0
VERTEX
8
0
10
221.511111111113
20
131.543770149654
30
0
0
VERTEX
8
0
10
222.133333333335
20
131.573585374571
30
0
0
VERTEX
8
0
10
222.755555555557
20
131.603313294209
30
0
0
VERTEX
8
0
10
223.377777777779
20
131.63295467808
30
0
0
VERTEX
8
0
10
224.000000000002
20
131.662510292338
30
0
0
VERTEX
8
0
10
224.622222222224
20
131.748572129994
30
0
0
VERTEX
8
0
10
225.244444444446
20
131.834762748181
30
0
0
VERTEX
8
0
10
225.866666666668
20
131.921082890385
30
0
0
VERTEX
8
0
10
226.48888888889
20
132.007533292771
30
0
0
VERTEX
8
0
10
227.111111111113
20
132.036936191027
30
0
0
VERTEX
8
0
10
227.733333333335
20
132.066258257721
30
0
0
VERTEX
8
0
10
228.355555555557
20
132.095500236644
30
0
0
VERTEX
8
0
10
228.977777777779
20
132.124662868543
30
0
0
VERTEX
8
0
10
229.600000000002
20
132.21119082565
30
0
0
VERTEX
8
0
10
230.222222222224
20
132.297854119043
30
0
0
VERTEX
8
0
10
230.844444444446
20
132.384653443253
30
0
0
VERTEX
8
0
10
231.466666666668
20
132.471589485668
30
0
0
VERTEX
8
0
10
232.088888888891
20
132.569363282542
30
0
0
VERTEX
8
0
10
232.711111111113
20
132.667006102954
30
0
0
VERTEX
8
0
10
233.333333333335
20
132.764518471862
30
0
0
VERTEX
8
0
10
233.955555555557
20
132.861900910725
30
0
0
VERTEX
8
0
10
234.577777777779
20
132.948453581554
30
0
0
VERTEX
8
0
10
235.200000000002
20
133.035146403015
30
0
0
VERTEX
8
0
10
235.822222222224
20
133.121980027422
30
0
0
VERTEX
8
0
10
236.444444444446
20
133.208955100174
30
0
0
SEQEND
8
0
0
POLYLINE
8
0
62
2
70
0
10
0
20
0
30
0
0
VERTEX
8
0
10
7.46666666666667
20
59.4015597521642
30
0
0
VERTEX
8
0
10
8.08888888888889
20
60.6317985552984
30
0
0
VERTEX
8
0
10
8.71111111111111
20
61.862038181507
30
0
0
VERTEX
8
0
10
9.33333333333334
20
63.0922785826426
30
0
0
VERTEX
8
0
10
9.95555555555556
20
64.3225197142412
30
0
0
VERTEX
8
0
10
10.5777777777778
20
65.221542517788
30
0
0
VERTEX
8
0
10
11.2
20
66.120565674381
30
0
0
VERTEX
8
0
10
11.8222222222222
20
67.0195891698125
30
0
0
VERTEX
8
0
10
12.4444444444444
20
67.9186129906271
30
0
0
VERTEX
8
0
10
13.0666666666667
20
68.4864176708939
30
0
0
VERTEX
8
0
10
13.6888888888889
20
69.0542224727775
30
0
0
VERTEX
8
0
10
14.3111111111111
20
69.6220273933025
30
0
0
VERTEX
8
0
10
14.9333333333333
20
70.1898324295896
30
0
0
VERTEX
8
0
10
15.5555555555556
20
70.757637578852
30
0
0
VERTEX
8
0
10
16.1777777777778
20
71.3254428383914
30
0
0
VERTEX
8
0
10
16.8
20
71.8932482055952
30
0
0
VERTEX
8
0
10
17.4222222222222
20
72.4610536779322
30
0
0
VERTEX
8
0
10
18.0444444444445
20
73.6912992170821
30
0
0
VERTEX
8
0
10
18.6666666666667
20
74.9215452146209
30
0
0
VERTEX
8
0
10
19.2888888888889
20
76.1517916483325
30
0
0
VERTEX
8
0
10
19.9111111111111
20
77.3820384974136
30
0
0
VERTEX
8
0
10
20.5333333333333
20
78.5176513252746
30
0
0
VERTEX
8
0
10
21.1555555555556
20
79.6532644760045
30
0
0
VERTEX
8
0
10
21.7777777777778
20
80.7888779359883
30
0
0
VERTEX
8
0
10
22.4
20
81.9244916923654
30
0
0
VERTEX
8
0
10
23.0222222222222
20
83.2020575074613
30
0
0
VERTEX
8
0
10
23.6444444444445
20
84.4796236659907
30
0
0
VERTEX
8
0
10
24.2666666666667
20
85.7571901526048
30
0
0
VERTEX
8
0
10
24.8888888888889
20
87.0347569528558
30
0
0
VERTEX
8
0
10
25.5111111111111
20
88.1230548346679
30
0
0
VERTEX
8
0
10
26.1333333333333
20
89.2113529262136
30
0
0
VERTEX
8
0
10
26.7555555555556
20
90.2996512199099
30
0
0
VERTEX
8
0
10
27.3777777777778
20
91.3879497085347
30
0
0
VERTEX
8
0
10
28
20
92.5730803893342
30
0
0
VERTEX
8
0
10
28.6222222222222
20
93.7596841050924
30
0
0
VERTEX
8
0
10
29.2444444444444
20
94.947705628306
30
0
0
VERTEX
8
0
10
29.8666666666667
20
96.1370923969947
30
0
0
VERTEX
8
0
10
30.4888888888889
20
97.3808311018433
30
0
0
VERTEX
8
0
10
31.1111111111111
20
98.6280682346443
30
0
0
VERTEX
8
0
10
31.7333333333333
20
99.8786727353947
30
0
0
VERTEX
8
0
10
32.3555555555555
20
101.132519681579
30
0
0
VERTEX
8
0
10
32.9777777777778
20
101.910087330548
30
0
0
VERTEX
8
0
10
33.6
20
102.689529180745
30
0
0
VERTEX
8
0
10
34.2222222222222
20
103.470802877305
30
0
0
VERTEX
8
0
10
34.8444444444444
20
104.25386723692
30
0
0
VERTEX
8
0
10
35.4666666666666
20
104.371566123661
30
0
0
VERTEX
8
0
10
36.0888888888889
20
104.490589505532
30
0
0
VERTEX
8
0
10
36.7111111111111
20
104.610932861615
30
0
0
VERTEX
8
0
10
37.3333333333333
20
104.732591641746
30
0
0
VERTEX
8
0
10
37.9555555555555
20
104.855561267259
30
0
0
VERTEX
8
0
10
38.5777777777777
20
104.979837131721
30
0
0
VERTEX
8
0
10
39.2
20
105.105414601671
30
0
0
VERTEX
8
0
10
39.8222222222222
20
105.232289017352
30
0
0
VERTEX
8
0
10
40.4444444444444
20
105.077739333267
30
0
0
VERTEX
8
0
10
41.0666666666666
20
104.924669115021
30
0
0
VERTEX
8
0
10
41.6888888888888
20
104.773084846973
30
0
0
VERTEX
8
0
10
42.3111111111111
20
104.622992987935
30
0
0
VERTEX
8
0
10
42.9333333333333
20
104.474399970058
30
0
0
VERTEX
8
0
10
43.5555555555555
20
104.327312197725
30
0
0
VERTEX
8
0
10
44.1777777777777
20
104.181736046428
30
0
0
VERTEX
8
0
10
44.7999999999999
20
104.037677861636
30
0
0
VERTEX
8
0
10
45.4222222222222
20
103.75424863797
30
0
0
VERTEX
8
0
10
46.0444444444444
20
103.472488186326
30
0
0
VERTEX
8
0
10
46.6666666666666
20
103.192410176139
30
0
0
VERTEX
8
0
10
47.2888888888888
20
102.914028343579
30
0
0
VERTEX
8
0
10
47.911111111111
20
102.624338795534
30
0
0
VERTEX
8
0
10
48.5333333333333
20
102.33568888764
30
0
0
VERTEX
8
0
10
49.1555555555555
20
102.048087441973
30
0
0
VERTEX
8
0
10
49.7777777777777
20
101.761543348119
30
0
0
VERTEX
8
0
10
50.3999999999999
20
101.443512855151
30
0
0
VERTEX
8
0
10
51.0222222222221
20
101.127316144116
30
0
0
VERTEX
8
0
10
51.6444444444444
20
100.812970469812
30
0
0
VERTEX
8
0
10
52.2666666666666
20
100.500493201273
30
0
0
VERTEX
8
0
10
52.8888888888888
20
100.314027368643
30
0
0
VERTEX
8
0
10
53.511111111111
20
100.128578305696
30
0
0
VERTEX
8
0
10
54.1333333333332
20
99.9441516723621
30
0
0
VERTEX
8
0
10
54.7555555555555
20
99.7607531391058
30
0
0
VERTEX
8
0
10
55.3777777777777
20
99.502317025754
30
0
0
VERTEX
8
0
10
55.9999999999999
20
99.2457572169061
30
0
0
VERTEX
8
0
10
56.6222222222221
20
98.9910883012803
30
0
0
VERTEX
8
0
10
57.2444444444443
20
98.738324910027
30
0
0
VERTEX
8
0
10
57.8666666666666
20
98.7194146800726
30
0
0
VERTEX
8
0
10
58.4888888888888
20
98.7020433545826
30
0
0
VERTEX
8
0
10
59.111111111111
20
98.6862117462179
30
0
0
VERTEX
8
0
10
59.7333333333332
20
98.6719205961074
30
0
0
VERTEX
8
0
10
60.3555555555554
20
98.6591705736745
30
0
0
VERTEX
8
0
10
60.9777777777777
20
98.6479622764807
30
0
0
VERTEX
8
0
10
61.5999999999999
20
98.6382962300862
30
0
0
VERTEX
8
0
10
62.2222222222221
20
98.6301728879261
30
0
0
VERTEX
8
0
10
62.8444444444443
20
98.7157362708973
30
0
0
VERTEX
8
0
10
63.4666666666665
20
98.8026758659238
30
0
0
VERTEX
8
0
10
64.0888888888888
20
98.8909880433327
30
0
0
VERTEX
8
0
10
64.711111111111
20
98.9806691292023
30
0
0
VERTEX
8
0
10
65.3333333333332
20
99.0488260551119
30
0
0
VERTEX
8
0
10
65.9555555555554
20
99.1177493176856
30
0
0
VERTEX
8
0
10
66.5777777777776
20
99.1874373193896
30
0
0
VERTEX
8
0
10
67.1999999999999
20
99.2578884494762
30
0
0
VERTEX
8
0
10
67.8222222222221
20
99.1001765718405
30
0
0
VERTEX
8
0
10
68.4444444444443
20
98.943593663645
30
0
0
VERTEX
8
0
10
69.0666666666665
20
98.7881450932666
30
0
0
VERTEX
8
0
10
69.6888888888887
20
98.6338362239112
30
0
0
VERTEX
8
0
10
70.311111111111
20
98.3768647717583
30
0
0
VERTEX
8
0
10
70.9333333333332
20
98.1209088971258
30
0
0
VERTEX
8
0
10
71.5555555555554
20
97.8659765683514
30
0
0
VERTEX
8
0
10
72.1777777777776
20
97.612075804984
30
0
0
VERTEX
8
0
10
72.7999999999998
20
97.3723877180401
30
0
0
VERTEX
8
0
10
73.4222222222221
20
97.1340674554317
30
0
0
VERTEX
8
0
10
74.0444444444443
20
96.8971251097265
30
0
0
VERTEX
8
0
10
74.6666666666665
20
96.6615708138103
30
0
0
VERTEX
8
0
10
75.2888888888887
20
96.4135552501308
30
0
0
VERTEX
8
0
10
75.9111111111109
20
96.1666229320161
30
0
0
VERTEX
8
0
10
76.5333333333332
20
95.9207822253807
30
0
0
VERTEX
8
0
10
77.1555555555554
20
95.6760415449502
30
0
0
VERTEX
8
0
10
77.7777777777776
20
95.3873565192249
30
0
0
VERTEX
8
0
10
78.3999999999998
20
95.0998905204808
30
0
0
VERTEX
8
0
10
79.022222222222
20
94.8136546366406
30
0
0
VERTEX
8
0
10
79.6444444444443
20
94.5286600421899
30
0
0
VERTEX
8
0
10
80.2666666666665
20
94.1548026010613
30
0
0
VERTEX
8
0
10
80.8888888888887
20
93.7814840994071
30
0
0
VERTEX
8
0
10
81.5111111111109
20
93.4087109990256
30
0
0
VERTEX
8
0
10
82.1333333333331
20
93.0364898557618
30
0
0
VERTEX
8
0
10
82.7555555555554
20
92.754248902869
30
0
0
VERTEX
8
0
10
83.3777777777776
20
92.4724297527645
30
0
0
VERTEX
8
0
10
83.9999999999998
20
92.1910362736802
30
0
0
VERTEX
8
0
10
84.622222222222
20
91.9100723753417
30
0
0
VERTEX
8
0
10
85.2444444444442
20
91.5403914428891
30
0
0
VERTEX
8
0
10
85.8666666666665
20
91.1712989408607
30
0
0
VERTEX
8
0
10
86.4888888888887
20
90.8028020447599
30
0
0
VERTEX
8
0
10
87.1111111111109
20
90.4349080353683
30
0
0
VERTEX
8
0
10
87.7333333333331
20
90.1401291711404
30
0
0
VERTEX
8
0
10
88.3555555555553
20
89.8456291581937
30
0
0
VERTEX
8
0
10
88.9777777777776
20
89.5514107476308
30
0
0
VERTEX
8
0
10
89.5999999999998
20
89.2574767241799
30
0
0
VERTEX
8
0
10
90.222222222222
20
89.008134533083
30
0
0
VERTEX
8
0
10
90.8444444444442
20
88.7590252208313
30
0
0
VERTEX
8
0
10
91.4666666666664
20
88.5101507537178
30
0
0
VERTEX
8
0
10
92.0888888888887
20
88.2615131183485
30
0
0
VERTEX
8
0
10
92.7111111111109
20
88.0846413993287
30
0
0
VERTEX
8
0
10
93.3333333333331
20
87.9078213229393
30
0
0
VERTEX
8
0
10
93.9555555555553
20
87.7310532014344
30
0
0
VERTEX
8
0
10
94.5777777777775
20
87.5543373494972
30
0
0
VERTEX
8
0
10
95.1999999999998
20
87.3946830577426
30
0
0
VERTEX
8
0
10
95.822222222222
20
87.2351728921936
30
0
0
VERTEX
8
0
10
96.4444444444442
20
87.0758076449049
30
0
0
VERTEX
8
0
10
97.0666666666664
20
86.9165881130177
30
0
0
VERTEX
8
0
10
97.6888888888886
20
86.8456458716061
30
0
0
VERTEX
8
0
10
98.3111111111109
20
86.7747746417506
30
0
0
VERTEX
8
0
10
98.9333333333331
20
86.7039745975842
30
0
0
VERTEX
8
0
10
99.5555555555553
20
86.6332459136342
30
0
0
VERTEX
8
0
10
100.177777777778
20
86.4571866182095
30
0
0
VERTEX
8
0
10
100.8
20
86.2811832622222
30
0
0
VERTEX
8
0
10
101.422222222222
20
86.1052361887011
30
0
0
VERTEX
8
0
10
102.044444444444
20
85.9293457433747
30
0
0
VERTEX
8
0
10
102.666666666666
20
85.7007553074207
30
0
0
VERTEX
8
0
10
103.288888888889
20
85.4726013270588
30
0
0
VERTEX
8
0
10
103.911111111111
20
85.2448873067481
30
0
0
VERTEX
8
0
10
104.533333333333
20
85.0176167816999
30
0
0
VERTEX
8
0
10
105.155555555555
20
84.878328328366
30
0
0
VERTEX
8
0
10
105.777777777778
20
84.7393393583097
30
0
0
VERTEX
8
0
10
106.4
20
84.6006513475792
30
0
0
VERTEX
8
0
10
107.022222222222
20
84.4622657787102
30
0
0
VERTEX
8
0
10
107.644444444444
20
84.2369238296025
30
0
0
VERTEX
8
0
10
108.266666666667
20
84.0120434762122
30
0
0
VERTEX
8
0
10
108.888888888889
20
83.7876284352149
30
0
0
VERTEX
8
0
10
109.511111111111
20
83.5636824554796
30
0
0
VERTEX
8
0
10
110.133333333333
20
83.3836622332741
30
0
0
VERTEX
8
0
10
110.755555555555
20
83.2040328899468
30
0
0
VERTEX
8
0
10
111.377777777778
20
83.0247969625706
30
0
0
VERTEX
8
0
10
112
20
82.8459570045933
30
0
0
VERTEX
8
0
10
112.622222222222
20
82.6242280049554
30
0
0
VERTEX
8
0
10
113.244444444444
20
82.4029892163915
30
0
0
VERTEX
8
0
10
113.866666666667
20
82.1822445979212
30
0
0
VERTEX
8
0
10
114.488888888889
20
81.9619981423239
30
0
0
VERTEX
8
0
10
115.111111111111
20
81.6601076519554
30
0
0
VERTEX
8
0
10
115.733333333333
20
81.3584454268188
30
0
0
VERTEX
8
0
10
116.355555555556
20
81.0570140154536
30
0
0
VERTEX
8
0
10
116.977777777778
20
80.7558160024855
30
0
0
VERTEX
8
0
10
117.6
20
80.4944922903612
30
0
0
VERTEX
8
0
10
118.222222222222
20
80.2337964322343
30
0
0
VERTEX
8
0
10
118.844444444444
20
79.9737345680809
30
0
0
VERTEX
8
0
10
119.466666666667
20
79.7143129029725
30
0
0
VERTEX
8
0
10
120.088888888889
20
79.498269416808
30
0
0
VERTEX
8
0
10
120.711111111111
20
79.28276682808
30
0
0
VERTEX
8
0
10
121.333333333333
20
79.0678095595038
30
0
0
VERTEX
8
0
10
121.955555555556
20
78.8534020707678
30
0
0
VERTEX
8
0
10
122.577777777778
20
78.5545245500464
30
0
0
VERTEX
8
0
10
123.2
20
78.2564510777815
30
0
0
VERTEX
8
0
10
123.822222222222
20
77.9591908767034
30
0
0
VERTEX
8
0
10
124.444444444445
20
77.662753285388
30
0
0
VERTEX
8
0
10
125.066666666667
20
77.451311602282
30
0
0
VERTEX
8
0
10
125.688888888889
20
77.2400157824248
30
0
0
VERTEX
8
0
10
126.311111111111
20
77.0288670261572
30
0
0
VERTEX
8
0
10
126.933333333333
20
76.8178665461772
30
0
0
VERTEX
8
0
10
127.555555555556
20
76.6491737440324
30
0
0
VERTEX
8
0
10
128.177777777778
20
76.4805772557256
30
0
0
VERTEX
8
0
10
128.8
20
76.3120777196162
30
0
0
VERTEX
8
0
10
129.422222222222
20
76.1436757793452
30
0
0
VERTEX
8
0
10
130.044444444445
20
75.8912572822354
30
0
0
VERTEX
8
0
10
130.666666666667
20
75.6390620502622
30
0
0
VERTEX
8
0
10
131.288888888889
20
75.3870923241169
30
0
0
VERTEX
8
0
10
131.911111111111
20
75.1353503725309
30
0
0
VERTEX
8
0
10
132.533333333334
20
75.0116207946531
30
0
0
VERTEX
8
0
10
133.155555555556
20
74.8882847404428
30
0
0
VERTEX
8
0
10
133.777777777778
20
74.7653441574198
30
0
0
VERTEX
8
0
10
134.4
20
74.642800999669
30
0
0
VERTEX
8
0
10
135.022222222222
20
74.4759156443667
30
0
0
VERTEX
8
0
10
135.644444444445
20
74.3091375797556
30
0
0
VERTEX
8
0
10
136.266666666667
20
74.1424675298634
30
0
0
VERTEX
8
0
10
136.888888888889
20
73.9759062247717
30
0
0
VERTEX
8
0
10
137.511111111111
20
73.8320153541845
30
0
0
VERTEX
8
0
10
138.133333333334
20
73.6883600405029
30
0
0
VERTEX
8
0
10
138.755555555556
20
73.5449416640665
30
0
0
VERTEX
8
0
10
139.377777777778
20
73.4017616137177
30
0
0
VERTEX
8
0
10
140
20
73.2588212868393
30
0
0
VERTEX
8
0
10
140.622222222223
20
73.1161220893928
30
0
0
VERTEX
8
0
10
141.244444444445
20
72.9736654359562
30
0
0
VERTEX
8
0
10
141.866666666667
20
72.8314527497609
30
0
0
VERTEX
8
0
10
142.488888888889
20
72.7126710449484
30
0
0
VERTEX
8
0
10
143.111111111111
20
72.5943118283249
30
0
0
VERTEX
8
0
10
143.733333333334
20
72.4763771697526
30
0
0
VERTEX
8
0
10
144.355555555556
20
72.3588691451391
30
0
0
VERTEX
8
0
10
144.977777777778
20
72.1946435865378
30
0
0
VERTEX
8
0
10
145.6
20
72.0305409392479
30
0
0
VERTEX
8
0
10
146.222222222223
20
71.8665620452495
30
0
0
VERTEX
8
0
10
146.844444444445
20
71.7027077535869
30
0
0
VERTEX
8
0
10
147.466666666667
20
71.6103810639654
30
0
0
VERTEX
8
0
10
148.088888888889
20
71.5187178378157
30
0
0
VERTEX
8
0
10
148.711111111112
20
71.4277206294067
30
0
0
VERTEX
8
0
10
149.333333333334
20
71.3373919874336
30
0
0
VERTEX
8
0
10
149.955555555556
20
71.3289128798045
30
0
0
VERTEX
8
0
10
150.577777777778
20
71.3208408719165
30
0
0
VERTEX
8
0
10
151.2
20
71.3131761020097
30
0
0
VERTEX
8
0
10
151.822222222223
20
71.305918701408
30
0
0
VERTEX
8
0
10
152.444444444445
20
71.1936493299395
30
0
0
VERTEX
8
0
10
153.066666666667
20
71.0818326048503
30
0
0
VERTEX
8
0
10
153.688888888889
20
70.9704706656261
30
0
0
VERTEX
8
0
10
154.311111111112
20
70.8595656564729
30
0
0
VERTEX
8
0
10
154.933333333334
20
70.8544421888961
30
0
0
VERTEX
8
0
10
155.555555555556
20
70.8497291723247
30
0
0
VERTEX
8
0
10
156.177777777778
20
70.8454266886749
30
0
0
VERTEX
8
0
10
156.800000000001
20
70.8415348127468
30
0
0
VERTEX
8
0
10
157.422222222223
20
70.7583371698669
30
0
0
VERTEX
8
0
10
158.044444444445
20
70.6758335753619
30
0
0
VERTEX
8
0
10
158.666666666667
20
70.5940264626452
30
0
0
VERTEX
8
0
10
159.288888888889
20
70.5129182558328
30
0
0
VERTEX
8
0
10
159.911111111112
20
70.4337238992285
30
0
0
VERTEX
8
0
10
160.533333333334
20
70.3545676937123
30
0
0
VERTEX
8
0
10
161.155555555556
20
70.275449768201
30
0
0
VERTEX
8
0
10
161.777777777778
20
70.19637025213
30
0
0
VERTEX
8
0
10
162.400000000001
20
70.1173292754558
30
0
0
VERTEX
8
0
10
163.022222222223
20
70.0383269686582
30
0
0
VERTEX
8
0
10
163.644444444445
20
69.9593634627419
30
0
0
VERTEX
8
0
10
164.266666666667
20
69.8804388892399
30
0
0
VERTEX
8
0
10
164.88888888889
20
69.8539048156381
30
0
0
VERTEX
8
0
10
165.511111111112
20
69.8276171727665
30
0
0
VERTEX
8
0
10
166.133333333334
20
69.8015762390466
30
0
0
VERTEX
8
0
10
166.755555555556
20
69.7757822907004
30
0
0
VERTEX
8
0
10
167.377777777778
20
69.6972923147445
30
0
0
VERTEX
8
0
10
168.000000000001
20
69.6188424884533
30
0
0
VERTEX
8
0
10
168.622222222223
20
69.5404329477074
30
0
0
VERTEX
8
0
10
169.244444444445
20
69.4620638289311
30
0
0
VERTEX
8
0
10
169.866666666667
20
69.3054474057161
30
0
0
VERTEX
8
0
10
170.48888888889
20
69.1489943211618
30
0
0
VERTEX
8
0
10
171.111111111112
20
68.9927056864653
30
0
0
VERTEX
8
0
10
171.733333333334
20
68.8365826217424
30
0
0
VERTEX
8
0
10
172.355555555556
20
68.705006443075
30
0
0
VERTEX
8
0
10
172.977777777779
20
68.5734390054981
30
0
0
VERTEX
8
0
10
173.600000000001
20
68.4418803594214
30
0
0
VERTEX
8
0
10
174.222222222223
20
68.3103305556394
30
0
0
VERTEX
8
0
10
174.844444444445
20
68.2322549056293
30
0
0
VERTEX
8
0
10
175.466666666667
20
68.1542212198936
30
0
0
VERTEX
8
0
10
176.08888888889
20
68.0762296427396
30
0
0
VERTEX
8
0
10
176.711111111112
20
67.9982803190584
30
0
0
VERTEX
8
0
10
177.333333333334
20
67.7887363607993
30
0
0
VERTEX
8
0
10
177.955555555556
20
67.5792052848039
30
0
0
VERTEX
8
0
10
178.577777777779
20
67.36968721127
30
0
0
VERTEX
8
0
10
179.200000000001
20
67.1601822618879
30
0
0
VERTEX
8
0
10
179.822222222223
20
67.0823700438856
30
0
0
VERTEX
8
0
10
180.444444444445
20
67.0046011230345
30
0
0
VERTEX
8
0
10
181.066666666668
20
66.9268756502685
30
0
0
VERTEX
8
0
10
181.68888888889
20
66.8491937771388
30
0
0
VERTEX
8
0
10
182.311111111112
20
66.7174567821907
30
0
0
VERTEX
8
0
10
182.933333333334
20
66.5857281533236
30
0
0
VERTEX
8
0
10
183.555555555556
20
66.4540079402885
30
0
0
VERTEX
8
0
10
184.177777777779
20
66.3222961932286
30
0
0
VERTEX
8
0
10
184.800000000001
20
66.2445813269
30
0
0
VERTEX
8
0
10
185.422222222223
20
66.1669105347044
30
0
0
VERTEX
8
0
10
186.044444444445
20
66.089283972035
30
0
0
VERTEX
8
0
10
186.666666666668
20
66.0117017949271
30
0
0
VERTEX
8
0
10
187.28888888889
20
65.9070313799016
30
0
0
VERTEX
8
0
10
187.911111111112
20
65.8023645956742
30
0
0
VERTEX
8
0
10
188.533333333334
20
65.6977014595981
30
0
0
VERTEX
8
0
10
189.155555555557
20
65.5930419891368
30
0
0
VERTEX
8
0
10
189.777777777779
20
65.4883862018648
30
0
0
VERTEX
8
0
10
190.400000000001
20
65.3837341154684
30
0
0
VERTEX
8
0
10
191.022222222223
20
65.2790857477468
30
0
0
VERTEX
8
0
10
191.644444444445
20
65.1744411166128
30
0
0
VERTEX
8
0
10
192.266666666668
20
65.0970068287743
30
0
0
VERTEX
8
0
10
192.88888888889
20
65.0196180622858
30
0
0
VERTEX
8
0
10
193.511111111112
20
64.9422749798847
30
0
0
VERTEX
8
0
10
194.133333333334
20
64.864977744988
30
0
0
VERTEX
8
0
10
194.755555555557
20
64.8424685771799
30
0
0
VERTEX
8
0
10
195.377777777779
20
64.8202279223247
30
0
0
VERTEX
8
0
10
196.000000000001
20
64.7982560569068
30
0
0
VERTEX
8
0
10
196.622222222223
20
64.7765532544421
30
0
0
VERTEX
8
0
10
197.244444444446
20
64.6997501409964
30
0
0
VERTEX
8
0
10
197.866666666668
20
64.6229943347301
30
0
0
VERTEX
8
0
10
198.48888888889
20
64.5462860044104
30
0
0
VERTEX
8
0
10
199.111111111112
20
64.4696253195032
30
0
0
VERTEX
8
0
10
199.733333333334
20
64.3930124501759
30
0
0
VERTEX
8
0
10
200.355555555557
20
64.3164475673001
30
0
0
VERTEX
8
0
10
200.977777777779
20
64.2399308424553
30
0
0
VERTEX
8
0
10
201.600000000001
20
64.1634624479305
30
0
0
VERTEX
8
0
10
202.222222222223
20
64.1429411064856
30
0
0
VERTEX
8
0
10
202.844444444446
20
64.122692532893
30
0
0
VERTEX
8
0
10
203.466666666668
20
64.1027169856363
30
0
0
VERTEX
8
0
10
204.08888888889
20
64.0830147200334
30
0
0
VERTEX
8
0
10
204.711111111112
20
64.0070584604426
30
0
0
VERTEX
8
0
10
205.333333333335
20
63.9311520434791
30
0
0
VERTEX
8
0
10
205.955555555557
20
63.8552956468902
30
0
0
VERTEX
8
0
10
206.577777777779
20
63.7794894491518
30
0
0
VERTEX
8
0
10
207.200000000001
20
63.7605300734419
30
0
0
VERTEX
8
0
10
207.822222222224
20
63.7418460627935
30
0
0
VERTEX
8
0
10
208.444444444446
20
63.723437659422
30
0
0
VERTEX
8
0
10
209.066666666668
20
63.7053051022472
30
0
0
VERTEX
8
0
10
209.68888888889
20
63.7339724249076
30
0
0
VERTEX
8
0
10
210.311111111112
20
63.7626619729108
30
0
0
VERTEX
8
0
10
210.933333333335
20
63.7913737162702
30
0
0
VERTEX
8
0
10
211.555555555557
20
63.8201076250295
30
0
0
VERTEX
8
0
10
212.177777777779
20
63.773751987678
30
0
0
VERTEX
8
0
10
212.800000000001
20
63.7275382980007
30
0
0
VERTEX
8
0
10
213.422222222224
20
63.681466865032
30
0
0
VERTEX
8
0
10
214.044444444446
20
63.6355379977488
30
0
0
VERTEX
8
0
10
214.666666666668
20
63.6187881389848
30
0
0
VERTEX
8
0
10
215.28888888889
20
63.6023154899091
30
0
0
VERTEX
8
0
10
215.911111111112
20
63.5861202659638
30
0
0
VERTEX
8
0
10
216.533333333335
20
63.5702026791804
30
0
0
VERTEX
8
0
10
217.155555555557
20
63.4958897329653
30
0
0
VERTEX
8
0
10
217.777777777779
20
63.4216309234248
30
0
0
VERTEX
8
0
10
218.400000000001
20
63.3474264409434
30
0
0
VERTEX
8
0
10
219.022222222224
20
63.2732764766592
30
0
0
VERTEX
8
0
10
219.644444444446
20
63.3321559191871
30
0
0
VERTEX
8
0
10
220.266666666668
20
63.3911219521318
30
0
0
VERTEX
8
0
10
220.88888888889
20
63.4501743340808
30
0
0
VERTEX
8
0
10
221.511111111113
20
63.5093128241666
30
0
0
VERTEX
8
0
10
222.133333333335
20
63.4354932706936
30
0
0
VERTEX
8
0
10
222.755555555557
20
63.361729058573
30
0
0
VERTEX
8
0
10
223.377777777779
20
63.2880203813108
30
0
0
VERTEX
8
0
10
224.000000000002
20
63.2143674331699
30
0
0
VERTEX
8
0
10
224.622222222224
20
63.2003401251434
30
0
0
VERTEX
8
0
10
225.244444444446
20
63.1865931767696
30
0
0
VERTEX
8
0
10
225.866666666668
20
63.1731267710737
30
0
0
VERTEX
8
0
10
226.48888888889
20
63.1599410875002
30
0
0
VERTEX
8
0
10
227.111111111113
20
63.086848414341
30
0
0
VERTEX
8
0
10
227.733333333335
20
63.0138130827598
30
0
0
VERTEX
8
0
10
228.355555555557
20
62.9408352923708
30
0
0
VERTEX
8
0
10
228.977777777779
20
62.8679152435572
30
0
0
VERTEX
8
0
10
229.600000000002
20
62.855520436934
30
0
0
VERTEX
8
0
10
230.222222222224
20
62.8434082073795
30
0
0
VERTEX
8
0
10
230.844444444446
20
62.8315787183135
30
0
0
VERTEX
8
0
10
231.466666666668
20
62.8200321294625
30
0
0
VERTEX
8
0
10
232.088888888891
20
62.8200321294625
30
0
0
VERTEX
8
0
10
232.711111111113
20
62.8200321294625
30
0
0
VERTEX
8
0
10
233.333333333335
20
62.8200321294625
30
0
0
VERTEX
8
0
10
233.955555555557
20
62.8200321294625
30
0
0
VERTEX
8
0
10
234.577777777779
20
62.8087685968493
30
0
0
VERTEX
8
0
10
235.200000000002
20
62.7977882727825
30
0
0
VERTEX
8
0
10
235.822222222224
20
62.7870913058462
30
0
0
VERTEX
8
0
10
236.444444444446
20
62.7766778408901
30
0
0
SEQEND
8
0
0
POLYLINE
8
0
62
4
70
0
10
0
20
0
30
0
0
VERTEX
8
0
10
7.46666666666667
20
60.6219364355901
30
0
0
VERTEX
8
0
10
8.08888888888889
20
62.3886267917399
30
0
0
VERTEX
8
0
10
8.71111111111111
20
64.1301524948025
30
0
0
VERTEX
8
0
10
9.33333333333334
20
65.8493025083036
30
0
0
VERTEX
8
0
10
9.95555555555556
20
67.5484214488468
30
0
0
VERTEX
8
0
10
10.5777777777778
20
68.9383813618301
30
0
0
VERTEX
8
0
10
11.2
20
70.3099723365893
30
0
0
VERTEX
8
0
10
11.8222222222222
20
71.6648535155239
30
0
0
VERTEX
8
0
10
12.4444444444444
20
73.0044671245416
30
0
0
VERTEX
8
0
10
13.0666666666667
20
74.0352409866446
30
0
0
VERTEX
8
0
10
13.6888888888889
20
75.0515181757215
30
0
0
VERTEX
8
0
10
14.3111111111111
20
76.0544073061812
30
0
0
VERTEX
8
0
10
14.9333333333333
20
77.044893374912
30
0
0
VERTEX
8
0
10
15.5555555555556
20
78.0238554466458
30
0
0
VERTEX
8
0
10
16.1777777777778
20
78.9920812831701
30
0
0
VERTEX
8
0
10
16.8
20
79.9502795286267
30
0
0
VERTEX
8
0
10
17.4222222222222
20
80.8990899245642
30
0
0
VERTEX
8
0
10
18.0444444444445
20
82.439549875821
30
0
0
VERTEX
8
0
10
18.6666666666667
20
83.9739022314246
30
0
0
VERTEX
8
0
10
19.2888888888889
20
85.5024928612023
30
0
0
VERTEX
8
0
10
19.9111111111111
20
87.0256382369224
30
0
0
VERTEX
8
0
10
20.5333333333333
20
88.4572642664184
30
0
0
VERTEX
8
0
10
21.1555555555556
20
89.8837377369518
30
0
0
VERTEX
8
0
10
21.7777777777778
20
91.3053191627985
30
0
0
VERTEX
8
0
10
22.4
20
92.7222489809471
30
0
0
VERTEX
8
0
10
23.0222222222222
20
94.2650473704668
30
0
0
VERTEX
8
0
10
23.6444444444445
20
95.8039656562539
30
0
0
VERTEX
8
0
10
24.2666666666667
20
97.3391776631637
30
0
0
VERTEX
8
0
10
24.8888888888889
20
98.8708449495436
30
0
0
VERTEX
8
0
10
25.5111111111111
20
100.224516351628
30
0
0
VERTEX
8
0
10
26.1333333333333
20
101.574532279772
30
0
0
VERTEX
8
0
10
26.7555555555556
20
102.921041892
30
0
0
VERTEX
8
0
10
27.3777777777778
20
104.264184462171
30
0
0
VERTEX
8
0
10
28
20
105.691774300291
30
0
0
VERTEX
8
0
10
28.6222222222222
20
107.116426842177
30
0
0
VERTEX
8
0
10
29.2444444444444
20
108.538248581812
30
0
0
VERTEX
8
0
10
29.8666666666667
20
109.957339313934
30
0
0
VERTEX
8
0
10
30.4888888888889
20
111.417805117111
30
0
0
VERTEX
8
0
10
31.1111111111111
20
112.875800770043
30
0
0
VERTEX
8
0
10
31.7333333333333
20
114.331405565357
30
0
0
VERTEX
8
0
10
32.3555555555555
20
116.522926733225
30
0
0
VERTEX
8
0
10
32.9777777777778
20
117.529993112118
30
0
0
VERTEX
8
0
10
33.6
20
118.561773526225
30
0
0
VERTEX
8
0
10
34.2222222222222
20
119.601415433544
30
0
0
VERTEX
8
0
10
34.8444444444444
20
120.644235335092
30
0
0
VERTEX
8
0
10
35.4666666666666
20
121.065744624129
30
0
0
VERTEX
8
0
10
36.0888888888889
20
121.486700628349
30
0
0
VERTEX
8
0
10
36.7111111111111
20
121.906627337502
30
0
0
VERTEX
8
0
10
37.3333333333333
20
122.325267910025
30
0
0
VERTEX
8
0
10
37.9555555555555
20
122.742485135985
30
0
0
VERTEX
8
0
10
38.5777777777777
20
123.158211320761
30
0
0
VERTEX
8
0
10
39.2
20
123.572421036031
30
0
0
VERTEX
8
0
10
39.8222222222222
20
123.985115401547
30
0
0
VERTEX
8
0
10
40.4444444444444
20
124.131869856806
30
0
0
VERTEX
8
0
10
41.0666666666666
20
124.277086867854
30
0
0
VERTEX
8
0
10
41.6888888888888
20
124.420821416869
30
0
0
VERTEX
8
0
10
42.3111111111111
20
124.563132490145
30
0
0
VERTEX
8
0
10
42.9333333333333
20
124.704081420931
30
0
0
VERTEX
8
0
10
43.5555555555555
20
124.843730749709
30
0
0
VERTEX
8
0
10
44.1777777777777
20
124.982143428982
30
0
0
VERTEX
8
0
10
44.7999999999999
20
125.119382261846
30
0
0
VERTEX
8
0
10
45.4222222222222
20
125.123270930532
30
0
0
VERTEX
8
0
10
46.0444444444444
20
125.126136179614
30
0
0
VERTEX
8
0
10
46.6666666666666
20
125.128047712325
30
0
0
VERTEX
8
0
10
47.2888888888888
20
125.129073910254
30
0
0
VERTEX
8
0
10
47.911111111111
20
125.117569099078
30
0
0
VERTEX
8
0
10
48.5333333333333
20
125.104800230461
30
0
0
VERTEX
8
0
10
49.1555555555555
20
125.090828523863
30
0
0
VERTEX
8
0
10
49.7777777777777
20
125.075713619043
30
0
0
VERTEX
8
0
10
50.3999999999999
20
125.028166168264
30
0
0
VERTEX
8
0
10
51.0222222222221
20
124.980135126245
30
0
0
VERTEX
8
0
10
51.6444444444444
20
124.931681314799
30
0
0
VERTEX
8
0
10
52.2666666666666
20
124.882863964536
30
0
0
VERTEX
8
0
10
52.8888888888888
20
124.951835713378
30
0
0
VERTEX
8
0
10
53.511111111111
20
125.019948234505
30
0
0
VERTEX
8
0
10
54.1333333333332
20
125.087245677816
30
0
0
VERTEX
8
0
10
54.7555555555555
20
125.153770861679
30
0
0
VERTEX
8
0
10
55.3777777777777
20
125.146479253185
30
0
0
VERTEX
8
0
10
55.9999999999999
20
125.139087441156
30
0
0
VERTEX
8
0
10
56.6222222222221
20
125.131641528915
30
0
0
VERTEX
8
0
10
57.2444444444443
20
125.124186370975
30
0
0
VERTEX
8
0
10
57.8666666666666
20
125.335894097376
30
0
0
VERTEX
8
0
10
58.4888888888888
20
125.547454663191
30
0
0
VERTEX
8
0
10
59.111111111111
20
125.75889742838
30
0
0
VERTEX
8
0
10
59.7333333333332
20
125.970250987737
30
0
0
VERTEX
8
0
10
60.3555555555554
20
126.181543245945
30
0
0
VERTEX
8
0
10
60.9777777777777
20
126.392801493575
30
0
0
VERTEX
8
0
10
61.5999999999999
20
126.604052483291
30
0
0
VERTEX
8
0
10
62.2222222222221
20
126.815322505539
30
0
0
VERTEX
8
0
10
62.8444444444443
20
127.113939112301
30
0
0
VERTEX
8
0
10
63.4666666666665
20
127.412530613636
30
0
0
VERTEX
8
0
10
64.0888888888888
20
127.711119215894
30
0
0
VERTEX
8
0
10
64.711111111111
20
128.009727062692
30
0
0
VERTEX
8
0
10
65.3333333333332
20
128.289503138956
30
0
0
VERTEX
8
0
10
65.9555555555554
20
128.568894837065
30
0
0
VERTEX
8
0
10
66.5777777777776
20
128.847926523007
30
0
0
VERTEX
8
0
10
67.1999999999999
20
129.126622792973
30
0
0
VERTEX
8
0
10
67.8222222222221
20
129.187571484783
30
0
0
VERTEX
8
0
10
68.4444444444443
20
129.248459290588
30
0
0
VERTEX
8
0
10
69.0666666666665
20
129.309317033852
30
0
0
VERTEX
8
0
10
69.6888888888887
20
129.370175642351
30
0
0
VERTEX
8
0
10
70.311111111111
20
129.333978899784
30
0
0
VERTEX
8
0
10
70.9333333333332
20
129.297718917701
30
0
0
VERTEX
8
0
10
71.5555555555554
20
129.261429798399
30
0
0
VERTEX
8
0
10
72.1777777777776
20
129.225145716587
30
0
0
VERTEX
8
0
10
72.7999999999998
20
129.199700968529
30
0
0
VERTEX
8
0
10
73.4222222222221
20
129.174572209311
30
0
0
VERTEX
8
0
10
74.0444444444443
20
129.149793850312
30
0
0
VERTEX
8
0
10
74.6666666666665
20
129.125400321234
30
0
0
VERTEX
8
0
10
75.2888888888887
20
129.090123220507
30
0
0
VERTEX
8
0
10
75.9111111111109
20
129.055057125934
30
0
0
VERTEX
8
0
10
76.5333333333332
20
129.020236338744
30
0
0
VERTEX
8
0
10
77.1555555555554
20
128.985695083348
30
0
0
VERTEX
8
0
10
77.7777777777776
20
128.908455560914
30
0
0
VERTEX
8
0
10
78.3999999999998
20
128.831629329628
30
0
0
VERTEX
8
0
10
79.022222222222
20
128.755251340924
30
0
0
VERTEX
8
0
10
79.6444444444443
20
128.679356297732
30
0
0
VERTEX
8
0
10
80.2666666666665
20
128.524372819048
30
0
0
VERTEX
8
0
10
80.8888888888887
20
128.369342748973
30
0
0
VERTEX
8
0
10
81.5111111111109
20
128.214299998868
30
0
0
VERTEX
8
0
10
82.1333333333331
20
128.059277975132
30
0
0
VERTEX
8
0
10
82.7555555555554
20
127.989880607361
30
0
0
VERTEX
8
0
10
83.3777777777776
20
127.920474420807
30
0
0
VERTEX
8
0
10
83.9999999999998
20
127.851090110124
30
0
0
VERTEX
8
0
10
84.622222222222
20
127.781757722361
30
0
0
VERTEX
8
0
10
85.2444444444442
20
127.627110288507
30
0
0
VERTEX
8
0
10
85.8666666666665
20
127.472669300086
30
0
0
VERTEX
8
0
10
86.4888888888887
20
127.318463364025
30
0
0
VERTEX
8
0
10
87.1111111111109
20
127.164520204496
30
0
0
VERTEX
8
0
10
87.7333333333331
20
127.082687168152
30
0
0
VERTEX
8
0
10
88.3555555555553
20
127.000900072254
30
0
0
VERTEX
8
0
10
88.9777777777776
20
126.919183000754
30
0
0
VERTEX
8
0
10
89.5999999999998
20
126.837558952254
30
0
0
VERTEX
8
0
10
90.222222222222
20
126.798577661049
30
0
0
VERTEX
8
0
10
90.8444444444442
20
126.759698161092
30
0
0
VERTEX
8
0
10
91.4666666666664
20
126.720939961643
30
0
0
VERTEX
8
0
10
92.0888888888887
20
126.682321286597
30
0
0
VERTEX
8
0
10
92.7111111111109
20
126.714830817262
30
0
0
VERTEX
8
0
10
93.3333333333331
20
126.747336612381
30
0
0
VERTEX
8
0
10
93.9555555555553
20
126.779853656836
30
0
0
VERTEX
8
0
10
94.5777777777775
20
126.812395418954
30
0
0
VERTEX
8
0
10
95.1999999999998
20
126.859165412204
30
0
0
VERTEX
8
0
10
95.822222222222
20
126.906104256101
30
0
0
VERTEX
8
0
10
96.4444444444442
20
126.953220240213
30
0
0
VERTEX
8
0
10
97.0666666666664
20
127.000519942713
30
0
0
VERTEX
8
0
10
97.6888888888886
20
127.132827864436
30
0
0
VERTEX
8
0
10
98.3111111111109
20
127.265298398889
30
0
0
VERTEX
8
0
10
98.9333333333331
20
127.397933622808
30
0
0
VERTEX
8
0
10
99.5555555555553
20
127.53073368445
30
0
0
VERTEX
8
0
10
100.177777777778
20
127.564236890289
30
0
0
VERTEX
8
0
10
100.8
20
127.597805105836
30
0
0
VERTEX
8
0
10
101.422222222222
20
127.631431785505
30
0
0
VERTEX
8
0
10
102.044444444444
20
127.665108320078
30
0
0
VERTEX
8
0
10
102.666666666666
20
127.643896635404
30
0
0
VERTEX
8
0
10
103.288888888889
20
127.623034968892
30
0
0
VERTEX
8
0
10
103.911111111111
20
127.602508065935
30
0
0
VERTEX
8
0
10
104.533333333333
20
127.582298620202
30
0
0
VERTEX
8
0
10
105.155555555555
20
127.646968817168
30
0
0
VERTEX
8
0
10
105.777777777778
20
127.711850592384
30
0
0
VERTEX
8
0
10
106.4
20
127.776920339932
30
0
0
VERTEX
8
0
10
107.022222222222
20
127.842152377184
30
0
0
VERTEX
8
0
10
107.644444444444
20
127.823046349492
30
0
0
VERTEX
8
0
10
108.266666666667
20
127.804110684778
30
0
0
VERTEX
8
0
10
108.888888888889
20
127.785314151808
30
0
0
VERTEX
8
0
10
109.511111111111
20
127.766623716801
30
0
0
VERTEX
8
0
10
110.133333333333
20
127.790162179183
30
0
0
VERTEX
8
0
10
110.755555555555
20
127.813698944951
30
0
0
VERTEX
8
0
10
111.377777777778
20
127.837195565757
30
0
0
VERTEX
8
0
10
112
20
127.860612074134
30
0
0
VERTEX
8
0
10
112.622222222222
20
127.841817923141
30
0
0
VERTEX
8
0
10
113.244444444444
20
127.822897578787
30
0
0
VERTEX
8
0
10
113.866666666667
20
127.803807872442
30
0
0
VERTEX
8
0
10
114.488888888889
20
127.784504676355
30
0
0
VERTEX
8
0
10
115.111111111111
20
127.68984120942
30
0
0
VERTEX
8
0
10
115.733333333333
20
127.594597566472
30
0
0
VERTEX
8
0
10
116.355555555556
20
127.498728487557
30
0
0
VERTEX
8
0
10
116.977777777778
20
127.402188506859
30
0
0
VERTEX
8
0
10
117.6
20
127.33859766437
30
0
0
VERTEX
8
0
10
118.222222222222
20
127.274567771175
30
0
0
VERTEX
8
0
10
118.844444444444
20
127.210053946272
30
0
0
VERTEX
8
0
10
119.466666666667
20
127.145011811049
30
0
0
VERTEX
8
0
10
120.088888888889
20
127.12123719352
30
0
0
VERTEX
8
0
10
120.711111111111
20
127.096795254569
30
0
0
VERTEX
8
0
10
121.333333333333
20
127.071642839227
30
0
0
VERTEX
8
0
10
121.955555555556
20
127.045738018522
30
0
0
VERTEX
8
0
10
122.577777777778
20
126.935567343966
30
0
0
VERTEX
8
0
10
123.2
20
126.824684787229
30
0
0
VERTEX
8
0
10
123.822222222222
20
126.713056780996
30
0
0
VERTEX
8
0
10
124.444444444445
20
126.600651874888
30
0
0
VERTEX
8
0
10
125.066666666667
20
126.576426580217
30
0
0
VERTEX
8
0
10
125.688888888889
20
126.55090898885
30
0
0
VERTEX
8
0
10
126.311111111111
20
126.524070364362
30
0
0
VERTEX
8
0
10
126.933333333333
20
126.495884619769
30
0
0
VERTEX
8
0
10
127.555555555556
20
126.507891193755
30
0
0
VERTEX
8
0
10
128.177777777778
20
126.518479877464
30
0
0
VERTEX
8
0
10
128.8
20
126.527631977388
30
0
0
VERTEX
8
0
10
129.422222222222
20
126.535331927512
30
0
0
VERTEX
8
0
10
130.044444444445
20
126.458545032044
30
0
0
VERTEX
8
0
10
130.666666666667
20
126.380353548066
30
0
0
VERTEX
8
0
10
131.288888888889
20
126.300754825519
30
0
0
VERTEX
8
0
10
131.911111111111
20
126.219749665455
30
0
0
VERTEX
8
0
10
132.533333333334
20
126.257387765076
30
0
0
VERTEX
8
0
10
133.155555555556
20
126.293797573109
30
0
0
VERTEX
8
0
10
133.777777777778
20
126.328986199767
30
0
0
VERTEX
8
0
10
134.4
20
126.362964237789
30
0
0
VERTEX
8
0
10
135.022222222222
20
126.357984544946
30
0
0
VERTEX
8
0
10
135.644444444445
20
126.351585268282
30
0
0
VERTEX
8
0
10
136.266666666667
20
126.343788290576
30
0
0
VERTEX
8
0
10
136.888888888889
20
126.334618761165
30
0
0
VERTEX
8
0
10
137.511111111111
20
126.343180164981
30
0
0
VERTEX
8
0
10
138.133333333334
20
126.350537679879
30
0
0
VERTEX
8
0
10
138.755555555556
20
126.356725202836
30
0
0
VERTEX
8
0
10
139.377777777778
20
126.361779488951
30
0
0
VERTEX
8
0
10
140
20
126.365740016889
30
0
0
VERTEX
8
0
10
140.622222222223
20
126.368648844267
30
0
0
VERTEX
8
0
10
141.244444444445
20
126.370550454401
30
0
0
VERTEX
8
0
10
141.866666666667
20
126.371491594848
30
0
0
VERTEX
8
0
10
142.488888888889
20
126.391077866214
30
0
0
VERTEX
8
0
10
143.111111111111
20
126.409929977199
30
0
0
VERTEX
8
0
10
143.733333333334
20
126.428100097821
30
0
0
VERTEX
8
0
10
144.355555555556
20
126.445641986923
30
0
0
VERTEX
8
0
10
144.977777777778
20
126.422961922038
30
0
0
VERTEX
8
0
10
145.6
20
126.399533354553
30
0
0
VERTEX
8
0
10
146.222222222223
20
126.375414192895
30
0
0
VERTEX
8
0
10
146.844444444445
20
126.350663128386
30
0
0
VERTEX
8
0
10
147.466666666667
20
126.385402395128
30
0
0
VERTEX
8
0
10
148.088888888889
20
126.420004713307
30
0
0
VERTEX
8
0
10
148.711111111112
20
126.454529482946
30
0
0
VERTEX
8
0
10
149.333333333334
20
126.489036238234
30
0
0
VERTEX
8
0
10
149.955555555556
20
126.604774441893
30
0
0
VERTEX
8
0
10
150.577777777778
20
126.72045190393
30
0
0
VERTEX
8
0
10
151.2
20
126.836126811081
30
0
0
VERTEX
8
0
10
151.822222222223
20
126.951856947128
30
0
0
VERTEX
8
0
10
152.444444444445
20
126.966201582422
30
0
0
VERTEX
8
0
10
153.066666666667
20
126.980733451992
30
0
0
VERTEX
8
0
10
153.688888888889
20
126.995508414516
30
0
0
VERTEX
8
0
10
154.311111111112
20
127.010581106747
30
0
0
VERTEX
8
0
10
154.933333333334
20
127.127463369752
30
0
0
VERTEX
8
0
10
155.555555555556
20
127.244729768058
30
0
0
VERTEX
8
0
10
156.177777777778
20
127.362430637104
30
0
0
VERTEX
8
0
10
156.800000000001
20
127.4806146819
30
0
0
VERTEX
8
0
10
157.422222222223
20
127.519024842442
30
0
0
VERTEX
8
0
10
158.044444444445
20
127.558171729559
30
0
0
VERTEX
8
0
10
158.666666666667
20
127.598097793289
30
0
0
VERTEX
8
0
10
159.288888888889
20
127.63884321202
30
0
0
VERTEX
8
0
10
159.911111111112
20
127.696174769679
30
0
0
VERTEX
8
0
10
160.533333333334
20
127.753944016604
30
0
0
VERTEX
8
0
10
161.155555555556
20
127.812184161116
30
0
0
VERTEX
8
0
10
161.777777777778
20
127.870925716569
30
0
0
VERTEX
8
0
10
162.400000000001
20
127.930196390985
30
0
0
VERTEX
8
0
10
163.022222222223
20
127.990020978671
30
0
0
VERTEX
8
0
10
163.644444444445
20
128.050421254988
30
0
0
VERTEX
8
0
10
164.266666666667
20
128.111415873338
30
0
0
VERTEX
8
0
10
164.88888888889
20
128.216377614968
30
0
0
VERTEX
8
0
10
165.511111111112
20
128.322140162223
30
0
0
VERTEX
8
0
10
166.133333333334
20
128.42871254781
30
0
0
VERTEX
8
0
10
166.755555555556
20
128.536100291793
30
0
0
VERTEX
8
0
10
167.377777777778
20
128.600512212501
30
0
0
VERTEX
8
0
10
168.000000000001
20
128.665559906123
30
0
0
VERTEX
8
0
10
168.622222222223
20
128.731237519702
30
0
0
VERTEX
8
0
10
169.244444444445
20
128.797535369155
30
0
0
VERTEX
8
0
10
169.866666666667
20
128.78498976407
30
0
0
VERTEX
8
0
10
170.48888888889
20
128.773096801107
30
0
0
VERTEX
8
0
10
171.111111111112
20
128.761833504806
30
0
0
VERTEX
8
0
10
171.733333333334
20
128.751172907622
30
0
0
VERTEX
8
0
10
172.355555555556
20
128.775940047278
30
0
0
VERTEX
8
0
10
172.977777777779
20
128.80107990413
30
0
0
VERTEX
8
0
10
173.600000000001
20
128.826554718671
30
0
0
VERTEX
8
0
10
174.222222222223
20
128.852322737482
30
0
0
VERTEX
8
0
10
174.844444444445
20
128.922899838584
30
0
0
VERTEX
8
0
10
175.466666666667
20
128.99377845516
30
0
0
VERTEX
8
0
10
176.08888888889
20
129.064904849854
30
0
0
VERTEX
8
0
10
176.711111111112
20
129.13622143531
30
0
0
VERTEX
8
0
10
177.333333333334
20
129.083547136645
30
0
0
VERTEX
8
0
10
177.955555555556
20
129.030833118577
30
0
0
VERTEX
8
0
10
178.577777777779
20
128.978010898095
30
0
0
VERTEX
8
0
10
179.200000000001
20
128.925009008515
30
0
0
VERTEX
8
0
10
179.822222222223
20
128.996073728444
30
0
0
VERTEX
8
0
10
180.444444444445
20
129.066910868513
30
0
0
VERTEX
8
0
10
181.066666666668
20
129.137440665976
30
0
0
VERTEX
8
0
10
181.68888888889
20
129.207581127757
30
0
0
VERTEX
8
0
10
182.311111111112
20
129.231888757962
30
0
0
VERTEX
8
0
10
182.933333333334
20
129.255540192196
30
0
0
VERTEX
8
0
10
183.555555555556
20
129.278450362831
30
0
0
VERTEX
8
0
10
184.177777777779
20
129.300533648527
30
0
0
VERTEX
8
0
10
184.800000000001
20
129.367178006783
30
0
0
VERTEX
8
0
10
185.422222222223
20
129.432917564757
30
0
0
VERTEX
8
0
10
186.044444444445
20
129.497665987037
30
0
0
VERTEX
8
0
10
186.666666666668
20
129.561338244318
30
0
0
VERTEX
8
0
10
187.28888888889
20
129.600979272428
30
0
0
VERTEX
8
0
10
187.911111111112
20
129.63932667924
30
0
0
VERTEX
8
0
10
188.533333333334
20
129.676303970084
30
0
0
VERTEX
8
0
10
189.155555555557
20
129.711838383429
30
0
0
VERTEX
8
0
10
189.777777777779
20
129.745861510217
30
0
0
VERTEX
8
0
10
190.400000000001
20
129.778309915751
30
0
0
VERTEX
8
0
10
191.022222222223
20
129.809125761526
30
0
0
VERTEX
8
0
10
191.644444444445
20
129.838257419039
30
0
0
VERTEX
8
0
10
192.266666666668
20
129.88869602975
30
0
0
VERTEX
8
0
10
192.88888888889
20
129.937415123244
30
0
0
VERTEX
8
0
10
193.511111111112
20
129.984383894357
30
0
0
VERTEX
8
0
10
194.133333333334
20
130.029580029646
30
0
0
VERTEX
8
0
10
194.755555555557
20
130.119312681668
30
0
0
VERTEX
8
0
10
195.377777777779
20
130.207400650293
30
0
0
VERTEX
8
0
10
196.000000000001
20
130.293847277688
30
0
0
VERTEX
8
0
10
196.622222222223
20
130.378666248173
30
0
0
VERTEX
8
0
10
197.244444444446
20
130.415196961256
30
0
0
VERTEX
8
0
10
197.866666666668
20
130.450021729699
30
0
0
VERTEX
8
0
10
198.48888888889
20
130.483189526472
30
0
0
VERTEX
8
0
10
199.111111111112
20
130.514760547553
30
0
0
VERTEX
8
0
10
199.733333333334
20
130.544806286596
30
0
0
VERTEX
8
0
10
200.355555555557
20
130.573409539062
30
0
0
VERTEX
8
0
10
200.977777777779
20
130.600664340932
30
0
0
VERTEX
8
0
10
201.600000000001
20
130.626675833786
30
0
0
VERTEX
8
0
10
202.222222222223
20
130.698623308584
30
0
0
VERTEX
8
0
10
202.844444444446
20
130.769698530216
30
0
0
VERTEX
8
0
10
203.466666666668
20
130.840037424034
30
0
0
VERTEX
8
0
10
204.08888888889
20
130.909786110997
30
0
0
VERTEX
8
0
10
204.711111111112
20
130.931705528711
30
0
0
VERTEX
8
0
10
205.333333333335
20
130.95322934047
30
0
0
VERTEX
8
0
10
205.955555555557
20
130.974531327022
30
0
0
VERTEX
8
0
10
206.577777777779
20
130.995792892445
30
0
0
VERTEX
8
0
10
207.200000000001
20
131.064773877924
30
0
0
VERTEX
8
0
10
207.822222222224
20
131.134224696684
30
0
0
VERTEX
8
0
10
208.444444444446
20
131.204346095079
30
0
0
VERTEX
8
0
10
209.066666666668
20
131.275343533623
30
0
0
VERTEX
8
0
10
209.68888888889
20
131.401268355016
30
0
0
VERTEX
8
0
10
210.311111111112
20
131.528336258965
30
0
0
VERTEX
8
0
10
210.933333333335
20
131.656761384368
30
0
0
VERTEX
8
0
10
211.555555555557
20
131.786758243394
30
0
0
VERTEX
8
0
10
212.177777777779
20
131.840851145084
30
0
0
VERTEX
8
0
10
212.800000000001
20
131.89701210664
30
0
0
VERTEX
8
0
10
213.422222222224
20
131.955444471551
30
0
0
VERTEX
8
0
10
214.044444444446
20
132.016344977062
30
0
0
VERTEX
8
0
10
214.666666666668
20
132.104079234774
30
0
0
VERTEX
8
0
10
215.28888888889
20
132.194730777054
30
0
0
VERTEX
8
0
10
215.911111111112
20
132.288465035334
30
0
0
VERTEX
8
0
10
216.533333333335
20
132.385430805989
30
0
0
VERTEX
8
0
10
217.155555555557
20
132.437027287257
30
0
0
VERTEX
8
0
10
217.777777777779
20
132.491926243556
30
0
0
VERTEX
8
0
10
218.400000000001
20
132.550198829679
30
0
0
VERTEX
8
0
10
219.022222222224
20
132.611882746085
30
0
0
VERTEX
8
0
10
219.644444444446
20
132.803169736012
30
0
0
VERTEX
8
0
10
220.266666666668
20
132.997931000061
30
0
0
VERTEX
8
0
10
220.88888888889
20
133.196077150006
30
0
0
VERTEX
8
0
10
221.511111111113
20
133.39745772572
30
0
0
VERTEX
8
0
10
222.133333333335
20
133.475414089268
30
0
0
VERTEX
8
0
10
222.755555555557
20
133.555948431537
30
0
0
VERTEX
8
0
10
223.377777777779
20
133.638661036321
30
0
0
VERTEX
8
0
10
224.000000000002
20
133.723049856207
30
0
0
VERTEX
8
0
10
224.622222222224
20
133.858117362834
30
0
0
VERTEX
8
0
10
225.244444444446
20
133.99368981285
30
0
0
VERTEX
8
0
10
225.866666666668
20
134.128876320769
30
0
0
VERTEX
8
0
10
226.48888888889
20
134.26262611247
30
0
0
VERTEX
8
0
10
227.111111111113
20
134.343642403728
30
0
0
VERTEX
8
0
10
227.733333333335
20
134.420404367602
30
0
0
VERTEX
8
0
10
228.355555555557
20
134.491308920544
30
0
0
VERTEX
8
0
10
228.977777777779
20
134.554547299886
30
0
0
VERTEX
8
0
10
229.600000000002
20
134.658427503435
30
0
0
VERTEX
8
0
10
230.222222222224
20
134.750528511539
30
0
0
VERTEX
8
0
10
230.844444444446
20
134.828394805947
30
0
0
VERTEX
8
0
10
231.466666666668
20
134.889381852564
30
0
0
VERTEX
8
0
10
232.088888888891
20
134.956763552415
30
0
0
VERTEX
8
0
10
232.711111111113
20
135.001413501484
30
0
0
VERTEX
8
0
10
233.333333333335
20
135.020361365336
30
0
0
VERTEX
8
0
10
233.955555555557
20
135.010648253795
30
0
0
VERTEX
8
0
10
234.577777777779
20
134.943323234683
30
0
0
VERTEX
8
0
10
235.200000000002
20
134.841903697848
30
0
0
VERTEX
8
0
10
235.822222222224
20
134.7040291924
30
0
0
VERTEX
8
0
10
236.444444444446
20
134.52777399024
30
0
0
SEQEND
8
0
0
POLYLINE
8
0
62
9
70
0
10
0
20
0
30
0
0
VERTEX
8
0
10
7.46666666666667
20
73.1635908445786
30
0
0
VERTEX
8
0
10
8.08888888888889
20
74.9557746596358
30
0
0
VERTEX
8
0
10
8.71111111111111
20
76.7267306804011
30
0
0
VERTEX
8
0
10
9.33333333333334
20
78.4786970981948
30
0
0
VERTEX
8
0
10
9.95555555555556
20
80.213544425844
30
0
0
VERTEX
8
0
10
10.5777777777778
20
81.6016358640977
30
0
0
VERTEX
8
0
10
11.2
20
82.975542674747
30
0
0
VERTEX
8
0
10
11.8222222222222
20
84.3364318766086
30
0
0
VERTEX
8
0
10
12.4444444444444
20
85.6853187342636
30
0
0
VERTEX
8
0
10
13.0666666666667
20
86.6918735737273
30
0
0
VERTEX
8
0
10
13.6888888888889
20
87.6881006595389
30
0
0
VERTEX
8
0
10
14.3111111111111
20
88.6746967057141
30
0
0
VERTEX
8
0
10
14.9333333333333
20
89.6522834462823
30
0
0
VERTEX
8
0
10
15.5555555555556
20
90.6214184683556
30
0
0
VERTEX
8
0
10
16.1777777777778
20
91.5826041122535
30
0
0
VERTEX
8
0
10
16.8
20
92.5362948442167
30
0
0
VERTEX
8
0
10
17.4222222222222
20
93.4829034103737
30
0
0
VERTEX
8
0
10
18.0444444444445
20
95.0852459736392
30
0
0
VERTEX
8
0
10
18.6666666666667
20
96.6812269556632
30
0
0
VERTEX
8
0
10
19.2888888888889
20
98.2711619178609
30
0
0
VERTEX
8
0
10
19.9111111111111
20
99.8553411645684
30
0
0
VERTEX
8
0
10
20.5333333333333
20
101.339398068646
30
0
0
VERTEX
8
0
10
21.1555555555556
20
102.818214639293
30
0
0
VERTEX
8
0
10
21.7777777777778
20
104.292020443251
30
0
0
VERTEX
8
0
10
22.4
20
105.76102875977
30
0
0
VERTEX
8
0
10
23.0222222222222
20
107.367389928407
30
0
0
VERTEX
8
0
10
23.6444444444445
20
108.969337479423
30
0
0
VERTEX
8
0
10
24.2666666666667
20
110.56704453172
30
0
0
VERTEX
8
0
10
24.8888888888889
20
112.160673174199
30
0
0
VERTEX
8
0
10
25.5111111111111
20
113.561106206795
30
0
0
VERTEX
8
0
10
26.1333333333333
20
114.957755573186
30
0
0
VERTEX
8
0
10
26.7555555555556
20
116.350755628535
30
0
0
VERTEX
8
0
10
27.3777777777778
20
117.740232959861
30
0
0
VERTEX
8
0
10
28
20
119.223139004789
30
0
0
VERTEX
8
0
10
28.6222222222222
20
120.704227446115
30
0
0
VERTEX
8
0
10
29.2444444444444
20
122.183549795603
30
0
0
VERTEX
8
0
10
29.8666666666667
20
123.661154581823
30
0
0
VERTEX
8
0
10
30.4888888888889
20
125.190124347148
30
0
0
VERTEX
8
0
10
31.1111111111111
20
126.719696568588
30
0
0
VERTEX
8
0
10
31.7333333333333
20
128.249826643924
30
0
0
VERTEX
8
0
10
32.3555555555555
20
129.780471890254
30
0
0
VERTEX
8
0
10
32.9777777777778
20
130.832188868984
30
0
0
VERTEX
8
0
10
33.6
20
131.883205705784
30
0
0
VERTEX
8
0
10
34.2222222222222
20
132.933551233453
30
0
0
VERTEX
8
0
10
34.8444444444444
20
133.983252234708
30
0
0
VERTEX
8
0
10
35.4666666666666
20
134.36521751851
30
0
0
VERTEX
8
0
10
36.0888888888889
20
134.746199161343
30
0
0
VERTEX
8
0
10
36.7111111111111
20
135.126252084816
30
0
0
VERTEX
8
0
10
37.3333333333333
20
135.505428672851
30
0
0
VERTEX
8
0
10
37.9555555555555
20
135.883778918164
30
0
0
VERTEX
8
0
10
38.5777777777777
20
136.26135055804
30
0
0
VERTEX
8
0
10
39.2
20
136.638189200334
30
0
0
VERTEX
8
0
10
39.8222222222222
20
137.014338440557
30
0
0
VERTEX
8
0
10
40.4444444444444
20
137.107123610648
30
0
0
VERTEX
8
0
10
41.0666666666666
20
137.199492876541
30
0
0
VERTEX
8
0
10
41.6888888888888
20
137.291495639726
30
0
0
VERTEX
8
0
10
42.3111111111111
20
137.383179680554
30
0
0
VERTEX
8
0
10
42.9333333333333
20
137.474591238963
30
0
0
VERTEX
8
0
10
43.5555555555555
20
137.565775089884
30
0
0
VERTEX
8
0
10
44.1777777777777
20
137.656774613731
30
0
0
VERTEX
8
0
10
44.7999999999999
20
137.747631862368
30
0
0
VERTEX
8
0
10
45.4222222222222
20
137.697492301187
30
0
0
VERTEX
8
0
10
46.0444444444444
20
137.647429035281
30
0
0
VERTEX
8
0
10
46.6666666666666
20
137.597487907175
30
0
0
VERTEX
8
0
10
47.2888888888888
20
137.547713757171
30
0
0
VERTEX
8
0
10
47.911111111111
20
137.485132776405
30
0
0
VERTEX
8
0
10
48.5333333333333
20
137.422121431085
30
0
0
VERTEX
8
0
10
49.1555555555555
20
137.358716723746
30
0
0
VERTEX
8
0
10
49.7777777777777
20
137.294954835392
30
0
0
VERTEX
8
0
10
50.3999999999999
20
137.198318456258
30
0
0
VERTEX
8
0
10
51.0222222222221
20
137.102153394922
30
0
0
VERTEX
8
0
10
51.6444444444444
20
137.006501754712
30
0
0
VERTEX
8
0
10
52.2666666666666
20
136.91140500694
30
0
0
VERTEX
8
0
10
52.8888888888888
20
136.941029568784
30
0
0
VERTEX
8
0
10
53.511111111111
20
136.970403475171
30
0
0
VERTEX
8
0
10
54.1333333333332
20
136.999554429142
30
0
0
VERTEX
8
0
10
54.7555555555555
20
137.028509512629
30
0
0
VERTEX
8
0
10
55.3777777777777
20
136.981223850331
30
0
0
VERTEX
8
0
10
55.9999999999999
20
136.93463154892
30
0
0
VERTEX
8
0
10
56.6222222222221
20
136.888766858989
30
0
0
VERTEX
8
0
10
57.2444444444443
20
136.84366353485
30
0
0
VERTEX
8
0
10
57.8666666666666
20
137.031287818324
30
0
0
VERTEX
8
0
10
58.4888888888888
20
137.219343558654
30
0
0
VERTEX
8
0
10
59.111111111111
20
137.407849194286
30
0
0
VERTEX
8
0
10
59.7333333333332
20
137.596822629493
30
0
0
VERTEX
8
0
10
60.3555555555554
20
137.786281251026
30
0
0
VERTEX
8
0
10
60.9777777777777
20
137.976241944002
30
0
0
VERTEX
8
0
10
61.5999999999999
20
138.166721107075
30
0
0
VERTEX
8
0
10
62.2222222222221
20
138.357734666933
30
0
0
VERTEX
8
0
10
62.8444444444443
20
138.641441731839
30
0
0
VERTEX
8
0
10
63.4666666666665
20
138.925546503541
30
0
0
VERTEX
8
0
10
64.0888888888888
20
139.210059707397
30
0
0
VERTEX
8
0
10
64.711111111111
20
139.494991676926
30
0
0
VERTEX
8
0
10
65.3333333333332
20
139.757463015222
30
0
0
VERTEX
8
0
10
65.9555555555554
20
140.019777565672
30
0
0
VERTEX
8
0
10
66.5777777777776
20
140.281946763452
30
0
0
VERTEX
8
0
10
67.1999999999999
20
140.543981726719
30
0
0
VERTEX
8
0
10
67.8222222222221
20
140.576968754292
30
0
0
VERTEX
8
0
10
68.4444444444443
20
140.610211973694
30
0
0
VERTEX
8
0
10
69.0666666666665
20
140.643728628135
30
0
0
VERTEX
8
0
10
69.6888888888887
20
140.677535688794
30
0
0
VERTEX
8
0
10
70.311111111111
20
140.607842221285
30
0
0
VERTEX
8
0
10
70.9333333333332
20
140.538337484813
30
0
0
VERTEX
8
0
10
71.5555555555554
20
140.469040303728
30
0
0
VERTEX
8
0
10
72.1777777777776
20
140.399969318098
30
0
0
VERTEX
8
0
10
72.7999999999998
20
140.344316031052
30
0
0
VERTEX
8
0
10
73.4222222222221
20
140.289245761027
30
0
0
VERTEX
8
0
10
74.0444444444443
20
140.234778556086
30
0
0
VERTEX
8
0
10
74.6666666666665
20
140.180934295895
30
0
0
VERTEX
8
0
10
75.2888888888887
20
140.113873207039
30
0
0
VERTEX
8
0
10
75.9111111111109
20
140.047149150191
30
0
0
VERTEX
8
0
10
76.5333333333332
20
139.980779647452
30
0
0
VERTEX
8
0
10
77.1555555555554
20
139.914782084007
30
0
0
VERTEX
8
0
10
77.7777777777776
20
139.804120878316
30
0
0
VERTEX
8
0
10
78.3999999999998
20
139.693968017163
30
0
0
VERTEX
8
0
10
79.022222222222
20
139.584343032388
30
0
0
VERTEX
8
0
10
79.6444444444443
20
139.475265376499
30
0
0
VERTEX
8
0
10
80.2666666666665
20
139.276639030081
30
0
0
VERTEX
8
0
10
80.8888888888887
20
139.077873738939
30
0
0
VERTEX
8
0
10
81.5111111111109
20
138.878983771743
30
0
0
VERTEX
8
0
10
82.1333333333331
20
138.679983342505
30
0
0
VERTEX
8
0
10
82.7555555555554
20
138.570308197874
30
0
0
VERTEX
8
0
10
83.3777777777776
20
138.460407322695
30
0
0
VERTEX
8
0
10
83.9999999999998
20
138.350291820337
30
0
0
VERTEX
8
0
10
84.622222222222
20
138.239972701919
30
0
0
VERTEX
8
0
10
85.2444444444442
20
138.040310323674
30
0
0
VERTEX
8
0
10
85.8666666666665
20
137.840616994253
30
0
0
VERTEX
8
0
10
86.4888888888887
20
137.640906609502
30
0
0
VERTEX
8
0
10
87.1111111111109
20
137.441193049893
30
0
0
VERTEX
8
0
10
87.7333333333331
20
137.313995055927
30
0
0
VERTEX
8
0
10
88.3555555555553
20
137.186482701036
30
0
0
VERTEX
8
0
10
88.9777777777776
20
137.058664991734
30
0
0
VERTEX
8
0
10
89.5999999999998
20
136.930550858989
30
0
0
VERTEX
8
0
10
90.222222222222
20
136.846453787756
30
0
0
VERTEX
8
0
10
90.8444444444442
20
136.762020760288
30
0
0
VERTEX
8
0
10
91.4666666666664
20
136.677259577168
30
0
0
VERTEX
8
0
10
92.0888888888887
20
136.592177960239
30
0
0
VERTEX
8
0
10
92.7111111111109
20
136.578310632623
30
0
0
VERTEX
8
0
10
93.3333333333331
20
136.563948864671
30
0
0
VERTEX
8
0
10
93.9555555555553
20
136.549098420454
30
0
0
VERTEX
8
0
10
94.5777777777775
20
136.533764976363
30
0
0
VERTEX
8
0
10
95.1999999999998
20
136.534963096672
30
0
0
VERTEX
8
0
10
95.822222222222
20
136.535780535036
30
0
0
VERTEX
8
0
10
96.4444444444442
20
136.536223187058
30
0
0
VERTEX
8
0
10
97.0666666666664
20
136.536296871247
30
0
0
VERTEX
8
0
10
97.6888888888886
20
136.624138103699
30
0
0
VERTEX
8
0
10
98.3111111111109
20
136.711545467963
30
0
0
VERTEX
8
0
10
98.9333333333331
20
136.79852392382
30
0
0
VERTEX
8
0
10
99.5555555555553
20
136.88507835632
30
0
0
VERTEX
8
0
10
100.177777777778
20
136.865811430803
30
0
0
VERTEX
8
0
10
100.8
20
136.84611426332
30
0
0
VERTEX
8
0
10
101.422222222222
20
136.825991691699
30
0
0
VERTEX
8
0
10
102.044444444444
20
136.805448487629
30
0
0
VERTEX
8
0
10
102.666666666666
20
136.731732390884
30
0
0
VERTEX
8
0
10
103.288888888889
20
136.657984140339
30
0
0
VERTEX
8
0
10
103.911111111111
20
136.584211468555
30
0
0
VERTEX
8
0
10
104.533333333333
20
136.510422075645
30
0
0
VERTEX
8
0
10
105.155555555555
20
136.524158641075
30
0
0
VERTEX
8
0
10
105.777777777778
20
136.537742618818
30
0
0
VERTEX
8
0
10
106.4
20
136.551179467968
30
0
0
VERTEX
8
0
10
107.022222222222
20
136.56447459596
30
0
0
VERTEX
8
0
10
107.644444444444
20
136.490373048629
30
0
0
VERTEX
8
0
10
108.266666666667
20
136.416296614048
30
0
0
VERTEX
8
0
10
108.888888888889
20
136.342252766319
30
0
0
VERTEX
8
0
10
109.511111111111
20
136.268248958132
30
0
0
VERTEX
8
0
10
110.133333333333
20
136.237745537041
30
0
0
VERTEX
8
0
10
110.755555555555
20
136.207211224181
30
0
0
VERTEX
8
0
10
111.377777777778
20
136.176652105921
30
0
0
VERTEX
8
0
10
112
20
136.146074235503
30
0
0
VERTEX
8
0
10
112.622222222222
20
136.072196053121
30
0
0
VERTEX
8
0
10
113.244444444444
20
135.998400215159
30
0
0
VERTEX
8
0
10
113.866666666667
20
135.924694037594
30
0
0
VERTEX
8
0
10
114.488888888889
20
135.851084824368
30
0
0
VERTEX
8
0
10
115.111111111111
20
135.695433644068
30
0
0
VERTEX
8
0
10
115.733333333333
20
135.539616018852
30
0
0
VERTEX
8
0
10
116.355555555556
20
135.38363767616
30
0
0
VERTEX
8
0
10
116.977777777778
20
135.227504337079
30
0
0
VERTEX
8
0
10
117.6
20
135.110859998862
30
0
0
VERTEX
8
0
10
118.222222222222
20
134.994461268585
30
0
0
VERTEX
8
0
10
118.844444444444
20
134.878317300019
30
0
0
VERTEX
8
0
10
119.466666666667
20
134.76243727263
30
0
0
VERTEX
8
0
10
120.088888888889
20
134.689562102034
30
0
0
VERTEX
8
0
10
120.711111111111
20
134.616857404463
30
0
0
VERTEX
8
0
10
121.333333333333
20
134.544330463075
30
0
0
VERTEX
8
0
10
121.955555555556
20
134.471988561378
30
0
0
VERTEX
8
0
10
122.577777777778
20
134.31481467539
30
0
0
VERTEX
8
0
10
123.2
20
134.158085638066
30
0
0
VERTEX
8
0
10
123.822222222222
20
134.001813389935
30
0
0
VERTEX
8
0
10
124.444444444445
20
133.846009953275
30
0
0
VERTEX
8
0
10
125.066666666667
20
133.774851276726
30
0
0
VERTEX
8
0
10
125.688888888889
20
133.703489932602
30
0
0
VERTEX
8
0
10
126.311111111111
20
133.631929706164
30
0
0
VERTEX
8
0
10
126.933333333333
20
133.560174363236
30
0
0
VERTEX
8
0
10
127.555555555556
20
133.530385827241
30
0
0
VERTEX
8
0
10
128.177777777778
20
133.500355225338
30
0
0
VERTEX
8
0
10
128.8
20
133.470085656851
30
0
0
VERTEX
8
0
10
129.422222222222
20
133.439580196695
30
0
0
VERTEX
8
0
10
130.044444444445
20
133.324727094281
30
0
0
VERTEX
8
0
10
130.666666666667
20
133.209768544973
30
0
0
VERTEX
8
0
10
131.288888888889
20
133.094709134632
30
0
0
VERTEX
8
0
10
131.911111111111
20
132.979553449401
30
0
0
VERTEX
8
0
10
132.533333333334
20
132.99208837855
30
0
0
VERTEX
8
0
10
133.155555555556
20
133.004697335306
30
0
0
VERTEX
8
0
10
133.777777777778
20
133.01738450405
30
0
0
VERTEX
8
0
10
134.4
20
133.030154049747
30
0
0
VERTEX
8
0
10
135.022222222222
20
132.998268534895
30
0
0
VERTEX
8
0
10
135.644444444445
20
132.966179607909
30
0
0
VERTEX
8
0
10
136.266666666667
20
132.933890128246
30
0
0
VERTEX
8
0
10
136.888888888889
20
132.901402937066
30
0
0
VERTEX
8
0
10
137.511111111111
20
132.891281811191
30
0
0
VERTEX
8
0
10
138.133333333334
20
132.881093936554
30
0
0
VERTEX
8
0
10
138.755555555556
20
132.870842733817
30
0
0
VERTEX
8
0
10
139.377777777778
20
132.860531609294
30
0
0
VERTEX
8
0
10
140
20
132.85016395535
30
0
0
VERTEX
8
0
10
140.622222222223
20
132.839743150786
30
0
0
VERTEX
8
0
10
141.244444444445
20
132.82927256122
30
0
0
VERTEX
8
0
10
141.866666666667
20
132.81875553946
30
0
0
VERTEX
8
0
10
142.488888888889
20
132.831381008088
30
0
0
VERTEX
8
0
10
143.111111111111
20
132.84414236154
30
0
0
VERTEX
8
0
10
143.733333333334
20
132.857043536812
30
0
0
VERTEX
8
0
10
144.355555555556
20
132.870088456761
30
0
0
VERTEX
8
0
10
144.977777777778
20
132.836134780507
30
0
0
VERTEX
8
0
10
145.6
20
132.802024760834
30
0
0
VERTEX
8
0
10
146.222222222223
20
132.767761027916
30
0
0
VERTEX
8
0
10
146.844444444445
20
132.733346199989
30
0
0
VERTEX
8
0
10
147.466666666667
20
132.770185027226
30
0
0
VERTEX
8
0
10
148.088888888889
20
132.807415103082
30
0
0
VERTEX
8
0
10
148.711111111112
20
132.845040695676
30
0
0
VERTEX
8
0
10
149.333333333334
20
132.883066049642
30
0
0
VERTEX
8
0
10
149.955555555556
20
133.002673811181
30
0
0
VERTEX
8
0
10
150.577777777778
20
133.122423206592
30
0
0
VERTEX
8
0
10
151.2
20
133.242316017874
30
0
0
VERTEX
8
0
10
151.822222222223
20
133.362354003218
30
0
0
VERTEX
8
0
10
152.444444444445
20
133.377119432667
30
0
0
VERTEX
8
0
10
153.066666666667
20
133.392078517267
30
0
0
VERTEX
8
0
10
153.688888888889
20
133.407234974124
30
0
0
VERTEX
8
0
10
154.311111111112
20
133.422592509112
30
0
0
VERTEX
8
0
10
154.933333333334
20
133.543477279676
30
0
0
VERTEX
8
0
10
155.555555555556
20
133.664519725681
30
0
0
VERTEX
8
0
10
156.177777777778
20
133.78572144419
30
0
0
VERTEX
8
0
10
156.800000000001
20
133.907084010071
30
0
0
VERTEX
8
0
10
157.422222222223
20
133.948892533855
30
0
0
VERTEX
8
0
10
158.044444444445
20
133.991148301408
30
0
0
VERTEX
8
0
10
158.666666666667
20
134.033855202226
30
0
0
VERTEX
8
0
10
159.288888888889
20
134.077017102244
30
0
0
VERTEX
8
0
10
159.911111111112
20
134.121850373521
30
0
0
VERTEX
8
0
10
160.533333333334
20
134.166480730813
30
0
0
VERTEX
8
0
10
161.155555555556
20
134.210909703229
30
0
0
VERTEX
8
0
10
161.777777777778
20
134.255138806892
30
0
0
VERTEX
8
0
10
162.400000000001
20
134.299169545127
30
0
0
VERTEX
8
0
10
163.022222222223
20
134.343003408639
30
0
0
VERTEX
8
0
10
163.644444444445
20
134.386641875691
30
0
0
VERTEX
8
0
10
164.266666666667
20
134.43008641228
30
0
0
VERTEX
8
0
10
164.88888888889
20
134.525689907731
30
0
0
VERTEX
8
0
10
165.511111111112
20
134.621309602253
30
0
0
VERTEX
8
0
10
166.133333333334
20
134.716947071353
30
0
0
VERTEX
8
0
10
166.755555555556
20
134.812603876206
30
0
0
VERTEX
8
0
10
167.377777777778
20
134.855338276805
30
0
0
VERTEX
8
0
10
168.000000000001
20
134.89788771158
30
0
0
VERTEX
8
0
10
168.622222222223
20
134.940253565902
30
0
0
VERTEX
8
0
10
169.244444444445
20
134.98243721417
30
0
0
VERTEX
8
0
10
169.866666666667
20
134.946152156581
30
0
0
VERTEX
8
0
10
170.48888888889
20
134.909810251617
30
0
0
VERTEX
8
0
10
171.111111111112
20
134.873413814781
30
0
0
VERTEX
8
0
10
171.733333333334
20
134.836965159553
30
0
0
VERTEX
8
0
10
172.355555555556
20
134.824846784582
30
0
0
VERTEX
8
0
10
172.977777777779
20
134.812521716806
30
0
0
VERTEX
8
0
10
173.600000000001
20
134.799991168007
30
0
0
VERTEX
8
0
10
174.222222222223
20
134.787256339956
30
0
0
VERTEX
8
0
10
174.844444444445
20
134.827783684839
30
0
0
VERTEX
8
0
10
175.466666666667
20
134.868142143728
30
0
0
VERTEX
8
0
10
176.08888888889
20
134.908332981484
30
0
0
VERTEX
8
0
10
176.711111111112
20
134.948357453665
30
0
0
VERTEX
8
0
10
177.333333333334
20
134.856579773114
30
0
0
VERTEX
8
0
10
177.955555555556
20
134.764608547922
30
0
0
VERTEX
8
0
10
178.577777777779
20
134.672444980004
30
0
0
VERTEX
8
0
10
179.200000000001
20
134.580090263352
30
0
0
VERTEX
8
0
10
179.822222222223
20
134.619225068198
30
0
0
VERTEX
8
0
10
180.444444444445
20
134.658201014127
30
0
0
VERTEX
8
0
10
181.066666666668
20
134.697019296811
30
0
0
VERTEX
8
0
10
181.68888888889
20
134.735681103573
30
0
0
VERTEX
8
0
10
182.311111111112
20
134.720088739867
30
0
0
VERTEX
8
0
10
182.933333333334
20
134.704306711748
30
0
0
VERTEX
8
0
10
183.555555555556
20
134.688336078472
30
0
0
VERTEX
8
0
10
184.177777777779
20
134.672177891139
30
0
0
VERTEX
8
0
10
184.800000000001
20
134.709821557015
30
0
0
VERTEX
8
0
10
185.422222222223
20
134.747315253665
30
0
0
VERTEX
8
0
10
186.044444444445
20
134.784660112394
30
0
0
VERTEX
8
0
10
186.666666666668
20
134.821857256999
30
0
0
VERTEX
8
0
10
187.28888888889
20
134.831775023702
30
0
0
VERTEX
8
0
10
187.911111111112
20
134.841506232955
30
0
0
VERTEX
8
0
10
188.533333333334
20
134.851051845979
30
0
0
VERTEX
8
0
10
189.155555555557
20
134.860412816321
30
0
0
VERTEX
8
0
10
189.777777777779
20
134.869590089948
30
0
0
VERTEX
8
0
10
190.400000000001
20
134.878584605334
30
0
0
VERTEX
8
0
10
191.022222222223
20
134.887397293552
30
0
0
VERTEX
8
0
10
191.644444444445
20
134.896029078354
30
0
0
VERTEX
8
0
10
192.266666666668
20
134.931687464945
30
0
0
VERTEX
8
0
10
192.88888888889
20
134.967208522608
30
0
0
VERTEX
8
0
10
193.511111111112
20
135.002593298131
30
0
0
VERTEX
8
0
10
194.133333333334
20
135.03784283188
30
0
0
VERTEX
8
0
10
194.755555555557
20
135.127700213365
30
0
0
VERTEX
8
0
10
195.377777777779
20
135.217646751435
30
0
0
VERTEX
8
0
10
196.000000000001
20
135.307683578694
30
0
0
VERTEX
8
0
10
196.622222222223
20
135.397811817988
30
0
0
VERTEX
8
0
10
197.244444444446
20
135.432662937999
30
0
0
VERTEX
8
0
10
197.866666666668
20
135.467385392861
30
0
0
VERTEX
8
0
10
198.48888888889
20
135.501980180751
30
0
0
VERTEX
8
0
10
199.111111111112
20
135.536448294049
30
0
0
VERTEX
8
0
10
199.733333333334
20
135.570790719412
30
0
0
VERTEX
8
0
10
200.355555555557
20
135.605008437846
30
0
0
VERTEX
8
0
10
200.977777777779
20
135.639102424782
30
0
0
VERTEX
8
0
10
201.600000000001
20
135.673073650143
30
0
0
VERTEX
8
0
10
202.222222222223
20
135.762821628172
30
0
0
VERTEX
8
0
10
202.844444444446
20
135.852672859042
30
0
0
VERTEX
8
0
10
203.466666666668
20
135.942628380618
30
0
0
VERTEX
8
0
10
204.08888888889
20
136.032689221645
30
0
0
VERTEX
8
0
10
204.711111111112
20
136.066328874019
30
0
0
VERTEX
8
0
10
205.333333333335
20
136.099851936064
30
0
0
VERTEX
8
0
10
205.955555555557
20
136.13325934147
30
0
0
VERTEX
8
0
10
206.577777777779
20
136.166552018951
30
0
0
VERTEX
8
0
10
207.200000000001
20
136.256527336278
30
0
0
VERTEX
8
0
10
207.822222222224
20
136.346614575489
30
0
0
VERTEX
8
0
10
208.444444444446
20
136.436814712281
30
0
0
VERTEX
8
0
10
209.066666666668
20
136.527128713581
30
0
0
VERTEX
8
0
10
209.68888888889
20
136.664081335626
30
0
0
VERTEX
8
0
10
210.311111111112
20
136.800895641164
30
0
0
VERTEX
8
0
10
210.933333333335
20
136.937572312147
30
0
0
VERTEX
8
0
10
211.555555555557
20
137.074112025311
30
0
0
VERTEX
8
0
10
212.177777777779
20
137.135403770646
30
0
0
VERTEX
8
0
10
212.800000000001
20
137.196679738299
30
0
0
VERTEX
8
0
10
213.422222222224
20
137.257940928577
30
0
0
VERTEX
8
0
10
214.044444444446
20
137.319188336699
30
0
0
VERTEX
8
0
10
214.666666666668
20
137.409459086752
30
0
0
VERTEX
8
0
10
215.28888888889
20
137.49985205623
30
0
0
VERTEX
8
0
10
215.911111111112
20
137.590368132014
30
0
0
VERTEX
8
0
10
216.533333333335
20
137.681008192741
30
0
0
VERTEX
8
0
10
217.155555555557
20
137.713099903638
30
0
0
VERTEX
8
0
10
217.777777777779
20
137.745093417895
30
0
0
VERTEX
8
0
10
218.400000000001
20
137.776989578288
30
0
0
VERTEX
8
0
10
219.022222222224
20
137.808789223705
30
0
0
VERTEX
8
0
10
219.644444444446
20
137.973467885913
30
0
0
VERTEX
8
0
10
220.266666666668
20
138.138083387117
30
0
0
VERTEX
8
0
10
220.88888888889
20
138.302636119998
30
0
0
VERTEX
8
0
10
221.511111111113
20
138.46712647332
30
0
0
VERTEX
8
0
10
222.133333333335
20
138.498510920601
30
0
0
VERTEX
8
0
10
222.755555555557
20
138.529803467589
30
0
0
VERTEX
8
0
10
223.377777777779
20
138.561004924295
30
0
0
VERTEX
8
0
10
224.000000000002
20
138.592116097198
30
0
0
VERTEX
8
0
10
224.622222222224
20
138.682707505257
30
0
0
VERTEX
8
0
10
225.244444444446
20
138.773434471769
30
0
0
VERTEX
8
0
10
225.866666666668
20
138.864297779353
30
0
0
VERTEX
8
0
10
226.48888888889
20
138.955298202917
30
0
0
VERTEX
8
0
10
227.111111111113
20
138.986248622133
30
0
0
VERTEX
8
0
10
227.733333333335
20
139.017113955496
30
0
0
VERTEX
8
0
10
228.355555555557
20
139.047894985941
30
0
0
VERTEX
8
0
10
228.977777777779
20
139.078592493204
30
0
0
VERTEX
8
0
10
229.600000000002
20
139.169674553316
30
0
0
VERTEX
8
0
10
230.222222222224
20
139.260899072677
30
0
0
VERTEX
8
0
10
230.844444444446
20
139.352266782372
30
0
0
VERTEX
8
0
10
231.466666666668
20
139.443778405966
30
0
0
VERTEX
8
0
10
232.088888888891
20
139.546698192149
30
0
0
VERTEX
8
0
10
232.711111111113
20
139.649480108373
30
0
0
VERTEX
8
0
10
233.333333333335
20
139.752124707223
30
0
0
VERTEX
8
0
10
233.955555555557
20
139.854632537605
30
0
0
VERTEX
8
0
10
234.577777777779
20
139.945740612163
30
0
0
VERTEX
8
0
10
235.200000000002
20
140.0369962137
30
0
0
VERTEX
8
0
10
235.822222222224
20
140.128400028865
30
0
0
VERTEX
8
0
10
236.444444444446
20
140.219952737025
30
0
0
SEQEND
8
0
0
POLYLINE
8
0
62
2
70
0
10
0
20
0
30
0
0
VERTEX
8
0
10
7.46666666666667
20
44.6950206812455
30
0
0
VERTEX
8
0
10
8.08888888888889
20
47.1499851991789
30
0
0
VERTEX
8
0
10
8.71111111111111
20
49.5234565629423
30
0
0
VERTEX
8
0
10
9.33333333333334
20
51.8184880186739
30
0
0
VERTEX
8
0
10
9.95555555555556
20
54.0377913656892
30
0
0
VERTEX
8
0
10
10.5777777777778
20
56.1838202444091
30
0
0
VERTEX
8
0
10
11.2
20
58.2588286320602
30
0
0
VERTEX
8
0
10
11.8222222222222
20
60.264912783847
30
0
0
VERTEX
8
0
10
12.4444444444444
20
62.2040418598168
30
0
0
VERTEX
8
0
10
13.0666666666667
20
64.0780806577114
30
0
0
VERTEX
8
0
10
13.6888888888889
20
65.8888067357804
30
0
0
VERTEX
8
0
10
14.3111111111111
20
67.6379234821861
30
0
0
VERTEX
8
0
10
14.9333333333333
20
69.3270702115936
30
0
0
VERTEX
8
0
10
15.5555555555556
20
70.9578300516663
30
0
0
VERTEX
8
0
10
16.1777777777778
20
72.5317361660436
30
0
0
VERTEX
8
0
10
16.8
20
74.0502767109521
30
0
0
VERTEX
8
0
10
17.4222222222222
20
75.514898817726
30
0
0
VERTEX
8
0
10
18.0444444444445
20
76.9270118188764
30
0
0
VERTEX
8
0
10
18.6666666666667
20
78.2879898815455
30
0
0
VERTEX
8
0
10
19.2888888888889
20
79.5991741729354
30
0
0
VERTEX
8
0
10
19.9111111111111
20
80.8618746533583
30
0
0
VERTEX
8
0
10
20.5333333333333
20
82.0773715709857
30
0
0
VERTEX
8
0
10
21.1555555555556
20
83.2469167161526
30
0
0
VERTEX
8
0
10
21.7777777777778
20
84.3717344807576
30
0
0
VERTEX
8
0
10
22.4
20
85.4530227588759
30
0
0
VERTEX
8
0
10
23.0222222222222
20
86.4919537174303
30
0
0
VERTEX
8
0
10
23.6444444444445
20
87.4896744601165
30
0
0
VERTEX
8
0
10
24.2666666666667
20
88.4473076033534
30
0
0
VERTEX
8
0
10
24.8888888888889
20
89.3659517795484
30
0
0
VERTEX
8
0
10
25.5111111111111
20
90.246682080201
30
0
0
VERTEX
8
0
10
26.1333333333333
20
91.0905504491665
30
0
0
VERTEX
8
0
10
26.7555555555556
20
91.8985860346341
30
0
0
VERTEX
8
0
10
27.3777777777778
20
92.6717955069449
30
0
0
VERTEX
8
0
10
28
20
93.4111633482203
30
0
0
VERTEX
8
0
10
28.6222222222222
20
94.1176521188275
30
0
0
VERTEX
8
0
10
29.2444444444444
20
94.7922027049356
30
0
0
VERTEX
8
0
10
29.8666666666667
20
95.4357345507791
30
0
0
VERTEX
8
0
10
30.4888888888889
20
96.0491458787169
30
0
0
VERTEX
8
0
10
31.1111111111111
20
96.6333138997407
30
0
0
VERTEX
8
0
10
31.7333333333333
20
97.1890950167125
30
0
0
VERTEX
8
0
10
32.3555555555555
20
97.7173250223101
30
0
0
VERTEX
8
0
10
32.9777777777778
20
98.2188192933922
30
0
0
VERTEX
8
0
10
33.6
20
98.6943729832769
30
0
0
VERTEX
8
0
10
34.2222222222222
20
99.1447612132353
30
0
0
VERTEX
8
0
10
34.8444444444444
20
99.5707392643393
30
0
0
VERTEX
8
0
10
35.4666666666666
20
99.9730427706625
30
0
0
VERTEX
8
0
10
36.0888888888889
20
100.352387914705
30
0
0
VERTEX
8
0
10
36.7111111111111
20
100.709471625808
30
0
0
VERTEX
8
0
10
37.3333333333333
20
101.044971782236
30
0
0
VERTEX
8
0
10
37.9555555555555
20
101.359547417488
30
0
0
VERTEX
8
0
10
38.5777777777777
20
101.653838931374
30
0
0
VERTEX
8
0
10
39.2
20
101.928468306263
30
0
0
VERTEX
8
0
10
39.8222222222222
20
102.184039328905
30
0
0
VERTEX
8
0
10
40.4444444444444
20
102.421137818109
30
0
0
VERTEX
8
0
10
41.0666666666666
20
102.640331858573
30
0
0
VERTEX
8
0
10
41.6888888888888
20
102.842172041039
30
0
0
VERTEX
8
0
10
42.3111111111111
20
103.027191708974
30
0
0
VERTEX
8
0
10
42.9333333333333
20
103.195907211858
30
0
0
VERTEX
8
0
10
43.5555555555555
20
103.348818165193
30
0
0
VERTEX
8
0
10
44.1777777777777
20
103.486407717237
30
0
0
VERTEX
8
0
10
44.7999999999999
20
103.609142822489
30
0
0
VERTEX
8
0
10
45.4222222222222
20
103.717474521879
30
0
0
VERTEX
8
0
10
46.0444444444444
20
103.811838229588
30
0
0
VERTEX
8
0
10
46.6666666666666
20
103.892654026411
30
0
0
VERTEX
8
0
10
47.2888888888888
20
103.960326959521
30
0
0
VERTEX
8
0
10
47.911111111111
20
104.015247348466
30
0
0
VERTEX
8
0
10
48.5333333333333
20
104.057791097236
30
0
0
VERTEX
8
0
10
49.1555555555555
20
104.088320012144
30
0
0
VERTEX
8
0
10
49.7777777777777
20
104.107182125326
30
0
0
VERTEX
8
0
10
50.3999999999999
20
104.114712023558
30
0
0
VERTEX
8
0
10
51.0222222222221
20
104.111231182132
30
0
0
VERTEX
8
0
10
51.6444444444444
20
104.097048303466
30
0
0
VERTEX
8
0
10
52.2666666666666
20
104.072459660137
30
0
0
VERTEX
8
0
10
52.8888888888888
20
104.037749441994
30
0
0
VERTEX
8
0
10
53.511111111111
20
103.993190106985
30
0
0
VERTEX
8
0
10
54.1333333333332
20
103.939042735335
30
0
0
VERTEX
8
0
10
54.7555555555555
20
103.875557386693
30
0
0
VERTEX
8
0
10
55.3777777777777
20
103.802973459845
30
0
0
VERTEX
8
0
10
55.9999999999999
20
103.721520054598
30
0
0
VERTEX
8
0
10
56.6222222222221
20
103.631416335423
30
0
0
VERTEX
8
0
10
57.2444444444443
20
103.532871896427
30
0
0
VERTEX
8
0
10
57.8666666666666
20
103.426087127252
30
0
0
VERTEX
8
0
10
58.4888888888888
20
103.311253579463
30
0
0
VERTEX
8
0
10
59.111111111111
20
103.188554332997
30
0
0
VERTEX
8
0
10
59.7333333333332
20
103.058164362254
30
0
0
VERTEX
8
0
10
60.3555555555554
20
102.920250901402
30
0
0
VERTEX
8
0
10
60.9777777777777
20
102.774973808465
30
0
0
VERTEX
8
0
10
61.5999999999999
20
102.622485927793
30
0
0
VERTEX
8
0
10
62.2222222222221
20
102.462933450476
30
0
0
VERTEX
8
0
10
62.8444444444443
20
102.296456272316
30
0
0
VERTEX
8
0
10
63.4666666666665
20
102.123188348948
30
0
0
VERTEX
8
0
10
64.0888888888888
20
101.94325804771
30
0
0
VERTEX
8
0
10
64.711111111111
20
101.756788495898
30
0
0
VERTEX
8
0
10
65.3333333333332
20
101.563897925017
30
0
0
VERTEX
8
0
10
65.9555555555554
20
101.364700010672
30
0
0
VERTEX
8
0
10
66.5777777777776
20
101.159304207752
30
0
0
VERTEX
8
0
10
67.1999999999999
20
100.94781608057
30
0
0
VERTEX
8
0
10
67.8222222222221
20
100.730337627619
30
0
0
VERTEX
8
0
10
68.4444444444443
20
100.50696760066
30
0
0
VERTEX
8
0
10
69.0666666666665
20
100.277801817813
30
0
0
VERTEX
8
0
10
69.6888888888887
20
100.042933470385
30
0
0
VERTEX
8
0
10
70.311111111111
20
99.8024534231631
30
0
0
VERTEX
8
0
10
70.9333333333332
20
99.556450507903
30
0
0
VERTEX
8
0
10
71.5555555555554
20
99.3050118097832
30
0
0
VERTEX
8
0
10
72.1777777777776
20
99.048222946588
30
0
0
VERTEX
8
0
10
72.7999999999998
20
98.7861683404042
30
0
0
VERTEX
8
0
10
73.4222222222221
20
98.5189314816305
30
0
0
VERTEX
8
0
10
74.0444444444443
20
98.2465951851095
30
0
0
VERTEX
8
0
10
74.6666666666665
20
97.9692418382072
30
0
0
VERTEX
8
0
10
75.2888888888887
20
97.6869536406733
30
0
0
VERTEX
8
0
10
75.9111111111109
20
97.3998128361325
30
0
0
VERTEX
8
0
10
76.5333333333332
20
97.1079019350701
30
0
0
VERTEX
8
0
10
77.1555555555554
20
96.8113039291715
30
0
0
VERTEX
8
0
10
77.7777777777776
20
96.5101024969136
30
0
0
VERTEX
8
0
10
78.3999999999998
20
96.2043822002824
30
0
0
VERTEX
8
0
10
79.022222222222
20
95.8942286725312
30
0
0
VERTEX
8
0
10
79.6444444444443
20
95.5797287968809
30
0
0
VERTEX
8
0
10
80.2666666666665
20
95.2609708760836
30
0
0
VERTEX
8
0
10
80.8888888888887
20
94.9380447927701
30
0
0
VERTEX
8
0
10
81.5111111111109
20
94.6110421605245
30
0
0
VERTEX
8
0
10
82.1333333333331
20
94.2800564656057
30
0
0
VERTEX
8
0
10
82.7555555555554
20
93.9451831992797
30
0
0
VERTEX
8
0
10
83.3777777777776
20
93.6065199806987
30
0
0
VERTEX
8
0
10
83.9999999999998
20
93.2641666702806
30
0
0
VERTEX
8
0
10
84.622222222222
20
92.9182254735548
30
0
0
VERTEX
8
0
10
85.2444444444442
20
92.5688010354247
30
0
0
VERTEX
8
0
10
85.8666666666665
20
92.2160005248209
30
0
0
VERTEX
8
0
10
86.4888888888887
20
91.859933709694
30
0
0
VERTEX
8
0
10
87.1111111111109
20
91.5007130223363
30
0
0
VERTEX
8
0
10
87.7333333333331
20
91.1384536149851
30
0
0
VERTEX
8
0
10
88.3555555555553
20
90.7732734056842
30
0
0
VERTEX
8
0
10
88.9777777777776
20
90.4052931143754
30
0
0
VERTEX
8
0
10
89.5999999999998
20
90.0346362891923
30
0
0
VERTEX
8
0
10
90.222222222222
20
89.6614293229289
30
0
0
VERTEX
8
0
10
90.8444444444442
20
89.2858014596569
30
0
0
VERTEX
8
0
10
91.4666666666664
20
88.907884791471
30
0
0
VERTEX
8
0
10
92.0888888888887
20
88.5278142453273
30
0
0
VERTEX
8
0
10
92.7111111111109
20
88.1457275599709
30
0
0
VERTEX
8
0
10
93.3333333333331
20
87.7617652529026
30
0
0
VERTEX
8
0
10
93.9555555555553
20
87.3760705773995
30
0
0
VERTEX
8
0
10
94.5777777777775
20
86.9887894695473
30
0
0
VERTEX
8
0
10
95.1999999999998
20
86.6000704852782
30
0
0
VERTEX
8
0
10
95.822222222222
20
86.2100647274066
30
0
0
VERTEX
8
0
10
96.4444444444442
20
85.8189257626552
30
0
0
VERTEX
8
0
10
97.0666666666664
20
85.4268095286764
30
0
0
VERTEX
8
0
10
97.6888888888886
20
85.0338742310739
30
0
0
VERTEX
8
0
10
98.3111111111109
20
84.6402802304286
30
0
0
VERTEX
8
0
10
98.9333333333331
20
84.2461899193821
30
0
0
VERTEX
8
0
10
99.5555555555553
20
83.8517675897864
30
0
0
VERTEX
8
0
10
100.177777777778
20
83.4571792899765
30
0
0
VERTEX
8
0
10
100.8
20
83.0625926722413
30
0
0
VERTEX
8
0
10
101.422222222222
20
82.6681768305563
30
0
0
VERTEX
8
0
10
102.044444444444
20
82.2741021286642
30
0
0
VERTEX
8
0
10
102.666666666666
20
81.8805400186735
30
0
0
VERTEX
8
0
10
103.288888888889
20
81.4876628502219
30
0
0
VERTEX
8
0
10
103.911111111111
20
81.0956436704709
30
0
0
VERTEX
8
0
10
104.533333333333
20
80.7046560150333
30
0
0
VERTEX
8
0
10
105.155555555555
20
80.3148736901002
30
0
0
VERTEX
8
0
10
105.777777777778
20
79.9264705459978
30
0
0
VERTEX
8
0
10
106.4
20
79.5396202424545
30
0
0
VERTEX
8
0
10
107.022222222222
20
79.1544960059022
30
0
0
VERTEX
8
0
10
107.644444444444
20
78.7712703791453
30
0
0
VERTEX
8
0
10
108.266666666667
20
78.3901149638185
30
0
0
VERTEX
8
0
10
108.888888888889
20
78.011200156025
30
0
0
VERTEX
8
0
10
109.511111111111
20
77.6346948756765
30
0
0
VERTEX
8
0
10
110.133333333333
20
77.2607662900076
30
0
0
VERTEX
8
0
10
110.755555555555
20
76.8895795318858
30
0
0
VERTEX
8
0
10
111.377777777778
20
76.5212974134578
30
0
0
VERTEX
8
0
10
112
20
76.1560801358531
30
0
0
VERTEX
8
0
10
112.622222222222
20
75.794084995634
30
0
0
VERTEX
8
0
10
113.244444444444
20
75.4354660887269
30
0
0
VERTEX
8
0
10
113.866666666667
20
75.0803740126552
30
0
0
VERTEX
8
0
10
114.488888888889
20
74.7289555679181
30
0
0
VERTEX
8
0
10
115.111111111111
20
74.3813534594368
30
0
0
VERTEX
8
0
10
115.733333333333
20
74.0377059989495
30
0
0
VERTEX
8
0
10
116.355555555556
20
73.698146809369
30
0
0
VERTEX
8
0
10
116.977777777778
20
73.3628045321707
30
0
0
VERTEX
8
0
10
117.6
20
73.0318025387232
30
0
0
VERTEX
8
0
10
118.222222222222
20
72.7052586468312
30
0
0
VERTEX
8
0
10
118.844444444444
20
72.3832848434091
30
0
0
VERTEX
8
0
10
119.466666666667
20
72.0659870145974
30
0
0
VERTEX
8
0
10
120.088888888889
20
71.7534646843339
30
0
0
VERTEX
8
0
10
120.711111111111
20
71.4458107625754
30
0
0
VERTEX
8
0
10
121.333333333333
20
71.1431113043682
30
0
0
VERTEX
8
0
10
121.955555555556
20
70.8454452808695
30
0
0
VERTEX
8
0
10
122.577777777778
20
70.5528843634949
30
0
0
VERTEX
8
0
10
123.2
20
70.2654927222653
30
0
0
VERTEX
8
0
10
123.822222222222
20
69.9833268395465
30
0
0
VERTEX
8
0
10
124.444444444445
20
69.7064353400866
30
0
0
VERTEX
8
0
10
125.066666666667
20
69.4348588385674
30
0
0
VERTEX
8
0
10
125.688888888889
20
69.1686298054096
30
0
0
VERTEX
8
0
10
126.311111111111
20
68.9077724519176
30
0
0
VERTEX
8
0
10
126.933333333333
20
68.6523026355275
30
0
0
VERTEX
8
0
10
127.555555555556
20
68.4022277858546
30
0
0
VERTEX
8
0
10
128.177777777778
20
68.1575468523769
30
0
0
VERTEX
8
0
10
128.8
20
67.9182502741846
30
0
0
VERTEX
8
0
10
129.422222222222
20
67.6843199723585
30
0
0
VERTEX
8
0
10
130.044444444445
20
67.4557293654647
30
0
0
VERTEX
8
0
10
130.666666666667
20
67.2324434082125
30
0
0
VERTEX
8
0
10
131.288888888889
20
67.0144186538335
30
0
0
VERTEX
8
0
10
131.911111111111
20
66.8016033398457
30
0
0
VERTEX
8
0
10
132.533333333334
20
66.5939374975102
30
0
0
VERTEX
8
0
10
133.155555555556
20
66.3913530846946
30
0
0
VERTEX
8
0
10
133.777777777778
20
66.1937741418263
30
0
0
VERTEX
8
0
10
134.4
20
66.0011169708167
30
0
0
VERTEX
8
0
10
135.022222222222
20
65.8132903360952
30
0
0
VERTEX
8
0
10
135.644444444445
20
65.6301956877286
30
0
0
VERTEX
8
0
10
136.266666666667
20
65.4517274053595
30
0
0
VERTEX
8
0
10
136.888888888889
20
65.2777730627319
30
0
0
VERTEX
8
0
10
137.511111111111
20
65.1082137115385
30
0
0
VERTEX
8
0
10
138.133333333334
20
64.9429241840987
30
0
0
VERTEX
8
0
10
138.755555555556
20
64.7817734133648
30
0
0
VERTEX
8
0
10
139.377777777778
20
64.6246247697048
30
0
0
VERTEX
8
0
10
140
20
64.4713364128848
30
0
0
VERTEX
8
0
10
140.622222222223
20
64.3217616585359
30
0
0
VERTEX
8
0
10
141.244444444445
20
64.175749357421
30
0
0
VERTEX
8
0
10
141.866666666667
20
64.0331442867467
30
0
0
VERTEX
8
0
10
142.488888888889
20
63.893787551799
30
0
0
VERTEX
8
0
10
143.111111111111
20
63.7575169970432
30
0
0
VERTEX
8
0
10
143.733333333334
20
63.6241676250574
30
0
0
VERTEX
8
0
10
144.355555555556
20
63.4935720223473
30
0
0
VERTEX
8
0
10
144.977777777778
20
63.3655607904469
30
0
0
VERTEX
8
0
10
145.6
20
63.2399629811758
30
0
0
VERTEX
8
0
10
146.222222222223
20
63.1166065351621
30
0
0
VERTEX
8
0
10
146.844444444445
20
62.9953187215939
30
0
0
VERTEX
8
0
10
147.466666666667
20
62.8759265789805
30
0
0
VERTEX
8
0
10
148.088888888889
20
62.758257355123
30
0
0
VERTEX
8
0
10
148.711111111112
20
62.6421389454509
30
0
0
VERTEX
8
0
10
149.333333333334
20
62.5274003285488
30
0
0
VERTEX
8
0
10
149.955555555556
20
62.4138719981396
30
0
0
VERTEX
8
0
10
150.577777777778
20
62.3013863899888
30
0
0
VERTEX
8
0
10
151.2
20
62.1897783035175
30
0
0
VERTEX
8
0
10
151.822222222223
20
62.0788853167346
30
0
0
VERTEX
8
0
10
152.444444444445
20
61.9685481937332
30
0
0
VERTEX
8
0
10
153.066666666667
20
61.8586112842518
30
0
0
VERTEX
8
0
10
153.688888888889
20
61.7489229139556
30
0
0
VERTEX
8
0
10
154.311111111112
20
61.6393357658271
30
0
0
VERTEX
8
0
10
154.933333333334
20
61.5297072504147
30
0
0
VERTEX
8
0
10
155.555555555556
20
61.4198998659128
30
0
0
VERTEX
8
0
10
156.177777777778
20
61.3097815463131
30
0
0
VERTEX
8
0
10
156.800000000001
20
61.1992259977846
30
0
0
VERTEX
8
0
10
157.422222222223
20
61.0881130220764
30
0
0
VERTEX
8
0
10
158.044444444445
20
60.9763288272413
30
0
0
VERTEX
8
0
10
158.666666666667
20
60.8637663242423
30
0
0
VERTEX
8
0
10
159.288888888889
20
60.7503254096517
30
0
0
VERTEX
8
0
10
159.911111111112
20
60.6359132335918
30
0
0
VERTEX
8
0
10
160.533333333334
20
60.5204444524386
30
0
0
VERTEX
8
0
10
161.155555555556
20
60.4038414660704
30
0
0
VERTEX
8
0
10
161.777777777778
20
60.2860346387368
30
0
0
VERTEX
8
0
10
162.400000000001
20
60.166962503016
30
0
0
VERTEX
8
0
10
163.022222222223
20
60.0465719472394
30
0
0
VERTEX
8
0
10
163.644444444445
20
59.9248183842015
30
0
0
VERTEX
8
0
10
164.266666666667
20
59.8016659022815
30
0
0
VERTEX
8
0
10
164.88888888889
20
59.6770873970139
30
0
0
VERTEX
8
0
10
165.511111111112
20
59.5510646834086
30
0
0
VERTEX
8
0
10
166.133333333334
20
59.423588587705
30
0
0
VERTEX
8
0
10
166.755555555556
20
59.2946590186682
30
0
0
VERTEX
8
0
10
167.377777777778
20
59.1642850162205
30
0
0
VERTEX
8
0
10
168.000000000001
20
59.0324847788324
30
0
0
VERTEX
8
0
10
168.622222222223
20
58.8992856665109
30
0
0
VERTEX
8
0
10
169.244444444445
20
58.7647241805622
30
0
0
VERTEX
8
0
10
169.866666666667
20
58.6288459176732
30
0
0
VERTEX
8
0
10
170.48888888889
20
58.4917054989805
30
0
0
VERTEX
8
0
10
171.111111111112
20
58.353366471311
30
0
0
VERTEX
8
0
10
171.733333333334
20
58.2139011819062
30
0
0
VERTEX
8
0
10
172.355555555556
20
58.0733906232258
30
0
0
VERTEX
8
0
10
172.977777777779
20
57.9319242494739
30
0
0
VERTEX
8
0
10
173.600000000001
20
57.7895997612222
30
0
0
VERTEX
8
0
10
174.222222222223
20
57.6465228597741
30
0
0
VERTEX
8
0
10
174.844444444445
20
57.5028069677595
30
0
0
VERTEX
8
0
10
175.466666666667
20
57.3585729175469
30
0
0
VERTEX
8
0
10
176.08888888889
20
57.21394860473
30
0
0
VERTEX
8
0
10
176.711111111112
20
57.0690686066792
30
0
0
VERTEX
8
0
10
177.333333333334
20
56.9240737656722
30
0
0
VERTEX
8
0
10
177.955555555556
20
56.7791107348829
30
0
0
VERTEX
8
0
10
178.577777777779
20
56.634331488494
30
0
0
VERTEX
8
0
10
179.200000000001
20
56.4898927938747
30
0
0
VERTEX
8
0
10
179.822222222223
20
56.3459556461562
30
0
0
VERTEX
8
0
10
180.444444444445
20
56.2026846654518
30
0
0
VERTEX
8
0
10
181.066666666668
20
56.0602474564628
30
0
0
VERTEX
8
0
10
181.68888888889
20
55.918813931029
30
0
0
VERTEX
8
0
10
182.311111111112
20
55.7785555939343
30
0
0
VERTEX
8
0
10
182.933333333334
20
55.6396447933516
30
0
0
VERTEX
8
0
10
183.555555555556
20
55.5022539362398
30
0
0
VERTEX
8
0
10
184.177777777779
20
55.3665546708294
30
0
0
VERTEX
8
0
10
184.800000000001
20
55.2327170372493
30
0
0
VERTEX
8
0
10
185.422222222223
20
55.1009085898565
30
0
0
VERTEX
8
0
10
186.044444444445
20
54.9712934915663
30
0
0
VERTEX
8
0
10
186.666666666668
20
54.8440315845532
30
0
0
VERTEX
8
0
10
187.28888888889
20
54.7192774398819
30
0
0
VERTEX
8
0
10
187.911111111112
20
54.5971793904172
30
0
0
VERTEX
8
0
10
188.533333333334
20
54.477878549575
30
0
0
VERTEX
8
0
10
189.155555555557
20
54.36150782145
30
0
0
VERTEX
8
0
10
189.777777777779
20
54.248190906645
30
0
0
VERTEX
8
0
10
190.400000000001
20
54.1380413087411
30
0
0
VERTEX
8
0
10
191.022222222223
20
54.0311613466958
30
0
0
VERTEX
8
0
10
191.644444444445
20
53.9276411796522
30
0
0
VERTEX
8
0
10
192.266666666668
20
53.8275578491989
30
0
0
VERTEX
8
0
10
192.88888888889
20
53.7309743456925
30
0
0
VERTEX
8
0
10
193.511111111112
20
53.6379387060694
30
0
0
VERTEX
8
0
10
194.133333333334
20
53.5484831475077
30
0
0
VERTEX
8
0
10
194.755555555557
20
53.4626232469609
30
0
0
VERTEX
8
0
10
195.377777777779
20
53.3803571704336
30
0
0
VERTEX
8
0
10
196.000000000001
20
53.3016649612846
30
0
0
VERTEX
8
0
10
196.622222222223
20
53.2265078925216
30
0
0
VERTEX
8
0
10
197.244444444446
20
53.1548278925318
30
0
0
VERTEX
8
0
10
197.866666666668
20
53.0865470489763
30
0
0
VERTEX
8
0
10
198.48888888889
20
53.0215671979159
30
0
0
VERTEX
8
0
10
199.111111111112
20
52.9597696064516
30
0
0
VERTEX
8
0
10
199.733333333334
20
52.901014753281
30
0
0
VERTEX
8
0
10
200.355555555557
20
52.8451422162629
30
0
0
VERTEX
8
0
10
200.977777777779
20
52.7919706682819
30
0
0
VERTEX
8
0
10
201.600000000001
20
52.7412979955658
30
0
0
VERTEX
8
0
10
202.222222222223
20
52.6929015339553
30
0
0
VERTEX
8
0
10
202.844444444446
20
52.6465384397024
30
0
0
VERTEX
8
0
10
203.466666666668
20
52.6019461912264
30
0
0
VERTEX
8
0
10
204.08888888889
20
52.5588432361106
30
0
0
VERTEX
8
0
10
204.711111111112
20
52.5169297791424
30
0
0
VERTEX
8
0
10
205.333333333335
20
52.4758887301816
30
0
0
VERTEX
8
0
10
205.955555555557
20
52.4353868061678
30
0
0
VERTEX
8
0
10
206.577777777779
20
52.3950758017614
30
0
0
VERTEX
8
0
10
207.200000000001
20
52.354594031662
30
0
0
VERTEX
8
0
10
207.822222222224
20
52.3135679560595
30
0
0
VERTEX
8
0
10
208.444444444446
20
52.2716139950763
30
0
0
VERTEX
8
0
10
209.066666666668
20
52.2283405437064
30
0
0
VERTEX
8
0
10
209.68888888889
20
52.1833501971712
30
0
0
VERTEX
8
0
10
210.311111111112
20
52.1362421996901
30
0
0
VERTEX
8
0
10
210.933333333335
20
52.0866151313167
30
0
0
VERTEX
8
0
10
211.555555555557
20
52.0340698468635
30
0
0
VERTEX
8
0
10
212.177777777779
20
51.9782126859347
30
0
0
VERTEX
8
0
10
212.800000000001
20
51.9186589733469
30
0
0
VERTEX
8
0
10
213.422222222224
20
51.8550368328509
30
0
0
VERTEX
8
0
10
214.044444444446
20
51.7869913388423
30
0
0
VERTEX
8
0
10
214.666666666668
20
51.7141890332323
30
0
0
VERTEX
8
0
10
215.28888888889
20
51.6363228405467
30
0
0
VERTEX
8
0
10
215.911111111112
20
51.5531174112915
30
0
0
VERTEX
8
0
10
216.533333333335
20
51.4643349340213
30
0
0
VERTEX
8
0
10
217.155555555557
20
51.36978145745
30
0
0
VERTEX
8
0
10
217.777777777779
20
51.2693137595664
30
0
0
VERTEX
8
0
10
218.400000000001
20
51.1628468188113
30
0
0
VERTEX
8
0
10
219.022222222224
20
51.0503619316084
30
0
0
VERTEX
8
0
10
219.644444444446
20
50.9319155239137
30
0
0
VERTEX
8
0
10
220.266666666668
20
50.8076487195454
30
0
0
VERTEX
8
0
10
220.88888888889
20
50.6777977014205
30
0
0
VERTEX
8
0
10
221.511111111113
20
50.5427049318696
30
0
0
VERTEX
8
0
10
222.133333333335
20
50.4028312596608
30
0
0
VERTEX
8
0
10
222.755555555557
20
50.2587689699367
30
0
0
VERTEX
8
0
10
223.377777777779
20
50.1112557849159
30
0
0
VERTEX
8
0
10
224.000000000002
20
49.961189835928
30
0
0
VERTEX
8
0
10
224.622222222224
20
49.8096455913034
30
0
0
VERTEX
8
0
10
225.244444444446
20
49.6578906906162
30
0
0
VERTEX
8
0
10
225.866666666668
20
49.5074036076385
30
0
0
VERTEX
8
0
10
226.48888888889
20
49.3598920022651
30
0
0
VERTEX
8
0
10
227.111111111113
20
49.2173115681057
30
0
0
VERTEX
8
0
10
227.733333333335
20
49.081885100341
30
0
0
VERTEX
8
0
10
228.355555555557
20
48.9561214194766
30
0
0
VERTEX
8
0
10
228.977777777779
20
48.8428336872013
30
0
0
VERTEX
8
0
10
229.600000000002
20
48.7451565261636
30
0
0
VERTEX
8
0
10
230.222222222224
20
48.6665612343208
30
0
0
VERTEX
8
0
10
230.844444444446
20
48.6108682645776
30
0
0
VERTEX
8
0
10
231.466666666668
20
48.5822559991459
30
0
0
VERTEX
8
0
10
232.088888888891
20
48.5852647655018
30
0
0
VERTEX
8
0
10
232.711111111113
20
48.6247949671827
30
0
0
VERTEX
8
0
10
233.333333333335
20
48.7060981876791
30
0
0
VERTEX
8
0
10
233.955555555557
20
48.834760199486
30
0
0
VERTEX
8
0
10
234.577777777779
20
49.0166749709363
30
0
0
VERTEX
8
0
10
235.200000000002
20
49.2580090550187
30
0
0
VERTEX
8
0
10
235.822222222224
20
49.5651561280704
30
0
0
VERTEX
8
0
10
236.444444444446
20
49.9446819999662
30
0
0
SEQEND
8
0
0
POLYLINE
8
0
62
4
70
0
10
0
20
0
30
0
0
VERTEX
8
0
10
7.46666666666667
20
47.9774570169938
30
0
0
VERTEX
8
0
10
8.08888888888889
20
50.7376246669662
30
0
0
VERTEX
8
0
10
8.71111111111111
20
53.4168658869243
30
0
0
VERTEX
8
0
10
9.33333333333334
20
56.0179993706641
30
0
0
VERTEX
8
0
10
9.95555555555556
20
58.5435412583933
30
0
0
VERTEX
8
0
10
10.5777777777778
20
60.9957796458375
30
0
0
VERTEX
8
0
10
11.2
20
63.3768266575869
30
0
0
VERTEX
8
0
10
11.8222222222222
20
65.6886556102688
30
0
0
VERTEX
8
0
10
12.4444444444444
20
67.9331280302117
30
0
0
VERTEX
8
0
10
13.0666666666667
20
70.1120136217874
30
0
0
VERTEX
8
0
10
13.6888888888889
20
72.2270052454433
30
0
0
VERTEX
8
0
10
14.3111111111111
20
74.2797303033017
30
0
0
VERTEX
8
0
10
14.9333333333333
20
76.2717594991935
30
0
0
VERTEX
8
0
10
15.5555555555556
20
78.2046136532477
30
0
0
VERTEX
8
0
10
16.1777777777778
20
80.0797690568639
30
0
0
VERTEX
8
0
10
16.8
20
81.8986617200121
30
0
0
VERTEX
8
0
10
17.4222222222222
20
83.6626907691378
30
0
0
VERTEX
8
0
10
18.0444444444445
20
85.3732211874829
30
0
0
VERTEX
8
0
10
18.6666666666667
20
87.0315860418559
30
0
0
VERTEX
8
0
10
19.2888888888889
20
88.6390883051269
30
0
0
VERTEX
8
0
10
19.9111111111111
20
90.1970023581516
30
0
0
VERTEX
8
0
10
20.5333333333333
20
91.7065752358237
30
0
0
VERTEX
8
0
10
21.1555555555556
20
93.1690276676871
30
0
0
VERTEX
8
0
10
21.7777777777778
20
94.5855549527361
30
0
0
VERTEX
8
0
10
22.4
20
95.957327699779
30
0
0
VERTEX
8
0
10
23.0222222222222
20
97.2854924583848
30
0
0
VERTEX
8
0
10
23.6444444444445
20
98.571172260503
30
0
0
VERTEX
8
0
10
24.2666666666667
20
99.8154670889932
30
0
0
VERTEX
8
0
10
24.8888888888889
20
101.019454286272
30
0
0
VERTEX
8
0
10
25.5111111111111
20
102.18418891388
30
0
0
VERTEX
8
0
10
26.1333333333333
20
103.310704071869
30
0
0
VERTEX
8
0
10
26.7555555555556
20
104.400011185363
30
0
0
VERTEX
8
0
10
27.3777777777778
20
105.453100264418
30
0
0
VERTEX
8
0
10
28
20
106.470940142311
30
0
0
VERTEX
8
0
10
28.6222222222222
20
107.454478696555
30
0
0
VERTEX
8
0
10
29.2444444444444
20
108.404643056276
30
0
0
VERTEX
8
0
10
29.8666666666667
20
109.322339799047
30
0
0
VERTEX
8
0
10
30.4888888888889
20
110.208455139784
30
0
0
VERTEX
8
0
10
31.1111111111111
20
111.063855113971
30
0
0
VERTEX
8
0
10
31.7333333333333
20
111.889385757122
30
0
0
VERTEX
8
0
10
32.3555555555555
20
112.685873282147
30
0
0
VERTEX
8
0
10
32.9777777777778
20
113.454124256038
30
0
0
VERTEX
8
0
10
33.6
20
114.19492577712
30
0
0
VERTEX
8
0
10
34.2222222222222
20
114.909045653918
30
0
0
VERTEX
8
0
10
34.8444444444444
20
115.597232586572
30
0
0
VERTEX
8
0
10
35.4666666666666
20
116.26021635158
30
0
0
VERTEX
8
0
10
36.0888888888889
20
116.898707990572
30
0
0
VERTEX
8
0
10
36.7111111111111
20
117.513400003674
30
0
0
VERTEX
8
0
10
37.3333333333333
20
118.104966547989
30
0
0
VERTEX
8
0
10
37.9555555555555
20
118.674063641596
30
0
0
VERTEX
8
0
10
38.5777777777777
20
119.221329373428
30
0
0
VERTEX
8
0
10
39.2
20
119.747384119315
30
0
0
VERTEX
8
0
10
39.8222222222222
20
120.252830764421
30
0
0
VERTEX
8
0
10
40.4444444444444
20
120.738254932255
30
0
0
VERTEX
8
0
10
41.0666666666666
20
121.204225220381
30
0
0
VERTEX
8
0
10
41.6888888888888
20
121.651293442908
30
0
0
VERTEX
8
0
10
42.3111111111111
20
122.079994879808
30
0
0
VERTEX
8
0
10
42.9333333333333
20
122.490848533045
30
0
0
VERTEX
8
0
10
43.5555555555555
20
122.884357389503
30
0
0
VERTEX
8
0
10
44.1777777777777
20
123.261008690612
30
0
0
VERTEX
8
0
10
44.7999999999999
20
123.621274208599
30
0
0
VERTEX
8
0
10
45.4222222222222
20
123.965610529191
30
0
0
VERTEX
8
0
10
46.0444444444444
20
124.294459340648
30
0
0
VERTEX
8
0
10
46.6666666666666
20
124.608247728897
30
0
0
VERTEX
8
0
10
47.2888888888888
20
124.907388478567
30
0
0
VERTEX
8
0
10
47.911111111111
20
125.19228037969
30
0
0
VERTEX
8
0
10
48.5333333333333
20
125.463308539786
30
0
0
VERTEX
8
0
10
49.1555555555555
20
125.720844701066
30
0
0
VERTEX
8
0
10
49.7777777777777
20
125.96524756243
30
0
0
VERTEX
8
0
10
50.3999999999999
20
126.196863105965
30
0
0
VERTEX
8
0
10
51.0222222222221
20
126.416024927581
30
0
0
VERTEX
8
0
10
51.6444444444444
20
126.623054571441
30
0
0
VERTEX
8
0
10
52.2666666666666
20
126.818261867832
30
0
0
VERTEX
8
0
10
52.8888888888888
20
127.001945274083
30
0
0
VERTEX
8
0
10
53.511111111111
20
127.17439221815
30
0
0
VERTEX
8
0
10
54.1333333333332
20
127.335879444484
30
0
0
VERTEX
8
0
10
54.7555555555555
20
127.486673361753
30
0
0
VERTEX
8
0
10
55.3777777777777
20
127.627030392044
30
0
0
VERTEX
8
0
10
55.9999999999999
20
127.757197321097
30
0
0
VERTEX
8
0
10
56.6222222222221
20
127.877411649188
30
0
0
VERTEX
8
0
10
57.2444444444443
20
127.987901942213
30
0
0
VERTEX
8
0
10
57.8666666666666
20
128.088888182584
30
0
0
VERTEX
8
0
10
58.4888888888888
20
128.180582119492
30
0
0
VERTEX
8
0
10
59.111111111111
20
128.263187618144
30
0
0
VERTEX
8
0
10
59.7333333333332
20
128.336901007551
30
0
0
VERTEX
8
0
10
60.3555555555554
20
128.401911426457
30
0
0
VERTEX
8
0
10
60.9777777777777
20
128.458401167012
30
0
0
VERTEX
8
0
10
61.5999999999999
20
128.50654601579
30
0
0
VERTEX
8
0
10
62.2222222222221
20
128.546515591758
30
0
0
VERTEX
8
0
10
62.8444444444443
20
128.578473680825
30
0
0
VERTEX
8
0
10
63.4666666666665
20
128.602578566578
30
0
0
VERTEX
8
0
10
64.0888888888888
20
128.618983356866
30
0
0
VERTEX
8
0
10
64.711111111111
20
128.627836305854
30
0
0
VERTEX
8
0
10
65.3333333333332
20
128.62928113122
30
0
0
VERTEX
8
0
10
65.9555555555554
20
128.623457326152
30
0
0
VERTEX
8
0
10
66.5777777777776
20
128.610500465833
30
0
0
VERTEX
8
0
10
67.1999999999999
20
128.590542508091
30
0
0
VERTEX
8
0
10
67.8222222222221
20
128.563712087934
30
0
0
VERTEX
8
0
10
68.4444444444443
20
128.530134805667
30
0
0
VERTEX
8
0
10
69.0666666666665
20
128.489933508333
30
0
0
VERTEX
8
0
10
69.6888888888887
20
128.443228564208
30
0
0
VERTEX
8
0
10
70.311111111111
20
128.390138130111
30
0
0
VERTEX
8
0
10
70.9333333333332
20
128.330778411286
30
0
0
VERTEX
8
0
10
71.5555555555554
20
128.26526391364
30
0
0
VERTEX
8
0
10
72.1777777777776
20
128.193707688127
30
0
0
VERTEX
8
0
10
72.7999999999998
20
128.116221567085
30
0
0
VERTEX
8
0
10
73.4222222222221
20
128.032916392328
30
0
0
VERTEX
8
0
10
74.0444444444443
20
127.943902234845
30
0
0
VERTEX
8
0
10
74.6666666666665
20
127.849288605918
30
0
0
VERTEX
8
0
10
75.2888888888887
20
127.749184659541
30
0
0
VERTEX
8
0
10
75.9111111111109
20
127.643699385979
30
0
0
VERTEX
8
0
10
76.5333333333332
20
127.532941796354
30
0
0
VERTEX
8
0
10
77.1555555555554
20
127.417021098146
30
0
0
VERTEX
8
0
10
77.7777777777776
20
127.296046861504
30
0
0
VERTEX
8
0
10
78.3999999999998
20
127.170129176266
30
0
0
VERTEX
8
0
10
79.022222222222
20
127.039378799628
30
0
0
VERTEX
8
0
10
79.6444444444443
20
126.903907294361
30
0
0
VERTEX
8
0
10
80.2666666666665
20
126.763827157549
30
0
0
VERTEX
8
0
10
80.8888888888887
20
126.619251939762
30
0
0
VERTEX
8
0
10
81.5111111111109
20
126.470296354644
30
0
0
VERTEX
8
0
10
82.1333333333331
20
126.317076378875
30
0
0
VERTEX
8
0
10
82.7555555555554
20
126.159709342486
30
0
0
VERTEX
8
0
10
83.3777777777776
20
125.9983140095
30
0
0
VERTEX
8
0
10
83.9999999999998
20
125.833010648913
30
0
0
VERTEX
8
0
10
84.622222222222
20
125.663921096001
30
0
0
VERTEX
8
0
10
85.2444444444442
20
125.491168803964
30
0
0
VERTEX
8
0
10
85.8666666666665
20
125.314878885936
30
0
0
VERTEX
8
0
10
86.4888888888887
20
125.135178147386
30
0
0
VERTEX
8
0
10
87.1111111111109
20
124.952195108938
30
0
0
VERTEX
8
0
10
87.7333333333331
20
124.766060019667
30
0
0
VERTEX
8
0
10
88.3555555555553
20
124.576904860919
30
0
0
VERTEX
8
0
10
88.9777777777776
20
124.384863340724
30
0
0
VERTEX
8
0
10
89.5999999999998
20
124.190070878862
30
0
0
VERTEX
8
0
10
90.222222222222
20
123.992664582685
30
0
0
VERTEX
8
0
10
90.8444444444442
20
123.792783213763
30
0
0
VERTEX
8
0
10
91.4666666666664
20
123.59056714548
30
0
0
VERTEX
8
0
10
92.0888888888887
20
123.386158311674
30
0
0
VERTEX
8
0
10
92.7111111111109
20
123.179700146449
30
0
0
VERTEX
8
0
10
93.3333333333331
20
122.971337515305
30
0
0
VERTEX
8
0
10
93.9555555555553
20
122.761216637714
30
0
0
VERTEX
8
0
10
94.5777777777775
20
122.549485001313
30
0
0
VERTEX
8
0
10
95.1999999999998
20
122.336291267878
30
0
0
VERTEX
8
0
10
95.822222222222
20
122.121785171271
30
0
0
VERTEX
8
0
10
96.4444444444442
20
121.906117407547
30
0
0
VERTEX
8
0
10
97.0666666666664
20
121.689439517432
30
0
0
VERTEX
8
0
10
97.6888888888886
20
121.471903761414
30
0
0
VERTEX
8
0
10
98.3111111111109
20
121.253662987665
30
0
0
VERTEX
8
0
10
98.9333333333331
20
121.034870493063
30
0
0
VERTEX
8
0
10
99.5555555555553
20
120.815679877585
30
0
0
VERTEX
8
0
10
100.177777777778
20
120.596244892356
30
0
0
VERTEX
8
0
10
100.8
20
120.37671928165
30
0
0
VERTEX
8
0
10
101.422222222222
20
120.157256619183
30
0
0
VERTEX
8
0
10
102.044444444444
20
119.938010139023
30
0
0
VERTEX
8
0
10
102.666666666666
20
119.719132561469
30
0
0
VERTEX
8
0
10
103.288888888889
20
119.500775914281
30
0
0
VERTEX
8
0
10
103.911111111111
20
119.283091349651
30
0
0
VERTEX
8
0
10
104.533333333333
20
119.066228957306
30
0
0
VERTEX
8
0
10
105.155555555555
20
118.850337574197
30
0
0
VERTEX
8
0
10
105.777777777778
20
118.635564591195
30
0
0
VERTEX
8
0
10
106.4
20
118.422055757241
30
0
0
VERTEX
8
0
10
107.022222222222
20
118.20995498146
30
0
0
VERTEX
8
0
10
107.644444444444
20
117.999404133712
30
0
0
VERTEX
8
0
10
108.266666666667
20
117.790542844053
30
0
0
VERTEX
8
0
10
108.888888888889
20
117.58350830169
30
0
0
VERTEX
8
0
10
109.511111111111
20
117.378435053911
30
0
0
VERTEX
8
0
10
110.133333333333
20
117.17545480555
30
0
0
VERTEX
8
0
10
110.755555555555
20
116.974696219545
30
0
0
VERTEX
8
0
10
111.377777777778
20
116.776284719148
30
0
0
VERTEX
8
0
10
112
20
116.580342292371
30
0
0
VERTEX
8
0
10
112.622222222222
20
116.386987299238
30
0
0
VERTEX
8
0
10
113.244444444444
20
116.196334282403
30
0
0
VERTEX
8
0
10
113.866666666667
20
116.008493781787
30
0
0
VERTEX
8
0
10
114.488888888889
20
115.82357215372
30
0
0
VERTEX
8
0
10
115.111111111111
20
115.641671395291
30
0
0
VERTEX
8
0
10
115.733333333333
20
115.462888974375
30
0
0
VERTEX
8
0
10
116.355555555556
20
115.28731766598
30
0
0
VERTEX
8
0
10
116.977777777778
20
115.115045395483
30
0
0
VERTEX
8
0
10
117.6
20
114.946155089253
30
0
0
VERTEX
8
0
10
118.222222222222
20
114.780724533289
30
0
0
VERTEX
8
0
10
118.844444444444
20
114.618826240311
30
0
0
VERTEX
8
0
10
119.466666666667
20
114.460527325895
30
0
0
VERTEX
8
0
10
120.088888888889
20
114.305889394089
30
0
0
VERTEX
8
0
10
120.711111111111
20
114.154968433001
30
0
0
VERTEX
8
0
10
121.333333333333
20
114.00781472078
30
0
0
VERTEX
8
0
10
121.955555555556
20
113.864472742447
30
0
0
VERTEX
8
0
10
122.577777777778
20
113.724981117912
30
0
0
VERTEX
8
0
10
123.2
20
113.589372541571
30
0
0
VERTEX
8
0
10
123.822222222222
20
113.457673733783
30
0
0
VERTEX
8
0
10
124.444444444445
20
113.3299054045
30
0
0
VERTEX
8
0
10
125.066666666667
20
113.206082229367
30
0
0
VERTEX
8
0
10
125.688888888889
20
113.086212838411
30
0
0
VERTEX
8
0
10
126.311111111111
20
112.970299817572
30
0
0
VERTEX
8
0
10
126.933333333333
20
112.858339723141
30
0
0
VERTEX
8
0
10
127.555555555556
20
112.750323109269
30
0
0
VERTEX
8
0
10
128.177777777778
20
112.646234568534
30
0
0
VERTEX
8
0
10
128.8
20
112.546052785625
30
0
0
VERTEX
8
0
10
129.422222222222
20
112.44975060407
30
0
0
VERTEX
8
0
10
130.044444444445
20
112.357295105957
30
0
0
VERTEX
8
0
10
130.666666666667
20
112.268647704529
30
0
0
VERTEX
8
0
10
131.288888888889
20
112.183764249521
30
0
0
VERTEX
8
0
10
131.911111111111
20
112.102595144922
30
0
0
VERTEX
8
0
10
132.533333333334
20
112.02508547919
30
0
0
VERTEX
8
0
10
133.155555555556
20
111.951175167293
30
0
0
VERTEX
8
0
10
133.777777777778
20
111.880799104581
30
0
0
VERTEX
8
0
10
134.4
20
111.81388733197
30
0
0
VERTEX
8
0
10
135.022222222222
20
111.750365212075
30
0
0
VERTEX
8
0
10
135.644444444445
20
111.690153615979
30
0
0
VERTEX
8
0
10
136.266666666667
20
111.633169120089
30
0
0
VERTEX
8
0
10
136.888888888889
20
111.579324212643
30
0
0
VERTEX
8
0
10
137.511111111111
20
111.528527509465
30
0
0
VERTEX
8
0
10
138.133333333334
20
111.480683978266
30
0
0
VERTEX
8
0
10
138.755555555556
20
111.435695171176
30
0
0
VERTEX
8
0
10
139.377777777778
20
111.393459464811
30
0
0
VERTEX
8
0
10
140
20
111.353872307274
30
0
0
VERTEX
8
0
10
140.622222222223
20
111.316826471691
30
0
0
VERTEX
8
0
10
141.244444444445
20
111.282212315493
30
0
0
VERTEX
8
0
10
141.866666666667
20
111.249918044869
30
0
0
VERTEX
8
0
10
142.488888888889
20
111.219829983983
30
0
0
VERTEX
8
0
10
143.111111111111
20
111.191832847935
30
0
0
VERTEX
8
0
10
143.733333333334
20
111.165810019317
30
0
0
VERTEX
8
0
10
144.355555555556
20
111.141643827311
30
0
0
VERTEX
8
0
10
144.977777777778
20
111.119215829001
30
0
0
VERTEX
8
0
10
145.6
20
111.098407092135
30
0
0
VERTEX
8
0
10
146.222222222223
20
111.079098478778
30
0
0
VERTEX
8
0
10
146.844444444445
20
111.061170929071
30
0
0
VERTEX
8
0
10
147.466666666667
20
111.044505744838
30
0
0
VERTEX
8
0
10
148.088888888889
20
111.028984871962
30
0
0
VERTEX
8
0
10
148.711111111112
20
111.014491181412
30
0
0
VERTEX
8
0
10
149.333333333334
20
111.000908747948
30
0
0
VERTEX
8
0
10
149.955555555556
20
110.988123126036
30
0
0
VERTEX
8
0
10
150.577777777778
20
110.97602162256
30
0
0
VERTEX
8
0
10
151.2
20
110.964493565503
30
0
0
VERTEX
8
0
10
151.822222222223
20
110.953430568228
30
0
0
VERTEX
8
0
10
152.444444444445
20
110.942726788653
30
0
0
VERTEX
8
0
10
153.066666666667
20
110.932279182959
30
0
0
VERTEX
8
0
10
153.688888888889
20
110.921987753149
30
0
0
VERTEX
8
0
10
154.311111111112
20
110.911755787952
30
0
0
VERTEX
8
0
10
154.933333333334
20
110.901490096675
30
0
0
VERTEX
8
0
10
155.555555555556
20
110.891101235281
30
0
0
VERTEX
8
0
10
156.177777777778
20
110.8805037244
30
0
0
VERTEX
8
0
10
156.800000000001
20
110.869616258683
30
0
0
VERTEX
8
0
10
157.422222222223
20
110.858361906948
30
0
0
VERTEX
8
0
10
158.044444444445
20
110.846668302781
30
0
0
VERTEX
8
0
10
158.666666666667
20
110.834467825006
30
0
0
VERTEX
8
0
10
159.288888888889
20
110.821697767561
30
0
0
VERTEX
8
0
10
159.911111111112
20
110.808300498342
30
0
0
VERTEX
8
0
10
160.533333333334
20
110.79422360662
30
0
0
VERTEX
8
0
10
161.155555555556
20
110.7794200383
30
0
0
VERTEX
8
0
10
161.777777777778
20
110.763848219057
30
0
0
VERTEX
8
0
10
162.400000000001
20
110.747472164291
30
0
0
VERTEX
8
0
10
163.022222222223
20
110.730261575939
30
0
0
VERTEX
8
0
10
163.644444444445
20
110.712191925633
30
0
0
VERTEX
8
0
10
164.266666666667
20
110.693244523412
30
0
0
VERTEX
8
0
10
164.88888888889
20
110.67340657194
30
0
0
VERTEX
8
0
10
165.511111111112
20
110.65267120577
30
0
0
VERTEX
8
0
10
166.133333333334
20
110.63103751502
30
0
0
VERTEX
8
0
10
166.755555555556
20
110.608510553046
30
0
0
VERTEX
8
0
10
167.377777777778
20
110.585101328212
30
0
0
VERTEX
8
0
10
168.000000000001
20
110.560826778635
30
0
0
VERTEX
8
0
10
168.622222222223
20
110.535709729982
30
0
0
VERTEX
8
0
10
169.244444444445
20
110.509778835839
30
0
0
VERTEX
8
0
10
169.866666666667
20
110.48306850062
30
0
0
VERTEX
8
0
10
170.48888888889
20
110.455618783631
30
0
0
VERTEX
8
0
10
171.111111111112
20
110.427475285737
30
0
0
VERTEX
8
0
10
171.733333333334
20
110.398689016422
30
0
0
VERTEX
8
0
10
172.355555555556
20
110.369316242604
30
0
0
VERTEX
8
0
10
172.977777777779
20
110.339418317774
30
0
0
VERTEX
8
0
10
173.600000000001
20
110.309061492102
30
0
0
VERTEX
8
0
10
174.222222222223
20
110.278316703109
30
0
0
VERTEX
8
0
10
174.844444444445
20
110.247259346406
30
0
0
VERTEX
8
0
10
175.466666666667
20
110.215969026861
30
0
0
VERTEX
8
0
10
176.08888888889
20
110.184529290481
30
0
0
VERTEX
8
0
10
176.711111111112
20
110.153027336142
30
0
0
VERTEX
8
0
10
177.333333333334
20
110.12155370808
30
0
0
VERTEX
8
0
10
177.955555555556
20
110.090201969104
30
0
0
VERTEX
8
0
10
178.577777777779
20
110.059068354378
30
0
0
VERTEX
8
0
10
179.200000000001
20
110.028251407013
30
0
0
VERTEX
8
0
10
179.822222222223
20
109.997851594843
30
0
0
VERTEX
8
0
10
180.444444444445
20
109.967970909176
30
0
0
VERTEX
8
0
10
181.066666666668
20
109.938712447043
30
0
0
VERTEX
8
0
10
181.68888888889
20
109.910179976028
30
0
0
VERTEX
8
0
10
182.311111111112
20
109.882477483687
30
0
0
VERTEX
8
0
10
182.933333333334
20
109.855708711958
30
0
0
VERTEX
8
0
10
183.555555555556
20
109.829976677524
30
0
0
VERTEX
8
0
10
184.177777777779
20
109.805383179587
30
0
0
VERTEX
8
0
10
184.800000000001
20
109.782028295694
30
0
0
VERTEX
8
0
10
185.422222222223
20
109.76000986763
30
0
0
VERTEX
8
0
10
186.044444444445
20
109.739422978273
30
0
0
VERTEX
8
0
10
186.666666666668
20
109.720359421289
30
0
0
VERTEX
8
0
10
187.28888888889
20
109.702907165385
30
0
0
VERTEX
8
0
10
187.911111111112
20
109.687149815107
30
0
0
VERTEX
8
0
10
188.533333333334
20
109.673166069305
30
0
0
VERTEX
8
0
10
189.155555555557
20
109.661029180942
30
0
0
VERTEX
8
0
10
189.777777777779
20
109.650806418584
30
0
0
VERTEX
8
0
10
190.400000000001
20
109.642558533746
30
0
0
VERTEX
8
0
10
191.022222222223
20
109.636339235159
30
0
0
VERTEX
8
0
10
191.644444444445
20
109.632194673158
30
0
0
VERTEX
8
0
10
192.266666666668
20
109.630162937099
30
0
0
VERTEX
8
0
10
192.88888888889
20
109.630273568264
30
0
0
VERTEX
8
0
10
193.511111111112
20
109.632547090774
30
0
0
VERTEX
8
0
10
194.133333333334
20
109.636994565323
30
0
0
VERTEX
8
0
10
194.755555555557
20
109.64361716629
30
0
0
VERTEX
8
0
10
195.377777777779
20
109.652405787597
30
0
0
VERTEX
8
0
10
196.000000000001
20
109.663340679904
30
0
0
VERTEX
8
0
10
196.622222222223
20
109.676391122379
30
0
0
VERTEX
8
0
10
197.244444444446
20
109.691515132493
30
0
0
VERTEX
8
0
10
197.866666666668
20
109.708659218748
30
0
0
VERTEX
8
0
10
198.48888888889
20
109.727758177724
30
0
0
VERTEX
8
0
10
199.111111111112
20
109.74873494157
30
0
0
VERTEX
8
0
10
199.733333333334
20
109.77150047837
30
0
0
VERTEX
8
0
10
200.355555555557
20
109.795953749852
30
0
0
VERTEX
8
0
10
200.977777777779
20
109.821981730361
30
0
0
VERTEX
8
0
10
201.600000000001
20
109.849459491675
30
0
0
VERTEX
8
0
10
202.222222222223
20
109.878250356626
30
0
0
VERTEX
8
0
10
202.844444444446
20
109.908206128672
30
0
0
VERTEX
8
0
10
203.466666666668
20
109.939167397469
30
0
0
VERTEX
8
0
10
204.08888888889
20
109.970963930212
30
0
0
VERTEX
8
0
10
204.711111111112
20
110.003415149152
30
0
0
VERTEX
8
0
10
205.333333333335
20
110.036330703444
30
0
0
VERTEX
8
0
10
205.955555555557
20
110.069511137589
30
0
0
VERTEX
8
0
10
206.577777777779
20
110.102748664626
30
0
0
VERTEX
8
0
10
207.200000000001
20
110.135828047906
30
0
0
VERTEX
8
0
10
207.822222222224
20
110.16852759709
30
0
0
VERTEX
8
0
10
208.444444444446
20
110.200620285875
30
0
0
VERTEX
8
0
10
209.066666666668
20
110.231874997043
30
0
0
VERTEX
8
0
10
209.68888888889
20
110.262057900859
30
0
0
VERTEX
8
0
10
210.311111111112
20
110.290933976469
30
0
0
VERTEX
8
0
10
210.933333333335
20
110.318268680527
30
0
0
VERTEX
8
0
10
211.555555555557
20
110.343829774543
30
0
0
VERTEX
8
0
10
212.177777777779
20
110.367389316395
30
0
0
VERTEX
8
0
10
212.800000000001
20
110.38872582808
30
0
0
VERTEX
8
0
10
213.422222222224
20
110.407626646624
30
0
0
VERTEX
8
0
10
214.044444444446
20
110.423890470333
30
0
0
VERTEX
8
0
10
214.666666666668
20
110.437330110689
30
0
0
VERTEX
8
0
10
215.28888888889
20
110.447775459993
30
0
0
VERTEX
8
0
10
215.911111111112
20
110.455076690202
30
0
0
VERTEX
8
0
10
216.533333333335
20
110.459107691392
30
0
0
VERTEX
8
0
10
217.155555555557
20
110.459769766191
30
0
0
VERTEX
8
0
10
217.777777777779
20
110.456995593357
30
0
0
VERTEX
8
0
10
218.400000000001
20
110.450753474561
30
0
0
VERTEX
8
0
10
219.022222222224
20
110.441051878552
30
0
0
VERTEX
8
0
10
219.644444444446
20
110.427944299318
30
0
0
VERTEX
8
0
10
220.266666666668
20
110.411534441373
30
0
0
VERTEX
8
0
10
220.88888888889
20
110.391981749586
30
0
0
VERTEX
8
0
10
221.511111111113
20
110.369507295432
30
0
0
VERTEX
8
0
10
222.133333333335
20
110.344400035927
30
0
0
VERTEX
8
0
10
222.755555555557
20
110.317023456592
30
0
0
VERTEX
8
0
10
223.377777777779
20
110.2878226096
30
0
0
VERTEX
8
0
10
224.000000000002
20
110.257331557472
30
0
0
VERTEX
8
0
10
224.622222222224
20
110.226181224893
30
0
0
VERTEX
8
0
10
225.244444444446
20
110.195107663781
30
0
0
VERTEX
8
0
10
225.866666666668
20
110.164960726752
30
0
0
VERTEX
8
0
10
226.48888888889
20
110.136713140564
30
0
0
VERTEX
8
0
10
227.111111111113
20
110.111469962023
30
0
0
VERTEX
8
0
10
227.733333333335
20
110.090478393503
30
0
0
VERTEX
8
0
10
228.355555555557
20
110.075137918348
30
0
0
VERTEX
8
0
10
228.977777777779
20
110.067010711858
30
0
0
VERTEX
8
0
10
229.600000000002
20
110.067832263217
30
0
0
VERTEX
8
0
10
230.222222222224
20
110.079522129309
30
0
0
VERTEX
8
0
10
230.844444444446
20
110.104194723664
30
0
0
VERTEX
8
0
10
231.466666666668
20
110.144170024241
30
0
0
VERTEX
8
0
10
232.088888888891
20
110.201984057123
30
0
0
VERTEX
8
0
10
232.711111111113
20
110.280398993468
30
0
0
VERTEX
8
0
10
233.333333333335
20
110.382412673203
30
0
0
VERTEX
8
0
10
233.955555555557
20
110.511267334844
30
0
0
VERTEX
8
0
10
234.577777777779
20
110.670457319006
30
0
0
VERTEX
8
0
10
235.200000000002
20
110.863735476194
30
0
0
VERTEX
8
0
10
235.822222222224
20
111.0951180013
30
0
0
VERTEX
8
0
10
236.444444444446
20
111.368887390741
30
0
0
SEQEND
8
0
0
POLYLINE
8
0
62
3
70
0
10
0
20
0
30
0
0
VERTEX
8
0
10
7.46666666666667
20
60.6219364355901
30
0
0
VERTEX
8
0
10
8.08888888888889
20
62.3886267917399
30
0
0
VERTEX
8
0
10
8.71111111111111
20
64.1301524948025
30
0
0
VERTEX
8
0
10
9.33333333333334
20
65.8493025083036
30
0
0
VERTEX
8
0
10
9.95555555555556
20
67.5484214488468
30
0
0
VERTEX
8
0
10
10.5777777777778
20
68.9383813618301
30
0
0
VERTEX
8
0
10
11.2
20
70.3099723365893
30
0
0
VERTEX
8
0
10
11.8222222222222
20
71.6648535155239
30
0
0
VERTEX
8
0
10
12.4444444444444
20
73.0044671245416
30
0
0
VERTEX
8
0
10
13.0666666666667
20
74.0352409866446
30
0
0
VERTEX
8
0
10
13.6888888888889
20
75.0515181757215
30
0
0
VERTEX
8
0
10
14.3111111111111
20
76.0544073061812
30
0
0
VERTEX
8
0
10
14.9333333333333
20
77.044893374912
30
0
0
VERTEX
8
0
10
15.5555555555556
20
78.0238554466458
30
0
0
VERTEX
8
0
10
16.1777777777778
20
78.9920812831701
30
0
0
VERTEX
8
0
10
16.8
20
79.9502795286267
30
0
0
VERTEX
8
0
10
17.4222222222222
20
80.8990899245642
30
0
0
VERTEX
8
0
10
18.0444444444445
20
82.439549875821
30
0
0
VERTEX
8
0
10
18.6666666666667
20
83.9739022314246
30
0
0
VERTEX
8
0
10
19.2888888888889
20
85.5024928612023
30
0
0
VERTEX
8
0
10
19.9111111111111
20
87.0256382369224
30
0
0
VERTEX
8
0
10
20.5333333333333
20
88.4572642664184
30
0
0
VERTEX
8
0
10
21.1555555555556
20
89.8837377369518
30
0
0
VERTEX
8
0
10
21.7777777777778
20
91.3053191627985
30
0
0
VERTEX
8
0
10
22.4
20
92.7222489809471
30
0
0
VERTEX
8
0
10
23.0222222222222
20
94.2650473704668
30
0
0
VERTEX
8
0
10
23.6444444444445
20
95.8039656562539
30
0
0
VERTEX
8
0
10
24.2666666666667
20
97.3391776631637
30
0
0
VERTEX
8
0
10
24.8888888888889
20
98.8708449495436
30
0
0
VERTEX
8
0
10
25.5111111111111
20
100.224516351628
30
0
0
VERTEX
8
0
10
26.1333333333333
20
101.574532279772
30
0
0
VERTEX
8
0
10
26.7555555555556
20
102.921041892
30
0
0
VERTEX
8
0
10
27.3777777777778
20
104.264184462171
30
0
0
VERTEX
8
0
10
28
20
105.691774300291
30
0
0
VERTEX
8
0
10
28.6222222222222
20
107.116426842177
30
0
0
VERTEX
8
0
10
29.2444444444444
20
108.538248581812
30
0
0
VERTEX
8
0
10
29.8666666666667
20
109.957339313934
30
0
0
VERTEX
8
0
10
30.4888888888889
20
111.417805117111
30
0
0
VERTEX
8
0
10
31.1111111111111
20
112.875800770043
30
0
0
VERTEX
8
0
10
31.7333333333333
20
114.331405565357
30
0
0
VERTEX
8
0
10
32.3555555555555
20
115.784693975984
30
0
0
VERTEX
8
0
10
32.9777777777778
20
116.794083158906
30
0
0
VERTEX
8
0
10
33.6
20
117.800576191033
30
0
0
VERTEX
8
0
10
34.2222222222222
20
118.80426169898
30
0
0
VERTEX
8
0
10
34.8444444444444
20
119.805223289785
30
0
0
VERTEX
8
0
10
35.4666666666666
20
120.183295518706
30
0
0
VERTEX
8
0
10
36.0888888888889
20
120.557890009651
30
0
0
VERTEX
8
0
10
36.7111111111111
20
120.92910950494
30
0
0
VERTEX
8
0
10
37.3333333333333
20
121.297051454272
30
0
0
VERTEX
8
0
10
37.9555555555555
20
121.661808373342
30
0
0
VERTEX
8
0
10
38.5777777777777
20
122.02346817667
30
0
0
VERTEX
8
0
10
39.2
20
122.382114487004
30
0
0
VERTEX
8
0
10
39.8222222222222
20
122.737826923441
30
0
0
VERTEX
8
0
10
40.4444444444444
20
122.823427610065
30
0
0
VERTEX
8
0
10
41.0666666666666
20
122.905919546606
30
0
0
VERTEX
8
0
10
41.6888888888888
20
122.985382525458
30
0
0
VERTEX
8
0
10
42.3111111111111
20
123.061892894842
30
0
0
VERTEX
8
0
10
42.9333333333333
20
123.135523789523
30
0
0
VERTEX
8
0
10
43.5555555555555
20
123.206345346719
30
0
0
VERTEX
8
0
10
44.1777777777777
20
123.274424908315
30
0
0
VERTEX
8
0
10
44.7999999999999
20
123.339827210421
30
0
0
VERTEX
8
0
10
45.4222222222222
20
123.268388276665
30
0
0
VERTEX
8
0
10
46.0444444444444
20
123.194258580431
30
0
0
VERTEX
8
0
10
46.6666666666666
20
123.117500317172
30
0
0
VERTEX
8
0
10
47.2888888888888
20
123.038173577706
30
0
0
VERTEX
8
0
10
47.911111111111
20
122.956336492793
30
0
0
VERTEX
8
0
10
48.5333333333333
20
122.872045368712
30
0
0
VERTEX
8
0
10
49.1555555555555
20
122.785354814384
30
0
0
VERTEX
8
0
10
49.7777777777777
20
122.696317860558
30
0
0
VERTEX
8
0
10
50.3999999999999
20
122.560075402673
30
0
0
VERTEX
8
0
10
51.0222222222221
20
122.4215499404
30
0
0
VERTEX
8
0
10
51.6444444444444
20
122.280791564437
30
0
0
VERTEX
8
0
10
52.2666666666666
20
122.137849153856
30
0
0
VERTEX
8
0
10
52.8888888888888
20
122.127725903719
30
0
0
VERTEX
8
0
10
53.511111111111
20
122.115619331098
30
0
0
VERTEX
8
0
10
54.1333333333332
20
122.101572066211
30
0
0
VERTEX
8
0
10
54.7555555555555
20
122.085625951474
30
0
0
VERTEX
8
0
10
55.3777777777777
20
121.977714220229
30
0
0
VERTEX
8
0
10
55.9999999999999
20
121.867919687543
30
0
0
VERTEX
8
0
10
56.6222222222221
20
121.75628405121
30
0
0
VERTEX
8
0
10
57.2444444444443
20
121.64284837824
30
0
0
VERTEX
8
0
10
57.8666666666666
20
121.753241383891
30
0
0
VERTEX
8
0
10
58.4888888888888
20
121.862066757973
30
0
0
VERTEX
8
0
10
59.111111111111
20
121.969359841639
30
0
0
VERTEX
8
0
10
59.7333333333332
20
122.075155689842
30
0
0
VERTEX
8
0
10
60.3555555555554
20
122.179489104535
30
0
0
VERTEX
8
0
10
60.9777777777777
20
122.282394664959
30
0
0
VERTEX
8
0
10
61.5999999999999
20
122.383906755104
30
0
0
VERTEX
8
0
10
62.2222222222221
20
122.484059588488
30
0
0
VERTEX
8
0
10
62.8444444444443
20
122.673351357184
30
0
0
VERTEX
8
0
10
63.4666666666665
20
122.861404898908
30
0
0
VERTEX
8
0
10
64.0888888888888
20
123.048252823414
30
0
0
VERTEX
8
0
10
64.711111111111
20
123.233927715865
30
0
0
VERTEX
8
0
10
65.3333333333332
20
123.41846214988
30
0
0
VERTEX
8
0
10
65.9555555555554
20
123.601888698426
30
0
0
VERTEX
8
0
10
66.5777777777776
20
123.784239942629
30
0
0
VERTEX
8
0
10
67.1999999999999
20
123.965548478552
30
0
0
VERTEX
8
0
10
67.8222222222221
20
123.919182157343
30
0
0
VERTEX
8
0
10
68.4444444444443
20
123.87171948243
30
0
0
VERTEX
8
0
10
69.0666666666665
20
123.82319506113
30
0
0
VERTEX
8
0
10
69.6888888888887
20
123.773643338067
30
0
0
VERTEX
8
0
10
70.311111111111
20
123.632339048224
30
0
0
VERTEX
8
0
10
70.9333333333332
20
123.490030134617
30
0
0
VERTEX
8
0
10
71.5555555555554
20
123.346751081198
30
0
0
VERTEX
8
0
10
72.1777777777776
20
123.202536110638
30
0
0
VERTEX
8
0
10
72.7999999999998
20
123.057419174263
30
0
0
VERTEX
8
0
10
73.4222222222221
20
122.911433940501
30
0
0
VERTEX
8
0
10
74.0444444444443
20
122.764613781888
30
0
0
VERTEX
8
0
10
74.6666666666665
20
122.616991760649
30
0
0
VERTEX
8
0
10
75.2888888888887
20
122.468600612882
30
0
0
VERTEX
8
0
10
75.9111111111109
20
122.319472731361
30
0
0
VERTEX
8
0
10
76.5333333333332
20
122.169640146981
30
0
0
VERTEX
8
0
10
77.1555555555554
20
122.019134508856
30
0
0
VERTEX
8
0
10
77.7777777777776
20
121.822474207322
30
0
0
VERTEX
8
0
10
78.3999999999998
20
121.625181047816
30
0
0
VERTEX
8
0
10
79.022222222222
20
121.427285343464
30
0
0
VERTEX
8
0
10
79.6444444444443
20
121.228816896607
30
0
0
VERTEX
8
0
10
80.2666666666665
20
120.984248223414
30
0
0
VERTEX
8
0
10
80.8888888888887
20
120.739142641648
30
0
0
VERTEX
8
0
10
81.5111111111109
20
120.493528095599
30
0
0
VERTEX
8
0
10
82.1333333333331
20
120.247431872976
30
0
0
VERTEX
8
0
10
82.7555555555554
20
120.092083332907
30
0
0
VERTEX
8
0
10
83.3777777777776
20
119.936350949078
30
0
0
VERTEX
8
0
10
83.9999999999998
20
119.780260385263
30
0
0
VERTEX
8
0
10
84.622222222222
20
119.623836585785
30
0
0
VERTEX
8
0
10
85.2444444444442
20
119.37580915969
30
0
0
VERTEX
8
0
10
85.8666666666665
20
119.127449131382
30
0
0
VERTEX
8
0
10
86.4888888888887
20
118.878778351739
30
0
0
VERTEX
8
0
10
87.1111111111109
20
118.629817744868
30
0
0
VERTEX
8
0
10
87.7333333333331
20
118.471977237132
30
0
0
VERTEX
8
0
10
88.3555555555553
20
118.313934840232
30
0
0
VERTEX
8
0
10
88.9777777777776
20
118.155709344112
30
0
0
VERTEX
8
0
10
89.5999999999998
20
117.997318505584
30
0
0
VERTEX
8
0
10
90.222222222222
20
117.884523906043
30
0
0
VERTEX
8
0
10
90.8444444444442
20
117.77162194902
30
0
0
VERTEX
8
0
10
91.4666666666664
20
117.658627533754
30
0
0
VERTEX
8
0
10
92.0888888888887
20
117.545554370198
30
0
0
VERTEX
8
0
10
92.7111111111109
20
117.524009742076
30
0
0
VERTEX
8
0
10
93.3333333333331
20
117.502464287923
30
0
0
VERTEX
8
0
10
93.9555555555553
20
117.480928965024
30
0
0
VERTEX
8
0
10
94.5777777777775
20
117.459413378976
30
0
0
VERTEX
8
0
10
95.1999999999998
20
117.437925734062
30
0
0
VERTEX
8
0
10
95.822222222222
20
117.416472784313
30
0
0
VERTEX
8
0
10
96.4444444444442
20
117.395059785499
30
0
0
VERTEX
8
0
10
97.0666666666664
20
117.373690448342
30
0
0
VERTEX
8
0
10
97.6888888888886
20
117.444189103283
30
0
0
VERTEX
8
0
10
98.3111111111109
20
117.514794258237
30
0
0
VERTEX
8
0
10
98.9333333333331
20
117.585505843352
30
0
0
VERTEX
8
0
10
99.5555555555553
20
117.65632205792
30
0
0
VERTEX
8
0
10
100.177777777778
20
117.635294436854
30
0
0
VERTEX
8
0
10
100.8
20
117.614299332657
30
0
0
VERTEX
8
0
10
101.422222222222
20
117.593328467111
30
0
0
VERTEX
8
0
10
102.044444444444
20
117.572371720476
30
0
0
VERTEX
8
0
10
102.666666666666
20
117.45934387181
30
0
0
VERTEX
8
0
10
103.288888888889
20
117.346238497716
30
0
0
VERTEX
8
0
10
103.911111111111
20
117.233038951773
30
0
0
VERTEX
8
0
10
104.533333333333
20
117.119726757629
30
0
0
VERTEX
8
0
10
105.155555555555
20
117.09848819825
30
0
0
VERTEX
8
0
10
105.777777777778
20
117.077162592736
30
0
0
VERTEX
8
0
10
106.4
20
117.055726740655
30
0
0
VERTEX
8
0
10
107.022222222222
20
117.034155602157
30
0
0
VERTEX
8
0
10
107.644444444444
20
116.920078460244
30
0
0
VERTEX
8
0
10
108.266666666667
20
116.805741001402
30
0
0
VERTEX
8
0
10
108.888888888889
20
116.691112477354
30
0
0
VERTEX
8
0
10
109.511111111111
20
116.57616057719
30
0
0
VERTEX
8
0
10
110.133333333333
20
116.507093338127
30
0
0
VERTEX
8
0
10
110.755555555555
20
116.437668849047
30
0
0
VERTEX
8
0
10
111.377777777778
20
116.367850591104
30
0
0
VERTEX
8
0
10
112
20
116.297600749574
30
0
0
VERTEX
8
0
10
112.622222222222
20
116.180568188669
30
0
0
VERTEX
8
0
10
113.244444444444
20
116.062989917612
30
0
0
VERTEX
8
0
10
113.866666666667
20
115.944825051426
30
0
0
VERTEX
8
0
10
114.488888888889
20
115.826031938025
30
0
0
VERTEX
8
0
10
115.111111111111
20
115.660186538892
30
0
0
VERTEX
8
0
10
115.733333333333
20
115.493593496746
30
0
0
VERTEX
8
0
10
116.355555555556
20
115.326210100275
30
0
0
VERTEX
8
0
10
116.977777777778
20
115.15799353506
30
0
0
VERTEX
8
0
10
117.6
20
114.98890104681
30
0
0
VERTEX
8
0
10
118.222222222222
20
114.818890109037
30
0
0
VERTEX
8
0
10
118.844444444444
20
114.647918594522
30
0
0
VERTEX
8
0
10
119.466666666667
20
114.475944949593
30
0
0
VERTEX
8
0
10
120.088888888889
20
114.349442777874
30
0
0
VERTEX
8
0
10
120.711111111111
20
114.221888986311
30
0
0
VERTEX
8
0
10
121.333333333333
20
114.093243960077
30
0
0
VERTEX
8
0
10
121.955555555556
20
113.96346929404
30
0
0
VERTEX
8
0
10
122.577777777778
20
113.739377900111
30
0
0
VERTEX
8
0
10
123.2
20
113.514026916244
30
0
0
VERTEX
8
0
10
123.822222222222
20
113.287384704265
30
0
0
VERTEX
8
0
10
124.444444444445
20
113.059421643636
30
0
0
VERTEX
8
0
10
125.066666666667
20
112.970001345251
30
0
0
VERTEX
8
0
10
125.688888888889
20
112.879284913119
30
0
0
VERTEX
8
0
10
126.311111111111
20
112.787246005531
30
0
0
VERTEX
8
0
10
126.933333333333
20
112.693860707618
30
0
0
VERTEX
8
0
10
127.555555555556
20
112.645787072877
30
0
0
VERTEX
8
0
10
128.177777777778
20
112.596349393126
30
0
0
VERTEX
8
0
10
128.8
20
112.545530421586
30
0
0
VERTEX
8
0
10
129.422222222222
20
112.493315755208
30
0
0
VERTEX
8
0
10
130.044444444445
20
112.346250956473
30
0
0
VERTEX
8
0
10
130.666666666667
20
112.197733057893
30
0
0
VERTEX
8
0
10
131.288888888889
20
112.047759478412
30
0
0
VERTEX
8
0
10
131.911111111111
20
111.896330769333
30
0
0
VERTEX
8
0
10
132.533333333334
20
111.836962870028
30
0
0
VERTEX
8
0
10
133.155555555556
20
111.776180301563
30
0
0
VERTEX
8
0
10
133.777777777778
20
111.713990227456
30
0
0
VERTEX
8
0
10
134.4
20
111.650402950063
30
0
0
VERTEX
8
0
10
135.022222222222
20
111.585431883791
30
0
0
VERTEX
8
0
10
135.644444444445
20
111.519093513881
30
0
0
VERTEX
8
0
10
136.266666666667
20
111.451407341659
30
0
0
VERTEX
8
0
10
136.888888888889
20
111.382395816228
30
0
0
VERTEX
8
0
10
137.511111111111
20
111.312084253661
30
0
0
VERTEX
8
0
10
138.133333333334
20
111.240500743745
30
0
0
VERTEX
8
0
10
138.755555555556
20
111.167676045717
30
0
0
VERTEX
8
0
10
139.377777777778
20
111.09364347313
30
0
0
VERTEX
8
0
10
140
20
111.018438769119
30
0
0
VERTEX
8
0
10
140.622222222223
20
110.942099972689
30
0
0
VERTEX
8
0
10
141.244444444445
20
110.864667277238
30
0
0
VERTEX
8
0
10
141.866666666667
20
110.78618288179
30
0
0
VERTEX
8
0
10
142.488888888889
20
110.706690836582
30
0
0
VERTEX
8
0
10
143.111111111111
20
110.626236883125
30
0
0
VERTEX
8
0
10
143.733333333334
20
110.544868290527
30
0
0
VERTEX
8
0
10
144.355555555556
20
110.462633688243
30
0
0
VERTEX
8
0
10
144.977777777778
20
110.37958289678
30
0
0
VERTEX
8
0
10
145.6
20
110.295766756956
30
0
0
VERTEX
8
0
10
146.222222222223
20
110.211236958269
30
0
0
VERTEX
8
0
10
146.844444444445
20
110.126045867805
30
0
0
VERTEX
8
0
10
147.466666666667
20
110.040246359812
30
0
0
VERTEX
8
0
10
148.088888888889
20
109.95389164681
30
0
0
VERTEX
8
0
10
148.711111111112
20
109.867035113042
30
0
0
VERTEX
8
0
10
149.333333333334
20
109.779730150577
30
0
0
VERTEX
8
0
10
149.955555555556
20
109.785668143679
30
0
0
VERTEX
8
0
10
150.577777777778
20
109.791259089648
30
0
0
VERTEX
8
0
10
151.2
20
109.7965552398
30
0
0
VERTEX
8
0
10
151.822222222223
20
109.801608405527
30
0
0
VERTEX
8
0
10
152.444444444445
20
109.712841495655
30
0
0
VERTEX
8
0
10
153.066666666667
20
109.623938165686
30
0
0
VERTEX
8
0
10
153.688888888889
20
109.534947749276
30
0
0
VERTEX
8
0
10
154.311111111112
20
109.445918414546
30
0
0
VERTEX
8
0
10
154.933333333334
20
109.450516408446
30
0
0
VERTEX
8
0
10
155.555555555556
20
109.455164235945
30
0
0
VERTEX
8
0
10
156.177777777778
20
109.459906590985
30
0
0
VERTEX
8
0
10
156.800000000001
20
109.464786670578
30
0
0
VERTEX
8
0
10
157.422222222223
20
109.376232213746
30
0
0
VERTEX
8
0
10
158.044444444445
20
109.287898082852
30
0
0
VERTEX
8
0
10
158.666666666667
20
109.199821152841
30
0
0
VERTEX
8
0
10
159.288888888889
20
109.112036248538
30
0
0
VERTEX
8
0
10
159.911111111112
20
109.118190042233
30
0
0
VERTEX
8
0
10
160.533333333334
20
109.124701293657
30
0
0
VERTEX
8
0
10
161.155555555556
20
109.131599634015
30
0
0
VERTEX
8
0
10
161.777777777778
20
109.138912391913
30
0
0
VERTEX
8
0
10
162.400000000001
20
109.146664506326
30
0
0
VERTEX
8
0
10
163.022222222223
20
109.154878441842
30
0
0
VERTEX
8
0
10
163.644444444445
20
109.163574107686
30
0
0
VERTEX
8
0
10
164.266666666667
20
109.172768778505
30
0
0
VERTEX
8
0
10
164.88888888889
20
109.182477018662
30
0
0
VERTEX
8
0
10
165.511111111112
20
109.192710609202
30
0
0
VERTEX
8
0
10
166.133333333334
20
109.203478478056
30
0
0
VERTEX
8
0
10
166.755555555556
20
109.21478663291
30
0
0
VERTEX
8
0
10
167.377777777778
20
109.226638098961
30
0
0
VERTEX
8
0
10
168.000000000001
20
109.239032859013
30
0
0
VERTEX
8
0
10
168.622222222223
20
109.251967799115
30
0
0
VERTEX
8
0
10
169.244444444445
20
109.265436658117
30
0
0
VERTEX
8
0
10
169.866666666667
20
109.185729570734
30
0
0
VERTEX
8
0
10
170.48888888889
20
109.106513240136
30
0
0
VERTEX
8
0
10
171.111111111112
20
109.027769996891
30
0
0
VERTEX
8
0
10
171.733333333334
20
108.949478953215
30
0
0
VERTEX
8
0
10
172.355555555556
20
108.965361843497
30
0
0
VERTEX
8
0
10
172.977777777779
20
108.981670899079
30
0
0
VERTEX
8
0
10
173.600000000001
20
108.998377069453
30
0
0
VERTEX
8
0
10
174.222222222223
20
109.015448022191
30
0
0
VERTEX
8
0
10
174.844444444445
20
109.032848169967
30
0
0
VERTEX
8
0
10
175.466666666667
20
109.050538709889
30
0
0
VERTEX
8
0
10
176.08888888889
20
109.068477678426
30
0
0
VERTEX
8
0
10
176.711111111112
20
109.086620021397
30
0
0
VERTEX
8
0
10
177.333333333334
20
109.01105837346
30
0
0
VERTEX
8
0
10
177.955555555556
20
108.935569778999
30
0
0
VERTEX
8
0
10
178.577777777779
20
108.860099952115
30
0
0
VERTEX
8
0
10
179.200000000001
20
108.784592173295
30
0
0
VERTEX
8
0
10
179.822222222223
20
108.802910296598
30
0
0
VERTEX
8
0
10
180.444444444445
20
108.821102632196
30
0
0
VERTEX
8
0
10
181.066666666668
20
108.839106229284
30
0
0
VERTEX
8
0
10
181.68888888889
20
108.856856309768
30
0
0
VERTEX
8
0
10
182.311111111112
20
108.874286525139
30
0
0
VERTEX
8
0
10
182.933333333334
20
108.891329236925
30
0
0
VERTEX
8
0
10
183.555555555556
20
108.90791582151
30
0
0
VERTEX
8
0
10
184.177777777779
20
108.923976998765
30
0
0
VERTEX
8
0
10
184.800000000001
20
108.939443184054
30
0
0
VERTEX
8
0
10
185.422222222223
20
108.954244862088
30
0
0
VERTEX
8
0
10
186.044444444445
20
108.968312983036
30
0
0
VERTEX
8
0
10
186.666666666668
20
108.981579378249
30
0
0
VERTEX
8
0
10
187.28888888889
20
108.993977194444
30
0
0
VERTEX
8
0
10
187.911111111112
20
109.005441343644
30
0
0
VERTEX
8
0
10
188.533333333334
20
109.015908966958
30
0
0
VERTEX
8
0
10
189.155555555557
20
109.025319909841
30
0
0
VERTEX
8
0
10
189.777777777779
20
109.033617204229
30
0
0
VERTEX
8
0
10
190.400000000001
20
109.040747556132
30
0
0
VERTEX
8
0
10
191.022222222223
20
109.046661833745
30
0
0
VERTEX
8
0
10
191.644444444445
20
109.051315552036
30
0
0
VERTEX
8
0
10
192.266666666668
20
109.054669350891
30
0
0
VERTEX
8
0
10
192.88888888889
20
109.056689461901
30
0
0
VERTEX
8
0
10
193.511111111112
20
109.057348158085
30
0
0
VERTEX
8
0
10
194.133333333334
20
109.056624186262
30
0
0
VERTEX
8
0
10
194.755555555557
20
109.054503171952
30
0
0
VERTEX
8
0
10
195.377777777779
20
109.050977997669
30
0
0
VERTEX
8
0
10
196.000000000001
20
109.046049147429
30
0
0
VERTEX
8
0
10
196.622222222223
20
109.039725015342
30
0
0
VERTEX
8
0
10
197.244444444446
20
109.032022172096
30
0
0
VERTEX
8
0
10
197.866666666668
20
109.022965589409
30
0
0
VERTEX
8
0
10
198.48888888889
20
109.01258881686
30
0
0
VERTEX
8
0
10
199.111111111112
20
109.000934109266
30
0
0
VERTEX
8
0
10
199.733333333334
20
108.988052503077
30
0
0
VERTEX
8
0
10
200.355555555557
20
108.974003837909
30
0
0
VERTEX
8
0
10
200.977777777779
20
108.958856726632
30
0
0
VERTEX
8
0
10
201.600000000001
20
108.942688465655
30
0
0
VERTEX
8
0
10
202.222222222223
20
108.92558489398
30
0
0
VERTEX
8
0
10
202.844444444446
20
108.907640193153
30
0
0
VERTEX
8
0
10
203.466666666668
20
108.888956633216
30
0
0
VERTEX
8
0
10
204.08888888889
20
108.869644261914
30
0
0
VERTEX
8
0
10
204.711111111112
20
108.849820543444
30
0
0
VERTEX
8
0
10
205.333333333335
20
108.82960993812
30
0
0
VERTEX
8
0
10
205.955555555557
20
108.809143432641
30
0
0
VERTEX
8
0
10
206.577777777779
20
108.788558016534
30
0
0
VERTEX
8
0
10
207.200000000001
20
108.767996107358
30
0
0
VERTEX
8
0
10
207.822222222224
20
108.74760492058
30
0
0
VERTEX
8
0
10
208.444444444446
20
108.727535787268
30
0
0
VERTEX
8
0
10
209.066666666668
20
108.70794341512
30
0
0
VERTEX
8
0
10
209.68888888889
20
108.782973679007
30
0
0
VERTEX
8
0
10
210.311111111112
20
108.858778293355
30
0
0
VERTEX
8
0
10
210.933333333335
20
108.935519847901
30
0
0
VERTEX
8
0
10
211.555555555557
20
109.013361261983
30
0
0
VERTEX
8
0
10
212.177777777779
20
108.998507344724
30
0
0
VERTEX
8
0
10
212.800000000001
20
108.985085201365
30
0
0
VERTEX
8
0
10
213.422222222224
20
108.973247290128
30
0
0
VERTEX
8
0
10
214.044444444446
20
108.963140806836
30
0
0
VERTEX
8
0
10
214.666666666668
20
108.954906098984
30
0
0
VERTEX
8
0
10
215.28888888889
20
108.948674905242
30
0
0
VERTEX
8
0
10
215.911111111112
20
108.94456840139
30
0
0
VERTEX
8
0
10
216.533333333335
20
108.942695015667
30
0
0
VERTEX
8
0
10
217.155555555557
20
108.943147982512
30
0
0
VERTEX
8
0
10
217.777777777779
20
108.946002603853
30
0
0
VERTEX
8
0
10
218.400000000001
20
108.951313169376
30
0
0
VERTEX
8
0
10
219.022222222224
20
108.959109496968
30
0
0
VERTEX
8
0
10
219.644444444446
20
109.063413710743
30
0
0
VERTEX
8
0
10
220.266666666668
20
109.170212013475
30
0
0
VERTEX
8
0
10
220.88888888889
20
109.279442083742
30
0
0
VERTEX
8
0
10
221.511111111113
20
109.390998200766
30
0
0
VERTEX
8
0
10
222.133333333335
20
109.410615567725
30
0
0
VERTEX
8
0
10
222.755555555557
20
109.432137783319
30
0
0
VERTEX
8
0
10
223.377777777779
20
109.455284290196
30
0
0
VERTEX
8
0
10
224.000000000002
20
109.479703332537
30
0
0
VERTEX
8
0
10
224.622222222224
20
109.504963374341
30
0
0
VERTEX
8
0
10
225.244444444446
20
109.530543988525
30
0
0
VERTEX
8
0
10
225.866666666668
20
109.555826332665
30
0
0
VERTEX
8
0
10
226.48888888889
20
109.580083406314
30
0
0
VERTEX
8
0
10
227.111111111113
20
109.602470355149
30
0
0
VERTEX
8
0
10
227.733333333335
20
109.622015195071
30
0
0
VERTEX
8
0
10
228.355555555557
20
109.637610437724
30
0
0
VERTEX
8
0
10
228.977777777779
20
109.648006234176
30
0
0
VERTEX
8
0
10
229.600000000002
20
109.651805799938
30
0
0
VERTEX
8
0
10
230.222222222224
20
109.647464032153
30
0
0
VERTEX
8
0
10
230.844444444446
20
109.633290365944
30
0
0
VERTEX
8
0
10
231.466666666668
20
109.607457057603
30
0
0
VERTEX
8
0
10
232.088888888891
20
109.662406516461
30
0
0
VERTEX
8
0
10
232.711111111113
20
109.70162220069
30
0
0
VERTEX
8
0
10
233.333333333335
20
109.722941636172
30
0
0
VERTEX
8
0
10
233.955555555557
20
109.724169374303
30
0
0
VERTEX
8
0
10
234.577777777779
20
109.608985425545
30
0
0
VERTEX
8
0
10
235.200000000002
20
109.46965885598
30
0
0
VERTEX
8
0
10
235.822222222224
20
109.304318305647
30
0
0
VERTEX
8
0
10
236.444444444446
20
109.111334130015
30
0
0
SEQEND
8
0
0
POLYLINE
8
0
62
2
70
0
10
0
20
0
30
0
0
VERTEX
8
0
10
7.46666666666667
20
0
30
0
0
VERTEX
8
0
10
8.08888888888889
20
0
30
0
0
VERTEX
8
0
10
8.71111111111111
20
0
30
0
0
VERTEX
8
0
10
9.33333333333334
20
0
30
0
0
VERTEX
8
0
10
9.95555555555556
20
0
30
0
0
VERTEX
8
0
10
10.5777777777778
20
0
30
0
0
VERTEX
8
0
10
11.2
20
0
30
0
0
VERTEX
8
0
10
11.8222222222222
20
0
30
0
0
VERTEX
8
0
10
12.4444444444444
20
0
30
0
0
VERTEX
8
0
10
13.0666666666667
20
0
30
0
0
VERTEX
8
0
10
13.6888888888889
20
0
30
0
0
VERTEX
8
0
10
14.3111111111111
20
0
30
0
0
VERTEX
8
0
10
14.9333333333333
20
0
30
0
0
VERTEX
8
0
10
15.5555555555556
20
0
30
0
0
VERTEX
8
0
10
16.1777777777778
20
0
30
0
0
VERTEX
8
0
10
16.8
20
0
30
0
0
VERTEX
8
0
10
17.4222222222222
20
0
30
0
0
VERTEX
8
0
10
18.0444444444445
20
0
30
0
0
VERTEX
8
0
10
18.6666666666667
20
0
30
0
0
VERTEX
8
0
10
19.2888888888889
20
0
30
0
0
VERTEX
8
0
10
19.9111111111111
20
0
30
0
0
VERTEX
8
0
10
20.5333333333333
20
0
30
0
0
VERTEX
8
0
10
21.1555555555556
20
0
30
0
0
VERTEX
8
0
10
21.7777777777778
20
0
30
0
0
VERTEX
8
0
10
22.4
20
0
30
0
0
VERTEX
8
0
10
23.0222222222222
20
0
30
0
0
VERTEX
8
0
10
23.6444444444445
20
0
30
0
0
VERTEX
8
0
10
24.2666666666667
20
0
30
0
0
VERTEX
8
0
10
24.8888888888889
20
0
30
0
0
VERTEX
8
0
10
25.5111111111111
20
0
30
0
0
VERTEX
8
0
10
26.1333333333333
20
0
30
0
0
VERTEX
8
0
10
26.7555555555556
20
0
30
0
0
VERTEX
8
0
10
27.3777777777778
20
0
30
0
0
VERTEX
8
0
10
28
20
0
30
0
0
VERTEX
8
0
10
28.6222222222222
20
0
30
0
0
VERTEX
8
0
10
29.2444444444444
20
0
30
0
0
VERTEX
8
0
10
29.8666666666667
20
0
30
0
0
VERTEX
8
0
10
30.4888888888889
20
0
30
0
0
VERTEX
8
0
10
31.1111111111111
20
0
30
0
0
VERTEX
8
0
10
31.7333333333333
20
0
30
0
0
VERTEX
8
0
10
32.3555555555555
20
2.64771490357164
30
0
0
VERTEX
8
0
10
32.9777777777778
20
4.14679742728839
30
0
0
VERTEX
8
0
10
33.6
20
5.23234435373304
30
0
0
VERTEX
8
0
10
34.2222222222222
20
6.12652236139564
30
0
0
VERTEX
8
0
10
34.8444444444444
20
6.90272164762507
30
0
0
VERTEX
8
0
10
35.4666666666666
20
7.59605691991063
30
0
0
VERTEX
8
0
10
36.0888888888889
20
8.22655922851761
30
0
0
VERTEX
8
0
10
36.7111111111111
20
8.80694368795548
30
0
0
VERTEX
8
0
10
37.3333333333333
20
9.34589415264737
30
0
0
VERTEX
8
0
10
37.9555555555555
20
9.84967038934727
30
0
0
VERTEX
8
0
10
38.5777777777777
20
10.3229783631311
30
0
0
VERTEX
8
0
10
39.2
20
10.7694781890203
30
0
0
VERTEX
8
0
10
39.8222222222222
20
11.1920982512973
30
0
0
VERTEX
8
0
10
40.4444444444444
20
11.5932385920538
30
0
0
VERTEX
8
0
10
41.0666666666666
20
11.9749076155439
30
0
0
VERTEX
8
0
10
41.6888888888888
20
12.3388168538409
30
0
0
VERTEX
8
0
10
42.3111111111111
20
12.6864483808965
30
0
0
VERTEX
8
0
10
42.9333333333333
20
13.0191038289774
30
0
0
VERTEX
8
0
10
43.5555555555555
20
13.3379406969419
30
0
0
VERTEX
8
0
10
44.1777777777777
20
13.6439996751827
30
0
0
VERTEX
8
0
10
44.7999999999999
20
13.938225490405
30
0
0
VERTEX
8
0
10
45.4222222222222
20
14.2214829916994
30
0
0
VERTEX
8
0
10
46.0444444444444
20
14.4945696863809
30
0
0
VERTEX
8
0
10
46.6666666666666
20
14.7582255897684
30
0
0
VERTEX
8
0
10
47.2888888888888
20
15.0131410173241
30
0
0
VERTEX
8
0
10
47.911111111111
20
15.2599627831834
30
0
0
VERTEX
8
0
10
48.5333333333333
20
15.4992991525906
30
0
0
VERTEX
8
0
10
49.1555555555555
20
15.7317238119326
30
0
0
VERTEX
8
0
10
49.7777777777777
20
15.9577790589229
30
0
0
VERTEX
8
0
10
50.3999999999999
20
16.1779783703338
30
0
0
VERTEX
8
0
10
51.0222222222221
20
16.3928084709165
30
0
0
VERTEX
8
0
10
51.6444444444444
20
16.6027310016518
30
0
0
VERTEX
8
0
10
52.2666666666666
20
16.8081838659728
30
0
0
VERTEX
8
0
10
52.8888888888888
20
17.0095823175706
30
0
0
VERTEX
8
0
10
53.511111111111
20
17.2073198416581
30
0
0
VERTEX
8
0
10
54.1333333333332
20
17.4017688723219
30
0
0
VERTEX
8
0
10
54.7555555555555
20
17.5932813812236
30
0
0
VERTEX
8
0
10
55.3777777777777
20
17.7821893669863
30
0
0
VERTEX
8
0
10
55.9999999999999
20
17.968805269765
30
0
0
VERTEX
8
0
10
56.6222222222221
20
18.153422331511
30
0
0
VERTEX
8
0
10
57.2444444444443
20
18.3363149191303
30
0
0
VERTEX
8
0
10
57.8666666666666
20
18.5177388249073
30
0
0
VERTEX
8
0
10
58.4888888888888
20
18.6979315561917
30
0
0
VERTEX
8
0
10
59.111111111111
20
18.8771126242522
30
0
0
VERTEX
8
0
10
59.7333333333332
20
19.0554838404184
30
0
0
VERTEX
8
0
10
60.3555555555554
20
19.2332296260222
30
0
0
VERTEX
8
0
10
60.9777777777777
20
19.4105173412679
30
0
0
VERTEX
8
0
10
61.5999999999999
20
19.5874976369027
30
0
0
VERTEX
8
0
10
62.2222222222221
20
19.7643048314541
30
0
0
VERTEX
8
0
10
62.8444444444443
20
19.94105731582
30
0
0
VERTEX
8
0
10
63.4666666666665
20
20.117857986123
30
0
0
VERTEX
8
0
10
64.0888888888888
20
20.2947947049682
30
0
0
VERTEX
8
0
10
64.711111111111
20
20.4719407905898
30
0
0
VERTEX
8
0
10
65.3333333333332
20
20.6493555327721
30
0
0
VERTEX
8
0
10
65.9555555555554
20
20.8270847339596
30
0
0
VERTEX
8
0
10
66.5777777777776
20
21.0051612735504
30
0
0
VERTEX
8
0
10
67.1999999999999
20
21.1836056930478
30
0
0
VERTEX
8
0
10
67.8222222222221
20
21.3624267994802
30
0
0
VERTEX
8
0
10
68.4444444444443
20
21.5416222843194
30
0
0
VERTEX
8
0
10
69.0666666666665
20
21.7211793550014
30
0
0
VERTEX
8
0
10
69.6888888888887
20
21.9010753760881
30
0
0
VERTEX
8
0
10
70.311111111111
20
22.0812785170909
30
0
0
VERTEX
8
0
10
70.9333333333332
20
22.2617484040235
30
0
0
VERTEX
8
0
10
71.5555555555554
20
22.442436771808
30
0
0
VERTEX
8
0
10
72.1777777777776
20
22.6232881147745
30
0
0
VERTEX
8
0
10
72.7999999999998
20
22.8042403326337
30
0
0
VERTEX
8
0
10
73.4222222222221
20
22.9852253694594
30
0
0
VERTEX
8
0
10
74.0444444444443
20
23.166169843387
30
0
0
VERTEX
8
0
10
74.6666666666665
20
23.3469956649411
30
0
0
VERTEX
8
0
10
75.2888888888887
20
23.5276206420911
30
0
0
VERTEX
8
0
10
75.9111111111109
20
23.7079590703371
30
0
0
VERTEX
8
0
10
76.5333333333332
20
23.8879223063425
30
0
0
VERTEX
8
0
10
77.1555555555554
20
24.0674193238083
30
0
0
VERTEX
8
0
10
77.7777777777776
20
24.246357250513
30
0
0
VERTEX
8
0
10
78.3999999999998
20
24.4246418855856
30
0
0
VERTEX
8
0
10
79.022222222222
20
24.6021781963006
30
0
0
VERTEX
8
0
10
79.6444444444443
20
24.7788707938106
30
0
0
VERTEX
8
0
10
80.2666666666665
20
24.9546243874232
30
0
0
VERTEX
8
0
10
80.8888888888887
20
25.1293442171287
30
0
0
VERTEX
8
0
10
81.5111111111109
20
25.3029364642723
30
0
0
VERTEX
8
0
10
82.1333333333331
20
25.4753086403026
30
0
0
VERTEX
8
0
10
82.7555555555554
20
25.6463699536983
30
0
0
VERTEX
8
0
10
83.3777777777776
20
25.8160316552467
30
0
0
VERTEX
8
0
10
83.9999999999998
20
25.9842073618765
30
0
0
VERTEX
8
0
10
84.622222222222
20
26.1508133594023
30
0
0
VERTEX
8
0
10
85.2444444444442
20
26.3157688844931
30
0
0
VERTEX
8
0
10
85.8666666666665
20
26.478996386311
30
0
0
VERTEX
8
0
10
86.4888888888887
20
26.6404217682455
30
0
0
VERTEX
8
0
10
87.1111111111109
20
26.7999746101788
30
0
0
VERTEX
8
0
10
87.7333333333331
20
26.9575883718318
30
0
0
VERTEX
8
0
10
88.3555555555553
20
27.1132005776199
30
0
0
VERTEX
8
0
10
88.9777777777776
20
27.266752983551
30
0
0
VERTEX
8
0
10
89.5999999999998
20
27.4181917266668
30
0
0
VERTEX
8
0
10
90.222222222222
20
27.5674674575014
30
0
0
VERTEX
8
0
10
90.8444444444442
20
27.7145354560759
30
0
0
VERTEX
8
0
10
91.4666666666664
20
27.8593557318416
30
0
0
VERTEX
8
0
10
92.0888888888887
20
28.0018931081121
30
0
0
VERTEX
8
0
10
92.7111111111109
20
28.1421172913409
30
0
0
VERTEX
8
0
10
93.3333333333331
20
28.2800029257326
30
0
0
VERTEX
8
0
10
93.9555555555553
20
28.4155296335367
30
0
0
VERTEX
8
0
10
94.5777777777775
20
28.548682041457
30
0
0
VERTEX
8
0
10
95.1999999999998
20
28.6794497934814
30
0
0
VERTEX
8
0
10
95.822222222222
20
28.8078275505227
30
0
0
VERTEX
8
0
10
96.4444444444442
20
28.9338149771615
30
0
0
VERTEX
8
0
10
97.0666666666664
20
29.0574167157971
30
0
0
VERTEX
8
0
10
97.6888888888886
20
29.1786423485181
30
0
0
VERTEX
8
0
10
98.3111111111109
20
29.2975063468979
30
0
0
VERTEX
8
0
10
98.9333333333331
20
29.4140280100519
30
0
0
VERTEX
8
0
10
99.5555555555553
20
29.5282313911212
30
0
0
VERTEX
8
0
10
100.177777777778
20
29.64014521245
30
0
0
VERTEX
8
0
10
100.8
20
29.7498027696933
30
0
0
VERTEX
8
0
10
101.422222222222
20
29.8572418250239
30
0
0
VERTEX
8
0
10
102.044444444444
20
29.9625044896786
30
0
0
VERTEX
8
0
10
102.666666666666
20
30.0656370960574
30
0
0
VERTEX
8
0
10
103.288888888889
20
30.1666900595817
30
0
0
VERTEX
8
0
10
103.911111111111
20
30.2657177305061
30
0
0
VERTEX
8
0
10
104.533333333333
20
30.3627782359414
30
0
0
VERTEX
8
0
10
105.155555555555
20
30.4579333123078
30
0
0
VERTEX
8
0
10
105.777777777778
20
30.5512481284347
30
0
0
VERTEX
8
0
10
106.4
20
30.642791099643
30
0
0
VERTEX
8
0
10
107.022222222222
20
30.7326336929876
30
0
0
VERTEX
8
0
10
107.644444444444
20
30.8208502240653
30
0
0
VERTEX
8
0
10
108.266666666667
20
30.907517645628
30
0
0
VERTEX
8
0
10
108.888888888889
20
30.9927153283897
30
0
0
VERTEX
8
0
10
109.511111111111
20
31.0765248344371
30
0
0
VERTEX
8
0
10
110.133333333333
20
31.1590296835909
30
0
0
VERTEX
8
0
10
110.755555555555
20
31.2403151131937
30
0
0
VERTEX
8
0
10
111.377777777778
20
31.320467831821
30
0
0
VERTEX
8
0
10
112
20
31.3995757673814
30
0
0
VERTEX
8
0
10
112.622222222222
20
31.4777278102259
30
0
0
VERTEX
8
0
10
113.244444444444
20
31.5550135517536
30
0
0
VERTEX
8
0
10
113.866666666667
20
31.6315230192598
30
0
0
VERTEX
8
0
10
114.488888888889
20
31.7073464076004
30
0
0
VERTEX
8
0
10
115.111111111111
20
31.7825738083734
30
0
0
VERTEX
8
0
10
115.733333333333
20
31.8572949374668
30
0
0
VERTEX
8
0
10
116.355555555556
20
31.9315988615967
30
0
0
VERTEX
8
0
10
116.977777777778
20
32.0055737247211
30
0
0
VERTEX
8
0
10
117.6
20
32.0793064751845
30
0
0
VERTEX
8
0
10
118.222222222222
20
32.1528825943973
30
0
0
VERTEX
8
0
10
118.844444444444
20
32.2263858279945
30
0
0
VERTEX
8
0
10
119.466666666667
20
32.2998979203432
30
0
0
VERTEX
8
0
10
120.088888888889
20
32.3734983533598
30
0
0
VERTEX
8
0
10
120.711111111111
20
32.4472640905498
30
0
0
VERTEX
8
0
10
121.333333333333
20
32.5212693271751
30
0
0
VERTEX
8
0
10
121.955555555556
20
32.5955852476305
30
0
0
VERTEX
8
0
10
122.577777777778
20
32.6702797908143
30
0
0
VERTEX
8
0
10
123.2
20
32.7454174244617
30
0
0
VERTEX
8
0
10
123.822222222222
20
32.8210589294599
30
0
0
VERTEX
8
0
10
124.444444444445
20
32.8972611948819
30
0
0
VERTEX
8
0
10
125.066666666667
20
32.9740770246693
30
0
0
VERTEX
8
0
10
125.688888888889
20
33.0515549568664
30
0
0
VERTEX
8
0
10
126.311111111111
20
33.1297390959844
30
0
0
VERTEX
8
0
10
126.933333333333
20
33.2086689594491
30
0
0
VERTEX
8
0
10
127.555555555556
20
33.2883793387272
30
0
0
VERTEX
8
0
10
128.177777777778
20
33.3689001756871
30
0
0
VERTEX
8
0
10
128.8
20
33.4502564548413
30
0
0
VERTEX
8
0
10
129.422222222222
20
33.5324681119742
30
0
0
VERTEX
8
0
10
130.044444444445
20
33.6155499596126
30
0
0
VERTEX
8
0
10
130.666666666667
20
33.6995116293947
30
0
0
VERTEX
8
0
10
131.288888888889
20
33.7843575321702
30
0
0
VERTEX
8
0
10
131.911111111111
20
33.8700868354766
30
0
0
VERTEX
8
0
10
132.533333333334
20
33.9566934588607
30
0
0
VERTEX
8
0
10
133.155555555556
20
34.0441660868921
30
0
0
VERTEX
8
0
10
133.777777777778
20
34.1324882000877
30
0
0
VERTEX
8
0
10
134.4
20
34.221638123231
30
0
0
VERTEX
8
0
10
135.022222222222
20
34.3115890912894
30
0
0
VERTEX
8
0
10
135.644444444445
20
34.4023093325397
30
0
0
VERTEX
8
0
10
136.266666666667
20
34.4937621684731
30
0
0
VERTEX
8
0
10
136.888888888889
20
34.5859061301654
30
0
0
VERTEX
8
0
10
137.511111111111
20
34.6786950907313
30
0
0
VERTEX
8
0
10
138.133333333334
20
34.7720784132572
30
0
0
VERTEX
8
0
10
138.755555555556
20
34.8660011135054
30
0
0
VERTEX
8
0
10
139.377777777778
20
34.9604040373256
30
0
0
VERTEX
8
0
10
140
20
35.0552240513807
30
0
0
VERTEX
8
0
10
140.622222222223
20
35.1503942469849
30
0
0
VERTEX
8
0
10
141.244444444445
20
35.2458441561936
30
0
0
VERTEX
8
0
10
141.866666666667
20
35.3414999794673
30
0
0
VERTEX
8
0
10
142.488888888889
20
35.4372848240997
30
0
0
VERTEX
8
0
10
143.111111111111
20
35.5331189525029
30
0
0
VERTEX
8
0
10
143.733333333334
20
35.6289200397689
30
0
0
VERTEX
8
0
10
144.355555555556
20
35.7246034395196
30
0
0
VERTEX
8
0
10
144.977777777778
20
35.8200824576546
30
0
0
VERTEX
8
0
10
145.6
20
35.9152686323305
30
0
0
VERTEX
8
0
10
146.222222222223
20
36.0100720204542
30
0
0
VERTEX
8
0
10
146.844444444445
20
36.1044014892077
30
0
0
VERTEX
8
0
10
147.466666666667
20
36.1981650119697
30
0
0
VERTEX
8
0
10
148.088888888889
20
36.2912699678767
30
0
0
VERTEX
8
0
10
148.711111111112
20
36.3836234447068
30
0
0
VERTEX
8
0
10
149.333333333334
20
36.4751325434788
30
0
0
VERTEX
8
0
10
149.955555555556
20
36.5657046848338
30
0
0
VERTEX
8
0
10
150.577777777778
20
36.6552479164389
30
0
0
VERTEX
8
0
10
151.2
20
36.7436712203108
30
0
0
VERTEX
8
0
10
151.822222222223
20
36.8308848194494
30
0
0
VERTEX
8
0
10
152.444444444445
20
36.9168004840316
30
0
0
VERTEX
8
0
10
153.066666666667
20
37.0013318352192
30
0
0
VERTEX
8
0
10
153.688888888889
20
37.0843946468072
30
0
0
VERTEX
8
0
10
154.311111111112
20
37.1659071442511
30
0
0
VERTEX
8
0
10
154.933333333334
20
37.2457902997351
30
0
0
VERTEX
8
0
10
155.555555555556
20
37.3239681234025
30
0
0
VERTEX
8
0
10
156.177777777778
20
37.4003679498998
30
0
0
VERTEX
8
0
10
156.800000000001
20
37.4749207194793
30
0
0
VERTEX
8
0
10
157.422222222223
20
37.5475612539157
30
0
0
VERTEX
8
0
10
158.044444444445
20
37.6182285250524
30
0
0
VERTEX
8
0
10
158.666666666667
20
37.6868659173509
30
0
0
VERTEX
8
0
10
159.288888888889
20
37.7534214824652
30
0
0
VERTEX
8
0
10
159.911111111112
20
37.8178481854811
30
0
0
VERTEX
8
0
10
160.533333333334
20
37.8801041427562
30
0
0
VERTEX
8
0
10
161.155555555556
20
37.940152850242
30
0
0
VERTEX
8
0
10
161.777777777778
20
37.9979634014901
30
0
0
VERTEX
8
0
10
162.400000000001
20
38.053510695254
30
0
0
VERTEX
8
0
10
163.022222222223
20
38.1067756309839
30
0
0
VERTEX
8
0
10
163.644444444445
20
38.1577452929328
30
0
0
VERTEX
8
0
10
164.266666666667
20
38.2064131202934
30
0
0
VERTEX
8
0
10
164.88888888889
20
38.2527790639379
30
0
0
VERTEX
8
0
10
165.511111111112
20
38.2968497283194
30
0
0
VERTEX
8
0
10
166.133333333334
20
38.3386384976362
30
0
0
VERTEX
8
0
10
166.755555555556
20
38.3781656452665
30
0
0
VERTEX
8
0
10
167.377777777778
20
38.4154584257623
30
0
0
VERTEX
8
0
10
168.000000000001
20
38.4505511481046
30
0
0
VERTEX
8
0
10
168.622222222223
20
38.4834852285652
30
0
0
VERTEX
8
0
10
169.244444444445
20
38.5143092241539
30
0
0
VERTEX
8
0
10
169.866666666667
20
38.5430788422671
30
0
0
VERTEX
8
0
10
170.48888888889
20
38.5698569283988
30
0
0
VERTEX
8
0
10
171.111111111112
20
38.5947134287771
30
0
0
VERTEX
8
0
10
171.733333333334
20
38.617725327068
30
0
0
VERTEX
8
0
10
172.355555555556
20
38.6389765549126
30
0
0
VERTEX
8
0
10
172.977777777779
20
38.6585578732549
30
0
0
VERTEX
8
0
10
173.600000000001
20
38.6765667250442
30
0
0
VERTEX
8
0
10
174.222222222223
20
38.6931070564957
30
0
0
VERTEX
8
0
10
174.844444444445
20
38.708289106098
30
0
0
VERTEX
8
0
10
175.466666666667
20
38.7222291617631
30
0
0
VERTEX
8
0
10
176.08888888889
20
38.7350492816832
30
0
0
VERTEX
8
0
10
176.711111111112
20
38.7468769816863
30
0
0
VERTEX
8
0
10
177.333333333334
20
38.7578448847043
30
0
0
VERTEX
8
0
10
177.955555555556
20
38.7680903332284
30
0
0
VERTEX
8
0
10
178.577777777779
20
38.7777549654389
30
0
0
VERTEX
8
0
10
179.200000000001
20
38.7869842489898
30
0
0
VERTEX
8
0
10
179.822222222223
20
38.7959269809104
30
0
0
VERTEX
8
0
10
180.444444444445
20
38.8047347431336
30
0
0
VERTEX
8
0
10
181.066666666668
20
38.8135613226919
30
0
0
VERTEX
8
0
10
181.68888888889
20
38.8225620905486
30
0
0
VERTEX
8
0
10
182.311111111112
20
38.831893343967
30
0
0
VERTEX
8
0
10
182.933333333334
20
38.8417116097908
30
0
0
VERTEX
8
0
10
183.555555555556
20
38.8521729114866
30
0
0
VERTEX
8
0
10
184.177777777779
20
38.8634320028626
30
0
0
VERTEX
8
0
10
184.800000000001
20
38.8756415670176
30
0
0
VERTEX
8
0
10
185.422222222223
20
38.8889513855285
30
0
0
VERTEX
8
0
10
186.044444444445
20
38.9035074787594
30
0
0
VERTEX
8
0
10
186.666666666668
20
38.9194512218993
30
0
0
VERTEX
8
0
10
187.28888888889
20
38.9369184384683
30
0
0
VERTEX
8
0
10
187.911111111112
20
38.9560384767668
30
0
0
VERTEX
8
0
10
188.533333333334
20
38.9769332725098
30
0
0
VERTEX
8
0
10
189.155555555557
20
38.9997164016904
30
0
0
VERTEX
8
0
10
189.777777777779
20
39.0244921295657
30
0
0
VERTEX
8
0
10
190.400000000001
20
39.0513544621566
30
0
0
VERTEX
8
0
10
191.022222222223
20
39.0803862027454
30
0
0
VERTEX
8
0
10
191.644444444445
20
39.1116580217951
30
0
0
VERTEX
8
0
10
192.266666666668
20
39.1452275470276
30
0
0
VERTEX
8
0
10
192.88888888889
20
39.1811384755245
30
0
0
VERTEX
8
0
10
193.511111111112
20
39.2194197221517
30
0
0
VERTEX
8
0
10
194.133333333334
20
39.2600846018299
30
0
0
VERTEX
8
0
10
194.755555555557
20
39.30313006071
30
0
0
VERTEX
8
0
10
195.377777777779
20
39.3485359562485
30
0
0
VERTEX
8
0
10
196.000000000001
20
39.3962643971904
30
0
0
VERTEX
8
0
10
196.622222222223
20
39.4462591497456
30
0
0
VERTEX
8
0
10
197.244444444446
20
39.4984451130367
30
0
0
VERTEX
8
0
10
197.866666666668
20
39.5527278755055
30
0
0
VERTEX
8
0
10
198.48888888889
20
39.6089933538576
30
0
0
VERTEX
8
0
10
199.111111111112
20
39.6671075240723
30
0
0
VERTEX
8
0
10
199.733333333334
20
39.7269162466689
30
0
0
VERTEX
8
0
10
200.355555555557
20
39.788245198405
30
0
0
VERTEX
8
0
10
200.977777777779
20
39.8508999083712
30
0
0
VERTEX
8
0
10
201.600000000001
20
39.9146659094682
30
0
0
VERTEX
8
0
10
202.222222222223
20
39.9793090097457
30
0
0
VERTEX
8
0
10
202.844444444446
20
40.0445756881309
30
0
0
VERTEX
8
0
10
203.466666666668
20
40.1101936184375
30
0
0
VERTEX
8
0
10
204.08888888889
20
40.175872335268
30
0
0
VERTEX
8
0
10
204.711111111112
20
40.2413040374162
30
0
0
VERTEX
8
0
10
205.333333333335
20
40.3061645428618
30
0
0
VERTEX
8
0
10
205.955555555557
20
40.3701144004332
30
0
0
VERTEX
8
0
10
206.577777777779
20
40.4328001652782
30
0
0
VERTEX
8
0
10
207.200000000001
20
40.4938558470675
30
0
0
VERTEX
8
0
10
207.822222222224
20
40.5529045445555
30
0
0
VERTEX
8
0
10
208.444444444446
20
40.6095602666777
30
0
0
VERTEX
8
0
10
209.066666666668
20
40.6634299727916
30
0
0
VERTEX
8
0
10
209.68888888889
20
40.7141158204662
30
0
0
VERTEX
8
0
10
210.311111111112
20
40.7612176633189
30
0
0
VERTEX
8
0
10
210.933333333335
20
40.8043357953827
30
0
0
VERTEX
8
0
10
211.555555555557
20
40.8430739813907
30
0
0
VERTEX
8
0
10
212.177777777779
20
40.8770427792822
30
0
0
VERTEX
8
0
10
212.800000000001
20
40.9058631997028
30
0
0
VERTEX
8
0
10
213.422222222224
20
40.9291707151443
30
0
0
VERTEX
8
0
10
214.044444444446
20
40.946619669234
30
0
0
VERTEX
8
0
10
214.666666666668
20
40.9578881099256
30
0
0
VERTEX
8
0
10
215.28888888889
20
40.9626830961554
30
0
0
VERTEX
8
0
10
215.911111111112
20
40.9607465238815
30
0
0
VERTEX
8
0
10
216.533333333335
20
40.9518615188268
30
0
0
VERTEX
8
0
10
217.155555555557
20
40.935859452771
30
0
0
VERTEX
8
0
10
217.777777777779
20
40.9126276440589
30
0
0
VERTEX
8
0
10
218.400000000001
20
40.8821178055672
30
0
0
VERTEX
8
0
10
219.022222222224
20
40.844355304586
30
0
0
VERTEX
8
0
10
219.644444444446
20
40.7994493072806
30
0
0
VERTEX
8
0
10
220.266666666668
20
40.7476038805743
30
0
0
VERTEX
8
0
10
220.88888888889
20
40.6891301118861
30
0
0
VERTEX
8
0
10
221.511111111113
20
40.6244593235416
30
0
0
VERTEX
8
0
10
222.133333333335
20
40.5541574354652
30
0
0
VERTEX
8
0
10
222.755555555557
20
40.4789405169937
30
0
0
VERTEX
8
0
10
223.377777777779
20
40.3996915601154
30
0
0
VERTEX
8
0
10
224.000000000002
20
40.31747846645
30
0
0
VERTEX
8
0
10
224.622222222224
20
40.2335732123388
30
0
0
VERTEX
8
0
10
225.244444444446
20
40.1494720827675
30
0
0
VERTEX
8
0
10
225.866666666668
20
40.0669168443264
30
0
0
VERTEX
8
0
10
226.48888888889
20
39.9879165676102
30
0
0
VERTEX
8
0
10
227.111111111113
20
39.9147697937382
30
0
0
VERTEX
8
0
10
227.733333333335
20
39.8500865358765
30
0
0
VERTEX
8
0
10
228.355555555557
20
39.7968095082848
30
0
0
VERTEX
8
0
10
228.977777777779
20
39.758233789744
30
0
0
VERTEX
8
0
10
229.600000000002
20
39.7380239648557
30
0
0
VERTEX
8
0
10
230.222222222224
20
39.7402275854497
30
0
0
VERTEX
8
0
10
230.844444444446
20
39.7692836793608
30
0
0
VERTEX
8
0
10
231.466666666668
20
39.8300248310914
30
0
0
VERTEX
8
0
10
232.088888888891
20
39.9276714105163
30
0
0
VERTEX
8
0
10
232.711111111113
20
40.067816413592
30
0
0
VERTEX
8
0
10
233.333333333335
20
40.2563997317026
30
0
0
VERTEX
8
0
10
233.955555555557
20
40.4996708183451
30
0
0
VERTEX
8
0
10
234.577777777779
20
40.8041393846657
30
0
0
VERTEX
8
0
10
235.200000000002
20
41.1765143459655
30
0
0
VERTEX
8
0
10
235.822222222224
20
41.6236321514068
30
0
0
VERTEX
8
0
10
236.444444444446
20
42.1523764932432
30
0
0
SEQEND
8
0
0
POLYLINE
8
0
62
4
70
0
10
0
20
0
30
0
0
VERTEX
8
0
10
7.46666666666667
20
0
30
0
0
VERTEX
8
0
10
8.08888888888889
20
0
30
0
0
VERTEX
8
0
10
8.71111111111111
20
0
30
0
0
VERTEX
8
0
10
9.33333333333334
20
0
30
0
0
VERTEX
8
0
10
9.95555555555556
20
0
30
0
0
VERTEX
8
0
10
10.5777777777778
20
0
30
0
0
VERTEX
8
0
10
11.2
20
0
30
0
0
VERTEX
8
0
10
11.8222222222222
20
0
30
0
0
VERTEX
8
0
10
12.4444444444444
20
0
30
0
0
VERTEX
8
0
10
13.0666666666667
20
0
30
0
0
VERTEX
8
0
10
13.6888888888889
20
0
30
0
0
VERTEX
8
0
10
14.3111111111111
20
0
30
0
0
VERTEX
8
0
10
14.9333333333333
20
0
30
0
0
VERTEX
8
0
10
15.5555555555556
20
0
30
0
0
VERTEX
8
0
10
16.1777777777778
20
0
30
0
0
VERTEX
8
0
10
16.8
20
0
30
0
0
VERTEX
8
0
10
17.4222222222222
20
0
30
0
0
VERTEX
8
0
10
18.0444444444445
20
0
30
0
0
VERTEX
8
0
10
18.6666666666667
20
0
30
0
0
VERTEX
8
0
10
19.2888888888889
20
0
30
0
0
VERTEX
8
0
10
19.9111111111111
20
0
30
0
0
VERTEX
8
0
10
20.5333333333333
20
0
30
0
0
VERTEX
8
0
10
21.1555555555556
20
0
30
0
0
VERTEX
8
0
10
21.7777777777778
20
0
30
0
0
VERTEX
8
0
10
22.4
20
0
30
0
0
VERTEX
8
0
10
23.0222222222222
20
0
30
0
0
VERTEX
8
0
10
23.6444444444445
20
0
30
0
0
VERTEX
8
0
10
24.2666666666667
20
0
30
0
0
VERTEX
8
0
10
24.8888888888889
20
0
30
0
0
VERTEX
8
0
10
25.5111111111111
20
0
30
0
0
VERTEX
8
0
10
26.1333333333333
20
0
30
0
0
VERTEX
8
0
10
26.7555555555556
20
2.10903632598837
30
0
0
VERTEX
8
0
10
27.3777777777778
20
4.33715561888651
30
0
0
VERTEX
8
0
10
28
20
5.79511108700031
30
0
0
VERTEX
8
0
10
28.6222222222222
20
6.98056266788476
30
0
0
VERTEX
8
0
10
29.2444444444444
20
8.01311868251967
30
0
0
VERTEX
8
0
10
29.8666666666667
20
8.94396322322248
30
0
0
VERTEX
8
0
10
30.4888888888889
20
9.80044288537517
30
0
0
VERTEX
8
0
10
31.1111111111111
20
10.5991247515307
30
0
0
VERTEX
8
0
10
31.7333333333333
20
11.3509102121357
30
0
0
VERTEX
8
0
10
32.3555555555555
20
12.0634113458182
30
0
0
VERTEX
8
0
10
32.9777777777778
20
12.7421899106242
30
0
0
VERTEX
8
0
10
33.6
20
13.3914595027489
30
0
0
VERTEX
8
0
10
34.2222222222222
20
14.0145095313037
30
0
0
VERTEX
8
0
10
34.8444444444444
20
14.6139743157435
30
0
0
VERTEX
8
0
10
35.4666666666666
20
15.1920108967265
30
0
0
VERTEX
8
0
10
36.0888888888889
20
15.7504204817111
30
0
0
VERTEX
8
0
10
36.7111111111111
20
16.2907337161012
30
0
0
VERTEX
8
0
10
37.3333333333333
20
16.8142719673567
30
0
0
VERTEX
8
0
10
37.9555555555555
20
17.3221922524125
30
0
0
VERTEX
8
0
10
38.5777777777777
20
17.8155207382736
30
0
0
VERTEX
8
0
10
39.2
20
18.2951780892766
30
0
0
VERTEX
8
0
10
39.8222222222222
20
18.7619988875473
30
0
0
VERTEX
8
0
10
40.4444444444444
20
19.2167466736842
30
0
0
VERTEX
8
0
10
41.0666666666666
20
19.6601257032211
30
0
0
VERTEX
8
0
10
41.6888888888888
20
20.0927902080918
30
0
0
VERTEX
8
0
10
42.3111111111111
20
20.5153517405239
30
0
0
VERTEX
8
0
10
42.9333333333333
20
20.9283850278345
30
0
0
VERTEX
8
0
10
43.5555555555555
20
21.3324326602156
30
0
0
VERTEX
8
0
10
44.1777777777777
20
21.7280088565273
30
0
0
VERTEX
8
0
10
44.7999999999999
20
22.1156024965643
30
0
0
VERTEX
8
0
10
45.4222222222222
20
22.4956795662571
30
0
0
VERTEX
8
0
10
46.0444444444444
20
22.8686851307304
30
0
0
VERTEX
8
0
10
46.6666666666666
20
23.235044926207
30
0
0
VERTEX
8
0
10
47.2888888888888
20
23.5951666434132
30
0
0
VERTEX
8
0
10
47.911111111111
20
23.9494409609594
30
0
0
VERTEX
8
0
10
48.5333333333333
20
24.2982423761122
30
0
0
VERTEX
8
0
10
49.1555555555555
20
24.641929871673
30
0
0
VERTEX
8
0
10
49.7777777777777
20
24.9808474507708
30
0
0
VERTEX
8
0
10
50.3999999999999
20
25.315324565861
30
0
0
VERTEX
8
0
10
51.0222222222221
20
25.6456764637645
30
0
0
VERTEX
8
0
10
51.6444444444444
20
25.972204464966
30
0
0
VERTEX
8
0
10
52.2666666666666
20
26.2951961924188
30
0
0
VERTEX
8
0
10
52.8888888888888
20
26.6149257626571
30
0
0
VERTEX
8
0
10
53.511111111111
20
26.9316539499665
30
0
0
VERTEX
8
0
10
54.1333333333332
20
27.2456283326526
30
0
0
VERTEX
8
0
10
54.7555555555555
20
27.5570834289869
30
0
0
VERTEX
8
0
10
55.3777777777777
20
27.8662408291703
30
0
0
VERTEX
8
0
10
55.9999999999999
20
28.173309328587
30
0
0
VERTEX
8
0
10
56.6222222222221
20
28.4784850666887
30
0
0
VERTEX
8
0
10
57.2444444444443
20
28.7819516750506
30
0
0
VERTEX
8
0
10
57.8666666666666
20
29.0838804374271
30
0
0
VERTEX
8
0
10
58.4888888888888
20
29.3844304640149
30
0
0
VERTEX
8
0
10
59.111111111111
20
29.6837488815822
30
0
0
VERTEX
8
0
10
59.7333333333332
20
29.9819710406384
30
0
0
VERTEX
8
0
10
60.3555555555554
20
30.2792207403844
30
0
0
VERTEX
8
0
10
60.9777777777777
20
30.5756104718136
30
0
0
VERTEX
8
0
10
61.5999999999999
20
30.8712416789901
30
0
0
VERTEX
8
0
10
62.2222222222221
20
31.1662050382491
30
0
0
VERTEX
8
0
10
62.8444444444443
20
31.4605807547995
30
0
0
VERTEX
8
0
10
63.4666666666665
20
31.7544388760008
30
0
0
VERTEX
8
0
10
64.0888888888888
20
32.0478396203911
30
0
0
VERTEX
8
0
10
64.711111111111
20
32.340833721392
30
0
0
VERTEX
8
0
10
65.3333333333332
20
32.6334627844856
30
0
0
VERTEX
8
0
10
65.9555555555554
20
32.9257596565631
30
0
0
VERTEX
8
0
10
66.5777777777776
20
33.2177488060523
30
0
0
VERTEX
8
0
10
67.1999999999999
20
33.5094467123948
30
0
0
VERTEX
8
0
10
67.8222222222221
20
33.8008622633923
30
0
0
VERTEX
8
0
10
68.4444444444443
20
34.0919971589358
30
0
0
VERTEX
8
0
10
69.0666666666665
20
34.3828463196212
30
0
0
VERTEX
8
0
10
69.6888888888887
20
34.6733982987819
30
0
0
VERTEX
8
0
10
70.311111111111
20
34.9636356964831
30
0
0
VERTEX
8
0
10
70.9333333333332
20
35.2535355740758
30
0
0
VERTEX
8
0
10
71.5555555555554
20
35.5430698679458
30
0
0
VERTEX
8
0
10
72.1777777777776
20
35.832205801158
30
0
0
VERTEX
8
0
10
72.7999999999998
20
36.1209062917564
30
0
0
VERTEX
8
0
10
73.4222222222221
20
36.4091303565561
30
0
0
VERTEX
8
0
10
74.0444444444443
20
36.6968335093244
30
0
0
VERTEX
8
0
10
74.6666666666665
20
36.983968152341
30
0
0
VERTEX
8
0
10
75.2888888888887
20
37.2704839603907
30
0
0
VERTEX
8
0
10
75.9111111111109
20
37.556328256329
30
0
0
VERTEX
8
0
10
76.5333333333332
20
37.8414463774435
30
0
0
VERTEX
8
0
10
77.1555555555554
20
38.1257820318927
30
0
0
VERTEX
8
0
10
77.7777777777776
20
38.4092776446062
30
0
0
VERTEX
8
0
10
78.3999999999998
20
38.6918746920858
30
0
0
VERTEX
8
0
10
79.022222222222
20
38.9735140256225
30
0
0
VERTEX
8
0
10
79.6444444444443
20
39.2541361825098
30
0
0
VERTEX
8
0
10
80.2666666666665
20
39.533681684912
30
0
0
VERTEX
8
0
10
80.8888888888887
20
39.812091326087
30
0
0
VERTEX
8
0
10
81.5111111111109
20
40.0893064437352
30
0
0
VERTEX
8
0
10
82.1333333333331
20
40.3652691802873
30
0
0
VERTEX
8
0
10
82.7555555555554
20
40.639922730013
30
0
0
VERTEX
8
0
10
83.3777777777776
20
40.9132115728565
30
0
0
VERTEX
8
0
10
83.9999999999998
20
41.1850816949465
30
0
0
VERTEX
8
0
10
84.622222222222
20
41.4554807958013
30
0
0
VERTEX
8
0
10
85.2444444444442
20
41.7243584822282
30
0
0
VERTEX
8
0
10
85.8666666666665
20
41.9916664489972
30
0
0
VERTEX
8
0
10
86.4888888888887
20
42.2573586463667
30
0
0
VERTEX
8
0
10
87.1111111111109
20
42.5213914345781
30
0
0
VERTEX
8
0
10
87.7333333333331
20
42.7837237254476
30
0
0
VERTEX
8
0
10
88.3555555555553
20
43.0443171112152
30
0
0
VERTEX
8
0
10
88.9777777777776
20
43.3031359808191
30
0
0
VERTEX
8
0
10
89.5999999999998
20
43.5601476237696
30
0
0
VERTEX
8
0
10
90.222222222222
20
43.8153223218379
30
0
0
VERTEX
8
0
10
90.8444444444442
20
44.0686334287507
30
0
0
VERTEX
8
0
10
91.4666666666664
20
44.3200574381195
30
0
0
VERTEX
8
0
10
92.0888888888887
20
44.5695740398177
30
0
0
VERTEX
8
0
10
92.7111111111109
20
44.817166165058
30
0
0
VERTEX
8
0
10
93.3333333333331
20
45.0628200203684
30
0
0
VERTEX
8
0
10
93.9555555555553
20
45.3065251107711
30
0
0
VERTEX
8
0
10
94.5777777777775
20
45.5482742523472
30
0
0
VERTEX
8
0
10
95.1999999999998
20
45.7880635744676
30
0
0
VERTEX
8
0
10
95.822222222222
20
46.025892511969
30
0
0
VERTEX
8
0
10
96.4444444444442
20
46.26176378747
30
0
0
VERTEX
8
0
10
97.0666666666664
20
46.495683384168
30
0
0
VERTEX
8
0
10
97.6888888888886
20
46.7276605092993
30
0
0
VERTEX
8
0
10
98.3111111111109
20
46.9577075486005
30
0
0
VERTEX
8
0
10
98.9333333333331
20
47.1858400120052
30
0
0
VERTEX
8
0
10
99.5555555555553
20
47.4120764708565
30
0
0
VERTEX
8
0
10
100.177777777778
20
47.6364384869207
30
0
0
VERTEX
8
0
10
100.8
20
47.8589505334849
30
0
0
VERTEX
8
0
10
101.422222222222
20
48.0796399088474
30
0
0
VERTEX
8
0
10
102.044444444444
20
48.2985366424347
30
0
0
VERTEX
8
0
10
102.666666666666
20
48.5156733939254
30
0
0
VERTEX
8
0
10
103.288888888889
20
48.7310853456515
30
0
0
VERTEX
8
0
10
103.911111111111
20
48.9448100885597
30
0
0
VERTEX
8
0
10
104.533333333333
20
49.1568875021135
30
0
0
VERTEX
8
0
10
105.155555555555
20
49.367359628433
30
0
0
VERTEX
8
0
10
105.777777777778
20
49.576270540989
30
0
0
VERTEX
8
0
10
106.4
20
49.7836662082446
30
0
0
VERTEX
8
0
10
107.022222222222
20
49.9895943525682
30
0
0
VERTEX
8
0
10
107.644444444444
20
50.1941043047643
30
0
0
VERTEX
8
0
10
108.266666666667
20
50.3972468546287
30
0
0
VERTEX
8
0
10
108.888888888889
20
50.5990740978961
30
0
0
VERTEX
8
0
10
109.511111111111
20
50.7996392799137
30
0
0
VERTEX
8
0
10
110.133333333333
20
50.9989966365667
30
0
0
VERTEX
8
0
10
110.755555555555
20
51.1972012326993
30
0
0
VERTEX
8
0
10
111.377777777778
20
51.3943087985587
30
0
0
VERTEX
8
0
10
112
20
51.5903755646507
30
0
0
VERTEX
8
0
10
112.622222222222
20
51.7854580954209
30
0
0
VERTEX
8
0
10
113.244444444444
20
51.9796131221881
30
0
0
VERTEX
8
0
10
113.866666666667
20
52.1728973758343
30
0
0
VERTEX
8
0
10
114.488888888889
20
52.3653674195625
30
0
0
VERTEX
8
0
10
115.111111111111
20
52.5570794823618
30
0
0
VERTEX
8
0
10
115.733333333333
20
52.7480892934239
30
0
0
VERTEX
8
0
10
116.355555555556
20
52.9384519181175
30
0
0
VERTEX
8
0
10
116.977777777778
20
53.1282215959283
30
0
0
VERTEX
8
0
10
117.6
20
53.3174515807591
30
0
0
VERTEX
8
0
10
118.222222222222
20
53.5061939841499
30
0
0
VERTEX
8
0
10
118.844444444444
20
53.6944996217353
30
0
0
VERTEX
8
0
10
119.466666666667
20
53.882417863571
30
0
0
VERTEX
8
0
10
120.088888888889
20
54.069996488496
30
0
0
VERTEX
8
0
10
120.711111111111
20
54.25728154323
30
0
0
VERTEX
8
0
10
121.333333333333
20
54.4443172064476
30
0
0
VERTEX
8
0
10
121.955555555556
20
54.6311456583173
30
0
0
VERTEX
8
0
10
122.577777777778
20
54.8178069558713
30
0
0
VERTEX
8
0
10
123.2
20
55.0043389145742
30
0
0
VERTEX
8
0
10
123.822222222222
20
55.1907769965105
30
0
0
VERTEX
8
0
10
124.444444444445
20
55.3771542054941
30
0
0
VERTEX
8
0
10
125.066666666667
20
55.5635009893897
30
0
0
VERTEX
8
0
10
125.688888888889
20
55.7498451500876
30
0
0
VERTEX
8
0
10
126.311111111111
20
55.9362117612568
30
0
0
VERTEX
8
0
10
126.933333333333
20
56.1226230942869
30
0
0
VERTEX
8
0
10
127.555555555556
20
56.3090985525462
30
0
0
VERTEX
8
0
10
128.177777777778
20
56.4956546142632
30
0
0
VERTEX
8
0
10
128.8
20
56.6823047841451
30
0
0
VERTEX
8
0
10
129.422222222222
20
56.869059553938
30
0
0
VERTEX
8
0
10
130.044444444445
20
57.0559263721555
30
0
0
VERTEX
8
0
10
130.666666666667
20
57.2429096228671
30
0
0
VERTEX
8
0
10
131.288888888889
20
57.4300106138396
30
0
0
VERTEX
8
0
10
131.911111111111
20
57.6172275740157
30
0
0
VERTEX
8
0
10
132.533333333334
20
57.8045556603698
30
0
0
VERTEX
8
0
10
133.155555555556
20
57.99198697404
30
0
0
VERTEX
8
0
10
133.777777777778
20
58.1795105858392
30
0
0
VERTEX
8
0
10
134.4
20
58.3671125711461
30
0
0
VERTEX
8
0
10
135.022222222222
20
58.5547760538447
30
0
0
VERTEX
8
0
10
135.644444444445
20
58.7424812594389
30
0
0
VERTEX
8
0
10
136.266666666667
20
58.9302055770918
30
0
0
VERTEX
8
0
10
136.888888888889
20
59.1179236304993
30
0
0
VERTEX
8
0
10
137.511111111111
20
59.3056073573189
30
0
0
VERTEX
8
0
10
138.133333333334
20
59.4932260970876
30
0
0
VERTEX
8
0
10
138.755555555556
20
59.6807466872565
30
0
0
VERTEX
8
0
10
139.377777777778
20
59.8681335671606
30
0
0
VERTEX
8
0
10
140
20
60.0553488896807
30
0
0
VERTEX
8
0
10
140.622222222223
20
60.2423526402123
30
0
0
VERTEX
8
0
10
141.244444444445
20
60.429102762816
30
0
0
VERTEX
8
0
10
141.866666666667
20
60.6155552929378
30
0
0
VERTEX
8
0
10
142.488888888889
20
60.8016644966842
30
0
0
VERTEX
8
0
10
143.111111111111
20
60.9873830160258
30
0
0
VERTEX
8
0
10
143.733333333334
20
61.172662019741
30
0
0
VERTEX
8
0
10
144.355555555556
20
61.3574513596833
30
0
0
VERTEX
8
0
10
144.977777777778
20
61.5416997318029
30
0
0
VERTEX
8
0
10
145.6
20
61.7253548418878
30
0
0
VERTEX
8
0
10
146.222222222223
20
61.9083635752294
30
0
0
VERTEX
8
0
10
146.844444444445
20
62.0906721700169
30
0
0
VERTEX
8
0
10
147.466666666667
20
62.2722263940585
30
0
0
VERTEX
8
0
10
148.088888888889
20
62.452971724108
30
0
0
VERTEX
8
0
10
148.711111111112
20
62.6328535279241
30
0
0
VERTEX
8
0
10
149.333333333334
20
62.8118172477867
30
0
0
VERTEX
8
0
10
149.955555555556
20
62.9898085860363
30
0
0
VERTEX
8
0
10
150.577777777778
20
63.16677369111
30
0
0
VERTEX
8
0
10
151.2
20
63.3426593446046
30
0
0
VERTEX
8
0
10
151.822222222223
20
63.5174131482249
30
0
0
VERTEX
8
0
10
152.444444444445
20
63.6909837103172
30
0
0
VERTEX
8
0
10
153.066666666667
20
63.863320831896
30
0
0
VERTEX
8
0
10
153.688888888889
20
64.0343756909753
30
0
0
VERTEX
8
0
10
154.311111111112
20
64.2041010254736
30
0
0
VERTEX
8
0
10
154.933333333334
20
64.3724513137395
30
0
0
VERTEX
8
0
10
155.555555555556
20
64.5393829524188
30
0
0
VERTEX
8
0
10
156.177777777778
20
64.7048544309015
30
0
0
VERTEX
8
0
10
156.800000000001
20
64.8688265026571
30
0
0
VERTEX
8
0
10
157.422222222223
20
65.031262351617
30
0
0
VERTEX
8
0
10
158.044444444445
20
65.1921277546156
30
0
0
VERTEX
8
0
10
158.666666666667
20
65.3513912381077
30
0
0
VERTEX
8
0
10
159.288888888889
20
65.5090242298064
30
0
0
VERTEX
8
0
10
159.911111111112
20
65.6650012034695
30
0
0
VERTEX
8
0
10
160.533333333334
20
65.8192998177871
30
0
0
VERTEX
8
0
10
161.155555555556
20
65.9719010473877
30
0
0
VERTEX
8
0
10
161.777777777778
20
66.1227893066138
30
0
0
VERTEX
8
0
10
162.400000000001
20
66.271952565178
30
0
0
VERTEX
8
0
10
163.022222222223
20
66.4193824545135
30
0
0
VERTEX
8
0
10
163.644444444445
20
66.5650743653512
30
0
0
VERTEX
8
0
10
164.266666666667
20
66.7090275358133
30
0
0
VERTEX
8
0
10
164.88888888889
20
66.8512451283017
30
0
0
VERTEX
8
0
10
165.511111111112
20
66.9917342964469
30
0
0
VERTEX
8
0
10
166.133333333334
20
67.1305062402749
30
0
0
VERTEX
8
0
10
166.755555555556
20
67.2675762496307
30
0
0
VERTEX
8
0
10
167.377777777778
20
67.4029637351046
30
0
0
VERTEX
8
0
10
168.000000000001
20
67.5366922462665
30
0
0
VERTEX
8
0
10
168.622222222223
20
67.6687894762023
30
0
0
VERTEX
8
0
10
169.244444444445
20
67.7992872523082
30
0
0
VERTEX
8
0
10
169.866666666667
20
67.9282215126498
30
0
0
VERTEX
8
0
10
170.48888888889
20
68.0556322675337
30
0
0
VERTEX
8
0
10
171.111111111112
20
68.1815635453654
30
0
0
VERTEX
8
0
10
171.733333333334
20
68.306063323003
30
0
0
VERTEX
8
0
10
172.355555555556
20
68.4291834397028
30
0
0
VERTEX
8
0
10
172.977777777779
20
68.5509794948911
30
0
0
VERTEX
8
0
10
173.600000000001
20
68.6715107281177
30
0
0
VERTEX
8
0
10
174.222222222223
20
68.7908398825056
30
0
0
VERTEX
8
0
10
174.844444444445
20
68.909033049784
30
0
0
VERTEX
8
0
10
175.466666666667
20
69.0261594984083
30
0
0
VERTEX
8
0
10
176.08888888889
20
69.1422914822307
30
0
0
VERTEX
8
0
10
176.711111111112
20
69.257504032294
30
0
0
VERTEX
8
0
10
177.333333333334
20
69.3718747296945
30
0
0
VERTEX
8
0
10
177.955555555556
20
69.4854834594712
30
0
0
VERTEX
8
0
10
178.577777777779
20
69.5984121469615
30
0
0
VERTEX
8
0
10
179.200000000001
20
69.7107444754354
30
0
0
VERTEX
8
0
10
179.822222222223
20
69.8225655862616
30
0
0
VERTEX
8
0
10
180.444444444445
20
69.9339617600024
30
0
0
VERTEX
8
0
10
181.066666666668
20
70.0450200811778
30
0
0
VERTEX
8
0
10
181.68888888889
20
70.1558280858267
30
0
0
VERTEX
8
0
10
182.311111111112
20
70.2664733919503
30
0
0
VERTEX
8
0
10
182.933333333334
20
70.3770433148595
30
0
0
VERTEX
8
0
10
183.555555555556
20
70.4876244670596
30
0
0
VERTEX
8
0
10
184.177777777779
20
70.5983023443688
30
0
0
VERTEX
8
0
10
184.800000000001
20
70.7091608981114
30
0
0
VERTEX
8
0
10
185.422222222223
20
70.8202820963005
30
0
0
VERTEX
8
0
10
186.044444444445
20
70.9317454729339
30
0
0
VERTEX
8
0
10
186.666666666668
20
71.0436276689975
30
0
0
VERTEX
8
0
10
187.28888888889
20
71.1560019645369
30
0
0
VERTEX
8
0
10
187.911111111112
20
71.2689378048989
30
0
0
VERTEX
8
0
10
188.533333333334
20
71.3825003230881
30
0
0
VERTEX
8
0
10
189.155555555557
20
71.4967498578769
30
0
0
VERTEX
8
0
10
189.777777777779
20
71.6117414734724
30
0
0
VERTEX
8
0
10
190.400000000001
20
71.7275244788767
30
0
0
VERTEX
8
0
10
191.022222222223
20
71.8441419527684
30
0
0
VERTEX
8
0
10
191.644444444445
20
71.961630273699
30
0
0
VERTEX
8
0
10
192.266666666668
20
72.0800186595179
30
0
0
VERTEX
8
0
10
192.88888888889
20
72.1993287186842
30
0
0
VERTEX
8
0
10
193.511111111112
20
72.319574015465
30
0
0
VERTEX
8
0
10
194.133333333334
20
72.4407596534231
30
0
0
VERTEX
8
0
10
194.755555555557
20
72.5628818780118
30
0
0
VERTEX
8
0
10
195.377777777779
20
72.68592770386
30
0
0
VERTEX
8
0
10
196.000000000001
20
72.809874568275
30
0
0
VERTEX
8
0
10
196.622222222223
20
72.9346900146683
30
0
0
VERTEX
8
0
10
197.244444444446
20
73.0603314117991
30
0
0
VERTEX
8
0
10
197.866666666668
20
73.186745705908
30
0
0
VERTEX
8
0
10
198.48888888889
20
73.3138692186508
30
0
0
VERTEX
8
0
10
199.111111111112
20
73.4416274866101
30
0
0
VERTEX
8
0
10
199.733333333334
20
73.5699351500575
30
0
0
VERTEX
8
0
10
200.355555555557
20
73.6986958955953
30
0
0
VERTEX
8
0
10
200.977777777779
20
73.8278024541158
30
0
0
VERTEX
8
0
10
201.600000000001
20
73.9571366604536
30
0
0
VERTEX
8
0
10
202.222222222223
20
74.0865695780695
30
0
0
VERTEX
8
0
10
202.844444444446
20
74.2159616949918
30
0
0
VERTEX
8
0
10
203.466666666668
20
74.3451631921215
30
0
0
VERTEX
8
0
10
204.08888888889
20
74.4740142946863
30
0
0
VERTEX
8
0
10
204.711111111112
20
74.6023457034449
30
0
0
VERTEX
8
0
10
205.333333333335
20
74.7299791221726
30
0
0
VERTEX
8
0
10
205.955555555557
20
74.8567278756
30
0
0
VERTEX
8
0
10
206.577777777779
20
74.9823976313123
30
0
0
VERTEX
8
0
10
207.200000000001
20
75.1067872302589
30
0
0
VERTEX
8
0
10
207.822222222224
20
75.2296896290558
30
0
0
VERTEX
8
0
10
208.444444444446
20
75.3508929675215
30
0
0
VERTEX
8
0
10
209.066666666668
20
75.4701817622527
30
0
0
VERTEX
8
0
10
209.68888888889
20
75.5873382364499
30
0
0
VERTEX
8
0
10
210.311111111112
20
75.7021438000691
30
0
0
VERTEX
8
0
10
210.933333333335
20
75.8143806781002
30
0
0
VERTEX
8
0
10
211.555555555557
20
75.9238337073957
30
0
0
VERTEX
8
0
10
212.177777777779
20
76.0302923062421
30
0
0
VERTEX
8
0
10
212.800000000001
20
76.1335526310183
30
0
0
VERTEX
8
0
10
213.422222222224
20
76.2334199283723
30
0
0
VERTEX
8
0
10
214.044444444446
20
76.3297111000403
30
0
0
VERTEX
8
0
10
214.666666666668
20
76.4222574901769
30
0
0
VERTEX
8
0
10
215.28888888889
20
76.5109079122876
30
0
0
VERTEX
8
0
10
215.911111111112
20
76.5955319284955
30
0
0
VERTEX
8
0
10
216.533333333335
20
76.6760234003029
30
0
0
VERTEX
8
0
10
217.155555555557
20
76.7523043257246
30
0
0
VERTEX
8
0
10
217.777777777779
20
76.8243289803537
30
0
0
VERTEX
8
0
10
218.400000000001
20
76.8920883846247
30
0
0
VERTEX
8
0
10
219.022222222224
20
76.9556151107472
30
0
0
VERTEX
8
0
10
219.644444444446
20
77.0149884520606
30
0
0
VERTEX
8
0
10
220.266666666668
20
77.0703399754267
30
0
0
VERTEX
8
0
10
220.88888888889
20
77.1218594728339
30
0
0
VERTEX
8
0
10
221.511111111113
20
77.1698013330641
30
0
0
VERTEX
8
0
10
222.133333333335
20
77.2144913483701
30
0
0
VERTEX
8
0
10
222.755555555557
20
77.2563339755376
30
0
0
VERTEX
8
0
10
223.377777777779
20
77.2958200601923
30
0
0
VERTEX
8
0
10
224.000000000002
20
77.3335350339219
30
0
0
VERTEX
8
0
10
224.622222222224
20
77.3701675906797
30
0
0
VERTEX
8
0
10
225.244444444446
20
77.4065188373843
30
0
0
VERTEX
8
0
10
225.866666666668
20
77.4435119082167
30
0
0
VERTEX
8
0
10
226.48888888889
20
77.4822020238079
30
0
0
VERTEX
8
0
10
227.111111111113
20
77.5237869620452
30
0
0
VERTEX
8
0
10
227.733333333335
20
77.5696178935609
30
0
0
VERTEX
8
0
10
228.355555555557
20
77.62121051322
30
0
0
VERTEX
8
0
10
228.977777777779
20
77.6802563921321
30
0
0
VERTEX
8
0
10
229.600000000002
20
77.7486344321013
30
0
0
VERTEX
8
0
10
230.222222222224
20
77.8284222990203
30
0
0
VERTEX
8
0
10
230.844444444446
20
77.9219076584608
30
0
0
VERTEX
8
0
10
231.466666666668
20
78.0315990411447
30
0
0
VERTEX
8
0
10
232.088888888891
20
78.1602360833677
30
0
0
VERTEX
8
0
10
232.711111111113
20
78.3107989106795
30
0
0
VERTEX
8
0
10
233.333333333335
20
78.4865163444797
30
0
0
VERTEX
8
0
10
233.955555555557
20
78.6908726258172
30
0
0
VERTEX
8
0
10
234.577777777779
20
78.9276122896073
30
0
0
VERTEX
8
0
10
235.200000000002
20
79.2007428323834
30
0
0
VERTEX
8
0
10
235.822222222224
20
79.5145347799405
30
0
0
VERTEX
8
0
10
236.444444444446
20
79.8735187919389
30
0
0
SEQEND
8
0
0
POLYLINE
8
0
62
3
70
0
10
0
20
0
30
0
0
VERTEX
8
0
10
7.46666666666667
20
0
30
0
0
VERTEX
8
0
10
8.08888888888889
20
0
30
0
0
VERTEX
8
0
10
8.71111111111111
20
0
30
0
0
VERTEX
8
0
10
9.33333333333334
20
0
30
0
0
VERTEX
8
0
10
9.95555555555556
20
0
30
0
0
VERTEX
8
0
10
10.5777777777778
20
0
30
0
0
VERTEX
8
0
10
11.2
20
0
30
0
0
VERTEX
8
0
10
11.8222222222222
20
0
30
0
0
VERTEX
8
0
10
12.4444444444444
20
0
30
0
0
VERTEX
8
0
10
13.0666666666667
20
0
30
0
0
VERTEX
8
0
10
13.6888888888889
20
0
30
0
0
VERTEX
8
0
10
14.3111111111111
20
0
30
0
0
VERTEX
8
0
10
14.9333333333333
20
0
30
0
0
VERTEX
8
0
10
15.5555555555556
20
0
30
0
0
VERTEX
8
0
10
16.1777777777778
20
0
30
0
0
VERTEX
8
0
10
16.8
20
0
30
0
0
VERTEX
8
0
10
17.4222222222222
20
0
30
0
0
VERTEX
8
0
10
18.0444444444445
20
0
30
0
0
VERTEX
8
0
10
18.6666666666667
20
0
30
0
0
VERTEX
8
0
10
19.2888888888889
20
0
30
0
0
VERTEX
8
0
10
19.9111111111111
20
0
30
0
0
VERTEX
8
0
10
20.5333333333333
20
0
30
0
0
VERTEX
8
0
10
21.1555555555556
20
0
30
0
0
VERTEX
8
0
10
21.7777777777778
20
0
30
0
0
VERTEX
8
0
10
22.4
20
0
30
0
0
VERTEX
8
0
10
23.0222222222222
20
0
30
0
0
VERTEX
8
0
10
23.6444444444445
20
0
30
0
0
VERTEX
8
0
10
24.2666666666667
20
0
30
0
0
VERTEX
8
0
10
24.8888888888889
20
0
30
0
0
VERTEX
8
0
10
25.5111111111111
20
0
30
0
0
VERTEX
8
0
10
26.1333333333333
20
0
30
0
0
VERTEX
8
0
10
26.7555555555556
20
0
30
0
0
VERTEX
8
0
10
27.3777777777778
20
0
30
0
0
VERTEX
8
0
10
28
20
0
30
0
0
VERTEX
8
0
10
28.6222222222222
20
0
30
0
0
VERTEX
8
0
10
29.2444444444444
20
0
30
0
0
VERTEX
8
0
10
29.8666666666667
20
0
30
0
0
VERTEX
8
0
10
30.4888888888889
20
0
30
0
0
VERTEX
8
0
10
31.1111111111111
20
0
30
0
0
VERTEX
8
0
10
31.7333333333333
20
0
30
0
0
VERTEX
8
0
10
32.3555555555555
20
13.0956899537386
30
0
0
VERTEX
8
0
10
32.9777777777778
20
13.1316952449032
30
0
0
VERTEX
8
0
10
33.6
20
13.4133661228092
30
0
0
VERTEX
8
0
10
34.2222222222222
20
13.7857163712044
30
0
0
VERTEX
8
0
10
34.8444444444444
20
14.2035204112846
30
0
0
VERTEX
8
0
10
35.4666666666666
20
14.590750483034
30
0
0
VERTEX
8
0
10
36.0888888888889
20
14.9937849118514
30
0
0
VERTEX
8
0
10
36.7111111111111
20
15.4070199307567
30
0
0
VERTEX
8
0
10
37.3333333333333
20
15.8270805191294
30
0
0
VERTEX
8
0
10
37.9555555555555
20
16.2518319178375
30
0
0
VERTEX
8
0
10
38.5777777777777
20
16.6798749955317
30
0
0
VERTEX
8
0
10
39.2
20
17.1102686827559
30
0
0
VERTEX
8
0
10
39.8222222222222
20
17.5423682336846
30
0
0
VERTEX
8
0
10
40.4444444444444
20
17.9757265294675
30
0
0
VERTEX
8
0
10
41.0666666666666
20
18.4100315253232
30
0
0
VERTEX
8
0
10
41.6888888888888
20
18.8450653253085
30
0
0
VERTEX
8
0
10
42.3111111111111
20
19.2806766711123
30
0
0
VERTEX
8
0
10
42.9333333333333
20
19.7167620089642
30
0
0
VERTEX
8
0
10
43.5555555555555
20
20.1532521894331
30
0
0
VERTEX
8
0
10
44.1777777777777
20
20.590102953288
30
0
0
VERTEX
8
0
10
44.7999999999999
20
21.0272880155636
30
0
0
VERTEX
8
0
10
45.4222222222222
20
21.4647939665996
30
0
0
VERTEX
8
0
10
46.0444444444444
20
21.9026164660145
30
0
0
VERTEX
8
0
10
46.6666666666666
20
22.3407573718772
30
0
0
VERTEX
8
0
10
47.2888888888888
20
22.7792225569736
30
0
0
VERTEX
8
0
10
47.911111111111
20
23.1548140466204
30
0
0
VERTEX
8
0
10
48.5333333333333
20
23.5302254050544
30
0
0
VERTEX
8
0
10
49.1555555555555
20
23.9054810428976
30
0
0
VERTEX
8
0
10
49.7777777777777
20
24.280603797551
30
0
0
VERTEX
8
0
10
50.3999999999999
20
24.7198352075824
30
0
0
VERTEX
8
0
10
51.0222222222221
20
25.1594571953466
30
0
0
VERTEX
8
0
10
51.6444444444444
20
25.5994728562368
30
0
0
VERTEX
8
0
10
52.2666666666666
20
26.0398831805132
30
0
0
VERTEX
8
0
10
52.8888888888888
20
26.415522211928
30
0
0
VERTEX
8
0
10
53.511111111111
20
26.7910987445558
30
0
0
VERTEX
8
0
10
54.1333333333332
20
27.1666179386052
30
0
0
VERTEX
8
0
10
54.7555555555555
20
27.5420822911871
30
0
0
VERTEX
8
0
10
55.3777777777777
20
27.983539859639
30
0
0
VERTEX
8
0
10
55.9999999999999
20
28.4253646702345
30
0
0
VERTEX
8
0
10
56.6222222222221
20
28.8675424267837
30
0
0
VERTEX
8
0
10
57.2444444444443
20
29.3100572061357
30
0
0
VERTEX
8
0
10
57.8666666666666
20
29.7528916528209
30
0
0
VERTEX
8
0
10
58.4888888888888
20
30.1960271870512
30
0
0
VERTEX
8
0
10
59.111111111111
20
30.6394442218284
30
0
0
VERTEX
8
0
10
59.7333333333332
20
31.0831223852159
30
0
0
VERTEX
8
0
10
60.3555555555554
20
31.5270407441445
30
0
0
VERTEX
8
0
10
60.9777777777777
20
31.9711780264291
30
0
0
VERTEX
8
0
10
61.5999999999999
20
32.4155128379888
30
0
0
VERTEX
8
0
10
62.2222222222221
20
32.8600238725948
30
0
0
VERTEX
8
0
10
62.8444444444443
20
33.3046901117951
30
0
0
VERTEX
8
0
10
63.4666666666665
20
33.7494910130131
30
0
0
VERTEX
8
0
10
64.0888888888888
20
34.1944066841564
30
0
0
VERTEX
8
0
10
64.711111111111
20
34.6394180434044
30
0
0
VERTEX
8
0
10
65.3333333333332
20
35.0154225477695
30
0
0
VERTEX
8
0
10
65.9555555555554
20
35.3911546831433
30
0
0
VERTEX
8
0
10
66.5777777777776
20
35.7666060886946
30
0
0
VERTEX
8
0
10
67.1999999999999
20
36.1417695240639
30
0
0
VERTEX
8
0
10
67.8222222222221
20
36.5166389415999
30
0
0
VERTEX
8
0
10
68.4444444444443
20
36.8912095417991
30
0
0
VERTEX
8
0
10
69.0666666666665
20
37.2654778127781
30
0
0
VERTEX
8
0
10
69.6888888888887
20
37.6394415547552
30
0
0
VERTEX
8
0
10
70.311111111111
20
37.9779256873599
30
0
0
VERTEX
8
0
10
70.9333333333332
20
38.3159571806856
30
0
0
VERTEX
8
0
10
71.5555555555554
20
38.6535409922499
30
0
0
VERTEX
8
0
10
72.1777777777776
20
38.9906832638247
30
0
0
VERTEX
8
0
10
72.7999999999998
20
39.3628545271699
30
0
0
VERTEX
8
0
10
73.4222222222221
20
39.7347393617779
30
0
0
VERTEX
8
0
10
74.0444444444443
20
40.1063443181016
30
0
0
VERTEX
8
0
10
74.6666666666665
20
40.4776770540006
30
0
0
VERTEX
8
0
10
75.2888888888887
20
40.8130098989048
30
0
0
VERTEX
8
0
10
75.9111111111109
20
41.1479569419882
30
0
0
VERTEX
8
0
10
76.5333333333332
20
41.4825313989227
30
0
0
VERTEX
8
0
10
77.1555555555554
20
41.8167472413188
30
0
0
VERTEX
8
0
10
77.7777777777776
20
42.150619130761
30
0
0
VERTEX
8
0
10
78.3999999999998
20
42.4841623527236
30
0
0
VERTEX
8
0
10
79.022222222222
20
42.817392750861
30
0
0
VERTEX
8
0
10
79.6444444444443
20
43.1503266621179
30
0
0
VERTEX
8
0
10
80.2666666666665
20
43.3742560782903
30
0
0
VERTEX
8
0
10
80.8888888888887
20
43.5975640599701
30
0
0
VERTEX
8
0
10
81.5111111111109
20
43.8202739753511
30
0
0
VERTEX
8
0
10
82.1333333333331
20
44.0424091469363
30
0
0
VERTEX
8
0
10
82.7555555555554
20
44.2639928005671
30
0
0
VERTEX
8
0
10
83.3777777777776
20
44.4850480168793
30
0
0
VERTEX
8
0
10
83.9999999999998
20
44.7055976851389
30
0
0
VERTEX
8
0
10
84.622222222222
20
44.9256644593448
30
0
0
VERTEX
8
0
10
85.2444444444442
20
45.1452707164783
30
0
0
VERTEX
8
0
10
85.8666666666665
20
45.3644385167392
30
0
0
VERTEX
8
0
10
86.4888888888887
20
45.5831895656142
30
0
0
VERTEX
8
0
10
87.1111111111109
20
45.8015451776344
30
0
0
VERTEX
8
0
10
87.7333333333331
20
45.9826052698506
30
0
0
VERTEX
8
0
10
88.3555555555553
20
46.1632044141649
30
0
0
VERTEX
8
0
10
88.9777777777776
20
46.3433637424867
30
0
0
VERTEX
8
0
10
89.5999999999998
20
46.5231037921831
30
0
0
VERTEX
8
0
10
90.222222222222
20
46.7024444789641
30
0
0
VERTEX
8
0
10
90.8444444444442
20
46.8814050705446
30
0
0
VERTEX
8
0
10
91.4666666666664
20
47.0600041610235
30
0
0
VERTEX
8
0
10
92.0888888888887
20
47.2382596457945
30
0
0
VERTEX
8
0
10
92.7111111111109
20
47.3788505896021
30
0
0
VERTEX
8
0
10
93.3333333333331
20
47.519030131072
30
0
0
VERTEX
8
0
10
93.9555555555553
20
47.6588147435881
30
0
0
VERTEX
8
0
10
94.5777777777775
20
47.7982200563992
30
0
0
VERTEX
8
0
10
95.1999999999998
20
47.9748001388416
30
0
0
VERTEX
8
0
10
95.822222222222
20
48.151128920836
30
0
0
VERTEX
8
0
10
96.4444444444442
20
48.3272187004288
30
0
0
VERTEX
8
0
10
97.0666666666664
20
48.5030808944771
30
0
0
VERTEX
8
0
10
97.6888888888886
20
48.6787260174359
30
0
0
VERTEX
8
0
10
98.3111111111109
20
48.8541636608655
30
0
0
VERTEX
8
0
10
98.9333333333331
20
49.0294024736638
30
0
0
VERTEX
8
0
10
99.5555555555553
20
49.2044501432254
30
0
0
VERTEX
8
0
10
100.177777777778
20
49.3413825926725
30
0
0
VERTEX
8
0
10
100.8
20
49.4780401826412
30
0
0
VERTEX
8
0
10
101.422222222222
20
49.6144281398482
30
0
0
VERTEX
8
0
10
102.044444444444
20
49.7505506542321
30
0
0
VERTEX
8
0
10
102.666666666666
20
49.9626549081777
30
0
0
VERTEX
8
0
10
103.288888888889
20
50.1746884903947
30
0
0
VERTEX
8
0
10
103.911111111111
20
50.3866514351665
30
0
0
VERTEX
8
0
10
104.533333333333
20
50.5985427204452
30
0
0
VERTEX
8
0
10
105.155555555555
20
50.8103602614204
30
0
0
VERTEX
8
0
10
105.777777777778
20
51.0221009070139
30
0
0
VERTEX
8
0
10
106.4
20
51.2337604395238
30
0
0
VERTEX
8
0
10
107.022222222222
20
51.4453335777033
30
0
0
VERTEX
8
0
10
107.644444444444
20
51.6568139833917
30
0
0
VERTEX
8
0
10
108.266666666667
20
51.8681942720221
30
0
0
VERTEX
8
0
10
108.888888888889
20
52.0794660271571
30
0
0
VERTEX
8
0
10
109.511111111111
20
52.2906198191593
30
0
0
VERTEX
8
0
10
110.133333333333
20
52.5016452283426
30
0
0
VERTEX
8
0
10
110.755555555555
20
52.712530872556
30
0
0
VERTEX
8
0
10
111.377777777778
20
52.9232644394144
30
0
0
VERTEX
8
0
10
112
20
53.1338327232746
30
0
0
VERTEX
8
0
10
112.622222222222
20
53.3442216669389
30
0
0
VERTEX
8
0
10
113.244444444444
20
53.5544164081866
30
0
0
VERTEX
8
0
10
113.866666666667
20
53.7644013310866
30
0
0
VERTEX
8
0
10
114.488888888889
20
53.9741601219795
30
0
0
VERTEX
8
0
10
115.111111111111
20
54.1056078228086
30
0
0
VERTEX
8
0
10
115.733333333333
20
54.2366222156043
30
0
0
VERTEX
8
0
10
116.355555555556
20
54.3671870695086
30
0
0
VERTEX
8
0
10
116.977777777778
20
54.4972858160512
30
0
0
VERTEX
8
0
10
117.6
20
54.705311361653
30
0
0
VERTEX
8
0
10
118.222222222222
20
54.9130046115531
30
0
0
VERTEX
8
0
10
118.844444444444
20
55.1203463972918
30
0
0
VERTEX
8
0
10
119.466666666667
20
55.3273174510525
30
0
0
VERTEX
8
0
10
120.088888888889
20
55.5338984945323
30
0
0
VERTEX
8
0
10
120.711111111111
20
55.7400703298863
30
0
0
VERTEX
8
0
10
121.333333333333
20
55.9458139321125
30
0
0
VERTEX
8
0
10
121.955555555556
20
56.1511105423333
30
0
0
VERTEX
8
0
10
122.577777777778
20
56.3559417615428
30
0
0
VERTEX
8
0
10
123.2
20
56.5602896442208
30
0
0
VERTEX
8
0
10
123.822222222222
20
56.7641367912161
30
0
0
VERTEX
8
0
10
124.444444444445
20
56.9674664414094
30
0
0
VERTEX
8
0
10
125.066666666667
20
57.0908973643872
30
0
0
VERTEX
8
0
10
125.688888888889
20
57.2136312726875
30
0
0
VERTEX
8
0
10
126.311111111111
20
57.3356566200642
30
0
0
VERTEX
8
0
10
126.933333333333
20
57.4569628900622
30
0
0
VERTEX
8
0
10
127.555555555556
20
57.57754066494
30
0
0
VERTEX
8
0
10
128.177777777778
20
57.6973816896862
30
0
0
VERTEX
8
0
10
128.8
20
57.8164789305704
30
0
0
VERTEX
8
0
10
129.422222222222
20
57.9348266278987
30
0
0
VERTEX
8
0
10
130.044444444445
20
58.0524203427106
30
0
0
VERTEX
8
0
10
130.666666666667
20
58.1692569971791
30
0
0
VERTEX
8
0
10
131.288888888889
20
58.2853349082251
30
0
0
VERTEX
8
0
10
131.911111111111
20
58.4006538145788
30
0
0
VERTEX
8
0
10
132.533333333334
20
58.5954068274032
30
0
0
VERTEX
8
0
10
133.155555555556
20
58.7895298725031
30
0
0
VERTEX
8
0
10
133.777777777778
20
58.9830241825646
30
0
0
VERTEX
8
0
10
134.4
20
59.1758924905179
30
0
0
VERTEX
8
0
10
135.022222222222
20
59.2877023468491
30
0
0
VERTEX
8
0
10
135.644444444445
20
59.3987784525087
30
0
0
VERTEX
8
0
10
136.266666666667
20
59.509130737876
30
0
0
VERTEX
8
0
10
136.888888888889
20
59.6187705321563
30
0
0
VERTEX
8
0
10
137.511111111111
20
59.7680439140073
30
0
0
VERTEX
8
0
10
138.133333333334
20
59.9166868766572
30
0
0
VERTEX
8
0
10
138.755555555556
20
60.0647134895317
30
0
0
VERTEX
8
0
10
139.377777777778
20
60.2121391040006
30
0
0
VERTEX
8
0
10
140
20
60.3589803035424
30
0
0
VERTEX
8
0
10
140.622222222223
20
60.5052548492739
30
0
0
VERTEX
8
0
10
141.244444444445
20
60.6509816215333
30
0
0
VERTEX
8
0
10
141.866666666667
20
60.7961805575743
30
0
0
VERTEX
8
0
10
142.488888888889
20
60.9814165807652
30
0
0
VERTEX
8
0
10
143.111111111111
20
61.1662170639889
30
0
0
VERTEX
8
0
10
143.733333333334
20
61.3506038191535
30
0
0
VERTEX
8
0
10
144.355555555556
20
61.5345995041984
30
0
0
VERTEX
8
0
10
144.977777777778
20
61.6369449330017
30
0
0
VERTEX
8
0
10
145.6
20
61.7388521738456
30
0
0
VERTEX
8
0
10
146.222222222223
20
61.8403473514991
30
0
0
VERTEX
8
0
10
146.844444444445
20
61.9414569937209
30
0
0
VERTEX
8
0
10
147.466666666667
20
62.1644120027711
30
0
0
VERTEX
8
0
10
148.088888888889
20
62.3871725872726
30
0
0
VERTEX
8
0
10
148.711111111112
20
62.6097645916576
30
0
0
VERTEX
8
0
10
149.333333333334
20
62.8322141623518
30
0
0
VERTEX
8
0
10
149.955555555556
20
63.0545476688909
30
0
0
VERTEX
8
0
10
150.577777777778
20
63.2767916241494
30
0
0
VERTEX
8
0
10
151.2
20
63.4989726051538
30
0
0
VERTEX
8
0
10
151.822222222223
20
63.7211171738472
30
0
0
VERTEX
8
0
10
152.444444444445
20
63.9023376349989
30
0
0
VERTEX
8
0
10
153.066666666667
20
64.0835302480434
30
0
0
VERTEX
8
0
10
153.688888888889
20
64.2647211075001
30
0
0
VERTEX
8
0
10
154.311111111112
20
64.4459359111965
30
0
0
VERTEX
8
0
10
154.933333333334
20
64.6682023930781
30
0
0
VERTEX
8
0
10
155.555555555556
20
64.8905869585752
30
0
0
VERTEX
8
0
10
156.177777777778
20
65.1131137858112
30
0
0
VERTEX
8
0
10
156.800000000001
20
65.3358064068984
30
0
0
VERTEX
8
0
10
157.422222222223
20
65.5586876278963
30
0
0
VERTEX
8
0
10
158.044444444445
20
65.7817794500874
30
0
0
VERTEX
8
0
10
158.666666666667
20
66.0051029894905
30
0
0
VERTEX
8
0
10
159.288888888889
20
66.2286783969013
30
0
0
VERTEX
8
0
10
159.911111111112
20
66.3289804890415
30
0
0
VERTEX
8
0
10
160.533333333334
20
66.4294345856395
30
0
0
VERTEX
8
0
10
161.155555555556
20
66.5300562254101
30
0
0
VERTEX
8
0
10
161.777777777778
20
66.6308595586349
30
0
0
VERTEX
8
0
10
162.400000000001
20
66.7318572780602
30
0
0
VERTEX
8
0
10
163.022222222223
20
66.8330605499056
30
0
0
VERTEX
8
0
10
163.644444444445
20
66.9344789448281
30
0
0
VERTEX
8
0
10
164.266666666667
20
67.036120370338
30
0
0
VERTEX
8
0
10
164.88888888889
20
67.2207274638803
30
0
0
VERTEX
8
0
10
165.511111111112
20
67.4056644921497
30
0
0
VERTEX
8
0
10
166.133333333334
20
67.5909350059678
30
0
0
VERTEX
8
0
10
166.755555555556
20
67.776540623949
30
0
0
VERTEX
8
0
10
167.377777777778
20
67.8795497253507
30
0
0
VERTEX
8
0
10
168.000000000001
20
67.9827919843216
30
0
0
VERTEX
8
0
10
168.622222222223
20
68.0862617961588
30
0
0
VERTEX
8
0
10
169.244444444445
20
68.1899513790689
30
0
0
VERTEX
8
0
10
169.866666666667
20
68.2938507234585
30
0
0
VERTEX
8
0
10
170.48888888889
20
68.3979475446982
30
0
0
VERTEX
8
0
10
171.111111111112
20
68.5022272413422
30
0
0
VERTEX
8
0
10
171.733333333334
20
68.6066728599449
30
0
0
VERTEX
8
0
10
172.355555555556
20
68.6279291059842
30
0
0
VERTEX
8
0
10
172.977777777779
20
68.6492067872237
30
0
0
VERTEX
8
0
10
173.600000000001
20
68.6704812631163
30
0
0
VERTEX
8
0
10
174.222222222223
20
68.6917256106233
30
0
0
VERTEX
8
0
10
174.844444444445
20
68.7964542889706
30
0
0
VERTEX
8
0
10
175.466666666667
20
68.9011965587106
30
0
0
VERTEX
8
0
10
176.08888888889
20
69.0059188824596
30
0
0
VERTEX
8
0
10
176.711111111112
20
69.1105854330351
30
0
0
VERTEX
8
0
10
177.333333333334
20
69.1314059865447
30
0
0
VERTEX
8
0
10
177.955555555556
20
69.1519886351711
30
0
0
VERTEX
8
0
10
178.577777777779
20
69.1722916610743
30
0
0
VERTEX
8
0
10
179.200000000001
20
69.19227163156
30
0
0
VERTEX
8
0
10
179.822222222223
20
69.2958422154212
30
0
0
VERTEX
8
0
10
180.444444444445
20
69.3991001602597
30
0
0
VERTEX
8
0
10
181.066666666668
20
69.5019966401614
30
0
0
VERTEX
8
0
10
181.68888888889
20
69.6044815743962
30
0
0
VERTEX
8
0
10
182.311111111112
20
69.6223441546764
30
0
0
VERTEX
8
0
10
182.933333333334
20
69.6395942506275
30
0
0
VERTEX
8
0
10
183.555555555556
20
69.656181345447
30
0
0
VERTEX
8
0
10
184.177777777779
20
69.6720549184989
30
0
0
VERTEX
8
0
10
184.800000000001
20
69.771516137942
30
0
0
VERTEX
8
0
10
185.422222222223
20
69.8702560168298
30
0
0
VERTEX
8
0
10
186.044444444445
20
69.9682232282719
30
0
0
VERTEX
8
0
10
186.666666666668
20
70.0653675069282
30
0
0
VERTEX
8
0
10
187.28888888889
20
70.1193750949707
30
0
0
VERTEX
8
0
10
187.911111111112
20
70.1724217860855
30
0
0
VERTEX
8
0
10
188.533333333334
20
70.2244644226609
30
0
0
VERTEX
8
0
10
189.155555555557
20
70.2754625411015
30
0
0
VERTEX
8
0
10
189.777777777779
20
70.3253787646401
30
0
0
VERTEX
8
0
10
190.400000000001
20
70.3741791922909
30
0
0
VERTEX
8
0
10
191.022222222223
20
70.4218337867483
30
0
0
VERTEX
8
0
10
191.644444444445
20
70.4683167528716
30
0
0
VERTEX
8
0
10
192.266666666668
20
70.5560234783446
30
0
0
VERTEX
8
0
10
192.88888888889
20
70.6425532701119
30
0
0
VERTEX
8
0
10
193.511111111112
20
70.7278931477656
30
0
0
VERTEX
8
0
10
194.133333333334
20
70.8120357268639
30
0
0
VERTEX
8
0
10
194.755555555557
20
70.9799328730896
30
0
0
VERTEX
8
0
10
195.377777777779
20
71.1466891840913
30
0
0
VERTEX
8
0
10
196.000000000001
20
71.312311726362
30
0
0
VERTEX
8
0
10
196.622222222223
20
71.4768142912874
30
0
0
VERTEX
8
0
10
197.244444444446
20
71.5551657080507
30
0
0
VERTEX
8
0
10
197.866666666668
20
71.6324028870267
30
0
0
VERTEX
8
0
10
198.48888888889
20
71.7085645404193
30
0
0
VERTEX
8
0
10
199.111111111112
20
71.7836965061883
30
0
0
VERTEX
8
0
10
199.733333333334
20
71.8578517629878
30
0
0
VERTEX
8
0
10
200.355555555557
20
71.9310904004035
30
0
0
VERTEX
8
0
10
200.977777777779
20
72.0034795486855
30
0
0
VERTEX
8
0
10
201.600000000001
20
72.0750932657068
30
0
0
VERTEX
8
0
10
202.222222222223
20
72.2312057926737
30
0
0
VERTEX
8
0
10
202.844444444446
20
72.3867388493382
30
0
0
VERTEX
8
0
10
203.466666666668
20
72.5417846241188
30
0
0
VERTEX
8
0
10
204.08888888889
20
72.6964418517935
30
0
0
VERTEX
8
0
10
204.711111111112
20
72.765569332736
30
0
0
VERTEX
8
0
10
205.333333333335
20
72.834499211667
30
0
0
VERTEX
8
0
10
205.955555555557
20
72.9033480835285
30
0
0
VERTEX
8
0
10
206.577777777779
20
72.9722371878756
30
0
0
VERTEX
8
0
10
207.200000000001
20
73.1265886970055
30
0
0
VERTEX
8
0
10
207.822222222224
20
73.2812616624323
30
0
0
VERTEX
8
0
10
208.444444444446
20
73.4363901336772
30
0
0
VERTEX
8
0
10
209.066666666668
20
73.5921113865178
30
0
0
VERTEX
8
0
10
209.68888888889
20
73.7058882509345
30
0
0
VERTEX
8
0
10
210.311111111112
20
73.8205230781365
30
0
0
VERTEX
8
0
10
210.933333333335
20
73.9361571471491
30
0
0
VERTEX
8
0
10
211.555555555557
20
74.052931843831
30
0
0
VERTEX
8
0
10
212.177777777779
20
74.1709877734033
30
0
0
VERTEX
8
0
10
212.800000000001
20
74.2904637642701
30
0
0
VERTEX
8
0
10
213.422222222224
20
74.4114957565652
30
0
0
VERTEX
8
0
10
214.044444444446
20
74.5342155430124
30
0
0
VERTEX
8
0
10
214.666666666668
20
74.7015139567409
30
0
0
VERTEX
8
0
10
215.28888888889
20
74.8707758849175
30
0
0
VERTEX
8
0
10
215.911111111112
20
75.0421148238756
30
0
0
VERTEX
8
0
10
216.533333333335
20
75.2156332979433
30
0
0
VERTEX
8
0
10
217.155555555557
20
75.3057547890353
30
0
0
VERTEX
8
0
10
217.777777777779
20
75.3981368229304
30
0
0
VERTEX
8
0
10
218.400000000001
20
75.4928246156945
30
0
0
VERTEX
8
0
10
219.022222222224
20
75.5898399461795
30
0
0
VERTEX
8
0
10
219.644444444446
20
75.7750201695221
30
0
0
VERTEX
8
0
10
220.266666666668
20
75.9625859172136
30
0
0
VERTEX
8
0
10
220.88888888889
20
76.1524688110388
30
0
0
VERTEX
8
0
10
221.511111111113
20
76.3445560621414
30
0
0
VERTEX
8
0
10
222.133333333335
20
76.4526217169357
30
0
0
VERTEX
8
0
10
222.755555555557
20
76.562383594165
30
0
0
VERTEX
8
0
10
223.377777777779
20
76.6735447500174
30
0
0
VERTEX
8
0
10
224.000000000002
20
76.7857318846749
30
0
0
VERTEX
8
0
10
224.622222222224
20
76.9847944746645
30
0
0
VERTEX
8
0
10
225.244444444446
20
77.1839934393141
30
0
0
VERTEX
8
0
10
225.866666666668
20
77.3826620092575
30
0
0
VERTEX
8
0
10
226.48888888889
20
77.5800109002452
30
0
0
VERTEX
8
0
10
227.111111111113
20
77.6885625195202
30
0
0
VERTEX
8
0
10
227.733333333335
20
77.7936944419093
30
0
0
VERTEX
8
0
10
228.355555555557
20
77.8942010207896
30
0
0
VERTEX
8
0
10
228.977777777779
20
77.9887230819134
30
0
0
VERTEX
8
0
10
229.600000000002
20
78.1624819367356
30
0
0
VERTEX
8
0
10
230.222222222224
20
78.3271253491202
30
0
0
VERTEX
8
0
10
230.844444444446
20
78.4808109634774
30
0
0
VERTEX
8
0
10
231.466666666668
20
78.6215663411281
30
0
0
VERTEX
8
0
10
232.088888888891
20
78.6605658863502
30
0
0
VERTEX
8
0
10
232.711111111113
20
78.6824995404681
30
0
0
VERTEX
8
0
10
233.333333333335
20
78.6852849135788
30
0
0
VERTEX
8
0
10
233.955555555557
20
78.6669040768052
30
0
0
VERTEX
8
0
10
234.577777777779
20
78.7119482645606
30
0
0
VERTEX
8
0
10
235.200000000002
20
78.7320314917318
30
0
0
VERTEX
8
0
10
235.822222222224
20
78.7257358200266
30
0
0
VERTEX
8
0
10
236.444444444446
20
78.6920500377095
30
0
0
SEQEND
8
0
0
ENDSEC
0
EOF
